trajectory_index,u,v,x,y,z
0,48.906169106499,-22.37849143404,10.978597438294969,-14.715285114473934,0.05410603570687078
1,48.90390535485038,-21.694422827104425,11.615130418647688,-14.222045765574519,-0.1870344106606372
2,48.90164160320176,-21.01035422016885,12.235819328986207,-13.725411583288125,-0.4212139961439634
3,48.89937785155313,-20.326285613233274,12.67895689760776,-13.261838901200132,-0.5890133038973615
4,48.89711409990451,-19.6422170062977,13.168188911944588,-12.785655437408794,-0.778361687852213
5,48.89485034825589,-18.958148399362123,13.595721880935878,-12.318324493052618,-0.941028744420926
6,48.89258659660727,-18.274079792426548,14.008140432046972,-11.834684816497914,-1.0916791492452176
7,48.89032284495865,-17.590011185490972,14.391337875232583,-11.37550364512019,-1.2385810632616705
8,48.888059093310034,-16.905942578555397,14.743124134178954,-10.920665866438062,-1.3766846937569148
9,48.88579534166141,-16.22187397161982,15.082015797319926,-10.462789247768823,-1.5087807457899118
10,48.88353159001279,-15.537805364684242,15.371634816982995,-10.018628607320139,-1.6299073653162774
11,48.88126783836417,-14.853736757748669,15.633652111066008,-9.580639817814568,-1.7427559081428288
12,48.87900408671555,-14.169668150813092,15.891453196409104,-9.136850254804601,-1.8453503331911787
13,48.87674033506693,-13.485599543877518,16.115606061839912,-8.69857314721696,-1.9450994685489662
14,48.8744765834183,-12.80153093694194,16.33456112608818,-8.257129683349085,-2.0405393849003532
15,48.87221283176968,-12.117462330006365,16.548793117780846,-7.805375244171604,-2.133338242865108
16,48.86994908012106,-11.43339372307079,16.74244981643697,-7.376805395700541,-2.2051858363699126
17,48.86768532847244,-10.749325116135214,16.937999465230245,-6.932767801607411,-2.295910602453725
18,48.86542157682382,-10.065256509199639,17.127630073738896,-6.493280596759288,-2.3749251138279064
19,48.8631578251752,-9.381187902264061,17.291553470041293,-6.052251796159731,-2.4365934265448566
20,48.86089407352657,-8.697119295328486,17.42842137276749,-5.620246346035583,-2.493888565069373
21,48.85863032187795,-8.013050688392912,17.576508088571792,-5.183648086117346,-2.5510733352416124
22,48.85636657022933,-7.328982081457337,17.707990400621107,-4.754713396391712,-2.60567817381079
23,48.854102818580714,-6.6449134745217595,17.81690618830012,-4.329233955058467,-2.657680640392365
24,48.851839066932094,-5.960844867586182,17.930603135576106,-3.9012954696699085,-2.6993177618262507
25,48.84957531528347,-5.27677626065061,18.008602821401343,-3.4780784586906033,-2.7303338775797314
26,48.84731156363485,-4.592707653715035,18.08797529997506,-3.0489073136024327,-2.7577885350741282
27,48.84504781198623,-3.908639046779456,18.16822614056617,-2.613974259905081,-2.787510708278994
28,48.84278406033761,-3.2245704398438804,18.22014417377859,-2.1721861216146365,-2.806603420294525
29,48.84052030868899,-2.540501832908305,18.24920540710212,-1.7348938148781627,-2.8274030950844624
30,48.83825655704037,-1.8564332259727294,18.294231447241167,-1.2896277197664738,-2.8431525825305357
31,48.83599280539174,-1.172364619037154,18.3234148779224,-0.8460947113093197,-2.853001598620282
32,48.83372905374312,-0.48829601210157847,18.330169400708588,-0.40535016621764364,-2.8529203016774747
33,48.8314653020945,0.195772594833997,18.32847134327155,0.03780572874433523,-2.8547113616330457
34,48.82920155044588,0.8798412017695725,18.317177080124555,0.4836209087522524,-2.850434000008028
35,48.82693779879726,1.563909808705148,18.294161985869874,0.9324558299713973,-2.8540413475590722
36,48.82467404714863,2.2479784156407234,18.279786044107606,1.3683382802262332,-2.8502567260101586
37,48.82241029550001,2.932047022576299,18.243514636927383,1.8087145692608468,-2.845962246577927
38,48.82014654385139,3.616115629511878,18.194269897574653,2.2556595512760658,-2.834345313381219
39,48.817882792202774,4.300184236447453,18.12666537326743,2.7063037770806115,-2.821473732231991
40,48.815619040554154,4.984252843383029,18.05723825431481,3.148990055574005,-2.7995716491099105
41,48.813355288905534,5.668321450318604,17.969438459213276,3.5880282721154204,-2.7824613565244762
42,48.81109153725691,6.352390057254176,17.858823076746706,4.030294126892341,-2.746851247983755
43,48.80882778560829,7.036458664189752,17.761578789010542,4.473912929025814,-2.7091407197822273
44,48.80656403395967,7.720527271125327,17.654704208140252,4.916420586233256,-2.673519834950219
45,48.80430028231105,8.404595878060903,17.519069463887345,5.352465745089077,-2.627477957881838
46,48.80203653066243,9.088664484996482,17.371753818022402,5.775239884994919,-2.591533983646199
47,48.7997727790138,9.77273309193206,17.214399992445017,6.210197868229862,-2.541101514046874
48,48.79750902736518,10.456801698867636,17.050165014483824,6.660133317462738,-2.485265350862581
49,48.79524527571656,11.140870305803212,16.87345326286593,7.097362689528253,-2.431974067864007
50,48.79298152406794,11.82493891273878,16.691741638052182,7.539237328048254,-2.3776096572507974
51,48.79071777241932,12.509007519674356,16.47389768860772,7.980733349164755,-2.3167348876568505
52,48.7884540207707,13.193076126609931,16.263499494285217,8.424828887965315,-2.2538748117086604
53,48.78619026912207,13.877144733545506,16.04878096441403,8.869125205922861,-2.190052873717399
54,48.78392651747345,14.561213340481089,15.764136677925231,9.33028217108884,-2.1116222587198537
55,48.781662765824834,15.245281947416665,15.462907175268835,9.788215743668601,-2.0196979761037506
56,48.779399014176214,15.92935055435224,15.15918034173851,10.248844552937546,-1.9289919953126005
57,48.777135262527594,16.613419161287815,14.820282012459394,10.711362751603568,-1.8180442542666375
58,48.77487151087897,17.29748776822339,14.454269181184225,11.17479660382388,-1.6982467528896654
59,48.77260775923035,17.981556375158966,14.086718975116352,11.642874595026084,-1.5723573544609843
60,48.77034400758173,18.665624982094542,13.710482954486523,12.112725315640441,-1.441671910802551
61,48.76808025593311,19.349693589030117,13.270461642705754,12.591959627609866,-1.2794623267212661
62,48.76581650428449,20.033762195965693,12.843995665834214,13.075443220206829,-1.1240327190758999
63,48.76355275263587,20.71783080290127,12.33603331789968,13.566689065142183,-0.9308138863719158
64,48.76128900098724,21.401899409836844,11.805391741780387,14.046296988361563,-0.7279223025677073
65,48.75902524933862,22.08596801677242,11.269592924547183,14.535008658433002,-0.5273402314621539
66,48.75676149769,22.770036623708,10.62904313057331,15.022127600354269,-0.2786020986147355
67,48.36011426658486,23.318787880808426,9.913683428790108,15.431407263427554,-0.4162094029414444
68,47.96346703547972,23.867539137908857,9.285438410544577,15.825702993486686,-0.585466112877825
69,47.566819804374575,24.416290395009284,8.498055906195566,16.23618426885456,-0.707765301254294
70,47.170172573269426,24.965041652109715,7.58286046805395,16.661338739940955,-0.7902966663036155
71,46.773525342164284,25.513792909210142,6.426344370742055,17.12601508776021,-0.7929538074453908
72,46.37687811105914,26.062544166310573,5.070788658480608,17.61721512671747,-0.7295466468157427
73,45.980230879954,26.611295423411,3.492832421040452,18.119571130243752,-0.5881234410007481
74,45.982515061641465,25.9210531939337,4.996178567972777,17.49397135148144,-1.1126037761392737
75,45.984799243328936,25.230810964456403,6.336273025593782,16.894693583659553,-1.5772738933604762
76,45.9870834250164,24.540568734979104,8.259317107681172,16.28976700618668,-2.2571184784707343
77,45.98936760670387,23.850326505501805,9.244976492071272,15.762855250186496,-2.612945524275264
78,45.99165178839134,23.160084276024506,10.071677845847937,15.270333742822816,-2.9049074670715047
79,45.9939359700788,22.469842046547207,10.77113961053565,14.779337024690436,-3.162658303765238
80,45.99622015176627,21.779599817069908,11.397604752127075,14.287529031641842,-3.3919233591248332
81,45.99850433345374,21.08935758759261,11.998067319017121,13.801703265688673,-3.599150457921784
82,46.00078851514121,20.399115358115314,12.527261388393294,13.321291819136855,-3.7810394863608554
83,46.003072696828674,19.708873128638015,13.005302379837381,12.844974374864915,-3.9376882378033433
84,46.005356878516146,19.018630899160716,13.4702783036382,12.369971754837586,-4.092577265534112
85,46.00764106020361,18.328388669683417,13.882436208483103,11.90251580574118,-4.227651706488792
86,46.009925241891075,17.638146440206118,14.271289146845794,11.437173608156916,-4.359069210568958
87,46.01220942357855,16.94790421072882,14.638257678615552,10.968060536316568,-4.486707193219097
88,46.01449360526601,16.25766198125152,14.981081474456593,10.505379947946818,-4.593710045113995
89,46.01677778695348,15.56741975177422,15.291420503687988,10.04192733896665,-4.686491406083682
90,46.01906196864095,14.877177522296924,15.590953088011554,9.572669028106217,-4.779687746806465
91,46.02134615032841,14.186935292819625,15.853282857338682,9.11260280929004,-4.866863480445172
92,46.023630332015884,13.496693063342326,16.129290900179452,8.65265469540512,-4.95349641929735
93,46.02591451370335,12.806450833865028,16.354329902654378,8.203408746908192,-5.020036776592654
94,46.02819869539082,12.11620860438773,16.568536831864147,7.755739630363148,-5.082246651685123
95,46.030482877078285,11.42596637491043,16.776462965860294,7.29630354549373,-5.1544412992330475
96,46.03276705876576,10.735724145433132,16.964163889338632,6.854341327059428,-5.204199974871013
97,46.03505124045322,10.045481915955833,17.14096902409299,6.416070914140428,-5.2645916807242
98,46.037335422140686,9.355239686478534,17.30268795648318,5.9813406517837056,-5.305100922205658
99,46.03961960382816,8.664997457001235,17.459208966108577,5.538024797524838,-5.350029500714112
100,46.04190378551562,7.974755227523936,17.58916216530878,5.094933653983138,-5.388700431280447
101,46.044187967203094,7.284512998046637,17.70099625161511,4.660665130511941,-5.415861424570961
102,46.04647214889056,6.594270768569338,17.812701620110392,4.207196040628847,-5.461767211304512
103,46.04875633057802,5.904028539092039,17.911009648541288,3.7491208632009463,-5.4911958369303875
104,46.051040512265494,5.21378630961474,17.99482083941466,3.301171933173854,-5.513761514801425
105,46.05332469395296,4.523544080137441,18.081725923836096,2.841436879707379,-5.5324280849657415
106,46.05560887564043,3.8333018506601455,18.142336081586212,2.390127684368878,-5.54369670219938
107,46.057893057327895,3.1430596211828465,18.193147571433045,1.9389151127951993,-5.542438129767693
108,46.06017723901537,2.4528173917055476,18.241156004679105,1.480277868391988,-5.546016387682277
109,46.06246142070283,1.7625751622282486,18.270213195659647,1.0307691982220852,-5.545174830252724
110,46.064745602390296,1.0723329327509497,18.28592121702408,0.586997702111992,-5.5417974459735735
111,46.06702978407777,0.3820907032736507,18.29584829072141,0.14111713371314866,-5.548616551537108
112,46.06931396576523,-0.3081515262036447,18.298432794905935,-0.3100373758234014,-5.540363658490197
113,46.071598147452704,-0.9983937556809437,18.28785839274374,-0.7551807825680343,-5.5410679866646895
114,46.07388232914017,-1.6886359851582426,18.26239950244467,-1.2014204438836011,-5.537144019330706
115,46.07616651082763,-2.3788782146355416,18.236298618098417,-1.6450837556460438,-5.528727032844599
116,46.078450692515105,-3.0691204441128406,18.195557399011122,-2.087136310596066,-5.523748206988313
117,46.08073487420257,-3.7593626735901395,18.13153942238318,-2.5296243759466708,-5.503661822417733
118,46.08301905589004,-4.4496049030674385,18.066158533863184,-2.957052494025187,-5.494294575902556
119,46.085303237577506,-5.1398471325447375,17.986238091591954,-3.398074507432045,-5.468773672769264
120,46.08758741926498,-5.830089362022036,17.897881217689683,-3.8286230983905254,-5.44477282942068
121,46.08987160095244,-6.520331591499335,17.801531867696955,-4.257280715681257,-5.414450801297266
122,46.09215578263991,-7.210573820976634,17.6813981200991,-4.711457601753945,-5.366343701125434
123,46.09443996432738,-7.900816050453933,17.573429185435987,-5.144344253374545,-5.319695759385714
124,46.09672414601484,-8.591058279931232,17.429210783885562,-5.592372918933066,-5.250448286736022
125,46.099008327702315,-9.281300509408531,17.279234620760803,-6.033456758665955,-5.188342081918469
126,46.10129250938978,-9.97154273888583,17.109879981336,-6.48853099255694,-5.117781676640456
127,46.103576691077244,-10.66178496836313,16.926826356339994,-6.9415055324398045,-5.039577733999045
128,46.105860872764715,-11.352027197840428,16.74122475786279,-7.399127150871156,-4.966305641285294
129,46.10814505445218,-12.042269427317727,16.537950773491456,-7.8440424679635266,-4.891775271196639
130,46.11042923613965,-12.732511656795026,16.31672409601258,-8.284870702965176,-4.812144072597648
131,46.112713417827116,-13.422753886272325,16.089450698389435,-8.719784621361947,-4.730194461937618
132,46.11499759951459,-14.112996115749624,15.835178900802722,-9.165420566354149,-4.628954836993524
133,46.11728178120205,-14.803238345226923,15.578229786327176,-9.601713402622588,-4.535422660147907
134,46.11956596288952,-15.493480574704222,15.315210395676267,-10.028636319867346,-4.423165073053118
135,46.12185014457699,-16.18372280418152,15.012624458301936,-10.469516417975912,-4.3086437729573195
136,46.12413432626445,-16.87396503365882,14.668943315535714,-10.920077529309635,-4.169630844179643
137,46.126418507951925,-17.56420726313612,14.353887243251288,-11.355442018050503,-4.030851471961191
138,46.12870268963939,-18.25444949261341,13.9597306368447,-11.81347139596529,-3.8758878105646875
139,46.130986871326854,-18.94469172209071,13.549857124851279,-12.276192233805538,-3.717262249320652
140,46.133271053014326,-19.63493395156801,13.091861691993833,-12.75274851940883,-3.5364597248827203
141,46.13555523470179,-20.325176181045308,12.612175567269361,-13.240188888887467,-3.353450444206367
142,46.13783941638926,-21.015418410522607,12.084216618901845,-13.719552586033732,-3.1506016436772977
143,46.14012359807673,-21.705660639999905,11.488206010286863,-14.218616160904519,-2.919815588163864
144,46.1424077797642,-22.395902869477204,10.823856384775443,-14.717686926678416,-2.659468034354048
145,46.14469196145166,-23.086145098954503,10.135503173857217,-15.219187990796922,-2.3978111877986965
146,46.14697614313913,-23.776387328431802,9.248910138886721,-15.722652013431139,-2.069177055321312
147,46.1492603248266,-24.4666295579091,8.29723327886609,-16.24486745788158,-1.7199448960760817
148,46.151544506514064,-25.1568717873864,7.151096856688696,-16.77856612572799,-1.3085272198212474
149,46.153828688201536,-25.8471140168637,5.617211562134225,-17.362850932968357,-0.7900593687478439
150,46.156112869889,-26.537356246341,4.354942504573839,-17.93937268702587,-0.3447452578075943
151,45.6037187863506,-26.6490751993018,3.206192471463349,-18.053745599015972,-0.5096678349202988
152,45.0513247028122,-26.7607941522626,2.212315232788312,-18.169060275652065,-0.7313909608377593
153,44.4989306192738,-26.8725131052234,1.00857800864079,-18.284693700280002,-0.8788104501372305
154,43.946536535735405,-26.9842320581842,0.3494644378035821,-18.354024676824267,-1.208631710633341
155,43.394142452197,-27.095951011145,0.6419349494573046,-18.375599751797782,-1.8447254177403118
156,43.39188471581646,-26.413700119532468,1.402896988505333,-17.88952184947632,-2.1748674927382727
157,43.38962697943591,-25.73144922791994,3.0412425408165467,-17.323452763811993,-2.7468575046085304
158,43.38736924305537,-25.049198336307406,3.3417704342509937,-16.856118662520363,-2.864622225378497
159,43.385111506674825,-24.366947444694873,5.226583720011012,-16.354546174189064,-3.5046436178889278
160,43.38285377029428,-23.684696553082343,5.574281424945213,-15.874899848333895,-3.6359376276327477
161,43.38059603391373,-23.00244566146981,6.808471055295331,-15.36804825323387,-4.063232904162853
162,43.37833829753319,-22.32019476985728,8.012553195151161,-14.878141095846745,-4.488647774733576
163,43.37608056115265,-21.637943878244748,9.715315468581776,-14.353067337163253,-5.075084271799746
164,43.373822824772105,-20.955692986632215,10.223081904068804,-13.85286034765501,-5.270999525813056
165,43.371565088391556,-20.273442095019686,11.045690995700566,-13.364374923266315,-5.579838856920444
166,43.36930735201101,-19.591191203407153,12.184184713675021,-12.862044849907036,-5.990869402463275
167,43.36704961563047,-18.908940311794623,12.728451594341257,-12.393318404515979,-6.2005617571691465
168,43.36479187924993,-18.22668942018209,12.366346098714908,-11.956579988897941,-6.106251988108315
169,43.36253414286938,-17.544438528569557,12.799170821886092,-11.506498625826989,-6.287197369732411
170,43.360276406488836,-16.862187636957024,12.422961325290169,-11.068443685696023,-6.17824392715179
171,43.358018670108294,-16.179936745344495,13.432804860605694,-10.61626755078294,-6.535950028249419
172,43.35576093372775,-15.497685853731964,13.633293186310215,-10.176264412513154,-6.6198645109928265
173,43.3535031973472,-14.815434962119433,14.26280674407547,-9.727110389785162,-6.8528893066239185
174,43.35124546096666,-14.1331840705069,14.562249024848445,-9.289007503390845,-6.967252610417542
175,43.34898772458612,-13.450933178894369,14.93808410292326,-8.85877921789604,-7.098161103143873
176,43.346729988205574,-12.76868228728184,14.581986241006987,-8.432645286856411,-6.981847380105744
177,43.344472251825025,-12.086431395669306,16.486722038055916,-7.953733303968839,-7.635002580282692
178,43.34221451544448,-11.404180504056775,16.692644548126506,-7.508401329063102,-7.713947055782059
179,43.33995677906394,-10.721929612444242,16.888196032087716,-7.064038070745939,-7.7808981339395675
180,43.3376990426834,-10.03967872083171,17.079540403352187,-6.6205717497603755,-7.847943692766991
181,43.33544130630285,-9.35742782921918,17.241232727906876,-6.171784563708885,-7.914751626120999
182,43.333183569922305,-8.675176937606647,17.39582025297823,-5.719046250166121,-7.980481592269945
183,43.33092583354176,-7.992926045994118,17.527830211765114,-5.275597899625344,-8.022050653554537
184,43.32866809716122,-7.310675154381585,17.645677821755907,-4.827713910642654,-8.0662422963529
185,43.32641036078067,-6.628424262769052,17.760577522005836,-4.381216208296839,-8.108551250280515
186,43.32415262440013,-5.946173371156522,17.87143727585191,-3.93565557740938,-8.156630195370425
187,43.321894888019585,-5.263922479543989,17.962977649998397,-3.4929101025793576,-8.189635313774378
188,43.31963715163904,-4.5816715879314565,18.053296777058975,-3.0655294808598064,-8.225233209816151
189,43.31737941525849,-3.899420696318927,18.117793777972732,-2.6250516036758755,-8.250539072534636
190,43.31512167887795,-3.2171698047063977,18.176347727201858,-2.1819668781715342,-8.262666983953547
191,43.31286394249741,-2.5349189130938647,18.226004344120724,-1.7422815909786422,-8.269822390495058
192,43.310606206116866,-1.8526680214813318,18.25656994336593,-1.3019595474978118,-8.26970829899213
193,43.308348469736316,-1.1704171298687989,18.288382186078728,-0.8628640540581068,-8.279072050425627
194,43.306090733355774,-0.4881662382562659,18.30310683806308,-0.42061668401568186,-8.280054058883904
195,43.30383299697523,0.19408465335626346,18.31103901147226,0.014175038481767835,-8.274672110229261
196,43.30157526059469,0.8763355449687928,18.3053537856569,0.4530321305283913,-8.261538709188358
197,43.29931752421414,1.5585864365813222,18.283555585618387,0.893976055926836,-8.25701419595768
198,43.2970597878336,2.2408373281938587,18.244841591895057,1.3443710596461496,-8.25517940602293
199,43.294802051453054,2.923088219806388,18.21625905849465,1.7901516733064013,-8.248830787700523
200,43.29254431507251,3.605339111418921,18.16195330586058,2.2410268866387386,-8.237668583476383
201,43.29028657869196,4.28759000303145,18.099356940142755,2.69739211434573,-8.231985125681945
202,43.28802884231142,4.969840894643983,18.030455175004857,3.1548249944272646,-8.219487205557376
203,43.28577110593088,5.652091786256516,17.943995935026276,3.6141544546888387,-8.193192249237315
204,43.283513369550334,6.334342677869049,17.84668426003825,4.058744767852985,-8.183859482425481
205,43.281255633169785,7.016593569481582,17.74403732887006,4.513944392259903,-8.152996070244258
206,43.27899789678924,7.698844461094108,17.62082269330068,4.953376762704457,-8.130190654701245
207,43.2767401604087,8.381095352706641,17.483332935770886,5.388469555801381,-8.093147198688142
208,43.27448242402816,9.063346244319174,17.34462423376367,5.829555544534806,-8.056499676088695
209,43.27222468764761,9.745597135931707,15.875026301784873,6.321666238146512,-7.570004508921357
210,43.269966951267065,10.42784802754424,17.01160837897037,6.716596796004031,-7.957360161722591
211,43.26770921488652,11.110098919156766,16.83259950700164,7.158947157737973,-7.901709113203236
212,43.26545147850598,11.792349810769299,15.297761587201329,7.657113446222084,-7.398282753712971
213,43.26319374212543,12.474600702381831,15.353307535282616,8.098655434690002,-7.419812472274036
214,43.26093600574489,13.156851593994364,16.181573195083168,8.508782257419904,-7.691699011276546
215,43.258678269364346,13.839102485606897,14.146745348588228,9.046229870120092,-7.011016623624592
216,43.2564205329838,14.521353377219423,14.42887847350902,9.47810055650547,-7.1015569364266335
217,43.254162796603254,15.203604268831956,13.838976506286023,9.951638347677678,-6.906582964892255
218,43.25190506022271,15.885855160444489,13.768367616663118,10.406879719886154,-6.888624786047243
219,43.24964732384217,16.568106052057022,13.026814219570042,10.887463194764148,-6.643148228192228
220,43.247389587461626,17.250356943669555,12.355724826674141,11.36996014386748,-6.4263784686958525
221,43.24513185108108,17.932607835282088,12.12654025078636,11.821943225848816,-6.356765231929004
222,43.242874114700534,18.614858726894614,10.68948715913696,12.359220715478552,-5.880813454228989
223,43.24061637831999,19.297109618507147,10.796501674403123,12.794914246169633,-5.916611446553968
224,43.23835864193945,19.97936051011968,9.756768364759516,13.303993673481562,-5.571475065436784
225,43.2361009055589,20.661611401732205,9.075570302876546,13.789200530509165,-5.341507338735592
226,43.23384316917836,21.343862293344745,8.584896865916026,14.262490266670003,-5.188706837494874
227,43.231585432797814,22.02611318495727,6.933763067284853,14.813540303237364,-4.626798917522706
228,43.22932769641727,22.708364076569804,6.897512324433278,15.251677040342607,-4.608427097760417
229,43.22706996003672,23.390614968182337,7.067117078936645,15.689905521958766,-4.668020415766985
230,43.22481222365618,24.072865859794863,4.268961121655561,16.323677899507313,-3.690787222938057
231,43.22255448727564,24.755116751407403,2.3484941739761527,16.934802106854338,-3.01471983460097
232,43.220296750895095,25.43736764301993,1.4278196003593786,17.468857182958537,-2.6961118896434204
233,43.218039014514545,26.11961853463247,0.8678982544138815,17.955594234691574,-2.5121477287018656
234,43.215781278134,26.801869426245,2.178809253279432,18.25784115533701,-2.9560299008222986
235,42.6630214127144,26.800683756381197,0.9780328734486158,18.36193628416829,-3.0931750560632394
236,42.1102615472948,26.7994980865174,2.0889867756740657,18.306447519729566,-4.031403127431789
237,41.5575016818752,26.798312416653598,1.7292799107300505,18.343947119187238,-4.461511104998431
238,41.0047418164556,26.7971267467898,1.6834460373886118,18.35057409518992,-5.00436085336129
239,40.451981951036,26.795941076926,0.6924991768093615,18.415468226080474,-5.220367106304744
240,40.45426637584915,26.105625378857923,0.506910072429965,17.97340001809209,-5.1963621781078215
241,40.456550800662306,25.415309680789846,-1.6528820304750025,17.61975716624265,-4.449571892319745
242,40.45883522547546,24.724993982721767,-0.07380798352837903,17.035286374848152,-4.972444219342738
243,40.46111965028861,24.03467828465369,-0.13161699870537277,16.574095895219717,-4.940407370824955
244,40.463404075101764,23.344362586585614,-0.47553655186858906,16.130725676145094,-4.835025891590535
245,40.46568849991492,22.654046888517538,-0.7623625834223321,15.700601005262888,-4.754677208821456
246,40.46797292472807,21.963731190449458,-0.7261367596781583,15.256228018393447,-4.7863041283325245
247,40.47025734954123,21.273415492381382,1.0052126320272718,14.717329261880833,-5.381348319500787
248,40.47254177435438,20.583099794313306,-0.20938735340208073,14.327322224628938,-4.97643881144604
249,40.47482619916754,19.89278409624523,1.9223947481794528,13.753130472282887,-5.692872442234077
250,40.47711062398069,19.202468398177153,1.5063771348605346,13.321813809512607,-5.5425202620320615
251,40.47939504879384,18.512152700109077,3.738194411072755,12.727928816877245,-6.2898253375837845
252,40.481679473606995,17.821837002041,2.6312053478056323,12.307564288106496,-5.911879596612597
253,40.48396389842015,17.13152130397292,2.157179702771804,11.870383284596901,-5.749140142230656
254,40.486248323233305,16.441205605904845,3.8524737850381245,11.330495269050495,-6.312130470698695
255,40.48853274804646,15.750889907836768,4.062455741971452,10.862920953005966,-6.380442332152005
256,40.490817172859614,15.06057420976869,3.2149597450126755,10.433862256703721,-6.098831384634123
257,40.49310159767277,14.370258511700612,5.1632035312643865,9.86439602716248,-6.749678539585202
258,40.495386022485924,13.679942813632536,5.15750987963019,9.412934254164206,-6.74288999089391
259,40.49767044729907,12.98962711556446,5.338565498306423,8.942750317425194,-6.802087608055731
260,40.49995487211223,12.299311417496384,7.171592775713062,8.411190583780074,-7.405730556186362
261,40.50223929692538,11.608995719428306,9.231276060893773,7.872604856058719,-8.082631364535754
262,40.504523721738536,10.918680021360228,10.1156322344249,7.36843179816205,-8.384865056132488
263,40.50680814655169,10.228364323292151,9.10311343618997,6.917334266905298,-8.04340725513963
264,40.509092571364846,9.538048625224071,10.972714229392563,6.398188639158492,-8.647457237645302
265,40.511376996178,8.847732927155999,8.698941442268003,6.000363823312388,-7.88041583965657
266,40.513661420991156,8.157417229087923,10.007746474263843,5.5396420331579375,-8.284337002436004
267,40.5159458458043,7.467101531019843,12.011484043214365,5.003977736263181,-8.942383955693728
268,40.51823027061746,6.7767858329517665,9.44057182468976,4.631451327286583,-8.085827201562813
269,40.52051469543061,6.08647013488369,9.612283018076905,4.153857918314482,-8.127420461313243
270,40.52279912024377,5.396154436815614,11.187567003339872,3.638679942265811,-8.625866873964497
271,40.52508354505692,4.705838738747538,11.921660469214633,3.14810723917152,-8.855516224517878
272,40.52736796987008,4.015523040679458,10.991194505971498,2.6979604987589982,-8.543144311243545
273,40.52965239468323,3.3252073426113817,11.38295882225587,2.223883622050449,-8.67092797037476
274,40.53193681949639,2.6348916445433055,10.784636391251002,1.7780078118484304,-8.471101572167054
275,40.534221244309535,1.9445759464752257,11.000387141481795,1.325366006615579,-8.550736183717945
276,40.53650566912269,1.254260248407153,13.497257723465497,0.8296107298633764,-9.388251322355938
277,40.538790093935845,0.5639445503390732,14.478115356728903,0.3679585620895526,-9.731243983291366
278,40.541074518749,-0.12637114772900304,15.611413102817146,-0.10193866383292921,-10.12011107777236
279,40.543358943562154,-0.8166868457970793,13.768483595826389,-0.563788023128595,-9.514232855448386
280,40.54564336837531,-1.507002543865159,13.506879605619131,-1.0200975910433372,-9.443493699860511
281,40.547927793188464,-2.1973182419332318,14.886479027479615,-1.5122839004154487,-9.910205593371538
282,40.55021221800161,-2.8876339400013116,12.778754680016661,-1.9691373268154697,-9.188847844168311
283,40.552496642814766,-3.577949638069388,12.994574711758032,-2.4296765878412585,-9.262164474336501
284,40.55478106762792,-4.2682653361374605,12.813836375001511,-2.879579126314526,-9.197485400799135
285,40.557065492441076,-4.958581034205544,12.550395646233603,-3.329193240380808,-9.101331884240516
286,40.55934991725423,-5.64889673227362,12.547222739713964,-3.787439188283635,-9.094688710081492
287,40.561634342067386,-6.339212430341696,12.284360194183087,-4.246230672990139,-8.9979526175268
288,40.56391876688054,-7.029528128409773,11.82242382125624,-4.712131808896487,-8.846673503118993
289,40.566203191693695,-7.719843826477856,11.586587349327605,-5.156831264402134,-8.758308281534447
290,40.56848761650684,-8.410159524545925,12.088924197780008,-5.627006337025373,-8.931968227992432
291,40.57077204132,-9.100475222614001,11.644450383469131,-6.092401628448624,-8.777669792723554
292,40.57305646613315,-9.790790920682085,10.088009033534197,-6.563688632531671,-8.251404027498605
293,40.57534089094631,-10.481106618750154,11.888700480963056,-7.017925062590485,-8.864140690335796
294,40.57762531575946,-11.171422316818237,10.270641645227261,-7.532684899979409,-8.30903646571836
295,40.57990974057262,-11.861738014886313,8.104355670022404,-8.017191695459077,-7.566036691615248
296,40.58219416538577,-12.55205371295439,8.260585154010556,-8.471574973677383,-7.601713858211272
297,40.58447859019893,-13.242369411022466,7.542567945939759,-8.952818843614468,-7.341945152667812
298,40.586763015012075,-13.932685109090542,5.890535994129541,-9.424861319853436,-6.77398619093372
299,40.58904743982523,-14.623000807158618,6.007157537216719,-9.863757387140081,-6.807607516931353
300,40.591331864638384,-15.313316505226695,3.931485968408748,-10.356563877186684,-6.090465496254026
301,40.59361628945154,-16.00363220329477,4.40729541018153,-10.787975193978859,-6.234727733072345
302,40.595900714264694,-16.693947901362854,3.1959127188916554,-11.263551387857898,-5.809334645074958
303,40.59818513907785,-17.384263599430923,1.4684237306538417,-11.774732403179403,-5.203653391114768
304,40.600469563891004,-18.074579297499007,2.504700834173291,-12.224140215543544,-5.529425774367003
305,40.60275398870416,-18.764894995567083,3.616623566411341,-12.651426413161888,-5.876542941948349
306,40.605038413517306,-19.455210693635152,2.2092122661376226,-13.162453556277766,-5.395888775104575
307,40.60732283833046,-20.145526391703235,2.8735746649983853,-13.60683218733833,-5.589909582378937
308,40.609607263143616,-20.83584208977131,3.985513361984629,-14.05062604755131,-5.946001609107834
309,40.61189168795677,-21.526157787839388,4.169208902126102,-14.53305822387256,-5.991689390491601
310,40.614176112769925,-22.216473485907464,2.162172136469846,-15.075263228510039,-5.309817158564785
311,40.61646053758308,-22.906789183975548,0.46890728275257254,-15.578987854718244,-4.746595828026929
312,40.618744962396235,-23.597104882043624,-0.02639767370475421,-16.030734508877536,-4.569692762420064
313,40.62102938720939,-24.287420580111693,-1.6068737382467289,-16.501778631830792,-4.0450406286649505
314,40.62331381202254,-24.977736278179776,0.7182382111139363,-16.91544397123793,-4.782132764201542
315,40.62559823683569,-25.668051976247853,-0.21936051660096112,-17.40353985074647,-4.453263154963261
316,40.62788266164885,-26.35836767431593,0.5878802520116572,-17.887475376817214,-4.684895582834963
317,40.630167086462,-27.048683372384,-0.042234700868421016,-18.36377125855152,-4.3770822109174174
318,40.0773475661596,-27.0318423154036,-0.4929262820969069,-18.371989459819982,-4.791167169622062
319,39.5245280458572,-27.0150012584232,0.09237294348033355,-18.3746629664245,-5.558919697685723
320,38.9717085255548,-26.9981602014428,0.6229947638730624,-18.379027014608916,-6.321721344615689
321,38.4188890052524,-26.9813191444624,-0.9411569267600288,-18.410660858225746,-6.366957911533591
322,37.86606948495,-26.964478087482,0.572335066639638,-18.40585378231623,-7.452896550317868
323,37.863788884167796,-26.275317948827027,0.5120718400732616,-17.925798337740073,-7.498020060843752
324,37.86150828338559,-25.58615781017205,1.3269838928562843,-17.40224259590098,-7.7482877524178395
325,37.85922768260339,-24.896997671517077,0.13597941627274412,-16.950289950678908,-7.398103327259807
326,37.85694708182118,-24.2078375328621,0.15554159028193248,-16.483160555442883,-7.436386921631676
327,37.854666481038976,-23.518677394207128,-1.3481929388878315,-16.03970766915036,-6.9601148215323025
328,37.85238588025677,-22.829517255552155,-0.7128483466925947,-15.572289919895667,-7.180238286826674
329,37.85010527947457,-22.140357116897178,0.9454336124047753,-15.089906138522371,-7.71251686940942
330,37.84782467869236,-21.451196978242205,1.4640266201361023,-14.62086058178929,-7.880036105402388
331,37.845544077910155,-20.762036839587232,2.4576258135805573,-14.149451508923956,-8.215336219862218
332,37.84326347712795,-20.072876700932255,0.34216373199164307,-13.685240311168743,-7.5226170606797185
333,37.84098287634575,-19.383716562277282,1.0113543901859057,-13.203977859012236,-7.76330627550381
334,37.83870227556354,-18.69455642362231,-0.1703951188255542,-12.733524207117375,-7.36556581610786
335,37.836421674781334,-18.005396284967333,-1.7365169462938188,-12.271469189468688,-6.861219569222511
336,37.83414107399913,-17.316236146312356,-0.6058910182562794,-11.780407282167362,-7.255251962672619
337,37.83186047321693,-16.627076007657383,-2.6287620019411704,-11.34545102865539,-6.6004184170382905
338,37.82957987243472,-15.93791586900241,-2.5756238608805178,-10.865426095671813,-6.660432703887839
339,37.827299271652514,-15.248755730347435,-3.73634034261939,-10.433236820244531,-6.2962035980361275
340,37.82501867087031,-14.55959559169246,-1.4036181826651484,-9.97900672924253,-7.092996903082645
341,37.82273807008811,-13.870435453037487,-1.95747240967605,-9.535678130548902,-6.92551622037112
342,37.8204574693059,-13.181275314382512,-0.609852749257908,-9.052526555733362,-7.375471650846683
343,37.81817686852369,-12.492115175727537,0.6785602891482394,-8.580501407576426,-7.80060630465768
344,37.815896267741486,-11.802955037072563,1.5095500581281533,-8.07418894771174,-8.070858063737004
345,37.813615666959286,-11.113794898417588,3.3606767661339236,-7.579145920663466,-8.672328690754311
346,37.81133506617708,-10.424634759762615,1.2954260715899486,-7.110216116377498,-7.977730264942419
347,37.80905446539487,-9.735474621107638,0.6861169947910123,-6.613970084509685,-7.785800546873145
348,37.806773864612666,-9.046314482452665,1.8398131290254918,-6.137090975624906,-8.18533688433463
349,37.804493263830466,-8.357154343797692,-0.1464174296220791,-5.654805303331228,-7.535747279348723
350,37.80221266304826,-7.6679942051427155,-2.269108551836333,-5.1680728077832985,-6.8194618535201625
351,37.79993206226605,-6.978834066487742,-0.5158150382837693,-4.701564109935988,-7.40756060388682
352,37.797651461483845,-6.289673927832766,-0.5896170343215473,-4.25014003280262,-7.377555288244464
353,37.795370860701645,-5.600513789177793,-1.3435055303098669,-3.7806122666792943,-7.131354380412823
354,37.79309025991944,-4.91135365052282,-0.7068768467905995,-3.3151912829383265,-7.363164850963533
355,37.79080965913723,-4.222193511867843,-0.7015445032540811,-2.8512732665552374,-7.373844666171157
356,37.788529058355024,-3.53303337321287,-0.407241709548831,-2.3908542093429057,-7.4829430075452965
357,37.786248457572825,-2.8438732345578934,1.4957466183592483,-1.9195501853248194,-8.13215672676871
358,37.78396785679062,-2.1547130959029204,1.662853968714299,-1.43281300423108,-8.183198010454323
359,37.78168725600841,-1.4655529572479473,0.31385578423040994,-0.9089844553253503,-7.729261886307609
360,37.779406655226204,-0.7763928185929743,2.26846149490069,-0.4316293573019972,-8.3744252704816
361,37.777126054444,-0.08723267993799766,0.947403068902166,0.08372453757437463,-7.930903301031622
362,37.7748454536618,0.6019274587169754,0.026395267546619805,0.594488639944688,-7.624008647276769
363,37.77256485287959,1.291087597371952,-1.7443007705014253,1.1131925188759229,-7.032802631448494
364,37.77028425209738,1.980247736026925,-2.0053917019959373,1.582383370244482,-6.941801292849517
365,37.768003651315176,2.6694078746819017,-3.0273493257909854,2.0630357175699108,-6.610923234458776
366,37.765723050532976,3.3585680133368747,-3.408422891520691,2.56012749701527,-6.491791559373259
367,37.76344244975077,4.047728151991848,-0.4844902029423629,2.9782294170651027,-7.459841743547876
368,37.76116184896856,4.736888290646824,1.966294096374745,3.400617382096323,-8.282945417337523
369,37.758881248186356,5.426048429301794,1.3170594336849293,3.89727032526237,-8.067559724597158
370,37.756600647404156,6.1152085679567705,0.09314038172518155,4.4198330303854085,-7.67662268162529
371,37.75432004662195,6.804368706611747,-2.6372213236023216,4.977566772785517,-6.772708407383546
372,37.75203944583974,7.493528845266724,-2.41407760587262,5.439086936181785,-6.8757144490193856
373,37.749758845057535,8.182688983921693,-0.3763096706038329,5.852803874326275,-7.561417881847425
374,37.747478244275335,8.87184912257667,0.06166804063717968,6.305336327174716,-7.714537701465471
375,37.74519764349313,9.561009261231646,-2.78966345437267,6.883845939309506,-6.769714874986034
376,37.74291704271092,10.250169399886616,-0.0453408346596883,7.271183697666739,-7.709284516004045
377,37.740636441928714,10.939329538541593,-0.2927027941272818,7.757573332062143,-7.638711332463079
378,37.738355841146515,11.62848967719657,0.6396882293086461,8.21914919699307,-7.966934849220838
379,37.73607524036431,12.317649815851539,-1.5707020757808703,8.774840163103365,-7.235799058945068
380,37.7337946395821,13.006809954506515,1.0887399356205485,9.160655714446245,-8.133980170803762
381,37.731514038799894,13.695970093161492,2.167700686811841,9.611597265452483,-8.476638743049183
382,37.729233438017694,14.385130231816468,2.4332086764375114,10.052692170367703,-8.550598861855734
383,37.72695283723549,15.074290370471438,1.0589944740621464,10.55951332321273,-8.102529507289944
384,37.72467223645328,15.763450509126415,2.2288892693065963,10.960074215968367,-8.49746926352742
385,37.72239163567107,16.45261064778139,-0.9347501693605396,11.538617017422018,-7.451696442350865
386,37.72011103488887,17.14177078643636,1.9776387878283446,11.869721361304498,-8.419443331115986
387,37.717830434106666,17.830930925091337,0.22283625585890404,12.405993429535087,-7.84827887607123
388,37.71554983332446,18.520091063746314,-1.2367561337502992,12.947599599630268,-7.377441518722005
389,37.71326923254225,19.209251202401283,-1.8320099619149994,13.45315770316037,-7.193074516638234
390,37.71098863176005,19.89841134105626,-0.7424795258613947,13.888436060884388,-7.570753376092926
391,37.708708030977846,20.587571479711237,-1.460304367585277,14.383615023522873,-7.341349297403021
392,37.70642743019564,21.276731618366213,-1.304357456021792,14.833820234005254,-7.384870137338324
393,37.70414682941343,21.965891757021183,-2.1517400644540907,15.323181491484705,-7.086390022826993
394,37.70186622863123,22.65505189567616,-1.4198405097647,15.729316759832093,-7.31435299238048
395,37.699585627849025,23.344212034331136,-1.6077611516036283,16.19436901104089,-7.226791166919437
396,37.69730502706682,24.033372172986105,-0.6156969892277699,16.618102034005606,-7.556376436892498
397,37.69502442628461,24.722532311641082,1.1543761985098153,16.99677146072982,-8.166321820237956
398,37.69274382550241,25.41169245029605,0.4053588777521189,17.520492490174547,-7.934348923453947
399,37.690463224720204,26.100852588951035,1.277773070885549,17.91919410851449,-8.22624519179837
400,37.688182623938,26.790012727606,1.0417424322434203,18.37584793681174,-8.153421751156598
401,37.1354389963756,26.7839202437796,0.8660540751404207,18.36317383650869,-8.621431136081398
402,36.5826953688132,26.7778277599532,0.991432850150342,18.348594284520377,-9.209164345692873
403,36.0299517412508,26.7717352761268,1.020590042739542,18.356752746103034,-9.770212508990713
404,35.4772081136884,26.7656427923004,1.0553312688000547,18.368125877905094,-10.341675902749566
405,34.924464486126,26.759550308474,0.8990956363464425,18.397994453345156,-10.848566251614455
406,34.92674016324091,26.071878021290054,0.6778918626441834,17.983850906258386,-10.828505618121362
407,34.92901584035582,25.384205734106104,0.22047169238264822,17.54619323456217,-10.675780585366633
408,34.931291517470726,24.696533446922153,1.7148525013289984,17.015220807280194,-11.153114986295755
409,34.93356719458564,24.008861159738206,2.490948392693305,16.508474571795663,-11.392903448832403
410,34.93584287170055,23.32118887255426,2.503390126354348,16.031186720613704,-11.40593778781375
411,34.93811854881546,22.63351658537031,1.38924225996053,15.6321171196445,-11.044622727586747
412,34.94039422593037,21.94584429818636,-1.192513731412109,15.288501235675692,-10.211368817099428
413,34.94266990304528,21.25817201100241,0.059453115052432975,14.768047200566125,-10.608772593553894
414,34.944945580160194,20.57049972381846,-1.712846979548772,14.384465551776893,-10.028700642445221
415,34.9472212572751,19.882827436634514,0.4130890989920639,13.832474747598248,-10.71479127223083
416,34.94949693439001,19.195155149450564,-0.8631149162754462,13.412993143443643,-10.270955084340082
417,34.95177261150492,18.507482862266613,0.7047499411858564,12.884857843887351,-10.774196339353244
418,34.95404828861983,17.81981057508267,-0.6615474964807065,12.454948532721227,-10.335734661004192
419,34.95632396573474,17.13213828789872,0.48153455590760685,11.94530029872637,-10.708191793582548
420,34.95859964284965,16.44446600071477,0.5129744557491612,11.467011426423758,-10.722662094930671
421,34.960875319964565,15.756793713530822,0.6930424710010618,10.993750852849061,-10.775994366356086
422,34.963150997079474,15.069121426346872,2.013230029854213,10.489985279581843,-11.207634517392302
423,34.96542667419438,14.381449139162923,0.17592178123149504,10.089071200489276,-10.590795404263117
424,34.96770235130929,13.693776851978976,3.2098888069536398,9.525364275275267,-11.57248266135954
425,34.9699780284242,13.006104564795027,0.4209878159684377,9.129410784541417,-10.642919053556776
426,34.97225370553912,12.318432277611079,-0.47946733788658213,8.676576574716085,-10.336205348175238
427,34.974529382654026,11.63075999042713,0.13902832030422146,8.181083106252661,-10.519634506705149
428,34.976805059768935,10.94308770324318,-0.9383124293864044,7.7262842705508135,-10.16820914500517
429,34.979080736883844,10.255415416059229,1.3582768330142678,7.185506713079986,-10.908079808006953
430,34.98135641399875,9.567743128875282,1.8830499694353344,6.703769286122885,-11.084121509726856
431,34.98363209111366,8.880070841691335,-1.9112012318148668,6.334416677446494,-9.856593911987886
432,34.98590776822857,8.192398554507385,-0.45809869368699596,5.829403822793043,-10.335163592549446
433,34.98818344534349,7.504726267323438,-0.5083131998247556,5.366460997356667,-10.305650347795343
434,34.9904591224584,6.817053980139487,-0.7457827410421534,4.912224816192269,-10.215186370377115
435,34.992734799573306,6.129381692955537,-0.1825223341786603,4.4124459581971625,-10.381143569505284
436,34.995010476688215,5.44170940577159,-1.8781119712480214,3.9698725475902608,-9.81291027621893
437,34.997286153803124,4.754037118587643,-0.854313498195916,3.479313845585697,-10.13121314495264
438,34.99956183091804,4.066364831403693,-3.1108720725482737,3.0283430297660856,-9.378784505341185
439,35.00183750803295,3.378692544219742,-3.8811395961695743,2.5650562608012693,-9.116525399220247
440,35.00411318514786,2.6910202570357953,-3.7792989335709475,2.0720064519941275,-9.140832867942933
441,35.00638886226277,2.003347969851845,-3.715686754692013,1.5904779986423099,-9.145296278822636
442,35.008664539377676,1.315675682667898,-3.175234620548701,1.0882415760119293,-9.31511919829207
443,35.010940216492585,0.628003395483951,-5.35043467219259,0.6288776787971959,-8.60360424026975
444,35.013215893607494,-0.05966889169999945,-4.576403774010586,0.12822881899895264,-8.856749029069418
445,35.01549157072241,-0.7473411788839464,-2.9424897265893915,-0.38448231750916545,-9.394912698235427
446,35.01776724783732,-1.4350134660678968,-0.2725278750020912,-0.9110014663305698,-10.288476940783227
447,35.02004292495223,-2.1226857532518437,-1.9594767638644046,-1.408253655093353,-9.746024487621277
448,35.02231860206714,-2.8103580404357977,-0.799734479550442,-1.8978153334698393,-10.128488348749926
449,35.02459427918205,-3.498030327619741,-2.5977528273281734,-2.3625561407215354,-9.547729095904408
450,35.026869956296956,-4.185702614803688,-2.328740194120163,-2.844988156281287,-9.628107585740484
451,35.02914563341187,-4.873374901987642,-4.079392764568183,-3.296149566558122,-9.042462822691016
452,35.03142131052678,-5.561047189171585,-1.9460613601450907,-3.7633358292041175,-9.735362003432638
453,35.03369698764169,-6.248719476355543,-0.6960114575533605,-4.225143629044211,-10.136692184827249
454,35.0359726647566,-6.936391763539486,-2.7831052761628565,-4.687172780587452,-9.434287268150667
455,35.03824834187151,-7.624064050723437,-2.8158746914990473,-5.152616669499014,-9.410157525691968
456,35.04052401898642,-8.311736337907387,-3.0590571902512966,-5.6366879221256285,-9.310868370973731
457,35.04279969610133,-8.99940862509133,-1.3754093718064013,-6.12652218228608,-9.852681958648517
458,35.04507537321624,-9.687080912275281,-2.4978587820685405,-6.604511062989419,-9.47020037172161
459,35.04735105033115,-10.374753199459231,-1.7333628455409769,-7.092153316674957,-9.720843603193957
460,35.04962672744606,-11.062425486643182,-0.7746125729496169,-7.577486165270835,-10.030021686575715
461,35.05190240456097,-11.750097773827125,-2.645240198918915,-8.05599084403162,-9.426817280967681
462,35.054178081675886,-12.437770061011076,-3.9204246783321963,-8.546469595974056,-9.020849927345324
463,35.056453758790795,-13.125442348195026,-4.4618083578519325,-9.0414179597419,-8.842352902284603
464,35.058729435905704,-13.81311463537897,-2.6801748520852593,-9.505499861252623,-9.434383966500475
465,35.06100511302061,-14.500786922562927,-1.9512300763631611,-9.973157503779484,-9.663990852690787
466,35.06328079013552,-15.18845920974687,-1.2946710421531633,-10.423346023848149,-9.868262707443023
467,35.06555646725043,-15.876131496930821,-2.5240310473079397,-10.892363522807027,-9.447234735759169
468,35.06783214436534,-16.56380378411477,-1.840585049246621,-11.352650383012964,-9.654152583089004
469,35.070107821480256,-17.251476071298715,-0.7416688539208587,-11.820548094246865,-9.990260651109073
470,35.072383498595165,-17.939148358482665,-2.1801343456387676,-12.308281889398506,-9.514317122870771
471,35.074659175710075,-18.626820645666616,-1.1284181386738668,-12.793164885519294,-9.8529830057123
472,35.076934852824984,-19.31449293285056,1.0288525084768243,-13.271861702092348,-10.542987852513193
473,35.07921052993989,-20.002165220034517,2.395614870884615,-13.73763198405644,-10.996168839237333
474,35.08148620705481,-20.68983750721846,1.129875413116182,-14.19949989047629,-10.597376542017212
475,35.08376188416972,-21.37750979440241,1.9557948627657957,-14.657266046336144,-10.85459471461267
476,35.08603756128463,-22.06518208158636,-1.3962747372963549,-15.127203924621469,-9.763594656483335
477,35.088313238399536,-22.75285436877031,0.9021750927620067,-15.574061929507508,-10.49036311551183
478,35.090588915514445,-23.440526655954255,-0.8831271476410558,-16.04504350476972,-9.903336360109297
479,35.092864592629354,-24.128198943138205,0.9048642048812067,-16.491901458753983,-10.456333898318467
480,35.09514026974426,-24.815871230322156,0.5947494557658608,-16.956355169648244,-10.332440106639524
481,35.09741594685918,-25.5035435175061,1.0596683673056069,-17.39551471182286,-10.454870914623722
482,35.09969162397409,-26.191215804690057,0.2476370554733192,-17.904109181000184,-10.154984385262402
483,35.101967301089,-26.878888091874,-0.5864468297120952,-18.42457556605843,-9.872404615487957
484,34.549146864316796,-26.8617700927524,-0.38489172986291187,-18.423940935247977,-10.502446279519331
485,33.996326427544595,-26.8446520936308,-1.662454615423202,-18.4446797894596,-10.677666138135733
486,33.4435059907724,-26.8275340945092,-0.637671373297292,-18.426252697513856,-11.57508324778707
487,32.8906855540002,-26.8104160953876,-0.2768708661660306,-18.419659283664817,-12.264795556971269
488,32.337865117228,-26.793298096266,-1.5489293050461974,-18.446490588989796,-12.421682320634007
489,32.335594905486076,-26.107277355130975,0.17155525389514042,-17.944838514744674,-12.948177703686236
490,32.33332469374415,-25.421256613995947,0.017754708202361323,-17.444483972189428,-12.944422862812702
491,32.33105448200223,-24.735235872860923,-0.7231008284613045,-16.970821387966687,-12.740506695509414
492,32.32878427026031,-24.049215131725898,-1.340510840037186,-16.491958405082958,-12.551364863421174
493,32.326514058518384,-23.36319439059087,-0.3241630701579149,-16.023069857242273,-12.880874980324526
494,32.32424384677646,-22.677173649455845,-2.362801305263661,-15.56292480829948,-12.244963759094873
495,32.32197363503454,-21.99115290832082,-1.7511686780315003,-15.113549482123465,-12.465903814870764
496,32.319703423292616,-21.305132167185796,-0.04849813836175926,-14.659767801866687,-13.0219594915981
497,32.31743321155069,-20.619111426050768,-0.2380135697429573,-14.197264360923139,-12.968894148047447
498,32.31516299980877,-19.933090684915744,0.028788319521607944,-13.727717237998599,-13.059860136462373
499,32.31289278806685,-19.24706994378072,1.273942385580891,-13.252357755823166,-13.450642991687122
500,32.310622576324924,-18.56104920264569,1.7732472996938409,-12.787337506732996,-13.60950607072336
501,32.308352364583,-17.875028461510666,1.1962157926966899,-12.321486615566826,-13.42369621970796
502,32.30608215284108,-17.189007720375642,2.416131209719178,-11.851267701831251,-13.817544925357208
503,32.303811941099156,-16.502986979240614,1.624247380554552,-11.375801881087813,-13.576733137142968
504,32.30154172935723,-15.81696623810559,1.9706832542543562,-10.896982098450966,-13.70888851812057
505,32.29927151761531,-15.130945496970563,2.9055246180038328,-10.438914073858763,-14.023511892486582
506,32.29700130587339,-14.444924755835538,0.35132470816738876,-9.97281173480534,-13.210247583848188
507,32.294731094131464,-13.758904014700512,-1.7267901427244388,-9.492960306546667,-12.549078265138776
508,32.292460882389534,-13.072883273565488,-2.1730099291046594,-9.019642742907283,-12.406935166017098
509,32.29019067064761,-12.386862532430461,-1.1118251309692275,-8.545935093803674,-12.750967430957253
510,32.28792045890569,-11.700841791295437,-0.6300580682200574,-8.062660187359548,-12.89531271133107
511,32.285650247163765,-11.01482105016041,-2.247324388782844,-7.559084488522143,-12.355149201591892
512,32.28338003542184,-10.328800309025382,0.24672899585026248,-7.08252758381074,-13.159246805680464
513,32.28110982367992,-9.642779567890358,0.4398687574448729,-6.604896966877534,-13.222963407485475
514,32.278839611938,-8.956758826755333,1.92734275042394,-6.136870204086898,-13.714044402936809
515,32.276569400196074,-8.270738085620309,0.4533718938491227,-5.640080004656565,-13.242295778823456
516,32.27429918845415,-7.584717344485281,1.5698518885968535,-5.160278844175147,-13.631996352675516
517,32.27202897671223,-6.898696603350256,0.16257321158715632,-4.6902256705951,-13.187342407532556
518,32.269758764970305,-6.212675862215228,0.03759522360562542,-4.206406802122772,-13.181251463372499
519,32.26748855322838,-5.526655121080207,-1.9504037242119006,-3.725784115983346,-12.534677157628396
520,32.26521834148646,-4.840634379945179,-3.3803377660455367,-3.247560252284088,-12.078775737328861
521,32.26294812974454,-4.154613638810154,-3.1397568591850353,-2.7851286331424006,-12.16023401868886
522,32.260677918002614,-3.4685928976751264,-4.204392918154496,-2.304718183576275,-11.802750651584105
523,32.25840770626069,-2.782572156540102,-4.3179174489394025,-1.8180651189332648,-11.756138584838379
524,32.25613749451877,-2.0965514154050773,-3.331821190318477,-1.3278967354356639,-12.078091475711407
525,32.253867282776845,-1.4105306742700527,-1.947680888853316,-0.8686107894237683,-12.519524595047374
526,32.25159707103492,-0.7245099331350247,0.3298924486126153,-0.40336500701664796,-13.256066265279
527,32.249326859293,-0.038489192000000116,0.836784317668086,0.07907306843145318,-13.42127007792072
528,32.24705664755108,0.6475315491350244,0.25784334795999136,0.5552775713698668,-13.213583314914375
529,32.244786435809154,1.3335522902700525,0.1765822054645261,1.0403562182953345,-13.175448549936515
530,32.24251622406723,2.019573031405077,0.8559755974351637,1.5082086953601046,-13.394072183485655
531,32.24024601232531,2.705593772540105,-2.707833060201061,2.047251440122299,-12.237360481417
532,32.237975800583385,3.391614513675126,-2.195566151787549,2.5147996080861788,-12.417052033135628
533,32.23570558884146,4.077635254810151,-2.642932867560388,3.009685352378278,-12.293125291650938
534,32.23343537709954,4.763655995945179,-1.3330998861652255,3.4639740522536577,-12.73251700744043
535,32.231165165357616,5.449676737080203,-0.7451757919009101,3.9316348799769925,-12.94568886566978
536,32.22889495361569,6.135697478215235,-4.513211096237334,4.497534921093047,-11.746146235151024
537,32.22662474187377,6.821718219350252,-2.9852740976940386,4.929350119748851,-12.256465729353964
538,32.22435453013185,7.507738960485284,-0.9238046490219558,5.35897505593188,-12.935779395861605
539,32.222084318389925,8.193759701620309,0.2505761770538443,5.7950680530856,-13.3206910822654
540,32.219814106648,8.879780442755333,1.433001168990359,6.229757507460682,-13.720103080456289
541,32.21754389490608,9.565801183890358,0.6920893767146465,6.723633486223094,-13.481496699392872
542,32.215273683164156,10.251821925025382,1.0381368112324365,7.198762850916268,-13.586837832503111
543,32.21300347142223,10.937842666160414,2.7914478572449353,7.625891202888979,-14.151730481000971
544,32.21073325968031,11.623863407295438,2.1142262975541195,8.109666068204136,-13.933414246671955
545,32.20846304793839,12.309884148430456,0.6844249285433778,8.611577270702345,-13.478340809852321
546,32.206192836196465,12.995904889565487,-0.33218618186909277,9.103777161832566,-13.161644678067068
547,32.203922624454535,13.681925630700512,0.7359925444417567,9.541465610305428,-13.52078321016434
548,32.20165241271261,14.367946371835544,1.8506096243340804,9.992596491369477,-13.890850445339193
549,32.19938220097069,15.053967112970561,0.22752995163174033,10.519469597323136,-13.384179935618587
550,32.197111989228766,15.739987854105586,-0.18885667702800518,11.025675189233999,-13.25164178107351
551,32.19484177748684,16.426008595240617,-1.1196187314056774,11.531022825750659,-12.964605832965452
552,32.19257156574492,17.11202933637564,0.09800695624368647,11.977990921161354,-13.379334400072759
553,32.190301354003,17.798050077510666,-2.9567946377681342,12.541759768510394,-12.394518701103092
554,32.188031142261075,18.48407081864569,-2.0813440849691216,12.967369940063552,-12.691726598727378
555,32.18576093051915,19.170091559780715,-2.051395941839485,13.43532995710397,-12.718514178045195
556,32.18349071877723,19.856112300915747,-2.4480993752492277,13.924366158912864,-12.604080875656335
557,32.181220507035306,20.542133042050764,-2.79078770245508,14.419856086601415,-12.50255017043834
558,32.17895029529338,21.228153783185796,-2.859099033847903,14.884924870430298,-12.488261164525351
559,32.17668008355146,21.91417452432082,-1.319542971620378,15.30943525044588,-12.973772207160117
560,32.17440987180954,22.600195265455845,-0.56791909926528,15.73038246936215,-13.21580798787073
561,32.172139660067614,23.28621600659087,0.3117827777373939,16.14250508504731,-13.48550673416212
562,32.16986944832569,23.972236747725894,0.7322673641589051,16.55697060304966,-13.629669189767426
563,32.16759923658377,24.658257488860926,1.5884946479210007,16.999121300435313,-13.924442636219135
564,32.165329024841846,25.34427822999595,1.1597265061172368,17.485625204275493,-13.798441459727432
565,32.16305881309992,26.030298971130975,1.2429464552824672,17.952216552986492,-13.809106893071842
566,32.160788601358,26.716319712266,1.1510241174526774,18.399538496887764,-13.73574504906129
567,31.6080534244046,26.7076735930242,0.0494242638681055,18.466461743878796,-13.944231466836317
568,31.0553182474512,26.6990274737824,1.0209962768675753,18.454705021285477,-14.838012822297303
569,30.5025830704978,26.690381354540598,1.0624196512056292,18.45015039826088,-15.400616145482763
570,29.9498478935444,26.6817352352988,0.9870986061496847,18.456032281973627,-15.923652451942903
571,29.397112716591,26.673089116057,0.3232392507201493,18.47347049312271,-16.261842074690875
572,29.399377462959922,25.98871992097091,0.29769718078066776,18.022209919380554,-16.2979021353249
573,29.401642209328845,25.30435072588482,0.37100802909175085,17.52361460756166,-16.346420938288173
574,29.40390695569777,24.619981530798732,0.2590776864652846,17.039200490128515,-16.311358917844498
575,29.406171702066693,23.93561233571264,-0.055277156554150636,16.582224679457486,-16.20599578415274
576,29.408436448435616,23.251243140626553,-0.485222237354352,16.160649051871623,-16.044649821230806
577,29.41070119480454,22.56687394554046,0.9821209203617025,15.67751506812548,-16.501092939542524
578,29.41296594117346,21.882504750454373,-0.1432336748037879,15.26409236462145,-16.13918521467697
579,29.415230687542383,21.19813555536828,-0.6135989385367941,14.817755240759826,-15.985029127376215
580,29.417495433911306,20.51376636028219,0.8249781428646458,14.306241975313823,-16.4493302936839
581,29.41976018028023,19.829397165196102,0.5114229575901517,13.849486193512487,-16.343959587051312
582,29.422024926649154,19.145027970110014,-0.8923346485408683,13.405069520721874,-15.908888140090735
583,29.424289673018077,18.460658775023923,-1.5048581698186605,12.946334158517109,-15.708549057735954
584,29.426554419387,17.776289579937835,1.6662843605809112,12.412977298304154,-16.701814415979722
585,29.42881916575592,17.091920384851743,-2.078850980066262,11.99785409061856,-15.501193116566888
586,29.431083912124848,16.407551189765655,-1.702352305376186,11.503770857160823,-15.59944015471509
587,29.43334865849377,15.723181994679566,-1.8950888619156645,11.03092274152792,-15.515310913398105
588,29.435613404862693,15.038812799593474,-2.18229520093133,10.557865229189694,-15.40311239114862
589,29.437878151231615,14.354443604507384,-2.5022922057006833,10.085848028076144,-15.291260060473997
590,29.440142897600538,13.670074409421296,-3.9829323172479794,9.65130072537185,-14.827919981240585
591,29.44240764396946,12.985705214335207,-2.4899040642013377,9.158716270968936,-15.29420395692229
592,29.444672390338383,12.301336019249117,1.8190022926335012,8.606147231769004,-16.645060533313547
593,29.44693713670731,11.616966824163027,1.6206382933377126,8.126499791973831,-16.580275770978403
594,29.44920188307623,10.932597629076936,0.6329763306267913,7.67250915530094,-16.25987142662384
595,29.451466629445154,10.248228433990846,0.5008005857561147,7.205959635004707,-16.205584453875765
596,29.453731375814076,9.563859238904755,-1.2720022741821402,6.767070887501602,-15.632734752567417
597,29.455996122183,8.87949004381867,-0.391010662621598,6.273731456197378,-15.897325697280422
598,29.458260868551925,8.195120848732579,-1.1989551499145552,5.813109135616968,-15.634110642168789
599,29.460525614920847,7.510751653646487,-2.8975550636864655,5.378880106131914,-15.088709840027212
600,29.46279036128977,6.826382458560399,-1.9299579025931752,4.885814530818627,-15.384327850544736
601,29.465055107658692,6.142013263474308,-0.843752017269421,4.386915524194777,-15.727682841087343
602,29.467319854027615,5.45764406838822,0.31720499514113,3.887853326931104,-16.08304589281598
603,29.469584600396537,4.773274873302132,-3.1790021256375143,3.4701967867035726,-14.950940561068377
604,29.47184934676546,4.08890567821604,-4.160530300697357,3.00293811490394,-14.61870095500179
605,29.474114093134386,3.4045364831299487,-3.752575483052522,2.5141459701426987,-14.734138322990509
606,29.476378839503308,2.7201672880438608,-5.340912876195223,2.0623299733667833,-14.216580529492441
607,29.47864358587223,2.0357980929577693,-3.2457386619527413,1.5612832081981975,-14.883466974461165
608,29.480908332241153,1.3514288978716813,0.8231491447132971,1.0447225928915982,-16.199534743398452
609,29.483173078610076,0.6670597027855933,0.05111958842053403,0.5758330320252693,-15.94834989885185
610,29.485437824979,-0.017309492300498164,0.03344170182178965,0.1026223004985675,-15.94355705720593
611,29.487702571347924,-0.7016786873865861,-0.5750026313947707,-0.3693593420284264,-15.741721045467447
612,29.489967317716847,-1.3860478824726776,-0.935429792994922,-0.8455313544781223,-15.6328743777963
613,29.49223206408577,-2.0704170775587656,0.43312129039147,-1.3435554580822708,-16.06460101636964
614,29.49449681045469,-2.7547862726448606,-1.8309215433114558,-1.7950200006349513,-15.335602953642452
615,29.496761556823614,-3.439155467730945,0.09975911401946413,-2.3000995539665037,-15.957930983622322
616,29.499026303192537,-4.123524662817033,2.276913329183855,-2.801029399302608,-16.670843499960515
617,29.501291049561463,-4.807893857903128,2.6412002202220153,-3.282563922539727,-16.783144662661144
618,29.503555795930385,-5.492263052989216,4.422017913376492,-3.784678155279723,-17.341711341305345
619,29.505820542299308,-6.1766322480753075,4.340602695918457,-4.26405737443223,-17.308394929856536
620,29.50808528866823,-6.861001443161392,2.5816659328884572,-4.71886223231478,-16.730057972265463
621,29.510350035037153,-7.5453706382474905,1.8459680848676143,-5.1983701797928825,-16.464322776321037
622,29.51261478140608,-8.229739833333575,0.7057513737149881,-5.662917743325464,-16.08289476776486
623,29.514879527775,-8.91410902841966,-0.024260843009094424,-6.14095955743956,-15.841977171860037
624,29.517144274143924,-9.598478223505758,-2.5333362605390946,-6.603753800766387,-15.026167913276302
625,29.519409020512846,-10.282847418591842,-0.9952035062452049,-7.097514644314876,-15.524554559385756
626,29.52167376688177,-10.967216613677934,-2.1337665869864963,-7.569665899863907,-15.166186339518568
627,29.52393851325069,-11.651585808764025,-1.9917274096999436,-8.063535544413165,-15.208763595936995
628,29.526203259619614,-12.33595500385011,-0.7141823650561681,-8.569455339446607,-15.607436572714693
629,29.52846800598854,-13.020324198936201,-0.7195445466069684,-9.043954806834513,-15.614390704327588
630,29.530732752357462,-13.704693394022293,-0.8151284833252823,-9.513250004720513,-15.581729396715057
631,29.532997498726385,-14.389062589108384,0.6612705826429497,-10.00828464425525,-16.0582596815294
632,29.535262245095307,-15.073431784194469,-1.8016396772481456,-10.43541360208133,-15.263698273345703
633,29.53752699146423,-15.75780097928056,0.8729778348281569,-10.918502963950404,-16.128441939169676
634,29.539791737833156,-16.44217017436665,-0.033721145334742075,-11.358890039272216,-15.849398806412312
635,29.542056484202078,-17.126539369452736,-0.39668632333459064,-11.81364100548718,-15.71725594130327
636,29.544321230571,-17.810908564538835,0.931513671071299,-12.28554465007552,-16.132162111868737
637,29.546585976939923,-18.49527775962492,-2.4612896118771954,-12.721006727000333,-15.045266440371705
638,29.548850723308846,-19.179646954711004,-2.3238607471228496,-13.216792485079692,-15.090565467226662
639,29.551115469677768,-19.864016149797102,-0.6786708183976101,-13.708241043332723,-15.623987568743768
640,29.55338021604669,-20.548385344883187,-0.8014298569348439,-14.183730837114796,-15.586792150729583
641,29.555644962415617,-21.232754539969278,-2.0024098918527735,-14.635065106416938,-15.20714766352463
642,29.55790970878454,-21.91712373505537,-1.493338745099365,-15.099913596978011,-15.354008747662792
643,29.56017445515346,-22.60149293014146,-2.7629991574077444,-15.56080958773991,-14.91949823692182
644,29.562439201522384,-23.285862125227546,-1.9973824833087988,-16.032244463035266,-15.135342170705261
645,29.564703947891307,-23.970231320313637,-1.9004316149489344,-16.505105063355064,-15.139629119500203
646,29.566968694260233,-24.65460051539973,-2.2360474136240653,-16.97276232865548,-15.014471422197794
647,29.569233440629155,-25.338969710485813,0.03121716319162504,-17.463368053801467,-15.69454506106843
648,29.571498186998078,-26.02333890557191,-0.9531809042496012,-17.93929048483745,-15.364399023759878
649,29.573762933367,-26.707708100658,-0.39582971884458396,-18.407946528449898,-15.572148002602567
650,29.0209424965948,-26.6905901015364,-0.14232912345145254,-18.402424539651786,-16.21196291880659
651,28.4681220598226,-26.6734721024148,-0.24596778048996115,-18.4023472481339,-16.74268188973545
652,27.9153016230504,-26.6563541032932,-0.7336636313114275,-18.40106183164092,-17.145674594749558
653,27.362481186278202,-26.639236104171598,0.11589807304748712,-18.415217424778756,-17.98119194458719
654,26.809660749506,-26.62211810505,-0.2050269024387175,-18.41824628832567,-18.445095945720517
655,26.80740146851008,-25.939400456012834,-0.4216781775231919,-17.953708900720343,-18.360580372562964
656,26.805142187514154,-25.256682806975665,-0.38217522470955584,-17.498799106983135,-18.366347362649947
657,26.80288290651823,-24.5739651579385,0.6130001310870672,-17.024285384250813,-18.702139757263616
658,26.80062362552231,-23.891247508901333,1.258173398506476,-16.56039125316788,-18.930453173112586
659,26.798364344526387,-23.208529859864164,-0.6918411859206353,-16.072431165381783,-18.352353373777152
660,26.79610506353046,-22.525812210827,-2.462925059458465,-15.576951318563864,-17.833469479847206
661,26.79384578253454,-21.843094561789833,-1.5601626860734983,-15.13244189425112,-18.131989138342036
662,26.791586501538617,-21.160376912752668,-1.7254050065607853,-14.65715551956409,-18.097605780230175
663,26.789327220542692,-20.4776592637155,-1.0093509781318273,-14.195917580005656,-18.323118420601368
664,26.78706793954677,-19.794941614678333,-1.5648356043597906,-13.712400303437816,-18.14991996497814
665,26.784808658550848,-19.112223965641167,-1.576718458544452,-13.243802333558861,-18.130252225288263
666,26.782549377554925,-18.429506316603998,-1.8450149785696874,-12.760685377921988,-18.04876001020909
667,26.780290096559,-17.746788667566832,-2.589834898096956,-12.2793824564126,-17.820422225469265
668,26.778030815563078,-17.064071018529667,0.3170591733960556,-11.858681525386405,-18.75673219901869
669,26.775771534567156,-16.381353369492498,2.380239908372033,-11.419820460465331,-19.425337448044544
670,26.77351225357123,-15.698635720455332,3.0896927893145665,-10.948429450564836,-19.663126804650314
671,26.771252972575308,-15.015918071418165,2.0119761585258287,-10.457254388293617,-19.315321352700096
672,26.768993691579386,-14.333200422381,3.1054220732747897,-9.991944242682665,-19.651473273746248
673,26.766734410583464,-13.650482773343832,1.235973200864521,-9.483082054786093,-19.0499783539452
674,26.764475129587538,-12.967765124306666,0.12091379041232761,-9.000722945773992,-18.67771158416045
675,26.762215848591616,-12.285047475269499,-1.0367514437433765,-8.520002640250716,-18.30952799353514
676,26.759956567595694,-11.602329826232333,-1.0662132330116707,-8.054265501950635,-18.302421807504544
677,26.75769728659977,-10.919612177195166,-0.1184936249554101,-7.589626766240533,-18.605231326362574
678,26.755438005603846,-10.236894528157997,-0.5968935561793666,-7.104139685589257,-18.45398372978707
679,26.753178724607924,-9.554176879120831,-0.54077759915156,-6.612973156453906,-18.47279797808029
680,26.750919443612002,-8.871459230083666,-1.3251098483614236,-6.123690022917412,-18.21908330956388
681,26.748660162616076,-8.1887415810465,0.6784723118427234,-5.668134420777242,-18.848890545532328
682,26.746400881620154,-7.506023932009331,2.6923102508414707,-5.226338452220281,-19.50034588283726
683,26.744141600624232,-6.823306282972165,2.502141053568916,-4.754964129643054,-19.450279053749238
684,26.74188231962831,-6.140588633934996,3.2986819535520024,-4.290441104920168,-19.710956531475798
685,26.739623038632384,-5.457870984897834,4.192784087073555,-3.8217611684423587,-20.011802887146406
686,26.737363757636462,-4.775153335860665,2.9902254860872315,-3.3375773852107242,-19.64446025299426
687,26.73510447664054,-4.0924356868234995,2.758167459441698,-2.8518542386538543,-19.569828970999524
688,26.732845195644614,-3.4097180377863303,2.140223420658814,-2.3522821979183104,-19.39154129824714
689,26.730585914648692,-2.7270003887491647,-0.2907157084112833,-1.8366668286554384,-18.626841568197968
690,26.72832663365277,-2.044282739711999,0.5736508125192028,-1.360386052692875,-18.908986132877672
691,26.726067352656848,-1.3615650906748336,-1.1084168776819738,-0.854345533802579,-18.38283845131502
692,26.723808071660923,-0.6788474416376644,0.20992689550458932,-0.39411254079234326,-18.80610930982171
693,26.721548790665,0.0038702073995011688,-0.1593434807124408,0.08852073263095267,-18.696305739490747
694,26.71928950966908,0.6865878564366668,-1.102279790738866,0.5877708149632505,-18.40732434110261
695,26.717030228673153,1.369305505473836,-0.23393883123258907,1.0543530066186582,-18.686016120719007
696,26.71477094767723,2.0520231545110015,-0.3577769838947661,1.5348631200136422,-18.657429310336717
697,26.71251166668131,2.7347408035481706,-1.1651976984473538,2.020805257577832,-18.391425058022712
698,26.710252385685386,3.4174584525853327,-3.1309113551020147,2.539930138778277,-17.773611612756415
699,26.70799310468946,4.100176101622498,-2.8379021934808795,3.003991135225048,-17.875270149001082
700,26.70573382369354,4.782893750659667,0.4233995805616815,3.4295657839455136,-18.91761446708239
701,26.703474542697617,5.465611399696833,5.259733967042054,3.820122813888961,-20.448684171046065
702,26.70121526170169,6.148329048734006,3.248738315796965,4.316830619850032,-19.83018432667229
703,26.69895598070577,6.831046697771164,1.4673496557279777,4.8000906157872025,-19.280716170922748
704,26.696696699709847,7.513764346808337,2.446722187458694,5.257663928122953,-19.587725737787455
705,26.694437418713925,8.196481995845502,-0.9638857166053747,5.774902453577508,-18.53073387701954
706,26.692178137718,8.879199644882668,-0.6589461318243713,6.254712791002357,-18.611276652366605
707,26.689918856722077,9.561917293919834,-2.315333498550012,6.760839407917477,-18.088679925334514
708,26.687659575726155,10.244634942957,-0.8552624045823083,7.218441225274928,-18.54369236460138
709,26.68540029473023,10.927352591994172,-1.3134337398615947,7.713295510671666,-18.405859196808688
710,26.683141013734307,11.610070241031337,-1.6024218647945696,8.202340552562129,-18.3270328953755
711,26.680881732738385,12.292787890068496,-2.427073432364123,8.691637645335707,-18.072447871931864
712,26.678622451742463,12.975505539105669,1.915375065012038,9.091618074381621,-19.437447112606975
713,26.676363170746537,13.658223188142834,0.12812595292807832,9.584054706989187,-18.88745128513437
714,26.674103889750615,14.340940837180007,-1.6624305348311528,10.066376998170835,-18.343312970532928
715,26.671844608754693,15.023658486217165,-1.1631430881606875,10.527245713244769,-18.51160634981181
716,26.66958532775877,15.706376135254331,-2.448972183717526,11.020429293934582,-18.123279972147706
717,26.667326046762845,16.389093784291504,-2.374152378010213,11.498445197711193,-18.164269799843968
718,26.665066765766923,17.07181143332867,-0.5234561579124875,11.956955709222008,-18.770361918665092
719,26.662807484771,17.754529082365835,-2.0216573659836317,12.469561524144941,-18.32073625565676
720,26.660548203775075,18.437246731403,0.30811212731380017,12.912053482485744,-19.062937557271088
721,26.658288922779153,19.119964380440166,0.7678263076515938,13.375295912540059,-19.212577130667757
722,26.65602964178323,19.80268202947734,1.0330667446438082,13.826980371839529,-19.2943249203192
723,26.65377036078731,20.485399678514497,2.220505834560663,14.264039268357552,-19.658890780830678
724,26.651511079791383,21.16811732755167,1.74666209600626,14.738311328382792,-19.5082668441828
725,26.64925179879546,21.850834976588835,0.19300740565201197,15.22609743659117,-19.032407317633798
726,26.64699251779954,22.533552625626,1.291983977629855,15.684565423551058,-19.382479377680184
727,26.644733236803614,23.216270274663167,1.8904344219649674,16.122707446409695,-19.568585394612143
728,26.64247395580769,23.898987923700332,-0.43700103026442183,16.61867179334902,-18.825721666239946
729,26.64021467481177,24.581705572737505,0.06784711560649259,17.049939239678963,-18.9782212622195
730,26.637955393815847,25.26442322177467,-0.5641795407618462,17.563588575462056,-18.80786691318068
731,26.63569611281992,25.947140870811836,-0.5052402181485562,18.049606114362682,-18.828103084993888
732,26.633436831824,26.629858519849,1.166634052585561,18.467140580408444,-19.30818611923871
733,26.0807016548704,26.6212124006074,0.3811818050781324,18.4962998556075,-19.624976047825815
734,25.5279664779168,26.6125662813658,-0.014597090499541221,18.51857468856691,-20.05291500644137
735,24.975231300963202,26.6039201621242,-0.6600264989154004,18.53397015460401,-20.40744946382493
736,24.4224961240096,26.5952740428826,-0.06438465681690403,18.538155632619542,-21.155446371186585
737,23.869760947056,26.586627923641,-0.09970345784686493,18.53658722233051,-21.68908135301667
738,23.8720440330117,25.896716806328232,-0.15970885089641584,18.07787442858501,-21.729743683787053
739,23.874327118967404,25.206805689015468,-1.3464259207174865,17.598059073440073,-21.3749212335264
740,23.876610204923104,24.5168945717027,-0.5506651830349782,17.10896671997469,-21.618591526413717
741,23.878893290878807,23.826983454389936,0.5033576327904143,16.61895639137975,-21.953773590210552
742,23.881176376834507,23.137072337077168,0.8414332018692223,16.1375745072199,-22.059262055382817
743,23.88345946279021,22.447161219764403,-1.175655376199883,15.66783564518939,-21.443353970843408
744,23.88574254874591,21.757250102451636,-0.8489221239591095,15.200220471432196,-21.547488021857056
745,23.888025634701613,21.06733898513887,-1.8172512501420055,14.739759921706392,-21.252075465546117
746,23.890308720657313,20.377427867826103,-0.3238949006335574,14.269297046972026,-21.69397670449334
747,23.892591806613012,19.68751675051334,1.309415010007435,13.787323638732122,-22.185122555842348
748,23.894874892568716,18.99760563320057,-0.8227710611190544,13.329303201293104,-21.510622268069927
749,23.897157978524415,18.307694515887803,0.5983759616353059,12.837277669192533,-21.93596366029157
750,23.89944106448012,17.61778339857504,-1.6402755747206026,12.376249405019987,-21.2255702874462
751,23.901724150435818,16.927872281262275,0.8543976101503074,11.859871545868907,-21.978522427022497
752,23.90400723639152,16.237961163949507,-2.607805282611295,11.42933585538405,-20.89050429009243
753,23.90629032234722,15.54805004663674,-1.7360976600071871,10.939264798422359,-21.146200126795836
754,23.908573408302924,14.858138929323975,-1.9498454465989032,10.454157676413105,-21.07624173888643
755,23.910856494258624,14.168227812011208,-0.8732666819786882,9.968750517386209,-21.396129947757032
756,23.913139580214324,13.478316694698442,-3.2293834802341372,9.519119978048609,-20.667214560321643
757,23.915422666170027,12.788405577385676,0.6806003958480327,8.997841418720686,-21.852000667268978
758,23.917705752125727,12.09849446007291,-0.4133540418796063,8.539243690730682,-21.49590237078561
759,23.91998883808143,11.408583342760144,0.6231975714849304,8.046788348089956,-21.798681791648455
760,23.92227192403713,10.718672225447378,1.618097805442141,7.5466478309612715,-22.10213617295769
761,23.924555009992833,10.02876110813461,0.003285739995719794,7.087438457014983,-21.60008624657812
762,23.926838095948533,9.338849990821846,-0.30737209921711584,6.598534727712752,-21.502932399570323
763,23.929121181904232,8.648938873509078,-4.13689427078718,6.150686231681615,-20.328221952691496
764,23.931404267859936,7.959027756196313,-3.6363984141069055,5.652885309299664,-20.49497587354665
765,23.933687353815635,7.2691166388835455,-2.9904432839130504,5.148436126716357,-20.69908414957439
766,23.93597043977134,6.579205521570778,0.44574048427208124,4.630600480279302,-21.758960584284623
767,23.93825352572704,5.889294404258013,2.8799400548730683,4.132557070482525,-22.50474474689302
768,23.94053661168274,5.199383286945245,2.117565306225685,3.6672577849573003,-22.267697045489555
769,23.94281969763844,4.509472169632481,0.5221186829104754,3.2103649859368146,-21.76268444111309
770,23.945102783594145,3.8195610523197168,1.9824274171374061,2.7178970824938857,-22.197617936185488
771,23.947385869549844,3.129649935006949,-1.5068784061377705,2.284587516233326,-21.104626602974918
772,23.949668955505544,2.4397388176941845,-1.4693342750982294,1.7945941425082275,-21.104775757412824
773,23.951952041461247,1.7498277003814167,-4.1185710000015385,1.3394937010127395,-20.269593839038762
774,23.954235127416947,1.0599165830686488,-3.798237155546547,0.8442016981246923,-20.376113208388656
775,23.95651821337265,0.37000546575588444,-0.4652335256682857,0.31173223263170735,-21.407158995376225
776,23.95880129932835,-0.3199056515568799,-3.4727281043595273,-0.12188611389979126,-20.459001283107096
777,23.961084385284053,-1.0098167688696478,-0.98663057787527,-0.6375701816878964,-21.230862362006356
778,23.963367471239753,-1.699727886182412,-0.10401655063687792,-1.1342433475307343,-21.4952068042938
779,23.965650557195456,-2.38963900349518,-0.9855146346241611,-1.6014945466164792,-21.20029854957521
780,23.967933643151156,-3.0795501208079443,2.1712587264485093,-2.1305661245526495,-22.178233769290937
781,23.970216729106856,-3.769461238120712,1.1403183649455713,-2.6045525971365135,-21.85318781324726
782,23.97249981506256,-4.45937235543348,1.3276573287301423,-3.0999454353668012,-21.899674021881918
783,23.97478290101826,-5.149283472746244,2.2332310411466216,-3.605042584722174,-22.18532704639986
784,23.97706598697396,-5.839194590059012,1.4097832318003811,-4.081150934556334,-21.9311703654733
785,23.97934907292966,-6.52910570737178,-0.0805190228942596,-4.536879770614486,-21.467778022820998
786,23.981632158885365,-7.219016824684541,-1.5743604311582207,-5.002954276263708,-20.988899454825532
787,23.983915244841064,-7.908927941997309,-3.7244619937812287,-5.446856757156635,-20.316653685227173
788,23.986198330796768,-8.598839059310077,-1.4947018946842712,-5.971711793400608,-20.9889726743345
789,23.988481416752467,-9.288750176622845,0.20974453021145756,-6.486922383577609,-21.513482413732337
790,23.990764502708167,-9.978661293935613,1.5484543676689384,-6.987603741544524,-21.9370654584026
791,23.99304758866387,-10.668572411248373,-0.389563776414262,-7.426949743515617,-21.343029149516486
792,23.99533067461957,-11.358483528561141,0.3930867189691909,-7.906209351485501,-21.59773283888007
793,23.997613760575273,-12.048394645873909,-1.182909509180907,-8.356521827963887,-21.10850164878055
794,23.999896846530973,-12.738305763186677,-2.138810852180416,-8.801857445309317,-20.823366557244743
795,24.002179932486676,-13.428216880499445,0.5636842284512475,-9.338678502621491,-21.648873787473317
796,24.004463018442376,-14.118127997812206,-1.3424454064952474,-9.77653107962407,-21.056800571234586
797,24.006746104398076,-14.808039115124974,0.7343871182130539,-10.329228663938542,-21.694074557057895
798,24.00902919035378,-15.497950232437741,-2.090404537593075,-10.76712182080964,-20.82610579000009
799,24.01131227630948,-16.18786134975051,-5.166550478371606,-11.192677956288419,-19.869814533991423
800,24.013595362265182,-16.877772467063277,-5.250065940701736,-11.68200448116179,-19.841733308666406
801,24.01587844822088,-17.567683584376038,-4.55854016979408,-12.167724406134072,-20.03806866341383
802,24.018161534176585,-18.2575947016888,-6.8460989390138955,-12.587648439765625,-19.330229166840848
803,24.020444620132285,-18.947505819001567,-3.9282529335815752,-13.12894623979012,-20.219210725253486
804,24.022727706087988,-19.637416936314334,-1.5783338226654762,-13.658742968683594,-20.93825979943767
805,24.025010792043688,-20.327328053627102,-2.4519511609796445,-14.12869939644347,-20.666981187330528
806,24.027293877999387,-21.01723917093987,-0.9446228191907393,-14.646663191773523,-21.13713302866681
807,24.02957696395509,-21.70715028825263,-3.2930918349497773,-15.079353530326063,-20.415297271000426
808,24.03186004991079,-22.3970614055654,0.3337527755203394,-15.6440298129057,-21.514068583477737
809,24.034143135866493,-23.086972522878167,-0.2038119854436215,-16.09996391831312,-21.322273694367837
810,24.036426221822193,-23.776883640190935,0.5615906114668139,-16.584844486694227,-21.52784197827863
811,24.038709307777896,-24.466794757503703,-1.2411816798163033,-17.0309324407929,-20.933486956893713
812,24.040992393733596,-25.156705874816463,-1.255282754816091,-17.50908710549376,-20.916537232303615
813,24.0432754796893,-25.84661699212923,-1.4092559493483692,-17.9556843858469,-20.868961447343157
814,24.045558565645,-26.536528109442,0.5915242754608121,-18.45156409555518,-21.469467952647268
815,23.492738128872798,-26.5194101103204,0.08052807204679047,-18.447199878403666,-21.861480278497403
816,22.9399176921006,-26.5022921111988,-0.41119801873109874,-18.453652956417894,-22.272175991867602
817,22.3870972553284,-26.4851741120772,-0.6648588172641144,-18.453787603373,-22.76270588508377
818,21.8342768185562,-26.468056112955598,-1.796896843174813,-18.437770576986964,-22.971028496128906
819,21.281456381784,-26.450938113834,-2.1875862979202703,-18.436039176031567,-23.412377557711142
820,21.27917883218017,-25.762699991220142,-0.3477426153050868,-18.030590016221982,-23.97797264761315
821,21.27690128257634,-25.074461868606285,2.35455368563801,-17.618947958012043,-24.86261963907954
822,21.274623732972508,-24.386223745992428,-1.2662639292791147,-17.0216058507069,-23.73912761457557
823,21.272346183368676,-23.69798562337857,0.7005285922213222,-16.621761518677406,-24.3369247663219
824,21.270068633764843,-23.009747500764714,0.2626453389371958,-16.139972271377058,-24.221876836406913
825,21.267791084161015,-22.321509378150857,-0.3342066481921216,-15.663285174730039,-24.047825490990753
826,21.265513534557183,-21.633271255537,-0.39776153723606666,-15.194613794026274,-24.044520002099745
827,21.26323598495335,-20.945033132923143,-0.08381573924603451,-14.727700313569382,-24.16251274213293
828,21.26095843534952,-20.256795010309286,-2.9649640759094873,-14.156201433989228,-23.304180082674534
829,21.25868088574569,-19.56855688769543,-1.471679506642975,-13.702819956669172,-23.758139675266353
830,21.256403336141858,-18.880318765081572,-0.050526623045823754,-13.258465262696552,-24.191504003161665
831,21.254125786538026,-18.192080642467715,-2.3237773123497223,-12.718830068451785,-23.508640951927223
832,21.251848236934194,-17.503842519853855,-0.8385834578560456,-12.278998673330804,-23.95226739030805
833,21.249570687330365,-16.81560439724,-3.0689226186025036,-11.739555497855898,-23.280559736349865
834,21.247293137726533,-16.12736627462614,-0.34794206938750133,-11.335512685599314,-24.106992474164315
835,21.2450155881227,-15.439128152012284,-0.7142377614609646,-10.832908057151698,-24.00836401272192
836,21.24273803851887,-14.750890029398429,1.8060371209011499,-10.402090667347501,-24.788117273846193
837,21.24046048891504,-14.062651906784572,-1.45125791085231,-9.821785526986753,-23.803388416390025
838,21.23818293931121,-13.374413784170715,-3.1976765575807753,-9.285901482767699,-23.28638568432944
839,21.235905389707376,-12.686175661556858,-3.854609890844423,-8.764170159619004,-23.0973547399619
840,21.233627840103544,-11.997937538943,-4.6969270431320576,-8.261929643068497,-22.85029000099989
841,21.231350290499716,-11.309699416329144,-5.383287936128505,-7.757470005077833,-22.639228474457923
842,21.229072740895884,-10.621461293715287,-1.9354000091560095,-7.361307317078329,-23.691829194063143
843,21.22679519129205,-9.933223171101428,-1.5387878174539444,-6.896867722847003,-23.803403779516003
844,21.22451764168822,-9.244985048487571,-0.8832534689862999,-6.439071666849379,-24.005894450285986
845,21.22224009208439,-8.556746925873714,-0.269627952007367,-5.997122999892522,-24.1754176505386
846,21.21996254248056,-7.868508803259857,0.7600665151703492,-5.543213057480358,-24.489142365680248
847,21.217684992876727,-7.180270680646,-1.6903424887547216,-5.0162410689169015,-23.738340672061216
848,21.2154074432729,-6.492032558032143,-2.980853259613934,-4.508295406295086,-23.33297687946079
849,21.213129893669066,-5.803794435418286,0.09713939116585993,-4.078812725125513,-24.270270484399028
850,21.210852344065234,-5.115556312804426,-0.12269564704012526,-3.5784335276322854,-24.20305792618439
851,21.208574794461402,-4.427318190190569,0.9326622504362682,-3.101177617908898,-24.530731230997123
852,21.206297244857574,-3.7390800675767153,2.972148496484815,-2.6608919640575124,-25.16882572476863
853,21.20401969525374,-3.0508419449628583,2.476366394961186,-2.1590194045016924,-25.041815940495272
854,21.20174214564991,-2.3626038223490013,2.1792945891148134,-1.6702865355921586,-24.976332706158058
855,21.199464596046077,-1.6743656997351444,1.647109278086044,-1.173333081278509,-24.83488170008113
856,21.19718704644225,-0.9861275771212874,0.20925881486104028,-0.6716665675543543,-24.410910901461868
857,21.194909496838417,-0.29788945450743043,-1.1219446987560122,-0.17805075253345004,-24.012514459379133
858,21.192631947234585,0.39034866810642654,-2.8021078254928558,0.3177748031529706,-23.512860461118674
859,21.190354397630752,1.0785867907202835,-3.469022673936156,0.806104105819692,-23.29480318402617
860,21.188076848026924,1.7668249133341405,-2.9093768379356493,1.2729948718397197,-23.465631572359314
861,21.185799298423092,2.4550630359479975,-0.7131959771372471,1.7346500269945415,-24.145345947461134
862,21.18352174881926,3.1433011585618544,2.242960813251922,2.200112953192187,-25.05960953137909
863,21.181244199215428,3.8315392811757114,2.2137252226839497,2.7014702159740356,-25.064774171865473
864,21.1789666496116,4.519777403789568,1.053566774287699,3.2016974269797065,-24.712979242930942
865,21.176689100007767,5.208015526403425,2.545737252305788,3.673962009395285,-25.178107687049575
866,21.174411550403935,5.896253649017282,-0.9924923096976475,4.192270942049486,-24.112266564525193
867,21.172134000800103,6.584491771631143,-0.3348345743553788,4.665686461970852,-24.30341707080998
868,21.169856451196274,7.272729894244996,-0.5017923391514899,5.152754760841046,-24.248316970286545
869,21.167578901592442,7.960968016858857,1.4295702802758259,5.619172840713986,-24.841483225091878
870,21.16530135198861,8.64920613947271,0.008453605247919632,6.110182937840018,-24.40915221401438
871,21.16302380238478,9.33744426208657,1.8887835851306138,6.5828088620722,-24.986004518420593
872,21.16074625278095,10.025682384700431,3.402253215578451,7.064998112512364,-25.445289320148007
873,21.158468703177117,10.713920507314285,1.6756754495518429,7.559872867088216,-24.93270835265206
874,21.156191153573285,11.402158629928145,-2.503888285975979,8.073953850157793,-23.66333098418657
875,21.153913603969457,12.090396752541999,-0.8537516549403051,8.551490930570152,-24.1622589112102
876,21.151636054365625,12.77863487515586,-1.7538204638482473,9.043771870076917,-23.88982670407159
877,21.149358504761793,13.466872997769713,-2.746214311167444,9.526051761790562,-23.588188213780686
878,21.14708095515796,14.155111120383573,-5.561077290986084,10.021335627851503,-22.747308375199978
879,21.144803405554132,14.843349242997427,-4.703522375152461,10.495958896851509,-23.026743498449232
880,21.1425258559503,15.531587365611287,-1.2505949412294675,10.947544264491642,-24.0827181274706
881,21.140248306346468,16.219825488225148,-0.9329023239748805,11.41965387269243,-24.19632853631643
882,21.137970756742636,16.908063610839,-1.0115723719317433,11.899059032302418,-24.191693510156295
883,21.135693207138807,17.59630173345286,-0.8962926295694769,12.374374592756753,-24.24567930076753
884,21.133415657534975,18.284539856066708,0.7849838933964044,12.853363071915629,-24.767466911521517
885,21.131138107931143,18.97277797868057,-0.22627126636670936,13.335341773296534,-24.47360764101739
886,21.12886055832731,19.661016101294422,0.5367713080571952,13.818524116902891,-24.721765130247075
887,21.126583008723482,20.349254223908282,0.09372554376708866,14.294990373949226,-24.613798959522608
888,21.12430545911965,21.037492346522143,0.24844080480619213,14.76167341006953,-24.672973937090443
889,21.12202790951582,21.725730469135996,-1.710159367577392,15.238609239842232,-24.08292965626311
890,21.119750359911986,22.413968591749857,-2.248606089496164,15.692522257881327,-23.902701340864873
891,21.117472810308158,23.10220671436371,-1.3578363989491262,16.1522252766406,-24.165400021934932
892,21.115195260704326,23.79044483697757,-1.1044105175043761,16.631734382247952,-24.24304558499765
893,21.112917711100494,24.478682959591424,-0.23780912289609393,17.12327563820834,-24.50247679677395
894,21.11064016149666,25.166921082205285,-0.35971715390247655,17.620916067725666,-24.481344051692226
895,21.108362611892833,25.855159204819138,-0.3320884772370875,18.137283111979855,-24.47560278457629
896,21.106085062289,26.543397327433,-0.9770802523996105,18.62337312397999,-24.25173365526293
897,20.5533498853354,26.5347512081912,-0.70477089453939,18.638870927690668,-24.892652512810166
898,20.0006147083818,26.5261050889494,-0.8923050824063204,18.635870215810048,-25.402803339412
899,19.4478795314282,26.517458969707597,-1.948506283517035,18.65940225105075,-25.71999342892533
900,18.8951443544746,26.508812850465798,-2.3735355752683382,18.652628708339947,-26.175601309418074
901,18.342409177521,26.500166731224,0.07380367159333345,18.64758950482219,-27.437221036784113
902,18.344681190772974,25.813601603309063,-1.430357342607204,18.1542992371301,-26.957908225326875
903,18.346953204024945,25.127036475394128,-0.1706569567256636,17.662980668285694,-27.29672314751236
904,18.34922521727692,24.440471347479193,-0.3276309103590841,17.173090873675516,-27.260112991596092
905,18.351497230528896,23.753906219564257,0.21988759955014475,16.688968458893523,-27.426490180158286
906,18.35376924378087,23.067341091649325,0.3251908596485289,16.2184449302932,-27.459742221912258
907,18.356041257032842,22.38077596373439,0.8901013252603118,15.753303274385043,-27.647730848309774
908,18.358313270284818,21.694210835819455,0.4561681909713436,15.289401672499631,-27.521555648971358
909,18.360585283536793,21.00764570790452,-0.18956640482115295,14.812528457480662,-27.335413580322143
910,18.362857296788764,20.321080579989584,-0.6646631322616392,14.330243241237252,-27.18335946039618
911,18.36512931004074,19.63451545207465,0.3105124597802509,13.836782954807415,-27.463504668581542
912,18.367401323292714,18.947950324159713,-2.526735227205248,13.34132881011795,-26.61162380534207
913,18.369673336544686,18.26138519624478,-0.8869198789050358,12.85337105918483,-27.088489331244087
914,18.37194534979666,17.574820068329842,-0.5810421195417846,12.38231715685155,-27.18271514492841
915,18.374217363048636,16.88825494041491,-1.445604083742806,11.92604326688653,-26.921731492075793
916,18.37648937630061,16.20168981249997,-1.1509462865761286,11.451160996958304,-26.987207136813684
917,18.378761389552583,15.515124684585038,-1.9922380251203362,10.973153687539229,-26.717683745601494
918,18.381033402804558,14.828559556670104,-2.4965653048853866,10.497059611385577,-26.544003473769834
919,18.383305416056533,14.141994428755169,-4.709252941045254,10.018994826275122,-25.864890640193906
920,18.385577429308505,13.455429300840233,-5.460310110692572,9.533885810557937,-25.609971443578218
921,18.38784944256048,12.7688641729253,-4.2632533566109885,9.042709261198723,-25.964983873272438
922,18.390121455812455,12.082299045010366,-4.310701297866575,8.559986524396509,-25.945866347333535
923,18.392393469064427,11.39573391709543,-3.8723191319684287,8.083742762430065,-26.075196530469434
924,18.3946654823164,10.709168789180495,-3.45786338668349,7.591627545712824,-26.20274463263847
925,18.396937495568377,10.02260366126556,-1.000344564560145,7.09000319142226,-26.938891453334705
926,18.399209508820352,9.336038533350624,-1.482133696675069,6.597805601970559,-26.7948611308656
927,18.401481522072324,8.649473405435689,-2.46182098293788,6.127982898468675,-26.481403313876914
928,18.4037535353243,7.962908277520754,-2.193333838805505,5.635600611180193,-26.54410677681411
929,18.406025548576274,7.276343149605818,2.464350994754836,5.119549949356885,-27.951719638192465
930,18.408297561828245,6.589778021690883,-4.645453722087786,4.692614403524808,-25.81428433069912
931,18.41056957508022,5.903212893775947,-2.5793506191854094,4.1994985055774,-26.4254725748712
932,18.412841588332196,5.216647765861012,-1.3743384193487962,3.715088741022704,-26.780222313847588
933,18.415113601584167,4.530082637946077,0.7102752410206172,3.2082070192378342,-27.4020962500243
934,18.417385614836142,3.8435175100311447,-0.25821267098979406,2.7280238088018516,-27.09573999429432
935,18.419657628088117,3.1569523821162093,-2.380380070192136,2.263553309841107,-26.46204072421719
936,18.421929641340093,2.470387254201274,-2.24347937952268,1.787753848951076,-26.489501558645816
937,18.424201654592064,1.7838221262863385,-4.431488099961413,1.3342846590951265,-25.83179125864554
938,18.42647366784404,1.0972569983714031,0.33379781362671945,0.780579182990902,-27.269376401488447
939,18.428745681096014,0.4106918704564677,-1.3869694561778023,0.31865260548863494,-26.76244665710875
940,18.431017694347986,-0.27587325745846414,-1.2034447700014013,-0.16905132851301163,-26.819666983458166
941,18.43328970759996,-0.9624383853733995,-1.1978300722310335,-0.6495946673031814,-26.803153521197107
942,18.435561720851936,-1.649003513288335,-2.319860276791348,-1.127567719747452,-26.454211421534946
943,18.437833734103908,-2.335568641203267,-2.760551781086017,-1.6016007474582636,-26.303888720677886
944,18.440105747355883,-3.022133769118202,-1.3998337789773738,-2.1095041837080926,-26.697597307829298
945,18.442377760607858,-3.7086988970331376,-0.35362193611982506,-2.6108288280076812,-26.98999258697284
946,18.444649773859833,-4.395264024948073,-1.7086641262947564,-3.0639886349169356,-26.561175524696022
947,18.446921787111805,-5.081829152863008,-0.9045955833027076,-3.5489744462863193,-26.801921035006124
948,18.44919380036378,-5.768394280777947,-1.7747416944409897,-4.005224558509463,-26.543163780339576
949,18.451465813615755,-6.454959408692879,-0.7583973091294145,-4.499912243954988,-26.864041659141467
950,18.453737826867727,-7.141524536607818,0.7486574075726065,-5.013832190348829,-27.319705207167697
951,18.4560098401197,-7.82808966452275,-2.8966730192403976,-5.4064366980284735,-26.223363965483802
952,18.458281853371677,-8.514654792437689,-3.048083059787448,-5.873423868072654,-26.18777232536066
953,18.46055386662365,-9.20121992035262,-4.665407995331836,-6.315105809752839,-25.695799500185238
954,18.462825879875624,-9.887785048267553,-5.343621823681212,-6.78933428025852,-25.477095230470027
955,18.4650978931276,-10.574350176182492,-5.663133798884443,-7.270603747918023,-25.366150597699914
956,18.467369906379574,-11.260915304097423,-4.231711491943692,-7.807414549050469,-25.779686266092472
957,18.469641919631545,-11.947480432012362,-3.483810773549171,-8.323341809145095,-26.005702393135568
958,18.47191393288352,-12.634045559927294,-1.4318112001239143,-8.884118654620243,-26.618734481598732
959,18.474185946135496,-13.320610687842233,-0.5338823408154847,-9.40801166608984,-26.888599724228776
960,18.476457959387467,-14.007175815757165,-3.7681574101520114,-9.804493261774697,-25.92384940618297
961,18.478729972639442,-14.693740943672104,-0.6636422633072587,-10.368677318343208,-26.850477674524335
962,18.481001985891417,-15.380306071587036,-2.2626156259486967,-10.786374018426228,-26.365266713092886
963,18.48327399914339,-16.066871199501975,-2.329809603688891,-11.264034850218115,-26.337491868426486
964,18.485546012395364,-16.753436327416907,-0.7629220156904394,-11.795262071080668,-26.804708485321495
965,18.48781802564734,-17.440001455331846,-1.3968891200470464,-12.260760505315112,-26.61708921069902
966,18.490090038899314,-18.12656658324677,-1.653500526070821,-12.745817522899133,-26.542330032776103
967,18.492362052151286,-18.81313171116171,-0.02760755604459864,-13.292009088922887,-27.0252881961199
968,18.49463406540326,-19.49969683907664,-1.7617531493614744,-13.735594001632492,-26.494852749121204
969,18.496906078655236,-20.18626196699158,0.4490527378207835,-14.29743943923939,-27.143385697698037
970,18.499178091907208,-20.872827094906512,-2.346496760510835,-14.690424021863524,-26.287622453542483
971,18.501450105159183,-21.55939222282145,-1.8102747549716887,-15.191494132540766,-26.419306125892064
972,18.503722118411158,-22.245957350736383,-0.8006875213768075,-15.705634708002371,-26.696099514574627
973,18.50599413166313,-22.93252247865132,-0.22012019218771872,-16.197642762769938,-26.850919834775475
974,18.508266144915105,-23.619087606566254,-1.4551920861685759,-16.62071542525932,-26.47555922860483
975,18.51053815816708,-24.305652734481193,-1.0474297046061212,-17.110350851531066,-26.602847645968374
976,18.512810171419055,-24.992217862396124,-1.8919279408927012,-17.566168914923082,-26.358222164006825
977,18.515082184671027,-25.678782990311063,-1.6444789013923686,-18.072536874576222,-26.42542486267121
978,18.517354197923,-26.365348118226,-1.3229858665332883,-18.56370167472605,-26.48164413892777
979,17.9645337611508,-26.3482301191044,-0.3662068020432434,-18.62198422693834,-27.329778981953556
980,17.4117133243786,-26.331112119982798,-1.790327966546571,-18.58225994324422,-27.469512723174986
981,16.8588928876064,-26.3139941208612,-2.098923068455761,-18.57847624118474,-27.935935175897203
982,16.3060724508342,-26.296876121739597,-3.0979408021319923,-18.565469216499753,-28.200094635745767
983,15.753252014062,-26.279758122618,-1.3313601450618553,-18.64420085085589,-29.27242633200499
984,15.750985537161895,-25.594865989401974,-2.1383404901882956,-18.131317492707513,-29.05966462035846
985,15.748719060261791,-24.909973856185946,-2.433099622264191,-17.620399908603304,-28.989266643172115
986,15.746452583361688,-24.22508172296992,-3.8005997473623827,-17.069771109507613,-28.60854775212761
987,15.744186106461584,-23.540189589753894,-4.0054115847027605,-16.59514400625573,-28.570106532822486
988,15.74191962956148,-22.85529745653787,-2.812531328031577,-16.16240992861015,-28.938438759316615
989,15.739653152661376,-22.170405323321845,-1.7748104140400676,-15.717329974424667,-29.254176590025743
990,15.737386675761272,-21.485513190105817,-1.7972054663208146,-15.232885356181788,-29.258052716226516
991,15.735120198861168,-20.80062105688979,-1.6415097575679893,-14.742724323413746,-29.304590114977554
992,15.732853721961064,-20.115728923673764,-1.8888172261757739,-14.233991978555363,-29.237644436606587
993,15.73058724506096,-19.43083679045774,-3.0075207135803437,-13.704691596080185,-28.92804544762069
994,15.728320768160856,-18.745944657241715,0.13473065541328394,-13.32758380589534,-29.863293866401673
995,15.726054291260752,-18.061052524025687,-3.4984029321002064,-12.711733705140968,-28.802736773460264
996,15.72378781436065,-17.37616039080966,-3.867393916610431,-12.211092715325268,-28.703752246337242
997,15.721521337460546,-16.691268257593634,-4.657001721772624,-11.700101982505304,-28.467473838405322
998,15.719254860560442,-16.00637612437761,-7.243191300538258,-11.132189646663951,-27.707524080761395
999,15.716988383660338,-15.321483991161582,-4.167166680961157,-10.749491264498413,-28.628386123561473
1000,15.714721906760234,-14.636591857945557,-4.942085090563982,-10.250205828619984,-28.403260171717584
1001,15.71245542986013,-13.951699724729531,-3.7355055428291033,-9.808410137641449,-28.76815940191711
1002,15.710188952960026,-13.266807591513505,-5.31982987610377,-9.281118347962913,-28.301551977327936
1003,15.707922476059922,-12.58191545829748,-2.152842733851198,-8.88844922359755,-29.23411914474139
1004,15.705655999159818,-11.897023325081454,-1.2389940058005156,-8.421332754667464,-29.490820150970293
1005,15.703389522259714,-11.212131191865428,-3.9260580128349276,-7.842923753783852,-28.696959082361058
1006,15.70112304535961,-10.527239058649402,-3.664941341191017,-7.349940525696373,-28.769003189310045
1007,15.698856568459506,-9.842346925433375,-2.054285519163198,-6.89455783154255,-29.262159634563936
1008,15.696590091559402,-9.15745479221735,0.599912412262923,-6.46457430214389,-30.060846822487974
1009,15.694323614659298,-8.472562659001323,1.900953639776846,-6.007873534133831,-30.46975346881471
1010,15.692057137759194,-7.787670525785298,0.26588770654462596,-5.490363834932843,-29.99579004984054
1011,15.68979066085909,-7.10277839256927,2.9099808994475094,-5.068401633207061,-30.79869657729743
1012,15.687524183958987,-6.417886259353246,5.3081282885455465,-4.627175535835863,-31.515182839024803
1013,15.685257707058883,-5.732994126137218,3.182028142165951,-4.0932120711604325,-30.901683609085804
1014,15.682991230158779,-5.048101992921193,1.118043134856392,-3.5829771368544128,-30.290609380249037
1015,15.680724753258675,-4.363209859705165,0.5739282257599467,-3.088496578033024,-30.135539591951478
1016,15.67845827635857,-3.6783177264891442,-0.49628385259026614,-2.597319031295385,-29.818471966034647
1017,15.676191799458467,-2.993425593273116,2.2983047897234656,-2.1693282761508264,-30.65478866537894
1018,15.673925322558363,-2.3085334600570917,1.0321480387674673,-1.668404948353122,-30.27363245070629
1019,15.671658845658259,-1.6236413268410637,2.275798526104316,-1.2052791193338566,-30.638486726121762
1020,15.669392368758155,-0.9387491936250392,1.0732716846389374,-0.6976539416214335,-30.275576968482973
1021,15.667125891858051,-0.2538570604090111,-1.5212872574673453,-0.155900278351248,-29.508589705497688
1022,15.664859414957949,0.4310350728070098,1.352718748541823,0.30501157567992543,-30.372483935547738
1023,15.662592938057845,1.1159272060230379,0.0845988916795759,0.8135427184074602,-30.008908863265564
1024,15.66032646115774,1.8008193392390623,3.0288487346971977,1.262849804702073,-30.89767329882029
1025,15.658059984257637,2.4857114724550904,2.1150798073249577,1.7526565517895856,-30.637334116233216
1026,15.655793507357533,3.170603605671115,1.7373455165782188,2.2232632780782544,-30.525863342904792
1027,15.653527030457429,3.855495738887143,0.8041097321564551,2.7090688101166394,-30.247071128973452
1028,15.651260553557325,4.540387872103167,-1.480049955013821,3.210380108696924,-29.571008620272988
1029,15.648994076657221,5.2252800053191955,-1.9959270609950015,3.6877108642168706,-29.423251311483927
1030,15.646727599757117,5.9101721385352235,0.9315537535416362,4.138582918459196,-30.300180799737397
1031,15.644461122857013,6.595064271751248,-0.6709290547705836,4.6353411781436025,-29.8254889739321
1032,15.64219464595691,7.2799564049672725,-1.296967654482746,5.123461940485795,-29.636373022679678
1033,15.639928169056805,7.964848538183297,-1.7199265452249806,5.611141994901297,-29.52055540191374
1034,15.637661692156701,8.649740671399329,-1.4889724388524923,6.092438329047514,-29.59681783485677
1035,15.635395215256597,9.334632804615353,-3.35724207775224,6.591118396753371,-29.0491202313767
1036,15.633128738356493,10.019524937831378,-3.5751327413763065,7.072993105905663,-28.989232245287
1037,15.63086226145639,10.704417071047402,0.013952042807829176,7.540181992586944,-30.056052724162594
1038,15.628595784556286,11.389309204263434,-2.0509714026753088,8.03768372368197,-29.456892579241877
1039,15.626329307656182,12.074201337479458,-3.786014562941328,8.532169300913079,-28.95985668078111
1040,15.624062830756078,12.759093470695483,-3.8148408735916903,9.016382970038958,-28.961976662200744
1041,15.621796353855974,13.443985603911507,-0.11454647379243359,9.481343652932523,-30.058220600557206
1042,15.61952987695587,14.128877737127539,-0.3703791924630119,9.972522723907058,-30.001874530161167
1043,15.617263400055766,14.813769870343563,0.6911638571533552,10.45445808771256,-30.32976323719492
1044,15.614996923155662,15.498662003559588,1.976922537617245,10.939154972364655,-30.728791122204075
1045,15.612730446255558,16.183554136775612,1.1646017130673396,11.428555119519764,-30.486272399104955
1046,15.610463969355454,16.868446269991637,1.6883600330606423,11.891214328288651,-30.628274479276158
1047,15.60819749245535,17.55333840320767,0.07859909424013933,12.378542747208556,-30.163730023082774
1048,15.605931015555248,18.238230536423686,1.5719940646330932,12.852702321883429,-30.599891173430926
1049,15.603664538655144,18.92312266963971,-1.6720447292191554,13.348678036341923,-29.654784116771822
1050,15.60139806175504,19.60801480285574,-1.307003999798066,13.852949969681525,-29.777474647049015
1051,15.599131584854936,20.292906936071766,-1.1782758581445076,14.344169285906474,-29.830756634435062
1052,15.596865107954832,20.97779906928779,-1.0198829834394953,14.83298147154927,-29.89547491382814
1053,15.594598631054728,21.662691202503815,-1.7132358970088652,15.314717864912994,-29.696629166618667
1054,15.592332154154624,22.347583335719847,-0.5665320700173001,15.792124830609879,-30.02907344716946
1055,15.59006567725452,23.03247546893587,-0.6254670518130965,16.265721564337483,-29.996909018217373
1056,15.587799200354416,23.717367602151896,-0.6552672889043838,16.74963650278122,-29.98881234475728
1057,15.585532723454312,24.40225973536792,-0.7128284796648795,17.23584552264342,-29.964952929820015
1058,15.583266246554208,25.087151868583952,-0.6676698890661895,17.733128543444273,-29.976392149649065
1059,15.580999769654104,25.772044001799976,-1.1694549723692658,18.21391294093617,-29.793391752356627
1060,15.578733292754,26.456936135016,-1.244766247414214,18.68290833550529,-29.70658771633703
1061,15.0259981158006,26.4482900157744,-2.644738265203435,18.697916244347358,-29.867240019902546
1062,14.473262938847201,26.4396438965328,-2.5364996586862203,18.72470840649777,-30.470374704488627
1063,13.9205277618938,26.4309977772912,-0.13680236726133144,18.782965347039298,-31.735247765493654
1064,13.3677925849404,26.4223516580496,-0.20975181211438687,18.807917005893735,-32.28494442289835
1065,12.815057407987,26.413705538808,1.0314384305519582,18.825650850392044,-33.20421541937155
1066,12.817318348535235,25.730486400290882,-2.3748068431506115,18.291521702850368,-32.25392956741533
1067,12.819579289083467,25.047267261773765,-4.246675183004405,17.784092861389844,-31.737325617099646
1068,12.821840229631702,24.364048123256648,-2.7150094941873917,17.284095902725205,-32.18417310803657
1069,12.824101170179935,23.68082898473953,-2.5583708213580683,16.79603794297179,-32.243572408117906
1070,12.82636211072817,22.997609846222417,-1.0932529877500916,16.315748428562056,-32.67800147097679
1071,12.828623051276402,22.3143907077053,-2.075496377637261,15.824557246038433,-32.40544826389016
1072,12.830883991824637,21.631171569188183,-3.5764301376301852,15.33386672189601,-31.97064621615801
1073,12.83314493237287,20.947952430671066,-2.0860079989188614,14.83685565528583,-32.393703454710355
1074,12.835405872921104,20.26473329215395,-2.916306015939665,14.340568638577462,-32.14269639921035
1075,12.837666813469339,19.58151415363683,-3.025012452016033,13.850666726013444,-32.10200629566252
1076,12.839927754017571,18.898295015119714,-3.511354026535358,13.360113778161876,-31.946190073310895
1077,12.842188694565806,18.215075876602597,-1.6306888259014158,12.86698197368716,-32.47859881552203
1078,12.844449635114039,17.53185673808548,-1.4812307689923836,12.38369115725387,-32.5135850729698
1079,12.846710575662273,16.848637599568363,-1.386159601258065,11.903126088104345,-32.54729424684313
1080,12.848971516210506,16.165418461051246,-0.8806030973618204,11.415977263782267,-32.68511261267119
1081,12.85123245675874,15.482199322534129,-2.2927794974235134,10.945769489207086,-32.277887691476955
1082,12.853493397306973,14.798980184017013,-2.709001473908555,10.4500035869712,-32.14931825262305
1083,12.855754337855208,14.115761045499896,-5.554844625342857,9.97395015093476,-31.32396182063106
1084,12.858015278403442,13.43254190698278,-2.8402836091849384,9.458438257620783,-32.098275741489
1085,12.860276218951675,12.749322768465664,-0.433738800543482,8.954019627108574,-32.78827102845089
1086,12.86253715949991,12.066103629948547,-1.0068674181961619,8.481342535583035,-32.612758981156325
1087,12.864798100048143,11.38288449143143,-2.696347951454777,8.017967615699877,-32.11039723894608
1088,12.867059040596377,10.699665352914312,-1.8881129528896323,7.527293948609622,-32.340678718404675
1089,12.86931998114461,10.016446214397195,-2.361838588347822,7.047203056580105,-32.19651391041954
1090,12.871580921692845,9.333227075880078,-3.1919611722207737,6.572501574103411,-31.942739840551916
1091,12.873841862241079,8.650007937362961,-2.2891718034814112,6.088674519020257,-32.20556880767825
1092,12.876102802789312,7.966788798845844,-4.065057832659704,5.620193810717036,-31.679778506990466
1093,12.878363743337546,7.283569660328727,-1.2209908604725597,5.1050897873127665,-32.50607225849174
1094,12.88062468388578,6.60035052181161,-2.0898936116630082,4.643712006512176,-32.24597125834644
1095,12.882885624434014,5.9171313832944925,-3.710656189522269,4.174314429258482,-31.772710380038042
1096,12.885146564982247,5.233912244777375,-1.566048364487599,3.668778588967064,-32.41083950399379
1097,12.887407505530481,4.550693106260258,-1.9310844752660845,3.195484291623935,-32.29890496142828
1098,12.889668446078714,3.8674739677431447,-3.281380913721075,2.7389906012336653,-31.902159352874563
1099,12.891929386626948,3.1842548292260275,-1.2962927605403736,2.2404102439611173,-32.48358821887512
1100,12.894190327175183,2.5010356907089104,-2.103509641283528,1.7752871881813252,-32.236144311144976
1101,12.896451267723416,1.8178165521917933,0.7080451868327352,1.2671065790579974,-33.055717060633995
1102,12.89871220827165,1.1345974136746761,0.1911932678526829,0.7871461800818216,-32.87786564114231
1103,12.900973148819883,0.451378275157559,-3.581470261886266,0.35805272045514264,-31.743821260512153
1104,12.903234089368118,-0.23184086335955456,-2.4397201808774005,-0.1438509834097531,-32.07343816548348
1105,12.90549502991635,-0.9150600018766717,-1.0923460642497695,-0.6512194113318601,-32.469934548321156
1106,12.907755970464585,-1.5982791403937888,-2.494672796922705,-1.114567847076653,-32.05520118464546
1107,12.910016911012818,-2.281498278910906,-1.645459444597141,-1.61356740171786,-32.30951361157918
1108,12.912277851561052,-2.964717417428023,0.1251882502261758,-2.133633745688483,-32.82869583747812
1109,12.914538792109287,-3.64793655594514,-2.056194909306848,-2.580250936164151,-32.17776289607134
1110,12.91679973265752,-4.331155694462257,-2.809091581251571,-3.050352444774794,-31.94390983083406
1111,12.919060673205754,-5.0143748329793745,-2.469638762140014,-3.543397676176866,-32.037448770540315
1112,12.921321613753987,-5.697593971496492,-4.0409472245152545,-4.001544439286638,-31.561606834303028
1113,12.923582554302222,-6.380813110013609,1.3837173086700574,-4.594886803927431,-33.15306213165605
1114,12.925843494850454,-7.064032248530726,2.0865053409065104,-5.094964209596562,-33.345570272884764
1115,12.928104435398689,-7.747251387047843,0.25501279723787723,-5.540614662056626,-32.79079896095359
1116,12.930365375946922,-8.43047052556496,-0.08688725663205271,-6.008904495993667,-32.680290728416345
1117,12.932626316495156,-9.113689664082077,0.07865485816826909,-6.496602299604017,-32.71479222813696
1118,12.93488725704339,-9.796908802599194,-0.1594532637779765,-6.974795017324293,-32.63560793051602
1119,12.937148197591624,-10.480127941116312,-0.9407320037964304,-7.4334531368204875,-32.40312966512896
1120,12.939409138139858,-11.163347079633429,0.4371896211842834,-7.955698338963985,-32.81117268405204
1121,12.941670078688091,-11.846566218150546,0.23041473210113184,-8.440149405148288,-32.759125858339004
1122,12.943931019236325,-12.529785356667663,-1.5940623692605684,-8.882279361770289,-32.22537776883351
1123,12.946191959784558,-13.21300449518478,-4.479617866791627,-9.279890149716188,-31.389642539288793
1124,12.948452900332793,-13.896223633701897,-4.426121855487429,-9.765045630087853,-31.410884781842505
1125,12.950713840881027,-14.579442772219014,-3.07712379965527,-10.282495096696252,-31.78748800912764
1126,12.95297478142926,-15.262661910736131,-3.8096119992809894,-10.736752931471171,-31.572204618528744
1127,12.955235721977495,-15.945881049253249,-4.624699160253327,-11.204838486891719,-31.33338266448108
1128,12.957496662525728,-16.629100187770366,-5.148894864120242,-11.676270739398976,-31.168827349803333
1129,12.959757603073962,-17.312319326287483,-5.075918896548751,-12.165048052366306,-31.17919299449624
1130,12.962018543622195,-17.995538464804593,-6.41096094964346,-12.618466177528136,-30.790583161768293
1131,12.96427948417043,-18.67875760332171,-3.60282876949808,-13.194921058018334,-31.575723642679772
1132,12.966540424718662,-19.361976741838827,-2.2007868425202712,-13.739195898315325,-31.972437926622806
1133,12.968801365266897,-20.045195880355944,-2.5966724955211813,-14.223391981069236,-31.84130289794409
1134,12.971062305815131,-20.72841501887306,-2.440533375882228,-14.72964798034436,-31.875077493356294
1135,12.973323246363364,-21.41163415739018,-1.154318035211233,-15.280607317683227,-32.24878708685342
1136,12.975584186911599,-22.094853295907296,-1.467512449492343,-15.773088992991411,-32.16236856089859
1137,12.977845127459831,-22.778072434424413,-3.72211329161029,-16.18306452861008,-31.49946835796402
1138,12.980106068008066,-23.46129157294153,-2.4140631011576534,-16.72480034458567,-31.857955088905676
1139,12.982367008556299,-24.144510711458647,-2.314613076279441,-17.215677017876036,-31.854178877042184
1140,12.984627949104533,-24.827729849975764,-2.3675031918345266,-17.701757309650997,-31.80362226292208
1141,12.986888889652766,-25.51094898849288,-3.1677250313517047,-18.17639211766393,-31.548855017304902
1142,12.989149830201,-26.19416812701,-2.207084614056333,-18.69109093053892,-31.794885205122736
1143,12.436329393428801,-26.1770501278884,-4.254032142356201,-18.648966127354747,-31.77122923330667
1144,11.8835089566566,-26.159932128766798,-4.713275904378023,-18.65121145695201,-32.19892215488512
1145,11.3306885198844,-26.1428141296452,-3.789683737984571,-18.70404665216517,-33.02862742995388
1146,10.7778680831122,-26.125696130523597,-3.096842473883085,-18.757854680346604,-33.779419679868695
1147,10.22504764634,-26.108578131402,-1.8151438756936589,-18.839966058951667,-34.68210768533765
1148,10.22276256577262,-25.418064275165143,-3.5312821581554967,-18.251378523303536,-34.253986570534344
1149,10.220477485205237,-24.72755041892829,-5.357663209547328,-17.657855032912778,-33.78350690038344
1150,10.218192404637856,-24.037036562691434,-5.129786086916696,-17.150012472315236,-33.87089087249019
1151,10.215907324070473,-23.34652270645458,-4.418889706531473,-16.672976202252546,-34.09118426539997
1152,10.213622243503092,-22.656008850217724,-3.1954754114497446,-16.205259912949582,-34.45806838227023
1153,10.211337162935711,-21.96549499398087,-3.7281839512398594,-15.679019131142816,-34.31590266186103
1154,10.209052082368329,-21.27498113774401,-2.6858737023992223,-15.208161438210631,-34.61988694020659
1155,10.206767001800948,-20.584467281507155,-4.193345062069887,-14.646815802781768,-34.19907796114571
1156,10.204481921233565,-19.8939534252703,-3.3108216151478516,-14.168907948272942,-34.454795873787106
1157,10.202196840666184,-19.203439569033446,-2.224124509540171,-13.690001762535466,-34.775942611630526
1158,10.199911760098804,-18.51292571279659,-3.0333409560362505,-13.160908230446626,-34.55756178972079
1159,10.197626679531421,-17.822411856559736,-4.0352042275877285,-12.623432850237316,-34.28541648665655
1160,10.19534159896404,-17.131898000322877,-3.4518746504354496,-12.145618665268424,-34.46057382834138
1161,10.193056518396657,-16.441384144086022,-2.53922601709054,-11.669242722126778,-34.73202723136684
1162,10.190771437829277,-15.75087028784917,-2.08382910002866,-11.18517603687825,-34.88230168246037
1163,10.188486357261894,-15.060356431612314,-2.316024042780546,-10.687574206362513,-34.824792963742546
1164,10.186201276694513,-14.369842575375458,-3.8399422633024254,-10.15138472962488,-34.39619339530087
1165,10.183916196127132,-13.679328719138605,-3.045810163899546,-9.676476078548767,-34.63945810493382
1166,10.18163111555975,-12.988814862901748,-4.0315438907538494,-9.159602453355765,-34.356843833750496
1167,10.179346034992369,-12.298301006664893,-2.186180015458687,-8.713537723304997,-34.891142537951694
1168,10.177060954424986,-11.607787150428036,-4.732379425528367,-8.155540639414575,-34.16435865726201
1169,10.174775873857605,-10.917273294191181,-2.396889040779746,-7.725191510861062,-34.84638104537811
1170,10.172490793290224,-10.226759437954327,1.6851812565706026,-7.340478604178225,-36.035789969206576
1171,10.170205712722842,-9.536245581717473,0.5355867437988215,-6.821675131021908,-35.71252447342408
1172,10.167920632155461,-8.845731725480615,2.782720447335074,-6.384014984106068,-36.37789172322747
1173,10.165635551588078,-8.15521786924376,2.1162668768188846,-5.882619637782429,-36.18871413152233
1174,10.163350471020697,-7.464704013006905,-1.0827186301592082,-5.321917053620775,-35.25964294202487
1175,10.161065390453317,-6.77419015677005,0.47670550583218063,-4.875024233134749,-35.720785240954235
1176,10.158780309885934,-6.083676300533195,0.5623496598636325,-4.385886940389842,-35.75358429197803
1177,10.156495229318553,-5.39316244429634,-0.8412673306699223,-3.8733944747011733,-35.344512988690866
1178,10.15421014875117,-4.7026485880594855,-2.9240177952001223,-3.343604203887836,-34.736137899948396
1179,10.15192506818379,-4.012134731822631,-1.2462235452150043,-2.8790958742122528,-35.229207012864144
1180,10.149639987616409,-3.321620875585772,0.4331627365183027,-2.4079152203684226,-35.72368939368021
1181,10.147354907049026,-2.631107019348917,-2.563988894592875,-1.8777649354182984,-34.849257014036475
1182,10.145069826481645,-1.9405931631120623,-0.7433300564459935,-1.4209832487578535,-35.38594153280678
1183,10.142784745914263,-1.250079306875211,-3.3348066399368967,-0.8863318996884492,-34.634872957762845
1184,10.140499665346882,-0.5595654506383525,-2.436037685337955,-0.42696803654298116,-34.90861704037262
1185,10.1382145847795,0.1309484055985024,-3.4485764786825945,0.06704928776862501,-34.619928338042136
1186,10.135929504212118,0.8214622618353609,-0.2214592395115081,0.49960732776469047,-35.581705550766195
1187,10.133644423644737,1.5119761180722122,-2.9725113013998987,1.0290294675415372,-34.78881989834466
1188,10.131359343077355,2.202489974309067,-2.963152374758791,1.5124937035271648,-34.806883422859265
1189,10.129074262509974,2.8930038305459256,-4.7017199335,2.032488635051957,-34.31090109928156
1190,10.126789181942591,3.583517686782777,-7.059927029967717,2.557485073583959,-33.62721479594108
1191,10.12450410137521,4.274031543019635,-6.266349395827991,3.034217026198325,-33.86273820404135
1192,10.12221902080783,4.964545399256487,-5.281130286540177,3.512568458350837,-34.16286221593036
1193,10.119933940240447,5.655059255493345,-5.63696925587686,4.007834794783354,-34.07091489241669
1194,10.117648859673066,6.345573111730204,-5.645586539606133,4.496574698817077,-34.07057446065207
1195,10.115363779105683,7.0360869679670515,-5.608424627255118,4.981701607250433,-34.095392853877975
1196,10.113078698538303,7.7266008242039135,-5.625809707943045,5.464699080656619,-34.10051111805931
1197,10.110793617970922,8.417114680440768,-4.216300296906438,5.929410183993147,-34.512587501251986
1198,10.108508537403539,9.107628536677623,-4.879019411169258,6.417306107735323,-34.31772910806156
1199,10.106223456836158,9.798142392914478,-3.910810258712014,6.892130524819929,-34.60378676772332
1200,10.103938376268776,10.488656249151326,-4.433245238369392,7.381645618652669,-34.44764025906315
1201,10.101653295701395,11.179170105388188,-4.699781110448128,7.872150100188182,-34.373065639252765
1202,10.099368215134014,11.869683961625043,-5.511553508573145,8.368194818472475,-34.13278250590762
1203,10.097083134566631,12.560197817861898,-3.026498893837179,8.827016076845576,-34.85998929048464
1204,10.09479805399925,13.250711674098753,-2.256797136981483,9.31911419402742,-35.09002086871335
1205,10.092512973431868,13.941225530335608,-3.725490873541557,9.825802730874234,-34.669434145893774
1206,10.090227892864487,14.631739386572463,-2.0432980160674825,10.303597247343829,-35.16712327628742
1207,10.087942812297106,15.322253242809317,-2.663846480309833,10.804831581260146,-34.996112658224746
1208,10.085657731729723,16.01276709904618,1.6204502685969995,11.247062545370921,-36.24175962234125
1209,10.083372651162342,16.703280955283027,-0.3540786905032902,11.762640246592843,-35.67694686822738
1210,10.08108757059496,17.393794811519882,-0.9417307782785916,12.2628429648521,-35.51250661270979
1211,10.078802490027579,18.084308667756737,-3.2826621550369284,12.783131823376829,-34.841905942813646
1212,10.076517409460196,18.774822523993592,-3.314771739424311,13.286371039622608,-34.83929324400475
1213,10.074232328892816,19.465336380230454,-2.6714605245808385,13.783001842224627,-35.02473739268608
1214,10.071947248325435,20.155850236467302,-1.7901574969608385,14.287583444110613,-35.28414347099969
1215,10.069662167758052,20.846364092704164,-1.7829404361371577,14.792979956396636,-35.29529871115973
1216,10.067377087190671,21.53687794894102,-0.8715426786195895,15.29983033006258,-35.57240170798847
1217,10.065092006623289,22.227391805177874,-0.9132370258861912,15.802935797655836,-35.5614587501217
1218,10.062806926055908,22.91790566141473,-2.8223228485413068,16.31533014035869,-35.00379911176275
1219,10.060521845488527,23.608419517651576,-3.0449149091798353,16.81852038330932,-34.924206634342596
1220,10.058236764921144,24.29893337388844,-4.1056503631077,17.32589450158036,-34.6039595657495
1221,10.055951684353763,24.989447230125293,-3.064514530045326,17.832786868457266,-34.90282041029455
1222,10.05366660378638,25.679961086362148,-2.925680565515768,18.348858745461996,-34.924343235467695
1223,10.051381523219,26.370474942599,-2.319796001779984,18.83820653879014,-35.063305826454005
1224,9.4986463462656,26.3618288233574,0.0875683149164952,18.857504697844682,-36.29767212256839
1225,8.9459111693122,26.3531827041158,-2.8247094412903153,18.868249389411268,-36.05720271122532
1226,8.393175992358799,26.344536584874202,-3.75999720291484,18.87544234862996,-36.359542704632915
1227,7.840440815405399,26.335890465632602,-4.260376955587066,18.890255793420074,-36.77932877999275
1228,7.287705638452,26.327244346391,-1.9320112537162695,18.913520752824407,-37.99699960528433
1229,7.289985109820776,25.6384254979412,-3.7897329896735252,18.39673580855741,-37.515661784950815
1230,7.292264581189552,24.949606649491397,-4.233923730027094,17.875677427116262,-37.395734446718336
1231,7.2945440525583285,24.260787801041594,-2.7225770504592255,17.34240696647033,-37.8293559497657
1232,7.296823523927105,23.571968952591792,-3.2267823182634565,16.83605558697424,-37.691687312623856
1233,7.299102995295881,22.88315010414199,-2.2185696778999744,16.310295586395622,-37.98961358703877
1234,7.301382466664657,22.194331255692184,-1.7417714722314463,15.795029194707396,-38.12975235751582
1235,7.303661938033434,21.50551240724238,-2.2055809116829392,15.291447122951963,-37.99713592637332
1236,7.30594140940221,20.81669355879258,-2.552583473293077,14.77513376027835,-37.88941085781993
1237,7.308220880770986,20.127874710342777,-2.6309313686491995,14.275893723630434,-37.8672198737383
1238,7.310500352139763,19.439055861892975,-4.6017789678054974,13.796482354655877,-37.29989153305447
1239,7.3127798235085395,18.750237013443172,-2.8588944890013317,13.264231088870593,-37.79653447231551
1240,7.315059294877315,18.06141816499337,-4.083142800548614,12.773777500267197,-37.43675423839881
1241,7.317338766246092,17.372599316543564,-3.0356433235140234,12.256367815572698,-37.73562652465455
1242,7.319618237614868,16.683780468093765,-3.112724171300453,11.75934375980542,-37.7172272939301
1243,7.321897708983644,15.994961619643961,-4.832562138389897,11.290059469105444,-37.22231837316621
1244,7.324177180352421,15.306142771194159,-6.784365834880382,10.82272148879469,-36.65120987556752
1245,7.326456651721197,14.617323922744355,-6.652063222149206,10.328145974909788,-36.684329083215054
1246,7.328736123089973,13.928505074294554,-7.309819075307456,9.843914955153338,-36.48855874409834
1247,7.33101559445875,13.23968622584475,-5.708278836373658,9.32897620983534,-36.941080482907175
1248,7.333295065827526,12.550867377394948,-6.713815140551472,8.853767548576064,-36.64104650152114
1249,7.335574537196302,11.862048528945143,-3.377848882198889,8.323467644362324,-37.596580563356774
1250,7.3378540085650785,11.173229680495341,-4.104873575856234,7.844332118922454,-37.38300993731726
1251,7.340133479933855,10.484410832045539,-6.17019017595123,7.3843585858007605,-36.785031044388965
1252,7.342412951302631,9.795591983595738,-3.609510667679912,6.857166353898204,-37.53509991867653
1253,7.344692422671407,9.106773135145932,-2.50508886566112,6.3563488457663,-37.85301171070807
1254,7.346971894040184,8.41795428669613,-2.034656132105644,5.859748476948923,-37.99695113454245
1255,7.34925136540896,7.7291354382463275,-0.9557959487228103,5.354411737450269,-38.30504978737211
1256,7.351530836777736,7.040316589796525,-5.029151090479783,4.920073620134287,-37.099229599290716
1257,7.353810308146513,6.351497741346723,-1.863113349867521,4.388869768092901,-38.02788084054801
1258,7.3560897795152895,5.6626788928969205,-3.1380610820840644,3.9212513261106214,-37.64312135715757
1259,7.358369250884065,4.973860044447118,-2.0505300389629406,3.4208142693708568,-37.94610167184641
1260,7.360648722252842,4.285041195997316,-2.4781599669271905,2.940070694892982,-37.80576749267628
1261,7.362928193621618,3.59622234754751,-4.317952757338625,2.474962485315292,-37.25374085437946
1262,7.365207664990394,2.9074034990977076,-1.5960305051075734,1.9478132701583415,-38.03930175641866
1263,7.367487136359171,2.218584650647905,-2.8639442421975234,1.480847982600608,-37.65060027027156
1264,7.369766607727947,1.5297658021981064,-6.118868044043919,1.0386573600897377,-36.68584333171555
1265,7.372046079096723,0.8409469537483005,-5.588762418361257,0.5487331516026077,-36.838626656407364
1266,7.3743255504655,0.15212810529849818,-2.1709004112464516,0.018131009263938277,-37.840012060321904
1267,7.376605021834276,-0.5366907431513077,-3.429961409429084,-0.4316014998863472,-37.47933992543785
1268,7.378884493203052,-1.2255095916011065,-2.813251381390163,-0.9188921882532319,-37.6542326582212
1269,7.3811639645718286,-1.9143284400509089,-0.5291131050512455,-1.434461148196303,-38.33129649026329
1270,7.383443435940605,-2.6031472885007148,-1.5512414366770022,-1.8990902716157136,-38.030858137851325
1271,7.385722907309381,-3.2919661369505135,2.3200722265730542,-2.443685756874025,-39.16186890029942
1272,7.3880023786781575,-3.9807849854003194,-0.6585402619506449,-2.874035704317689,-38.283269201576
1273,7.390281850046934,-4.669603833850118,-3.6561705556576416,-3.3020015997320793,-37.39960935148706
1274,7.39256132141571,-5.358422682299924,-4.705668647351301,-3.7617634221613443,-37.08574719775522
1275,7.394840792784486,-6.0472415307497265,-5.068690891052579,-4.2392830202048595,-36.971842083769374
1276,7.397120264153263,-6.736060379199525,-5.972481838680622,-4.703893674489531,-36.70284557944049
1277,7.39939973552204,-7.424879227649331,-5.98712322157424,-5.1863789082063265,-36.69206500752427
1278,7.401679206890815,-8.113698076099137,-3.8574640163776963,-5.716711686561925,-37.31374742038162
1279,7.403958678259592,-8.802516924548936,-5.510641551530148,-6.1675260710060975,-36.835058434519226
1280,7.4062381496283685,-9.491335772998742,-4.502717192689174,-6.681267043668578,-37.134778888383934
1281,7.408517620997144,-10.18015462144854,-3.9092720419130846,-7.179629378076394,-37.29732082943786
1282,7.410797092365921,-10.868973469898346,-3.9865282077811504,-7.665794098201346,-37.26916780356047
1283,7.413076563734697,-11.557792318348152,-5.350972634416482,-8.127990518347831,-36.87282555244124
1284,7.415356035103473,-12.246611166797951,-4.5069228828512635,-8.644160094938535,-37.10279120580145
1285,7.41763550647225,-12.935430015247757,-4.183526829457926,-9.146558080887026,-37.178676046600366
1286,7.419914977841026,-13.624248863697556,-4.516321972639235,-9.631963954243586,-37.06604059831552
1287,7.422194449209802,-14.313067712147355,-6.043707777418712,-10.096862723845536,-36.610085607268566
1288,7.424473920578579,-15.00188656059716,-4.914945957639152,-10.618473221182159,-36.91215405914425
1289,7.426753391947355,-15.690705409046966,-4.720022687051823,-11.117821623116269,-36.949195071066505
1290,7.429032863316131,-16.379524257496765,-4.430700738205619,-11.628487311219102,-37.01326504378095
1291,7.4313123346849075,-17.06834310594657,-4.352006526441216,-12.138178810781667,-37.016169144541415
1292,7.433591806053684,-17.75716195439637,-4.536472638642463,-12.641224457242924,-36.9481949239477
1293,7.43587127742246,-18.445980802846176,-3.3785138107009005,-13.174154594763385,-37.268401000243806
1294,7.438150748791236,-19.13479965129598,-3.404487872518199,-13.672181736710183,-37.24632107978039
1295,7.440430220160013,-19.82361849974578,-4.771631830787867,-14.144670898601202,-36.848363468593895
1296,7.44270969152879,-20.512437348195586,-4.493459546883695,-14.648930302698064,-36.92786999217599
1297,7.444989162897565,-21.201256196645385,-5.126705357534022,-15.146114295021777,-36.748920045791365
1298,7.447268634266342,-21.89007504509519,-1.8905532631832012,-15.753806278758924,-37.67346020283779
1299,7.4495481056351185,-22.57889389354499,-0.9458173598869652,-16.300633583903714,-37.9396539290485
1300,7.451827577003894,-23.26771274199479,-1.8486613462972654,-16.804016876749305,-37.65932659856607
1301,7.454107048372671,-23.956531590444595,-3.529437721492727,-17.274910062670784,-37.14048029983945
1302,7.456386519741447,-24.6453504388944,-4.0866190971348475,-17.77762701582154,-36.93602995313852
1303,7.458665991110223,-25.3341692873442,-3.50701042537348,-18.313526021237852,-37.05416279334158
1304,7.460945462479,-26.022988135794,-2.6482190234691148,-18.841201673644818,-37.26044007228021
1305,6.908125025706799,-26.005870136672403,-3.004182512691591,-18.863529336267355,-37.70299053652289
1306,6.3553045889346,-25.9887521375508,-3.335268924868325,-18.89358644910199,-38.15390915026436
1307,5.8024841521624,-25.971634138429202,-4.468028439314959,-18.881654595914988,-38.39380833951445
1308,5.2496637153902,-25.9545161393076,-2.6818743468804174,-18.91801491502299,-39.445767170167635
1309,4.696843278618,-25.937398140186,-5.329101648061555,-18.86959861582375,-39.23289236110583
1310,4.694569416447816,-25.25027429952325,-4.743419873195102,-18.358386659451625,-39.518166254570225
1311,4.6922955542776315,-24.563150458860502,-4.89888129873933,-17.806256539358753,-39.57061909356778
1312,4.690021692107448,-23.876026618197752,-4.478991064564175,-17.290344150044213,-39.744244252733495
1313,4.687747829937264,-23.188902777535002,-4.813435308784306,-16.754445501779657,-39.67344838549945
1314,4.685473967767079,-22.501778936872253,-4.343885505492203,-16.241718304209005,-39.811393460868665
1315,4.683200105596895,-21.814655096209503,-5.026542443700624,-15.719300254233685,-39.61619576204912
1316,4.68092624342671,-21.127531255546753,-6.27502144137857,-15.182442654638818,-39.25282333574616
1317,4.678652381256526,-20.440407414884003,-5.331273321436407,-14.686032289638169,-39.536382726067025
1318,4.6763785190863425,-19.75328357422125,-5.361989860395624,-14.170735069105309,-39.538564200789764
1319,4.674104656916158,-19.0661597335585,-6.385979559001796,-13.629626660763092,-39.254610966711645
1320,4.671830794745974,-18.37903589289575,-6.001202371142977,-13.11419656105873,-39.36699085737636
1321,4.66955693257579,-17.691912052233,-7.390130391657457,-12.572123273343262,-38.969884666835576
1322,4.667283070405605,-17.00478821157025,-5.432211754633102,-12.098915379261648,-39.54654043438419
1323,4.665009208235421,-16.3176643709075,-4.0875207251292,-11.618235896194253,-39.9433776056862
1324,4.6627353460652365,-15.630540530244751,-4.036239149281291,-11.112853605318785,-39.97509549931043
1325,4.660461483895053,-14.943416689582003,-2.8625365989132807,-10.625874642091377,-40.33551809575354
1326,4.658187621724869,-14.256292848919252,-4.117260373235109,-10.099559435676095,-39.99264675612354
1327,4.655913759554684,-13.569169008256502,-2.583776252983005,-9.634183944262471,-40.45404015378208
1328,4.6536398973845,-12.882045167593752,-2.416798623713619,-9.14356436087601,-40.518155993181395
1329,4.651366035214316,-12.194921326931002,-4.0677139872395465,-8.61184211137755,-40.06318352735056
1330,4.6490921730441315,-11.50779748626825,-1.4454619381346094,-8.165627965037375,-40.84272192005876
1331,4.646818310873948,-10.8206736456055,-3.2675445479971366,-7.6346878693675135,-40.32295654485397
1332,4.644544448703764,-10.133549804942753,-3.541939657606626,-7.1384205407344785,-40.259218944876764
1333,4.642270586533579,-9.446425964280003,-5.159051849766393,-6.612065949832285,-39.7918102916316
1334,4.639996724363395,-8.75930212361725,-5.481634112409289,-6.12357068685696,-39.71052978821275
1335,4.63772286219321,-8.072178282954503,-4.971623321567648,-5.652689692122889,-39.869160747154254
1336,4.635449000023026,-7.385054442291754,-1.976151149850753,-5.233692004038469,-40.75340282574019
1337,4.6331751378528425,-6.697930601629004,-2.856719568788237,-4.740359920421472,-40.500691551492075
1338,4.630901275682658,-6.0108067609662506,-6.449412306940434,-4.198026739798875,-39.44839429312698
1339,4.628627413512474,-5.323682920303501,-6.806074767901409,-3.708546287699435,-39.340772315036105
1340,4.62635355134229,-4.636559079640751,-4.955924118843525,-3.271174888770621,-39.900564542220444
1341,4.624079689172105,-3.9494352389780047,-5.860702185491394,-2.7620910048844465,-39.6425110092076
1342,4.621805827001921,-3.2623113983152514,-7.105336171176371,-2.2533155470076687,-39.27448972275547
1343,4.619531964831737,-2.5751875576525016,-6.044993471535282,-1.7847365030909648,-39.588132826105074
1344,4.617258102661553,-1.8880637169897518,-4.433596565435985,-1.3312067873922628,-40.065053329407206
1345,4.614984240491369,-1.200939876327002,-4.076644132481663,-0.8576127772883122,-40.16567484142792
1346,4.612710378321184,-0.5138160356642523,-2.607178568605489,-0.4110806153626878,-40.5930945603155
1347,4.610436516151,0.17330780499849752,-4.113368185938168,0.07924516768976689,-40.14408635670922
1348,4.608162653980816,0.8604316456612509,-4.480850034751587,0.5560431454219805,-40.043368901335334
1349,4.6058887918106315,1.547555486323997,-5.013563285554258,1.0311278921278648,-39.87986837572689
1350,4.603614929640448,2.234679326986747,-5.481894870145332,1.5058161721746581,-39.74627775276237
1351,4.601341067470264,2.9218031676495,-5.483794132695138,1.9773833893894643,-39.751876483452584
1352,4.599067205300079,3.6089270083122464,-3.5584775840961216,2.4297490454915542,-40.32976115096789
1353,4.596793343129895,4.296050848975,-6.077082000402874,2.950944546639191,-39.602505804716955
1354,4.59451948095971,4.983174689637746,-3.7503085298864125,3.403435738651257,-40.30136707459969
1355,4.592245618789526,5.670298530300496,-2.1016549931355013,3.871634407335267,-40.798475923109585
1356,4.5899717566193425,6.357422370963246,-5.556151346963404,4.41252475036173,-39.78286046135503
1357,4.587697894449158,7.044546211625995,-5.006635524257886,4.892536042022667,-39.95677593690177
1358,4.585424032278974,7.731670052288745,-2.265778201680816,5.334494710135632,-40.766155035265335
1359,4.58315017010879,8.418793892951502,-4.973575341129539,5.861967959520403,-39.973096668692605
1360,4.580876307938605,9.105917733614245,-4.675233824184029,6.338745922940551,-40.06133550535935
1361,4.578602445768421,9.793041574276995,-2.448773433011369,6.77489759965148,-40.72804866867175
1362,4.576328583598237,10.480165414939744,-3.968096616176818,7.288983298860152,-40.28684454640081
1363,4.574054721428053,11.167289255602494,-5.183756335787477,7.783982039669697,-39.93896407142725
1364,4.571780859257869,11.854413096265251,-6.170373260565228,8.2834963747359,-39.660207260695564
1365,4.569506997087684,12.541536936927994,-5.449698199777615,8.7632785594051,-39.88702763446183
1366,4.5672331349175,13.22866077759075,-5.09277692135549,9.260134304782838,-39.99376283097321
1367,4.564959272747316,13.9157846182535,-2.7643824966666064,9.710997597719446,-40.67854912024301
1368,4.5626854105771315,14.602908458916243,-5.804735399142646,10.268339165236206,-39.79649968011385
1369,4.560411548406948,15.290032299579,-2.256877415803658,10.699432892748858,-40.82023145237141
1370,4.558137686236764,15.97715614024175,-3.661052405463709,11.222416106946564,-40.40937864137089
1371,4.555863824066579,16.6642799809045,-1.8758305092785124,11.688984285930331,-40.92338671465486
1372,4.553589961896395,17.35140382156725,-3.4971069154374392,12.219332427128219,-40.44832554855645
1373,4.55131609972621,18.038527662229992,-5.155931813542009,12.76079680967182,-39.9704368481102
1374,4.549042237556026,18.72565150289275,-4.0458419145166165,13.24211030296426,-40.28638074754067
1375,4.5467683753858426,19.4127753435555,-5.791894005155174,13.794272736506423,-39.78804071977995
1376,4.544494513215658,20.09989918421825,-6.073066503586953,14.314046838747954,-39.70478080545642
1377,4.542220651045474,20.787023024880998,-6.104352461143858,14.838508146039928,-39.694583431772614
1378,4.53994678887529,21.474146865543748,-6.04786147159718,15.352505192299443,-39.71128070618552
1379,4.537672926705105,22.161270706206498,-5.081429198418988,15.856369708707634,-39.997314157737286
1380,4.535399064534921,22.848394546869248,-5.572785869474156,16.36800397928054,-39.85885997478539
1381,4.533125202364737,23.535518387531997,-4.400771846060303,16.85626311304546,-40.20169327434404
1382,4.530851340194553,24.222642228194747,-4.472584772104403,17.370462312192807,-40.184832143782174
1383,4.528577478024369,24.909766068857497,-3.5870764073907218,17.87882190547882,-40.440959243182604
1384,4.526303615854184,25.596889909520247,-4.596852104035855,18.450720509930605,-40.136845580028876
1385,4.524029753684,26.284013750183,-5.604256006152881,19.015859069199568,-39.8269656262163
1386,3.9712945767306,26.2753676309414,-4.996488598268533,18.992635366257534,-40.56553694276874
1387,3.4185593997772,26.2667215116998,-5.922816590173381,19.007564410336123,-40.862882417610855
1388,2.8658242228238002,26.2580753924582,-5.216562752171246,18.96801357859745,-41.62715254471581
1389,2.3130890458704,26.2494292732166,-4.527301566152121,18.922583950777355,-42.372028701973306
1390,1.760353868917,26.240783153975,-4.483023866703724,18.938435518719004,-42.94630028856011
1391,1.762622121888579,25.5553543210993,-4.777773400760499,18.4399460138819,-42.884910270481576
1392,1.7648903748601579,24.869925488223604,-5.682611741411133,17.96108404555803,-42.64878909493942
1393,1.7671586278317368,24.184496655347907,-4.909977196082337,17.40428762321111,-42.87863058596033
1394,1.7694268808033158,23.49906782247221,-5.371743004813831,16.896310067584082,-42.767918411562675
1395,1.7716951337748947,22.813638989596512,-5.475854550591841,16.379941535597812,-42.74639852262903
1396,1.7739633867464737,22.128210156720815,-6.529939591580547,15.889247171263435,-42.44601308151979
1397,1.7762316397180526,21.442781323845118,-5.403171265650757,15.332703171492618,-42.7625408065733
1398,1.7784998926896316,20.75735249096942,-5.9043762942282445,14.824716644907948,-42.60678315422895
1399,1.7807681456612106,20.071923658093723,-6.019990985134851,14.30954424438207,-42.5623922493329
1400,1.7830363986327895,19.386494825218023,-6.136998638965387,13.797091512273832,-42.529871882496494
1401,1.7853046516043685,18.701065992342325,-6.627580699026868,13.293869400918544,-42.388610811454534
1402,1.7875729045759474,18.01563715946663,-3.9592408325283994,12.709382670082014,-43.1697151517614
1403,1.7898411575475264,17.330208326590935,-5.247659709104565,12.248085281044439,-42.798455468333145
1404,1.7921094105191053,16.644779493715234,-3.6186824661024963,11.691216529082892,-43.282725911026006
1405,1.7943776634906843,15.959350660839537,-3.2325975994231175,11.180274327514196,-43.40642059381091
1406,1.7966459164622632,15.273921827963841,-2.5120862133540176,10.657991658519192,-43.62155028253933
1407,1.7989141694338422,14.588492995088142,-4.6117073705527165,10.205199875535431,-42.99606847771235
1408,1.8011824224054211,13.903064162212445,-5.170383550345719,9.716303735677775,-42.82550425973858
1409,1.8034506753769999,13.217635329336748,-3.237748145115526,9.17425916146418,-43.37540327733915
1410,1.8057189283485788,12.53220649646105,-4.703050659635887,8.713426965609964,-42.93809525196964
1411,1.8079871813201578,11.846777663585351,-4.081490403443452,8.20325827405796,-43.11353863841822
1412,1.8102554342917367,11.161348830709654,-2.044182034022018,7.682087212150436,-43.71443326605432
1413,1.8125236872633157,10.475919997833959,-2.5777662475025753,7.209427729673733,-43.54932686186253
1414,1.8147919402348947,9.790491164958262,-2.5277091777560843,6.721792935370939,-43.552468801385814
1415,1.8170601932064736,9.10506233208256,-4.787747014854231,6.2861497333150975,-42.88053219497144
1416,1.8193284461780526,8.419633499206867,-5.557342253109082,5.8220601551693365,-42.653646464900284
1417,1.8215966991496315,7.73420466633117,-5.0506637265734655,5.330076529829395,-42.78624790453115
1418,1.8238649521212105,7.048775833455473,-5.0917006117996015,4.845297197539313,-42.768680194668164
1419,1.8261332050927894,6.363347000579772,-5.917152136561804,4.373067372496268,-42.53281918026381
1420,1.8284014580643684,5.677918167704075,-4.900475467130152,3.8698566869573083,-42.83031017920847
1421,1.8306697110359473,4.992489334828377,-4.760335857416253,3.3846088117552746,-42.87408569583693
1422,1.8329379640075263,4.307060501952684,-5.288794348175662,2.920558996750647,-42.71676974774275
1423,1.8352062169791052,3.621631669076983,-6.1524613765014395,2.460153342492085,-42.459432024755344
1424,1.8374744699506842,2.9362028362012857,-4.993568075350829,1.9621778490468869,-42.81010751322233
1425,1.8397427229222632,2.2507740033255885,-6.999939710494908,1.5351651464164493,-42.21141763172092
1426,1.842010975893842,1.5653451704498913,-3.1806896661028192,0.9983721116126925,-43.346667991746294
1427,1.844279228865421,0.8799163375741941,-3.9840478968547286,0.5473245198891558,-43.10330801485033
1428,1.846547481837,0.19448750469849685,-1.8461453956921057,0.04337610327689444,-43.728354849873654
1429,1.848815734808579,-0.49094132817720393,-1.8898602307192855,-0.4171503301542961,-43.71791031697813
1430,1.851083987780158,-1.1763701610528976,-4.481828257360352,-0.8485224302522352,-42.9381142184354
1431,1.8533522407517369,-1.8617989939285948,-5.158309309522115,-1.30637143570429,-42.735232513394536
1432,1.8556204937233158,-2.5472278268042956,-3.6872978258530327,-1.8100102158671267,-43.162224445273026
1433,1.8578887466948948,-3.2326566596799893,-7.565527904491379,-2.219670258557835,-42.0127797398074
1434,1.8601569996664737,-3.91808549255569,-5.44256684148116,-2.7369247311926284,-42.64275364996654
1435,1.8624252526380527,-4.603514325431384,-4.00503965044853,-3.2484050384494423,-43.06145396475836
1436,1.8646935056096317,-5.288943158307081,-5.705413953904784,-3.7074528281759456,-42.5516881622283
1437,1.8669617585812106,-5.974371991182782,-4.337397402170273,-4.209887008655009,-42.96244758865864
1438,1.8692300115527896,-6.659800824058475,-3.5805604883314075,-4.7029417163272775,-43.18675019279225
1439,1.8714982645243685,-7.345229656934176,-5.6146061770983335,-5.1464452704527615,-42.566412280592544
1440,1.8737665174959475,-8.030658489809877,-7.028592175051256,-5.604200395798801,-42.13405547828173
1441,1.8760347704675264,-8.71608732268557,-5.489942830153852,-6.108861503780198,-42.58095847201293
1442,1.8783030234391054,-9.401516155561264,-9.08612794139783,-6.538652634302482,-41.49738947977564
1443,1.8805712764106843,-10.086944988436965,-8.032295860168277,-7.041340788056202,-41.79151878886824
1444,1.8828395293822633,-10.772373821312659,-6.553390217507153,-7.566468629153162,-42.22570656764415
1445,1.8851077823538422,-11.45780265418836,-4.73926167423733,-8.092706108593246,-42.7566441119714
1446,1.887376035325421,-12.143231487064053,-8.067256302679942,-8.545864782082713,-41.75064344456471
1447,1.8896442882970002,-12.828660319939754,-8.31137254400192,-9.039072959294145,-41.66011666985008
1448,1.8919125412685789,-13.514089152815455,-6.394868472977899,-9.562363783690833,-42.21214441295828
1449,1.8941807942401578,-14.199517985691148,-8.054357141761688,-10.038759627396956,-41.70321282585136
1450,1.8964490472117368,-14.88494681856685,-7.3862206938751,-10.546939516641043,-41.88946411818595
1451,1.8987173001833157,-15.570375651442543,-7.440891653974498,-11.046970087818567,-41.85704577933152
1452,1.9009855531548947,-16.255804484318244,-5.947650738515838,-11.566406310090416,-42.2909466430412
1453,1.9032538061264737,-16.941233317193937,-5.417499536720319,-12.074146103045488,-42.43492680780264
1454,1.9055220590980526,-17.62666215006963,-7.258298788214581,-12.554827373519382,-41.882725294746216
1455,1.9077903120696316,-18.31209098294533,-6.630341863686421,-13.068379130891785,-42.05949333421599
1456,1.9100585650412105,-18.997519815821033,-7.8253436247371555,-13.581194533392296,-41.691926154014254
1457,1.9123268180127895,-19.682948648696726,-6.731226519732773,-14.11428211955856,-42.00030833189903
1458,1.9145950709843684,-20.368377481572427,-5.505329798583517,-14.652876094716795,-42.34763912966517
1459,1.9168633239559474,-21.053806314448128,-5.0146647321245545,-15.184550326617371,-42.483778037808406
1460,1.9191315769275263,-21.73923514732382,-3.8728957133099366,-15.73931844786535,-42.807146476912855
1461,1.9213998298991053,-22.424663980199515,-4.7820933035695665,-16.258262487412722,-42.53586640630755
1462,1.9236680828706842,-23.110092813075216,-5.8030616667026615,-16.796589720557268,-42.231596919908746
1463,1.9259363358422632,-23.79552164595091,-5.866692487038577,-17.359408689956652,-42.17737715151414
1464,1.9282045888138422,-24.48095047882661,-6.547898750617671,-17.91081933957111,-41.936757820953
1465,1.9304728417854211,-25.166379311702304,-5.270008989487878,-18.450101696906383,-42.22733693163964
1466,1.932741094757,-25.851808144578,-3.4428662787091113,-18.95196227875965,-42.6133155342365
1467,1.3799206579848,-25.834690145456403,-6.190582168894467,-18.980542540451996,-42.44324899600189
1468,0.8271002212126,-25.8175721463348,-2.341537728505472,-19.011329431882473,-44.13591880864908
1469,0.27427978444040013,-25.800454147213202,-3.3474826939923124,-19.026765167539182,-44.468776051051705
1470,-0.27854065233180014,-25.7833361480916,-4.087995919601956,-19.040684891487846,-44.87450426248879
1471,-0.831361089104,-25.76621814897,-6.994331186065599,-19.027474639022678,-44.65159547422628
1472,-0.8336237328769737,-25.08248432388137,-6.104037918045949,-18.51205450266872,-44.90609441960601
1473,-0.8358863766499474,-24.398750498792737,-6.050346094859511,-17.971381486113145,-44.92081650982754
1474,-0.838149020422921,-23.715016673704106,-5.26721173934753,-17.42761033924116,-45.14907192469877
1475,-0.8404116641958947,-23.031282848615476,-5.534576065580552,-16.88075561805556,-45.10122620787742
1476,-0.8426743079688684,-22.347549023526845,-5.279537310630646,-16.34189826731634,-45.20711818391676
1477,-0.8449369517418421,-21.66381519843821,-5.188974130224942,-15.807928647502449,-45.26462027582167
1478,-0.8471995955148157,-20.98008137334958,-4.037533046612702,-15.286996791047885,-45.631633305640115
1479,-0.8494622392877894,-20.296347548260947,-5.18717058904321,-14.748045831234686,-45.31865778186255
1480,-0.8517248830607631,-19.612613723172316,-5.18176426375619,-14.216645497048237,-45.33195514504215
1481,-0.8539875268337368,-18.928879898083686,-4.893843270100069,-13.683312051862261,-45.43408785224796
1482,-0.8562501706067105,-18.245146072995055,-4.411985515238659,-13.14909874036883,-45.59463488595512
1483,-0.8585128143796842,-17.561412247906425,-5.108233782423019,-12.604833019983781,-45.40288413994018
1484,-0.8607754581526579,-16.87767842281779,-4.991051517028876,-12.091882448960495,-45.457641485947256
1485,-0.8630381019256316,-16.193944597729157,-6.47908774952041,-11.569304575908227,-45.03482286812998
1486,-0.8653007456986053,-15.510210772640526,-6.542662446737132,-11.064008813196525,-45.03230271119753
1487,-0.867563389471579,-14.826476947551896,-8.269082522895634,-10.541800372107645,-44.529557857406594
1488,-0.8698260332445527,-14.142743122463264,-7.360386647373676,-10.052496677641875,-44.808844946666156
1489,-0.8720886770175263,-13.459009297374633,-9.769360083531781,-9.524040860327608,-44.10707854688577
1490,-0.8743513207905,-12.775275472286001,-9.280989415671028,-9.021395242440029,-44.26786925888059
1491,-0.8766139645634736,-12.09154164719737,-7.290741998071067,-8.547858984168316,-44.872652413892155
1492,-0.8788766083364473,-11.407807822108737,-6.119858822004096,-8.062954231686064,-45.224886669939345
1493,-0.881139252109421,-10.724073997020106,-9.074800140764848,-7.52386265939169,-44.34652381401135
1494,-0.8834018958823947,-10.040340171931476,-6.872326027037718,-7.051200872437462,-45.033376304773924
1495,-0.8856645396553684,-9.356606346842845,-5.777095542046751,-6.5810006667392225,-45.372061020961354
1496,-0.8879271834283421,-8.672872521754211,-5.1424547299393994,-6.100166604991667,-45.55689898917951
1497,-0.8901898272013158,-7.989138696665581,-3.7001838354237844,-5.633777529519993,-46.00586035267297
1498,-0.8924524709742895,-7.30540487157695,-4.886969913385941,-5.13185400841068,-45.673339850655495
1499,-0.8947151147472632,-6.621671046488316,-5.17497478304586,-4.650633177568314,-45.597486030268726
1500,-0.8969777585202369,-5.937937221399686,-3.6018623765336435,-4.187844356859073,-46.08940097334985
1501,-0.8992404022932106,-5.254203396311052,-2.2854028324196696,-3.7256542672894075,-46.49345174015918
1502,-0.9015030460661841,-4.5704695712224215,-2.9775298705003856,-3.2414172633673037,-46.29304558426515
1503,-0.9037656898391578,-3.886735746133791,-3.737533809360903,-2.752321634432922,-46.07908747023256
1504,-0.9060283336121315,-3.203001921045157,-5.036411141498601,-2.2570756581711526,-45.691577096064435
1505,-0.9082909773851052,-2.5192680959565266,-6.565579268710034,-1.7576821357156491,-45.232486031711424
1506,-0.9105536211580789,-1.8355342708678961,-6.901889129186714,-1.2712270889824473,-45.14315219579626
1507,-0.9128162649310526,-1.1518004457792657,-7.198933350820663,-0.7918922648123191,-45.05632243654685
1508,-0.9150789087040263,-0.46806662069063165,-8.240937372836205,-0.3034841853360944,-44.74543639247135
1509,-0.917341552477,0.2156672043979988,-6.525698359922366,0.14645707897638915,-45.267221776675214
1510,-0.9196041962499737,0.8994010294866328,-5.174013844768525,0.5918459396476867,-45.675201051695204
1511,-0.9218668400229474,1.5831348545752597,-6.098130465905196,1.0765046498449367,-45.380743303890824
1512,-0.9241294837959211,2.2668686796638937,-7.952191942209633,1.5711344280318913,-44.83085545203027
1513,-0.9263921275688948,2.9506025047525277,-3.1004980652145355,1.9538168097805135,-46.304187632663904
1514,-0.9286547713418685,3.6343363298411546,-3.3885502390083007,2.4251489440880603,-46.221376202884564
1515,-0.9309174151148422,4.318070154929789,-2.6186917335268585,2.872985900281285,-46.46427112315257
1516,-0.9331800588878157,5.001803980018419,-2.8087705207968363,3.3586012374282004,-46.41225761799138
1517,-0.9354427026607894,5.6855378051070495,-4.6833988338338575,3.8721897443023496,-45.85779360042674
1518,-0.9377053464337631,6.369271630195687,-4.712637756068983,4.35300170726866,-45.84505321887693
1519,-0.9399679902067368,7.05300545528431,-4.517756047830505,4.825578392990761,-45.91802798261213
1520,-0.9422306339797105,7.736739280372948,-3.0343846087573327,5.257230931740788,-46.3651599759351
1521,-0.9444932777526842,8.420473105461578,-5.3401396937505625,5.7906748940317225,-45.66235134737009
1522,-0.9467559215256579,9.104206930550209,-5.186335748054434,6.269181392631449,-45.70346419416347
1523,-0.9490185652986316,9.78794075563884,-3.758575240139906,6.713016758418759,-46.131256788662675
1524,-0.9512812090716053,10.47167458072747,-5.234793711802457,7.233840852856579,-45.682187535827936
1525,-0.953543852844579,11.1554084058161,-3.971610880311642,7.689247800243481,-46.06562873664903
1526,-0.9558064966175527,11.839142230904738,-5.457594503729568,8.22806761452979,-45.629055621765055
1527,-0.9580691403905264,12.522876055993368,-5.694515650969957,8.720314914421717,-45.56355567750325
1528,-0.9603317841635,13.206609881081999,-5.749368593255582,9.219748411446842,-45.55597053005562
1529,-0.9625944279364738,13.89034370617063,-4.791174572077437,9.691764103040425,-45.836035953481044
1530,-0.9648570717094473,14.57407753125926,-4.03523095412163,10.165467530843964,-46.062818762361246
1531,-0.967119715482421,15.257811356347897,-3.0197655866017867,10.645420325023228,-46.35072900734433
1532,-0.9693823592553947,15.941545181436528,-4.804315663182004,11.208778050371913,-45.82423592345101
1533,-0.9716450030283684,16.625279006525158,-3.60583235832608,11.675634431049136,-46.15974079729506
1534,-0.9739076468013421,17.30901283161379,-3.232354362848426,12.16895989328505,-46.27655357893823
1535,-0.9761702905743158,17.99274665670242,-4.774708379192449,12.732335894396812,-45.813596745845196
1536,-0.9784329343472895,18.67648048179105,-3.1994341034906992,13.192907168677445,-46.26994391394116
1537,-0.9806955781202632,19.360214306879687,-6.176605756227205,13.807939059043653,-45.38963640085223
1538,-0.9829582218932369,20.04394813196831,-4.4293866144124205,14.281372161287468,-45.90170151213068
1539,-0.9852208656662106,20.727681957056948,-6.9074716839756745,14.896597439699475,-45.18566408859224
1540,-0.9874835094391843,21.41141578214558,-6.781710969360155,15.424557870075112,-45.222046727293346
1541,-0.9897461532121579,22.09514960723421,-6.331297472827926,15.936387841261523,-45.372086821757655
1542,-0.9920087969851317,22.77888343232284,-5.295669264105963,16.430581071368373,-45.67614290607463
1543,-0.9942714407581053,23.46261725741147,-6.356793313867138,16.99035297141152,-45.35857266147058
1544,-0.996534084531079,24.1463510825001,-7.695653728643879,17.562365492416628,-44.96482910446386
1545,-0.9987967283040526,24.830084907588738,-7.014901804619582,18.06829253527414,-45.12983007939623
1546,-1.0010593720770262,25.513818732677368,-4.563934812262269,18.52365952922445,-45.83443521350988
1547,-1.00332201585,26.197552557766,-3.708067653005454,19.05274569113159,-46.09241395297779
1548,-1.5560571928036002,26.1889064385244,-7.292259540947169,19.128060847160764,-45.65634940096617
1549,-2.1087923697572,26.180260319282798,-4.138078893213754,18.99096214846216,-47.12103054471935
1550,-2.6615275467108,26.1716142000412,-6.053088514777649,19.053398639921234,-47.14960011995905
1551,-3.2142627236644,26.1629680807996,-4.165519391857403,18.989574158699167,-48.23428114236042
1552,-3.766997900618,26.154321961558,-5.529287596268124,19.05042178931037,-48.400490820836524
1553,-3.7647408660436184,25.472283144256423,-6.283868078930766,18.603529962913576,-48.172416779674556
1554,-3.762483831469237,24.79024432695484,-6.55257614249718,18.13377030834031,-48.09577528697301
1555,-3.7602267968948553,24.108205509653263,-7.105749965257243,17.649312460720026,-47.95380507851083
1556,-3.757969762320474,23.426166692351686,-4.53929421615091,17.038098840525365,-48.72754760610357
1557,-3.755712727746092,22.744127875050104,-5.522079659130975,16.514141217250817,-48.43802073932098
1558,-3.7534556931717105,22.062089057748526,-4.838629693125799,15.947323503968006,-48.65617659819021
1559,-3.751198658597329,21.38005024044695,-4.97129014979812,15.400782779180707,-48.633157983594
1560,-3.7489416240229474,20.698011423145367,-5.649182639969063,14.901897780679839,-48.431222065875936
1561,-3.746684589448566,20.01597260584379,-7.215452120112769,14.434178557642236,-47.971935768256905
1562,-3.7444275548741843,19.33393378854221,-7.080577223127304,13.903704128590388,-48.016913303480514
1563,-3.7421705202998026,18.65189497124063,-7.924410647913488,13.401413258719831,-47.77456719591101
1564,-3.7399134857254213,17.969856153939055,-6.816655377160192,12.830856378246683,-48.130247555800054
1565,-3.7376564511510395,17.287817336637474,-7.703195845722568,12.335300771881212,-47.869274810512785
1566,-3.735399416576658,16.605778519335892,-6.116465045086306,11.755801279860943,-48.354935416724835
1567,-3.7331423820022764,15.923739702034315,-6.117846173873226,11.241937138205882,-48.35877597682776
1568,-3.7308853474278947,15.241700884732737,-5.33493847396109,10.709349286671994,-48.60343543312448
1569,-3.7286283128535134,14.559662067431157,-4.210777168190376,10.170766191531712,-48.94706989483301
1570,-3.7263712782791316,13.877623250129579,-4.857796156058585,9.690724411165476,-48.76535929700265
1571,-3.72411424370475,13.195584432828,-3.93356506430304,9.162765600528855,-49.040748352891704
1572,-3.7218572091303685,12.513545615526422,-2.3679234788601122,8.619129484619876,-49.526070131965874
1573,-3.719600174555987,11.83150679822484,-5.878209300418297,8.226342338668923,-48.44719926901933
1574,-3.7173431399816055,11.149467980923262,-5.034529610241626,7.700927131189244,-48.71205648550373
1575,-3.7150861054072237,10.467429163621684,-7.217158698235822,7.272536590422627,-48.03898899216705
1576,-3.712829070832842,9.785390346320106,-5.767555053494524,6.748889662080967,-48.47987863674106
1577,-3.7105720362584607,9.103351529018525,-5.846731003939828,6.272437549841432,-48.46694071762331
1578,-3.708315001684079,8.421312711716947,-6.570732512621286,5.807890243266139,-48.23393418164775
1579,-3.7060579671096976,7.739273894415369,-4.648441484855403,5.275972518567746,-48.83065222241153
1580,-3.703800932535316,7.057235077113788,-5.446760109964462,4.812193045319026,-48.58273211816624
1581,-3.701543897960934,6.37519625981221,-4.730227941712743,4.313171692033208,-48.79261552973348
1582,-3.6992868633865528,5.693157442510628,-3.7991048643989322,3.8141609777999603,-49.07701709223129
1583,-3.697029828812171,5.0111186252090505,-3.2817412465019764,3.318339519218869,-49.2374024998357
1584,-3.6947727942377897,4.329079807907473,-3.581691309917557,2.859799379908227,-49.144957225437
1585,-3.692515759663408,3.647040990605891,-4.133322642791686,2.401826379358393,-48.96666810487815
1586,-3.690258725089026,2.9650021733043133,-8.29942912491831,2.0146500731030703,-47.6704938463413
1587,-3.688001690514645,2.2829633560027354,-9.477229655709584,1.576967438503054,-47.305575912702125
1588,-3.685744655940263,1.6009245387011575,-10.46865173631429,1.1214667372757439,-46.98731601813277
1589,-3.683487621365882,0.918885721399576,-12.398642957249516,0.6984905262075048,-46.391779453443625
1590,-3.6812305867915,0.23684690409799813,-9.111259144717481,0.16021775579246703,-47.41012236125413
1591,-3.6789735522171183,-0.4451919132035833,-7.272815531746239,-0.34822726164107715,-47.95756623616253
1592,-3.676716517642737,-1.1272307305051577,-5.07657772194549,-0.8469214032981152,-48.628498499913185
1593,-3.6744594830683552,-1.809269547806739,-5.761255989804,-1.3199728227786205,-48.41129017241337
1594,-3.672202448493974,-2.4913083651083205,-6.105226566494536,-1.7767236748392388,-48.29129454530572
1595,-3.669945413919592,-3.173347182409895,-3.015714126012246,-2.2758056396311668,-49.23270522483008
1596,-3.6676883793452104,-3.8553859997114763,-4.936242051473381,-2.724588107298144,-48.62306125588377
1597,-3.665431344770829,-4.537424817013054,-3.7679870310319195,-3.2066292447284814,-48.98281010222723
1598,-3.6631743101964473,-5.219463634314632,-5.292144437252695,-3.6634187096114528,-48.50260121328126
1599,-3.660917275622066,-5.901502451616214,-5.977507519496014,-4.137031583424388,-48.277002827521386
1600,-3.6586602410476843,-6.583541268917788,-7.658417344389288,-4.60503834483886,-47.74707058199313
1601,-3.6564032064733025,-7.265580086219369,-7.45695423688143,-5.102965260346247,-47.794779554872974
1602,-3.654146171898921,-7.947618903520951,-7.946379399018706,-5.58881079538503,-47.647895209115
1603,-3.6518891373245395,-8.629657720822525,-6.907912053770995,-6.091554353491317,-47.97704951579886
1604,-3.649632102750158,-9.311696538124107,-4.618121059428889,-6.610461396608086,-48.67490240152784
1605,-3.6473750681757764,-9.993735355425681,-2.979854896861358,-7.115706078910888,-49.15370996584763
1606,-3.6451180336013946,-10.675774172727262,-5.036752712489711,-7.5788218123071704,-48.503401979819174
1607,-3.6428609990270133,-11.357812990028844,-3.99845319769939,-8.086458741448672,-48.7970995642215
1608,-3.6406039644526316,-12.039851807330425,-5.724434480507855,-8.560719759019232,-48.2357571650165
1609,-3.6383469298782503,-12.721890624632007,-3.000313799958592,-9.083708820765954,-49.06200451544878
1610,-3.6360898953038685,-13.403929441933581,-4.018879495051799,-9.575965640948787,-48.741326380288754
1611,-3.6338328607294867,-14.085968259235162,-5.238806594926901,-10.076702332333543,-48.36332323058398
1612,-3.6315758261551054,-14.768007076536744,-6.567641258517752,-10.59481555480032,-47.94007624966101
1613,-3.6293187915807237,-15.450045893838325,-5.305425436781808,-11.127223330446073,-48.30616675814728
1614,-3.6270617570063424,-16.1320847111399,-5.892554079178078,-11.646523049716999,-48.1018565832158
1615,-3.6248047224319606,-16.81412352844148,-5.955348904352103,-12.17509864916422,-48.055707228626225
1616,-3.622547687857579,-17.496162345743056,-8.573907925891817,-12.680808517070034,-47.236251576469165
1617,-3.6202906532831975,-18.178201163044637,-5.894918465735393,-13.225362168688044,-48.02664702946721
1618,-3.618033618708816,-18.86023998034622,-4.730751005919827,-13.772749505181505,-48.35067380333808
1619,-3.615776584134434,-19.542278797647793,-7.375791679207755,-14.28954820233725,-47.53353300976448
1620,-3.6135195495600527,-20.224317614949374,-6.04155582191826,-14.843310758846576,-47.90993900393818
1621,-3.611262514985671,-20.906356432250956,-7.23767499916003,-15.37418826782152,-47.52795280036087
1622,-3.6090054804112897,-21.58839524955253,-8.493583108351416,-15.896530094163891,-47.13137505568146
1623,-3.606748445836908,-22.27043406685411,-8.107058463379335,-16.433174174088247,-47.22604925295683
1624,-3.604491411262526,-22.952472884155686,-7.468407098640475,-16.980616862513028,-47.40516734135166
1625,-3.602234376688145,-23.634511701457267,-7.243490503933254,-17.523730387913602,-47.45186521444142
1626,-3.599977342113763,-24.31655051875885,-6.189433235217655,-18.078563111167902,-47.747025068659504
1627,-3.5977203075393818,-24.998589336060423,-6.236951886723349,-18.580302963959586,-47.703752377599635
1628,-3.595463272965,-25.680628153362,-5.937326367844126,-19.074420108859147,-47.75786906254369
1629,-4.1482837097372,-25.663510154240402,-6.001809505097732,-19.03408169466341,-48.299782866567504
1630,-4.7011041465094,-25.6463921551188,-6.217957765824007,-19.057633360341924,-48.81182387476395
1631,-5.2539245832816,-25.6292741559972,-5.437685309523881,-19.109640402438288,-49.62239646725575
1632,-5.8067450200538,-25.6121561568756,-6.01551083877591,-19.102553839241303,-50.02781180954416
1633,-6.359565456826,-25.595038157754,-7.871573246363038,-19.02475076623675,-50.073534268302325
1634,-6.361846901206786,-24.905623097445947,-6.898775411062615,-18.605456520380105,-50.357006575358376
1635,-6.364128345587574,-24.216208037137893,-6.846064471931828,-18.124695292381123,-50.3824835330908
1636,-6.36640978996836,-23.526792976829842,-5.557846921078512,-17.65435205746101,-50.76729937055437
1637,-6.368691234349146,-22.83737791652179,-6.308704476492033,-17.080830183297387,-50.56700698005712
1638,-6.370972678729934,-22.147962856213734,-7.662680766898739,-16.514961092957382,-50.184329860445196
1639,-6.37325412311072,-21.45854779590568,-6.3255049735248186,-15.998628207036642,-50.61267945802863
1640,-6.375535567491506,-20.769132735597626,-7.611768488195482,-15.456261164222031,-50.265189987678596
1641,-6.377817011872294,-20.079717675289572,-6.692380679498007,-14.921007988719532,-50.570304321409544
1642,-6.38009845625308,-19.390302614981522,-6.730456656173464,-14.366631312348371,-50.60236547684722
1643,-6.382379900633866,-18.700887554673468,-7.692731547060928,-13.796181887485055,-50.33809493382263
1644,-6.384661345014654,-18.011472494365414,-6.622276751912263,-13.238052233400214,-50.700088762899675
1645,-6.38694278939544,-17.322057434057363,-6.789237874463382,-12.681662481666496,-50.680322851726245
1646,-6.389224233776226,-16.632642373749306,-7.1145245726559825,-12.128175470052668,-50.60629596263986
1647,-6.391505678157014,-15.943227313441254,-7.91475099621716,-11.58589340324525,-50.37985631771032
1648,-6.3937871225378,-15.253812253133201,-9.08579991397083,-11.03931138399706,-50.03978325599188
1649,-6.396068566918586,-14.564397192825147,-7.396604454013103,-10.519454000535946,-50.58389120493226
1650,-6.398350011299374,-13.874982132517095,-8.897227529522874,-9.98362196733265,-50.13806902045245
1651,-6.40063145568016,-13.185567072209041,-9.238819373098762,-9.460607113264949,-50.04933397605244
1652,-6.402912900060946,-12.496152011900987,-7.71102986351973,-8.958526048982124,-50.54760727781795
1653,-6.405194344441734,-11.806736951592935,-7.818992798608717,-8.442693162026709,-50.532595057740366
1654,-6.40747578882252,-11.117321891284881,-7.626111340585075,-7.9331288292069395,-50.60583142498381
1655,-6.409757233203306,-10.427906830976829,-7.171240751104937,-7.423346229295781,-50.759950711708164
1656,-6.412038677584094,-9.738491770668777,-6.787525909296875,-6.9189780286959435,-50.89800129155524
1657,-6.41432012196488,-9.049076710360723,-8.73464471114641,-6.394339261703221,-50.29457490543932
1658,-6.416601566345666,-8.359661650052669,-7.3756171266696215,-5.912136379505986,-50.716919430470405
1659,-6.418883010726454,-7.670246589744615,-5.508068438872563,-5.440195523676446,-51.32846773356118
1660,-6.42116445510724,-6.980831529436564,-7.877410346356991,-4.9290180536295845,-50.583613784884406
1661,-6.423445899488026,-6.291416469128507,-4.698536377655935,-4.484394585506416,-51.61301058135805
1662,-6.425727343868814,-5.602001408820456,-6.986006615809997,-3.9795743491981366,-50.89554143506302
1663,-6.4280087882496,-4.912586348512402,-6.726375629979914,-3.4955098007165266,-50.9946103357001
1664,-6.430290232630386,-4.223171288204348,-5.75329196384681,-3.0224718235649934,-51.318883876451494
1665,-6.432571677011174,-3.533756227896294,-5.587620483704613,-2.5530329646870435,-51.39272434024646
1666,-6.43485312139196,-2.8443411675882437,-7.199153108587873,-2.0393073536219655,-50.892307552915945
1667,-6.437134565772746,-2.1549261072801897,-5.987523899226868,-1.5830994252593846,-51.30438766954258
1668,-6.439416010153534,-1.4655110469721357,-5.665901270886129,-1.1148723213815412,-51.41689260283312
1669,-6.44169745453432,-0.7760959866640817,-7.481775505385627,-0.6030972558362505,-50.84565656338759
1670,-6.443978898915106,-0.08668092635602775,-8.215956341371522,-0.09995852662256832,-50.619233630014556
1671,-6.446260343295894,0.6027341339520262,-6.639670144644716,0.3504281008517784,-51.13715686250542
1672,-6.44854178767668,1.2921491942600767,-9.30581403873722,0.8830864643051176,-50.28835085688013
1673,-6.450823232057466,1.9815642545681307,-8.997933061929551,1.355585461381193,-50.40235228940678
1674,-6.453104676438254,2.670979314876181,-8.761292711445234,1.8288058828361469,-50.492153478220246
1675,-6.45538612081904,3.3603943751842387,-6.282996925342536,2.2577956893830566,-51.27652149075566
1676,-6.457667565199826,4.049809435492293,-5.942350954671053,2.716341224610898,-51.394305630154236
1677,-6.459949009580614,4.739224495800343,-8.408723574951042,3.2519410338223995,-50.60096150595846
1678,-6.4622304539614,5.428639556108397,-7.411962151876362,3.7085043492543517,-50.93029218726758
1679,-6.464511898342186,6.1180546164164475,-7.84721584725655,4.203163407500096,-50.7907189525511
1680,-6.466793342722974,6.807469676724505,-6.7856212130704,4.65623283341343,-51.13545004302103
1681,-6.46907478710376,7.4968847370325555,-9.128295281991818,5.202699338316364,-50.38507029529209
1682,-6.471356231484546,8.186299797340613,-9.52872467025681,5.693043521265948,-50.251141032036756
1683,-6.473637675865334,8.875714857648664,-7.249292384891561,6.125485984686726,-50.984908482654824
1684,-6.47591912024612,9.565129917956721,-7.753317294796066,6.63059348505776,-50.82178935863598
1685,-6.478200564626906,10.254544978264772,-7.108438714958335,7.097141179476827,-51.01031698508953
1686,-6.4804820090076936,10.943960038572822,-7.707945290998742,7.615269285763212,-50.81526049478981
1687,-6.48276345338848,11.633375098880872,-6.218433716773959,8.077342221809952,-51.29077628041133
1688,-6.485044897769266,12.32279015918893,-4.656646438653826,8.543837381619738,-51.78581968201725
1689,-6.4873263421500535,13.012205219496987,-8.160427945623129,9.169578653114549,-50.666317035549994
1690,-6.48960778653084,13.701620279805038,-5.560604614231993,9.600571796588863,-51.478203435825506
1691,-6.491889230911626,14.391035340113088,-7.485041149019345,10.185162834508318,-50.87928296844744
1692,-6.4941706752924135,15.080450400421139,-7.6074364246022705,10.705614050640717,-50.820522939582
1693,-6.4964521196732,15.769865460729196,-7.490057794300072,11.224247705894948,-50.83943811399234
1694,-6.498733564053986,16.459280521037254,-8.312580800123222,11.783903375960179,-50.57864556590682
1695,-6.5010150084347735,17.148695581345304,-10.086315590102103,12.379076475199023,-50.00678367249874
1696,-6.50329645281556,17.838110641653355,-8.092997602426864,12.860090989734909,-50.61371147262937
1697,-6.505577897196346,18.527525701961412,-8.7522195874018,13.422329285725974,-50.38670889410139
1698,-6.5078593415771335,19.216940762269463,-7.394733844359664,13.922841448889045,-50.781652483940036
1699,-6.51014078595792,19.906355822577513,-9.191386216982744,14.525552275899344,-50.22006667166275
1700,-6.512422230338706,20.59577088288557,-8.355292228826986,15.035876257728942,-50.47260608058024
1701,-6.5147036747194935,21.28518594319362,-6.702779525174974,15.523295045111878,-50.96586027913679
1702,-6.51698511910028,21.97460100350168,-7.690319058071999,16.084827896558437,-50.647827316064046
1703,-6.519266563481066,22.66401606380973,-6.536767317666255,16.610911343124236,-50.97446495040967
1704,-6.5215480078618535,23.35343112411778,-6.837781304822718,17.152720861984275,-50.84377077408444
1705,-6.52382945224264,24.042846184425837,-5.277731694938659,17.67077239933153,-51.282969722928904
1706,-6.526110896623426,24.732261244733895,-5.580138020276948,18.176869384815916,-51.215038900679666
1707,-6.5283923410042135,25.421676305041945,-6.393339520075122,18.680292346989578,-50.987349022091784
1708,-6.530673785385,26.11109136535,-8.271711985916946,19.12363842520984,-50.42039915013363
1709,-7.0834089623384,26.1024452461084,-8.204693796054816,19.125710884283087,-51.02313907579713
1710,-7.6361441392918,26.0937991268668,-6.588152547433111,19.12355287284912,-52.07391808365183
1711,-8.1888793162452,26.085153007625202,-6.812863554619838,19.093218289544158,-52.580122519362426
1712,-8.7416144931986,26.0765068883836,-7.388156548462958,19.10152087050477,-52.97711400772
1713,-9.294349670152,26.067860769142,-5.193307150626021,19.087274253594785,-54.146151572786174
1714,-9.292073909759134,25.38016331672483,-6.32412844589674,18.68685140436023,-53.86800997559674
1715,-9.289798149366266,24.692465864307653,-6.799626462552429,18.24728312859405,-53.737898537472596
1716,-9.2875223889734,24.00476841189048,-7.227058674137776,17.778555155535795,-53.614510090024176
1717,-9.285246628580534,23.31707095947331,-6.955491043928847,17.265157564833807,-53.690629531888305
1718,-9.282970868187666,22.629373507056133,-7.926756045828748,16.72840297085031,-53.39136332551758
1719,-9.2806951077948,21.94167605463896,-7.057928473799331,16.18536373007184,-53.660908138367425
1720,-9.278419347401933,21.253978602221785,-6.084958919961622,15.602956880585914,-53.985506056052
1721,-9.276143587009066,20.566281149804613,-4.462125810285053,14.991289689702278,-54.5245913082701
1722,-9.2738678266162,19.87858369738744,-4.70469433321177,14.455389208769233,-54.465311602677
1723,-9.271592066223333,19.19088624497027,-5.543068367530809,13.934206182760182,-54.23272470278105
1724,-9.269316305830467,18.503188792553093,-7.060487997883654,13.429220414711445,-53.7819940530996
1725,-9.2670405454376,17.81549134013592,-8.37969120914375,12.922626550726381,-53.394142154311766
1726,-9.264764785044733,17.127793887718745,-7.228552900766537,12.328767074039614,-53.77080812461297
1727,-9.262489024651867,16.440096435301573,-7.821583110669707,11.811211678168348,-53.60536411269727
1728,-9.260213264259,15.7523989828844,-6.96474346556629,11.250878417436613,-53.8949932497129
1729,-9.257937503866133,15.064701530467227,-6.8235210600237695,10.709918791894497,-53.94820014860343
1730,-9.255661743473267,14.377004078050055,-6.2744155020097825,10.162358768248275,-54.14556881209481
1731,-9.2533859830804,13.68930662563288,-5.6452223535355275,9.624666686003634,-54.35133902152426
1732,-9.251110222687533,13.001609173215707,-7.4105060691528815,9.152387924207657,-53.803367682719475
1733,-9.248834462294667,12.313911720798535,-5.84720362064475,8.581266424629941,-54.317337035409345
1734,-9.2465587019018,11.626214268381359,-5.919854370718128,8.060543463781714,-54.30810561892183
1735,-9.244282941508933,10.938516815964187,-6.766672946446284,7.583178872370085,-54.039021153099675
1736,-9.242007181116067,10.250819363547015,-5.555234569729688,7.046589320825878,-54.45264704534216
1737,-9.2397314207232,9.56312191112984,-5.692475629995364,6.557205152646834,-54.41936406810247
1738,-9.237455660330333,8.875424458712668,-6.645925998592077,6.08848995653679,-54.10282557262354
1739,-9.235179899937467,8.187727006295493,-7.6760738492758245,5.632121212129773,-53.784596617593216
1740,-9.2329041395446,7.500029553878321,-7.990718972225232,5.158454051090678,-53.693338915397206
1741,-9.230628379151733,6.812332101461145,-8.163505701401515,4.674450370188635,-53.62369380416586
1742,-9.228352618758867,6.124634649043973,-5.94861870016275,4.138329393644755,-54.366509080889045
1743,-9.226076858366,5.4369371966268005,-8.89213009813938,3.725908912039176,-53.375791614041205
1744,-9.223801097973134,4.749239744209628,-7.462804597952495,3.2088731117114184,-53.84181070444489
1745,-9.221525337580266,4.061542291792453,-6.353346504508377,2.7040952202145814,-54.21063521416385
1746,-9.2192495771874,3.3738448393752805,-6.76764961583629,2.2359808065110234,-54.067766741526874
1747,-9.216973816794534,2.6861473869581083,-7.015336819026497,1.7598449881057818,-53.96784123376222
1748,-9.214698056401666,1.9984499345409326,-9.931408214490682,1.3370822959284772,-53.00525416751627
1749,-9.2124222960088,1.3107524821237604,-8.134972936707875,0.8200769312521535,-53.59008144537379
1750,-9.210146535615934,0.6230550297065847,-6.319751696743731,0.30742342598447864,-54.20424553028888
1751,-9.207870775223066,-0.06464242271058751,-7.597454613754541,-0.15151020596438297,-53.756642080419766
1752,-9.2055950148302,-0.7523398751277597,-7.704811831395894,-0.6366037064576032,-53.69504043555306
1753,-9.203319254437334,-1.4400373275449319,-3.7718252522780644,-1.1802752404848273,-55.006620397007296
1754,-9.201043494044466,-2.127734779962104,-4.720221637850727,-1.6434063785023518,-54.69053664942659
1755,-9.1987677336516,-2.8154322323792833,-6.733034425160702,-2.0900879400324435,-54.00756536074699
1756,-9.196491973258734,-3.5031296847964555,-3.66362541988412,-2.6083807800682974,-55.0197037545838
1757,-9.194216212865866,-4.190827137213628,-3.631758558920397,-3.0764662204040065,-55.01392008731136
1758,-9.191940452473,-4.8785245896308,-4.565472313584987,-3.53756580511332,-54.669999885328444
1759,-9.189664692080132,-5.566222042047972,-2.650689038841988,-4.039762875566833,-55.285895524717326
1760,-9.187388931687266,-6.253919494465151,-1.5624199934296086,-4.529893628282503,-55.625850082725066
1761,-9.1851131712944,-6.94161694688232,-3.2572350337170115,-4.987397014312313,-55.043164788747525
1762,-9.182837410901532,-7.629314399299496,-5.0042385480284555,-5.4584544147342715,-54.44996684351303
1763,-9.180561650508666,-8.317011851716664,-7.396683654312068,-5.92179434646693,-53.66418849069935
1764,-9.1782858901158,-9.00470930413384,-7.826693725608642,-6.414246543817012,-53.504655060373835
1765,-9.176010129722933,-9.692406756551016,-6.540180163136199,-6.9277234931661,-53.90913064184651
1766,-9.173734369330067,-10.380104208968184,-7.5246399417437555,-7.424259956343609,-53.57801878922822
1767,-9.1714586089372,-11.06780166138536,-6.361970780013782,-7.946521520652127,-53.93957827723472
1768,-9.169182848544333,-11.755499113802529,-8.082989961597773,-8.444001587205854,-53.358456067031135
1769,-9.166907088151467,-12.443196566219711,-7.121654158866733,-8.964306582192096,-53.64092092228165
1770,-9.164631327758599,-13.13089401863688,-6.673165435671008,-9.493442893504698,-53.772226191064505
1771,-9.162355567365733,-13.818591471054056,-7.910075015184329,-10.014383327109392,-53.34088012514352
1772,-9.160079806972867,-14.506288923471224,-7.108458629960105,-10.549634863157584,-53.57105375655531
1773,-9.157804046579999,-15.1939863758884,-7.6539166238587075,-11.098048651541626,-53.3660538377756
1774,-9.155528286187133,-15.881683828305576,-7.784457863186709,-11.65501777145314,-53.31286503125111
1775,-9.153252525794267,-16.569381280722745,-8.799463347652722,-12.219554965832298,-52.96932463245151
1776,-9.1509767654014,-17.25707873313992,-9.675553303911634,-12.78670017355191,-52.65413439344159
1777,-9.148701005008533,-17.944776185557096,-10.66902262276817,-13.338614464968558,-52.30587241880833
1778,-9.146425244615667,-18.63247363797427,-9.4098409845983,-13.91770260961015,-52.64843029228686
1779,-9.1441494842228,-19.32017109039144,-10.530065943070438,-14.462497380325756,-52.25999568758556
1780,-9.141873723829933,-20.007868542808616,-9.065918321365656,-15.020766031225946,-52.67497218861788
1781,-9.139597963437067,-20.695565995225785,-8.138520371579254,-15.582735001696772,-52.92911401063408
1782,-9.1373222030442,-21.38326344764296,-9.160448317883835,-16.110706147277337,-52.593568347916374
1783,-9.135046442651333,-22.070960900060136,-7.975994019429785,-16.666858694177147,-52.92998251594297
1784,-9.132770682258466,-22.758658352477305,-7.497303679007605,-17.20654105239809,-53.053183237960816
1785,-9.1304949218656,-23.44635580489448,-6.207257373290217,-17.76777568311155,-53.42475287055938
1786,-9.128219161472733,-24.134053257311656,-7.7581746309453745,-18.153339937134543,-52.95507421794153
1787,-9.125943401079866,-24.821750709728832,-6.911262308047313,-18.61921470380181,-53.17302161548954
1788,-9.123667640687,-25.509448162146,-6.283868435493358,-19.058003055963287,-53.323351213382665
1789,-9.676488077459199,-25.492330163024402,-6.9163959135485324,-19.02009180304149,-53.69826920787104
1790,-10.2293085142314,-25.4752121639028,-6.833519789380838,-18.984675855296498,-54.29614532032846
1791,-10.7821289510036,-25.4580941647812,-5.172908919424065,-19.104987772105883,-55.37592825150572
1792,-11.3349493877758,-25.4409761656596,-4.640901511527616,-19.14386463534827,-56.11431631191848
1793,-11.887769824548,-25.423858166538,-7.471020862699831,-18.948720387166965,-55.88876733429438
1794,-11.89003990095296,-24.73787832201172,-7.9161907452978975,-18.545620119199402,-55.753138122634084
1795,-11.89230997735792,-24.05189847748544,-8.321838815044197,-18.158447638682944,-55.65331772892847
1796,-11.89458005376288,-23.36591863295916,-8.331738883127812,-17.75049365047647,-55.64723004127748
1797,-11.89685013016784,-22.67993878843288,-9.33319383944851,-17.256100264609117,-55.34851097332252
1798,-11.8991202065728,-21.993958943906602,-10.067904426701377,-16.744385169035443,-55.14083767857612
1799,-11.90139028297776,-21.30797909938032,-9.639378598121777,-16.22962596529877,-55.29909915366086
1800,-11.90366035938272,-20.62199925485404,-8.085497791327182,-15.73173314016481,-55.816755478701445
1801,-11.90593043578768,-19.93601941032776,-7.475730721439163,-15.176061431685337,-56.03128425326464
1802,-11.90820051219264,-19.25003956580148,-7.5879462947552705,-14.624633839269693,-56.02764772264965
1803,-11.910470588597601,-18.5640597212752,-6.551301713353285,-14.048811959378515,-56.3963205145405
1804,-11.912740665002561,-17.87807987674892,-5.597491281213635,-13.484113695028656,-56.7346703946827
1805,-11.91501074140752,-17.19210003222264,-6.752120925601084,-12.888263355216788,-56.41850115653497
1806,-11.91728081781248,-16.50612018769636,-6.637153661225894,-12.321004857874017,-56.484722133473724
1807,-11.91955089421744,-15.820140343170081,-7.47054693005762,-11.741813565731023,-56.250840992408236
1808,-11.9218209706224,-15.1341604986438,-8.547985191359858,-11.185467159521776,-55.93818869018936
1809,-11.92409104702736,-14.44818065411752,-7.990470607884871,-10.641398569811518,-56.15348385342948
1810,-11.92636112343232,-13.762200809591242,-7.606314933789295,-10.105279174760444,-56.30599088028257
1811,-11.92863119983728,-13.07622096506496,-6.244912211373402,-9.57810572494683,-56.78701614257417
1812,-11.93090127624224,-12.390241120538679,-5.915648337823994,-9.044834103418744,-56.91060141961268
1813,-11.9331713526472,-11.704261276012401,-5.657146430240398,-8.51889053416713,-57.03838316765262
1814,-11.93544142905216,-11.01828143148612,-7.32550580558868,-7.97721351371598,-56.514426746311536
1815,-11.93771150545712,-10.33230158695984,-5.943432813564454,-7.476859262223587,-57.01415122815747
1816,-11.93998158186208,-9.646321742433562,-5.516006334146595,-6.9796332292926335,-57.19657475265503
1817,-11.94225165826704,-8.96034189790728,-7.069824725996397,-6.459064864183515,-56.68701818015533
1818,-11.944521734672,-8.274362053381001,-6.158444412573925,-5.97806031869716,-57.0197748330869
1819,-11.94679181107696,-7.588382208854721,-6.503603075712464,-5.483711856677575,-56.92210564387597
1820,-11.94906188748192,-6.902402364328442,-6.859247931104657,-4.995526871786105,-56.8202889432679
1821,-11.95133196388688,-6.216422519802162,-6.23149456033043,-4.5168723698409545,-57.054436385493865
1822,-11.953602040291841,-5.530442675275882,-6.01854715235352,-4.035964831862129,-57.145173180351605
1823,-11.955872116696801,-4.844462830749599,-6.449888044398668,-3.5485556557559614,-57.011479918665806
1824,-11.95814219310176,-4.158482986223323,-6.309325115151596,-3.069084368249988,-57.07021715079138
1825,-11.96041226950672,-3.4725031416970396,-7.321581890402358,-2.5863401263287304,-56.746974659769364
1826,-11.96268234591168,-2.78652329717076,-7.104052617861243,-2.107863094431242,-56.835528593607755
1827,-11.96495242231664,-2.1005434526444837,-7.60882345812575,-1.624367806062867,-56.668255826510666
1828,-11.9672224987216,-1.4145636081182005,-6.183288789370054,-1.1639343895635093,-57.15840482644306
1829,-11.96949257512656,-0.7285837635919208,-9.810111009707267,-0.6257476244138477,-55.930404570401414
1830,-11.97176265153152,-0.042603919065641094,-10.142723249670999,-0.1329990917807664,-55.824636461071655
1831,-11.97403272793648,0.6433759254606422,-9.000304431170866,0.3331681982920246,-56.22067012671756
1832,-11.97630280434144,1.3293557699869183,-8.79781040432873,0.8180430984103575,-56.30251248214489
1833,-11.9785728807464,2.015335614513198,-10.46918852463959,1.3360773498852,-55.73100604199111
1834,-11.98084295715136,2.7013154590394777,-9.140075493256695,1.7928330362637048,-56.18455024326409
1835,-11.98311303355632,3.387295303565761,-12.125080883109645,2.335349273113234,-55.1751895264139
1836,-11.98538310996128,4.073275148092041,-11.010745962904597,2.793436688547076,-55.54692683483881
1837,-11.98765318636624,4.75925499261832,-11.241954847563967,3.2883539833544333,-55.4771717518405
1838,-11.9899232627712,5.445234837144596,-13.208945467530635,3.813064765919081,-54.80884815268691
1839,-11.99219333917616,6.131214681670876,-10.536948919833634,4.242235627141602,-55.71831740017205
1840,-11.994463415581121,6.817194526197159,-10.306332733369267,4.722814737905393,-55.81135842748369
1841,-11.996733491986081,7.503174370723439,-13.04538808143585,5.2699289805921214,-54.907429811618805
1842,-11.999003568391041,8.189154215249719,-9.777839955037063,5.69044988306682,-56.02311111022285
1843,-12.001273644796001,8.875134059775998,-6.948385133906199,6.116211088437697,-56.969419035398516
1844,-12.00354372120096,9.561113904302278,-5.8669103180391105,6.586382694450228,-57.330206630551274
1845,-12.00581379760592,10.247093748828558,-7.780016401578008,7.137840534061368,-56.68154692995699
1846,-12.00808387401088,10.933073593354838,-4.1487022658064205,7.533540686836449,-57.89974783471089
1847,-12.01035395041584,11.619053437881117,-5.962208650101941,8.086991258127824,-57.27347381458924
1848,-12.0126240268208,12.305033282407397,-5.9368665550587885,8.595943964698455,-57.25774013632444
1849,-12.01489410322576,12.991013126933677,-5.31242157917452,9.095421838406338,-57.446845268479336
1850,-12.01716417963072,13.676992971459956,-9.035251420936714,9.742282673768324,-56.20444414369952
1851,-12.01943425603568,14.362972815986236,-6.839344178481534,10.203496557634963,-56.88667170227647
1852,-12.02170433244064,15.048952660512516,-9.915889716671382,10.847360500417468,-55.85040045133151
1853,-12.0239744088456,15.734932505038802,-8.86210552458806,11.362075703390438,-56.178751546754334
1854,-12.02624448525056,16.420912349565082,-8.546857922623136,11.910584397736578,-56.2690435181992
1855,-12.02851456165552,17.106892194091355,-9.919543240347501,12.515924583151971,-55.78634064806937
1856,-12.03078463806048,17.792872038617634,-9.591865597900517,13.064563838178113,-55.867413955674195
1857,-12.03305471446544,18.47885188314392,-9.31108365412894,13.613548950987703,-55.92711104297369
1858,-12.0353247908704,19.1648317276702,-7.937815485369059,14.132037795740644,-56.344416700756554
1859,-12.037594867275361,19.85081157219648,-9.359763826255053,14.717433024902304,-55.86745582707056
1860,-12.039864943680321,20.53679141672276,-7.214642810666057,15.245606454263077,-56.504265611986874
1861,-12.042135020085281,21.222771261249033,-8.419878860988446,15.823296715329686,-56.09823510636751
1862,-12.044405096490241,21.90875110577532,-7.761779707332717,16.336906240859467,-56.29211443934482
1863,-12.0466751728952,22.5947309503016,-6.058292427209644,16.85958162851702,-56.80368115489129
1864,-12.04894524930016,23.28071079482788,-6.118042337943923,17.389259575190692,-56.76552454348423
1865,-12.05121532570512,23.96669063935416,-6.019577925349553,17.91353080988801,-56.78839832953795
1866,-12.05348540211008,24.65267048388044,-6.179164823712447,18.337315612051334,-56.7477710245488
1867,-12.05575547851504,25.338650328406718,-7.886684444761039,18.60946895929115,-56.26681218458949
1868,-12.05802555492,26.024630172933,-11.904518849952634,18.702918892395417,-55.10750504760667
1869,-12.6107607318734,26.0159840536914,-7.963269466280229,18.9355174285619,-56.85780508457871
1870,-13.1634959088268,26.0073379344498,-7.7036001624785815,18.937660093140753,-57.474836016338465
1871,-13.716231085780201,25.9986918152082,-8.947582979554221,18.82669781689356,-57.634369558952784
1872,-14.268966262733601,25.9900456959666,-5.75536094917037,18.977767320062576,-59.11162883324295
1873,-14.821701439687,25.981399576725,-8.378934149693787,18.727985059115483,-58.861083055507784
1874,-14.819437047269961,25.2971373400896,-7.307968479489659,18.59034196991172,-59.20074183698675
1875,-14.817172654852921,24.6128751034542,-8.409326851874193,18.231877610237714,-58.875951639710124
1876,-14.81490826243588,23.9286128668188,-6.207390701829443,17.907840384435733,-59.55400972072915
1877,-14.81264387001884,23.244350630183398,-6.176148210197797,17.479171521113546,-59.56624620156822
1878,-14.810379477601801,22.560088393548,-6.504583612337946,16.997663007401993,-59.485488907388714
1879,-14.808115085184761,21.8758261569126,-5.637298292959952,16.502258617364703,-59.7723548903647
1880,-14.80585069276772,21.1915639202772,-7.930915922114559,15.960259335702954,-59.097101016265995
1881,-14.80358630035068,20.5073016836418,-11.124910132998608,15.49977470690307,-58.13040813277749
1882,-14.80132190793364,19.8230394470064,-10.989823294934839,14.93647656224441,-58.20759983697171
1883,-14.799057515516601,19.138777210371,-11.264993667210712,14.365749898254792,-58.148522990680476
1884,-14.79679312309956,18.4545149737356,-11.482738842840973,13.795642312896977,-58.11759891922608
1885,-14.79452873068252,17.7702527371002,-9.941342280903003,13.179104168418077,-58.653236321905496
1886,-14.79226433826548,17.0859905004648,-7.4441079564113695,12.540611602803931,-59.51108943948164
1887,-14.789999945848441,16.401728263829398,-8.449100567215375,11.998097672745358,-59.199687553546134
1888,-14.7877355534314,15.717466027193998,-9.001780777218734,11.462347109855234,-59.0458839182051
1889,-14.78547116101436,15.033203790558598,-6.589330581090424,10.83042663006079,-59.87867165519324
1890,-14.78320676859732,14.348941553923199,-8.499978409909806,10.339684066325054,-59.25923892527776
1891,-14.780942376180281,13.6646793172878,-8.258134453626226,9.796874905515015,-59.36744712597925
1892,-14.77867798376324,12.980417080652398,-8.149251970735957,9.257341006973139,-59.419788449527985
1893,-14.7764135913462,12.296154844017,-8.122486019906058,8.726526327652074,-59.442641103466585
1894,-14.77414919892916,11.611892607381597,-8.294001321664464,8.200001065270406,-59.38543137001564
1895,-14.771884806512121,10.927630370746199,-9.52018133407669,7.717980091762349,-58.94823398818466
1896,-14.76962041409508,10.2433681341108,-6.478085091112822,7.1249339093485995,-60.010847561355085
1897,-14.76735602167804,9.559105897475398,-7.583876860558351,6.648562447265405,-59.64017764378091
1898,-14.765091629261,8.87484366084,-9.185361541292268,6.1736903514718975,-59.079861947903645
1899,-14.762827236843961,8.190581424204598,-7.708135774792678,5.6296714675556325,-59.59330000525484
1900,-14.760562844426921,7.506319187569201,-8.06777681260326,5.147542003223589,-59.48345733675285
1901,-14.75829845200988,6.822056950933799,-8.111198558011536,4.661495903762719,-59.483245979032034
1902,-14.75603405959284,6.137794714298398,-7.156140857613782,4.157987035043689,-59.815279212833616
1903,-14.753769667175801,5.453532477662996,-9.03446605399173,3.7150138500963865,-59.14180623448241
1904,-14.751505274758761,4.7692702410275984,-10.096936168922495,3.2523005546642634,-58.76691581211574
1905,-14.74924088234172,4.085008004392197,-8.29546548606099,2.738028790976899,-59.416753326183795
1906,-14.74697648992468,3.400745767756799,-8.76323782559334,2.2647279063769603,-59.24493204897356
1907,-14.744712097507641,2.7164835311213977,-9.40191377688479,1.7887960482371563,-59.01019523333272
1908,-14.742447705090601,2.0322212944859963,-7.4468881477272575,1.2683495250055117,-59.71440895628599
1909,-14.74018331267356,1.3479590578505984,-5.429242820454071,0.7458394712606933,-60.43973067957685
1910,-14.73791892025652,0.663696821215197,-6.170949466156678,0.2722223807354573,-60.18738275998236
1911,-14.73565452783948,-0.020565415420204403,-7.732714089769409,-0.17524235443817346,-59.60566458327628
1912,-14.733390135422441,-0.7048276520556023,-8.263733612966284,-0.6405330830091509,-59.399707412874506
1913,-14.7311257430054,-1.3890898886910001,-6.973592469738778,-1.1359665041361469,-59.85706063997701
1914,-14.72886135058836,-2.0733521253264016,-5.782934273803039,-1.6399925603676186,-60.273739735099596
1915,-14.72659695817132,-2.7576143619618065,-5.805672103038118,-2.115483555027962,-60.27085298665984
1916,-14.724332565754281,-3.4418765985972044,-5.138453808730774,-2.6009731839675596,-60.491811366821835
1917,-14.72206817333724,-4.126138835232602,-7.245174007100138,-3.054590993009158,-59.72806573427201
1918,-14.7198037809202,-4.810401071868,-5.892714730661972,-3.5610773043975166,-60.190922932839584
1919,-14.71753938850316,-5.494663308503402,-5.547051196975882,-4.053424041936475,-60.30960077437848
1920,-14.715274996086121,-6.1789255451388065,-8.309431961466593,-4.50420188498311,-59.30221953032683
1921,-14.71301060366908,-6.863187781774204,-7.985718235233783,-5.004311828130511,-59.366504823828755
1922,-14.71074621125204,-7.547450018409602,-6.4450078727823135,-5.519694589242846,-59.89663685641645
1923,-14.708481818835,-8.231712255045,-6.069146863684071,-6.026651358821956,-60.01263847647627
1924,-14.706217426417961,-8.915974491680405,-9.306866263052768,-6.47930233253114,-58.85684321220705
1925,-14.703953034000921,-9.600236728315803,-8.540203026684937,-6.9893438877667045,-59.0818404657491
1926,-14.70168864158388,-10.2844989649512,-8.150541716039074,-7.515131580187287,-59.18678522598529
1927,-14.69942424916684,-10.968761201586599,-8.150441015228578,-8.039231933271857,-59.16831216760782
1928,-14.697159856749801,-11.653023438221997,-8.268232925207547,-8.558757971782637,-59.08462681890755
1929,-14.694895464332761,-12.337285674857402,-9.15879893487655,-9.071538039069699,-58.74460369779553
1930,-14.69263107191572,-13.021547911492807,-9.968292288449017,-9.585935572812957,-58.41006132276391
1931,-14.69036667949868,-13.705810148128204,-9.573502806823624,-10.149046975259028,-58.51969912032416
1932,-14.688102287081641,-14.390072384763602,-7.075614066332837,-10.729987152428302,-59.33615406829802
1933,-14.685837894664601,-15.074334621399007,-9.146285861897601,-11.247563231532418,-58.60190875734751
1934,-14.68357350224756,-15.758596858034405,-8.571272389525385,-11.816677137086309,-58.753864997100436
1935,-14.68130910983052,-16.442859094669803,-5.722476585419883,-12.426317999522443,-59.64125816773417
1936,-14.67904471741348,-17.1271213313052,-6.610652205315501,-12.99610540168904,-59.31583642750789
1937,-14.676780324996441,-17.811383567940606,-4.477925321682534,-13.60604097626332,-59.97026230404724
1938,-14.6745159325794,-18.495645804576004,-8.281349447691044,-14.152675784130695,-58.69201262277233
1939,-14.67225154016236,-19.1799080412114,-8.110993050948533,-14.750071612313613,-58.70076884610019
1940,-14.66998714774532,-19.8641702778468,-7.58512390201788,-15.345275214258969,-58.8299707273252
1941,-14.667722755328281,-20.548432514482204,-8.722956798147784,-15.874516596319577,-58.44251151721284
1942,-14.66545836291124,-21.232694751117602,-8.241232838272323,-16.452759235515526,-58.55369701705174
1943,-14.6631939704942,-21.916956987753007,-9.150136779355881,-16.900385819824304,-58.2592112317916
1944,-14.66092957807716,-22.601219224388405,-8.440577031240592,-17.431791886836205,-58.44694020359903
1945,-14.658665185660121,-23.285481461023803,-8.673523478262835,-17.83940089391178,-58.374731789319874
1946,-14.65640079324308,-23.969743697659208,-7.776979239914176,-18.25221727585859,-58.63217791326275
1947,-14.65413640082604,-24.654005934294606,-7.828559322739764,-18.542458130459906,-58.5935978969335
1948,-14.651872008409,-25.33826817093,-8.00439539482402,-18.78485624636294,-58.47461503695065
1949,-15.2046924451812,-25.3211501718084,-7.888845196304956,-18.776128262732172,-59.06313937226131
1950,-15.7575128819534,-25.3040321726868,-7.6764541819367675,-18.786395299706697,-59.674177822843625
1951,-16.3103333187256,-25.2869141735652,-6.336659060580155,-18.89201144741078,-60.62147223741021
1952,-16.863153755497798,-25.2697961744436,-8.612171522329952,-18.626186258396768,-60.504316737538645
1953,-17.41597419227,-25.252678175322,-7.913764159020512,-18.653542449674724,-61.27995485362693
1954,-17.41823290069913,-24.57013354657748,-7.961823359888673,-18.465280623427713,-61.314942632180866
1955,-17.420491609128266,-23.88758891783296,-8.168835867394943,-18.22296522688318,-61.27984906759733
1956,-17.422750317557398,-23.20504428908844,-8.372764540058052,-17.92123284235218,-61.234015481766946
1957,-17.425009025986533,-22.52249966034392,-7.892269422415527,-17.559563624384168,-61.39603231614188
1958,-17.427267734415665,-21.839955031599402,-8.258545681409437,-17.113541858634264,-61.306425016917
1959,-17.4295264428448,-21.15741040285488,-7.848603489316908,-16.62939212733005,-61.46234593265662
1960,-17.43178515127393,-20.47486577411036,-9.618382635470441,-15.999756080579147,-60.96000154805625
1961,-17.434043859703067,-19.79232114536584,-9.214438486067921,-15.42259919704572,-61.13547889125991
1962,-17.4363025681322,-19.10977651662132,-9.380717154266808,-14.851383256614165,-61.12569752604359
1963,-17.438561276561334,-18.4272318878768,-8.525649090655433,-14.260720955592152,-61.45334860682432
1964,-17.440819984990465,-17.74468725913228,-8.987984537700285,-13.648020707275471,-61.366682770631705
1965,-17.4430786934196,-17.06214263038776,-6.504161914117437,-13.126868710785601,-62.194900157379486
1966,-17.445337401848732,-16.379598001643238,-7.611451976487157,-12.522409680520546,-61.87162033300869
1967,-17.447596110277868,-15.69705337289872,-8.125993770794702,-11.946042309183332,-61.736314673019415
1968,-17.449854818707,-15.0145087441542,-8.445650381937208,-11.36660229312789,-61.67450658681001
1969,-17.45211352713613,-14.331964115409681,-9.690510499535087,-10.778786051271586,-61.284455897323795
1970,-17.454372235565266,-13.649419486665161,-10.222425171770512,-10.206025018025624,-61.13893209467451
1971,-17.456630943994398,-12.966874857920642,-8.999888113399187,-9.676049890761112,-61.60088340519247
1972,-17.458889652423533,-12.28433022917612,-9.002021360099395,-9.126778293817956,-61.63233752098882
1973,-17.461148360852665,-11.601785600431601,-9.398060513419285,-8.577266102375898,-61.532337286949904
1974,-17.4634070692818,-10.91924097168708,-9.378886618057795,-8.047371836452916,-61.56504753918801
1975,-17.46566577771093,-10.236696342942562,-9.553171955377758,-7.525675399744998,-61.52627386828511
1976,-17.467924486140067,-9.554151714198042,-9.34618398410048,-7.01054891348459,-61.6262142783971
1977,-17.4701831945692,-8.871607085453523,-8.514613336946026,-6.522831987966953,-61.96995040500157
1978,-17.472441902998334,-8.189062456709003,-8.287340056569768,-6.018248827220625,-62.0927159568004
1979,-17.474700611427465,-7.50651782796448,-8.797934764936077,-5.508891134618545,-61.94549381118706
1980,-17.4769593198566,-6.823973199219964,-6.739017053528635,-5.043432957504762,-62.72655227782499
1981,-17.479218028285732,-6.1414285704754406,-9.974644501903416,-4.490213785455511,-61.5572901298915
1982,-17.481476736714868,-5.458883941730921,-8.783824892971102,-4.015904173029109,-62.02534275360525
1983,-17.483735445144,-4.776339312986401,-7.481781287106458,-3.5484886121211434,-62.53842887232537
1984,-17.48599415357313,-4.093794684241882,-5.987913103263189,-3.084776246564467,-63.131965766262965
1985,-17.488252862002266,-3.411250055497362,-5.674355494107734,-2.602187240888293,-63.25300954898194
1986,-17.490511570431398,-2.7287054267528426,-5.663326013177206,-2.121698837487383,-63.26869428081001
1987,-17.492770278860533,-2.046160798008323,-7.174300132118981,-1.6094666216688458,-62.719848568165105
1988,-17.495028987289665,-1.3636161692638034,-8.522116284650098,-1.1126810238782658,-62.22137120257695
1989,-17.4972876957188,-0.6810715405192838,-7.588082897903899,-0.6457512044101809,-62.56959646324067
1990,-17.49954640414793,0.001473088225239394,-10.85207887018266,-0.10862698177257454,-61.36329168429668
1991,-17.501805112577067,0.684017716969759,-9.436630819983705,0.3404996455915279,-61.89305752351557
1992,-17.5040638210062,1.3665623457142786,-7.620385519995146,0.7887657408175401,-62.556501387662884
1993,-17.506322529435334,2.049106974458798,-7.58417155055891,1.2702971662757234,-62.56901737854519
1994,-17.508581237864465,2.7316516032033142,-8.567717764684685,1.7720968774363772,-62.20532229270063
1995,-17.5108399462936,3.414196231947841,-7.146313548145392,2.2249391661338924,-62.71916379805252
1996,-17.513098654722732,4.096740860692357,-9.895336555374653,2.7585725554330858,-61.71334171669277
1997,-17.515357363151868,4.779285489436877,-7.856554913042498,3.1945399449659155,-62.449536227944535
1998,-17.517616071581,5.461830118181396,-8.658530627695294,3.691845842024015,-62.159924358231095
1999,-17.51987478001013,6.144374746925916,-5.231318190238197,4.116257753109145,-63.406639367194884
2000,-17.522133488439266,6.826919375670439,-6.002483799052839,4.621318893890519,-63.13727867108221
2001,-17.524392196868398,7.509464004414955,-6.146703519857187,5.119458972912328,-63.09340313585108
2002,-17.526650905297533,8.192008633159478,-8.793756893116377,5.685867632719324,-62.1094260791825
2003,-17.528909613726665,8.874553261903994,-9.30907767262463,6.215480570786098,-61.918344855942905
2004,-17.5311683221558,9.557097890648517,-7.734030833670387,6.689491073208497,-62.457182428904034
2005,-17.53342703058493,10.23964251939304,-8.772373279368285,7.222925288989566,-62.07865455378497
2006,-17.535685739014067,10.922187148137557,-8.554147798460383,7.723968978894211,-62.14310441827996
2007,-17.5379444474432,11.604731776882073,-6.812668844174256,8.193917043445051,-62.74444024027161
2008,-17.540203155872334,12.287276405626596,-7.72025233488909,8.756028248780495,-62.42390087056903
2009,-17.542461864301465,12.969821034371119,-6.316103196978219,9.25948336676429,-62.9010523607425
2010,-17.5447205727306,13.652365663115635,-7.135994788278097,9.830798602944142,-62.61393435163539
2011,-17.546979281159732,14.334910291860158,-6.939292649002958,10.375417082931836,-62.65877089388436
2012,-17.549237989588867,15.017454920604674,-6.459359733208586,10.923680507582805,-62.79478561526095
2013,-17.551496698018,15.699999549349197,-6.905413275045474,11.499880335376252,-62.628163341182606
2014,-17.55375540644713,16.382544178093713,-6.97867527723507,12.065774574112927,-62.55599757340074
2015,-17.556014114876266,17.065088806838236,-8.546043657483212,12.682990254625228,-61.979607360015144
2016,-17.558272823305398,17.747633435582753,-8.539317072550828,13.252817964390209,-61.95641128181262
2017,-17.560531531734533,18.430178064327276,-8.232709878678612,13.829256072079225,-62.008893402806166
2018,-17.562790240163665,19.1127226930718,-9.495883185389928,14.442734638520093,-61.54689022068617
2019,-17.5650489485928,19.795267321816315,-8.938718401475928,15.019047776607486,-61.67394610382632
2020,-17.56730765702193,20.47781195056083,-7.569066775670811,15.57793476862495,-62.05365506583095
2021,-17.569566365451067,21.160356579305354,-7.36819577424046,16.08236067359456,-62.08088363359652
2022,-17.5718250738802,21.842901208049877,-5.133810888022043,16.64077123036696,-62.72574177623276
2023,-17.574083782309334,22.525445836794393,-7.033642422382942,17.162083431767297,-62.1065218458003
2024,-17.576342490738465,23.207990465538916,-5.491546394807453,17.637586835394266,-62.56283257212449
2025,-17.5786011991676,23.890535094283432,-7.22827385736986,18.017239469301284,-62.03382805495766
2026,-17.580859907596732,24.573079723027956,-6.192520135358699,18.391208385711728,-62.36010507830838
2027,-17.583118616025867,25.25562435177248,-7.401143609224343,18.508003879820414,-62.01380181126985
2028,-17.585377324455,25.938168980517,-8.634204056232026,18.53323387971862,-61.61704779412081
2029,-18.1381125014084,25.9295228612752,-8.115249016771358,18.536811538004187,-62.327349339779296
2030,-18.6908476783618,25.9208767420334,-7.978089484935395,18.528251061038326,-62.924419503884536
2031,-19.2435828553152,25.912230622791597,-8.635431030499433,18.422756194665705,-63.30440407120197
2032,-19.796318032268598,25.903584503549798,-8.172321386038103,18.43149713708457,-64.003067449537
2033,-20.349053209222,25.894938384308,-11.246035804685564,18.063661103214063,-63.637027823872046
2034,-20.346769738504552,25.2049109983077,-6.925936144140908,18.443112230785804,-64.94245873312966
2035,-20.344486267787108,24.514883612307404,-4.663157489091399,18.50398698805657,-65.60629069831663
2036,-20.34220279706966,23.824856226307105,-5.2280702795047205,18.165087823184216,-65.41877223729787
2037,-20.339919326352216,23.13482884030681,-6.286039985525548,17.7375673060803,-65.09919363023262
2038,-20.33763585563477,22.44480145430651,-5.893285970373161,17.312267108684715,-65.22520854646852
2039,-20.335352384917325,21.754774068306215,-6.893033675117934,16.754424358693054,-64.95050525340844
2040,-20.333068914199877,21.064746682305916,-9.441070158850726,16.261924296341842,-64.18467205288137
2041,-20.330785443482434,20.37471929630562,-8.428290735932576,15.642481059412884,-64.58106289086923
2042,-20.328501972764986,19.68469191030532,-9.834767571713176,15.066075268762049,-64.20287034602845
2043,-20.32621850204754,18.994664524305026,-8.17726580589688,14.446184376047047,-64.81113421055467
2044,-20.323935031330095,18.304637138304727,-7.2273799072877045,13.851558481310645,-65.16559286459852
2045,-20.321651560612647,17.614609752304432,-6.90566338128085,13.27196817567333,-65.31226131158718
2046,-20.319368089895203,16.924582366304133,-6.534812881525362,12.662338657159319,-65.50334965859024
2047,-20.317084619177756,16.234554980303834,-7.49954152881418,12.079026657871012,-65.22328359791184
2048,-20.31480114846031,15.544527594303538,-6.582096076753357,11.480906734093466,-65.53929974690458
2049,-20.312517677742864,14.854500208303241,-8.428924000068374,10.928106820891351,-64.95623377068921
2050,-20.31023420702542,14.164472822302944,-8.505848405873119,10.345856214092741,-64.93529641581482
2051,-20.307950736307973,13.474445436302647,-6.757394882342714,9.740638988901745,-65.56302825547932
2052,-20.305667265590525,12.784418050302351,-6.99170690684092,9.19254376652894,-65.52904864482943
2053,-20.30338379487308,12.094390664302052,-9.38612062284108,8.704819261649774,-64.6829539400352
2054,-20.301100324155634,11.404363278301757,-7.402275565602614,8.11885691016741,-65.40528892617674
2055,-20.29881685343819,10.714335892301458,-8.961169268518407,7.614947729970443,-64.86752680113112
2056,-20.296533382720742,10.024308506301162,-10.819588748582987,7.126307300373217,-64.18508278927233
2057,-20.2942499120033,9.334281120300862,-12.423550027384444,6.623795495792545,-63.591555734675154
2058,-20.29196644128585,8.644253734300566,-9.390505500658966,6.051882175235477,-64.73860621606448
2059,-20.289682970568407,7.954226348300267,-7.880535369408167,5.505304805724962,-65.30636877056291
2060,-20.28739949985096,7.264198962299972,-9.227767609069227,5.023809417129476,-64.81732815637343
2061,-20.285116029133512,6.574171576299673,-8.11161699679341,4.498023758117829,-65.25430687304966
2062,-20.282832558416068,5.884144190299377,-6.549756687894839,3.962987354309166,-65.84497135369372
2063,-20.28054908769862,5.194116804299078,-7.744196653708134,3.485456390721095,-65.39478471083936
2064,-20.278265616981177,4.504089418298783,-6.20352392875384,2.969061863641858,-65.98592961857368
2065,-20.27598214626373,3.8140620322984837,-8.577143174414736,2.5237341924397994,-65.07049506030414
2066,-20.273698675546285,3.1240346462981883,-7.860352560011899,2.031665862504945,-65.34836611469682
2067,-20.271415204828838,2.4340072602978893,-7.321381627181487,1.5321223464867388,-65.54160572765242
2068,-20.269131734111394,1.7439798742975938,-8.159010538431653,1.0717848748816285,-65.20253373892496
2069,-20.266848263393946,1.0539524882972948,-7.930560631790952,0.5862653236582603,-65.29138984079584
2070,-20.264564792676502,0.36392510229699937,-8.492040036480867,0.11369624340871645,-65.09430550033723
2071,-20.262281321959055,-0.3261022837032961,-7.118167244025059,-0.39991383400122804,-65.61598876394386
2072,-20.259997851241607,-1.0161296697035915,-8.39348330647128,-0.8683048432750219,-65.11536499413432
2073,-20.257714380524163,-1.706157055703894,-8.571427427517268,-1.3619872785331992,-65.03408933737151
2074,-20.255430909806716,-2.3961844417041895,-6.030331085367082,-1.9051359504564336,-65.99456746864468
2075,-20.253147439089272,-3.086211827704485,-3.97178501290032,-2.4459452765179734,-66.77801934707662
2076,-20.250863968371824,-3.7762392137047804,-3.815559070365763,-2.9572199550533433,-66.81983505143693
2077,-20.24858049765438,-4.466266599705083,-3.660919536020381,-3.457436470191414,-66.84619129942614
2078,-20.246297026936933,-5.1562939857053784,-6.807642354469872,-3.907530735321569,-65.62870202347085
2079,-20.24401355621949,-5.846321371705674,-4.7388711341492735,-4.442261253455721,-66.35223575674513
2080,-20.24173008550204,-6.536348757705973,-5.587755554293405,-4.9239007928395955,-66.00209877286044
2081,-20.239446614784594,-7.2263761437062755,-8.396255715027747,-5.371194354567378,-64.9133118088942
2082,-20.23716314406715,-7.916403529706571,-8.465077159868553,-5.869492772886248,-64.84611221620074
2083,-20.234879673349703,-8.606430915706866,-9.341878837699802,-6.367577511848375,-64.51723738011664
2084,-20.23259620263226,-9.296458301707162,-8.616504060529047,-6.8971060409119085,-64.75104871298652
2085,-20.23031273191481,-9.986485687707464,-7.121838700700509,-7.455921833460067,-65.28742554024673
2086,-20.228029261197367,-10.67651307370776,-9.426061154147558,-7.933428187185755,-64.408048906394
2087,-20.22574579047992,-11.366540459708055,-7.997618758418674,-8.49363355916904,-64.92163922332067
2088,-20.223462319762476,-12.05656784570835,-7.542761778107938,-9.050845088153412,-65.0365477258938
2089,-20.221178849045028,-12.746595231708653,-8.962473782167061,-9.576752932105249,-64.48413609098176
2090,-20.21889537832758,-13.436622617708949,-9.064526310356026,-10.125213475907154,-64.3932625217509
2091,-20.216611907610137,-14.126650003709244,-8.954495508157402,-10.694898602940329,-64.3950582838407
2092,-20.21432843689269,-14.81667738970954,-7.387834886395227,-11.31010550670288,-64.86527158532213
2093,-20.212044966175245,-15.506704775709842,-6.6572188009889555,-11.918898485179568,-65.0861905021801
2094,-20.209761495457798,-16.196732161710138,-6.9445244830664565,-12.532569503001186,-64.94822600001912
2095,-20.207478024740354,-16.886759547710433,-6.879363268959855,-13.158180767705115,-64.9275072906749
2096,-20.205194554022906,-17.57678693371073,-8.241436496589328,-13.744674429043394,-64.40971589416189
2097,-20.202911083305462,-18.26681431971103,-7.981710338735814,-14.352673994596776,-64.45097004618047
2098,-20.200627612588015,-18.956841705711327,-8.777762792639852,-14.910969731987649,-64.12430502427715
2099,-20.198344141870567,-19.646869091711622,-9.4840503081824,-15.473124658987842,-63.85352565285858
2100,-20.196060671153123,-20.336896477711917,-8.749354646146088,-16.0853477036687,-64.02657291090478
2101,-20.193777200435676,-21.02692386371222,-8.5650294454634,-16.65695980936796,-64.03700184112736
2102,-20.191493729718232,-21.716951249712515,-6.454162624512328,-17.364100920870467,-64.64699414735438
2103,-20.189210259000784,-22.40697863571281,-7.364308338912113,-17.68082611728377,-64.34259119571057
2104,-20.18692678828334,-23.097006021713106,-7.284434578530311,-18.077612463156516,-64.3613473154252
2105,-20.184643317565893,-23.78703340771341,-7.614550266767375,-18.2438383011522,-64.25078893396592
2106,-20.18235984684845,-24.477060793713704,-8.369523948737132,-18.296084620279657,-64.01656994859775
2107,-20.180076376131,-25.167088179714,-7.2995517075223795,-18.534810656291633,-64.34287270068464
2108,-20.732896812903203,-25.1499701805924,-8.087971869152986,-18.405002212085783,-64.68208303323316
2109,-21.2857172496754,-25.1328521814708,-10.6599925139544,-18.042876243666342,-64.45625762597027
2110,-21.8385376864476,-25.1157341823492,-8.557427829611719,-18.28489355745556,-65.66072081743566
2111,-22.3913581232198,-25.0986161832276,-10.764970247729176,-17.964326282120645,-65.52227391250906
2112,-22.944178559992,-25.081498184106,-10.846866658779318,-17.92069262344228,-66.04320204519063
2113,-22.94645626991088,-24.393211616914027,-8.257523133382584,-18.19472797336421,-66.84726699156147
2114,-22.948733979829758,-23.704925049722053,-8.641698225814094,-18.048875172374206,-66.73492353364546
2115,-22.951011689748636,-23.01663848253008,-7.483584056523765,-18.003071935626323,-67.05105523455033
2116,-22.953289399667515,-22.328351915338107,-7.2497924463240455,-17.741323359915388,-67.11820209060238
2117,-22.955567109586394,-21.640065348146134,-6.679908684778591,-17.399384852551798,-67.2982251122027
2118,-22.957844819505272,-20.95177878095416,-6.965998504735232,-16.870924280854894,-67.25819834919997
2119,-22.960122529424147,-20.263492213762188,-5.319012076199325,-16.41617793782257,-67.81330876480395
2120,-22.962400239343026,-19.575205646570215,-4.889402161775266,-15.879394167696192,-68.00265807032444
2121,-22.964677949261905,-18.886919079378245,-5.599889350603994,-15.204808720455972,-67.87658460885112
2122,-22.966955659180783,-18.198632512186272,-4.114129855293547,-14.613817995947146,-68.43736155959122
2123,-22.969233369099662,-17.5103459449943,-5.408491437170342,-13.918316245440778,-68.09396158874172
2124,-22.97151107901854,-16.822059377802326,-4.142581263501751,-13.335950579918743,-68.57350155969985
2125,-22.97378878893742,-16.133772810610353,-4.140299924555108,-12.701071086878327,-68.64435669272517
2126,-22.976066498856298,-15.445486243418378,-5.84117925540494,-12.032328236043927,-68.1311889904057
2127,-22.978344208775177,-14.757199676226405,-6.280115648723873,-11.423576391636995,-68.04270960798303
2128,-22.980621918694055,-14.068913109034431,-7.737736567921081,-10.791710810870999,-67.58934581141143
2129,-22.982899628612934,-13.380626541842458,-7.560679921243557,-10.209901796213986,-67.73304133076556
2130,-22.985177338531813,-12.692339974650487,-8.296342383931396,-9.625266649984,-67.54347937690912
2131,-22.987455048450688,-12.004053407458514,-7.791905319175426,-9.088657788271462,-67.76675760770532
2132,-22.989732758369566,-11.31576684026654,-9.594260757436347,-8.489668271068835,-67.12223257278224
2133,-22.992010468288445,-10.62748027307457,-9.211404477791302,-7.973462651287764,-67.29798637629328
2134,-22.994288178207324,-9.939193705882595,-7.582910938643901,-7.498614777035687,-67.93343785823177
2135,-22.996565888126202,-9.250907138690623,-9.360591819007343,-6.936713410891653,-67.27736769606311
2136,-22.99884359804508,-8.562620571498648,-11.349118315996234,-6.388764049952772,-66.56491288935203
2137,-23.00112130796396,-7.874334004306675,-11.52381174322572,-5.871281494981382,-66.51106815434963
2138,-23.00339901788284,-7.186047437114702,-10.736611676851597,-5.388257673232041,-66.85623712012236
2139,-23.005676727801717,-6.4977608699227325,-7.225761578351754,-4.947014008031528,-68.21894621723129
2140,-23.007954437720596,-5.809474302730756,-6.343988072271948,-4.450924732329449,-68.61700810011155
2141,-23.010232147639474,-5.121187735538786,-5.249098925191474,-3.951730102226267,-69.06730627431408
2142,-23.012509857558353,-4.43290116834681,-5.180881547836487,-3.434934528590774,-69.11463963662867
2143,-23.014787567477228,-3.74461460115484,-4.02930172400474,-2.9517093936971412,-69.5890955762632
2144,-23.017065277396107,-3.0563280339628633,-6.647737504500748,-2.400854136560456,-68.5696784145495
2145,-23.019342987314985,-2.3680414667708938,-8.157429792064002,-1.8725082327626372,-67.9923757946938
2146,-23.021620697233864,-1.679754899578917,-6.9176872204323505,-1.404449156534907,-68.49906593649419
2147,-23.023898407152743,-0.9914683323869475,-8.57316287352177,-0.8784999455874233,-67.85846860920465
2148,-23.02617611707162,-0.3031817651949744,-6.727009268595039,-0.4236950183564377,-68.57705393839944
2149,-23.0284538269905,0.3851048019969987,-8.318764867091291,0.08876472943757592,-67.94854201448186
2150,-23.03073153690938,1.0733913691889718,-8.393308752194299,0.5636187723859956,-67.9513602247194
2151,-23.033009246828257,1.7616779363809414,-12.407619832348054,1.115843367140451,-66.35371402857429
2152,-23.035286956747136,2.449964503572918,-8.847612970608157,1.536175408100121,-67.77920635138732
2153,-23.037564666666015,3.138251070764891,-9.424010741322897,2.0293919067149293,-67.55235963841665
2154,-23.039842376584893,3.8265376379568607,-9.648681752850706,2.524308694314279,-67.46292662039882
2155,-23.042120086503772,4.514824205148834,-10.282040872262023,3.032122986868622,-67.22003013361584
2156,-23.044397796422647,5.2031107723408105,-8.728620069695697,3.5063477140793085,-67.83039634180653
2157,-23.046675506341526,5.891397339532784,-10.236371456708328,4.037478317061807,-67.24969779466555
2158,-23.048953216260404,6.579683906724753,-9.762511267169304,4.540081067400643,-67.43555299148727
2159,-23.051230926179283,7.267970473916723,-11.992372575404799,5.0889592826685925,-66.55595000782172
2160,-23.05350863609816,7.956257041108703,-11.232003413755907,5.5828342533622,-66.83219351169359
2161,-23.05578634601704,8.644543608300676,-9.547133660287113,6.078365586612708,-67.49356107151331
2162,-23.05806405593592,9.33283017549265,-9.190334302229244,6.586735551967742,-67.610460603693
2163,-23.060341765854798,10.021116742684615,-11.264825458616874,7.141667757292924,-66.78802555312843
2164,-23.062619475773676,10.709403309876596,-8.21464530633669,7.625841617940214,-67.94714979865618
2165,-23.064897185692555,11.397689877068569,-8.131658819259679,8.15790924942925,-67.95874346593193
2166,-23.067174895611434,12.085976444260535,-8.270228383256716,8.700858938763743,-67.86709047303157
2167,-23.069452605530312,12.774263011452508,-7.805838358012903,9.25460119976151,-68.00516255372575
2168,-23.071730315449187,13.462549578644488,-6.538076326388475,9.801971170971807,-68.45329157146976
2169,-23.074008025368066,14.150836145836461,-6.2478211050292245,10.361024357562846,-68.51965963712277
2170,-23.076285735286945,14.839122713028427,-6.776383651750449,10.936160592337664,-68.31022792349472
2171,-23.078563445205823,15.5274092802204,-4.543528015682349,11.488584866478512,-69.07567985439962
2172,-23.080841155124702,16.21569584741238,-8.173663862053784,12.134784925124857,-67.76632108803042
2173,-23.08311886504358,16.903982414604346,-8.69527237631631,12.777514420333887,-67.53168538786177
2174,-23.08539657496246,17.59226898179632,-8.861007729288865,13.403291825167704,-67.42041598555244
2175,-23.087674284881338,18.280555548988293,-8.44204750825799,14.050485724448643,-67.49283734169924
2176,-23.089951994800217,18.968842116180273,-6.010440556249235,14.670851281110556,-68.1993888483728
2177,-23.092229704719095,19.65712868337224,-6.370887233241643,15.266291253093538,-68.00412256840752
2178,-23.094507414637974,20.345415250564212,-5.685493725133611,15.824570291138214,-68.15453575407366
2179,-23.096785124556853,21.033701817756185,-7.286595695109707,16.352139674846594,-67.59811814362344
2180,-23.099062834475728,21.721988384948165,-7.183559087935063,16.853584986942053,-67.59126626257662
2181,-23.101340544394606,22.41027495214013,-7.684558034281941,17.25745171717298,-67.44135535544312
2182,-23.103618254313485,23.098561519332105,-7.040933642935304,17.72894237912948,-67.63925383667183
2183,-23.105895964232364,23.786848086524078,-6.726296854722847,18.012609867360197,-67.7429142610532
2184,-23.108173674151242,24.47513465371605,-7.488180867945077,18.18171372192554,-67.52453203070495
2185,-23.11045138407012,25.163421220908024,-7.0333281895998425,18.336991662929258,-67.67101771529664
2186,-23.112729093989,25.8517077881,-8.215216108999414,18.251622667921563,-67.27264096285916
2187,-23.6654642709426,25.8430616688584,-7.071233900363322,18.366332980784648,-68.18886314761006
2188,-24.2181994478962,25.8344155496168,-8.410929367635143,18.183889820697857,-68.34125211081562
2189,-24.7709346248498,25.8257694303752,-7.594577126973726,18.261876785004723,-69.1534636541417
2190,-25.3236698018034,25.8171233111336,-9.149801270386076,18.034042295998745,-69.23733796834576
2191,-25.876404978757,25.808477191892,-8.466348824461058,18.103498773607267,-70.01501315775242
2192,-25.874133029636678,25.121931443508352,-7.4470537327941555,18.181581489396738,-70.31919251125147
2193,-25.871861080516354,24.4353856951247,-5.664524343907949,18.307975164850372,-70.82745951831342
2194,-25.86958913139603,23.748839946741054,-6.729252920887877,18.056643675136275,-70.47683005053574
2195,-25.867317182275706,23.062294198357403,-5.485241419412251,17.859186056738643,-70.82206009905455
2196,-25.86504523315538,22.375748449973756,-4.7682692439510035,17.532486389943926,-71.05349920529213
2197,-25.862773284035054,21.689202701590105,-6.3539097022393145,17.04435361830157,-70.59835069379062
2198,-25.86050133491473,21.002656953206458,-5.912846570540399,16.491941277376633,-70.77485886485175
2199,-25.858229385794406,20.31611120482281,-4.593542208375999,16.03933331355584,-71.19953848125895
2200,-25.855957436674082,19.62956545643916,-2.1241447880015767,15.441805512181274,-72.05728220180197
2201,-25.853685487553758,18.943019708055512,-2.1387265147603367,14.781384138325983,-72.1267546283124
2202,-25.851413538433434,18.256473959671865,-5.1151178575240985,14.092202744568944,-71.24456817889971
2203,-25.84914158931311,17.569928211288214,-6.102260891587325,13.456469912475475,-70.9794942166842
2204,-25.846869640192786,16.883382462904564,-8.034421974854551,12.813297355106355,-70.40254415665714
2205,-25.84459769107246,16.196836714520916,-10.565476195528746,12.226855397194612,-69.60053918144584
2206,-25.842325741952138,15.51029096613727,-10.425962805205499,11.623838954168917,-69.68206349037607
2207,-25.84005379283181,14.82374521775362,-9.729576385836847,11.012126482092292,-69.97607298512101
2208,-25.837781843711486,14.137199469369971,-7.580353308808841,10.406835934887285,-70.75921017982137
2209,-25.835509894591162,13.450653720986322,-7.412590796368758,9.833102807896715,-70.84723424024217
2210,-25.833237945470838,12.764107972602675,-7.128535087348542,9.259172079972664,-70.97147929047804
2211,-25.830965996350514,12.077562224219024,-7.662059364855887,8.702518360845731,-70.80703286167613
2212,-25.82869404723019,11.391016475835377,-6.201844104379745,8.124347451417936,-71.38942561710793
2213,-25.826422098109866,10.704470727451728,-7.160784486243408,7.598035267043634,-71.02398374054205
2214,-25.824150148989542,10.01792497906808,-7.40638170603601,7.090873106195539,-70.95416465104095
2215,-25.821878199869218,9.33137923068443,-7.494379796044315,6.572490559704524,-70.95839121190274
2216,-25.819606250748894,8.644833482300783,-8.080883469627347,6.065896278454944,-70.74626905261228
2217,-25.81733430162857,7.958287733917132,-7.771973234496149,5.555140301491909,-70.8965462358587
2218,-25.815062352508242,7.271741985533485,-7.925920817066816,5.036244832528003,-70.85469687279686
2219,-25.81279040338792,6.585196237149834,-5.641044318129751,4.4821499199295385,-71.77228354636632
2220,-25.810518454267594,5.898650488766187,-4.748460358439371,3.9474852787609267,-72.14009300259309
2221,-25.80824650514727,5.212104740382539,-7.169650866636465,3.4675955989793863,-71.16387983231006
2222,-25.805974556026946,4.525558991998889,-8.975962574541137,3.000094299592248,-70.41967220708707
2223,-25.803702606906622,3.8390132436152413,-6.368713078093955,2.4599652732316417,-71.46404633692948
2224,-25.801430657786298,3.152467495231594,-8.563473458918734,1.9995587508940276,-70.5714394816153
2225,-25.799158708665974,2.4659217468479433,-9.5022335272873,1.5295605122441107,-70.18231940662983
2226,-25.79688675954565,1.779375998464296,-9.035129736934882,1.0398247044435929,-70.37408119814175
2227,-25.794614810425326,1.0928302500806453,-8.628269688853237,0.5552886938732217,-70.54007344200822
2228,-25.792342861305002,0.40628450169699803,-9.242040632825429,0.0920686701433909,-70.29624680513476
2229,-25.790070912184675,-0.2802612466866492,-6.6321395323996795,-0.4322918218816986,-71.34382355716777
2230,-25.78779896306435,-0.9668069950702964,-7.600533142394842,-0.8949124543464254,-70.94041529899437
2231,-25.785527013944026,-1.6533527434539508,-6.196961386338537,-1.4164738131043448,-71.49680433112735
2232,-25.783255064823702,-2.339898491837598,-6.523443479338261,-1.9163203253411722,-71.35304111818486
2233,-25.78098311570338,-3.0264442402212453,-7.4665828432589505,-2.395168747050377,-70.9584655658381
2234,-25.778711166583054,-3.7129899886048925,-5.835396503685422,-2.936780397826149,-71.60538907922565
2235,-25.77643921746273,-4.399535736988543,-5.30824711823901,-3.458122034839334,-71.77951283300479
2236,-25.774167268342406,-5.0860814853721905,-5.7639151938208855,-3.961892789215105,-71.5618345422645
2237,-25.771895319222082,-5.772627233755838,-6.346919726052421,-4.464236494621307,-71.28905795323894
2238,-25.76962337010176,-6.4591729821394885,-2.7279491450962414,-5.083185883754071,-72.68359499104497
2239,-25.76735142098143,-7.145718730523139,-3.3797948065730563,-5.564308341998886,-72.41297655626204
2240,-25.765079471861107,-7.832264478906783,-3.265049067308106,-6.111521209184395,-72.40416000776344
2241,-25.762807522740783,-8.518810227290434,-2.948185614188681,-6.64201391104856,-72.51008944451407
2242,-25.76053557362046,-9.205355975674085,-3.2827617264752638,-7.149119595248412,-72.33637624067073
2243,-25.758263624500135,-9.891901724057735,-6.156683084455042,-7.565531107845212,-71.21142368627083
2244,-25.75599167537981,-10.578447472441379,-9.38319701987733,-7.978884597925615,-69.98077276489386
2245,-25.753719726259487,-11.26499322082503,-6.108013279769302,-8.639610633656785,-71.14915052690117
2246,-25.751447777139163,-11.951538969208674,-8.729683208519726,-9.105796520658437,-70.11616200725206
2247,-25.74917582801884,-12.638084717592331,-13.363603070576618,-9.517829155009547,-68.32592313324349
2248,-25.746903878898515,-13.324630465975975,-8.652024707475451,-10.253644629901753,-70.01282185184057
2249,-25.74463192977819,-14.011176214359626,-6.846046148529697,-10.905555343523162,-70.6282549054581
2250,-25.742359980657863,-14.69772196274327,-6.8479024803176465,-11.506932030302828,-70.6073055899266
2251,-25.74008803153754,-15.38426771112692,-6.607570617667498,-12.150276049917798,-70.600957986642
2252,-25.737816082417215,-16.07081345951057,-6.276876874522648,-12.754202197929887,-70.64608549756265
2253,-25.73554413329689,-16.757359207894222,-6.133868001662512,-13.402169500357573,-70.60822469532793
2254,-25.733272184176567,-17.443904956277866,-5.879291427256308,-14.042555277818554,-70.61517635148938
2255,-25.731000235056243,-18.130450704661516,-5.868931509770978,-14.664380279622069,-70.55243047432141
2256,-25.72872828593592,-18.816996453045167,-7.2920350468445125,-15.249555138451962,-70.01754305082117
2257,-25.726456336815595,-19.50354220142881,-7.294802331868474,-15.856047126604455,-69.9680474530237
2258,-25.72418438769527,-20.19008794981246,-6.899710297606614,-16.481375736966633,-70.04389114302916
2259,-25.721912438574947,-20.876633698196112,-8.300776815970787,-16.92885803339931,-69.57303384762409
2260,-25.71964048945462,-21.563179446579763,-8.76397709683549,-17.32558269134663,-69.4345335331091
2261,-25.717368540334295,-22.249725194963407,-8.469589616965871,-17.66966400581766,-69.50721380340784
2262,-25.71509659121397,-22.936270943347058,-8.546853844511672,-17.880035334813194,-69.494858932449
2263,-25.712824642093647,-23.62281669173071,-7.49394561902094,-18.12952854678305,-69.82259653272803
2264,-25.710552692973323,-24.309362440114352,-8.035819695708861,-18.116655753567052,-69.67021188747356
2265,-25.708280743853,-24.995908188498,-9.120262130822198,-18.018048288045087,-69.33556318933996
2266,-26.2611011806252,-24.9787901893764,-8.514825111519478,-18.080784904103332,-70.07455514606372
2267,-26.8139216173974,-24.9616721902548,-9.55126815748985,-17.921779312658305,-70.30794256194095
2268,-27.3667420541696,-24.9445541911332,-8.300154040058496,-18.075613425299586,-71.25691168679954
2269,-27.9195624909418,-24.927436192011598,-9.260212805678037,-17.929568200822974,-71.53142463407822
2270,-28.472382927714,-24.91031819289,-9.348770630175244,-17.903378568337924,-72.04458065809064
2271,-28.474649116035756,-24.225513263314674,-7.6481077023716075,-18.078448566438254,-72.53357215642751
2272,-28.476915304357515,-23.54070833373935,-6.437659002451471,-18.182915379478406,-72.88466834958885
2273,-28.47918149267927,-22.855903404164025,-7.3770925986091616,-17.979081500623654,-72.59317023581534
2274,-28.48144768100103,-22.171098474588703,-5.502288029905658,-17.96969254242928,-73.11802999083801
2275,-28.483713869322784,-21.48629354501338,-6.9740366027096945,-17.49473645043448,-72.67257603493782
2276,-28.485980057644543,-20.801488615438053,-8.35909822709941,-16.931735941266282,-72.26413191851279
2277,-28.488246245966298,-20.11668368586273,-6.182537636195412,-16.699956457908364,-72.91067671534661
2278,-28.490512434288053,-19.431878756287404,-6.828643175021628,-16.00173924574139,-72.77559615666651
2279,-28.492778622609812,-18.74707382671208,-5.667732024926896,-15.478877424267505,-73.16812707600371
2280,-28.495044810931567,-18.062268897136754,-5.611453971081411,-14.787914737301167,-73.30084767312115
2281,-28.497310999253326,-17.377463967561432,-3.3250501994173316,-14.27431122483851,-74.11389242396919
2282,-28.49957718757508,-16.692659037986108,-3.753896037714706,-13.641064885860349,-74.03720689127294
2283,-28.50184337589684,-16.007854108410783,-4.194005662120503,-12.992248847936466,-73.94977404051018
2284,-28.504109564218595,-15.323049178835458,-6.403128371910565,-12.260363903216891,-73.26169193856101
2285,-28.50637575254035,-14.638244249260135,-4.514119102984403,-11.730193044302947,-73.98278743589401
2286,-28.50864194086211,-13.95343931968481,-5.9812860556627765,-11.032017770148736,-73.54249882776128
2287,-28.510908129183864,-13.268634390109485,-6.130797844533398,-10.414292148932779,-73.549479966317
2288,-28.513174317505623,-12.58382946053416,-6.404208661923692,-9.817495683632178,-73.49212693462064
2289,-28.515440505827378,-11.899024530958838,-9.174823116100953,-9.116623438145878,-72.50514910069757
2290,-28.517706694149137,-11.214219601383512,-7.026515326730013,-8.644517163126839,-73.39062861794424
2291,-28.519972882470892,-10.529414671808189,-7.216470937027688,-8.084527485520658,-73.34420113810795
2292,-28.52223907079265,-9.844609742232864,-6.550167730281996,-7.573606722260483,-73.61450104818464
2293,-28.524505259114406,-9.15980481265754,-4.8693955292637146,-7.09397808569163,-74.28086668454543
2294,-28.52677144743616,-8.474999883082216,-3.419079450696198,-6.5962627198787205,-74.87628939314877
2295,-28.52903763575792,-7.790194953506891,-5.12600749039257,-6.017414765480768,-74.23912621531632
2296,-28.531303824079675,-7.105390023931566,-2.975682559542681,-5.572298255439284,-75.11749122235044
2297,-28.533570012401434,-6.420585094356241,-2.258910364387972,-5.068108775639876,-75.4303664845279
2298,-28.53583620072319,-5.735780164780916,-2.166857896642109,-4.565830544204539,-75.50592811191508
2299,-28.538102389044948,-5.050975235205595,-0.7685551467690341,-4.097900341222344,-76.10239644919238
2300,-28.540368577366703,-4.36617030563027,-2.4432565053826973,-3.5363645703196736,-75.47068246935046
2301,-28.542634765688458,-3.681365376054945,-3.8932074438662263,-2.9911896578951733,-74.91031866053106
2302,-28.544900954010217,-2.99656044647962,-4.221820959532078,-2.4817631233150164,-74.79516760202456
2303,-28.547167142331972,-2.311755516904295,-3.748935256299832,-1.9925408855767077,-75.00802479838516
2304,-28.54943333065373,-1.6269505873289702,-3.3084480151042848,-1.5055758912318442,-75.20009253118015
2305,-28.551699518975486,-0.9421456577536489,-5.237429927094853,-0.9687186666691457,-74.4303448473201
2306,-28.553965707297245,-0.25734072817832043,-5.218096553076324,-0.4754716578860781,-74.44835627916032
2307,-28.556231895619,0.4274642013970009,-5.741992418990535,0.029653942149991366,-74.23694490930386
2308,-28.558498083940755,1.1122691309723223,-5.80312851655889,0.5455196668962408,-74.20958962336934
2309,-28.560764272262514,1.7970740605476472,-5.497222551250781,1.025910235923161,-74.33338581979054
2310,-28.56303046058427,2.4818789901229756,-6.719251592518112,1.528232403502595,-73.83185005013004
2311,-28.565296648906028,3.166683919698297,-4.341848430342793,1.9904394103278265,-74.79045970904261
2312,-28.567562837227783,3.851488849273622,-4.747167715572911,2.47151710927017,-74.62624574366546
2313,-28.56982902554954,4.536293778848943,-4.67753000353104,2.953765599975895,-74.65716637867048
2314,-28.572095213871297,5.221098708424272,-2.9038227660624827,3.4265028202182743,-75.38558037883945
2315,-28.574361402193052,5.905903637999597,-6.3681646748479155,3.964274022585828,-73.98853170133009
2316,-28.57662759051481,6.590708567574918,-5.67138434515611,4.473882227692559,-74.26486733842378
2317,-28.578893778836566,7.275513497150239,-4.517710662249349,4.980617796519144,-74.72129554325501
2318,-28.581159967158325,7.960318426725568,-4.69343137920903,5.511499622518312,-74.64816523063574
2319,-28.58342615548008,8.645123356300896,-5.8198756927062885,6.064971821494709,-74.18773873679655
2320,-28.58569234380184,9.329928285876218,-4.9970115815226395,6.584706329710835,-74.51707741417478
2321,-28.587958532123594,10.014733215451539,-6.639279169936599,7.1326645430910975,-73.83232497916181
2322,-28.59022472044535,10.699538145026867,-6.750659368036745,7.654240621057152,-73.78412863903137
2323,-28.592490908767108,11.384343074602189,-7.026420086580405,8.19954565918739,-73.65807989079293
2324,-28.594757097088863,12.069148004177517,-7.116284653238226,8.755726430360884,-73.63415789616346
2325,-28.59702328541062,12.753952933752839,-6.391149667136545,9.315376817419923,-73.86896019449475
2326,-28.599289473732377,13.438757863328167,-6.70122000680288,9.886019687515494,-73.72784475139788
2327,-28.601555662054135,14.123562792903488,-6.810908208055533,10.453768694944783,-73.65488763866428
2328,-28.60382185037589,14.80836772247881,-3.6715963295055714,11.055030859831355,-74.74057520714248
2329,-28.60608803869765,15.493172652054131,-6.3888219095683105,11.66417329153445,-73.7274365406053
2330,-28.608354227019404,16.17797758162946,-5.163763280067569,12.270989734584385,-74.11232663963038
2331,-28.61062041534116,16.862782511204788,-5.649050144181644,12.881404483289407,-73.83138716795212
2332,-28.61288660366292,17.54758744078011,-4.768025866037342,13.477493900818928,-74.10380623705001
2333,-28.615152791984674,18.23239237035543,-3.2524144498757055,14.118575154051792,-74.5205383162681
2334,-28.617418980306432,18.91719729993076,-3.4720281672388404,14.779378663105842,-74.34635950458883
2335,-28.619685168628187,19.60200222950608,-3.5128619295006556,15.470266301622651,-74.263149533146
2336,-28.621951356949946,20.28680715908141,-5.8663180234183265,16.046648287646875,-73.45812151900968
2337,-28.6242175452717,20.97161208865673,-4.823193090652349,16.66318169464319,-73.72564762386082
2338,-28.626483733593457,21.65641701823206,-6.306843131233148,17.124399431631595,-73.26626939237912
2339,-28.628749921915215,22.34122194780738,-8.583433851694782,17.336522234925106,-72.64116477102229
2340,-28.63101611023697,23.0260268773827,-7.311146197438757,17.73097176193392,-73.04019841478082
2341,-28.63328229855873,23.71083180695803,-9.240589816621059,17.73131926874764,-72.5210738929659
2342,-28.635548486880484,24.39563673653336,-6.336783270201692,18.167541039990507,-73.39540463367089
2343,-28.637814675202243,25.08044166610868,-6.628934895747784,18.195885659673596,-73.30556135514057
2344,-28.640080863524,25.765246595684,-6.569192010818516,18.260568006443886,-73.32130028696592
2345,-29.1928160404774,25.756600476442202,-6.826120044767944,18.20558267306436,-73.79576743861932
2346,-29.745551217430798,25.747954357200403,-7.026522938844981,18.15048887135502,-74.30298571068526
2347,-30.2982863943842,25.7393082379586,-6.827133210670553,18.149894942574086,-74.90849513633519
2348,-30.851021571337597,25.7306621187168,-7.429492351556795,18.047592798973895,-75.26451729148715
2349,-31.403756748291,25.722015999475,-6.8129805686202065,18.08660739167335,-75.9640168363831
2350,-31.40149632076781,25.038951888708013,-6.352142567487654,18.09585502213059,-76.11866509659068
2351,-31.39923589324462,24.355887777941028,-6.659367066795391,18.008106436832367,-76.00982203524308
2352,-31.396975465721432,23.672823667174043,-7.266768981916323,17.874848287591426,-75.79434064444133
2353,-31.394715038198242,22.989759556407055,-7.511472765604731,17.6975142360733,-75.67814812186627
2354,-31.392454610675053,22.306695445640067,-7.671074135177346,17.459554159551704,-75.57485508278575
2355,-31.390194183151863,21.62363133487308,-9.147592026284899,16.939469283905705,-75.1408142335091
2356,-31.387933755628673,20.940567224106097,-6.784197823629226,16.616179194476302,-75.79569144280715
2357,-31.385673328105486,20.25750311333911,-5.182057623339399,16.085217224430338,-76.3300964643628
2358,-31.383412900582297,19.57443900257212,-6.981801446307696,15.366216279026006,-75.8665865506243
2359,-31.381152473059107,18.891374891805135,-4.19464138738956,14.874463258683841,-76.74374152169037
2360,-31.378892045535917,18.20831078103815,-4.50593610718686,14.225784178936406,-76.70704913004353
2361,-31.376631618012727,17.525246670271162,-1.998432415151262,13.60632249297538,-77.62450907349913
2362,-31.37437119048954,16.842182559504174,-3.6884806899587597,12.972203958235484,-77.11521647646363
2363,-31.37211076296635,16.15911844873719,-2.635519187718444,12.344288838584731,-77.51959381546239
2364,-31.36985033544316,15.476054337970202,-0.4075372098792233,11.766115688343463,-78.31713546030258
2365,-31.36758990791997,14.792990227203216,-2.9138759717311538,11.119770413523952,-77.47525906383567
2366,-31.36532948039678,14.10992611643623,-4.741884903023571,10.517003941046763,-76.85351908359445
2367,-31.363069052873595,13.426862005669243,-3.3888086029986964,9.940765035135433,-77.40244430081864
2368,-31.360808625350405,12.743797894902258,-2.9250930030540196,9.378023445116765,-77.55382445379668
2369,-31.358548197827215,12.06073378413527,-4.005630985752796,8.793591830782484,-77.1684085607442
2370,-31.356287770304025,11.377669673368285,-5.533416521436023,8.228372845468549,-76.62205412136969
2371,-31.354027342780835,10.694605562601296,-6.45846831334426,7.684734276084624,-76.23208391965939
2372,-31.35176691525765,10.011541451834312,-7.761106257522662,7.134963005803881,-75.7668517704222
2373,-31.34950648773446,9.328477341067323,-7.961633112851293,6.595950525152199,-75.69933394986639
2374,-31.34724606021127,8.645413230300338,-11.554472718243817,6.073251940197761,-74.29867456774957
2375,-31.34498563268808,7.96234911953335,-10.499452277242057,5.554852690525959,-74.7066444589461
2376,-31.34272520516489,7.279285008766365,-11.281127424933082,5.036205808242437,-74.39841330255321
2377,-31.340464777641703,6.596220897999377,-12.076840721298602,4.5304725044410326,-74.07086015637479
2378,-31.338204350118513,5.913156787232392,-12.807796905471351,4.026547132401375,-73.77895943166939
2379,-31.335943922595323,5.230092676465404,-12.085549850764059,3.5158700207844924,-74.06516430007098
2380,-31.333683495072133,4.547028565698419,-12.86579940931954,3.038431971444005,-73.7408354311706
2381,-31.331423067548943,3.8639644549314305,-13.095748628526119,2.5573412304561747,-73.62769424361727
2382,-31.329162640025757,3.1809003441644457,-11.21644444533597,2.0453785572278522,-74.38076051123815
2383,-31.326902212502567,2.4978362333974573,-11.133563464913458,1.54821682227626,-74.40299352493832
2384,-31.324641784979377,1.8147721226304725,-10.039431766071637,1.0680632363712428,-74.84631220731353
2385,-31.322381357456187,1.1317080118634841,-10.362730872968408,0.5852932731715218,-74.7186426885705
2386,-31.320120929932997,0.4486439010964993,-7.49094391355912,0.04707658586654705,-75.882628630315
2387,-31.31786050240981,-0.2344202096704855,-7.040760326986375,-0.454511939651401,-76.06563243079859
2388,-31.31560007488662,-0.9174843204374703,-5.194539597175703,-0.9889740983842011,-76.81986493128353
2389,-31.31333964736343,-1.6005484312044622,-4.969813196977076,-1.4828507491905523,-76.90823447461236
2390,-31.31107921984024,-2.283612541971447,-7.38323148704116,-1.9022004381540043,-75.9270987555657
2391,-31.308818792317055,-2.966676652738432,-5.326220968862455,-2.457592503103648,-76.75240651273032
2392,-31.306558364793865,-3.6497407635054167,-5.8708835966190325,-2.9451530327858437,-76.51505090183667
2393,-31.304297937270675,-4.332804874272409,-5.462425858239697,-3.460796359102993,-76.65283967560582
2394,-31.302037509747485,-5.015868985039393,-6.517517009801976,-3.9459909923977783,-76.197542127303
2395,-31.299777082224296,-5.698933095806378,-5.811315983133468,-4.464505276343738,-76.4683531005268
2396,-31.29751665470111,-6.381997206573363,-5.82843339087413,-4.969833220007973,-76.42881467862824
2397,-31.29525622717792,-7.065061317340355,-4.878522234055579,-5.511868113414465,-76.78536506882462
2398,-31.29299579965473,-7.74812542810734,-6.5786982116208215,-5.963105784889444,-76.0734688003874
2399,-31.29073537213154,-8.431189538874325,-3.7773426784879485,-6.591481734488111,-77.13689875124568
2400,-31.28847494460835,-9.11425364964131,-5.366090506267899,-7.0526042170844,-76.50445333435445
2401,-31.286214517085163,-9.797317760408301,-5.23025389857291,-7.606670923792153,-76.52171423466754
2402,-31.283954089561973,-10.480381871175286,-4.1973639886819445,-8.197883391121294,-76.88429353934683
2403,-31.281693662038784,-11.163445981942271,-4.701060639232611,-8.760525750586291,-76.62318803366698
2404,-31.279433234515594,-11.846510092709256,-2.334323095212313,-9.451684039233415,-77.45960020836552
2405,-31.277172806992404,-12.529574203476248,-3.8949544195870573,-9.963665881171224,-76.85103466583313
2406,-31.274912379469217,-13.212638314243232,-1.1337638831449057,-10.701809432375205,-77.83530005939845
2407,-31.272651951946028,-13.895702425010217,-2.2686161938807072,-11.25048771521274,-77.37061069400609
2408,-31.270391524422838,-14.578766535777202,-2.8667193677791407,-11.829789397864197,-77.10535903010133
2409,-31.268131096899648,-15.261830646544194,-4.7354674506350785,-12.340554380162837,-76.40604211691412
2410,-31.265870669376458,-15.944894757311179,-3.6973942021610986,-13.039928308501,-76.70699323625858
2411,-31.26361024185327,-16.627958868078164,-3.471171618928942,-13.693435721441372,-76.71555802786258
2412,-31.26134981433008,-17.31102297884515,-3.356947135834105,-14.347787201530185,-76.6966333281944
2413,-31.25908938680689,-17.99408708961214,-2.7533504191111433,-15.111737011490973,-76.76691258712779
2414,-31.256828959283702,-18.677151200379125,-4.031191775063527,-15.69219197471943,-76.29477705444103
2415,-31.254568531760512,-19.36021531114611,-4.213945099365139,-16.356658535020085,-76.13954929257733
2416,-31.252308104237326,-20.043279421913095,-4.00698562014271,-16.9653083902267,-76.18936941691531
2417,-31.250047676714136,-20.726343532680087,-7.560981357659732,-17.088816008581034,-75.16914217472049
2418,-31.247787249190946,-21.40940764344707,-6.813975573937596,-17.487539263840855,-75.39984394018862
2419,-31.245526821667756,-22.092471754214056,-6.827513489680248,-17.7602775453513,-75.41795253675888
2420,-31.243266394144566,-22.77553586498104,-7.298131576707501,-17.87135653244203,-75.3323672836356
2421,-31.24100596662138,-23.458599975748033,-6.245508980060975,-18.08760881144538,-75.67022257481159
2422,-31.23874553909819,-24.141664086515018,-6.854473091257824,-18.072547862272497,-75.48036301141879
2423,-31.236485111575,-24.824728197282,-7.643654500053451,-18.023657270328755,-75.22640410555252
2424,-31.7893055483472,-24.8076101981604,-10.15503471653944,-17.684451497829887,-75.00841251266692
2425,-32.3421259851194,-24.7904921990388,-9.68059869487946,-17.715416480829727,-75.6871821966971
2426,-32.894946421891596,-24.7733741999172,-8.092881660491456,-17.881210079599644,-76.69737580506512
2427,-33.4477668586638,-24.756256200795598,-5.628327895437018,-18.142670921285088,-77.96608831035947
2428,-34.000587295436,-24.739138201674,-6.593401640395654,-17.976965386913687,-78.22716891018942
2429,-34.002872839151685,-24.048484389618288,-6.57318419536222,-17.920116646688523,-78.25227994128937
2430,-34.00515838286737,-23.357830577562574,-6.309011989271065,-17.903847389079065,-78.31863797526145
2431,-34.00744392658305,-22.667176765506863,-5.036313631959439,-18.034627588526813,-78.6568005733411
2432,-34.00972947029874,-21.976522953451152,-5.823269958230801,-17.83158061413833,-78.408306521413
2433,-34.01201501401442,-21.285869141395438,-7.234735534132287,-17.47078186487408,-77.95795745599798
2434,-34.01430055773011,-20.595215329339727,-7.313446892112411,-17.139050680946397,-77.90214417898069
2435,-34.016586101445796,-19.904561517284012,-7.966261880322709,-16.506729026701638,-77.6958051946497
2436,-34.018871645161475,-19.2139077052283,-6.8416940877933135,-16.061963319303135,-77.98599062068328
2437,-34.02115718887716,-18.523253893172587,-6.110580995074184,-15.450233853802246,-78.23508346787186
2438,-34.02344273259285,-17.832600081116876,-5.626686437201929,-14.8242265181159,-78.43412112035277
2439,-34.025728276308534,-17.141946269061165,-5.201756911487617,-14.209927255440078,-78.53885867961812
2440,-34.02801382002422,-16.45129245700545,-6.8852789157770165,-13.38726532438067,-78.07211845665772
2441,-34.03029936373991,-15.76063864494974,-10.36806302942554,-12.458747650292082,-76.98088174728765
2442,-34.032584907455586,-15.069984832894027,-11.920824356482333,-11.716234386842205,-76.43720695416032
2443,-34.03487045117127,-14.379331020838315,-12.66993558620215,-11.077155287239599,-76.16036214240894
2444,-34.03715599488696,-13.688677208782604,-12.438886269996448,-10.51684808053789,-76.18631482909396
2445,-34.039441538602645,-12.998023396726891,-14.089067556956557,-9.820374799035683,-75.61932882325267
2446,-34.04172708231833,-12.307369584671179,-13.583230856599565,-9.285313597218192,-75.77444672530139
2447,-34.04401262603401,-11.616715772615466,-14.583365735830544,-8.669431710600968,-75.38549295282215
2448,-34.0462981697497,-10.926061960559755,-15.334436739015171,-8.073705087943434,-75.09351056052309
2449,-34.04858371346538,-10.235408148504042,-13.974042354081977,-7.598150682598559,-75.56368394774705
2450,-34.05086925718107,-9.54475433644833,-15.053910269320374,-7.008634140170091,-75.14670880296698
2451,-34.053154800896756,-8.854100524392617,-17.01110972904376,-6.392166682762825,-74.39461879636907
2452,-34.055440344612435,-8.163446712336906,-17.203084178542557,-5.872383464670153,-74.29197334222489
2453,-34.05772588832812,-7.472792900281192,-17.34487168514305,-5.332195650401657,-74.25066627170465
2454,-34.06001143204381,-6.782139088225481,-17.3738943145789,-4.832393166415451,-74.22316823020441
2455,-34.062296975759494,-6.09148527616977,-17.828705349146627,-4.3127375013070814,-74.02081755789261
2456,-34.06458251947518,-5.400831464114056,-18.053916931862407,-3.809027042376412,-73.91776299197205
2457,-34.06686806319086,-4.710177652058345,-18.43361681469427,-3.3093513110246024,-73.74839656093096
2458,-34.069153606906546,-4.0195238400026305,-15.683611354530326,-2.894823977332927,-74.85195677511624
2459,-34.07143915062223,-3.3288700279469197,-16.114180026500488,-2.40862340882899,-74.6667055865773
2460,-34.07372469433792,-2.638216215891209,-17.117566015579822,-1.9067080471489863,-74.2487899443636
2461,-34.076010238053605,-1.9475624038354944,-17.253510290655857,-1.4163791088960629,-74.19986232381598
2462,-34.078295781769285,-1.2569085917797835,-16.488695907854574,-0.9563963505663986,-74.50368515594108
2463,-34.08058132548497,-0.5662547797240691,-16.104433007022163,-0.4959120653559434,-74.65910640297857
2464,-34.08286686920066,0.12439903233164173,-17.696015827073637,0.004137404139181839,-74.01074144881524
2465,-34.085152412916344,0.8150528443873561,-18.712733895233534,0.4950492364796597,-73.59865981512687
2466,-34.08743795663203,1.505706656443067,-17.908228484821286,0.9636428423491376,-73.93498450753945
2467,-34.089723500347716,2.1963604684987814,-18.422903965485286,1.443646023974865,-73.7316507825016
2468,-34.092009044063396,2.8870142805544887,-19.034316849714358,1.924068609607498,-73.49928493953612
2469,-34.09429458777908,3.5776680926102067,-20.654976299264458,2.4202822076481203,-72.85781480415514
2470,-34.09658013149477,4.268321904665914,-19.14570102083055,2.882480081393121,-73.4874608270238
2471,-34.098865675210455,4.958975716721628,-19.257679804257027,3.362767413241639,-73.45920624273701
2472,-34.10115121892614,5.649629528777339,-19.705208657019522,3.8483491720694136,-73.31265532520658
2473,-34.10343676264182,6.340283340833054,-18.58139115897245,4.343008656255649,-73.77367351587424
2474,-34.10572230635751,7.0309371528887645,-18.8557695175532,4.838632656793329,-73.69949025155387
2475,-34.10800785007319,7.721590964944479,-18.672711726471814,5.329660148067938,-73.81164242118854
2476,-34.11029339378888,8.412244777000186,-18.04115861322265,5.826692019864033,-74.10073079688031
2477,-34.112578937504566,9.1028985890559,-17.213251195375577,6.346144739455078,-74.45601008687453
2478,-34.114864481220245,9.793552401111615,-17.48711805253803,6.862189601188171,-74.40092983263834
2479,-34.11715002493593,10.48420621316733,-16.468670959847273,7.395325985913247,-74.84640581486033
2480,-34.11943556865162,11.174860025223037,-15.635225455006974,7.94396031041475,-75.20850723810211
2481,-34.121721112367304,11.865513837278751,-15.461416422966247,8.504229230235227,-75.29071274022066
2482,-34.12400665608299,12.556167649334459,-15.397684375254537,9.0686037877752,-75.38700680700505
2483,-34.12629219979867,13.24682146139018,-14.050929232559856,9.646149708412066,-75.92503547165602
2484,-34.128577743514356,13.937475273445887,-14.683498817439773,10.21915712629746,-75.76836154400178
2485,-34.13086328723004,14.628129085501602,-14.074327152306612,10.81736328472398,-76.04755069924806
2486,-34.13314883094573,15.318782897557309,-12.228752499703798,11.455146343450743,-76.70761863829752
2487,-34.135434374661415,16.009436709613023,-11.659087722734961,12.066857792657562,-76.9552799059427
2488,-34.137719918377094,16.700090521668738,-10.946549972599403,12.70845593022441,-77.18103183007102
2489,-34.14000546209278,17.390744333724452,-10.66761584579958,13.356548019663984,-77.27586277601324
2490,-34.14229100580847,18.08139814578016,-8.730896756420934,14.012802029548018,-77.93096818539983
2491,-34.14457654952415,18.772051957835874,-7.433453417233499,14.69299775236756,-78.31430278016926
2492,-34.14686209323984,19.46270576989158,-5.7410764831946794,15.426520717254688,-78.74372385561415
2493,-34.149147636955526,20.153359581947296,-6.034244307225134,16.070774990737473,-78.58737338742955
2494,-34.151433180671205,20.84401339400301,-4.863374877698752,16.76381390728751,-78.87718170557164
2495,-34.15371872438689,21.534667206058725,-4.023090480364588,17.354110182960877,-79.09873016647693
2496,-34.15600426810258,22.225321018114432,-5.268348664368765,17.71529167931811,-78.80142460641314
2497,-34.158289811818264,22.915974830170146,-6.849270424848621,17.710648859355334,-78.48121137774882
2498,-34.16057535553395,23.60662864222586,-5.989146471673383,17.89961838254138,-78.80882297016406
2499,-34.16286089924963,24.297282454281575,-6.145207957554181,17.898302416250562,-78.86790855102922
2500,-34.165146442965316,24.987936266337282,-5.121595947614814,18.051830049436198,-79.19120972288476
2501,-34.167431986681,25.678590078393,-7.362845651084103,17.832751931287046,-78.45126865666646
2502,-34.7201655220826,25.6694479091608,-7.2988173037351665,17.785701647764707,-79.03352683683934
2503,-35.2728990574842,25.6603057399286,-7.6941783371993395,17.690525550394483,-79.46562988101009
2504,-35.825632592885796,25.6511635706964,-7.562347824853823,17.649625727342993,-80.05616624833523
2505,-36.3783661282874,25.6420214014642,-6.683175742323298,17.697037772962727,-80.87382855746374
2506,-36.931099663689,25.632879232232,-6.217618646402169,17.70411000868317,-81.55267463432071
2507,-36.92882007212199,24.944024061844356,-3.46283927591635,18.035857482307986,-82.34352489078626
2508,-36.92654048055497,24.255168891456712,-3.785025011498159,17.995119928033073,-82.14465191779962
2509,-36.92426088898796,23.56631372106907,-2.584340782854578,18.13937501243737,-82.34290699595441
2510,-36.92198129742094,22.877458550681425,-2.8505133317555527,18.0489031273058,-82.15078854430149
2511,-36.91970170585393,22.18860338029378,-5.593156635461386,17.54084039776751,-81.36243365418854
2512,-36.917422114286914,21.499748209906137,-8.653043797661454,16.880088610510175,-80.50011669993714
2513,-36.915142522719904,20.810893039518493,-11.668589754648782,16.13522996467945,-79.66276189810259
2514,-36.91286293115289,20.12203786913085,-13.762856409511134,15.467412888917742,-79.0601153829941
2515,-36.91058333958588,19.433182698743206,-15.80757896755063,14.741210251501428,-78.49915285008407
2516,-36.90830374801886,18.744327528355562,-17.334333257510366,14.097614541779668,-78.02357090578006
2517,-36.90602415645185,18.05547235796792,-17.550455940178093,13.51315318727022,-77.83178201815272
2518,-36.90374456488483,17.366617187580275,-17.512318263766467,12.944501685809737,-77.73078751424353
2519,-36.90146497331782,16.67776201719263,-17.805006705636597,12.362184488205415,-77.51332558844925
2520,-36.899185381750804,15.988906846804987,-19.00313403916873,11.747947110569841,-77.03190084765635
2521,-36.896905790183794,15.300051676417343,-19.153147108909916,11.171449198443705,-76.85831228008047
2522,-36.89462619861678,14.6111965060297,-19.258755216797823,10.59504775744503,-76.6931447171108
2523,-36.89234660704977,13.922341335642056,-19.341606134001328,10.016295865684532,-76.54569906125165
2524,-36.89006701548275,13.233486165254412,-19.41695970119848,9.444919723778883,-76.3873246796894
2525,-36.88778742391574,12.544630994866768,-19.481254024783834,8.880544492959066,-76.25992271577796
2526,-36.88550783234872,11.855775824479124,-19.5294302623254,8.356799314709159,-76.14273132636525
2527,-36.88322824078171,11.16692065409148,-19.566876548998255,7.841057350446325,-76.04062247613707
2528,-36.880948649214695,10.478065483703837,-19.61034857367746,7.312961188343065,-75.94514951380278
2529,-36.878669057647684,9.789210313316193,-19.64922738921742,6.79755771998047,-75.86632659783064
2530,-36.87638946608067,9.10035514292855,-19.678924953496857,6.286578757708124,-75.78979873425565
2531,-36.87410987451366,8.411499972540906,-19.712638791950518,5.772430262267583,-75.70974010773055
2532,-36.87183028294664,7.722644802153262,-19.725370518964684,5.288409885056128,-75.65353846413008
2533,-36.86955069137963,7.033789631765618,-19.74718489710189,4.797481217139067,-75.60433641738138
2534,-36.86727109981261,6.344934461377974,-19.76240739657245,4.296641132489088,-75.56834514633056
2535,-36.8649915082456,5.656079290990331,-19.777672807722574,3.822288911825674,-75.52492643902984
2536,-36.862711916678585,4.967224120602687,-19.792395133302954,3.344301918882408,-75.48212571658023
2537,-36.860432325111574,4.278368950215043,-19.805935089053474,2.8677181315875195,-75.44081933670435
2538,-36.85815273354456,3.5895137798273993,-19.806815163824144,2.4012486729638964,-75.4163593151052
2539,-36.85587314197755,2.9006586094397555,-19.8179221085702,1.9312175642157072,-75.39261624669567
2540,-36.85359355041053,2.2118034390521117,-19.824237864538375,1.4670044442829102,-75.37760588939767
2541,-36.85131395884352,1.522948268664468,-19.82802086857731,0.9987581688972311,-75.36348507012755
2542,-36.8490343672765,0.8340930982768242,-19.83021107614233,0.5359531968667935,-75.34952068552789
2543,-36.84675477570949,0.1452379278891769,-19.83431979231963,0.07213505736820389,-75.34577134781615
2544,-36.844475184142475,-0.5436172424984633,-19.833902753122253,-0.3907144201432474,-75.34980027573728
2545,-36.842195592575465,-1.2324724128861106,-19.831202889047983,-0.8533135280502637,-75.34858920308048
2546,-36.83991600100845,-1.9213275832737509,-19.83594651734298,-1.3181373766956823,-75.35225287102246
2547,-36.83763640944144,-2.610182753661398,-19.83107691330582,-1.7852662044131018,-75.36860475111766
2548,-36.83535681787442,-3.2990379240490384,-19.81969358216834,-2.2550399098943013,-75.37845575730532
2549,-36.83307722630741,-3.9878930944366857,-19.81079536134027,-2.73351632069022,-75.39437922270896
2550,-36.83079763474039,-4.676748264824326,-19.80472460303805,-3.2137260338291744,-75.42493945738846
2551,-36.82851804317338,-5.365603435211973,-19.79726093135789,-3.7042648230148765,-75.457372722069
2552,-36.826238451606365,-6.0544586055996135,-19.782219844486004,-4.187423175130003,-75.48935685359494
2553,-36.823958860039355,-6.743313775987261,-19.777162346747126,-4.682432758431325,-75.5233076931124
2554,-36.82167926847234,-7.432168946374901,-19.76558225993058,-5.1897005358122135,-75.55778961691952
2555,-36.81939967690533,-8.121024116762548,-19.747211694770982,-5.694940460697421,-75.60250674773548
2556,-36.81712008533831,-8.809879287150189,-19.731196490425084,-6.213507352796522,-75.66124007370827
2557,-36.8148404937713,-9.498734457537836,-19.70097533200548,-6.734658983152372,-75.70517223716946
2558,-36.81256090220428,-10.187589627925476,-19.671057697649065,-7.262975658630984,-75.76399311470672
2559,-36.81028131063727,-10.876444798313123,-19.630175264493495,-7.796641319181565,-75.84225788150187
2560,-36.808001719070255,-11.565299968700764,-19.583823902161427,-8.340903367963719,-75.93162333570004
2561,-36.805722127503245,-12.254155139088411,-19.5345370328325,-8.881234337311756,-76.00938299363553
2562,-36.80344253593623,-12.943010309476051,-19.477100889232332,-9.42488045069487,-76.12778070342675
2563,-36.80116294436922,-13.631865479863698,-19.4136600360222,-9.980477609797589,-76.25944089005465
2564,-36.7988833528022,-14.320720650251339,-19.335500599285723,-10.541483099069103,-76.37928308480942
2565,-36.79660376123519,-15.009575820638986,-17.888301052250352,-11.209991669295862,-76.96789422594614
2566,-36.79432416966817,-15.698430991026626,-16.65729500617337,-11.912397413510623,-77.40818497026464
2567,-36.79204457810116,-16.387286161414274,-15.970117072741731,-12.565993218335416,-77.7358075684466
2568,-36.789764986534145,-17.076141331801914,-14.956903795428648,-13.248156871256967,-78.13228380601517
2569,-36.787485394967135,-17.76499650218956,-14.22180152709421,-13.97251295114497,-78.38846143554325
2570,-36.78520580340012,-18.4538516725772,-12.324266388639069,-14.738597017030047,-79.01662306001796
2571,-36.78292621183311,-19.14270684296485,-10.63316255010453,-15.508581220459055,-79.53855672463912
2572,-36.78064662026609,-19.83156201335249,-8.868634943081755,-16.333154091612194,-80.05004969961088
2573,-36.77836702869908,-20.520417183740136,-6.314539277907417,-17.121896682619674,-80.77243300105582
2574,-36.77608743713206,-21.209272354127776,-4.705706957285208,-17.689909767116017,-81.25253839100532
2575,-36.77380784556505,-21.898127524515424,-7.570605915247118,-17.47361598053872,-80.5453437740329
2576,-36.771528253998035,-22.586982694903064,-5.605159295018526,-17.77922888709531,-81.1527394922121
2577,-36.769248662431025,-23.27583786529071,-7.959721643203514,-17.509940131291003,-80.5004406428735
2578,-36.76696907086401,-23.96469303567835,-4.102704570924094,-17.99473753588579,-81.65194166283669
2579,-36.764689479297,-24.653548206066,-7.1294376804887865,-17.64768679164957,-80.75230701233214
2580,-37.3175099160692,-24.6364302069444,-5.479308685975629,-17.800808959791105,-81.77854980623925
2581,-37.8703303528414,-24.619312207822798,-5.044843157328781,-17.80907252999713,-82.42714592802992
2582,-38.4231507896136,-24.6021942087012,-6.579967607995864,-17.574672565856453,-82.48827328938096
2583,-38.9759712263858,-24.585076209579597,-6.441297935954244,-17.55565786151393,-83.02245403607085
2584,-39.528791663158,-24.567958210458,-4.919898645723471,-17.70489870120608,-83.99959116880932
2585,-39.53106530257636,-23.88090168173841,-4.833373413613463,-17.710826493860175,-84.05757281425748
2586,-39.533338941994714,-23.19384515301882,-5.673295849456306,-17.600945385018175,-83.78428741797354
2587,-39.53561258141307,-22.506788624299233,-7.92628954326332,-17.273347288652005,-83.12838271299518
2588,-39.537886220831425,-21.819732095579642,-11.2432452467236,-16.73426220554216,-82.18382084253457
2589,-39.54015986024979,-21.132675566860055,-12.927238833122795,-16.279702901521294,-81.6751497238366
2590,-39.54243349966814,-20.445619038140464,-14.200296460517357,-15.81439211317045,-81.29938218457305
2591,-39.5447071390865,-19.758562509420877,-15.315950274480596,-15.218835173155163,-80.93539910147794
2592,-39.54698077850485,-19.071505980701286,-17.11669927348069,-14.495031863889405,-80.35761495244037
2593,-39.54925441792321,-18.3844494519817,-17.506883268994546,-13.917930768562535,-80.16566571704068
2594,-39.551528057341564,-17.697392923262107,-17.78175754648624,-13.329996886631966,-79.9741126918921
2595,-39.55380169675992,-17.01033639454252,-18.00002517866002,-12.737133649422857,-79.77677356294404
2596,-39.556075336178274,-16.323279865822933,-18.165923528575764,-12.146026294764416,-79.59295490802252
2597,-39.55834897559663,-15.636223337103342,-18.29230937457167,-11.57242859952084,-79.4136149217038
2598,-39.56062261501499,-14.949166808383753,-18.39110291202422,-11.003844310292621,-79.24123195543973
2599,-39.56289625443335,-14.262110279664164,-18.482258155172044,-10.435541945644268,-79.07307485419614
2600,-39.5651698938517,-13.575053750944575,-18.558543268805778,-9.87991075950531,-78.91868537921675
2601,-39.56744353327006,-12.887997222224987,-18.622495107718336,-9.337650430411236,-78.77218594449229
2602,-39.569717172688414,-12.200940693505398,-18.680783919500353,-8.799261890339777,-78.6502109817279
2603,-39.57199081210677,-11.513884164785809,-18.72902075061897,-8.25707023525562,-78.5283380857425
2604,-39.574264451525124,-10.82682763606622,-18.769973343218354,-7.727118880317462,-78.41784365970379
2605,-39.57653809094348,-10.13977110734663,-18.793803686575824,-7.203540108656311,-78.33465847122734
2606,-39.578811730361835,-9.452714578627042,-18.814302297174528,-6.68370201047652,-78.2558170561485
2607,-39.5810853697802,-8.765658049907453,-18.823064090877242,-6.164127655012572,-78.19133709599619
2608,-39.58335900919855,-8.078601521187863,-18.839809594494827,-5.657458781537199,-78.13599903591351
2609,-39.58563264861691,-7.391544992468276,-18.845228607142815,-5.153169335573677,-78.07616629227265
2610,-39.58790628803526,-6.704488463748685,-18.85065107821892,-4.660395530454827,-78.02946802227709
2611,-39.59017992745362,-6.017431935029098,-18.849684686214506,-4.165463791118814,-77.99526589176931
2612,-39.592453566871974,-5.330375406309507,-18.844136323783406,-3.6718121654319082,-77.95352626952635
2613,-39.59472720629033,-4.64331887758992,-18.856363042541755,-3.195452986198637,-77.93214485541029
2614,-39.597000845708685,-3.956262348870329,-18.855964484701918,-2.7236303083407467,-77.90593674885193
2615,-39.59927448512704,-3.2692058201507415,-18.851214184439122,-2.2436470168072504,-77.8870792212972
2616,-39.6015481245454,-2.5821492914311506,-18.853677156035126,-1.7743171955078667,-77.87741212070559
2617,-39.60382176396376,-1.8950927627115632,-18.85347733958049,-1.3064143418995378,-77.87289615736063
2618,-39.60609540338211,-1.208036233991976,-18.849071440848988,-0.8392617850037933,-77.86768109606979
2619,-39.60836904280047,-0.520979705272385,-18.846674513639172,-0.3753003045662863,-77.86620128486543
2620,-39.610642682218824,0.16607682344720232,-18.848182202501256,0.0860854974024787,-77.8684936774697
2621,-39.61291632163718,0.8531333521667968,-18.84303625534877,0.5499535417407124,-77.87163316960847
2622,-39.615189961055535,1.5401898808863805,-18.84560324272756,1.004490062064208,-77.8828726770026
2623,-39.61746360047389,2.227246409605975,-18.83734172821132,1.4675735572108404,-77.89130020160772
2624,-39.619737239892245,2.9143029383255588,-18.832790643841562,1.9256391753943816,-77.90994298501387
2625,-39.6220108793106,3.6013594670451496,-18.830479942570538,2.385215614075355,-77.92900692611548
2626,-39.62428451872896,4.288415995764737,-18.825042150738756,2.852145334919563,-77.95569946595081
2627,-39.62655815814732,4.975472524484328,-18.82840550560772,3.331949949559368,-77.99231028508642
2628,-39.628831797565674,5.662529053203915,-18.821517081561808,3.8079460904058973,-78.02939474943065
2629,-39.63110543698403,6.349585581923506,-18.81582775538772,4.29320731040863,-78.07022937362831
2630,-39.633379076402385,7.036642110643093,-18.811217845408628,4.784216121535119,-78.12375565536374
2631,-39.63565271582074,7.723698639362684,-18.804866608198978,5.280658140477794,-78.17729209144127
2632,-39.637926355239095,8.410755168082272,-18.79488829885029,5.778967251492078,-78.23818354795222
2633,-39.64019999465745,9.097811696801866,-18.778999148695558,6.273520454601839,-78.30585165398303
2634,-39.642473634075806,9.784868225521446,-18.75845896394823,6.772306174953994,-78.39577615879297
2635,-39.64474727349417,10.47192475424104,-18.733920932824827,7.263569324882127,-78.48610788851707
2636,-39.647020912912524,11.158981282960628,-18.70399140259051,7.774199600141867,-78.57988941970841
2637,-39.64929455233088,11.846037811680215,-18.64774459141674,8.27598009446224,-78.70503175614034
2638,-39.651568191749234,12.533094340399803,-18.59564888994009,8.796741930112933,-78.84263886625148
2639,-39.65384183116759,13.220150869119397,-18.534026152422516,9.316090303860047,-78.98312311326532
2640,-39.656115470585945,13.907207397838985,-18.46177649857119,9.854335700675133,-79.13925586470619
2641,-39.6583891100043,14.594263926558572,-18.386881798529224,10.408175322418012,-79.32291583939879
2642,-39.660662749422656,15.28132045527816,-18.29365947076614,10.970994317756382,-79.49899294839817
2643,-39.66293638884101,15.968376983997754,-18.183428477424062,11.538522143317644,-79.69291398471641
2644,-39.665210028259374,16.65543351271734,-18.072528429580192,12.108015718095526,-79.88078133712239
2645,-39.66748366767773,17.34249004143693,-17.883447109245807,12.679289481991228,-80.08190520777194
2646,-39.669757307096084,18.029546570156516,-17.684560636763777,13.245285286772019,-80.29173567834884
2647,-39.67203094651444,18.71660309887611,-17.437340878468454,13.805723151256661,-80.49722534207854
2648,-39.674304585932795,19.403659627595697,-17.05704958819437,14.365032484564042,-80.7179425292971
2649,-39.67657822535115,20.090716156315285,-16.54848522774976,14.869657565117715,-80.94367641344957
2650,-39.678851864769506,20.777772685034872,-16.00190707828191,15.358702946781701,-81.15889638402008
2651,-39.68112550418786,21.464829213754467,-14.121631341899311,15.981906440979955,-81.73603219912972
2652,-39.683399143606216,22.151885742474047,-12.293266617258428,16.45662060793295,-82.25855761321158
2653,-39.68567278302458,22.83894227119364,-11.298247303738043,16.72415295899482,-82.56348712232085
2654,-39.687946422442934,23.52599879991323,-9.519833392793497,17.080454729367155,-83.06020842356405
2655,-39.69022006186129,24.213055328632823,-6.909984349302031,17.418034803190224,-83.8325232468635
2656,-39.692493701279645,24.900111857352403,-3.317722938547875,17.862090653852764,-84.94051503066807
2657,-39.694767340698,25.587168386072,-5.477728627186151,17.591762659432845,-84.44373652276637
2658,-40.2475008760998,25.57802621684,-5.093792514026035,17.60335980324816,-85.05930517165336
2659,-40.8002344115016,25.568884047608,-3.962604335213875,17.70414692810281,-85.89297191887282
2660,-41.3529679469034,25.559741878376,-3.2248714052377556,17.75741761822571,-86.61864909863226
2661,-41.9057014823052,25.550599709144,-3.126655285047291,17.731898218885988,-87.15725966941883
2662,-42.458435017707,25.541457539912,-2.6534458132713357,17.751532942184426,-87.8024119848392
2663,-42.456170803234876,24.85724907531097,-5.7432653074657924,17.383451236075476,-86.83492370777897
2664,-42.45390658876275,24.173040610709943,-8.987560781125858,16.994229353848816,-85.83375876077629
2665,-42.45164237429063,23.488832146108916,-10.401778097553276,16.734495868916394,-85.44830028326659
2666,-42.4493781598185,22.80462368150789,-12.825064214979236,16.33834732384421,-84.73637377250334
2667,-42.44711394534638,22.120415216906864,-13.820527196998784,16.033976180626343,-84.45188632886487
2668,-42.44484973087426,21.436206752305836,-14.59283283684168,15.631258418056584,-84.19908470105453
2669,-42.44258551640213,20.751998287704808,-15.18458433396937,15.142551738290488,-83.96566168730419
2670,-42.44032130193001,20.06778982310378,-15.740969487764474,14.642940889660798,-83.73180756410514
2671,-42.438057087457885,19.383581358502752,-16.05732109042313,14.073971683565812,-83.47182969524103
2672,-42.435792872985765,18.699372893901725,-16.411697668080702,13.518122998983321,-83.23316417976552
2673,-42.43352865851364,18.015164429300697,-16.633518021079976,12.972094628572211,-82.99107222156151
2674,-42.43126444404152,17.33095596469967,-16.830392563810847,12.409755100910376,-82.75125436122909
2675,-42.4290002295694,16.64674750009864,-16.97644651817043,11.85808954589272,-82.5308140237856
2676,-42.42673601509727,15.962539035497615,-17.080262706055464,11.312627743859723,-82.32528338273904
2677,-42.42447180062515,15.278330570896589,-17.172484832607466,10.775636253173369,-82.1094326719444
2678,-42.42220758615302,14.594122106295561,-17.25325714922611,10.239474071340913,-81.92225253587574
2679,-42.4199433716809,13.909913641694533,-17.325058264625124,9.706264092621021,-81.74155705462314
2680,-42.41767915720878,13.225705177093506,-17.389275687374447,9.187029515845914,-81.58264064375783
2681,-42.41541494273665,12.54149671249248,-17.441427345827883,8.673119609228584,-81.42930728996858
2682,-42.41315072826453,11.857288247891452,-17.486980791541427,8.172380886167456,-81.29350720575206
2683,-42.410886513792406,11.173079783290424,-17.534719881872018,7.676650669313192,-81.1578126071669
2684,-42.408622299320285,10.488871318689396,-17.572484679441132,7.189735085325164,-81.02803553947028
2685,-42.406358084848165,9.80466285408837,-17.607828919675796,6.721572979098665,-80.92573946790917
2686,-42.40409387037604,9.120454389487342,-17.628857145688873,6.229253201114383,-80.834382457522
2687,-42.40182965590392,8.436245924886315,-17.65743207210358,5.749089895069586,-80.73700613416882
2688,-42.39956544143179,7.752037460285287,-17.67989005103042,5.2682353374962085,-80.65335040885348
2689,-42.39730122695967,7.067828995684259,-17.696079600109076,4.784552803349826,-80.58650687394172
2690,-42.39503701248754,6.383620531083231,-17.703287283036026,4.294000035207019,-80.52906140056841
2691,-42.39277279801542,5.699412066482203,-17.71306589734197,3.8156745337785876,-80.48673552175559
2692,-42.3905085835433,5.015203601881179,-17.716318132497182,3.335169257511955,-80.45293091047081
2693,-42.388244369071174,4.330995137280151,-17.718793903412777,2.8704955523983413,-80.42009186010144
2694,-42.38598015459905,3.6467866726791236,-17.72249368924644,2.413047817579648,-80.39480105238219
2695,-42.383715940126926,2.962578208078096,-17.72251694555581,1.9497583041977327,-80.36673678574859
2696,-42.381451725654806,2.278369743477068,-17.725280800579604,1.4973349537229201,-80.3515962374116
2697,-42.379187511182685,1.5941612788760402,-17.726390100074525,1.0417788881733188,-80.33850149346213
2698,-42.37692329671056,0.9099528142750124,-17.728770789113252,0.5904961686404759,-80.32720839935953
2699,-42.37465908223844,0.2257443496739846,-17.731568356713243,0.13352609780170335,-80.31943726712656
2700,-42.37239486776631,-0.45846411492703965,-17.735664176050623,-0.32429749685983633,-80.30573691196233
2701,-42.37013065329419,-1.142672579528071,-17.737440719311888,-0.7899928562508041,-80.30903201515629
2702,-42.36786643882207,-1.8268810441290952,-17.74161671028263,-1.2497372153169228,-80.31609051517042
2703,-42.36560222434994,-2.5110895087301266,-17.74192357051513,-1.7103132673013806,-80.31947670061511
2704,-42.36333800987782,-3.195297973331151,-17.743731343203567,-2.186451190788595,-80.33236462367245
2705,-42.361073795405694,-3.879506437932182,-17.745218240444057,-2.6619220351879407,-80.34886401916297
2706,-42.358809580933574,-4.563714902533206,-17.74615926265947,-3.1437712132517897,-80.3791202517022
2707,-42.356545366461454,-5.247923367134234,-17.746184046861245,-3.6253191582558912,-80.41016465418505
2708,-42.354281151989326,-5.9321318317352585,-17.742549510074518,-4.111685803876256,-80.44722054046932
2709,-42.352016937517206,-6.616340296336293,-17.733150960815905,-4.593572672019569,-80.48771679508796
2710,-42.34975272304508,-7.300548760937314,-17.72627375943038,-5.095832309112358,-80.55094937249663
2711,-42.34748850857296,-7.984757225538342,-17.718624413712746,-5.5939126702522515,-80.60623927836848
2712,-42.34522429410083,-8.66896569013937,-17.69776068443899,-6.087979412431344,-80.67734979326161
2713,-42.34296007962871,-9.353174154740397,-17.67863502544975,-6.590632049416136,-80.75777036490258
2714,-42.34069586515659,-10.037382619341425,-17.6559951974871,-7.093507727414687,-80.8526041617507
2715,-42.33843165068446,-10.721591083942453,-17.6248718267752,-7.597980318839281,-80.96035417035752
2716,-42.33616743621234,-11.40579954854348,-17.586734004296634,-8.111490031102518,-81.07281127166712
2717,-42.333903221740215,-12.090008013144509,-17.545014121832004,-8.626855455802696,-81.2097908042171
2718,-42.331639007268095,-12.774216477745536,-17.49605560625782,-9.138133451794614,-81.35457375387729
2719,-42.329374792795974,-13.458424942346564,-17.438628987644627,-9.674663099789534,-81.50203244036254
2720,-42.32711057832385,-14.142633406947592,-17.376727262941003,-10.20911384669671,-81.66325710293596
2721,-42.32484636385173,-14.82684187154862,-17.305078773655183,-10.75704650325671,-81.83786624286316
2722,-42.3225821493796,-15.51105033614964,-17.21893984738128,-11.321591898028583,-82.02893755958723
2723,-42.32031793490748,-16.195258800750675,-17.109237391310877,-11.899603165867113,-82.23844655512904
2724,-42.31805372043536,-16.879467265351696,-16.969666935916326,-12.481561677686294,-82.45842249426684
2725,-42.31578950596323,-17.56367572995273,-16.774957703469816,-13.069981509664533,-82.67486507218835
2726,-42.31352529149111,-18.24788419455375,-16.546037692614558,-13.671280709007235,-82.91402998524843
2727,-42.31126107701898,-18.93209265915478,-16.144247551114805,-14.248725702361819,-83.14162193398256
2728,-42.30899686254686,-19.616301123755807,-15.706808828948102,-14.818355941367649,-83.37747984603818
2729,-42.306732648074735,-20.300509588356835,-15.127283373027758,-15.337332812051544,-83.61267959660736
2730,-42.304468433602615,-20.984718052957863,-14.376326578502445,-15.802940426893853,-83.86597229093577
2731,-42.302204219130495,-21.66892651755889,-13.131237374417761,-16.221411025377005,-84.2457483338028
2732,-42.29994000465837,-22.35313498215992,-11.78503362060943,-16.59361315158714,-84.64236710550736
2733,-42.29767579018625,-23.037343446760946,-10.215249243220432,-16.870166970987597,-85.07249950802884
2734,-42.29541157571412,-23.721551911361974,-6.924498710004664,-17.273860634966375,-86.0100391201024
2735,-42.293147361242,-24.405760375963,-4.668039061533124,-17.554695375904032,-86.6100637569472
2736,-42.8460302750532,-24.3697628407356,-4.332786523745069,-17.55713584867579,-87.22752343028581
2737,-43.3989131888644,-24.333765305508198,-4.1247098894548415,-17.543568732034263,-87.81358349978753
2738,-43.9517961026756,-24.2977677702808,-4.011740798969933,-17.5173583421631,-88.38299053154547
2739,-44.5046790164868,-24.261770235053397,-4.156920835743197,-17.46185718663026,-88.8544656012977
2740,-45.057561930298,-24.225772699826,-4.208032799067447,-17.416888874506636,-89.3567273718596
2741,-45.05984610451873,-23.53553272667161,-7.60614000550029,-17.0132067478363,-88.36265635997839
2742,-45.062130278739474,-22.84529275351722,-9.814749432677049,-16.726873587032927,-87.76887437579343
2743,-45.06441445296021,-22.155052780362833,-11.423814685824278,-16.39066621267528,-87.32320179769536
2744,-45.06669862718095,-21.464812807208443,-12.548678354481135,-16.00687249412153,-86.99289545398851
2745,-45.06898280140168,-20.774572834054055,-13.509326106265085,-15.570700747206354,-86.6885067968546
2746,-45.071266975622414,-20.084332860899664,-14.113161356065838,-15.02943338519687,-86.40160216473788
2747,-45.073551149843155,-19.394092887745277,-14.692287494426257,-14.490297786052803,-86.1278772541735
2748,-45.07583532406389,-18.70385291459089,-15.134284069106918,-13.905427690839998,-85.84745377866115
2749,-45.07811949828462,-18.0136129414365,-15.38183379551487,-13.303160702825418,-85.59181960900337
2750,-45.08040367250536,-17.323372968282108,-15.561582094809726,-12.71036610330794,-85.32403780334471
2751,-45.082687846726095,-16.63313299512772,-15.730255731103584,-12.128804998968322,-85.06635927556057
2752,-45.084972020946836,-15.942893021973333,-15.857310404685547,-11.549379658381113,-84.81032131330802
2753,-45.08725619516757,-15.252653048818944,-15.951958064101435,-10.965202183036705,-84.55708800462084
2754,-45.0895403693883,-14.562413075664553,-16.033478098071324,-10.403058174853076,-84.35216567888345
2755,-45.09182454360904,-13.872173102510164,-16.108151569254197,-9.871788712042983,-84.16744460810399
2756,-45.094108717829776,-13.181933129355777,-16.17135671458411,-9.33251984170153,-83.9812599190371
2757,-45.09639289205052,-12.491693156201388,-16.230435696784998,-8.815671902047985,-83.82371632026492
2758,-45.09867706627125,-11.801453183046998,-16.28508295465057,-8.306328979176023,-83.67079538619565
2759,-45.10096124049198,-11.11121320989261,-16.325817196520944,-7.798274874937072,-83.52750251028901
2760,-45.103245414712724,-10.42097323673822,-16.363907383250197,-7.29078056408554,-83.40032760820282
2761,-45.10552958893346,-9.730733263583831,-16.3950970851598,-6.790887141807796,-83.28656590825602
2762,-45.1078137631542,-9.040493290429442,-16.428450033147882,-6.310046696486232,-83.18638550111567
2763,-45.11009793737493,-8.350253317275055,-16.44845916932791,-5.8108451017512115,-83.09721848565535
2764,-45.112382111595664,-7.660013344120667,-16.470906303354976,-5.323831669582298,-83.02965987111143
2765,-45.114666285816405,-6.969773370966276,-16.491383786257675,-4.838396676107734,-82.95397152146101
2766,-45.11695046003714,-6.279533397811889,-16.50472155817126,-4.351053811031865,-82.89173374191536
2767,-45.11923463425788,-5.589293424657498,-16.511840139942187,-3.858311506250608,-82.84510495791778
2768,-45.12151880847861,-4.899053451503107,-16.525711262270658,-3.375300997741494,-82.79804215345297
2769,-45.123802982699345,-4.20881347834872,-16.528689959869876,-2.8959931692109735,-82.76461590557119
2770,-45.126087156920086,-3.518573505194329,-16.530859184569042,-2.417617370132823,-82.74197755330523
2771,-45.12837133114082,-2.8283335320399416,-16.532684434652683,-1.949630278815916,-82.72952068919886
2772,-45.13065550536155,-2.1380935588855543,-16.530676856411546,-1.4749683709897092,-82.7097615416353
2773,-45.13293967958229,-1.447853585731167,-16.529516906219893,-1.0126904141693844,-82.70532727029389
2774,-45.135223853803026,-0.7576136125767761,-16.526235480763642,-0.5471364427914465,-82.70490062899617
2775,-45.13750802802377,-0.06737363942238872,-16.52191356295484,-0.08940972677534656,-82.70935915986225
2776,-45.1397922022445,0.6228663337320022,-16.520351078436082,0.37180657967964414,-82.71921545014298
2777,-45.14207637646523,1.3131063068863895,-16.514296168895836,0.8378119150887866,-82.73686439114324
2778,-45.144360550685974,2.0033462800407804,-16.510302838473823,1.2929549566318346,-82.75167197297264
2779,-45.14664472490671,2.6935862531951678,-16.5033082816509,1.7584552806939473,-82.77343164661757
2780,-45.14892889912745,3.3838262263495587,-16.495146242920647,2.223725236220953,-82.79448907251314
2781,-45.15121307334818,4.074066199503946,-16.487804007129835,2.695926729603661,-82.82949817230245
2782,-45.153497247568914,4.764306172658337,-16.47748636336096,3.163560957126839,-82.86304203123416
2783,-45.155781421789655,5.454546145812724,-16.471774230138823,3.6442518050206614,-82.90835584262344
2784,-45.15806559601039,6.144786118967115,-16.456009194351044,4.116204622980152,-82.97331566775296
2785,-45.16034977023112,6.8350260921215025,-16.43843410710048,4.5880522164902455,-83.0236662056712
2786,-45.16263394445186,7.52526606527589,-16.414149320903746,5.0592802154179495,-83.10357491650127
2787,-45.164918118672595,8.21550603843028,-16.386854092598377,5.530606653889689,-83.20121550479139
2788,-45.167202292893336,8.905746011584665,-16.353936576560564,5.998298359068214,-83.29813202890496
2789,-45.16948646711407,9.595985984739063,-16.315942415854675,6.462514836332904,-83.41338838691645
2790,-45.1717706413348,10.286225957893446,-16.274611399574592,6.93805957440295,-83.53889072289915
2791,-45.17405481555554,10.976465931047837,-16.231516132976193,7.4234987308372204,-83.66371315710806
2792,-45.176338989776276,11.666705904202221,-16.18561631071456,7.909188215854388,-83.7951153857591
2793,-45.17862316399702,12.356945877356619,-16.132279847510386,8.402926668895093,-83.94925757551785
2794,-45.18090733821775,13.047185850511003,-16.07508506480469,8.906402160197604,-84.09991078626393
2795,-45.18319151243848,13.737425823665387,-16.013480558130087,9.41357432560591,-84.279443235291
2796,-45.185475686659224,14.427665796819785,-15.946043245018716,9.92228919919326,-84.4688112857767
2797,-45.18775986087996,15.117905769974168,-15.867476689325661,10.428710958858607,-84.65213421605479
2798,-45.1900440351007,15.80814574312856,-15.787636783011171,10.948550412891809,-84.86247803033095
2799,-45.19232820932143,16.498385716282943,-15.670659021586205,11.484039812915123,-85.10615817071331
2800,-45.194612383542164,17.18862568943734,-15.576618332564669,12.024171628130802,-85.32065657894036
2801,-45.196896557762905,17.878865662591725,-15.399135754098495,12.570331499063604,-85.59490587374715
2802,-45.19918073198364,18.569105635746116,-15.18686798076513,13.120183325402255,-85.86595148767185
2803,-45.20146490620438,19.2593456089005,-14.94459693923912,13.676196441047512,-86.12732609327975
2804,-45.20374908042511,19.94958558205489,-14.607888410429522,14.236545839688869,-86.4035395983755
2805,-45.206033254645845,20.63982555520928,-14.177585194993773,14.766221508706368,-86.67347080846831
2806,-45.208317428866586,21.330065528363665,-13.650469801374083,15.288486727017377,-86.94955043384468
2807,-45.21060160308732,22.020305501518063,-12.904384874993008,15.750030206203402,-87.23788063139297
2808,-45.21288577730805,22.710545474672447,-11.945349276081023,16.166907937225936,-87.56209643136175
2809,-45.21516995152879,23.400785447826838,-10.599537987952203,16.48445008011894,-87.96045243300294
2810,-45.217454125749526,24.09102542098122,-9.269492575816793,16.77887452543881,-88.35660897950241
2811,-45.21973829997027,24.78126539413562,-6.806718278823161,17.07139066170679,-89.09072503908374
2812,-45.222022474191,25.47150536729,-3.7405275587608777,17.431774123722953,-90.01819561111876
2813,-45.7743429756476,25.3375511164342,-4.458485063301676,17.309821766001146,-90.29764816526965
2814,-46.3266634771042,25.2035968655784,-4.968045556093587,17.21191810538314,-90.64571496855905
2815,-46.878983978560804,25.0696426147226,-5.393151076304842,17.12239136175593,-91.02076414372796
2816,-47.4313044800174,24.935688363866802,-5.628249426793171,17.056404203785274,-91.45585450736834
2817,-47.983624981474,24.801734113011,-5.927953838638123,17.003372934714935,-91.85120949370226
2818,-47.98135682447827,24.116334282459846,-7.814672093000283,16.718418603693273,-91.30568655535362
2819,-47.979088667482536,23.43093445190869,-9.31702741798194,16.406548014516247,-90.8713822293002
2820,-47.9768205104868,22.745534621357535,-10.629502981512763,16.029041193855285,-90.45799917396293
2821,-47.97455235349107,22.06013479080638,-11.578127194573563,15.592903042264089,-90.11457544100634
2822,-47.97228419649534,21.374734960255225,-12.33559284129307,15.107327128051397,-89.80077052227698
2823,-47.970016039499605,20.68933512970407,-12.905246397014267,14.557617558298807,-89.49213299640886
2824,-47.96774788250387,20.003935299152918,-13.226960780756363,13.995643321970356,-89.18273214433293
2825,-47.96547972550814,19.318535468601763,-13.532445653428244,13.436942257487571,-88.87716124673481
2826,-47.96321156851241,18.633135638050607,-13.748520695867517,12.884523484323434,-88.57298191937011
2827,-47.96094341151668,17.947735807499452,-13.932921378740849,12.332198707422426,-88.27549154818524
2828,-47.95867525452095,17.262335976948297,-14.074838335093364,11.804323496024196,-87.99902429219462
2829,-47.956407097525215,16.57693614639714,-14.188240862933373,11.28390436393683,-87.7341326825383
2830,-47.95413894052948,15.891536315845986,-14.291676119492786,10.766324588631935,-87.4858674614841
2831,-47.95187078353375,15.206136485294833,-14.386145518182888,10.267302602761994,-87.25752213511703
2832,-47.94960262653802,14.520736654743677,-14.4703156047944,9.77678047855931,-87.055349947567
2833,-47.947334469542284,13.835336824192522,-14.553411209450928,9.287305957632405,-86.84157795315582
2834,-47.94506631254655,13.149936993641367,-14.618705700909064,8.793252363489277,-86.66467995178047
2835,-47.94279815555082,12.464537163090212,-14.68215363679862,8.310215921798491,-86.49430970797782
2836,-47.940529998555085,11.779137332539058,-14.746697291192973,7.8420219792173285,-86.33717941504096
2837,-47.93826184155935,11.093737501987901,-14.801559322554816,7.363914655357416,-86.18773025122667
2838,-47.93599368456362,10.408337671436747,-14.848895738280305,6.8948641386443335,-86.05485883427366
2839,-47.93372552756789,9.722937840885592,-14.90116618672118,6.43117567054811,-85.9200844120459
2840,-47.931457370572154,9.037538010334437,-14.944540949810214,5.966605009657491,-85.7984861814593
2841,-47.92918921357642,8.352138179783282,-14.980445503105534,5.509650763657605,-85.69844567844493
2842,-47.92692105658069,7.666738349232126,-15.019226287913478,5.054827023098956,-85.60546980089434
2843,-47.924652899584956,6.981338518680971,-15.054826399029686,4.5966400051846765,-85.51838984640895
2844,-47.92238474258923,6.295938688129816,-15.084003692441604,4.136307162164793,-85.4333647524602
2845,-47.9201165855935,5.610538857578664,-15.113516813060656,3.688475794774921,-85.34399699583476
2846,-47.917848428597765,4.925139027027505,-15.133829046003031,3.2316408472025566,-85.27398095865463
2847,-47.91558027160203,4.2397391964763536,-15.15596573917655,2.769509262608606,-85.2288405216329
2848,-47.9133121146063,3.5543393659251983,-15.172608597358312,2.310217015652745,-85.18543793274883
2849,-47.911043957610566,2.868939535374043,-15.18172344559141,1.8412320868687955,-85.15791070355512
2850,-47.90877580061483,2.1835397048228877,-15.189815936568577,1.374505092275012,-85.12732130404703
2851,-47.9065076436191,1.4981398742717325,-15.201198081315283,0.9146669783647393,-85.11337253897645
2852,-47.90423948662337,0.8127400437205772,-15.209464039356378,0.45409632716069503,-85.09310345576779
2853,-47.901971329627635,0.1273402131694219,-15.207888896262249,0.0007482445540345668,-85.0857834129305
2854,-47.8997031726319,-0.5580596173817298,-15.208388255346579,-0.4508016821662986,-85.08071078070333
2855,-47.89743501563617,-1.243459447932885,-15.211156289735897,-0.9037837322924003,-85.08069839485198
2856,-47.89516685864044,-1.928859278484044,-15.211523901632725,-1.3513766261095486,-85.08784956129705
2857,-47.892898701644704,-2.614259109035199,-15.208969789191116,-1.8003300972293983,-85.10460569130534
2858,-47.89063054464897,-3.2996589395863545,-15.206376724417265,-2.2654862043193624,-85.12437613458991
2859,-47.88836238765324,-3.985058770137506,-15.199035046151257,-2.7202356618106576,-85.15900463153295
2860,-47.886094230657505,-4.6704586006886615,-15.184916804574529,-3.182435262412511,-85.19643364395208
2861,-47.88382607366177,-5.355858431239817,-15.175410476158813,-3.653386349062266,-85.24329956003976
2862,-47.88155791666605,-6.041258261790976,-15.153155614760262,-4.117834261978366,-85.30154028205585
2863,-47.879289759670314,-6.726658092342127,-15.133507296017637,-4.590310402873284,-85.37189172050888
2864,-47.87702160267458,-7.412057922893283,-15.107263928446686,-5.061003984351945,-85.45339439907985
2865,-47.87475344567885,-8.097457753444438,-15.081779224563135,-5.541567082647803,-85.53889738878168
2866,-47.872485288683116,-8.782857583995593,-15.047818965290007,-6.0137509686254225,-85.63890883465706
2867,-47.87021713168738,-9.468257414546748,-15.011167974414276,-6.491711597300416,-85.74104448015648
2868,-47.86794897469165,-10.153657245097904,-14.97668443950048,-6.974288458966766,-85.85478768452046
2869,-47.86568081769592,-10.839057075649059,-14.932700030554834,-7.4615118527298305,-85.98661869335862
2870,-47.863412660700185,-11.524456906200214,-14.88088117179126,-7.945765932418085,-86.11840240246791
2871,-47.86114450370445,-12.20985673675137,-14.828789914939188,-8.444452614579754,-86.26611200075158
2872,-47.85887634670872,-12.895256567302518,-14.768793513207193,-8.956793403418725,-86.43942125747931
2873,-47.856608189712986,-13.580656397853673,-14.698863061410353,-9.467100626779255,-86.60828467742701
2874,-47.85434003271725,-14.266056228404835,-14.619561047141802,-10.001826821871047,-86.82249565223083
2875,-47.85207187572152,-14.95145605895599,-14.534741479268538,-10.545142258201064,-87.04485579268004
2876,-47.84980371872579,-15.636855889507146,-14.429536300310703,-11.09269226633916,-87.30090116208515
2877,-47.847535561730055,-16.322255720058294,-14.30982045858188,-11.654268446261915,-87.5671976592854
2878,-47.84526740473432,-17.00765555060945,-14.169897103987134,-12.221896560091594,-87.86385562918946
2879,-47.84299924773859,-17.693055381160605,-14.009109653848068,-12.80024266056323,-88.13793940033248
2880,-47.840731090742864,-18.378455211711767,-13.784267254324746,-13.382791650453466,-88.45999064102402
2881,-47.83846293374713,-19.063855042262915,-13.488602050839873,-13.974221063797629,-88.77745625071304
2882,-47.8361947767514,-19.74925487281407,-13.027045403947135,-14.573450290206495,-89.1073810572679
2883,-47.833926619755665,-20.434654703365226,-12.530262217679834,-15.163284294450582,-89.42549436712538
2884,-47.83165846275993,-21.12005453391638,-11.739816062556232,-15.67157427514666,-89.71671968028286
2885,-47.8293903057642,-21.805454364467536,-10.722175664603444,-16.11295141618531,-90.04939462927693
2886,-47.82712214876847,-22.49085419501869,-9.35128706677985,-16.469874947982333,-90.42903546796116
2887,-47.824853991772734,-23.176254025569847,-7.8044379717486185,-16.770729706109154,-90.8425541500247
2888,-47.822585834777,-23.861653856121,-5.8432323813283995,-17.04283605597849,-91.37617338390469
2889,-48.376062802873,-23.646142862586398,-6.408446602618074,-16.95772792912824,-91.71375902361254
2890,-48.929539770969,-23.430631869051798,-6.7646287865522154,-16.86994980393508,-92.1158371782415
2891,-49.483016739065,-23.2151208755172,-7.113033711446241,-16.79144613700202,-92.52330465162674
2892,-50.036493707161,-22.9996098819826,-7.3059766449062415,-16.66040961182309,-92.95432787866031
2893,-50.589970675257,-22.784098888448,-7.4379726186250785,-16.50281170996906,-93.39373194512395
2894,-50.59224859298568,-22.095749524544434,-8.655631193860899,-16.080617193279185,-93.01833855139482
2895,-50.594526510714374,-21.407400160640865,-9.695226657136228,-15.598017201197854,-92.67507589918125
2896,-50.59680442844306,-20.7190507967373,-10.690718261994041,-15.117182140880084,-92.33840188268522
2897,-50.59908234617175,-20.03070143283373,-11.316995290466538,-14.54120500528594,-91.98958635744977
2898,-50.60136026390043,-19.342352068930165,-11.791396834528827,-13.948802709688461,-91.6446164055075
2899,-50.60363818162912,-18.6540027050266,-12.075724313035616,-13.345147541132176,-91.28962591171202
2900,-50.605916099357806,-17.96565334112303,-12.292965547374415,-12.7601487846931,-90.94203326664676
2901,-50.60819401708649,-17.27730397721946,-12.466589189409284,-12.187874252043484,-90.61633736816239
2902,-50.61047193481518,-16.588954613315895,-12.610719163008685,-11.647321731161313,-90.31005355475855
2903,-50.612749852543864,-15.90060524941233,-12.756569040212069,-11.09090957994579,-90.00203498091886
2904,-50.615027770272555,-15.21225588550876,-12.87468907985105,-10.55713216676657,-89.7344876027059
2905,-50.61730568800124,-14.523906521605195,-12.983855860826754,-10.031085821104442,-89.49171262625053
2906,-50.61958360572992,-13.835557157701627,-13.079690314938095,-9.508655877748934,-89.26687882012347
2907,-50.62186152345861,-13.14720779379806,-13.166820204690854,-8.996061408275649,-89.05962527181569
2908,-50.624139441187296,-12.458858429894493,-13.240699607483188,-8.485543829760692,-88.8713006602513
2909,-50.62641735891599,-11.770509065990925,-13.318150437476717,-7.987268275687688,-88.68952486061207
2910,-50.62869527664467,-11.082159702087358,-13.385226546899549,-7.496303751634977,-88.52780417249907
2911,-50.63097319437336,-10.39381033818379,-13.443261882644757,-7.008002703802254,-88.38254583914357
2912,-50.633251112102045,-9.705460974280225,-13.490172244486498,-6.5237359347697135,-88.24996922009738
2913,-50.63552902983073,-9.017111610376658,-13.540556188732978,-6.051321682758207,-88.13328873823751
2914,-50.63780694755942,-8.328762246473088,-13.58124221032145,-5.583016206863142,-88.01964355444923
2915,-50.6400848652881,-7.640412882569523,-13.620449390451206,-5.114845211933334,-87.91742086103947
2916,-50.64236278301679,-6.952063518665955,-13.661321389459781,-4.659457296103892,-87.82369405773878
2917,-50.64464070074548,-6.26371415476239,-13.69561398966098,-4.202445094528056,-87.74753805822046
2918,-50.64691861847416,-5.575364790858821,-13.72307603493995,-3.73985555006799,-87.67382669974525
2919,-50.64919653620285,-4.887015426955255,-13.745431896130182,-3.2920910147880384,-87.61616096518937
2920,-50.651474453931534,-4.198666063051686,-13.765479128567861,-2.841586324018985,-87.5642117181173
2921,-50.653752371660225,-3.5103166991481203,-13.782187746523512,-2.3885765984534473,-87.51687954694104
2922,-50.65603028938891,-2.8219673352445547,-13.792310266330631,-1.942338979682804,-87.49446494246831
2923,-50.6583082071176,-2.1336179713409855,-13.800370213521095,-1.4916157850196112,-87.47861308867245
2924,-50.66058612484628,-1.44526860743742,-13.802199351343704,-1.0476615407545473,-87.45495790524092
2925,-50.66286404257497,-0.7569192435338508,-13.801670031569213,-0.5972214518829821,-87.44971871329702
2926,-50.66514196030366,-0.06856987963028516,-13.810166827731674,-0.15008966275951274,-87.43976315602556
2927,-50.66741987803234,0.619779484273284,-13.805828076175953,0.3124176516859515,-87.44765160947735
2928,-50.66969779576103,1.3081288481768496,-13.801114602750536,0.7652291039366959,-87.45847340742019
2929,-50.671975713489715,1.9964782120804188,-13.792221625554754,1.2239707163828153,-87.46961317476034
2930,-50.6742536312184,2.684827575983988,-13.785797342653106,1.6720139764418676,-87.494770811706
2931,-50.67653154894709,3.37317693988755,-13.771574630261206,2.1306020643471344,-87.51934329479212
2932,-50.67880946667577,4.061526303791119,-13.750626507025402,2.5901509242544694,-87.55695865206539
2933,-50.681087384404464,4.749875667694685,-13.734530314343377,3.0284918832635714,-87.62681089762835
2934,-50.68336530213315,5.438225031598254,-13.70524892657841,3.477323756052096,-87.68617740024723
2935,-50.68564321986184,6.126574395501823,-13.67645579271919,3.9311660054389197,-87.758800850497
2936,-50.68792113759052,6.814923759405385,-13.637416170341426,4.372836788055838,-87.85255632359036
2937,-50.690199055319205,7.503273123308954,-13.592767002503809,4.811160692515362,-87.95505237257795
2938,-50.692476973047896,8.191622487212523,-13.54404405423658,5.244882674406821,-88.06565092444906
2939,-50.69475489077658,8.879971851116089,-13.501522983679152,5.679551807136152,-88.1677184395917
2940,-50.69703280850527,9.568321215019658,-13.442291548378138,6.136806044600752,-88.30661401526552
2941,-50.69931072623395,10.25667057892322,-13.377098168121018,6.592664350959166,-88.45275223893378
2942,-50.70158864396264,10.94501994282679,-13.314537523861311,7.050513860463666,-88.5993944294412
2943,-50.70386656169133,11.633369306730359,-13.240570911600127,7.521854901077744,-88.76494228478154
2944,-50.70614447942001,12.32171867063392,-13.157082140921286,7.994751356601917,-88.94110131753338
2945,-50.7084223971487,13.01006803453749,-13.082949253402425,8.469145452568016,-89.11496342443547
2946,-50.710700314877386,13.698417398441059,-12.99912375767185,8.95274177615229,-89.31432278678506
2947,-50.712978232606076,14.386766762344628,-12.907337791934717,9.425304198884257,-89.52128127470883
2948,-50.71525615033476,15.075116126248197,-12.811688914855372,9.921270624805073,-89.74566662018105
2949,-50.71753406806344,15.76346549015176,-12.695841170572526,10.408822967983669,-89.99560467999714
2950,-50.719811985792134,16.45181485405533,-12.585096525063708,10.91148596593989,-90.24164597615177
2951,-50.72208990352082,17.14016421795889,-12.451659863292532,11.434599239544227,-90.53482608957489
2952,-50.72436782124951,17.82851358186246,-12.303030632281429,11.956113607744628,-90.84367441889101
2953,-50.72664573897819,18.51686294576603,-12.148798250147813,12.49820212706667,-91.15308568591769
2954,-50.728923656706876,19.20521230966959,-11.927410084942773,13.075705367871862,-91.53660817125562
2955,-50.731201574435566,19.89356167357316,-11.633943888543438,13.667113348537871,-91.91711796999637
2956,-50.73347949216425,20.58191103747673,-11.253937776024207,14.24735648703929,-92.26388641395825
2957,-50.73575740989294,21.2702604013803,-10.731724109484256,14.835533272895386,-92.637635125202
2958,-50.738035327621624,21.958609765283867,-10.096802457791414,15.411887880395389,-93.00064347043826
2959,-50.740313245350315,22.64695912918743,-9.306925934966364,15.938308029937707,-93.31576142692353
2960,-50.742591163079,23.335308493091,-8.26822734357966,16.389528331675535,-93.64452309088007
2961,-51.135717856645,22.820211067191998,-8.806595654801997,16.025113547927084,-93.79453521310099
2962,-51.528844550211,22.305113641292998,-9.124449022011072,15.602558141468998,-93.94714783000865
2963,-51.921971243777,21.790016215393997,-9.411127133689217,15.169537319083904,-94.09940006519372
2964,-52.315097937343,21.274918789495,-9.684030183187922,14.733683923101957,-94.22625172914773
2965,-52.708224630909,20.759821363596,-9.830564016583818,14.235831853616226,-94.33833300647179
2966,-53.101351324475,20.244723937697,-9.86173470534774,13.747813681607242,-94.44217332645628
2967,-53.494478018041,19.729626511798,-9.914763082575009,13.274417076080017,-94.55622630710275
2968,-53.4922301575041,19.05035993810361,-10.142080368002668,12.706152185708007,-94.16666549021235
2969,-53.489982296967206,18.37109336440922,-10.374677514252614,12.132844152916626,-93.78364151260394
2970,-53.48773443643031,17.69182679071483,-10.557115592721905,11.584974278219155,-93.41774472159007
2971,-53.485486575893404,17.01256021702044,-10.724504041010984,11.061119468995162,-93.0819017936515
2972,-53.48323871535651,16.33329364332605,-10.883494385116977,10.548113611245956,-92.76376543985835
2973,-53.48099085481961,15.65402706963166,-11.01450181296798,10.063103111979087,-92.49646024710485
2974,-53.47874299428271,14.974760495937272,-11.136628974193778,9.564397956932442,-92.23284307421247
2975,-53.476495133745814,14.29549392224288,-11.258014297625907,9.103874027723922,-91.99206553783671
2976,-53.47424727320892,13.616227348548492,-11.358408647231524,8.622429995182163,-91.78052074815876
2977,-53.47199941267202,12.936960774854102,-11.467734244853672,8.153394950792036,-91.55998419706319
2978,-53.46975155213512,12.257694201159712,-11.564468634184859,7.684394677701622,-91.35665216494897
2979,-53.46750369159822,11.578427627465322,-11.658201282398714,7.217041089364252,-91.16557084416328
2980,-53.46525583106132,10.899161053770932,-11.747634659919248,6.748910572988442,-90.9830200205963
2981,-53.46300797052442,10.219894480076542,-11.812276388536612,6.338766599992963,-90.84276077011137
2982,-53.460760109987525,9.540627906382154,-11.880770314024293,5.9130092732937785,-90.70455702372907
2983,-53.45851224945063,8.861361332687762,-11.949753071395522,5.483546605459636,-90.56300484185482
2984,-53.45626438891373,8.182094758993372,-12.013204100516466,5.0480502510274015,-90.43705743781689
2985,-53.45401652837683,7.502828185298982,-12.072544710138901,4.628072338883485,-90.31771310499983
2986,-53.45176866783993,6.823561611604594,-12.123129626980191,4.228816669902555,-90.21521363910728
2987,-53.44952080730303,6.144295037910204,-12.1794188638554,3.8125280342604126,-90.10814614401863
2988,-53.447272946766134,5.4650284642158145,-12.214725041059312,3.397338459452986,-90.03549435908185
2989,-53.445025086229236,4.7857618905214245,-12.236632455527653,2.9748420509570748,-89.97363807735525
2990,-53.44277722569234,4.106495316827035,-12.262759475413267,2.5405718668244885,-89.9186985380398
2991,-53.44052936515544,3.4272287431326447,-12.2843363883094,2.115626552718837,-89.88395015967916
2992,-53.438281504618544,2.7479621694382566,-12.299628041631754,1.6861032207114763,-89.84771605367497
2993,-53.43603364408164,2.068695595743865,-12.30440414472847,1.2428733291586986,-89.83016361576112
2994,-53.43378578354474,1.3894290220494767,-12.303897417651138,0.8023581382716675,-89.81881389031204
2995,-53.431537923007845,0.710162448355085,-12.313102923594675,0.3660991199880467,-89.79685925794527
2996,-53.42929006247095,0.030895874660693323,-12.308350673883984,-0.07591710308221511,-89.8021175922117
2997,-53.42704220193405,-0.6483706990336913,-12.309138605801929,-0.5168192662631549,-89.80633623832173
2998,-53.42479434139715,-1.3276372727280865,-12.302534941713422,-0.9556071016186404,-89.81478133221009
2999,-53.422546480860255,-2.0069038464224747,-12.298885455492913,-1.397696168687806,-89.83314472195102
3000,-53.42029862032336,-2.686170420116863,-12.288242231622426,-1.8339920383095873,-89.85955879393639
3001,-53.41805075978645,-3.3654369938112545,-12.279503791035248,-2.274352626015979,-89.88585350965585
3002,-53.415802899249556,-4.044703567505643,-12.252456557460347,-2.6936324124092303,-89.94397184382485
3003,-53.41355503871266,-4.723970141200034,-12.229966297748085,-3.130111997302451,-89.99352365863903
3004,-53.41130717817576,-5.4032367148944225,-12.203857316013321,-3.568095488854524,-90.05487963714044
3005,-53.409059317638864,-6.082503288588811,-12.167107368931392,-4.002014416804978,-90.13580635313124
3006,-53.406811457101966,-6.761769862283202,-12.132623261176594,-4.436821079718173,-90.21503070548957
3007,-53.40456359656507,-7.4410364359775905,-12.097299167772327,-4.882925973576162,-90.29947599854664
3008,-53.402315736028164,-8.120303009671982,-12.045473051386963,-5.325487564342636,-90.4107704756811
3009,-53.40006787549127,-8.79956958336637,-11.987810423546557,-5.785306994588262,-90.54065229000774
3010,-53.39782001495437,-9.478836157060758,-11.934196041562544,-6.241789287558667,-90.65923132918714
3011,-53.39557215441747,-10.15810273075515,-11.880870410198064,-6.7102029960369824,-90.78610207112276
3012,-53.393324293880575,-10.837369304449538,-11.804006338867543,-7.16874164467549,-90.94320468535955
3013,-53.39107643334368,-11.51663587814393,-11.720588599186291,-7.64353284600893,-91.11873733381469
3014,-53.38882857280678,-12.195902451838318,-11.629660446414956,-8.128498066035794,-91.3109368219263
3015,-53.386580712269875,-12.87516902553271,-11.531711989507585,-8.620863936126035,-91.51627552118143
3016,-53.38433285173298,-13.554435599227102,-11.421544447176924,-9.121789082305732,-91.74562135448078
3017,-53.38208499119608,-14.233702172921486,-11.30075670453273,-9.638924424023006,-92.00610694496004
3018,-53.37983713065918,-14.912968746615878,-11.184990966136157,-10.147556116500633,-92.25282770113517
3019,-53.377589270122286,-15.59223532031027,-11.0578042563846,-10.675173616428811,-92.52228636114279
3020,-53.37534140958539,-16.27150189400466,-10.910908874728934,-11.208043246727417,-92.82683336667723
3021,-53.37309354904849,-16.950768467699046,-10.755788560599543,-11.745242179719428,-93.14973913795
3022,-53.370845688511594,-17.630035041393437,-10.581846143902357,-12.294374691034726,-93.48275862632823
3023,-53.36859782797469,-18.30930161508783,-10.39290755473696,-12.855704672808411,-93.82392111193799
3024,-53.36634996743779,-18.988568188782214,-10.168396280027459,-13.43271651490902,-94.19501595335213
3025,-53.364102106900894,-19.667834762476613,-9.919741424913532,-14.022634311226202,-94.57036172846863
3026,-53.361854246364,-20.347101336171,-9.436524080353765,-14.615923340959334,-94.93742702032868
3027,-53.67091426238844,-19.752095168137668,-9.689153563434935,-14.077870264173882,-94.9223700176165
3028,-53.97997427841289,-19.157089000104335,-9.709377461630748,-13.540122863251938,-94.89787610107193
3029,-54.28903429443733,-18.562082832071,-9.694815775046127,-13.013807741834459,-94.8724140647657
3030,-54.598094310461775,-17.967076664037666,-9.661908827586057,-12.504217508766859,-94.86154351665564
3031,-54.90715432648622,-17.372070496004334,-9.61962444150687,-11.996445237461712,-94.85045823109063
3032,-55.21621434251067,-16.777064327971,-9.599201368729153,-11.470433186619365,-94.82976442055426
3033,-55.52527435853511,-16.182058159937668,-9.53746130893212,-10.979630204348608,-94.84282594983314
3034,-55.83433437455955,-15.587051991904335,-9.477790916086432,-10.4869663715015,-94.84987930440933
3035,-56.143394390584,-14.992045823871,-9.424845519872642,-9.9862463405985,-94.84459991906755
3036,-56.14564226053805,-14.312776404472682,-9.558588234147097,-9.478053515205504,-94.5735207354631
3037,-56.147890130492094,-13.633506985074364,-9.683801150295466,-8.9714874608787,-94.31706982814657
3038,-56.150138000446134,-12.954237565676046,-9.806732474885882,-8.476537589967938,-94.06805482569688
3039,-56.15238587040018,-12.274968146277727,-9.907476009671974,-7.996948649120076,-93.86348263905728
3040,-56.15463374035423,-11.595698726879409,-10.003003205203912,-7.5276468452233285,-93.6715614460777
3041,-56.156881610308275,-10.916429307481092,-10.09288569705074,-7.062137435556985,-93.48874317168082
3042,-56.159129480262315,-10.237159888082772,-10.177349338177397,-6.5957432756836925,-93.31817321070054
3043,-56.16137735021636,-9.557890468684455,-10.250672544582072,-6.1454852453345605,-93.16811041639092
3044,-56.16362522017041,-8.878621049286135,-10.327812546789664,-5.691469649305607,-93.01228480743855
3045,-56.16587309012446,-8.199351629887818,-10.391423478140469,-5.249409553764551,-92.88340222096319
3046,-56.1681209600785,-7.5200822104895,-10.448977581481799,-4.80545363683793,-92.76301774900922
3047,-56.170368830032544,-6.840812791091182,-10.501723058201737,-4.371523845601202,-92.6566370802283
3048,-56.17261669998659,-6.161543371692863,-10.544626261948641,-3.9406880930616697,-92.56825005998792
3049,-56.17486456994064,-5.482273952294545,-10.584032542034327,-3.5166282236510997,-92.48682207831993
3050,-56.177112439894685,-4.803004532896228,-10.616930108805096,-3.089257151327184,-92.42033096410563
3051,-56.179360309848725,-4.123735113497908,-10.647212233800666,-2.660088122830366,-92.35680152905887
3052,-56.18160817980277,-3.4444656940995912,-10.672888158816983,-2.235649820228501,-92.30383884854015
3053,-56.18385604975682,-2.765196274701271,-10.697212535485107,-1.8212581311816876,-92.25454075199353
3054,-56.18610391971087,-2.0859268553029544,-10.716592072694205,-1.403232392843738,-92.21136421157233
3055,-56.18835178966491,-1.406657435904636,-10.723117275922343,-0.9705134441446057,-92.19301212822958
3056,-56.190599659618954,-0.7273880165063176,-10.719459867723515,-0.5498652410620307,-92.1945739978235
3057,-56.192847529573,-0.04811859710799915,-10.717744329122587,-0.12519745299184784,-92.19532664566343
3058,-56.19509539952705,0.6311508222903193,-10.718809975184088,0.29614065750532353,-92.19254182084468
3059,-56.197343269481095,1.3104202416886377,-10.710905408141285,0.7212807817425084,-92.2066776858779
3060,-56.199591139435135,1.9896896610869579,-10.704685846667036,1.1436943284661765,-92.22359160773347
3061,-56.20183900938918,2.6689590804852745,-10.688481639237262,1.5553668118115338,-92.25806956910291
3062,-56.20408687934323,3.348228499883591,-10.671802077737476,1.9745628259844052,-92.29146431542591
3063,-56.20633474929728,4.027497919281911,-10.648334732938405,2.3924158000486706,-92.33991357812923
3064,-56.20858261925132,4.706767338680228,-10.616228400407197,2.804159498347026,-92.40492989170124
3065,-56.210830489205364,5.386036758078545,-10.574425330532904,3.214501834523003,-92.48553652332059
3066,-56.21307835915941,6.065306177476865,-10.525093944489292,3.6172990413932733,-92.58079548327666
3067,-56.21532622911346,6.744575596875185,-10.47314452756604,4.026696839633318,-92.68218377266943
3068,-56.217574099067505,7.423845016273502,-10.416365515227227,4.4374866554750865,-92.79071212055437
3069,-56.219821969021545,8.103114435671818,-10.360070337251546,4.853676262281948,-92.90260317736474
3070,-56.22206983897559,8.782383855070139,-10.297027834209512,5.258144697755125,-93.02306916545203
3071,-56.22431770892964,9.461653274468459,-10.228541532242065,5.671677055015885,-93.15764224518568
3072,-56.22656557888369,10.140922693866775,-10.156140072661172,6.0922335785054536,-93.30134109324231
3073,-56.22881344883773,10.820192113265092,-10.07744817705246,6.512959275040802,-93.45348243478125
3074,-56.231061318791774,11.499461532663412,-9.98592433038446,6.9464388303336895,-93.63369078914805
3075,-56.23330918874582,12.178730952061729,-9.887462614058794,7.386035991496767,-93.82661743487682
3076,-56.23555705869987,12.858000371460045,-9.780370236433685,7.83261530129586,-94.0357429933152
3077,-56.23780492865391,13.537269790858366,-9.658626238821743,8.279845322673772,-94.27150180598947
3078,-56.240052798607955,14.216539210256686,-9.547393454403329,8.720736576477451,-94.48764797813732
3079,-56.242300668562,14.895808629655,-9.413515049104129,9.193752031236192,-94.74727936535729
