sample_index,face_index,u,v,x,y,z
0,23646,28.68631727133976,-20.660863647933773,11.018052492296668,-14.427358311716059,-20.202435096159874
1,14234,-16.584000539602897,24.96178879480027,-4.097854444836166,18.74451714835708,-61.954535450919465
2,6815,20.226542151193115,-12.235786650062128,-16.79914791019127,-8.120109621427082,-20.196204389965047
3,17800,26.865278052642445,26.21904862453051,2.273818488161834,18.15779118746345,-19.414642393326318
4,14798,13.246841115196174,25.853751380900654,-3.3744688460945387,18.390843599057966,-31.536702357038152
5,12369,30.060178064810266,25.679387616661803,-3.996162125769831,17.901344364889134,-14.239721862973184
6,14834,30.101684834670507,-25.330584238525308,-5.755961099825102,-17.411905804294403,-13.233450153283158
7,24221,46.51872282184815,6.666767140509042,17.83174741677598,4.274553630097226,-5.028807628704092
8,14239,-15.146438081697461,25.021668802519656,-4.210461425955995,18.71718779440017,-60.50277036180351
9,18699,32.89228460724944,-26.17865240034383,3.368244042760262,-18.025969730859792,-13.475241382659174
10,1657,8.940332199243144,-6.199902396019139,-19.665872452250795,-4.047374475820727,-31.142475259661396
11,14662,-37.25968470284371,25.485568238681495,-4.988698234843781,17.812274325741488,-82.28730729171495
12,17327,42.44958859364731,25.247904981825222,6.964934183615697,16.96112471300691,-5.375969969368965
13,11183,-50.1870199988472,-12.052702681347156,-13.591285519400966,-8.223837326480897,-88.31336589535522
14,30579,21.062791196796987,-0.4778383915739955,17.08040174991612,-0.5551261341283472,-29.727309935091654
15,23433,-34.199398754418375,-17.037895347670013,7.830917649060865,-15.034365102604863,-82.76054567400672
16,22447,-11.251512971641933,-14.556530209480794,4.548699153503294,-10.819491067986927,-59.424719841252504
17,1148,3.5463108559944794,-4.429969118315589,-20.724446976282152,-2.8472418716026224,-36.377001704862955
18,1666,-8.106886844850264,-12.06317703428247,-20.96253877544344,-8.567735895654645,-48.13133302045601
19,298,-23.791481066108997,5.8961336627080145,-22.455754603357747,4.233746922253215,-63.208946311430196
20,8766,-37.04914718430182,-17.163442941168036,-18.875922585532802,-12.920293946219704,-77.30435444159244
21,6481,23.858737073753456,17.40969168324558,-13.71022738494803,12.387167180723281,-17.54979304842405
22,7201,39.925849430015596,14.308377731660864,-15.011613552353435,10.731637666555732,-0.5714510530294322
23,30175,12.64609761792147,-13.183681556753067,12.473199502016325,-9.723889390965017,-36.64317256191815
24,9325,-28.9452849779348,24.619104202268804,-11.75872509266065,17.479095337482303,-72.02496485849178
25,15860,41.05981668723086,26.366899417514254,4.108552219177737,17.87181054999728,-5.783266516033309
26,11297,-14.812359366074373,25.394893034215002,-8.026779116968886,18.588429327646065,-58.94047296214182
27,11552,-31.315580244343195,-24.52873471905988,-8.350495769648086,-17.91075842090857,-75.10949691206073
28,20846,-4.185655122469676,21.071637400346845,3.0970914539651164,14.916331423095855,-51.50893392113239
29,24438,-7.414230529013563,12.338482127871023,6.1270475301681335,8.26092219005173,-56.17306672388336
30,23180,29.54806542501537,-21.49856986094903,10.463536232203019,-14.89031389276376,-19.124984692256934
31,6298,-28.81655137745828,21.179272731606865,-17.414317354407412,16.20889849138368,-70.27624883076174
32,14233,-18.20579156647153,24.65471975381909,-3.1427288328425824,18.782368867902083,-63.912922680152434
33,10200,-48.02045944037357,-11.761221938998988,-14.804482804586229,-8.048205851523766,-86.28402011439024
34,62,-15.162550259827036,0.4201043358685608,-22.93334443230943,0.38791149955609944,-54.65661704262254
35,10967,30.71788680772161,24.445652192879216,-6.707663220902457,17.068118791817668,-12.633698659506434
36,24835,-28.997599753397655,-6.637011047001096,7.170984074167244,-5.5657981418378135,-79.59745156123074
37,9837,-13.468312083888296,25.014849185726646,-10.488034468443988,18.26660245948713,-56.849561280178705
38,19304,-0.8918064480258353,-23.828916021235457,-0.758071555635336,-17.636607272125605,-46.50713889218147
39,432,-7.326331899288215,-3.605157235465529,-22.229195779502852,-2.381367656962197,-46.971671901126655
40,15884,-3.424572745097054,-24.685345198841695,-3.8918404834109945,-18.43711239509546,-48.2308810038282
41,8975,31.422099883997607,-12.826269576695449,-16.04845693526063,-8.87453474785219,-8.8245025708463
42,18907,-16.72693424296034,-19.913784744456446,2.0061358566087493,-15.804611934191303,-63.91629705792424
43,13808,5.878311744999487,25.588885908233856,-5.566184790387312,18.436699510879954,-38.47190552791415
44,27844,11.952229826813198,13.068870303932446,12.580533022531913,9.056145875185287,-37.47824932194377
45,28518,1.8931336429325492,-6.578423120376341,10.127173314725718,-4.871498556751378,-47.26210352925707
46,19053,-11.454263557430517,21.187756803930814,1.9379795564399132,15.630737116519885,-58.679802205917404
47,8435,-26.794879885852975,23.71327267299038,-14.136787040364954,17.1564528172532,-69.01440916985733
48,12067,-17.32619429444433,-24.317903148879697,-5.101801053208172,-18.710001773911586,-62.07588801928253
49,17675,5.320370239004748,24.845885174630922,0.3726753718144548,17.75874733942854,-40.79276788122567
50,12683,-43.82319117189049,21.240723227277247,-14.578457802310776,15.405972249404911,-85.52049787273387
51,21319,-20.32493280427135,17.490986008777046,3.841956101621202,12.962204484294029,-68.89587803812103
52,22179,-20.98190414754523,15.557466367438671,4.427779016448565,11.276190567631202,-70.01832878462817
53,26424,9.71551085001271,14.581679115231838,11.189673226179991,10.133140838961994,-39.36495666750453
54,14831,37.15442913435799,-25.703817708508655,-5.105553698972873,-17.61115313008777,-6.393369919425445
55,314,-21.601824144347756,8.184260463267657,-22.369739855609748,5.926839756254563,-61.12561026819356
56,10398,38.40069901171779,-17.454973086176874,-13.850688759556117,-12.010486582800056,-2.2348118555350025
57,28227,3.3116726387984006,7.516803856792778,10.702792842938118,4.933496692792648,-45.94400251244403
58,1398,-5.107099849208617,-10.625538553643487,-20.926700088740336,-7.429226046290579,-45.10493402542924
59,21302,-13.47617755512762,18.160071742161975,3.424731368202891,12.896622066003975,-61.58914084649282
60,4875,2.813332376044831,-16.551036534970688,-17.477053383714143,-11.586247634717893,-37.9387959491215
61,20601,28.89659373353249,24.577611430811295,7.177158361731183,16.77158446044023,-19.026163231261187
62,1480,6.111498191841794,10.445951056486829,-19.10090600828596,7.50472415930073,-34.19776834799761
63,11952,29.641056363968943,25.06223278446206,-5.4960603869306635,17.498655055321617,-14.1605753258076
64,15857,35.85666132427046,26.506386147704493,2.929696225666488,18.1007428464846,-10.567530103044133
65,14831,34.89810042946801,-25.60358901337967,-5.3468226277751825,-17.540400852387176,-8.57109187750479
66,8110,5.021561223250219,-19.98911736211924,-14.857966364603183,-14.158961596591183,-36.47367975719161
67,3886,-24.169445286613136,-18.33952920174576,-19.872950126143,-14.159166892362167,-64.61640388447327
68,12455,-14.69825801378181,-24.550575799324257,-5.675986812272567,-18.704610799417836,-59.30550186507201
69,16256,27.63428824009088,26.3949008599294,-0.3160153072971545,18.33655671583928,-17.851260653999237
70,7651,21.72984954116212,-13.412585492168562,-16.291633048492614,-8.90547198739652,-18.778584884298624
71,16349,47.20215242968893,26.061931919099337,5.616998924409798,17.717848920111905,-0.056146414727689484
72,19619,23.056079378864144,25.589373930172332,3.261871690750609,17.9447950515545,-23.62413542877049
73,13200,-33.224064612941945,25.632936154893525,-4.749452210090093,18.18890948355408,-78.42891587013142
74,26469,-26.996985950374725,6.928172392179083,6.5681753259144955,4.553923578517056,-77.806494028939
75,26168,29.25531753685205,11.10007846007764,16.355846108199394,7.527283839315222,-21.42706705033062
76,14182,-32.204998309603134,24.09881678530571,0.4375327053413006,18.818554089888288,-78.9745158222762
77,25180,48.710728051723514,3.506124683444904,18.208490013192883,2.1702098963346534,-2.938244212807523
78,23046,-11.549624667539447,14.237353381515645,4.89785473600031,9.661207862416962,-60.260053587360545
79,26514,47.50094723128497,-7.202153246648902,17.757438827785236,-4.580611910284915,-4.076537184879367
80,7657,35.221782091134784,-10.861229363414868,-16.746875603842664,-7.4635533270796675,-4.513962542731068
81,7063,-44.07284977971159,9.995414863219837,-16.846391253625555,6.799637848149225,-82.47546832472194
82,13400,8.452492759405265,-23.348931587627177,-10.858029060766142,-16.527058781210695,-34.11482550828121
83,17180,2.4260180775812,24.60748761065094,0.17718727978615367,17.529004328889705,-43.64818374547333
84,28609,7.92397401512071,9.847760349036696,12.093356086245516,6.707228875362248,-41.54385512547786
85,9092,-18.201197847698836,-23.82407100394963,-12.914841713307842,-17.67763663403437,-60.71527687013461
86,14389,11.203546829511604,-23.85287650678977,-9.637152198628765,-16.80204076988658,-31.59866799987066
87,450,-6.68914670272071,7.189726882699876,-21.723427516653302,5.285276253783868,-46.58748873480185
88,30649,12.332532557987882,-2.994710086968369,14.777767221521106,-2.4206253793375465,-37.699291081414906
89,4136,-10.90664107348828,-19.279558297172105,-18.08281234485657,-14.448742062933952,-51.76658892820653
90,685,-3.2168317376549096,6.201648077214273,-21.414786592641402,4.5449055348913285,-43.09096178140234
91,2850,5.526907166968648,16.215709596987537,-16.97022973591628,11.658379736828266,-35.5826834830992
92,23556,7.380281421394346,18.92506190806392,7.9939840659188555,13.254297606714243,-40.81606621551963
93,10605,-21.743430219996696,-24.13705704826934,-5.1609390114066365,-18.609811337740965,-66.50753056552546
94,12548,-35.832274014093635,-23.842365305680083,-10.814115424906195,-17.287389794069377,-78.70042362037171
95,8498,16.96829304841124,24.004390372666688,-8.278658394612899,16.88810590661438,-26.408764060173972
96,27435,15.247870612092148,15.456201728654246,12.484003941756406,10.856555821572613,-34.1463320773458
97,4839,16.721533738286855,-11.525046838500932,-17.346620037473162,-7.694721771198982,-23.702097192628038
98,5760,-16.13415014479981,-21.19936244718701,-16.953947825134655,-16.13015141848127,-57.391584479383745
99,9930,22.636064627536328,-15.723320727985934,-15.17735119141702,-10.621463357138147,-18.236191568254508
100,9396,-1.2557051743146634,23.606065057378764,-11.783157100675538,17.28879784623961,-44.07855680048823
101,8302,-48.15268175136302,3.6890783085987797,-15.090768234330842,2.393209222302417,-85.35458664574952
102,27645,3.3066293917448717,-19.62517152082889,5.532930711652842,-14.290105153901436,-44.09761640014149
103,26023,51.2437270276044,-8.117736290706432,17.800003580823827,-5.280089361437712,-0.13480718839979677
104,15859,34.82779151421842,26.382217212357315,3.4292557160143495,18.01546553488264,-11.837809311329908
105,20145,17.03388428266623,-26.00598410493658,-2.5302294672931036,-18.35155872139687,-27.61822880946587
106,30359,13.38854189116724,-9.699496382224835,13.928729165982475,-7.24931004078522,-36.24980531236743
107,5590,30.734219571152014,-3.4396560997994987,-18.21742724523229,-2.096255575110587,-8.767467845685708
108,14309,11.757904453550236,25.762479102196483,-4.201628257253122,18.360337520137534,-32.81215928401674
109,6274,-36.05103932401276,18.464279038750494,-18.67681237874777,13.87237393657821,-76.80577870872969
110,11734,-33.064934559110746,25.368366810499545,-8.847546153661071,17.731183087248624,-76.91895849242712
111,9001,-7.579874177169078,-22.676271682439403,-14.021243411211472,-16.76393001241098,-49.57226991870449
112,22629,-23.573226175113266,17.4761546289089,4.4190879742515365,13.193274921042157,-72.36100546647653
113,10495,-17.965839788774115,-24.642490977430256,-9.459873550136846,-18.320763658189488,-61.40012515517959
114,19635,33.68733399290356,-25.749348372015117,5.522270800089234,-17.486893256578476,-13.333725067417584
115,23290,39.57321210126911,11.2594743169578,16.768838647253716,7.423886734258862,-11.608508911375981
116,15123,-46.431448801879,22.13002182648594,-12.631591336991722,15.8493641580329,-88.49287593295779
117,18283,31.40869849766742,25.84890444951701,4.393885462193784,17.788105602455246,-15.595789728250438
118,17632,-21.679952909408062,22.030735105644105,1.6520555770873995,17.36288390295354,-68.84209611199346
119,5569,30.41776726710884,1.535261984441381,-18.279326711371816,1.4384833589466726,-9.014649212540986
120,3241,-35.28845288232078,5.783174218440054,-20.29009456295702,3.8736218332686025,-74.05179371112231
121,1456,1.8482594894876587,10.785345583163505,-19.711146901546385,7.780079440670639,-38.45763457744543
122,27736,-11.592753957454846,0.30327719589406443,6.466290057057277,-0.10775782159067918,-61.140791166134356
123,15763,20.16452970264375,26.121055766514147,-1.45949874607695,18.360199771155308,-25.10509268305347
124,22608,-17.08062419975253,15.298635396433005,4.206600341035603,10.837398602985418,-65.96821830863347
125,25827,-28.267521321150237,-3.7862834323827097,7.078953685734895,-3.27089219423735,-79.14330481009192
126,16241,18.13851426849176,26.073195698480095,-1.2180872852613818,18.397148905936024,-27.246619103723745
127,2442,14.049958388129062,6.340354675713425,-18.75654024150889,4.576103780497049,-26.082063179999135
128,24485,-26.650492321831557,15.380010146760169,5.562087005098823,11.47639375243645,-76.07521505051243
129,3786,-0.4303822523664715,-16.506716295010296,-18.078133727714736,-11.64757019160404,-41.11653433543334
130,25520,43.43386378088624,-11.780845245796502,16.619968310633677,-7.750691836813845,-7.660943023320993
131,16567,-49.57967025440026,22.313002328285304,-10.74466347086503,15.8420589921631,-91.93025833155892
132,6817,22.493698959932857,-11.32844927948705,-16.923687573494608,-7.5453033814816575,-17.81998139913264
133,16592,-37.94840376057132,24.958208870997925,-0.021459903334438035,18.37520907122441,-84.35319888716523
134,5453,-40.59778043947775,11.927315902395797,-18.325178418242082,8.274063005968056,-79.58694393074448
135,28051,28.20821409503494,6.937325718081408,17.2961768862231,4.612996057893975,-22.70276356475837
136,8868,-25.565656545464098,24.728857352713646,-11.880704664873512,17.57608252086616,-68.6671879230308
137,1911,4.564736551118852,-9.999693147169818,-19.63852380572547,-6.732898080649029,-35.59483524089307
138,29911,21.731814090056517,6.434948712490692,16.700238534584738,4.3718277496979585,-28.87618400575753
139,13191,-36.23890560886891,25.212047231497714,-9.106450324127561,17.442484165171997,-79.98003129022901
140,20188,42.77325351603935,20.28089862987158,12.494627805604582,13.421919925006147,-6.964308770045508
141,11492,-6.448930957077768,-24.630826540584476,-9.651060537926703,-18.24923566863595,-49.604754007289365
142,5985,32.68821298301002,11.415888741184476,-16.284455130634807,8.422837470529952,-7.5554903487863045
143,22455,-9.924429243595458,-15.560290106812078,4.414791444444287,-11.54715657432138,-57.919762618545214
144,14438,-6.636756179672907,-24.55804011131427,-4.130643221141754,-18.52026541746295,-51.4373197101427
145,10399,34.717941125580474,-17.060903241983524,-14.12550229991809,-11.695565899649022,-5.928443819853282
146,17239,38.979841325899784,-26.915830778827768,1.0940961934104316,-18.305957043338076,-6.469838634535669
147,14185,-28.4679136915429,23.76526543240802,0.28943430520115243,18.950886187137034,-75.22122803871162
148,8479,3.8212114057367454,23.32423064359971,-11.389327430571154,16.874459741302857,-38.929353977297644
149,9978,39.90335352532686,21.90045144326284,-9.47563625325725,15.695018358222356,-2.376273392055614
150,8213,-24.48390447619081,-23.384822842860604,-13.99096063893064,-17.278020907423162,-66.61349920256703
151,7258,0.2237082929670024,-20.171406993700614,-15.535729505680868,-14.448152261974554,-41.13087910138833
152,282,-21.38082232615467,-3.2954308533377725,-22.804999871466904,-2.3208198711592565,-60.64486833185384
153,1999,-17.690265246031895,-17.043535728274648,-20.274590109679725,-12.914875111060269,-58.00119719472863
154,9999,29.216827353571794,24.220707674346446,-7.080690402538194,16.921973182971843,-14.198799229369632
155,17152,-6.474289278027923,23.761535866702793,-0.2452617906332544,17.384973036401952,-52.69456095916876
156,24075,43.67743378168381,-16.10203813267327,14.986946310614378,-10.56361639511814,-6.740614785187415
157,27350,-0.5019739929107638,7.5224040201191515,9.15558225972378,4.869831743352583,-49.585415879765065
158,26768,-8.451932768779061,-2.7004049856370167,7.0722799095992155,-2.1900253718538765,-57.74060725443377
159,1812,-23.539704166391466,16.424493487709846,-20.67893716935012,12.44443640541044,-63.94353412883491
160,3557,-30.73584803585082,-7.800630020744178,-21.291691864757542,-5.479999027015516,-69.85037384436252
161,8458,-8.017798179545784,23.345309001911982,-13.200404561283497,17.20386466712068,-50.480922118647925
162,18403,-38.382018407408566,-23.618889814851546,0.005204248316662975,-18.369558927031534,-84.48661773581738
163,18974,-33.02615194989369,-20.51481464070373,4.738657587568735,-18.659964389153764,-80.26461558166305
164,5547,34.68030034764376,6.737141159253251,-17.554735524084556,5.284032100418787,-5.062707365401464
165,24484,-24.29239130600166,10.072688460149937,5.705231348523368,6.901969780917462,-74.55637092395341
166,28839,6.683519857810919,-14.506632460629852,9.828136270812884,-10.58821385138563,-41.911159209819736
167,10488,31.689102409018933,23.689216294491963,-7.655782606198782,16.663327066919166,-11.37074498384466
168,28895,4.988579280695573,5.838227885519536,11.651849951868634,3.784858131034293,-44.48081934890793
169,339,-12.163809172969026,-5.668021265709958,-22.498288784615394,-3.90484426882895,-51.72025386003195
170,4437,19.557407635275812,9.928405907369843,-17.29687191739196,7.139490353859944,-20.798786089593236
171,24102,30.917004385857503,-18.961734641255607,12.580871971363594,-13.150458118693958,-18.420288607889546
172,19521,-14.775758711078423,20.840674620164734,2.0959553560879645,15.45980264809515,-62.15638474109273
173,11607,-58.78173892292877,0.11253153374442246,-9.186607407352753,-0.029770881491490583,-94.43944918342699
174,2120,13.316998492292587,1.6756819841035406,-19.352791595305668,1.4365188381559337,-26.65885299361068
175,21182,-25.57850289908922,-18.37714762345626,4.245456022767756,-15.36521860867387,-73.567925694812
176,21376,15.637485946216676,23.28408350053656,6.393435908152252,16.435241667214015,-31.95403544216945
177,23613,39.51421153150615,-17.016203262028657,14.4593868178986,-11.279533565718342,-10.65980924826499
178,9437,36.688560582379644,-14.89372098857721,-15.124269107145281,-10.362547267100384,-3.700360280862589
179,29699,8.38636179888902,-6.829383748788482,12.788373047517975,-5.141603942445516,-41.18376884496601
180,20010,2.8903733063054964,22.458979216841467,3.4179318936830283,15.84719729189727,-44.109512740576676
181,15325,26.27753408581776,-24.43762605676107,-7.298539982530793,-16.881272959865907,-16.728670648146235
182,7703,30.864928462924162,16.750361946726024,-13.77142846358555,12.107063291192713,-10.271402371033227
183,29727,6.823312596465767,-4.0751538101424565,12.531579881626243,-3.2127467205972846,-42.80567617120506
184,16253,25.162745723194465,26.328044595238858,-0.7279798393510806,18.330051017797693,-20.172519441067667
185,21012,22.901998893653445,-25.607397538113702,3.0938023318466423,-17.982507522890707,-23.39639649472745
186,6164,-13.582875546117789,-21.248411149393927,-16.59991720059332,-16.02873324858208,-54.968933634218125
187,23597,21.921782288081545,22.502220193008323,8.702737864202195,15.694571062629525,-26.359853593390664
188,27236,-2.4439978234042483,-3.697059477339465,8.813976391267147,-2.761251753508648,-51.54592627510807
189,17243,32.35098065521406,-26.535417136043176,-0.0390001976728433,-18.338511775252858,-12.932924394798459
190,23152,48.75004979503668,-18.17792406500507,14.095457820157634,-11.730977560814393,-1.2699550737531091
191,13909,16.101592782659495,-22.475517698437624,-10.762875365118852,-15.578837960960595,-26.287213691868033
192,3847,-17.629332155985566,-19.319221498465975,-18.951008708487304,-14.774229520426791,-58.30179342240052
193,19727,37.56137244426278,21.500769736216622,11.350091759415612,14.403681135387819,-11.770913063798044
194,15923,9.355498938214266,-25.25821321988735,-6.739034153000839,-18.028537368329772,-34.249261554976734
195,11528,-39.20799132641836,-19.99063828900876,-16.72103005795386,-15.346389975872816,-80.30822037069493
196,12781,-7.964932638854635,25.34972898825413,-6.045755317277209,18.646150941531527,-52.60245707436218
197,3837,3.593820630333019,18.60538765575621,-15.884079797418904,13.453259095507462,-37.86938550962888
198,3524,-21.646272655751428,-19.01176586906675,-19.410672847212446,-14.704025380314448,-62.284908339888325
199,26538,34.150485307988156,-11.733638931879282,16.367038823938774,-8.044648686698402,-16.65532958001293
200,9654,-24.72720613732285,-24.4260775233466,-6.5471401580709605,-18.36020864567819,-69.14860337198532
201,29756,9.648946638686963,3.1796436458395867,13.811256356324861,2.0011967081002906,-40.27412552561792
202,19766,1.3585922269974817,-24.17640322221576,-0.5505588035827812,-17.72124155309327,-44.2611477644671
203,26829,-31.536105351379128,-1.8946773723815902,8.661254875119866,-1.9761591017833562,-82.63008454730897
204,18403,-40.910918884300415,-23.910752099068034,-0.9815805483662157,-18.08090747241947,-86.54596857343813
205,26514,48.908402063013455,-7.599512867297654,17.659739951019542,-4.939705429646644,-2.5992904773200407
206,22390,43.23639642417702,14.045850209875425,15.918027087858722,9.105788970952545,-7.618684794843655
207,24699,51.18900686163626,3.502974712791344,18.335278276944774,2.1917111452410367,-0.5113285246103407
208,21299,-11.86070448483445,17.914869964317496,3.640114069737285,12.653259287924252,-59.95461565228837
209,3699,22.23487983560417,-2.027457815343245,-18.504256587355954,-1.0684326762870078,-17.556048503951068
210,20857,-9.596982370623254,18.75733571861352,3.5344659742205566,13.264102739538345,-57.46804162379808
211,25380,-1.427653220431155,11.855819168040018,7.947413199006782,7.868779322336545,-50.203207412889455
212,23294,41.812461208862125,10.014697525550192,17.15609109809791,6.476240117322367,-9.434403855779664
213,11108,-55.35152514811252,-2.492774905482125,-11.249084524206259,-1.6538761082032205,-91.42552643588505
214,29559,26.928362484219125,-4.283652666104916,17.516116032828975,-3.1350426580708284,-24.029925175907145
215,1302,-24.963396123554038,15.710090970098907,-20.80745296440366,11.818441069372218,-65.20105739313222
216,27324,-29.44673531031829,11.900247892913379,7.051105192189657,8.59688731609966,-79.76110249238168
217,27986,19.160206750788277,-14.885010833743896,13.319380560065047,-10.945363446013808,-30.376844382921618
218,2807,14.428867890579255,10.839996352424592,-17.61947529211541,7.789283594485884,-26.127826883606232
219,20210,-10.228812540402776,-21.037858331387266,1.413709785981292,-16.229866074597908,-56.90533530265879
220,20069,19.235240748940463,24.939729209932498,4.572585786577617,17.501920494956003,-27.707445374223504
221,3736,10.594437829410964,-13.099513341008361,-17.702022349303206,-8.893093528616046,-29.996929277777014
222,2465,11.00538206309456,-9.339108910506916,-18.74442410225287,-6.192922343673444,-29.186189673791652
223,11469,-17.8481762179819,-24.76269208513558,-7.386960148085614,-18.54790581701014,-61.93022782784969
224,19640,32.59776155303785,-25.963168598616264,4.443929771661833,-17.78993187748385,-14.074478183676032
225,17748,30.702142086466313,-26.554816576107278,-0.8714283100158844,-18.31872085600331,-14.268042997315176
226,30508,12.417650577409447,-5.468689180624293,14.504466334392095,-4.197957748706665,-37.533516119194864
227,18104,-15.699067089630596,21.87931544077644,1.3306940608876596,16.59339028845909,-62.79333602359423
228,25502,19.804527411812924,18.511921246541622,11.721426011397183,12.996958681042452,-29.371740919256997
229,11119,-55.18248399860905,16.995452453185163,-9.638276292138922,10.829877078336835,-94.64514250817122
230,3641,-14.082925459605342,18.993449772009622,-18.735295255031144,14.453224102250113,-55.07969450209741
231,27674,5.747004584868826,-20.348534692495434,5.840333439389879,-14.804125466643944,-41.65566180338124
232,3554,-29.153393551754398,-10.441128789284068,-21.32358665332087,-7.358982715913967,-68.54880366778133
233,26188,35.66362447207096,5.275606833369497,17.96386939877763,3.322896273157412,-15.72266465202208
234,30137,22.65218427497917,3.7296658302499424,17.165597647019833,2.492791323438478,-28.187559149128525
235,3386,16.654388941463118,7.9510977986500215,-18.122323069102844,5.69215613433539,-23.60541441743217
236,25940,-5.7874806696724805,10.05491023448201,7.0014506878138025,6.555683469365041,-54.805322956291036
237,23104,10.79114157264416,19.69527675551368,8.572800713278662,13.865485130450118,-37.53214520925564
238,3666,-28.30009895951701,19.2073457101659,-19.189139212240278,14.824440309492756,-69.17655629466361
239,27274,-18.638971743407797,-1.6788801593288907,5.628027620992932,-1.5494856401028323,-68.71133932760317
240,28468,35.58108239756692,-0.6165413900382982,18.255995211295165,-0.5494457430078413,-15.817455037225333
241,11099,-24.76154021158008,-23.620714884128585,-2.94525794955522,-18.77822129166816,-70.25194005219836
242,12857,28.75281826104554,25.84636750046283,-3.4574368116069714,18.024657497332225,-15.705864266419695
243,7267,10.259709310392312,-18.582350116314,-15.068835116942175,-12.845424935309829,-31.105608154609303
244,11797,-9.203445123519739,25.343187509880664,-7.508443563027614,18.611405875986968,-53.39371933146232
245,16292,22.87875455325823,-24.800751910087865,-6.870346790938692,-17.133326933201673,-20.33785163411457
246,12313,-2.178889447206261,25.244340365310514,-8.036948205155776,18.455458235480933,-46.033449132862465
247,24076,42.42884661948062,-16.491641134922943,14.830449309233014,-10.787715150927417,-7.975896307965374
248,8299,-47.45941949309148,6.795244540573585,-15.324475313592915,4.520838824470897,-85.05511263569447
249,16106,-36.564320919487926,24.75898460096295,0.39235842383635183,18.517347669292473,-83.16096780077197
250,21394,21.454161899579677,24.739143918420833,5.475300870469859,17.26480112932818,-25.87110242665711
251,2231,3.999314631251151,13.991823659080685,-18.22963998849625,10.112979124243953,-36.732578987034515
252,672,-2.2150565401923425,-6.173724240507502,-21.355234855477317,-4.110222876958537,-42.058783623711605
253,20363,-35.1660915318681,22.118786408644585,5.623413233841104,18.910837953409693,-82.54774358650906
254,21038,15.683453823634451,-25.86652264004909,-0.6272493827200527,-18.399894652694496,-29.51493250362716
255,7466,-42.8397280395517,16.772737982380878,-16.866516410766188,11.910281140124248,-82.89787581597952
256,3088,12.189471489740427,-11.16051912183619,-18.07948154259905,-7.485757705353759,-28.208447960428554
257,8539,27.027560623676678,-11.853631703890287,-16.531495638009883,-7.935327692063581,-13.167461005615788
258,4726,-5.9971114454624,20.054212607561862,-16.62228947380712,14.868192741547249,-47.420956132300645
259,28983,29.312218539695948,-5.0077767503329556,17.602703741002877,-3.5597879609032805,-21.791925487624603
260,26534,35.56084396034884,-9.928822192992168,16.990428830586225,-6.752469094892113,-15.423338181043615
261,4917,11.7360351477439,19.938819271471246,-13.483559693407896,14.158291828890698,-30.188967566169175
262,8620,25.107024377110452,22.942818232871225,-8.98688771721995,16.089997566581243,-17.733600521974783
263,25405,4.449212338190477,16.02501312393184,8.584528822844355,11.037024949858722,-44.05478857052933
264,2329,-32.5222591210567,8.799003761670447,-20.82278068348794,6.129421627532919,-71.68597532822099
265,11882,29.373292599865277,-21.014524441296093,-11.339560288634896,-14.411780864846174,-12.519070587043759
266,26276,-7.440863600815038,-3.4128682968726762,7.287777848653506,-2.6662416584425292,-56.660004023971226
267,18652,9.192065142657503,24.430912486403766,2.562304434773626,17.402760412186588,-37.354791821124984
268,12274,-15.245624412238186,25.374238780073487,-6.894005339154596,18.655040783216606,-59.82782426931119
269,663,-6.564493214782017,-5.594791666537044,-21.955699419489903,-3.8445423161436025,-46.25678874895912
270,1424,-11.370372621829162,-12.984336703108506,-21.065980093094396,-9.365000518268456,-51.350899455491586
271,21438,28.756686631530915,-24.484557251252035,6.9019848663383305,-16.895802569223825,-18.761846513946086
272,21322,-21.824366799757843,18.14255744577408,3.8547743227124545,13.66771579310715,-70.24709096970994
273,25378,-4.801324274017743,11.9640840850406,6.883685352411418,7.921931807782747,-53.55111084774593
274,26438,-9.878578107681099,5.840106330415899,6.5808621307782085,3.681944719846781,-59.22894097919142
275,16150,-19.866149554426848,22.820563378300264,0.47577686025508836,17.853258035720046,-66.66701757015426
276,6504,14.057183800121454,21.461284767043892,-11.756335093843271,15.179519418091665,-28.339519472700303
277,25024,39.284916988143436,-12.829921008735361,16.16240715079455,-8.665498376959562,-11.562380069104039
278,28280,13.159818099723617,12.780168255024769,13.055738337058314,8.881660756287214,-36.415070096059296
279,22296,27.845503723762313,-23.940357982586438,7.606852786647665,-16.549252606797516,-19.905775440312752
280,27745,-14.95752633326305,0.04370683227201823,5.940486826243034,-0.35521118198641016,-64.68381859400567
281,3249,-35.278067891821635,11.940989542434764,-19.972718542636148,8.507631415887184,-74.67950804681703
282,26428,-13.709307205036069,6.313231025382496,5.896246299932677,3.9542737002660555,-63.11528336961025
283,16101,-35.57440655776142,23.761574538268786,1.9879702139212125,18.796279334062476,-82.42655252490799
284,12884,28.127301318381715,-22.46641553129204,-9.942353866603744,-15.416012046237991,-14.121534256359698
285,9465,-5.840962765302629,-22.851253096384422,-13.503888604709154,-16.860819420133925,-47.91685662147108
286,27940,28.576870942943152,-10.22674978849741,16.419373013583375,-7.29412104788761,-22.011718564680805
287,12843,18.485942704520188,25.76720691732285,-4.320551731282306,18.06662327069109,-26.003346987839187
288,28258,4.889188386707407,9.815410491898602,10.923997194153738,6.554029625555494,-44.297961533755895
289,17298,16.924082779940523,-24.38237590169793,-8.105876967962308,-16.94025922261085,-26.135003431213228
290,6533,-19.33012024071664,-21.90759730792596,-16.41837937152961,-16.645832353867867,-60.77101030453161
291,9321,-32.36297471148276,23.37508513220903,-14.26959892935463,16.95108756826964,-74.6612682528163
292,29208,7.2657930477455315,4.284006565595816,12.799700628509541,2.721356688083234,-42.39018927037333
293,4749,-28.04650688253423,20.43421514151417,-18.36103279630427,15.655318126480367,-69.10834823385717
294,10980,-16.335398959224822,-24.78612221607593,-8.495940570322556,-18.505941345152095,-59.99200829159309
295,24138,20.246684868777503,-22.679540855051815,7.657720605303907,-16.21450689807274,-27.431605449838308
296,3584,-36.39045950704246,13.095786420113528,-19.610059656346206,9.359384456670783,-75.9065307296844
297,23611,47.29841708229388,-17.32119193113771,14.597852667045172,-11.099876386449338,-2.9662879883522306
298,28817,7.569722702925035,-19.10848225035653,7.471906547960247,-13.947490534931227,-40.2150419144023
299,22841,46.26919102916968,12.615113630571924,16.45622495161048,8.090829460030633,-4.800305513248422
300,28185,-13.396631383395025,1.3739520358993917,6.153287897492677,0.5873959797468522,-63.040163910822436
301,11602,-54.59514029261607,-7.342922069446246,-11.453784563891874,-4.799068479892901,-91.2707192529646
302,18183,15.93407663920443,25.587028599676593,1.7579816730642714,18.10936319293389,-30.31008746376858
303,24074,45.69115797597475,-16.189628631349454,15.108595226745729,-10.389490229011603,-4.81506113865993
304,17864,3.7748362493829393,-25.296670053079122,-3.26460732764102,-18.466409686511977,-40.82884174538991
305,25282,-18.86558727812232,-6.6236076227135365,5.377447227547725,-5.164348860589134,-68.58711780329854
306,12886,27.533610954753133,-21.253740224694614,-11.21718983727359,-14.526225066822665,-14.439028064115579
307,5290,20.416574041352483,16.082995313586835,-14.765722386177725,11.390920055994194,-20.770970721356804
308,6887,20.110191113162855,20.930259345933834,-11.42947326930276,14.737806502000254,-22.16680672070277
309,17080,-44.90086290852955,24.539742925177023,-8.566938726039732,16.886536497604848,-88.27210269616819
310,12870,34.940561743384706,-23.239627482669626,-8.962146661559053,-15.999672692738155,-7.417316497989107
311,17422,-36.25825965824978,-23.327362315608354,0.5403364788000428,-18.57693508194401,-82.60792178741022
312,1407,0.3418034428553376,-9.142532636650255,-20.491726208798582,-6.145748301061341,-39.63659122493425
313,12963,-0.0014259265680585467,-24.439831736010667,-9.75880033531245,-17.935183059535884,-42.987445028735124
314,2762,7.327070307575614,-11.806478068034279,-18.691234137162613,-8.034707397167287,-33.154232734515105
315,15514,-21.1757942321121,-21.675153166760875,0.5388544142748999,-17.979605755490905,-67.73503515773443
316,27623,31.923766226376483,3.4518726550162606,17.96663112915062,2.2280445366705317,-19.283649273149695
317,425,-4.7069864962972074,0.9770475376834389,-22.030137403373445,0.8948520408104494,-44.41452765048964
318,24547,37.520039442443135,-15.400128337673396,15.145739961471788,-10.336469766103033,-12.955067239538256
319,18712,28.222304140103038,-26.551374189108973,0.41405235075732094,-18.328618968672956,-17.260073891718694
320,30590,19.117114093751297,-3.3041698802310178,16.573146969662005,-2.643708969848399,-31.384106471264595
321,18603,-8.339590724582706,22.706699695053548,0.8605049021576232,16.705585128276773,-55.06921470291196
322,22707,38.20897534678626,-19.40862730973044,12.89553880924646,-13.037663182383243,-11.39349925929716
323,393,-24.147059277455,8.252593803621231,-22.199781441907444,5.954493948529018,-63.624683037307506
324,27948,25.273390773032197,-11.675205863191835,15.607745178988296,-8.490094611681805,-25.07360423256895
325,25240,-3.9857532969774128,-7.639372587334233,7.807768864215248,-5.573069514840801,-52.907092253229166
326,9803,-26.236499969875243,25.224724795700272,-9.029759557583011,17.977388492083033,-70.17764513785788
327,22747,24.874827228039205,-23.568610231883376,7.416617362863285,-16.54928882456992,-22.813659642796598
328,21646,-34.887761764383434,-18.8834553797558,7.451823456872935,-17.225666285353984,-82.65180553040486
329,26171,32.410042141761544,8.706827803127153,17.21668894131586,5.728102366134864,-18.63147352737517
330,9672,-50.37543459353987,10.762006608600654,-13.52582456145884,6.99760476999062,-88.28121672059217
331,29514,10.774374907951781,6.095007590695986,13.910202157151936,4.142818506527667,-39.12331108408634
332,5990,33.85328057390257,-3.5313735932025874,-18.178120322915184,-2.416977411073531,-5.63943699266656
333,25303,-23.317443845726743,-4.221773200115888,5.780482988528023,-3.4836952216058212,-73.7400216031247
334,7008,-29.148793134345873,-22.263808117327574,-15.720523775572055,-16.788521145532414,-70.74379798421168
335,13,-15.863222059558518,-1.4148374050273396,-22.94259470524697,-0.8929823237899475,-55.325173634433966
336,27479,34.12673079248042,-8.52538491751353,17.2428921897702,-5.8781892602789005,-17.01182600668047
337,13975,-3.592782028139745,-25.093999391879294,-6.592241203573561,-18.588857653997948,-47.59001518899099
338,18176,14.408231980814326,25.37408928090238,2.1254292108916046,17.966437139749786,-31.94486167047861
339,29236,9.445673429602703,8.33828059634471,13.024259500165515,5.669493307941003,-40.239425445372405
340,11126,-57.74673588791148,10.334315920913518,-9.171711186151981,6.058983326649951,-94.7371823861591
341,25798,-26.256320795366616,-1.3183774601589673,6.474393576851287,-1.3308091472903776,-77.15683431464468
342,12022,-40.322787004995845,-20.242215271596688,-16.01500429015768,-15.599779383636168,-81.5618971255431
343,27709,-0.21664753582263355,-5.269362327113875,9.471058756147947,-3.9027715681815405,-49.32582363437037
344,2972,-19.849027409967384,18.309065551061884,-19.817591740598676,14.048653394844813,-60.65047692052662
345,1903,-1.1492608715046853,-11.137047087426057,-20.2224760456811,-7.677000553274958,-41.24044851322735
346,10460,20.920737832518945,-16.949774090155632,-14.611708797953202,-11.525296823567356,-20.16411956741272
347,9980,37.197430041730094,21.766542212862685,-9.800395607039066,15.500326746533922,-5.071275418059875
348,19735,49.25869668712829,20.892640224909492,12.357318161099512,13.748446385023467,-0.45141672309718867
349,13525,-33.38686888227337,-24.53344592509635,-7.155300861647682,-17.942104013862345,-77.46774508745247
350,999,-2.9254747160871353,10.258745361560589,-20.599340606831017,7.4847119939878235,-43.10878586495082
351,4424,24.580056795144845,-6.072463668868686,-17.983088893260437,-3.9261147186727445,-15.306257127710076
352,610,-25.975750154129603,7.972391302873159,-22.033840606307567,5.791156277556089,-65.36243224222795
353,30181,8.290179640432953,-3.39750250848818,13.235645047164578,-2.7320113542665054,-41.397161951120296
354,4599,-25.884006551716688,-17.102109006227078,-20.37435948980807,-13.088839412743097,-66.05871815739928
355,3033,18.87973955520318,6.4704313895295895,-18.156333660351535,4.7640567449313735,-21.24881768466684
356,25585,20.495095932134195,-20.695837038646744,9.766434995850735,-14.857503257867299,-27.891678201290418
357,12158,-54.743166516144285,-12.025678224325361,-10.858792307524832,-7.881153510860578,-92.43769129431618
358,30599,17.074816252591162,-4.707469490371581,15.963494804259017,-3.615044558928495,-33.27050077281154
359,13357,42.42897614532665,-24.4890314620723,-7.503950398176416,-16.90656411197139,-0.3768721577975394
360,25815,-25.8796198542487,1.8198090040849413,6.376780084038325,0.7770755034808756,-76.74765019548705
361,30525,9.469475105733746,-1.8696121881717431,13.812232084189866,-1.633335263039553,-40.362416878321305
362,18585,-13.903339829573753,21.390428301154447,1.7157255970865175,15.986274572617267,-61.14392552486237
363,20411,-6.227216253952245,20.862089806017835,2.8213139477438602,14.914608846656392,-53.54438129413876
364,25645,28.87792738633696,14.059619772233296,15.285879013905909,9.545694366480722,-21.464413995100653
365,26461,-20.367823666888306,5.605932219885249,5.5359912524835515,3.518643621543279,-70.51464443292504
366,1898,-5.6589774554009615,-12.370222472437733,-20.54137859497076,-8.763690088123306,-45.74122899296326
367,7628,39.45497501864743,-9.84057535286375,-17.23337742006193,-6.886172835644308,-0.168994606049264
368,24756,-4.754501136195043,-9.363269923363045,7.272382360366883,-6.731201413105119,-53.62354014734429
369,25202,-3.0443593919295955,-18.182155706136978,4.688059334594859,-13.250448052774342,-50.587348205958236
370,22011,-13.243194883621177,-15.540423962247733,3.992995213324871,-11.677475759136655,-61.34421310394649
371,21533,-4.668264768819405,-21.83035312497869,1.5066413626131072,-16.304647461715,-51.220121315841624
372,15962,-29.30571390029217,-22.466515246198203,0.5020077297513571,-18.962465134922567,-75.76476630456187
373,27122,25.62971622036404,12.15778210384098,15.722925835465793,8.321821411073149,-24.744471246331205
374,16282,29.614470824571672,-26.072788578782433,-3.7634554292024025,-17.952467892983847,-14.430682413613766
375,27087,15.544790914083613,-20.634548720464593,8.647656324543965,-15.008121207741938,-32.517410004336476
376,2152,12.738933938988968,-5.783224052127051,-19.120060520266453,-3.767780012717692,-27.308910099842336
377,20188,39.62458130718025,20.252971433322962,12.50016210870493,13.416938511920478,-10.11845142198948
378,11770,-20.791850732516746,25.162160311773498,-4.94894445503287,18.645815258161466,-65.96488255406855
379,22057,-28.84446329139657,-17.02527918277073,5.523667603676534,-14.507095446446803,-77.40727237195932
380,1307,-22.126642250996017,14.977657393375589,-21.079986973432238,11.276272010718309,-62.339818010394815
381,19275,41.763186746551135,22.392402290844796,10.836069110897544,14.79495851740917,-7.437537559211819
382,1254,-18.049360559599627,-15.360689852927893,-20.875068542078353,-11.500867259938282,-58.09187330094543
383,2035,-31.036596669292173,-1.2922833066507065,-21.525359499327617,-0.9547510522077132,-69.93708418799577
384,2926,-34.41939294554986,9.947486864523993,-20.32202349886797,6.930356877086579,-73.59524550128236
385,1441,5.475160676028103,8.157578202141321,-19.76666056236362,5.895983384598729,-34.68375021687826
386,1004,-4.45770303462413,11.48713445391014,-20.514612239586462,8.378202973111494,-44.62783044322413
387,12592,-25.648228943468375,-23.020454301774333,-1.4182582107594703,-18.892188806131948,-71.55772361533047
388,4588,-27.291876287527653,-14.681088965560765,-20.886937675249627,-10.886109633710413,-67.1379798706298
389,24691,40.10701497540268,5.635776440189483,17.97933011611102,3.6122166113160117,-11.25790084158986
390,25230,12.663167789756665,-23.116665172074097,4.958609320672158,-16.804851206102192,-34.407327450057025
391,30000,6.256587162549038,0.4991336756958003,12.590015531058597,0.059504038621325944,-43.30809554791565
392,18853,13.881215680441873,-25.89248977414638,-3.287035589155799,-18.369142505329094,-30.587537843285805
393,7456,-39.22382091471839,-12.92746433922804,-18.809751032944167,-9.420278506630995,-78.39054054284492
394,21507,36.1413875592996,18.87311068525782,13.322653894902594,12.598708829544554,-13.742630970459954
395,17288,20.58224587444601,-25.332249250810037,-5.948009032411981,-17.54244047199171,-22.99000339136386
396,12162,-57.44503570218375,-8.913454089855854,-9.579085011091035,-5.634807996184202,-94.10095530117371
397,22949,-27.51739582734035,-12.558461728422278,5.945967349475179,-10.14935726773745,-77.02803008349176
398,14993,-42.170388894264946,-22.98512667068272,-11.266946847260911,-16.756286858886043,-84.6270374539437
399,13422,21.36240494419805,-20.39085013164038,-12.227896548010548,-13.98285221099594,-20.464466247949662
400,7538,-23.656498233752213,22.571238299023964,-15.88151429896514,16.90327482734561,-65.53613539050654
401,4219,-28.904652077279728,-12.250631055152457,-21.099796708515473,-8.901902385334537,-68.48444812594859
402,3107,-10.8600845628966,-17.876608711724288,-19.006692932708432,-13.378092027329384,-51.45714103088781
403,5569,35.461654520392386,2.0977046194999818,-18.242915431990347,1.8027802867953102,-3.9077474887177006
404,7196,39.37052558150809,12.945426803038512,-15.511334256785435,9.783391281622206,-1.0042539704168272
405,2456,1.6227773611417755,-12.610648442395666,-19.33871169662547,-8.708151711565232,-38.67408580353745
406,18405,-44.188426956086815,-23.980346381103114,-7.173996731819732,-17.127750286038374,-87.64600926258285
407,22182,-22.051028639204922,16.04620826552782,4.474542872087758,11.759088562561821,-71.09559624921688
408,22672,16.286217976851983,21.246613952877123,8.643848490471118,15.086510354296243,-32.06562407664111
409,10890,37.45623862128327,-18.313564371782352,-13.334564407652234,-12.589027399336747,-3.308360912303617
410,22762,20.84963682586145,-24.65972142806453,4.961288385260453,-17.43623714033029,-26.110630949645202
411,14022,-29.636341624076195,-23.614603238688126,-2.568680890522053,-18.675982104236212,-75.18921941227647
412,10135,-21.2116230753293,-24.733173133724193,-8.950852851486822,-18.21715325518886,-64.91203656635676
413,3746,12.292700645234094,-12.719960066894025,-17.553107028206885,-8.607857052975644,-28.27366336801678
414,13438,-12.758000296972504,-24.23571002536351,-3.933073612312949,-18.618820810780125,-57.7943061514236
415,8330,-38.559744659242455,-14.570037977199059,-18.84145841598496,-10.706932322677112,-78.14531471425207
416,4985,-28.47601662081671,-17.458052515108964,-20.12085027165983,-13.324784480192275,-68.57297727856115
417,1411,5.624217222050218,-7.424091622145838,-20.00474005309925,-4.889998339577895,-34.39185353214508
418,20639,49.05799550373296,18.661629731631038,13.775875309005569,12.103040228655242,-1.1106220703256107
419,10328,-7.828179859217239,24.76535022531945,-10.194825874088549,18.18188630009076,-51.275987634517435
420,28986,28.105367925697212,-5.737842156274154,17.38792882645937,-4.203542963815023,-22.834754206466354
421,13924,35.44118389646583,26.22013148321544,-1.921997779309134,18.234519880973547,-9.425772145084487
422,6239,-40.40573491058432,-9.143179079922344,-18.529652137054736,-6.442019976029969,-78.98211549898237
423,19602,16.841627840468135,25.01399132452793,3.5975075602370508,17.693039263464804,-29.899633959216995
424,9909,31.571980194055644,-15.947818868625196,-14.694542507926123,-10.968471756606487,-9.060370943940013
425,24240,-5.645310994462624,-18.377915390675977,3.97819135421072,-13.549848745005491,-53.08088109726721
426,2623,-33.95648915890986,12.591256064962687,-20.208513761356407,9.008906240292738,-73.41428553034534
427,14911,-7.549154306954012,-24.26603854431844,-3.3231405726742915,-18.419947766712724,-52.610674311596256
428,8487,10.883075222090696,23.649459022919032,-9.644430198391113,16.865533362213093,-32.17361998456353
429,22708,42.14067079659294,-20.353308590705353,12.564512868168524,-13.358524558440555,-7.255193072350346
430,20876,-17.542298089128302,18.362372575534632,3.2513073220546698,13.503088673348065,-65.65776885026992
431,22952,-26.542871006383365,-13.078061825207081,5.64473546010372,-10.65305465784289,-76.02120152994688
432,21704,-25.715100721402546,20.575493352677096,3.723964217312843,16.594085824271104,-73.46989831474262
433,1520,-29.68827699134804,0.5774379482863685,-21.820245158263248,0.3568324858535297,-68.67224129435556
434,29948,10.684028727896965,-8.782174710509924,13.218786055590405,-6.593486848140271,-38.93152406850061
435,2632,-33.46500444169944,14.257096624469618,-20.07963851547246,10.480063117607294,-73.290606472078
436,14760,-1.8258318901106905,25.3191091829762,-3.424548925316548,18.34772837514919,-46.986788323370234
437,21818,19.03239724890694,22.826956905325847,7.737064540405892,16.04755308321936,-28.923306452100466
438,25871,-31.21515856912842,18.76794000796828,6.443555376903506,15.040439126469355,-79.93021430372953
439,4394,25.1265095237133,0.8645611795440757,-18.349255582408247,0.9404003423472531,-14.617440225942413
440,22793,25.17408191105631,22.167190525803086,9.514570170345852,15.346487619888869,-23.41124788503576
441,29194,0.7099660615327403,-0.5984625993283252,10.183492663108867,-0.7101771194430648,-48.52631889593975
442,18055,-47.6394831269463,24.85158072779695,-6.5576776842305655,16.938025154708267,-91.34176609968054
443,4060,21.241472748162295,-6.153244168590083,-18.15981109238016,-3.991973054099717,-18.65806000919937
444,12784,-6.594069317056034,25.363043517795628,-6.10648810912736,18.63177923877524,-51.13233457536251
445,20105,29.94437242759564,-25.67444372437377,4.563618799246841,-17.727963237146206,-16.719234737300564
446,169,-10.595212315229665,0.8852444074739079,-22.65186244342725,0.7711405568136961,-50.18859771936412
447,14183,-33.0540604587595,24.69648650756226,-1.238520521314189,18.561503242261423,-79.34747640526987
448,9380,-8.198776460682446,24.307115668789308,-11.424873226316645,17.868382816837638,-51.30424907952162
449,19353,-37.61790242998416,-21.322675970348335,4.651670826629645,-19.01002651414702,-84.66291254925666
450,24096,32.560683154959044,-18.339682740236604,13.14143680054627,-12.655352513320528,-17.03753882725687
451,4641,-38.528586648784625,0.691410590984413,-19.267575643186795,0.42749033980203943,-76.89672704018902
452,25076,22.37920924296482,-20.510226705101797,10.307653244922363,-14.618450642534171,-26.1661619616806
453,1128,5.438111360757942,0.6945413956987777,-20.605906656254078,0.6442333507233193,-34.400859294295614
454,12361,24.527837763682427,25.688995974720275,-4.100485184410492,17.937518335778766,-19.896734473527037
455,30584,20.02706630818168,-1.9067349448658149,16.840073231870342,-1.6001123005486122,-30.67674242973564
456,18915,-13.593764449895634,-21.10006519442454,1.082733814864221,-16.672461107548866,-60.33204322460101
457,936,2.932818807156666,0.041849666839946585,-21.00888109074991,0.3038296278372996,-36.94633081961686
458,3230,-32.802044078425624,-4.054826328198258,-21.019169217840997,-2.771628268824048,-71.68167204565569
459,23155,40.487259908768074,-18.498036825487564,13.601487585299115,-12.29512982340732,-9.373718073627522
460,16546,-48.77165560923195,-20.572192946397102,-12.192992905652766,-15.248125698998699,-90.42811213944933
461,19733,47.57686300682312,21.18514396167371,12.000970730899883,13.862340159893328,-2.0677868818564846
462,26197,38.048637970532745,1.739817802007192,18.305825549021133,1.1058185248673955,-13.438992574370971
463,11001,-10.826995007801285,-24.82666382474754,-8.455177206248102,-18.546509835646468,-54.48690210975748
464,9838,-9.187780883277602,24.677174750224506,-10.501698318413206,18.157393721237472,-52.59312311476803
465,1535,-30.374241537134974,9.39451953095721,-21.196678420159365,6.737269524626925,-69.66816126081764
466,1298,-26.203546123474354,15.065504217333343,-20.874635777321604,11.260247544397265,-66.33142371573999
467,30263,22.139459221630833,-3.946161681978596,17.030346246012904,-3.0445021584699985,-28.538754654575133
468,27157,39.78359447916741,-0.10654272597029951,18.33806104759794,-0.06475720743612234,-11.79357877086452
469,21870,26.606964747594294,-24.525715106893536,6.267939970377347,-17.104695653597837,-20.657516631224066
470,2400,16.50891963487511,3.091837767209613,-18.85502942998652,2.437189803821694,-23.515881423322313
471,14348,37.90329926286949,-25.110750156406908,-6.345639936826705,-17.2019832084502,-5.236286557463217
472,7260,2.663127406611236,-19.43603932948023,-15.689523121935892,-13.803236572946716,-38.62532689534312
473,9438,29.229212843188794,-15.49256630555153,-15.02577889671114,-10.508252821794773,-11.447629880511942
474,27397,-15.131526988407966,3.6006053612249276,5.858968112754495,2.152243328870305,-64.83128343900418
475,1603,10.417386129053487,2.058048040151376,-19.77905720624042,1.6122127395478154,-29.587783000508846
476,8127,15.972370960592798,-17.50651460534258,-14.848231566769577,-11.913986073921851,-25.251396225994498
477,28683,26.11385379365,-8.023805224127239,16.79514477347792,-5.804435939387023,-24.56296685266563
478,11382,25.788881996750582,25.42561604725086,-4.73654685516475,17.77152244315787,-18.345015755915068
479,28173,-8.332642033745643,1.103583218240269,7.1764422732226425,0.3917192102847971,-57.68192797703121
480,23679,18.913566423089716,-23.929165057289733,5.661042275604754,-17.08436499017276,-28.23385273382112
481,18693,40.80930331891017,-26.32897659466427,4.491780754134348,-17.7801610356504,-5.74909719528296
482,87,-20.36558904959135,-1.4838033087843912,-22.91359767730102,-0.9875227105668838,-59.703603264248784
483,15224,-4.073337166609266,25.05583920657854,-2.7694670343967083,18.246307379451945,-49.41859029204058
484,5428,-39.92466064792391,6.909668583754328,-18.72080687024313,4.664007926974293,-78.38470320776885
485,16759,30.658725353901623,-26.479372309163946,-2.2765942909033114,-18.197543620196083,-13.863060903120296
486,25867,-29.110657299670173,16.820215306445867,6.059196142227301,12.951399814432241,-78.36227219473005
487,13181,-40.52879368416606,22.721410358805535,-13.756724002210444,16.48196379071187,-82.6972109480379
488,1957,1.9982973925665544,12.866682645111943,-19.01512377145167,9.276738567585584,-38.46009571952098
489,15348,19.731774199067566,-22.431441680793665,-10.467511739450618,-15.427703239831438,-22.544143154225207
490,23267,29.758526586147294,18.17314032815334,13.241638094763466,12.377709453476921,-20.066125998407138
491,28657,35.37129237445327,-2.7205102426366032,18.15106463617481,-1.95540056125143,-16.009899226063336
492,9248,-45.261131731098956,-10.61605674865433,-16.320895810659955,-7.441161756330491,-83.5311640500318
493,1431,-12.651111205830171,-14.978245785568031,-20.58197447591392,-10.985055007954863,-52.87437771963745
494,25511,20.781879134015696,19.121921743057374,11.45632594376183,13.415938425102961,-28.324770811770257
495,26327,-27.871089240414165,-1.3731565360622884,6.997952865598372,-1.5460785233152228,-78.82541536295894
496,1488,-22.73612121781434,-10.56303686619368,-22.004923600895424,-7.60404795435764,-62.27111334430484
497,16896,5.084928765824964,-25.440799067726378,-4.588852424593775,-18.509690884795372,-39.1326436608341
498,1379,6.281051030561943,-4.571259811064442,-20.28498952432483,-2.925382307188764,-33.6796184008855
499,14664,-34.33632118213426,24.862220370437054,-1.4620458053306133,18.4397421403415,-80.53040294566428
500,21551,1.0986478367115993,-23.190219500504593,1.0459399305827288,-17.010671916554546,-45.059091780625444
501,23153,42.613741777253885,-18.296558412177323,13.875859713430732,-11.990506704884368,-7.409925357064218
502,7858,-44.84251281982852,-1.458870761204904,-16.692724408860407,-0.9912886088757045,-82.42685257079859
503,25556,28.09917740158058,-16.599564707072712,13.725351742782841,-11.707891788213558,-21.655864828912335
504,14300,8.946452283934606,25.74906376184556,-4.480616925322937,18.432990120674326,-35.606238959596105
505,3999,-4.075502086161157,19.24497303373646,-16.883049443548394,14.18994342743777,-45.40755440845645
506,13521,-30.36456939151548,-24.12453094188823,-4.175263561332709,-18.46763091023265,-75.44431805851055
507,23289,37.702958754848424,11.847418891719263,16.531533895215308,7.939083399182092,-13.336693594974133
508,23813,-7.575531519838922,-10.586830302807027,6.318535331346995,-7.640206410469155,-56.26887380959766
509,17883,8.741074053125358,-25.59383313752575,-3.363655058282108,-18.48149011558697,-35.8078519933983
510,12272,-17.951815171286427,25.463377255478477,-7.209088944283032,18.55069189931358,-62.369758824392036
511,11626,-47.7864272244119,19.431357675080978,-13.782102093029428,13.55241040330562,-88.77130352350272
512,11861,19.635811635674536,25.54394116115148,-5.044526134684414,17.856953977070642,-24.63449840665038
513,7567,-13.28112882355195,22.834948143549507,-14.747471938375512,16.937612176067745,-55.42349457584275
514,15619,-39.34059917966443,25.466612661350467,-5.7998782878697295,17.574231415440956,-83.98869593067866
515,29466,3.219965727755557,-3.3096565956439363,11.120062015705127,-2.6125925722196963,-46.07785189179183
516,2827,11.030135724561156,14.28726384287032,-16.91558149708357,10.195549006852024,-29.903178060601107
517,8291,-26.610599419604515,-23.920996299386232,-12.320635773266913,-17.47823731373714,-69.24714633918961
518,9045,28.454932962563262,22.14244863589944,-9.541321051121479,15.668112760467459,-14.184369893659177
519,10174,-38.93720717464757,-17.738600507192146,-18.16165295343629,-13.407305187190639,-79.35237909402471
520,24778,-12.373502497978512,-7.546727483800171,5.84263985958926,-5.639742444436923,-61.57367013096422
521,14178,-35.818552485639735,25.49537022378541,-4.408210167973592,17.99034601690532,-81.06779114770995
522,13062,-17.449326728686014,-23.523812414243434,-2.6474912057848243,-18.723215575860948,-62.94577753323148
523,26430,-15.799872922585472,5.685762790875781,5.683494546085796,3.5678408698918074,-65.46002222809206
524,16594,-39.18121618907008,25.348429386612867,-2.085760996732125,18.039230315029126,-84.95564044742018
525,21131,12.00752858952557,-24.94443753579962,1.3319447705010194,-18.0439152193392,-33.79197491749228
526,19,-19.945338810440095,0.6696471939312099,-22.938045602325378,0.5604532106200241,-59.275267623734415
527,19727,43.73799402286548,21.89177054491845,11.366296113475787,14.391397819203245,-5.627613335625567
528,24075,40.991444634565134,-16.102272411479657,14.937901511981938,-10.633985567450082,-9.439308195661791
529,8226,-10.622797008202753,-23.33379730840981,-13.262544006134405,-17.342702067456038,-52.88313721832371
530,26837,-34.485266592110904,19.518703112343577,7.666597364404764,16.254325520423556,-82.74429996304218
531,5841,-41.44591930718823,2.500417293225139,-18.134683663583154,1.6611534639827044,-79.5322928747768
532,25421,-9.06389825359296,8.84737933952692,6.417253502844215,5.772616917495318,-58.16410713631057
533,11444,17.710308879342733,-20.01693749582858,-12.966168582859826,-13.659938280921297,-23.954812990337906
534,17556,-36.54545396845342,22.669397709582224,4.649519898021428,19.074049196334002,-83.78614542823007
535,7618,-26.270674811674205,22.79448338791711,-15.508257990952442,16.91497987637526,-68.27712564867966
536,25870,-28.59927963971399,14.480304421458412,6.334062914512021,10.72179512113166,-78.43575775244054
537,5071,-32.761512279790615,18.80789087489057,-19.045337956684232,14.3085427867595,-73.57557047300521
538,25376,-3.5899828484889005,12.308958287560358,7.133104344158923,8.1929984185029,-52.31488495306394
539,28102,3.2420808505232124,-16.684402088708392,7.4452435514821,-12.096282175077445,-44.787549048034684
540,15490,-35.133620483447146,-24.408307129284772,-5.206205870850191,-18.00051616001084,-79.80599114435759
541,13328,14.273662412045608,25.692355234671016,-4.4474539471637,18.22152649283318,-30.19595000290751
542,9885,12.658248868244334,24.454602069766807,-8.091868207953617,17.34866654598142,-30.815564820517526
543,21091,-7.14609752984026,-21.15322326449524,1.6843179559238,-16.042120744094138,-53.8740067644642
544,17570,-43.00489927906502,25.465620992333637,-1.9299290112225893,17.801634490741904,-88.48572522250774
545,4831,13.661364337020158,-13.263410105038382,-17.16313092092975,-8.931361900306909,-26.93647671120374
546,602,-26.159725916388773,3.2226366179467525,-22.36153241776082,2.256607033892756,-65.3364505568378
547,3227,-31.654305149766735,-5.188696111148486,-21.2646449263497,-3.62617802612741,-70.58149195230547
548,6260,-40.029782344004005,17.333331246502613,-17.922690046255326,12.571637701126352,-80.4341506359824
549,22027,-13.760212000613613,-13.607628954258391,4.51539356576808,-10.174507693621733,-62.225884915757746
550,10847,2.210959746827879,24.333957770899445,-9.985500371284038,17.676812374463914,-40.97018445412037
551,3209,-22.571104446395072,-17.15642716133487,-20.487517918260522,-13.020831856225831,-62.81038883751253
552,22508,-30.38962043066428,-17.323615374536654,6.014389446170924,-14.964193685775083,-78.91391711864549
553,19846,-22.69151746610521,-18.84237304476106,3.28034508874294,-15.576898232352631,-70.37827465233426
554,28009,15.82254826622028,-18.28964444113414,10.577908681190225,-13.375890931575153,-32.845600136053775
555,24494,10.261411134052153,17.634988572585204,9.792567323948486,12.356883125148478,-38.44591251721103
556,21119,3.0898353441111954,-24.022320138619502,0.3931263456220897,-17.547227812932977,-42.74728238032187
557,11577,-18.25439015177663,-24.203599484526894,-4.578487539907767,-18.727996461327614,-63.189137496051345
558,5579,31.014626169889013,9.365484384507564,-16.912214140776783,7.07449765421836,-9.060492368183157
559,29958,10.572245435453246,-12.074035884825573,12.22770326500044,-8.908105066403728,-38.64530770776741
560,13538,-40.57162968797503,-22.6415315234705,-12.831682338001727,-16.640340004122255,-82.70724054186293
561,30511,14.049279863220663,-8.01953454105895,14.540756605054975,-6.057902371504575,-35.82966292715284
562,8655,-21.92790776641889,-23.561148405502145,-13.637147731640292,-17.430406856075955,-64.17961271208905
563,3308,-12.833512886162643,18.25618481376295,-19.021192480296794,13.849059136819719,-53.652208338205234
564,13360,41.296352522894004,-23.655371750558615,-8.59074985269621,-16.196740621766953,-1.082779921812178
565,22612,-19.224398125733067,14.924313354913874,4.430269319799997,10.582036355937106,-68.35337390261759
566,21861,31.142497370446716,-23.32427486604646,8.719071309635197,-16.06244720437624,-16.90900811903509
567,3165,0.712957350471793,17.43923002547165,-17.09829795413792,12.701599761285054,-40.41493280892167
568,12871,36.28524724577441,-23.40961216057246,-8.900378988677689,-16.034130116637773,-6.1353529066145835
569,21082,46.21014523756453,17.46090862353773,14.404144192170998,11.34632462670351,-4.208769754387166
570,23894,-33.83535883569181,-15.620660723139574,8.096408284478748,-13.589271500515723,-82.93232358015318
571,14586,-47.07254255260132,21.043131412545435,-13.40043702923557,14.922361542421969,-88.6652118679435
572,7716,23.475043285268608,21.374183322073588,-10.914242456050479,14.924072491275776,-18.94592487615524
573,788,-1.2259719637788482,-2.499813295484412,-21.540568142507713,-1.6063245432312854,-41.01149155043185
574,23869,-24.889442895047736,-9.148982542861537,5.737537909252829,-7.284546893846221,-74.93286454136135
575,22054,-27.501135157336016,-16.660776647272073,5.21873932270753,-14.017326730718061,-76.11134927999626
576,10408,27.137662294888774,-15.622931323892448,-14.971719374366943,-10.589853268379002,-13.613591486631696
577,7709,38.104807156570494,17.430849391363594,-13.32713698300305,12.596831352296565,-2.937069729176807
578,18885,-45.478548406703645,-24.19836278149463,-4.4863685764499355,-17.35576537507218,-89.6545740190727
579,8077,25.496525953734967,-12.239401462542375,-16.44070562654405,-8.210159989396145,-14.791693652387147
580,27322,-32.48202346769926,15.072769350622455,7.9521391100996865,11.403189439330916,-82.25138815766901
581,2604,-32.76660093194224,-0.519256275628245,-21.10215936678447,-0.3481629057137488,-71.56883525935442
582,3944,-30.988249582179208,18.41643268130977,-19.467552261501552,14.043187918531125,-71.68630599128792
583,30161,12.032865671261481,-9.216933917996933,13.596748444362598,-6.9416634871521605,-37.5687713223455
584,9670,-50.205946819134944,15.236500211639608,-13.11500513255512,10.016870482833358,-89.30037047066743
585,23322,-8.837449440850216,-17.11314244089936,3.970048846554786,-12.716063430956332,-56.58299189253674
586,8172,18.826678531131925,23.71047336526038,-8.607661121169539,16.592072909395846,-24.403262236225864
587,13194,-34.77884087188481,25.482667233904397,-7.785467182891978,17.730507003370125,-78.93606487841618
588,17686,10.38554117314596,24.862334926399278,1.8556996742253131,17.767964524959275,-35.9524078691411
589,8063,30.658132599678257,-11.289361704149778,-16.652462727126984,-7.680074771695001,-9.307614204436602
590,7678,3.7719904771376713,-19.84115011639385,-15.188274857296461,-14.078802234236964,-37.61129195676694
591,15784,33.11170344071376,-26.233939435880572,-3.520575779961571,-17.99776361430755,-10.871786461171657
592,3164,6.623143122920172,17.255540347380027,-16.199302259887254,12.39695092094367,-34.65648852192667
593,23300,-7.956401527121925,-19.104811490371322,3.075624196409392,-14.33360389480943,-55.200457183986586
594,24461,-20.076126846015086,10.211370582407996,5.186416556354801,6.947855059840391,-69.90974254477246
595,27452,20.174630311306238,15.323043895508242,13.637413578541132,10.720417262176277,-29.55295664945233
596,773,-24.86706032715376,11.790326531254088,-21.627104385748563,8.665231485347473,-64.58062113428653
597,10277,-28.568925264865413,25.365903242758463,-7.8505493368869885,18.071675844934003,-72.82073336068089
598,17078,-41.81241259837614,25.536566627118464,-3.2588374200339953,17.719848331073216,-87.09761457062399
599,18057,-47.260770859060294,24.060159440334193,-8.919507156191086,16.68238696502347,-90.35748958125929
600,25034,34.83590228421815,-15.894713914976832,14.71449382807033,-10.868690851682027,-15.337967817710004
601,3016,19.062912262891043,1.6975238039932896,-18.698854444394577,1.3991994807933557,-20.83757197495503
602,17820,45.157710975276316,25.05940741526255,7.668479398599895,16.657656389340758,-2.8867369889361405
603,2770,12.854556724585965,-9.409594253795094,-18.436616214504795,-6.271295818641468,-27.417201746669864
604,19631,43.824228864084546,-25.97985889599957,5.923425178599323,-17.352682844458812,-3.2273293827587923
605,19958,-9.377737169320332,21.096239888325485,2.1933427681061604,15.352596978895189,-56.58288793817823
606,15246,0.7570746686665815,25.377180662787843,-2.7348424176750976,18.277544499907805,-44.4829118480179
607,24691,44.85099668270568,5.70315365254011,17.985827782174216,3.577680832264054,-6.669957137047214
608,2867,-19.70535205088478,-18.26276887956464,-19.79211705733425,-14.037419360753528,-60.218889331259845
609,6730,-16.126267749691575,21.70141957789659,-16.475387887516888,16.407412979691554,-57.85731481624495
610,8483,7.398035643202306,23.578715682842063,-10.440307690967675,16.9118096187738,-35.55965398606404
611,19677,21.304803873753286,-26.290427481205118,-0.8602185865090902,-18.355059725145015,-23.784324912613034
612,20924,12.74511162674153,22.840829338196116,6.045257323463209,16.216061046042668,-34.798302327697776
613,7794,-26.975605223991238,-22.802897501245877,-14.88085333980777,-17.01906533580256,-68.84722050943154
614,1944,9.349343157977918,7.247178770523933,-19.320262020978447,5.29584178019891,-30.943678284123116
615,5207,27.4264213180527,10.54509293743792,-16.666551577387008,7.648335110825809,-12.82509088965967
616,2958,-25.47271918157117,18.298652909560154,-19.840153161550703,14.152507021234854,-66.19641792507555
617,2139,13.68735569691518,-1.6906989875671434,-19.34502999676131,-0.901347430518619,-26.339046315497466
618,25991,13.507036589574675,16.92482814301126,11.244692597718016,11.891506133505528,-35.49405139549137
619,23752,46.218747692501644,9.059261565812161,17.39728501822553,5.797819542747705,-5.070318837247561
620,27241,-4.334259292404081,-1.2971484545157657,8.28027896734711,-1.1705079085634817,-53.55639060440062
621,129,-16.246835075792376,4.514785636721531,-22.784601993752155,3.277784052889074,-55.76653312561512
622,24738,7.946379152255988,-22.521768519560233,4.291558710726184,-16.419147579929497,-38.94269632484086
623,25954,-4.591528572467032,9.892738164427161,7.387182828367509,6.466955082503667,-53.48238640824346
624,26123,15.902229850439427,-21.612710062967807,7.823764148362788,-15.641779187971622,-31.925974617503346
625,25952,-17.707302817132042,7.333755586426517,5.440429101962953,4.7237450752594246,-67.53220604569576
626,23020,-4.959528429207598,17.173031229737504,5.149516833778813,11.760827711402507,-53.12893391930535
627,7978,-20.03254509202724,23.06277614468498,-14.821134120280373,17.17358942795826,-62.2197605799759
628,21034,16.923817611157336,-25.940243934254383,-0.33770034174497776,-18.38631994109626,-28.369820000757738
629,11024,-39.29249856755045,-19.05718228394863,-17.491902951116693,-14.468326364920474,-80.03768035014876
630,24805,-24.204566069552804,-2.8781180568989297,5.979453804188676,-2.50338019842774,-74.91929147619689
631,6493,22.82304522001161,19.735580407484317,-12.269919662717585,13.869325873477443,-19.110325268560636
632,22810,30.91168572958077,19.177204004287805,12.695328933309973,13.022590741772547,-18.74381419468046
633,8138,25.508440841899144,20.857692159399857,-11.060835282583856,14.730718820165931,-16.66342778261914
634,6403,12.72424718010953,-16.105319793770423,-16.086359842534534,-10.988477609768971,-28.357814835257106
635,15657,-18.12230374833371,23.440607341640852,-0.6371337313472497,18.230239328556113,-64.52694103194193
636,19440,-31.223789740615054,-20.299675453153952,4.454484346919778,-18.215709057968198,-78.498812759305
637,7425,-30.66661762201209,-22.744211459129495,-14.615785256923525,-16.950825441652437,-72.57104050528329
638,25978,-23.72442786309248,2.3716353976634186,5.926002493228791,1.1895026372903703,-74.37552223786832
639,27385,8.893832943040712,12.834586398365767,11.604517499590273,8.845682973680615,-40.293204265476476
640,28323,34.84145639189606,-5.340595760816119,17.859845693781153,-3.6832848754690963,-16.508752798830827
641,5576,31.96634644124221,-0.7032549130401887,-18.33744757222769,-0.1265904511359213,-7.505921728671841
642,18291,28.745307680424208,25.59624047258235,4.639513758384273,17.684908064157824,-18.398071889548703
643,7013,-41.810594615023,-5.125951010102092,-18.005901525737308,-3.5497650641660945,-79.89191651194344
644,997,-0.4547845682481665,7.73018396050247,-20.769039249875217,5.6475828119131455,-40.50344359505334
645,26270,-5.8057568522192975,-4.18784424165125,7.690497996840163,-3.164727087257185,-54.90539669990231
646,4256,-33.19812987266747,-7.087060973295778,-20.79092367170984,-4.9203031011891945,-72.15193888905513
647,24430,-10.970479584116498,11.18214842494081,5.662132365543109,7.400173082508618,-60.018193014498706
648,2576,-21.153763022613063,-16.07095923433162,-20.843410800046165,-12.01811372984279,-61.258919136853635
649,30191,13.519090909497974,2.665472209213875,15.204436960105458,1.6901499868126486,-36.74694251749145
650,17917,-42.43117084208654,-24.299412475443354,-6.157196295356886,-17.3615358278846,-86.36006776697292
651,844,-20.339098806442664,-10.679893109417874,-22.05623851164535,-7.692659120397244,-59.94278496163646
652,9354,-19.676358455218214,24.447974503522477,-12.334070227949951,17.753233427193013,-62.660428312201574
653,19711,32.717128026996264,24.311864599913022,7.867833044661399,16.534805527030596,-15.473401489632947
654,21387,19.200018273700074,24.367190240820417,5.651377980407913,17.09220513531223,-28.16498863836405
655,7188,14.720311083956986,22.725509093114063,-10.327998471233748,16.038926928000446,-28.093844256801106
656,11292,-18.04736867581579,25.258321602594954,-9.590112252914565,18.277749050533938,-61.905957354913895
657,9678,-51.6573979041081,4.469462583890705,-13.287715953899411,2.9040508620723386,-88.36279707420113
658,18116,-20.116993391428927,21.539007723555546,1.9297282716053314,16.703271823374706,-67.41414891825325
659,5618,22.664518417297206,13.160175174447867,-15.965467182739166,9.397579371771565,-18.01734617175296
660,17420,-34.90140261534631,-23.231790261268635,0.5288532425400512,-18.679993239100313,-81.10461466319504
661,27574,13.045353918879975,-21.89315448558776,6.700239662629551,-15.915092226071568,-34.420987614439866
662,2558,-14.951574661593341,-17.719383986555933,-19.63363887388914,-13.42235547411019,-55.37577612405321
663,9431,20.722789311653976,24.570694685992894,-7.100311444403999,17.14195856028296,-22.84739491773237
664,3677,22.533533324393307,3.350614879952044,-18.334912725332455,2.6189993011123462,-17.335676554006973
665,24435,-8.673856882135686,11.423915049464723,6.07733947538858,7.53908932893251,-57.53966573208248
666,7476,-44.85048509065637,11.11409941355114,-16.383955231469916,7.491767637650924,-83.42052578050797
667,24489,7.9939887465244075,17.921362916753747,8.88199471771175,12.500596856391189,-40.44887519507234
668,8063,28.326351738371457,-11.488469505591944,-16.613525015528843,-7.764936441801456,-11.766066698466814
669,15686,-8.529132106871177,24.288065142397922,-1.6082150085767764,18.031969775721272,-54.45089111463561
670,19631,42.48671855158723,-25.8085106920194,6.035690257268963,-17.313970432540113,-4.644311998913662
671,5128,2.0400449537090983,20.672710071523735,-14.577666134601671,15.016033901862386,-39.882320728600185
672,18515,-48.91146009795498,23.5648484907276,-8.98892424131745,16.560761605987558,-91.83461326389234
673,898,-21.978156883043976,13.204297101153465,-21.480582948043324,9.891066974242978,-61.962476030655566
674,11389,34.54386561535773,-20.448020553020047,-11.78371387461311,-14.051651498611342,-6.9286796257460175
675,21949,37.02825288857344,16.4890206197212,14.687590152250264,10.98169905509671,-13.289446057399406
676,16836,38.059240016029676,25.67288947709382,5.909867605332927,17.35796809345051,-9.369325548479484
677,23750,47.67449916209398,9.62261726713516,17.262937857869158,6.188327608186282,-3.6654576700590695
678,10624,-52.75316379524809,0.05533033842677169,-12.689239585946483,-0.007418458437151,-89.2334145932368
679,17543,-45.616558965127616,23.94115205666218,-9.688857944665564,16.708226529161813,-88.56030128089672
680,9987,41.69097373418667,21.95303662056685,-9.460874746716721,15.83418170736423,-0.5797617351878414
681,5994,36.992333004015755,-3.672382526359437,-18.170724161301695,-2.4546996098277045,-2.3729671623126394
682,28952,15.348917563635466,11.498003272522814,14.141327658523688,7.962088479760397,-34.52031694784532
683,14897,33.85265365079104,26.561419558802637,1.062973077933185,18.306868128748814,-12.035432197960418
684,30568,18.15628195053807,5.998019109094843,16.10751622104696,4.05964074606675,-32.28102936169413
685,3816,14.131007832467482,16.024347350074326,-15.533532149943476,11.437969099532873,-27.143951548352955
686,12231,-27.542939837492813,24.48128832029543,-2.010489861732064,18.79957894121777,-73.63482858862186
687,1155,4.324653118574582,2.5072113816744412,-20.702093901182025,1.9270860838412047,-35.522199958365604
688,9403,1.8060850673679483,23.673707647927277,-11.139262354308899,17.242760001025736,-41.0843917451286
689,30043,25.14070151040746,-1.8607798452072823,17.56495230562282,-1.4841300124722279,-25.8187986864176
690,23555,4.714421796511479,18.872581953293302,7.145794680407745,13.07606768305657,-43.33395389134092
691,19397,-21.399255817325272,-18.880450177037567,3.1130500354342545,-15.246199233916151,-69.06686518361859
692,919,-13.34556487657328,13.135780078041822,-21.151312858653817,9.734128577105851,-53.497240206388426
693,12817,2.6350680783339104,25.51394167402421,-6.692202545725186,18.439390456883938,-41.44101512676861
694,5562,37.82525276753732,3.3386480611846725,-18.115445059649034,2.8024625131923626,-1.5836021301385457
695,19224,19.226800427809565,-26.072914941622997,-2.869748664464529,-18.26091233053744,-25.334344080079376
696,28621,12.326845315909644,10.862760794850695,13.40811367215615,7.522746944164511,-37.383911281845926
697,2420,16.6924999852017,5.074823896528579,-18.623239853669286,3.7309934162603278,-23.421303067976275
698,8288,-29.869932345142285,-23.87057757175068,-12.101996154478845,-17.407934564130773,-72.52515580269208
699,15256,2.695355877797786,25.641055014222825,-3.198758906892096,18.424038559044,-42.38070630635636
700,10824,-9.383581727405781,25.11686164006753,-9.201298375615682,18.42051053790545,-53.149875903445725
701,11911,1.5151825337791494,-23.133116270912105,-12.121011511316286,-16.74938650490821,-40.84151858515724
702,23702,24.023375213186185,21.556745493671546,9.966689188531777,14.973383660841012,-24.67073785950823
703,28019,12.005476432120483,-20.756528962049074,7.579253079290807,-15.10699533744325,-35.71482948655075
704,3905,-36.46003946737713,-1.8463689730992576,-19.995650544040352,-1.2890074157805393,-74.98725734699954
705,18656,12.471120215535327,24.426170608830724,3.62568936485262,17.34920995550506,-34.34531640397745
706,1150,2.4773198047867875,-5.488006097082061,-20.75415237586391,-3.650781807865323,-37.41048866101836
707,4283,-37.58916914992391,12.460976451256219,-19.353350814700462,8.742562689063064,-76.8840853543905
708,9761,-36.684039114795034,21.817006193297242,-15.956017772650616,16.25135164968881,-78.40093541705889
709,17838,-3.034863426318103,-24.036363713340055,-1.649776860320548,-17.911394468135335,-48.46987455724647
710,20976,37.20768293903133,-23.56343231169368,9.139197074781059,-15.897569715135544,-11.06177738981562
711,18857,11.776021137521843,-25.805588631398095,-2.592936441746211,-18.45273732397444,-32.91741081172759
712,29080,21.86647910118472,11.420266846140635,15.505588732895337,7.9147689083281545,-28.371573827101624
713,8130,35.97996595603535,17.925356585165495,-12.918583819639865,13.010971735442578,-5.216824788685832
714,12772,-10.476062647236992,25.21636998377031,-5.408772926616166,18.659501264234358,-55.3678323593998
715,23370,-11.996904983738744,-10.891710118264596,5.386274502969539,-7.956014077467888,-60.81489978021754
716,9619,-35.83960948896161,-20.961778271984553,-16.56132135753464,-16.110404386851126,-77.11565386925038
717,11373,21.30432023076416,25.377318966169547,-5.312632892854068,17.717430653557678,-22.823654585706514
718,16693,4.567467268154448,25.350403214727752,-1.3904406816328914,18.190317842158215,-41.00017288896394
719,24909,-12.79881857409018,9.626520785720881,5.622699061112124,6.347986351137706,-62.083612368186394
720,26361,-32.46332581025971,19.470785372018398,6.769938698935292,15.902928921504193,-80.8790376547123
721,9377,-9.648033976421763,24.194514521827315,-11.769825477226062,17.829781579288433,-52.64783148441437
722,9980,33.959267348987716,21.819456216413506,-9.584222267787574,15.633605587745443,-8.475013909851555
723,19273,46.143660835457354,21.991513149056857,11.25635399067589,14.475728032335551,-3.2250190599763053
724,8757,-48.95434969646495,1.7231782542615786,-14.697684736501543,1.0282062843657125,-85.9916605842491
725,23759,50.574705930384276,7.315981327068111,17.749497785764664,4.663421584852049,-0.9474577001137164
726,16769,27.034855463671384,-25.810161060738075,-4.523579500541637,-17.806343147369837,-16.84201424022967
727,16586,-35.38965172658603,23.203012342613096,3.603157426654178,19.0151875381372,-82.56744747069743
728,19954,-7.036759969308146,21.6222250080372,2.0310609918217395,15.702387092004766,-54.13581775350317
729,7490,-36.843305458781316,19.29680734431417,-18.094567696433813,14.490713222354572,-77.844522275842
730,4206,-15.994314842779762,-19.746608871681786,-18.430239309723092,-15.042592019100145,-56.82051988903226
731,6967,-33.37712790795208,-15.332376886114213,-19.994206792167596,-11.377847779660236,-73.14664373858842
732,503,-21.654077548630404,10.276174314451195,-22.056139555948434,7.548194111143981,-61.353448947739395
733,25638,24.613462399851095,16.620283302743925,13.64508490115742,11.466165059622806,-25.207395563410127
734,22046,-23.168387289020867,-15.177420306733655,4.540804340374838,-12.159193726064801,-71.891148710263
735,22206,7.27714331010379,20.437306153083014,6.8132632374729685,14.367154535991963,-40.61295144416659
736,5575,37.01528315922294,0.30859990857414077,-18.319784686925047,0.6465697762639446,-2.241225663984018
737,22038,-20.881306605427163,-15.246344770826225,4.20548153520891,-11.914267960197686,-69.44388672127765
738,1350,-28.408881595939587,15.66801997266303,-20.54850312362523,11.78700310858112,-68.56669774500737
739,11287,-20.518170624985284,25.470348249519102,-8.410677198559299,18.300837270180047,-64.69239812862342
740,5570,29.119077576015176,0.7379034377496401,-18.31455519289877,0.882890772300519,-10.484903877107758
741,23975,-12.922840755707217,11.63395344474989,5.276011107254652,7.775192321289458,-62.10200110967463
742,8429,-17.7829371444713,23.09365575415029,-14.610074968976612,17.211611062257266,-60.04042405721096
743,13765,-8.903313765547344,25.058151833673662,-4.292888422586318,18.565207408354556,-54.05741424662736
744,23913,-30.799026239708624,20.544558608211336,5.519542982410355,17.06381027198572,-78.74237771133122
745,17710,18.481729146210096,26.167091245966624,0.07338480918180909,18.36138304417002,-27.267258892740063
746,27192,0.9186083803366314,-15.710243852135285,7.1291641880527195,-11.322315427169027,-47.20550087683224
747,15308,42.08934344808005,-26.213337859261088,-4.231236765497083,-17.83899620646771,-1.6224882671257412
748,1641,-6.282554285769567,-10.868176609241175,-21.030252491376874,-7.6354735552369295,-46.26246558638755
749,6156,-23.211277927788004,-21.61000289758226,-16.969037631948538,-16.565917244836058,-64.50222530337807
750,18466,-26.841963833382973,-20.35815903803545,3.1218544002354247,-17.601765076096655,-74.00906119692452
751,21452,23.90433130491959,-24.866577259419405,5.123485133908543,-17.454207221538926,-23.07990950746995
752,16833,36.91598101962406,25.62603574320135,5.662853779441232,17.44275533283396,-10.567106907846426
753,834,-7.510108874657291,11.56356729178712,-20.957397254660957,8.43514763462023,-47.71090646801912
754,27936,29.829857421407162,-8.285785690417734,17.02756161217833,-5.895565865724838,-21.01521576140648
755,1014,0.7490839914325893,8.740340838838714,-20.388136826838128,6.3107518754524285,-39.315533527075026
756,6899,25.57035145527398,19.13546107676584,-12.437464333504721,13.58276611414009,-16.22967396418917
757,14415,44.17593637399563,26.63347990147403,-0.06295845075342328,18.338479968839597,-1.1776011029662925
758,11992,-9.845090192595094,-24.865207846630682,-7.1914951868895605,-18.635979287958122,-53.82773530694767
759,22877,3.0483037076183335,-22.97299034406481,2.098047971635784,-16.735043902560253,-43.36190374311871
760,12378,30.13428200887475,-21.969451827810207,-10.434930091545924,-15.076636065890739,-11.949647116519728
761,10893,33.06585318191649,-18.34475435347164,-13.329591696851587,-12.595122720219894,-7.9766469442912005
762,11809,-4.7543316056449125,25.234299744883064,-7.949412871410182,18.506402912233483,-48.775743928925415
763,23825,-7.304552320730089,-15.693314960276226,4.871189921297761,-11.47817195422775,-55.36148207432595
764,10035,-11.67537494878025,-24.622264336188117,-9.753069107521354,-18.372150036082726,-54.96816515045314
765,16346,38.61624356480609,26.259065804910357,4.584915214844441,17.756397213929542,-8.321469511488765
766,3426,17.922590096707218,-7.225856326965122,-18.286459517441312,-4.618681216871886,-22.176865409037827
767,28545,1.5793602030272622,-4.467414863163146,10.296034970555292,-3.371422834802422,-47.6307671142966
768,11184,-52.32940758182098,-8.90880933510338,-12.670028305690874,-5.883208130391673,-89.51917634513735
769,23398,-25.071652816839823,-13.580591580419851,5.271178096042979,-10.947363509734924,-74.42153115400745
770,7658,32.58009700291487,-10.392489113612848,-16.951385591226003,-6.988953218310522,-7.206998656604216
771,3589,-35.43664017139777,14.949100307943418,-19.61144578713729,10.999378832186999,-75.33624408435028
772,30391,11.085335659614227,0.18812848119446035,14.467491107180201,-0.16122842171209792,-38.93305701392669
773,1178,3.0076541190541857,-7.205187720466401,-20.435898903618373,-4.817680111100586,-36.95717014743015
774,7572,-10.819559663750399,22.955118130264243,-14.264502401619119,16.9499211113387,-53.043966095428736
775,20676,4.488422228093118,-24.292500132851572,0.3786083694752354,-17.70670036964024,-41.30086904956957
776,24417,-0.35540206008677927,16.09980886488353,6.890396043867517,10.955766272470802,-48.62760315163035
777,26094,20.819779718175845,-19.363713385572346,10.94024729967391,-13.924477424531421,-27.973488077523793
778,27498,27.262416543200185,-12.470945688597451,15.555206269723058,-8.896540194324139,-23.011810632739728
779,23064,-18.421318623517823,13.689212158388099,4.647481230665575,9.479566024223477,-67.63639787071293
780,12703,-37.30440660732401,24.798332462054436,-10.543549227309661,17.17387911220333,-80.53161752952214
781,1828,-17.572549646423607,16.20146230447865,-20.548726399844035,12.316030590606164,-57.97281349935338
782,12826,8.213527155441295,25.388599671117664,-6.474021237443646,18.18748228096136,-35.85091353258296
783,26822,-29.28911211927615,1.7110710554168562,7.579001661436908,0.8824111986203843,-80.2811298494499
784,25519,50.030708507976485,-11.859930832428196,16.662518874059952,-7.654981784438587,-1.0562205529450224
785,23510,-13.608527702388004,13.259089268842489,4.845648276168157,9.069070274137065,-62.632734774764664
786,11305,-10.781482675689382,25.296321906853994,-7.803700469016835,18.611654334617427,-54.95831903293072
787,22391,40.23055901880585,14.304378618908531,15.751560188962008,9.391441955242483,-10.523883943469366
788,24070,49.77467254479456,-14.994117323613397,15.670506265899764,-9.625678648961799,-0.7840005056879416
789,15148,-34.02504724209864,24.22911122441598,0.7813067058519355,18.740425470845555,-80.76892912004071
790,1777,-31.105150244800946,2.1435975348277614,-21.498650622814583,1.439953648653936,-70.00082927235083
791,16652,-11.357536274145506,23.76367928704064,-1.0793948180812376,17.954408442491026,-57.537521567330174
792,13564,-19.642433751262875,-22.825874177893162,-1.6273048349059542,-18.63493448678521,-65.52096843493732
793,26559,27.668302785398662,-13.916080833577194,15.008728434707972,-9.884109151567937,-22.418093614438057
794,15307,36.79608324526958,-26.253975672588375,-3.9187424108505073,-17.913349548416665,-7.106741322354816
795,5738,22.549386633364097,17.82771196969558,-13.566215898302437,12.627987823314337,-18.99081408885163
796,5028,-39.63173128884433,1.57453393466018,-18.864634820177677,1.0302053444488535,-77.87733928921755
797,762,-10.678556479731235,12.034172413548069,-21.202950073731717,8.814068844652173,-50.78405614438101
798,11654,-46.45812697390225,-18.172644335124684,-14.799444771364428,-13.322597988839574,-87.01170293400426
799,10198,-47.17880256477352,-14.20694998301389,-15.034102366384108,-9.976157548041819,-86.1381582731824
800,23859,-22.15637328108466,-11.016785343322976,5.129616280297394,-8.573577947544955,-71.79467044659891
801,8581,41.11963660639083,19.188099787969193,-12.012986217280552,14.063164924271652,-0.40434950116818674
802,27029,29.322502251416974,-12.14911563824027,15.836715562631602,-8.630194336297006,-21.084529499904843
803,8542,-6.275196790747353,-22.15218802359574,-14.540080730916486,-16.340524863952332,-48.07613933461703
804,10202,-48.9464386482969,-10.087069352979105,-14.410421850346623,-6.8568596041167575,-86.82190453223714
805,25250,-5.327656300133773,-6.185590386518212,7.632493335454941,-4.507850552728938,-54.31327263764815
806,20560,25.870948845952732,-25.59831299637831,3.892785823297975,-17.837820528732912,-20.67938008443241
807,12992,3.167236518853067,-23.723343936560855,-10.890471420908938,-17.16914569703787,-39.477166585397256
808,12478,-4.931687216920417,-24.682903831900287,-9.082058191290649,-18.331803490151433,-48.26692864923968
809,19092,-0.6188044084293683,22.788036129264132,2.099822459226623,16.1519656282833,-47.44439221715902
810,25156,33.11488282990555,10.590220313980483,16.779456409540664,7.02726530590312,-17.72742436286199
811,19981,-16.980401148976274,20.165811225211137,2.4491546335102328,15.107217593145439,-64.61670503379497
812,9940,-2.2350420390662395,-22.347552778831883,-13.641501298754488,-16.34708089906038,-44.16742858020301
813,8130,32.98080986843653,18.094739458215212,-12.866677074334927,13.065882568868767,-8.385462422722103
814,4221,-27.93356486627849,-13.304672860534184,-21.064105994709152,-9.767035502539127,-67.63353690489353
815,13262,-11.54756598367795,25.109702668602825,-4.908979935306785,18.658857764490747,-56.62681123701613
816,18249,23.002819983644738,-26.18585936050352,-3.166612562923075,-18.12893711375739,-21.36819197648942
817,13108,-42.74051331659516,-18.83094164101785,-16.250298150644863,-14.231746655286777,-83.60108574382872
818,12648,-51.13788716195665,-16.923699960701395,-12.252543004297157,-11.784097904941163,-90.90620969968433
819,15909,3.5344113550711365,-25.26968601232888,-6.484189045008666,-18.408956800922244,-40.222428165131475
820,2181,11.861079296934355,-7.037385225054528,-19.064365063931724,-4.617225695620402,-28.229893472275997
821,15002,-29.380116135538866,-23.220977764739875,-1.306739596606672,-18.81268953404103,-75.3509141501732
822,3678,20.84378351745118,2.8107270278241803,-18.494337455663725,2.1814877399330173,-19.08627182328631
823,21522,49.72823316198286,16.113306875208952,15.154904260986942,10.32359016868956,-1.0221307250591358
824,27511,24.67384641071779,-13.630428256325118,14.912281866929016,-9.631034931671227,-25.539353917303295
825,17706,17.135754363487273,25.93965311537394,0.8779240511360977,18.279203553023937,-28.7828549698787
826,10397,30.685234959186403,-18.168830073431987,-13.546201967896419,-12.357254514599825,-10.36419443204192
827,3469,11.94331124752257,15.467467133909834,-16.22163472815249,11.013505208662613,-29.210171252301727
828,24191,31.981144514638142,14.933732159009669,15.141921556463455,10.050793613509835,-18.416920783117988
829,8030,2.0222878840332195,22.979449342546445,-12.118714601871671,16.724456568414958,-40.64560852095643
830,25457,-26.39637531542535,8.36916485044578,6.303303338988838,5.704833605077546,-77.07873776738087
831,10782,-22.028598923663196,25.229179406185022,-6.025441857387681,18.50118046863383,-66.92653290462678
832,13368,29.49173118316432,-23.44583852398089,-8.826505782609026,-16.073646226077678,-13.059584177942078
833,4338,-17.430611221439587,19.903635953641015,-18.459217241365632,15.264779210815163,-58.57492831927414
834,29357,13.52931620122936,-15.68390662519255,11.58579114684281,-11.508652305344437,-35.42955175075284
835,10163,-48.71661330997472,17.87291057518381,-13.545663834830632,12.156390170922355,-88.96562652074034
836,26036,37.08732280329334,-10.967616439594847,16.757209654606857,-7.438602562892877,-13.85435697725326
837,9105,-19.89296929300397,-23.85009230375778,-12.95337810304393,-17.62917480718688,-62.30782104759318
838,16407,2.274285070783166,-25.30576615684314,-4.887783805812222,-18.539433778263906,-41.9484765961619
839,21939,34.4887157755472,18.92180663904415,13.16184708225569,12.713045326658571,-15.289313964894816
840,4124,-2.9840905387598355,-17.587723152281797,-17.897372932215536,-12.6699754812698,-43.81996291429136
841,7623,39.415886048376436,15.253262472735763,-14.309682880033211,11.463644009004579,-1.319617018739102
842,17208,15.2723374619745,25.90986421384662,0.4362483505887915,18.303429331013987,-30.521839209562557
843,10149,-52.09791529185322,14.354313055206559,-12.137888999376322,9.306215378115374,-90.7032149390983
844,593,-24.827305406958622,-2.3339479556629548,-22.56318455253742,-1.6414571330235748,-63.984995752048654
845,8895,-16.79015646326753,24.174183421900583,-12.928281878175415,17.688840656139817,-59.54681450239476
846,25064,24.562835121989444,-19.798129539384774,11.267617526076176,-13.989193931806604,-24.2928998355495
847,6430,29.83057887664619,-7.296141006020096,-17.695780048519484,-4.812017499710398,-9.827858061082003
848,15955,-41.06715081884884,-24.08363822224392,-8.120081448560535,-17.210092813974132,-84.52612195457894
849,20742,-22.850672965664614,-17.255828970365066,3.9402297461844555,-13.977703700013748,-71.0807172730347
850,12708,-32.45962276522697,25.629338378229665,-6.37345811309471,18.075617961294164,-77.119672249179
851,5561,30.966689015770736,3.7283345961202072,-18.097728529010077,2.944749741111209,-8.53070540917264
852,1982,-5.367914098927012,15.34082095284417,-19.38818045040227,11.228215455793444,-45.97445603314945
853,3668,20.704907361072788,5.703739657525983,-18.147408804226057,4.2229957291822995,-19.38071711653817
854,19941,-22.78653358276508,21.045784422529117,2.7934353842413606,16.461461114885484,-70.27217468274334
855,30480,20.1018828535655,6.010994716593555,16.453576362069036,4.177785927576535,-30.526916545607868
856,11498,-8.044519107990359,-24.796332135664198,-8.536140294174407,-18.481903597614547,-51.62721801793405
857,3872,-25.271096038674486,-14.888586805398706,-21.018080193754585,-11.055990641572011,-65.15235442454522
858,24042,15.926700271720282,19.36932931822138,10.21614746255104,13.70963850429612,-32.82224023454194
859,160,-20.1830682649901,5.373287058460695,-22.70842205053066,3.8950979488816793,-59.62391050832513
860,1164,-8.272300076660782,-9.40222081392721,-21.591671492008707,-6.592121126690983,-48.13674290661525
861,21017,21.295166801190557,-25.72863005946152,2.4030738928746254,-18.101623318151802,-24.755499597016428
862,28884,-1.072940022749636,-0.7031209433757707,9.444313729054313,-0.7155139500477966,-50.31749600426659
863,24624,17.269539020277858,-23.906754113728738,5.2582687217769,-17.148478745130582,-29.68671675687413
864,19089,-2.7974037032979497,22.81123948062899,1.6674977750159496,16.269375768418918,-49.5398999918972
865,27864,-11.031040459259287,2.4002765138518685,6.551630472948528,1.2843837100830773,-60.50879992055564
866,21330,0.34667290862540395,21.172806392535332,3.974994087536498,14.833893805082397,-46.96850463448215
867,12696,-39.08110891623569,23.228121181426264,-13.239982831031938,16.66250739207333,-81.35063580391754
868,6347,-3.0396054189759254,21.63800886752734,-14.600820965251053,15.879819866483505,-45.01774010933977
869,26993,44.190284873704016,-6.580650737498241,17.80505217098655,-4.386854167499812,-7.331830319075211
870,41,-18.369858086982653,-3.525027290173172,-22.88769495352235,-2.3839356947175294,-57.755909587979474
871,264,-11.174012082605044,6.789997670164603,-22.258800933953417,4.955581078461556,-50.95261009048479
872,28580,2.2028037158551226,5.320349980486101,10.569898483095013,3.2876221362881677,-47.048879796387155
873,9332,-26.12538293958883,25.004373967121694,-10.751530732905314,17.730205826393743,-69.54911366013044
874,16373,-0.11025856839918041,-25.041867256883958,-3.9898979789496645,-18.46385317790054,-44.76941094940253
875,8780,-44.2078688405324,-12.257997153018783,-16.70468922118799,-8.661465234200415,-82.95346628231424
876,25495,18.20043801093238,17.75131054854299,11.93053682210194,12.44776052676666,-31.023662524049403
877,25518,39.946722127325664,-10.368895406089873,16.995606142734722,-6.884588267584446,-11.202163744806539
878,16712,12.398280468283751,25.817049640847642,-0.5450405469823734,18.362113959630896,-33.18013322302217
879,9954,9.232831575407788,-21.041425896629377,-13.28607896754766,-14.749264374099033,-32.58997288386105
880,25050,29.997147538370196,-18.059507611901854,13.08382458737945,-12.578771555896619,-19.572715853155344
881,2831,13.261020474728705,13.849043836981473,-16.7525795215711,9.826046263283827,-27.642934920199256
882,10489,41.06049955773013,23.562666727236227,-7.6139465762521,16.679580725662916,-1.8342533925759457
883,22669,15.064693344548466,21.093276782087685,8.504940008055993,14.973481238120524,-33.25652671485615
884,29107,27.221384824493406,3.712199643638303,17.638645681854793,2.409513458224602,-23.883793278427515
885,14830,32.969343217101944,-25.669086259031808,-4.929309445806773,-17.66033243853926,-10.653577983650877
886,17451,-16.790652872358567,-20.921093878152828,1.141284137157766,-16.879112802262803,-63.56433045232278
887,4082,7.889227934897252,-13.902040454436396,-17.856421676796124,-9.523529297260994,-32.75872218695962
888,11765,-21.325524662929055,24.879379158362283,-3.697238011285414,18.752779348892304,-66.89166929811427
889,5567,27.812436923499757,2.058006294025848,-18.255397997306314,1.7320991515367279,-11.81373211653419
890,14921,-13.752225852315645,-23.5961866937843,-2.6699845116711454,-18.537256209768145,-59.16916559879911
891,10465,32.410337546655995,23.060796730691205,-8.396913138198821,16.30140326455685,-10.483252582085152
892,6793,27.929856761586098,13.31858575411809,-15.592685749759276,9.650768545525874,-12.708909327058368
893,7853,-28.50278376757865,-23.794989485849463,-12.614404972014166,-17.360857778683737,-71.00950133214627
894,7703,36.65929247415577,16.95407326659624,-13.537070447162524,12.369217792052737,-4.386341564747636
895,12936,42.27501918198884,25.93805752829031,-2.9718617179888165,18.09114976756296,-2.1294748312096377
896,2147,11.635666128769383,-4.267988251469169,-19.46017442767816,-2.7534744157910653,-28.38822130604625
897,23155,44.84836807862225,-19.171414557244415,13.517060366323948,-12.388927669860253,-4.98355003223536
898,877,-28.171741105146896,4.919276531590891,-21.984210265362023,3.515749300383592,-67.2152113450914
899,9382,-6.580757892694749,24.221294565857548,-11.51730176539368,17.758293732228054,-49.53716733865197
900,14894,32.15253407283316,26.456236596072465,-0.6621805055613024,18.325607224682194,-13.152699620910088
901,436,-4.859692333397281,-3.643054284813638,-21.949472674707337,-2.3549189130410824,-44.60987664340049
902,13557,-16.299555285539277,-23.397163141183302,-2.491248630470115,-18.654168976825325,-61.7709500848909
903,6806,15.935468660720746,-15.19756108236233,-16.02913395011049,-10.297739097460429,-24.905235410241353
904,28510,5.436765353570156,-14.793099537396424,9.219844300202704,-10.767741015528522,-43.03349897093175
905,16835,35.38833178385861,25.534328699366494,5.708230297683299,17.42794258004229,-12.169501044324878
906,23619,36.9552764087902,-17.975925701587553,13.730047415190224,-12.152727726692802,-12.917421934712014
907,11947,35.328699145087356,24.91547051259731,-5.667929071352816,17.441147111003303,-8.262624510496064
908,23835,-11.94044360903369,-9.231824616203763,5.669470404088315,-6.82554801330148,-60.973709204126095
909,28652,33.5737434002089,-4.32371893639329,17.92919649434189,-3.0012917570729254,-17.784993129388333
910,9452,19.226335248396715,-16.395291570552317,-15.078621479432012,-11.100042118475479,-21.719582883550828
911,4900,15.362052962285928,18.80375917733043,-13.730715810799955,13.274498321791349,-26.324511635689383
912,20576,21.701897009614065,-25.986007176049597,1.37042631530793,-18.24819141888354,-24.044364103366178
913,15782,38.55525181223679,-26.433609932882128,-3.029195331166776,-18.082756494138685,-5.630415957746122
914,10800,-27.11428235253804,25.095041618209265,-4.15262271102619,18.575817627714123,-72.59442553030678
915,17570,-45.76205535403517,25.170052151438536,-5.939972354914249,17.137037213213937,-89.87060293520284
916,1971,1.2957010592298317,14.20780337694867,-18.63172643154169,10.28635361996318,-39.41078130470616
917,27685,0.27688175765740686,-7.2171137492208,9.39755579275475,-5.261838874134534,-48.73313301259136
918,18625,1.254903297589953,23.355231864257398,1.8966935961056883,16.533642025793146,-45.39689293916756
919,21839,39.35421658497086,-21.232785453451466,11.559334220960807,-14.236453058577393,-9.638706145796972
920,15298,29.14121398546612,26.327857248082037,-1.0825651034781834,18.312270104607123,-16.15924616518478
921,10398,29.290510534540825,-17.70106722492235,-13.86085553347119,-12.006943067892069,-11.706832782385419
922,16928,-33.06311103492009,-22.89707516329028,0.6321158185734975,-18.814488145114723,-79.3993590736986
923,27459,41.56491457521389,-4.037324732895991,18.1328516120816,-2.739188511647101,-10.005221814140404
924,24696,41.51689666525153,5.1913456627567465,18.034040142899173,3.3220087419316253,-9.925663135114737
925,25410,-13.590360398967553,8.288246672263153,5.701845310180834,5.348318710270921,-63.00049137488112
926,24352,-27.24514300290191,-6.882304270706609,6.4999083605525705,-5.582241997977938,-77.7408519652293
927,22605,-15.662600794088425,15.101128938351312,4.263069255336949,10.578147344170063,-64.5265339683595
928,10888,36.30208043013159,-19.15057471495127,-12.663431198208325,-13.26469806128424,-4.758968688794576
929,6954,-26.048966412015155,-22.16742939264147,-16.009427417397255,-16.827716187832365,-67.61132478366024
930,18842,9.65789940678961,-25.49134456842455,-1.792423137260147,-18.433282371922246,-35.33948277385642
931,21162,-17.819326722793278,-15.931785534379674,3.736009317105295,-12.308308099108348,-66.05710014962396
932,24724,-3.6826695913105194,-15.011284427831047,5.990220806303986,-10.852794120525232,-51.83845528751151
933,24873,-33.21664440003011,20.602629300072014,6.63195580346294,17.21675687972601,-81.11502246969798
934,20872,-15.817835088434201,19.028820675145067,2.9401069282307173,13.926764532477248,-63.754341230203764
935,296,-23.619304542502345,4.18855366870219,-22.5932460358058,3.017437531265717,-62.90910918182978
936,9802,-27.38522958441299,25.399514964569406,-8.241066895043403,18.05057895396884,-71.5643490840507
937,13351,30.862406554971116,26.056134532374287,-2.720920678527289,18.13658002020001,-13.856733697282495
938,8325,-42.93933776143718,-12.971935252350939,-17.252348330265733,-9.248834121802716,-81.93976557071099
939,6583,-30.332663782393016,-19.252250218116725,-18.937358195039288,-14.922973456114729,-70.93524484842729
940,12747,-20.151359050569837,24.5665335468043,-2.764338405252334,18.80287425235211,-65.98534715663526
941,14782,8.741810883874424,25.825119303173842,-3.3324706099344366,18.485787945123278,-36.13401674787786
942,4380,25.125962536994518,5.454672715095967,-17.913638247730844,4.12064007974152,-14.82000305155287
943,2816,8.054145437732258,14.387815306337101,-17.394001896079033,10.299769435841835,-32.81547993743282
944,26246,9.026125127752435,-21.889210298040652,5.465619537749935,-15.91679845784408,-38.1998963788012
945,25432,-16.05728447153526,8.564224676079741,5.420749847642101,5.544338403918792,-65.61818090120883
946,22704,43.410026805100664,-19.253230003341926,13.316094932902423,-12.609163088788641,-6.284889406256948
947,26198,49.27060676074602,0.6720183788410408,18.334788294110275,0.28304825653517013,-2.504569051213254
948,26514,46.21254997493878,-7.286911107614575,17.732741820575356,-4.671386088354188,-5.278326335156403
949,12347,16.17112903570061,25.546823880325483,-5.142554001792053,17.991666896057318,-28.032772116321507
950,29127,28.69371231893289,1.0877980149666724,17.892642975902444,0.6677856046853728,-22.473631866881718
951,3114,-9.311655854714763,-17.759579430290593,-18.883289037916995,-13.171407684215731,-49.94592531443209
952,29962,11.67134223474729,-7.755511859969828,13.822198383069775,-5.871126982181899,-38.04791832820301
953,23379,-15.086699683272355,-10.306332011977098,5.092495600088853,-7.730833132027538,-64.19113016783757
954,4319,-24.068110427511616,19.65710647055734,-18.926672437119446,15.303938129754918,-65.08044081485042
955,9208,-48.74319062425061,11.905594019690882,-14.357194137341939,7.879940761395815,-87.02542574546484
956,29186,1.7949547808622444,-2.6757365378003115,10.55443482635952,-2.1307060919348815,-47.45106127042918
957,21295,-6.857712556397653,19.413417309108773,3.6141628787619626,13.729450717728989,-54.47532718048509
958,18740,20.380028600720195,-26.04126693956985,-3.4750479148898368,-18.141431410711842,-23.94508977064565
959,693,-4.072897522361736,8.423618327178412,-21.166903785000503,6.164447863220163,-44.1026842190244
960,30836,16.522548954525227,-0.8660750674899186,16.150219659038797,-0.8700700013570226,-33.86870666465566
961,28334,30.39557249992453,-6.880463076967841,17.380049018821282,-4.825835736755549,-20.604720376528352
962,15442,11.003681549307759,-24.489888628583532,-8.556855931642819,-17.302070760078543,-32.093591077594496
963,10362,5.445306126621823,24.37141136292447,-9.441050554901965,17.55625008002794,-37.80390521714022
964,15860,43.39958821319553,26.493271366246727,3.8464800919674245,17.92715926499576,-3.4334393564554
965,24444,-14.301929328882641,10.766368547278901,5.262920769882028,7.184143778037327,-63.61468403625433
966,4106,17.152418089456745,-9.763313697320402,-17.846862237018264,-6.335473850967059,-23.142660914433907
967,25248,-3.6983866022068375,-12.282247712411552,6.906242896280267,-8.81696396423325,-52.190766178071286
968,16486,-22.664140802946793,-20.940410180235908,1.7224345074435516,-17.476770699669498,-69.59096136592049
969,19459,-34.68286182403146,22.210405339074477,4.637439879104368,19.03555407283087,-81.89564692438374
970,10638,-55.86384742627376,7.849149597872517,-10.625005429266968,4.747214090287862,-92.49528000639532
971,7247,-6.145557075479336,-21.32116987436042,-15.464106192557434,-15.726460397573707,-47.60844448313455
972,2949,-30.219893493324093,17.430729029621684,-19.94162344755857,13.278164739213377,-70.69486961493266
973,22637,1.903838627372097,19.5870762356268,5.662747398726862,13.609617278612532,-45.7987874915607
974,6093,25.002427649812184,16.159340523975537,-14.399697337101195,11.495742327921745,-16.134415888803822
975,21952,42.005151133677195,15.88946647299285,15.124700405898297,10.366386354824254,-8.550187728904444
976,15428,0.9873421039913076,-25.20452252364474,-6.377549266450195,-18.518173639003933,-42.885714921079305
977,9891,15.715013218231388,24.626737874677495,-7.373493984111347,17.360148885627957,-27.95391782989882
978,11119,-54.62330800513324,16.209218980018328,-10.202976661105824,10.320412853784394,-93.72693101442064
979,18711,31.52023193469202,-26.47511217989649,1.987876523622125,-18.227524304427593,-14.397789957854915
980,15323,28.952574644297105,-25.201149562876434,-5.825602774679677,-17.396671196659163,-14.440552410358043
981,4582,-30.305654064266875,-11.181398669583583,-21.032876896445373,-7.966752001368046,-69.7116739042662
982,5377,-30.21862513059241,-16.769431481779584,-20.14292563599753,-12.779257884388212,-70.33473313208958
983,29072,9.155583815232633,-18.906566219918354,8.193991770473092,-13.777149215044805,-38.83935637048923
984,27613,30.458184109993574,5.777459759772999,17.636303620911015,3.759848005928502,-20.612702313289297
985,442,-13.132645772843375,-7.072741637208812,-22.40685760834208,-4.914803672190617,-52.74131532591223
986,16589,-40.28856753645361,25.40883643128854,-4.323241687787742,17.694006605147315,-85.32913054697744
987,14360,29.125816818614915,-24.556820873638614,-7.189390055100967,-16.872767790179385,-13.940646798377456
988,11391,31.454849149127817,-19.529805110057186,-12.501519400429997,-13.415707281640314,-9.933705312370444
989,15489,-33.405395153021104,-24.140942986650547,-3.9350730327439165,-18.282266817622922,-78.53756725888546
990,15293,24.164926841970114,26.208048063838756,-1.636012659614891,18.291199340889033,-20.95198509182127
991,12547,-34.70507502821967,-24.260754405073527,-9.455263636846713,-17.55225113755013,-78.0851457815402
992,15952,-37.67557014053324,-24.415871603204707,-4.860035711210431,-17.829179014298877,-82.3084155179707
993,25571,22.95894273245798,-18.584041280476317,11.86937427510797,-13.299374974941315,-26.119590453696937
994,26033,38.19790015519091,-10.209041187287138,17.019195675806213,-6.830402900392963,-12.904430328307678
995,23631,33.86572662315106,-18.666299405254108,13.036923558860021,-12.826502351054796,-15.65188846780957
996,10968,41.411797071336196,24.713958605275057,-6.07145069096828,17.300905352387918,-1.9182615462587334
997,734,-27.197430758803396,7.013914686469876,-21.972454992936456,4.997242930013364,-66.47757822344994
998,3361,19.567655384958574,-2.2373040518334335,-18.669057795990025,-1.220411735620279,-20.331205621584047
999,26420,7.2469040211074125,15.088310755901738,10.094259042359816,10.40110201937609,-41.5949136201294
1000,29607,17.5474092331426,-11.587474410018679,14.437992607536787,-8.571671013020776,-32.195048380754
1001,11129,-56.8766186199872,6.1140876179972485,-10.135036360818228,3.5698830285212937,-93.14168561081983
1002,23736,34.48049074259421,14.623548547725283,15.424634401701343,9.78379239238375,-16.075434405322
1003,18796,39.782098899876374,23.230476315023946,9.865696243777233,15.458130991157974,-8.958258921214455
1004,16881,10.800883518087284,-25.408448736384813,-6.081429105149699,-18.080701105288558,-32.931071708580326
1005,9572,-21.24121293423301,-24.31801236189396,-11.702234205577131,-17.81642518647162,-64.11654292019375
1006,9626,-34.61634682742774,-22.763060023825787,-13.980225360136608,-16.8963378745655,-76.62425273531704
1007,18306,36.919128646726165,24.042945163279004,8.792029912656538,16.0938172240601,-11.445536036500163
1008,13699,-31.24335612045328,24.52788477263567,-1.407348858885212,18.680441751656865,-77.53269265593327
1009,27549,17.855822812223487,-18.549787304175776,10.907491471644926,-13.49811425442655,-30.854570869458502
1010,28111,2.014182515357669,-13.23667630895594,8.49397917430615,-9.603717628657218,-46.52758356823847
1011,5369,-29.81610861035862,-14.141388984444196,-20.675040317178254,-10.494957713986228,-69.53529682228228
1012,5284,21.082129698267522,15.081153568997742,-15.191486509590924,10.742699843433108,-19.89739716830367
1013,25154,31.453484797927263,12.060809498105055,16.228766640638412,8.07743771211521,-19.192283314644826
1014,1332,-12.052294868014815,15.472919930190631,-20.27485217881381,11.54268933052602,-52.434139516183066
1015,24773,-10.258176854837828,-6.925195243633592,6.313751859954903,-5.130048716090448,-59.38261392653298
1016,3104,-3.648237420645775,-15.39462686311833,-19.14802489520789,-10.976888051197111,-44.05399900798819
1017,1590,-14.69528962936239,16.016380960533468,-20.379275937081925,12.042103132554983,-55.146652328878965
1018,9011,-0.6044663749152087,-21.562658467818114,-14.381966240611188,-15.587027554426852,-42.34957585838268
1019,754,-19.35153276369947,11.667411695118755,-21.818550546636246,8.658425356735197,-59.27281426868228
1020,504,-20.413808179193648,9.762202946961628,-22.17903985633373,7.108636690434912,-60.13430583507429
1021,21911,25.58747378186744,23.771004279946876,7.594105703512898,16.474263203641637,-22.459010724357228
1022,15328,25.29281811725128,-24.873197523817648,-6.744491877840646,-17.12967765723865,-17.942726443779613
1023,15354,12.595993898199511,-24.233084803888474,-8.92006923581059,-16.978103927169737,-30.34988706191226
1024,17570,-41.69477307866197,25.424117273316746,-1.694074837845751,17.92420733930999,-87.30873466886122
1025,11570,-26.254165080641606,-23.65906473400498,-2.9844319692141807,-18.740172364226066,-71.7533036791346
1026,21123,6.222172071283885,-24.493297310419948,0.6934116844183553,-17.779147601938,-39.57456663692265
1027,20125,23.34725487282203,-26.210830859285316,1.0459806508076133,-18.277445554797776,-22.318001649762284
1028,5620,7.8196054596513545,-16.286114388041366,-16.789205513833263,-11.259812950652055,-33.08161191411341
1029,23060,-16.675777130432028,13.647334661847013,4.587671415720935,9.496937440552454,-65.79667485836566
1030,16264,42.71544610926816,-26.86738170446189,-1.9252130024473209,-18.23256658695559,-1.7473216371958338
1031,8746,-46.878391266755536,-2.853238407973334,-15.71997966273278,-1.9664037115456614,-84.23140706692536
1032,8848,-34.615692183211046,22.168432072305272,-15.854206764936912,16.50688027170737,-76.4123390029955
1033,21044,24.53260851513121,24.483240101853408,6.353116002736673,17.00998329164018,-23.012521653298702
1034,24358,-29.11465437492574,-8.77905424067393,7.020445099900918,-7.151459498237378,-79.44733053360592
1035,30825,19.289227526928478,2.241867550293038,16.729483544571586,1.3693116894883508,-31.317351636283842
1036,23533,-21.878254680099005,13.110666176034055,4.982608552421333,9.25233380268253,-71.44054723642552
1037,14732,-11.919098737418942,24.577686345443492,-2.9160546830206804,18.489249557799795,-57.535180935241506
1038,27876,-7.504361211408658,2.503502113783412,7.349370747777417,1.4078176627248535,-56.81913048714384
1039,10811,-10.522126432335618,25.173441693573018,-8.983950587285825,18.478410785733864,-54.34315178869379
1040,10041,-5.663484891746237,-23.68506475336357,-12.036106658449638,-17.507418375582244,-48.18184277669956
1041,5567,31.73762345467847,2.044287117380813,-18.244874177275072,1.804226189252493,-7.697662471456049
1042,21573,15.651214145199193,-25.514676107587672,0.9437572091560651,-18.248012125901216,-30.05016443218468
1043,14856,24.01615067424765,-23.60016525748037,-8.818121822370731,-16.20648384422431,-18.630674227375636
1044,27842,10.820282092209526,13.072070087640537,12.184393727657584,9.026637259769725,-38.5814811528781
1045,5182,26.63490386027746,-2.189661842489142,-18.290560885685764,-1.3230454494054293,-13.062209260444952
1046,26284,-11.486330297340233,-3.9639245802404215,6.332362760313764,-3.094313641187158,-60.93586106315925
1047,20899,1.945643099313184,21.531149868646633,4.12898588756844,15.089667028102848,-45.29381989907858
1048,13796,1.1012157872755834,25.634891596673487,-5.280559522715821,18.554938947485606,-43.41131918437996
1049,28077,34.141469646030366,0.7233744327990494,18.20015002024002,0.36446805882056266,-17.184016865479702
1050,20460,5.182582794719196,22.005781749007312,4.652198159812758,15.51552750936446,-42.121336522191875
1051,7156,-8.362745895317769,22.24002527581461,-14.776152970119734,16.4665568100925,-50.37689732773901
1052,14412,34.94342863226477,26.46220413509233,-0.9453822122699373,18.31100941330303,-10.263062001684641
1053,26156,25.77647596944041,14.420027823695396,14.839366075947662,9.910321107897943,-24.382515973238583
1054,10611,-23.906322559927947,-23.846598978913068,-3.6523204792230137,-18.715662853636893,-69.24497571228672
1055,20917,10.010767186221155,22.324779834713457,5.8336293462972595,15.825916477310267,-37.58159159381581
1056,8327,-44.1574011111427,-9.676278681795552,-16.901238187170456,-6.8087867244173665,-82.3715413701114
1057,22965,-29.133900371642834,-14.31697903000392,6.2140436278225035,-11.975887257504972,-78.46298449097294
1058,30779,17.80547842438962,1.463487322819185,16.439597488484683,0.8638896896690009,-32.74080556748501
1059,20085,41.265218559281294,-25.517510792758475,6.712988483929366,-17.06603784079343,-5.9848100627279415
1060,18513,-51.19113928275979,23.094038510922363,-8.656418121388281,16.364157264741568,-93.93310644700468
1061,30461,16.647886218909257,-8.092344248273786,15.218790096885979,-6.069957936501756,-33.50282033838211
1062,7023,-38.06343433461921,-11.971826984535543,-19.262980065029254,-8.595789047974254,-77.16372050109601
1063,30657,15.172207432832412,0.5010949670283805,15.801469078366601,0.13847186795249564,-35.162922478388936
1064,30804,17.16257902657968,-2.3450849530072744,16.22053097906913,-1.9739217208287778,-33.264916905222464
1065,22285,34.243643452578446,-21.72961214819082,10.724014466501057,-14.85740335953721,-14.522019111820455
1066,18308,46.964330193572636,24.167199992854616,9.163438838870668,15.881130860688772,-1.5779080877720342
1067,4708,-19.29852181952596,19.9675924104271,-18.537081183431514,15.398180284623662,-60.34522637492446
1068,17463,-21.20025313133167,-20.430200894203583,2.0315327132614676,-16.794020754970454,-68.20341575956584
1069,6053,-10.105637549364555,-20.92859382661952,-16.536272137518313,-15.575271214790718,-51.36501694071204
1070,1886,9.76353295732318,5.237030369076689,-19.560743294425194,3.923241409531104,-30.33463887554864
1071,11181,-49.607341560133605,-14.769871382897025,-13.61608131027093,-10.234287099062122,-88.53901122211563
1072,186,-12.068419042015686,4.252861091296282,-22.592491939342466,3.177479924324642,-51.696196689620464
1073,9074,21.532049337176336,23.850673001157766,-8.119147718237198,16.659003529744496,-21.670067220846597
1074,16888,8.10493230277924,-25.59532087883616,-4.931447108149788,-18.40768909093046,-35.992456622355775
1075,13449,-7.243792284152563,-24.85381276241827,-5.96066142491347,-18.63505738618336,-51.51494623290277
1076,26303,-18.39530451620732,-3.315717964493758,5.579364919982913,-2.772945667799277,-68.40604443856843
1077,9633,-29.738107927114868,-24.504644756799877,-9.046028903616552,-17.87743194349537,-73.33370868447412
1078,5578,37.16818784876832,-1.6546666282740916,-18.30913518723139,-0.9887025467468545,-2.2339352968960204
1079,20527,46.26208296620617,-24.668061700514887,8.331432727522298,-16.333873036592962,-1.5733585254688314
1080,13981,1.7659448124460941,-24.61222636111455,-8.923432985581899,-18.03952067221757,-41.480272125845595
1081,5995,30.060985876289816,-4.98467985585463,-18.052736892139954,-3.2098734970946934,-9.623074204521972
1082,20239,13.145318751509985,-25.75748081447861,-1.0907722969893805,-18.41777591613917,-31.969332364257646
1083,5363,-31.70604954380668,-12.000557030037946,-20.693635283593313,-8.661101885336864,-71.0731628079499
1084,3443,-4.215868493503746,-17.05182777213811,-18.414082213463054,-12.340110404857057,-44.87328566903764
1085,25820,-21.540294401748245,-5.327342269574569,5.542979428493778,-4.364021903499921,-71.7600722544953
1086,26194,42.61884738883472,1.3538842600301015,18.320049320887037,0.7714057753983635,-8.901591775722348
1087,12378,31.614801318503442,-21.785067229023888,-10.605777414442432,-14.957561586673839,-10.434533736021622
1088,29198,17.672213321006105,11.318066417495272,14.722407216003274,7.935928630098639,-32.36259400483452
1089,12169,-44.5351489881665,19.86975053283746,-15.205698245390309,14.305357860728765,-85.76800185743564
1090,8519,18.043672287696143,-16.139533133654588,-15.356539009650023,-10.891621819999568,-22.87050856382549
1091,22033,-17.17377205419875,-13.961567569117225,4.235874126925703,-10.713725475496878,-65.73182789829184
1092,461,-16.942955776180003,-10.161008294258997,-22.12032835518399,-7.201828545918396,-56.539435321581756
1093,12479,-3.149593312169878,-24.664910691982904,-9.223671046863453,-18.263586722422346,-46.427755516354
1094,1464,-4.717483399852573,13.85483652967685,-19.840131940472073,10.111408702241903,-45.17296302290461
1095,6460,-8.536712584157213,-21.32571266685746,-15.845934032009696,-15.814603648008468,-49.95812440522965
1096,19172,45.42949403841792,-26.14430877184003,5.227197813129607,-17.576129036394665,-1.4644186669629433
1097,22157,-6.2246651364286985,17.693312416732716,4.589626450564175,12.328961750401232,-54.20590784090147
1098,27370,2.403295278459846,11.268780772627009,9.543221451029181,7.529552742589218,-46.510106212098606
1099,11542,-38.88591180963267,-21.204409943987436,-15.445210440612971,-16.202436130452295,-80.39766451417779
1100,24830,-32.33500966470241,-11.830075741181554,8.071110910345096,-9.89950190483543,-82.22856357656138
1101,11177,-48.137038636137895,-15.636051184032764,-14.311026230980312,-11.034886971908861,-87.52730232013766
1102,466,-19.132440988026687,-8.720488349000183,-22.37915929044598,-6.1741984857631245,-58.63441667674473
1103,22497,-26.20393538739476,-14.811328922080515,5.290898925814943,-12.140816673157415,-75.26053541661064
1104,17551,-33.301134073079,22.90454623164366,3.168286150965597,19.053052993179612,-80.5193505012608
1105,4158,12.917041003812589,17.433075739955225,-14.95750232778872,12.412414189196632,-28.53753269646799
1106,13137,-55.16483705150351,-17.17197941098639,-9.555106141414713,-11.737422637956612,-94.91863358620029
1107,27134,29.737424832592268,8.672012797210622,17.065157108061232,5.7619958786402705,-21.14343418002863
1108,20522,22.3869871873234,24.99316575401929,5.039982677513556,17.445512599565884,-24.80865411503309
1109,4476,18.873021456078906,-9.819903636799669,-17.65239386315765,-6.378454824738938,-21.39669950510082
1110,18377,10.169576552249143,-25.6388731583592,-2.754831208288107,-18.47074326268393,-34.50418120183282
1111,22262,49.152805929368384,-20.396758287740475,12.8377880022196,-13.315399835557077,-0.3808814343039533
1112,674,-9.895821015179695,-7.072330462042066,-22.143058636549995,-4.875221552375887,-49.55430827412262
1113,6603,-29.485974496372908,-20.617146895752494,-17.713914111750988,-16.018255281948424,-70.50123870485587
1114,23770,-2.4420634561329355,-20.599336938647472,3.0865710879353827,-15.187539077976536,-49.41551885066175
1115,1245,-20.124600677370058,-12.746801964181135,-21.659704744670414,-9.271658802613262,-59.82938450327463
1116,20472,8.836741673071435,22.361376705936866,5.34247944609648,15.896570871621407,-38.64026683089221
1117,16930,-35.462315787441085,-23.59700977206323,-0.8281620950775925,-18.46591437455453,-81.37894958598613
1118,4340,-16.14756200853232,19.79762645154757,-18.359923163660774,15.175828276018672,-57.315547768529555
1119,10999,-9.84575299726245,-24.705535138777655,-8.86023027600738,-18.47476311817257,-53.36960935246684
1120,7702,32.940120290252,16.440369866441088,-13.92181712584746,11.934190844999218,-8.091345000619233
1121,332,-7.4670220558311895,-0.9273222501645789,-22.357461738679895,-0.4830354000123157,-47.13964076741209
1122,15957,-42.6355242344785,-23.52624989266943,-10.133377899495994,-16.86631164941203,-85.39529401868572
1123,20188,36.94322542999837,20.36327167348559,12.207558203796022,13.680310592271272,-12.601736897458439
1124,27778,-30.413348337783827,8.055683435194407,7.8569285152191535,5.563580847432199,-81.2055189785266
1125,11116,-53.76147196750804,18.88656352704388,-10.067131792046302,12.497875230848392,-94.29447906548731
1126,24217,39.91208471319728,8.223353322834813,17.535959049436435,5.3644296275267,-11.418542316725677
1127,21503,32.36572266336515,20.484701106388357,11.912632146950644,13.83058048064138,-16.979069259668343
1128,12766,-14.001259507341969,25.273842012627068,-6.195044369726296,18.700719389922217,-58.713473469581444
1129,123,-13.595339411256578,3.1855794449310526,-22.770912747897157,2.338204337609825,-53.14174888056731
1130,28247,-2.508541964853738,4.567149566923743,8.76522062423087,2.766396910739129,-51.68416174484061
1131,12512,-41.52096451609022,-19.65157607209791,-16.29622006097121,-14.904316535159166,-82.55832449197487
1132,30786,17.373617094701867,3.376350948055019,16.24260233003327,2.1967034860212373,-33.07615690395983
1133,17916,-38.86607480432036,-24.22315461309867,-2.5240528620825953,-18.033090879412228,-84.12538063771648
1134,22435,7.476412771160069,-23.713340156933356,2.4211919359754384,-17.27828033450916,-38.784468845823554
1135,27057,21.044799218044602,-17.84077727427156,12.066280551111852,-12.86822222259381,-28.018208926163602
1136,23752,45.002805965816364,8.825635973339736,17.427525723227248,5.7093355512702,-6.317221880304137
1137,27457,47.84934184630221,-3.7057987340786176,18.15621883499643,-2.568211806942298,-3.772182399591458
1138,1917,9.318857066123336,-8.341594740226208,-19.22529235884712,-5.541358295134236,-30.808586148742087
1139,18230,30.311856224767993,-26.594868977352636,1.1377079187451782,-18.299402524092162,-15.31019443251279
1140,17452,-15.297478423532773,-21.66502632895707,0.3916309631851874,-17.38799185673485,-61.76420372619398
1141,5819,-40.6061167635546,-1.5376324216844488,-18.469993391443886,-1.0549835259870062,-78.78348610551505
1142,16504,-26.36992937588371,-21.523619028235682,1.4103177870973342,-18.45896922306756,-73.07166993026944
1143,25769,-9.966199428277244,-5.287721373662171,6.53973821530194,-3.948850223761082,-59.243808936463324
1144,24315,-18.264486243541803,-8.411857590077911,5.217034539747791,-6.4506163945095185,-67.73209217936616
1145,25494,16.923370006558358,17.267425311761038,11.903640487400963,12.157350220280469,-32.30869842031909
1146,14178,-37.47091927991517,25.607441483643697,-6.520525415231559,17.627409269109126,-81.95021704057397
1147,23501,-7.707182344495236,14.154825714090833,5.582030757733404,9.621161526041751,-56.25644272125972
1148,24801,-26.04513411839957,-4.122525343601718,6.315265308405258,-3.5659199823307883,-76.7304671611107
1149,16163,-12.855502131575557,23.897324699154968,-1.3548914736814965,18.15761601754001,-59.032411239875614
1150,13922,37.08020740042059,26.39261759937938,-1.329381544404748,18.29053078189813,-7.919686628901744
1151,16261,39.35072120265874,-26.809271397542176,-1.3438382563501485,-18.28941819456783,-5.221034257798658
1152,18871,-47.53085837996872,-23.609629945552413,-7.361419431053665,-16.877205185193567,-90.67464100377583
1153,29454,8.377019244918259,-11.450859022307014,11.606628658576753,-8.446117514339921,-40.80517540106982
1154,13528,-27.68201465586142,-23.277990229934847,-1.7699460466739236,-18.83106510176694,-73.49185430391384
1155,19083,-5.617759070042906,22.56262445848178,1.416207645779254,16.326563634460115,-52.41665628485432
1156,5114,-7.185102718149833,20.656792585371292,-16.37488201655392,15.295715138350827,-48.755445847437514
1157,16588,-36.66249814138458,23.555133063947075,3.187375863028553,18.873285459879448,-83.72381363381841
1158,20081,43.468623258956626,-25.203800389886048,7.608554837001288,-16.68522957154991,-4.165706968814596
1159,3240,-35.41301257734238,2.7898489044602806,-20.321764732717682,1.8733659450495594,-74.04258728650562
1160,15005,-31.6090139314142,-23.897467175389497,-3.3943331641736805,-18.480983013462303,-76.8867496368492
1161,924,-9.06655610469314,12.929293842987079,-20.751410477341974,9.536923905178075,-49.31032725443371
1162,10861,13.121963108150576,25.026095347479103,-6.945368110111525,17.704800935568272,-30.661557551656173
1163,26394,0.7686086601130977,10.682071624260043,9.075927015684053,7.0113433715427,-48.11868368075378
1164,16979,-23.951577277984832,-21.11195003387164,1.8331190762773295,-17.68993643668651,-70.83059112056957
1165,25717,-1.825103103823078,-15.413169284878045,6.375413897370809,-11.11334925197772,-49.9452348832284
1166,15953,-34.625204654438164,-24.217780936610804,-3.6325354116618787,-18.21399395681914,-79.72605627011967
1167,27588,24.32746122800379,12.71263650353495,15.39397790634163,8.734776137711483,-25.930290701930712
1168,5746,-19.400243119059915,-21.040158388094873,-17.50491806417482,-16.129309066418827,-60.539964930120334
1169,19356,-47.136049298490825,-24.00580641776277,-4.853426749370512,-17.193171608929763,-91.10127590525474
1170,25689,51.54596342597967,0.4375054794673445,18.55345145250287,0.2387501200037826,-0.18580190445005423
1171,10775,-24.791984373357618,24.965325636615965,-4.00749662411016,18.65122865852414,-70.33254493410936
1172,17643,-5.128666194323834,23.536593588449534,0.21279312131235223,17.126418774915365,-51.51277618820692
1173,30107,13.513428230393988,-12.039972323613052,13.183415711134764,-8.945782759064985,-35.93098674778834
1174,17734,41.83355369276873,-27.079653908278758,1.197866056703591,-18.2996028122963,-3.6087507928229052
1175,28705,21.164129267985462,-13.17117196144953,14.530592073932524,-9.570642060647884,-28.818465706687732
1176,5713,21.305755059021298,18.157420035042136,-13.531513793394424,12.756869464104499,-20.336882316348937
1177,23933,3.182091595922301,18.296695223658602,6.924842650921992,12.6606367622853,-44.854293174578636
1178,25888,-2.548245114969569,10.999830590561311,7.789817317503319,7.262002143890106,-51.34486100588384
1179,20633,38.508590878689816,19.20816541108019,13.193027434044335,12.73682519021089,-11.433188040386945
1180,6045,25.24908775994739,-9.305114049133518,-17.306606875566867,-6.184109943473671,-14.767781977474401
1181,13073,-22.188112283400788,-22.832262728993733,-1.3390254252510558,-18.73765565940551,-68.14441169791627
1182,15951,-35.65842944211614,-24.04556043354279,-3.235040873949044,-18.168766962190347,-80.84403917608465
1183,11237,-36.9254845224699,22.697584203851093,-14.605865327965406,16.598308038280567,-79.01559029869328
1184,4506,19.582572373440716,12.701128017868996,-16.36843587293184,9.066082988236028,-21.0767211745541
1185,26752,-1.2934374057873657,-12.102740059889557,7.697798712951838,-8.771636981806298,-49.80377367893561
1186,10869,17.993712845996235,25.155382289507,-6.012001645975985,17.666148859010967,-25.980114601274956
1187,10833,-3.4610627059281986,24.401852724813065,-10.487139027372915,17.95317623017362,-46.68101426402706
1188,597,-25.941211591263855,0.16367229968401964,-22.46079858312318,0.1703811125166339,-65.05161999300914
1189,2206,-9.235153384671822,-16.404735769868267,-19.611866779838127,-12.031396568708,-49.70297433090191
1190,820,-13.902369934074612,-10.942822049459217,-21.796508365443376,-7.818210106267071,-53.67735852977134
1191,1856,12.171919969322468,2.1249041464482117,-19.496277755785766,1.8005908719864188,-27.845144819522858
1192,12830,11.558266329319167,25.493967160816123,-5.61894186235102,18.153797867625382,-32.67720944135947
1193,30387,12.429895129957899,0.027694170055951838,14.939353519456603,-0.2096143359637773,-37.70318590427226
1194,10056,-4.367438919497546,-23.180662142625426,-12.77185328336963,-17.08465365165074,-46.62414480558648
1195,27265,-15.206246631033624,-1.5808463531270645,5.8791910677597325,-1.4921187976424277,-64.9817263407457
1196,24004,-24.431986367521514,11.939791593498361,5.557778958295868,8.413690058286496,-74.4375831075701
1197,7198,35.16753269405329,13.939040756667202,-15.179301232156096,10.282750694594132,-5.2815054171704015
1198,324,-7.2531637940756974,0.814045510733392,-22.32717099291456,0.7735731948151705,-46.92140018904571
1199,20422,-13.015666047288649,19.90940787974268,2.6514668675476543,14.447112904274551,-60.64005678714117
1200,29440,4.860496788906259,-5.494661554787233,11.542858607004803,-4.179694451381938,-44.52560066812874
1201,27641,49.7312940054872,-3.3585119438605364,18.199917729343696,-2.2491835326887566,-2.0310948864877307
1202,23191,27.054358946038484,-21.84124446833874,9.732468217134155,-15.297385683602347,-21.36199802322922
1203,22417,-9.862657395195296,-18.911290261787034,2.9137657045328282,-14.30742056424469,-57.10841064893931
1204,19777,11.01918678215916,-25.348407494016435,-0.3106686127744779,-18.303704712173996,-34.38790865388836
1205,7161,-5.6871853573226065,22.304486372634763,-14.392306032581741,16.398429491887985,-47.84910640667519
1206,26205,-0.25813891789498783,-19.751179410178814,4.361090151618009,-14.36423038315858,-47.52986913899808
1207,7629,28.671513125064763,15.63466704471086,-14.565328708143841,11.14046158501769,-12.290068617574557
1208,16344,45.87864676962099,26.13967635283931,5.227583965099665,17.57596542096733,-1.3214772995766855
1209,21812,17.025109221591403,22.961391573448214,7.117025306811725,16.193541537435394,-30.79763221476124
1210,5650,26.05308601959059,-8.081769183317304,-17.55560306279492,-5.3138234405644,-13.77895548533899
1211,17306,28.988053563370414,26.325925915099578,2.0595436121474058,18.204324463790186,-17.21583451779493
1212,19581,11.78413532836641,23.861701105667606,4.387306188077593,16.940969890662746,-35.2878386484182
1213,17237,40.3653651973574,-27.0418683917545,0.5896669049142103,-18.32688682497735,-4.868167048977272
1214,10827,-6.074212465489273,24.92161549347381,-9.44976229178503,18.29333012046226,-49.74544052756288
1215,26990,48.36356220848214,-5.5653582396394485,17.96632101768696,-3.6700928728429405,-3.150352832544692
1216,10695,-41.59667917552676,-17.680740544026232,-17.235820407547305,-13.149817449880912,-82.03431363955414
1217,17335,-7.483321083324109,-23.62324181917935,-1.5729881378010613,-17.978966632207467,-53.041284568053854
1218,1476,-2.0374557909927242,13.523603683252501,-19.466305696733357,9.883544003284328,-42.547279746771366
1219,24220,44.00261336385242,7.81886422368228,17.614481460465125,5.09404936598434,-7.387164752606176
1220,1625,7.985799414537886,-5.0560681488100006,-19.963302667239958,-3.2119234224222404,-31.981559055122148
1221,15987,-14.693164516457367,-22.746673427662213,-1.071665797126955,-18.15439450200902,-60.58570140262455
1222,23785,-0.561923944354475,-21.43047635163957,2.809735532434922,-15.684396065595024,-47.32798516017942
1223,7959,-28.881058480853298,22.69711137439194,-15.427580753199834,16.84056619647638,-70.93017483303925
1224,7864,-45.500226369627576,6.390325489707028,-16.34128369180585,4.302380911791344,-83.21018724119403
1225,13428,42.79089671299413,26.284487975615676,-1.7040187841832872,18.25506551186734,-2.0787067878165257
1226,23415,-30.495788139527892,-13.877701072079322,6.833622818040863,-11.623393634852132,-79.88748615883878
1227,1686,4.289135177921397,6.531032343945277,-20.26533254350271,4.759732810506796,-35.782497574728716
1228,27910,38.18381828479808,-4.079705311140584,18.113632079286575,-2.8556375110369787,-13.249860383437738
1229,5210,22.637150674668998,11.593948862198033,-16.512765540039894,8.394726614111036,-17.846491855311758
1230,11840,4.872391574439177,24.9621891179299,-8.148499686625051,18.023323813179093,-38.76913978890291
1231,9077,27.982280139139483,23.05113606169983,-8.566092367122744,16.23927369327336,-14.946257423945937
1232,5803,-27.507868057590898,-19.43645747386096,-19.027523113336756,-15.092828947031247,-68.2065984065402
1233,29856,19.314358969831396,-8.611292161272456,15.698226718016262,-6.3704331206184435,-30.977103113593607
1234,3692,20.8593239284923,-1.3586997564067986,-18.60739722273396,-0.6295404388404449,-18.983729925191007
1235,26893,3.4996617632332243,12.29803095385765,9.69031925881502,8.254796686235082,-45.40355296678764
1236,6372,-27.003740963885612,21.740934689218268,-16.808626784167934,16.557848432024088,-68.66631882898378
1237,758,-17.899511902608566,11.802059989746196,-21.76300117037041,8.739050863285138,-57.85464825295156
1238,14901,38.37325225869747,26.718042330218964,1.0413227949049306,18.308848863270278,-7.527906053999662
1239,555,-14.541471026784643,-9.42731131745428,-22.137354310631615,-6.656262644343186,-54.21209934492873
1240,15860,45.287300024322285,26.474066707816835,3.9485736726647302,17.90466195548922,-1.4401019724536785
1241,9535,22.81855085689505,24.475924114053207,-7.022704301386859,17.085401782953905,-20.670406670973637
1242,29768,4.298246318210123,0.6099405289718467,11.74140798841901,0.1549294633584574,-45.13394111791357
1243,11123,-55.76864642142094,13.882209835358463,-9.954490723165357,8.465760105533784,-93.83879168075724
1244,11708,-40.865098414559746,21.487101293537815,-15.240764089352863,15.88383509693117,-82.58712125631033
1245,2515,5.568658306971467,14.105334017374767,-17.955231151761538,10.117181926620509,-35.23760734316722
1246,22216,12.802451340247536,21.054250364374234,7.954734904521537,14.922958150756529,-35.359714123513854
1247,11362,15.111570064536064,25.22360680453418,-5.932990564217717,17.860904698346243,-28.960989621351615
1248,17063,-42.76033725300288,25.05305552312367,-7.148810599900806,17.194621124699896,-86.74529649349601
1249,8737,-25.873111468328023,-24.614105705431502,-9.819968953445413,-17.88658683698911,-69.27368386642983
1250,27166,45.12310474446795,-0.9310333095593987,18.319905459786654,-0.7649593423904164,-6.4617093350364385
1251,27114,24.03186527825124,14.751868955261868,14.528828714573034,10.148956491626297,-26.045486471365127
1252,8493,14.996418131905456,23.956481965441263,-8.608110735123443,16.908372924970823,-28.30236896349247
1253,17558,-37.879491033261424,23.271009928908146,4.201382870041249,18.91502594990763,-85.08319881466075
1254,23892,-30.118799884771168,-11.466743666438514,7.1069408926016635,-9.557924777903755,-80.07777288600428
1255,1352,2.6090249739717195,5.869386972008458,-20.626802230929563,4.255578458000467,-37.35763150144324
1256,2753,3.0771253223196293,-12.931255574358353,-19.003411024691278,-8.883892794206504,-37.26908303793159
1257,2046,-32.177225740750714,5.354447727519537,-21.12287472247395,3.6965909921426405,-71.13369672418894
1258,13753,-13.092383116021265,25.045935005621754,-4.50218208284273,18.6730598885104,-58.302601677388346
1259,16409,6.380461708758196,-25.38196456864301,-5.815800260699748,-18.372829528851806,-37.48073501623976
1260,3112,-5.406183992495106,-17.044496969714785,-18.67194987689932,-12.34899966034011,-46.001745327958126
1261,5410,-38.69776418753176,-4.943206319760311,-19.2119962332274,-3.3850752361115144,-77.10294245362908
1262,2129,14.759713308433183,-0.11827160330030562,-19.205482369057492,0.1850546655522417,-25.129764826166877
1263,13559,-18.600290742681697,-22.937157687203285,-1.849250225278439,-18.631861334821078,-64.38347732384801
1264,11898,26.451216451150778,-18.840270364901677,-13.146750590889912,-12.831292552088687,-14.884229349822395
1265,19074,-21.011645404450295,21.0451003333132,2.436903099539404,16.36210739613704,-68.54594039797642
1266,11906,24.45674022959062,-18.723732939237593,-13.342757718166698,-12.737437527663221,-16.85806784647142
1267,24539,45.48752435465459,-13.80972718029228,15.951700656627164,-9.045775382652298,-5.352224669719316
1268,17327,46.66877702044124,25.471723558920882,6.9790943013687246,16.955163802378124,-1.0974784025629412
1269,24816,-22.805977980560066,-5.563242808762236,5.658538970668043,-4.559240254630656,-73.15628418336941
1270,780,-1.920701399417008,3.9986779310461555,-21.49699705528245,2.97882572094632,-41.75603702705075
1271,9681,-53.04988180799161,2.78844405101066,-12.59214612791824,1.7158857901712796,-89.40347906161983
1272,17752,29.189472490246715,-26.51096869785426,-1.477563324651264,-18.285114577657605,-15.549965904207719
1273,17729,43.41091009170454,-26.855835541317294,2.165278158743108,-18.210082392403912,-2.389135481771861
1274,12377,36.07789387505597,-21.969859903520305,-10.414016300064713,-15.090064757594256,-5.974931975826322
1275,2325,-33.085929594635665,7.2007331137468,-20.807021457532308,4.987610660023272,-72.08056441317636
1276,14519,-32.61105138537776,-24.332611961695665,-4.686588984548985,-18.271067874788425,-77.51494134943154
1277,26993,40.43072778210545,-6.382735291660039,17.821179779320424,-4.321145799028363,-10.967414130715069
1278,22707,39.46202862961203,-19.86474100681799,12.67847882549455,-13.249146662006014,-10.063541446379627
1279,22926,-18.058580933418714,-12.263587624882588,4.667411836457029,-9.302319662068959,-67.06314934788368
1280,11506,-4.525587371978334,-24.355736650118054,-10.325170313126208,-18.029774648707306,-47.51907056869534
1281,22390,49.72755614015122,14.169368062414886,15.950346775032745,9.047054788893682,-1.2486774911998777
1282,26562,25.894337091009803,-15.7356757898119,13.909547947425002,-11.262759670233763,-24.0276844437439
1283,9438,33.06416109888809,-15.414541156630152,-14.9582835095691,-10.60622343140146,-7.445462063598176
1284,2751,-4.920152081893255,-13.820225995228835,-19.983574037490186,-9.808071580214975,-45.13272651702913
1285,23592,19.074526394413784,21.22582689019302,9.315867251227052,14.986305789474176,-29.553633661322905
1286,658,-1.6798681005224143,1.8265160427876255,-21.610961479695533,1.5676489819674173,-41.501501709202195
1287,16305,19.299967114306696,-23.556797493700312,-9.148726987081279,-16.25076398584131,-23.365524886787245
1288,9053,32.05824274009592,20.91372621687081,-10.541773599273757,15.002169958815095,-10.155259555525703
1289,11124,-56.84173958935327,12.119733470248848,-9.571073244262685,7.206831964583142,-94.25979797279783
1290,17077,-39.93077677589717,25.24539969135999,-0.8570533698617959,18.13998863839694,-85.9761218389176
1291,19579,10.029749080315279,23.734420090831776,3.9999715237355,16.8811319155789,-36.95469281987703
1292,1092,-18.81046203079647,13.779008527376014,-21.325270098365255,10.323838715937823,-58.91004362214152
1293,23048,-12.623668756526657,14.107541156103188,4.7775264352470925,9.627351370266048,-61.41134311728876
1294,286,-22.911650430110576,-0.5671014050238137,-22.775809361552774,-0.34401091154851143,-62.136133621484
1295,7578,-9.443266055013927,22.58054135945332,-14.585783230243445,16.670791524661922,-51.509873219152034
1296,27766,-29.60578452267838,6.163572989061126,7.659593397117556,3.9646912016043676,-80.61159845932734
1297,27830,7.250610047005427,11.26313501673402,11.457856176452662,7.721511509488042,-41.99756310870901
1298,2431,14.973110024379077,-4.595825827454601,-18.96803303323658,-2.900535091052909,-25.062192907483322
1299,1206,4.2630887924778955,8.610459114030917,-19.853225848504696,6.276285794849385,-35.936351024902095
1300,27950,26.459753939603896,-11.089402840151928,15.952718214975981,-7.99101922820064,-23.964294267667512
1301,8178,29.937773544933354,19.796185070944183,-11.665318723062109,14.150548445530347,-11.891261280127413
1302,22458,-10.461689133641247,-17.47460282629478,3.562911083576662,-13.114437126866399,-58.11827980930188
1303,1807,-27.015392953887115,16.410951328024638,-20.49885594014684,12.450032300098947,-67.309327378875
1304,12849,22.30114871570121,25.755701112835183,-3.9054720410520263,18.01965056707256,-22.194620957400453
1305,24381,-28.24783248528569,18.582721924017072,5.352910060522564,14.59439248672993,-76.89447787669852
1306,18696,36.12181529507578,-26.366375825688994,3.895015765044676,-17.91898393494129,-10.377280114393088
1307,8191,-18.20166139558189,-23.04839973684537,-14.532986478346803,-17.23833432736705,-60.1797877876007
1308,11105,-53.9214166114168,-5.6472301463156525,-11.957778405767753,-3.739306054724692,-90.44740512897651
1309,30846,14.287546543160127,-2.5807708769816813,15.423069638453413,-2.064297039868057,-35.98137315884079
1310,18739,22.089810972865155,-26.27011046409003,-1.9075487538756528,-18.294727445961236,-22.749035346902758
1311,10976,-19.7730768694842,-24.74788953026119,-8.2157416937953,-18.377692070916684,-63.66596967219007
1312,9427,19.30669954888174,24.57737831223009,-7.153553619004134,17.19613557525519,-24.27227043641693
1313,21406,36.52571413116489,-21.845497867989028,10.745507493070503,-14.860353043464524,-12.210073110400382
1314,8130,39.49479409490547,17.19746272506909,-13.343133114769115,12.57999493349762,-1.554208474493464
1315,29370,10.6095551327382,-17.262887260329475,9.78016699670748,-12.619472829123612,-37.8175271546513
1316,7409,-31.3178915694728,-20.44439705918222,-17.793540544812323,-15.823395838051031,-72.33551941227311
1317,5277,21.284542319776143,12.954013011419946,-16.11160369701716,9.284738948835626,-19.383690087714577
1318,14720,-16.968721076952537,24.598084428591598,-2.8257845106123676,18.740894990328297,-62.784676327600664
1319,11813,-3.569663243601815,25.27805219477919,-7.8914522080966725,18.496928179569785,-47.50083489274676
1320,4645,-38.49890925503571,7.489839952048668,-19.241148676517913,5.072687874721696,-77.12780979335977
1321,8338,-44.74314500149563,16.064211797295876,-16.030425461053742,11.219782174739652,-84.49778616717683
1322,12400,24.41606645426897,-19.878791970407953,-12.537717292858776,-13.53790415312189,-17.20161330432529
1323,26993,39.150729444150436,-6.338649544140045,17.841847923520586,-4.234901931138318,-12.26200867017105
1324,19745,-5.424811915024682,-22.75420227823148,0.11798760439596173,-17.1796949436463,-51.4891383523836
1325,12869,39.867373879689545,-23.090900687226334,-9.218662755399997,-15.84810916780027,-2.344421915009565
1326,8510,36.66405917345194,-11.383896850293196,-16.55216624575948,-7.893221971952017,-3.0773791607409597
1327,12651,-54.608727849473844,-14.264903818020715,-10.583794204964189,-9.560188306156268,-93.0589060789106
1328,6852,5.557716503003747,-18.810918353365228,-15.67823618178673,-13.209485884573217,-35.709384642197406
1329,18380,15.792720459829983,-25.557462484969523,-5.32487824725612,-17.9583601196977,-28.141033965761608
1330,2350,-28.342523273940547,17.387621343363897,-20.128417401484242,13.278119173951369,-68.74411838525934
1331,8821,-38.600491383816845,19.808520707280113,-17.326816565242893,14.86388755404143,-79.71466311040331
1332,15852,31.754637522269245,26.534283132115487,1.1724798260645595,18.299505103534056,-14.19267841490067
1333,20229,7.912815133184299,-24.72488619504023,0.4331815329937352,-18.002845883158123,-37.67874568358365
1334,27319,-28.128274573990083,7.123180358966979,6.980348571945548,4.713445371453107,-79.0221940404241
1335,12951,-8.849204240347134,-24.750344042905404,-5.856336989538679,-18.649747310383383,-53.20163505849199
1336,5569,33.354207186401666,1.824685653153555,-18.263255510158857,1.5960263500763456,-6.053862373461327
1337,11337,-0.0912303030368155,24.459013765242965,-10.110676253837115,17.854860623951872,-43.333236075626985
1338,18052,-44.95608865100964,25.500146545126363,-2.641791566499845,17.57739985960334,-90.08448386667177
1339,3688,21.786547164870044,0.016729899085853227,-18.56338968441702,0.2863044867363895,-18.07537620498944
1340,8444,-14.626068726570628,23.682031862967396,-13.50951529534718,17.492031363412174,-57.13566961013091
1341,24341,-23.689308242716297,-10.469882395220568,5.4238776913059885,-8.229063065245713,-73.53939180161738
1342,10285,-26.25968909700355,25.407851983308976,-6.8287972327192765,18.272713713294046,-70.86357917697325
1343,21841,45.21861508706698,-22.457502138100377,10.831838442249339,-14.797572150595288,-3.579335653853128
1344,11882,36.62669190359437,-21.06369964389143,-11.156745852619812,-14.548828951506392,-5.079705828294418
1345,10578,-36.1513947042547,-22.58827397004961,-13.933068395303977,-16.794076469949484,-78.14492454210088
1346,25390,-0.03677216234255114,14.275127987393182,7.720108447255081,9.606932165401606,-48.55912975716477
1347,29742,1.946473424987549,-0.1402495251339214,10.720454080948329,-0.4309603151713606,-47.33698159693707
1348,19248,29.712529172950745,25.188987689820948,5.9081941290778035,17.296214986129353,-17.903439846996314
1349,18202,21.423018759157607,26.06496401783273,0.7487925266265397,18.308364302254205,-24.453052230606858
1350,6387,39.17037524231263,-5.423791650448863,-18.235893270100576,-3.6152495890946588,-0.043514632585336895
1351,12440,37.98278783363437,25.117982701714453,-5.004498482702479,17.640836976551462,-5.807241531782562
1352,29250,13.97861167525627,9.560909743345727,14.288421903061675,6.6112754342110955,-35.96781538615541
1353,1240,-15.797850932952127,-15.413890874162503,-20.69434526935619,-11.468990467471036,-55.833219082395864
1354,336,-8.976118649231713,-2.9488084524159084,-22.435448252335554,-1.9552687080280686,-48.56039752682225
1355,689,-6.469903039713597,9.885135419093393,-21.1986407576875,7.22008975874601,-46.51803163533436
1356,16438,-34.12251120236632,-23.44901057234493,-0.27817901480828583,-18.623172210119826,-80.2739593273984
1357,788,1.1744362572126523,-2.24256139509827,-21.229593815816703,-1.2849305629536734,-38.66780393449377
1358,24505,15.12961475923922,18.510009611084126,10.691959207865695,13.049523104842704,-33.70406652325079
1359,18397,-35.78778211657915,-21.971639381731336,2.964335431014981,-18.91902630930581,-82.65189128075983
1360,16086,-43.73318504472227,24.05346441426127,-10.638191483737533,16.717424387998236,-86.54799174605195
1361,25019,48.345670047002976,-12.454317214042339,16.44150867154381,-8.12071627937194,-2.6221296312156253
1362,11720,-39.03678372778796,22.538935295781947,-14.467436105001173,16.45583770146443,-81.07161500080574
1363,29042,17.43454809895717,-13.876614460618466,13.416279345896555,-10.270016156301178,-32.16102308896693
1364,2452,-2.065099864528641,-12.76269318222232,-19.892596434552974,-8.893657439226734,-42.247912361030444
1365,20244,14.203849317456232,-25.875654948607206,-1.3858545795610744,-18.42902562847584,-30.83149677817281
1366,20998,27.720992335405032,-25.137758748480127,5.3617002328685714,-17.455163538600562,-19.2305418426237
1367,4514,18.67217194248018,14.8909342963759,-15.501108817081438,10.62188009696903,-22.389163703649267
1368,5994,35.021333998208966,-4.480140793057587,-18.088165873712157,-2.9878344615622003,-4.403006071593449
1369,24471,5.399092079205868,17.08005255704765,8.456509108888461,11.789160909606672,-42.97840527880503
1370,1787,-31.42313971781252,8.292402181385707,-21.094849482003635,5.855266144829625,-70.59107316254364
1371,9807,-22.689255986266005,25.125035708806422,-10.44947903911342,17.932463582368214,-66.13655424163238
1372,18052,-42.361099201807946,25.495994864694417,-0.6486027393626513,17.99744543205288,-88.25421216978297
1373,20122,22.1294701625656,-26.206813171116337,0.4092968912386939,-18.325234167592782,-23.30847658242105
1374,11384,27.944300683493264,25.31364374725967,-5.186233201586989,17.61776256854218,-16.010597704685914
1375,26688,50.58668084866616,-0.6666591011811687,18.331630511367315,-0.4738451357555976,-1.1274594418770876
1376,1863,12.22975441150156,-1.2181844364889278,-19.555033829519633,-0.5647496986806492,-27.72031600120999
1377,7198,30.64064853350707,14.036252307628054,-15.278644577725967,10.140717290906235,-9.984194268124304
1378,21180,-23.815729484264654,-16.863419506904954,4.275444267621324,-13.676325381037815,-72.2012939787866
1379,15804,27.190737459804573,-25.425922068201867,-5.550419414335264,-17.51343598290759,-16.309026480352188
1380,11463,38.32640037577125,24.672088944386328,-5.969571023868803,17.339561205515345,-5.130775393520264
1381,23385,-18.19472119232348,-10.687075784084584,4.922159509317092,-8.145602169432896,-67.4850715740029
1382,9601,-36.72512209324072,-19.33823967778525,-17.903724542269316,-14.845227804937013,-77.61195472407083
1383,15781,31.736818712217485,-26.5432868175383,-2.319124547113886,-18.19155706757883,-12.682324989525247
1384,18886,-37.66751854280707,-22.24164760215404,3.143892713303671,-18.80990349896296,-84.5074959216994
1385,2565,-26.33383792861982,-10.35756395485408,-21.723332809998226,-7.455280327761572,-65.83525403599737
1386,8601,32.899443168374205,19.945202836162466,-11.44393314587511,14.324492871479773,-9.01932949107211
1387,9719,-47.0922733670183,-8.844876583199634,-15.449455936101373,-6.092874934451649,-84.95938115797748
1388,3578,-35.857478678543366,9.49005235077796,-20.01668526755791,6.453145651477975,-74.84995644092753
1389,13523,-31.42599159063005,-24.315712433804798,-5.088925476415755,-18.30674166400894,-76.21435264983884
1390,14364,28.14452746532091,-23.559858796926815,-8.52403928413709,-16.250251282618795,-14.492557300473798
1391,16563,-48.91570468837734,22.101294301965268,-11.533288666692744,15.587721599793936,-91.05975785933529
1392,7453,-43.050014456267625,-5.819621587093037,-17.456213976176052,-3.998744968603839,-81.05684515047656
1393,6227,-37.625571332649706,-10.442183005997128,-19.495830266091325,-7.508781343176247,-76.51432156007104
1394,15298,26.873967811158177,26.281857612992667,-1.4880212466448979,18.292391685997295,-18.26458316331708
1395,10641,-56.02656307498482,4.0255629589445325,-10.792126927691596,2.445346087553091,-92.12924596946831
1396,13826,15.445035955802977,25.891953139135943,-3.7360346961972017,18.280183325816814,-29.22716691001351
1397,7452,-43.005332087626556,-7.75522210592369,-17.470300682445682,-5.405381514510074,-81.13101819824293
1398,20112,25.976136494834627,-26.133856370526278,2.5270624658157983,-18.112812858893488,-20.14998137371034
1399,9561,-10.38494439393568,-24.24106717309274,-11.09586910062879,-18.042052933246588,-53.30481272369269
1400,29555,28.190303275059698,-3.042633819794317,17.739942325780557,-2.1947349956738957,-22.91865470374455
1401,11092,-21.811350707700637,-23.84799733919419,-4.003204190225979,-18.71667333421748,-67.03821270837399
1402,15033,-19.213334225882612,-22.200391999536517,-0.49433135221021374,-18.239153713216382,-65.39847589913867
1403,17840,-1.8309427576309971,-24.360313744526902,-2.0820927804339235,-18.041260519938742,-47.12162871304606
1404,578,-17.99077291523065,-10.975320294607162,-21.98426354478187,-7.88555528588215,-57.62757225904148
1405,20368,-27.826622174586387,22.022602435483666,3.0006341146827307,18.122168145448722,-75.21311454153825
1406,2671,-17.34113133493272,17.73577590096437,-19.919181953660292,13.514870455656279,-57.980667420345874
1407,29326,19.339991584072102,-11.1776350954136,14.976440267250993,-8.166559163598075,-30.680809796826896
1408,12377,33.115928872131896,-22.075988308535187,-10.18002686116141,-15.252294914998599,-8.929889637312732
1409,2253,-3.867421360616474,15.620811985237816,-18.97329704928213,11.438036993089199,-44.57965078052155
1410,355,-12.44616097449376,6.9766096585769,-22.328296032088215,5.134516056150074,-52.19219404086175
1411,28141,2.479752117124832,-10.385728391111332,9.589240413223164,-7.5571722345104435,-46.37432688610987
1412,14481,9.893957666414838,-24.167338706993405,-9.353293658536128,-17.09127868449373,-33.04964589309364
1413,8112,6.797295828881313,-20.03008421420023,-14.599822023364052,-14.04569081257486,-34.67695305430276
1414,7856,-44.095113771761156,-4.375759915713787,-17.015719669296296,-3.0391867397477523,-81.8716024300007
1415,1276,-29.78500920376609,2.6718530760681825,-21.76900553941325,1.8810733927851255,-68.76191411637478
1416,2233,9.146877956604616,13.445333803924365,-17.593341156574294,9.61219552854293,-31.6212509628179
1417,586,-22.003422127648903,-6.567071618906227,-22.55252384395982,-4.581053889530402,-61.31460590032927
1418,20752,-27.39482590092264,-18.741851363820402,4.537824379173095,-16.1097196044226,-75.16827842278286
1419,12935,35.971709944197464,25.761489213932972,-3.4390085723211925,18.013658607270536,-8.401366313018611
1420,26688,46.419152963752495,-0.05499635879200846,18.337199347129605,-0.11581291295592941,-5.235976936885449
1421,20619,33.566760408872305,22.294531146493817,10.397343297619589,15.065544379602295,-15.36858668325497
1422,29148,8.609156803584872,-14.751307801340888,10.444400032522143,-10.770047956271185,-40.11281236782089
1423,14982,-43.90000976266361,-21.808600850476992,-12.801151081364488,-16.39357887669182,-85.89313835641191
1424,10140,-51.864963074995295,-3.1082519202575924,-13.184106663521401,-2.1365689939117902,-88.4955978629101
1425,23494,0.8505295373833176,18.008044760662493,6.329694582679589,12.390415894920295,-47.140492587282864
1426,17822,41.59171745038438,24.695198514277973,7.952347060072332,16.522110562470203,-6.579470142984638
1427,24009,-25.5229439200296,12.272342203350608,5.752722920637165,8.681206530835938,-75.5897235973322
1428,21093,-6.025153578206309,-21.781291291350573,1.4599654546152707,-16.287434398599306,-52.494760059164626
1429,15624,-36.30464284444933,25.010907400800335,-1.4750713477217667,18.300515763965794,-82.41528994038747
1430,10975,-18.720543912564768,-24.770313031091103,-8.61061504688246,-18.387044922950537,-62.44924433501535
1431,12443,39.47170370292186,25.506897767647914,-3.9268252804445956,17.910820370875648,-4.752487582071948
1432,5270,6.383080193899043,-16.298112018296518,-17.003766342024548,-11.332482080786432,-34.46682985568978
1433,18050,-41.44480496083908,24.784010267076116,1.1912293491799395,18.281056399665438,-87.85417983211785
1434,7670,-2.005553394238788,-20.93600376341534,-15.178249941203177,-15.21687141767026,-43.566285147086816
1435,6922,27.048976880172948,18.581172143460464,-12.721670172852079,13.239057257780809,-14.590333298602049
1436,6640,-42.2779057804964,8.332816752396708,-17.753183343130036,5.656648188438182,-80.58314538879573
1437,1618,8.641117390518328,-3.59954166360866,-19.986588956561377,-2.1911248125509886,-31.242177908367537
1438,238,-9.621843455163566,-0.3849762923556339,-22.574007679053906,-0.11382769679817017,-49.21109842339127
1439,22172,-18.35654725772468,16.25558475134305,4.020989781419972,11.702404970853088,-67.12980644650631
1440,2062,-30.702092878810802,14.752055671624595,-20.446061955713333,10.951993097892018,-70.6415732925946
1441,13439,-11.14459226165058,-24.2988258787788,-3.839041543626932,-18.561257975570012,-56.19520678404828
1442,1171,-2.500445183134508,-9.480809579575542,-20.80872473120101,-6.556453930511275,-42.473223072741376
1443,4737,0.8708614247375274,20.064183219750845,-15.291295670828756,14.603070626329623,-40.823988603721176
1444,11389,30.36562307448999,-20.371698490224496,-11.829560292340998,-14.012456146478272,-11.287741345463495
1445,26623,14.601804515214988,-21.92019967102143,7.071477695901211,-15.930101979348294,-33.00177863788221
1446,24188,29.69411761906424,16.109883423113306,14.385087272474792,10.970774748316645,-20.45865436848901
1447,12749,-19.77914938725626,24.82822496543142,-3.8999689043583308,18.752330893325052,-65.27566685343587
1448,13532,-37.50831018022772,-23.927579175139115,-10.410586983395824,-17.200649430793867,-80.46968156257813
1449,24691,48.42251200366202,5.98466292887791,17.948518868094386,3.7565655295226543,-3.215929202209201
1450,12247,-25.405697793991195,24.33343424565421,-1.8670177074021772,18.86978616730414,-71.52632782950116
1451,2105,-8.754575913717574,16.783795632606186,-19.33262637091779,12.405302995943622,-49.43140604546303
1452,15436,-1.0599838043008847,-25.131660253117644,-5.154662838543407,-18.555512821825182,-45.458743200722154
1453,3969,-22.301670252794455,19.41045311668308,-19.09106258552255,15.100564959178078,-63.2639224946098
1454,21694,-24.37912621709381,19.988115069986907,3.7265742214153854,15.817032239715019,-72.3167382212172
1455,14416,43.145710348945066,26.754334418485378,0.4601285445129197,18.328857441831847,-2.396309074477424
1456,4016,23.526525923000214,6.520390376712234,-17.85736360850732,4.724229182609017,-16.530299700232714
1457,22803,26.59069238324063,21.175611049496343,10.667883613180724,14.587016000600933,-22.340736791936656
1458,4642,-38.47602191112737,3.4443824156347933,-19.290647825921727,2.2648184740166073,-76.87102744875727
1459,16625,-15.382566853462293,23.786038119206314,-1.1996187804891543,18.285263703236478,-61.630715387179194
1460,5274,-11.426354056577477,-20.631307991013912,-16.99714788962555,-15.454532878038155,-52.58472511680529
1461,10489,37.423525821259275,23.760631852617188,-7.2463631745577475,16.843310414172883,-5.608578379677451
1462,24829,-27.24451842338239,-5.020567663787685,6.63768708692362,-4.255179286132821,-77.98929307679407
1463,15327,27.450724734683376,-24.68955629698412,-6.953737550099069,-17.000121179454357,-15.588584462176842
1464,2545,-2.282964829648546,17.001362370661393,-17.9624878056825,12.428765162311596,-43.2645485372617
1465,10196,-45.80144878695402,-14.888367437129697,-15.656386960489122,-10.606795049477443,-85.11163316265969
1466,7751,23.073096800222114,22.09721685988111,-10.034334307520805,15.534863554235645,-19.493683933102684
1467,29410,27.976573223218065,-0.7706571583263925,17.844425652044624,-0.6293673141982176,-23.133055994682394
1468,22391,46.814101877811055,14.511723772756266,15.822946474044183,9.270449331341759,-4.110667242136797
1469,14903,41.841352801364444,26.67848496732806,1.5947778963902206,18.265594248911913,-4.109075963738835
1470,12763,-17.169821141811667,25.338825297822815,-5.965602219147249,18.665376349740963,-62.04692992381118
1471,8773,-39.602681333728164,-15.05990565591727,-18.40634878786023,-11.090767111393838,-79.31428083511732
1472,22704,47.601966877160834,-19.71393147749008,13.221881131012498,-12.706595291313343,-2.100124717960243
1473,3183,-15.907866173334888,-18.396618816590717,-19.403623870053693,-13.959246877346157,-56.469908227867634
1474,293,-23.93161999616883,2.4342262904707446,-22.64791319312762,1.7442385856272198,-63.15648957121075
1475,9806,-25.144033257027075,25.341934736882575,-7.814938336617123,18.17756589461244,-69.47756932400021
1476,3796,17.262669839866252,12.41555268793996,-16.739269626232833,8.827489650028173,-23.40057317610996
1477,726,-27.097046357381895,1.2083868957893849,-22.283582081169445,0.8408664120453276,-66.18667002150774
1478,11978,-1.722279711247515,-24.188725978087646,-10.711494577949571,-17.74878444323893,-44.49345784782727
1479,21164,-18.874267511064463,-16.052719362207668,3.7527867980529086,-12.579809545782556,-67.20223953746827
1480,19031,-24.19289026508414,21.975134935220986,2.1666888225007104,17.577686996288914,-71.4404875000769
1481,30675,16.262440480263034,1.4287513061740653,16.067663146195382,0.8547286790174073,-34.177870482331016
1482,10475,26.59847631490458,24.431770895448167,-6.999121375227064,17.006116200648517,-16.78020060729801
1483,5673,4.777358048193749,-17.527582997344098,-16.630804547750003,-12.236371325069744,-36.16827597232138
1484,3916,-36.567549422720205,0.07797910001908032,-19.954127399599557,0.04904457478661123,-75.10217910101954
1485,152,-22.195783408552305,4.139004388658719,-22.70012818911311,3.0408737324725834,-61.518650055819165
1486,3707,20.18585488895772,-4.459820794798809,-18.447562435720677,-2.7743192667404295,-19.6340537857296
1487,16360,-4.6055188122237425,-24.21744515652026,-2.5956264478315956,-18.214034750634,-49.80139862835461
1488,8888,-18.72358115914372,23.983592344229496,-13.103839647894347,17.61876101029909,-61.41140658173571
1489,18694,39.331253344869744,-26.284449420340245,4.304004857619939,-17.826156473645426,-7.291062943254203
1490,23887,-32.75292853038193,-14.596871246333368,7.74105278771129,-12.576719315474104,-82.05896753028917
1491,4860,-4.807870868028963,-18.870525130358608,-17.468285092903873,-13.716222252490095,-45.794244198238054
1492,14199,-26.83637970284774,23.774283358996552,-0.0502503896399958,18.895196449482604,-73.49903493172567
1493,30541,13.58666178064286,-0.7631616461942153,15.31135513845361,-0.8125325469601558,-36.617812756026346
1494,18012,-49.27568722377518,-22.14075292754305,-9.935336214349167,-16.38289902223774,-91.59534334175339
1495,17397,15.066574342992773,-24.840495535566827,-7.296837484800026,-17.41084302602099,-28.286221982574254
1496,22590,-10.29123136884603,15.703278726103415,4.653369231173395,10.79753320947352,-58.70126376186416
1497,6360,8.422758558701332,22.258855755476276,-11.903064141226865,15.933237614336061,-34.04373806830017
1498,11514,-0.30940530188271026,-23.606896425947507,-11.687638641329706,-17.189999286358184,-42.746619951389114
1499,26293,-15.073186011863886,-3.510008600753878,5.818325426581321,-2.7921127359338103,-64.7939823873321
1500,9194,-25.17852617863476,-24.735599488521668,-8.612358196091735,-18.081698566929415,-68.9303199940096
1501,22843,49.43174299261832,12.228375244650024,16.621103148672873,7.747171526206639,-1.6747289734563844
1502,26680,41.20176340659064,0.350872830727379,18.337344591568552,0.1349840534283823,-10.376843020424348
1503,22290,32.632586633127104,-22.952287271627487,9.459189916211418,-15.667565681047499,-15.678077322741537
1504,23290,40.817519658821865,11.583461349086212,16.71129252412635,7.548664850702629,-10.22761636535684
1505,8617,20.066436485732186,23.44403685998898,-8.714632518978034,16.450700915617013,-23.045088740484488
1506,17678,4.337931494441107,24.62979646962726,0.7310068707572454,17.52084120402378,-41.91497032020888
1507,25178,46.07112893656571,3.9387637896405496,18.171823913237336,2.4625391980668505,-5.603279833682464
1508,29123,31.658909090984757,-1.1545705493314598,18.062129980072925,-0.9059279045858852,-19.645279523800294
1509,10622,-54.25439473390937,-1.0950935949668104,-11.848815295052965,-0.797895165242652,-90.518907814103
1510,27427,-5.506147544966823,5.550329749099985,7.713873996104435,3.4320617306718373,-54.696407349104504
1511,12654,-55.85451879539451,-10.856827114466816,-10.322976433968128,-7.0309302541647,-93.13373999483078
1512,24066,22.30440678886111,21.045687296628653,10.039084196426815,14.784427783257442,-26.59008842646613
1513,986,-10.697393234612743,-10.733714516813718,-21.58170847123477,-7.586706406395676,-50.529678716379166
1514,5559,35.116929915685155,4.808533416147849,-17.911307427575018,3.899260444924306,-4.411953839081279
1515,6971,-33.312442172366026,-16.558720446219166,-19.76975820434966,-12.60255772908339,-73.40561665714627
1516,15681,-13.125048873926808,24.424050327472557,-2.5875748633141393,18.502781304603374,-58.89270924168905
1517,10464,38.00406934737557,22.90713811270282,-8.470790242851276,16.26048820117419,-4.692665853234881
1518,11427,9.658175631900363,-22.064470088200128,-12.191733439281236,-15.510698862797625,-32.46643029227036
1519,27066,19.874914804988716,-17.78074843516183,11.902043814794222,-12.836597352503244,-29.240479308826384
1520,10984,-14.20154277037643,-24.80975483315487,-8.21029732197662,-18.586324106589707,-58.00200598764553
1521,27680,9.35864058790791,-20.627519317157354,6.7425033268429475,-15.098921236269387,-38.19763363102958
1522,8134,34.83354536653581,18.67407432131728,-12.395671774780908,13.509294739450837,-6.588911021403929
1523,21516,44.728949038781224,17.191044695010337,14.551152847089712,11.160921048661088,-5.662175021800863
1524,29687,11.622083924498352,-16.006818281062106,10.837561374768892,-11.751191391094872,-37.04483922874235
1525,26125,15.199780941788303,-22.789915817481532,6.1189975094831475,-16.549900797485712,-32.114827783287566
1526,20168,33.80986674385768,23.279984635220192,9.374236710746416,15.740834412149765,-14.793602351054517
1527,5559,36.6676291407587,5.099796873037117,-17.855737598680207,4.149321639132509,-2.8279905699922216
1528,29417,27.248845969668995,1.3647608953549302,17.78237754547076,0.8217350953790759,-23.858503331502924
1529,1213,-0.3805256863101105,10.369578933744268,-20.179094828782894,7.497486163132824,-40.57783583487135
1530,30335,23.62911882765368,0.3450243523058518,17.45898313676928,-0.010307763283059665,-27.29233520006552
1531,29708,9.442564007297126,-8.426084509411252,12.855755192482516,-6.298386390370042,-40.107758188232296
1532,27377,6.162450835219966,12.137748301029982,10.77009064241934,8.272820097222052,-42.95142734273185
1533,491,-25.242682408509395,5.113204216588671,-22.37203549229705,3.6024751886880537,-64.56334615010522
1534,27328,-31.84679182981531,13.181695140421025,7.950484115421514,9.791947263914796,-81.97035467786516
1535,7346,-14.914003408175319,-22.376191046835686,-15.23879676697631,-16.84131096243182,-56.734341961439775
1536,14736,-8.210625341654952,24.663594329863432,-2.5483298341928156,18.28737515482252,-53.804821799084195
1537,18791,42.5615138693465,23.698248955134073,9.433873310725877,15.725783012043468,-6.163685303176852
1538,14652,-42.6501472916136,23.32105617571376,-12.067154024451021,16.610707749480152,-85.0748751882634
1539,29839,21.59208816949962,-6.027568396956553,16.637587822546394,-4.5793804885393525,-28.93759000902118
1540,20284,-19.415822744619355,-17.850219656004572,3.166965969271331,-14.208581368617654,-67.18383065040902
1541,15307,34.50520361561337,-26.066675655357123,-3.9735257516707483,-17.90178680075507,-9.327788538260782
1542,21361,12.694243822089122,21.983804409632317,7.002301196185754,15.598802111755372,-35.16225164156362
1543,30705,19.00085062550041,-1.006457173480086,16.68704287450568,-0.9362345081784946,-31.645085797064453
1544,27672,2.335537987607483,-14.877394196347227,7.995215832582578,-10.748889248386508,-45.970853355890924
1545,26933,-5.721510898735554,7.48438303086262,7.405714585501954,4.829494831806105,-54.89423897503676
1546,9725,-40.32179218443482,-16.817089992946595,-17.90453161074016,-12.565840874691979,-80.48518403331688
1547,10194,-45.60285776992612,-17.002690383337125,-15.501081630305421,-12.397206871663867,-85.64538245018342
1548,24222,42.722592915599314,7.026895317509501,17.75915263866021,4.573932022649026,-8.701473811350615
1549,12802,-1.177885900573633,25.429195447225027,-6.6166726948939,18.563402527800392,-45.44180975178267
1550,2968,-21.85560685664489,18.24050668785004,-19.881719657112626,14.10997362550264,-62.585010240297365
1551,4371,4.780236014855176,19.573080618077363,-14.992060507050649,14.121675145392858,-36.91855759703162
1552,360,-16.588412511267915,-8.521428403816497,-22.376641242647334,-5.995598370090439,-56.17857414259799
1553,6064,-0.22043193475461195,-18.85705174205588,-16.53996639155833,-13.526096712726346,-41.30416180119286
1554,8735,-24.940462052576652,-24.493581181275935,-10.62476518438401,-17.808949901650834,-68.12234247017557
1555,28248,-4.474134155259682,4.636633364992719,8.097888288329372,2.8136724346202273,-53.674925407806086
1556,8234,-35.214558013436665,-16.95766666004503,-19.31398443716205,-12.978657556034161,-75.37056516147052
1557,30606,15.239171830505898,-7.206670817231515,15.075075443229927,-5.411200405568802,-34.81343877247288
1558,29695,11.494641805991275,-14.329692906879892,11.609946377614548,-10.506185729097385,-37.581978496949574
1559,2714,18.11043998995914,-1.1158438185897597,-18.838715616579805,-0.5341265347360565,-21.85514362411996
1560,7620,32.02211950252843,14.875084386006558,-14.863520270239972,10.741853317834497,-8.636276821740989
1561,6847,1.4033530962504712,-19.534632171902395,-15.879897126928011,-13.87057910599956,-39.85976284658847
1562,16345,35.89656598810312,26.154532501811595,4.54746311931652,17.76621323578165,-11.139761886666067
1563,713,-23.381323223515857,-5.87478915267608,-22.515773347685723,-4.117003535347985,-62.65789678185389
1564,890,-27.611667669077164,12.744400000118302,-21.176217395776373,9.370156869359157,-67.38562901028769
1565,13078,-23.89443829168005,-22.94694249623284,-1.5843817884942157,-18.851310707835914,-69.76604204898194
1566,10779,-22.615981088373953,25.08533145322103,-5.063842556756233,18.58440024025526,-67.80112131905219
1567,1041,-25.235343484705616,-5.721242858455341,-22.35402865293011,-3.960554859151155,-64.43705638650408
1568,13769,-7.1366274368594755,25.087375140097407,-4.006225467851714,18.514020054789885,-52.31108057309316
1569,20930,14.510513075895256,22.911912412672883,6.425030011585931,16.268616264562844,-33.114870395388294
1570,14619,-53.000081584034575,-19.469973876753755,-10.384406187055268,-13.762898877604744,-94.06416805123757
1571,28593,-3.54001909793567,3.592662661541349,8.480528403863623,2.069556404082406,-52.73856730012878
1572,26029,43.66458638096637,-9.970985407495927,17.109083999695365,-6.600295957353106,-7.5012952476647925
1573,1880,10.749210913468477,-5.383273338850433,-19.481291061686832,-3.4921718435638764,-29.310434380003123
1574,23657,24.734004272003887,-22.790194772468855,8.532014096860209,-15.94617156429699,-23.41544103289364
1575,22744,27.04203028862938,-22.80092330254083,8.766111024621122,-15.902419832302535,-21.09420745602916
1576,4716,-13.274361408260395,19.83262028814664,-17.91868787636745,15.074089756069903,-54.406997721062474
1577,9357,-27.334737604512224,25.051804848940154,-10.383058066350618,17.741679364437907,-70.86642822550942
1578,11675,-55.980285599532024,-6.8022557424942125,-10.652686156622691,-4.255190065864478,-92.4232771982274
1579,28046,26.01810330063209,9.44172265632545,16.58385804041376,6.390189608200627,-24.603192463131066
1580,16827,32.73868725798241,26.00839502086504,3.995443909186653,17.895444346302362,-14.23324343930117
1581,16543,-50.43767602614198,-20.81995741538494,-11.080807905053701,-15.265640701519883,-92.2911527499567
1582,28022,12.918189562272964,-19.97686323849,8.48851703961021,-14.589824115024184,-35.102299465076385
1583,17847,-13.087021724116504,-22.195770882217627,-0.11028520755105853,-17.549532616852474,-59.240207650936725
1584,12651,-55.679483575425294,-14.609180647833062,-9.83262624920884,-9.690583590917974,-94.18219139061563
1585,8756,-49.74962568354962,4.650435132548206,-14.25354973834488,2.9877728838924686,-86.80286878744285
1586,8726,-34.11344406858438,-21.501598967965553,-16.03222968234317,-16.51355030273966,-75.58758827998139
1587,10765,-28.734703287213694,25.458003872628883,-6.288081729866012,18.2721743173264,-73.44685556060224
1588,17390,6.244397893999161,-25.510443375961287,-3.7296882579472252,-18.503256028111984,-38.21683754976449
1589,10839,-1.7356100782713324,24.337786944528286,-10.519045422450032,17.843424477799314,-44.88061558022667
1590,8346,-47.30550819896235,11.064880415508645,-15.1753452433116,7.358576962727014,-85.57305668150113
1591,21982,-11.651805539628224,-19.244744914759472,2.517361285471377,-14.761896633414153,-58.93177976166801
1592,6891,24.00260985898739,19.81220676017503,-12.04997491476648,13.999584463720998,-17.930799533433316
1593,1766,-27.82733325030731,-5.320928228284943,-22.018943426240146,-3.768576215839074,-66.89517261043852
1594,2212,12.221100140053652,7.728249885428606,-18.752134101739074,5.620917415293363,-28.048831036349675
1595,17684,8.392694912750343,24.736261816353963,1.4999114315195026,17.698201983274792,-37.87775726367461
1596,14944,3.738245416169875,-25.083816854001252,-7.664023841877843,-18.19443505420665,-39.70838457514449
1597,4964,-32.66470430764716,-10.182387901158974,-20.687386167584236,-7.210970709509276,-71.85115024367711
1598,16289,24.871700466430383,-25.492719304743648,-5.177233436590666,-17.66039001946021,-18.808939175942605
1599,26871,-1.3736524402735093,8.899465158821693,8.602325204572631,5.804026080658989,-50.38012653408566
1600,8294,-45.35153497996162,-4.321166406214847,-16.44977593381654,-2.8885718366472495,-82.93435252885133
1601,12440,33.72623449358785,25.37405745079384,-4.6298301303295,17.74428344798494,-10.270284169304176
1602,26821,-29.916168791336247,0.1856689346824871,7.874208928199714,-0.43230474173150146,-80.95694268309852
1603,8412,-23.22488428086038,24.044363505834735,-13.388163764791827,17.42539431383397,-65.84740837590036
1604,21738,-15.444286239394808,17.0625032311356,3.6758032027937295,12.208709163462437,-63.78975204639484
1605,30436,20.819166945745273,-3.6298889015264364,16.853519103115655,-2.867049358776734,-29.770733862966757
1606,13383,24.642390773368593,-21.55705402480502,-10.940000153515912,-14.845001115644012,-17.37470377543805
1607,17571,-44.84847203095241,24.939561771587666,-6.583723053499201,17.124581717156918,-88.82830344950099
1608,18835,8.18040208431398,-25.35612027589737,-1.3899247619453272,-18.362984980942503,-36.92732116128649
1609,809,-1.0616548515950592,-6.398584612920552,-21.16526513363283,-4.266231086910258,-40.928966147533096
1610,1693,9.169340806744733,8.947224901159926,-18.985924529058384,6.46597515904777,-31.195548188068592
1611,19006,-49.828204326317234,23.827148913595227,-7.806269059834254,16.643752321125113,-92.90577186298212
1612,21517,47.84798331702474,17.140145499369126,14.653665374707138,11.024990387427462,-2.761701111668364
1613,5295,17.190790829251135,18.522857495180794,-13.707008299646219,13.027301730025346,-24.470731256974652
1614,10203,-50.40869402585867,-7.78332737074626,-13.770787274228466,-5.19544964615446,-87.7197073507457
1615,2842,3.3593291940642818,16.37852687106209,-17.265031243726998,11.802928274902184,-37.67481409486613
1616,12439,21.69242715207467,-18.91935918931014,-13.321007995501898,-12.926112997286749,-19.724780658503555
1617,26875,-3.336880292218787,8.35795389981031,8.043148502340049,5.390665690825134,-52.311912186107115
1618,5660,-3.179322387501536,-19.342729494452833,-16.765941383674928,-14.016458613673908,-44.27531033948334
1619,16350,-9.79065278157733,-23.418642769387542,-1.728948853166644,-18.107349071041952,-55.39603237991666
1620,28750,12.01432762567052,-18.989531809777926,9.076794344859808,-13.828051774512314,-36.195177272330504
1621,231,-21.280079052895953,6.439682620755226,-22.568589654489386,4.695420597312451,-60.71273104394659
1622,8422,-21.52123633690477,23.698294605756274,-13.964323520230643,17.36422415652022,-63.984372373764266
1623,1183,2.1041869453600794,-8.536001272588399,-20.346989572132856,-5.743399070652481,-37.96276516815084
1624,13409,14.674692290422051,-22.387985222779864,-11.013759916290125,-15.581700540741778,-27.679987687120214
1625,1951,11.188661493715767,9.771591680592788,-18.448264741135162,7.006168055517523,-29.23396039445195
1626,10758,-31.967587563644553,25.425825711717714,-9.26736339463118,17.737724848291936,-75.77514454738082
1627,12097,-58.40426948880569,-6.7337959250527994,-9.154664120189898,-4.185336659819786,-94.61537932457777
1628,1142,2.204183202494014,-3.4438823548787427,-21.00739992504017,-2.140576447242542,-37.65549168297882
1629,7861,-46.15489138987851,4.830927943730794,-16.01129482022234,3.2510423585725454,-83.7520520191817
1630,26110,18.96262350688309,-20.035892336403954,9.968605339681934,-14.505174182420959,-29.545142100990912
1631,25517,41.89479761508603,-10.351176471511604,17.011736335737236,-6.846783876594527,-9.306983938387006
1632,1692,7.7175406511316025,8.641114137246165,-19.285350422125276,6.269012457256347,-32.54838427074592
1633,2411,16.486943488459108,0.4615328290977719,-19.00261189729202,0.609002436542999,-23.471828100908642
1634,1198,0.6996602023524375,5.977507292291823,-20.881702981777593,4.38809370284401,-39.19793396003523
1635,6830,27.64743064592833,-9.68912756344639,-17.145170682196156,-6.504538202318889,-12.318806162849043
1636,4253,-31.95661055383348,-9.018475950162163,-20.93143871795188,-6.328395524311783,-71.11408628886122
1637,20339,-32.96452734593357,-19.80481515641167,5.854875558502108,-17.92894536640236,-80.49798689400461
1638,2631,-32.32621321383269,15.56429606728698,-20.06845499944491,11.719029847290093,-72.41203853580107
1639,22910,-10.46141019444298,-12.229476169130029,5.341274260929472,-8.910483144311744,-59.05840955170542
1640,22505,-31.552431686817858,-17.84400155172064,6.283402233776237,-15.735262136912073,-79.78307576508143
1641,1434,-13.979252872199597,-15.478977620375808,-20.536439647530692,-11.42956670052224,-54.18285843068863
1642,23035,-9.769791866070282,14.033905894799144,5.238483863300411,9.48178265825181,-58.40738883484697
1643,11330,-3.461242859117436,24.820495421468124,-9.392677127670083,18.24233313674901,-46.975809246875066
1644,29568,24.465130425002833,-6.531729797390927,16.94004026578284,-4.792442949327118,-26.257786833941054
1645,2675,-14.552201550361456,17.45717281021101,-19.711724208151814,13.263462020271337,-55.16932487803132
1646,28474,31.88747507434993,0.9283784332337591,18.093060513061864,0.5080966617072957,-19.32697041328758
1647,28789,26.261923204168166,5.318656789042568,17.378272982998013,3.5716790972901578,-24.687882289446208
1648,22817,31.829642680135564,17.824028477152456,13.61161037552493,12.086080415090084,-18.061376633012216
1649,12809,0.031924889239223035,25.417138059334118,-6.521295825160228,18.545466170210208,-44.19505443360039
1650,18407,-46.66557563072213,-23.416929214712262,-8.059851541624433,-16.855750211569536,-89.65204647981517
1651,9909,35.76673073589429,-16.047374178107468,-14.688010674575361,-10.974461883432703,-4.784214721668124
1652,15781,37.51510010439316,-26.609287358377717,-2.478559236521932,-18.170154852190546,-6.73088052649474
1653,25416,-10.71375601724599,8.397235991429431,6.14296631921099,5.415360582679281,-59.97960366441869
1654,16110,-30.28237961004886,23.212708831217693,1.6053411264393957,18.981764551082335,-77.30415737215236
1655,2084,-20.66454236201482,16.56990876107618,-20.6041574912332,12.676787919083198,-61.183825242315066
1656,8595,28.995680563453835,20.714255075801965,-10.918213781732687,14.7341439947863,-13.14285055441682
1657,17822,38.98267218931034,24.734965282137345,7.829115586535939,16.583314881285627,-9.159412382768041
1658,24389,-29.74363465344518,19.800767975496743,5.486374676543741,16.010953666982154,-77.93745558106258
1659,13311,4.629095251290144,25.32686613118954,-7.008218142961838,18.293399997703517,-39.34850606609177
1660,10150,-51.89832720487813,11.309449016136464,-12.602580887948072,7.130979999046566,-89.73706471259587
1661,19571,6.789951735663677,23.545337208029732,3.2774290662804253,16.723709014522928,-40.06362610165229
1662,16262,37.07292947342106,-26.761544413586623,-1.5459207514662068,-18.27270376719241,-7.517148499363773
1663,26844,-32.99734326467665,18.494384833940842,7.313217530676022,14.994719108759082,-81.75151081489865
1664,4028,23.479728543343764,1.8757871514992055,-18.39075322013329,1.6234279294514642,-16.275914044902
1665,27740,-13.249508347136628,-0.3479285974308299,6.187780545726892,-0.6384146076314386,-62.79342410362899
1666,14350,33.284062871065466,-24.811183858765,-6.707210109000727,-17.068295918680054,-9.82529292671615
1667,10619,-52.19739243257986,-5.574698900215481,-12.885759340019145,-3.659019092067315,-89.02382431004844
1668,4954,-14.51176304987526,-20.486389132015997,-17.54102572995178,-15.540976626740012,-55.56879106674634
1669,13783,-3.1061048355284955,25.5579808744537,-5.925981894566601,18.593979989197013,-47.64778119693359
1670,17092,-31.499133441501918,22.92182799258888,2.464181534257489,18.995799912506346,-78.62230212476251
1671,9858,-4.888439219147093,23.756848513191986,-11.972590454003083,17.501706229986908,-47.703258234804906
1672,23805,12.433992271923364,-23.895786833182566,3.770107276747972,-17.318871411847276,-34.12091500551396
1673,13877,25.58176103221278,-22.21368649954162,-10.128138286820779,-15.377988926624319,-16.714534750297602
1674,96,-18.717358701750232,3.6851798515168186,-22.86011237467413,2.694461810910096,-58.15927366903707
1675,10288,-25.01802738079232,25.309737900163448,-5.7128042334937374,18.445434735963744,-70.04003623165453
1676,806,-4.605355673464706,-6.6512391993912106,-21.597599219729837,-4.495916415368002,-44.34637906756232
1677,1361,8.730819775346218,-0.2733856164726347,-20.104085533342694,-0.001953176132032308,-31.19914656205032
1678,8557,3.293599867060661,-20.70258943538404,-14.539151357685391,-14.773424966723901,-38.31963151364195
1679,2733,16.329371576902833,-5.755871795824763,-18.68397835503815,-3.6525806878455813,-23.796489052650184
1680,15340,21.880147744641793,-23.291775394059947,-9.330697852368534,-15.998533739998553,-20.6404076727313
1681,1386,8.007331720229688,3.3694120247004715,-20.05478503526066,2.5639692449898104,-31.947609406648553
1682,6782,37.27481022911945,11.93807817707405,-16.005358942153443,8.947524443334624,-2.8669095303105934
1683,5555,30.631972846951935,7.709680644142358,-17.37295774968031,5.868957202572624,-9.237021003187952
1684,13398,6.497026141924119,-23.518147707081948,-10.872830786279428,-16.774755497257576,-36.08330613845277
1685,8059,39.09977920653413,-12.206028277975665,-16.268811753556765,-8.59543564794556,-0.7525933590875451
1686,20689,13.867249257779633,-25.42124966903347,0.7368091783900941,-18.23511914784219,-31.798206605586515
1687,8139,24.91566671053818,21.718830222134137,-10.390251492699166,15.234833852392564,-17.530821288526674
1688,25748,-3.1662155411043504,-9.314548750195241,7.762337861455199,-6.736450359974665,-51.9874946939614
1689,18906,-18.84983434955631,-19.782050500576084,2.2088639552828804,-15.93279368911186,-66.05789999779512
1690,787,-0.11759064337632893,-1.7024799355920621,-21.430580748958306,-0.9511756081030867,-39.960729591682274
1691,13887,22.075297167144296,-21.448335936793914,-11.265931232165387,-14.713426462319683,-19.915146148571736
1692,27991,18.369445924985317,-16.76565949345979,12.250841839642359,-12.136942426653356,-30.83984757139548
1693,23164,35.320320657223405,-19.657615639534637,12.43269762619142,-13.470316426811447,-14.063442271599516
1694,21538,-2.96817155014574,-22.189822655505065,1.4088115992536556,-16.44801022245218,-49.39833671187806
1695,26510,21.297672445709033,17.310400509088993,12.748665307547096,12.117040881596484,-28.14762478607701
1696,9576,-21.963596438997076,-24.413042070793026,-11.01053703463266,-17.893114255991666,-65.0689169010483
1697,17444,-31.06859257994735,-21.6477929953894,2.4027763737421735,-18.936891400032174,-77.88873415749606
1698,25668,34.18505129020413,8.021928693314392,17.456718808100717,5.2146822236392065,-16.94399635231128
1699,11611,-50.0530628468672,19.55732331812996,-12.353693236744224,13.442043145027649,-91.05201709522828
1700,517,-12.514891399904394,9.785900782633599,-21.864822860951083,7.20940434002185,-52.44610822317932
1701,29876,14.487036260093076,-12.861597990860508,13.125554196893592,-9.561783675464213,-34.95415805204373
1702,16748,43.36476330523252,-27.00213434497969,-0.6029100028842398,-18.324440642074563,-1.4365213591571087
1703,19713,30.713785105837847,24.56606755135283,7.4847478218794965,16.673481542949446,-17.333589409458476
1704,10234,-40.79219184725639,20.152219807129516,-16.472794439354594,14.895268990798986,-82.12264829050326
1705,28651,36.76672747211009,-1.9143126224735523,18.257306906788475,-1.4032575844083242,-14.612956294212035
1706,25330,-32.701712907260124,-10.480055793881558,8.449394691327644,-8.863570405017008,-82.7892641923844
1707,24817,-23.496675461667582,-6.833296342158044,5.676200306786821,-5.546586572872728,-73.77232028558335
1708,5772,-33.456354914744274,-12.538173279790977,-20.316873401898487,-9.2062396335158,-72.74824843927442
1709,11671,-52.78051294915922,-12.206089310751457,-12.028727605521121,-8.173469297778855,-90.72313269853348
1710,13682,-40.09777333564227,23.584475289013305,-12.313356562906844,16.72918742568882,-82.61089144381216
1711,9965,15.28375229927737,-19.78911081100089,-13.359730205959485,-13.62511703726545,-26.353034538662342
1712,6829,34.52561307580358,-8.998270441385365,-17.28744823303397,-6.099898547253664,-5.09890359724422
1713,28921,9.042320713400732,5.997238317231303,13.302059486623648,3.9794027594628973,-40.696873986016314
1714,17664,0.45698041894149277,24.159643997089002,0.38366153926345303,17.23925636464015,-45.698437789852576
1715,5061,-34.44948061203783,18.372654296193026,-19.010368782463647,13.895071502600556,-75.1521143687379
1716,10586,-27.31375268684341,-24.274359183856305,-5.457484092222871,-18.42343857816012,-72.12900940201547
1717,9258,-46.393688508676945,17.094244281411328,-15.04738339578119,11.820238422140973,-86.38438665325313
1718,27311,-33.94716830997843,17.838717053645155,7.924056435191857,14.408060625846316,-82.79550486646507
1719,15217,-6.784366388341135,24.619027895756652,-2.1696067261750223,18.155735569424483,-52.44806146406163
1720,29996,8.092318285530663,0.9283035932832504,13.345018891552325,0.31439434810444317,-41.619036388992555
1721,1680,-11.467124091454435,-15.49791691801637,-20.287137568382224,-11.316450216606665,-51.74574769453717
1722,5510,-13.451032880630816,20.848656913420875,-17.0944894685594,15.731378674678824,-54.88797935497431
1723,21762,-1.0557169206981114,20.431911199660515,4.221746288331203,14.27282269642949,-48.54210452093299
1724,13421,20.186582679025285,-20.75676160189971,-11.977753906012037,-14.278047413613189,-21.69396355964856
1725,27710,-1.226467215030727,-4.237158407135355,9.208405025277523,-3.171541535069797,-50.319245761980035
1726,1636,7.225711986497079,5.70895839483446,-19.925168574102095,4.141700347620532,-32.83689268768883
1727,14918,-12.40468057457697,-23.600985102127925,-2.477512951280435,-18.427170232751884,-57.88398637356416
1728,6226,-34.78931976853197,-13.264022207570072,-19.98177302606895,-9.65920530479867,-74.22363116126719
1729,15306,31.714068494110954,-26.19525805242313,-3.612465447695152,-17.979307469336447,-12.305747294152827
1730,650,-2.7593098326742154,-1.1706228275969284,-21.786529030235123,-0.6228837356787517,-42.46404567267889
1731,27492,30.25377786417122,-10.497647618023136,16.491828066979906,-7.365948977668777,-20.40617030507844
1732,1794,-30.792835067535535,11.058102389432321,-20.944908273547206,7.875006577339519,-70.2551466766535
1733,28203,-30.76729690851432,5.344328502749357,8.232912445345422,3.394966337769755,-81.84819386862992
1734,4810,26.242664376172616,10.177954091647639,-16.77917571354512,7.421283275346328,-14.02209973803717
1735,10966,36.07084819925524,24.11780907470858,-6.799130527013462,17.031798509562996,-7.12551513371294
1736,28450,26.066845819428192,7.484784276060026,17.017755965261642,5.025272166296567,-24.77749087432923
1737,18793,45.713549325556286,23.620278366715816,9.784937450372343,15.509949335194417,-3.0639596105088414
1738,23277,33.4750245033178,15.801733673058854,14.824508572685168,10.625011225205336,-16.863374914589027
1739,25727,3.904394936002969,-21.201669168301546,4.352269351140139,-15.464137023471071,-43.11297948471614
1740,22045,-24.97227087208366,-16.649053407301242,4.604435821961044,-13.662856402855049,-73.4969405096189
1741,25896,-0.7573463314324056,10.64883438358843,8.499585212732768,7.040759338603424,-49.56614080453351
1742,21148,-13.011492805431732,-16.911884637760515,3.5035329887921467,-12.808344431597298,-60.83138191955459
1743,8452,-10.888168091322973,23.907235480552075,-12.555838709069299,17.637113189608232,-53.65454178999932
1744,14415,36.57004537575491,26.560674570066578,-0.30582586980655824,18.33527046830877,-8.823195423070718
1745,19702,27.014591253510407,24.991198511267296,5.758942967019484,17.296651422750713,-20.41959347031492
1746,9399,0.23288512573280026,23.757448819267182,-11.29819550154632,17.354764043777344,-42.69623978518842
1747,28868,6.118419400787192,-11.737404177708724,10.670602144016598,-8.582806640162682,-42.81366080996499
1748,16780,23.174293616461874,-25.37735321191935,-5.667999073002939,-17.54564107698317,-20.41122269245585
1749,14447,5.558365082629692,-24.521212083101975,-9.087939214183564,-17.647275632970242,-37.477901565663075
1750,28512,5.325298833936776,-19.264936000546694,6.530223227830179,-14.046969505815717,-42.290346302009084
1751,19727,40.12735997001941,21.53925012052503,11.474759233097455,14.304171978433796,-9.371922240490475
1752,13510,-41.59653034950972,-21.55630739689896,-14.096369906788487,-16.319123157536264,-83.28793167254202
1753,11388,38.6763532446019,-19.608124226888005,-12.31421144645932,-13.582520421201956,-2.486095543143359
1754,10467,36.220059049321954,23.290315332932234,-7.969801268481671,16.516119615704277,-6.563761173862053
1755,15950,-33.77418321203377,-23.75736033682526,-1.94574516101828,-18.4613552007374,-79.45618029789247
1756,9955,10.994976241857637,-21.02152828489001,-13.072581205677393,-14.607882588590112,-30.844910829460773
1757,25129,26.18476264520078,17.36586478804399,13.402302688981166,11.925384524164043,-23.591342664704936
1758,16368,-12.68743929139008,-22.999801006015065,-1.4026928960602314,-18.141794812954785,-58.48942774779516
1759,13201,-31.4548651627219,25.41587810642427,-3.6429798230440786,18.44224955978288,-77.01891295607986
1760,22791,23.80234078390649,22.93165381035606,8.488236317706281,15.923340889236155,-24.51877315215646
1761,16701,7.20191102213462,25.42785016490753,-0.8012711887420186,18.21409820751483,-38.47159763293968
1762,5721,13.18248192868303,20.750644543010175,-12.576668145363753,14.686014886016741,-29.008399642705637
1763,13884,23.64718424835154,-21.82273368696988,-10.685195243435295,-15.068630892305976,-18.51588637612207
1764,24209,36.15917712766451,10.925413639874725,16.847014451415067,7.159802100184356,-14.815148155061312
1765,3098,14.334538142419781,-9.745268628199007,-18.170609002396684,-6.356947696010884,-25.8281996194852
1766,4834,14.753059867012771,-12.644657980291479,-17.2076752585873,-8.525652313310204,-25.781945496984683
1767,2568,-24.29854525524785,-12.48158554584756,-21.588155998195184,-9.057670210905448,-63.96233067956097
1768,10343,-4.770572990709102,24.391617770990116,-10.730082707660126,17.93210778533365,-47.978893729525645
1769,15862,39.53556419133124,26.435357098179914,3.688099306644274,17.962138421263305,-7.180437726703335
1770,14328,22.181274968434067,26.097959871722185,-2.621839966274318,18.225096436628206,-22.67530296464964
1771,7704,35.42744326740958,16.270412117613564,-14.041042699952165,11.795543250563764,-5.4749238873168125
1772,21777,5.374706600278511,20.720291897256146,5.923742312967697,14.553560983379228,-42.26935286602535
1773,11790,-12.467165631836147,25.356918504594816,-7.428614926020125,18.654860499204023,-56.82399747422846
1774,2727,16.894059980550704,-3.107265926330879,-18.872715508812014,-1.9232604468566452,-23.110131320296897
1775,27458,44.0651093768764,-3.873824710654532,18.15814309180788,-2.555071166336537,-7.494116103361558
1776,27291,-27.94636507069092,3.2877299038835766,7.006056808033965,1.933302141397961,-78.86416141253035
1777,2589,-27.328237173886688,-8.872151404424237,-21.795975199291966,-6.283486016901162,-66.59827901632875
1778,6612,-41.912018791890425,-2.632933338667352,-17.94528300168059,-1.8166388041587744,-79.94211883562221
1779,12331,3.7043444583895955,25.047040517585316,-8.127526550268218,18.11309752188656,-39.95765229216818
1780,6430,35.331543507062555,-7.78318153057713,-17.577197951955995,-5.210370493517104,-4.1924793422230735
1781,2176,5.869000263933744,-10.34078643548469,-19.3573218826163,-6.959473838406311,-34.42330301027572
1782,18371,12.584128333607913,-25.763585404052037,-3.5913432067175686,-18.382836457122465,-31.862239056737916
1783,12376,37.44138552774102,-22.384438578912874,-9.953681730375274,-15.402346258759382,-4.614219411506281
1784,18404,-43.1893588738508,-24.259232695253388,-5.266788479666228,-17.42617572633615,-87.23666171571602
1785,14599,-45.091699962618215,-20.347750974980652,-14.186012332111147,-15.330182883702708,-86.51942456853081
1786,10330,-11.103467578591532,24.891845318111724,-10.14894594430789,18.2954170045442,-54.62805499970413
1787,10301,-22.541248650869242,25.328558277571485,-7.334875126732491,18.33644259304311,-67.02590613847856
1788,18197,19.94976429270575,26.0175466843778,1.3067763283716811,18.252793586072073,-26.092585169735163
1789,19356,-45.26500896136444,-24.158411429449917,-2.8542669603534696,-17.553031066913274,-90.02671793378525
1790,25641,27.207256947153237,15.065761421107737,14.694965119929996,10.303991505257,-22.90427158580624
1791,21158,-14.89645409624604,-15.733503137676324,3.813367473531656,-11.90335384482134,-63.10428386365891
1792,9742,-42.63880754090631,18.92073863652867,-16.44525397643297,13.704325260945968,-83.58342751288049
1793,22437,9.135753577655782,-24.102846087998245,2.319346330991013,-17.524498725581235,-37.010131131661254
1794,28746,13.569580644995801,-17.87010330981569,10.285578098869689,-13.085799042054092,-34.95806521986042
1795,17892,14.348510664435146,-25.48207182769617,-5.610110628357852,-17.96710934962579,-29.455959000277424
1796,5591,35.68171722204807,-2.572504916296476,-18.256331632794392,-1.6679775409735336,-3.7603028239959784
1797,10437,7.835186939647385,-21.680833722163822,-12.96488548449251,-15.24746206977482,-34.098733402321116
1798,23866,-25.872041550290273,-8.428855337183046,6.019233847630576,-6.848968771131222,-76.18015670212601
1799,13142,-52.58489361887875,-17.365478025714687,-11.222267013205965,-12.09406285127387,-92.50698559314174
1800,30626,21.057339536977665,2.9152669779537144,17.00572425703675,1.806488147599583,-29.694282005549425
1801,9238,-42.105526351292696,-15.219769006898884,-17.40291486599886,-11.056752775214127,-81.71717297321351
1802,24549,36.316816901178015,-16.521097746566298,14.55855954184068,-11.144568280000987,-13.796941040481629
1803,6551,-14.562983380413542,-21.66377931831585,-16.157248314475076,-16.37546939885049,-56.050805567262586
1804,2073,-24.94670212249435,16.942892794953075,-20.453127815735698,12.955811473096123,-65.3705014842665
1805,5304,19.579212510203757,17.471358950988265,-14.064426342525985,12.34651911214647,-21.985665591407336
1806,4346,-12.026311160332815,19.553829389810257,-18.048989582334812,14.735751004266259,-53.1222679490632
1807,22506,-30.88732569626726,-16.49258607914286,6.465710342808943,-14.12189410644431,-79.70617207061895
1808,5547,29.38950360774714,6.349007419727519,-17.672673412053243,4.882150730118182,-10.465975651716253
1809,30134,21.54901286366194,4.638527030422287,16.908828023386263,3.126706448581449,-29.213185543257822
1810,6172,-32.75228681215028,-14.286222724550239,-20.24630265034694,-10.483308976791148,-72.3303272951309
1811,9663,-49.01739636553316,-5.610920303896854,-14.614519128930302,-3.76931939685596,-86.22957335727081
1812,6143,-18.114869971854063,-21.514137976804456,-16.772688619615494,-16.405551074843856,-59.40187560709513
1813,7012,-30.6680557570991,-21.982394832499335,-15.906096257185256,-16.700864837807792,-72.27567921550805
1814,24765,-7.743994599362269,-8.11875354033472,6.715090020385717,-5.890011215392178,-56.70215035457089
1815,23478,-3.5684901576403676,16.348601932331007,5.823357654708587,11.147598225456676,-51.825795445973355
1816,28197,-17.16654714074453,0.830183378075197,5.72477522711706,0.16152710130238535,-67.0946518811192
1817,5757,-24.426965621413913,-21.236119104840135,-17.34282240311758,-16.405026175400465,-65.59051535329165
1818,17020,-47.43886922466816,-21.18369712593068,-12.162442866512016,-15.872088920414205,-89.32823671922974
1819,18597,-18.83356315659292,21.172367503032532,2.059830994293129,16.2193264839705,-66.23150304459178
1820,22843,43.6929712095594,11.824232753743496,16.667293667664786,7.644319656139604,-7.4222945324459575
1821,18722,26.83719962417549,-26.412430692968265,0.548545973290097,-18.319733605570054,-18.68128487311014
1822,197,-17.22809297257817,-6.151501326817173,-22.683306467450123,-4.2783130095710895,-56.71763806698966
1823,8670,-9.008843082184612,-23.050348933993742,-13.51181190364181,-17.120139979578845,-51.12597757112846
1824,3913,-35.74060204077908,-5.860357242385063,-20.147318898305294,-4.002531287951819,-74.50430067525757
1825,23762,-6.244084840393108,-19.339522276530218,3.1983334158293575,-14.468207034094547,-53.52266031548628
1826,11353,10.271555287611392,25.014910869900966,-7.283445345622652,17.835852645432077,-33.491688852729794
1827,17054,-43.57154083659748,24.67270172897695,-9.04900063734926,16.91718140173205,-86.88025680350482
1828,12716,-29.6373361423852,24.44058623913661,-1.2969466222212116,18.789124594265523,-75.90550459325145
1829,24678,34.477485080225286,11.267493245893109,16.659777385533246,7.449647785434861,-16.34539291646369
1830,5734,16.852865355890366,20.300405095483917,-12.397790946053874,14.293963091110218,-25.239394453672283
1831,10636,-55.055536458397675,10.486069505263135,-10.878460780570187,6.263186174248349,-92.24223916431167
1832,23752,49.39543422431628,9.007323760379279,17.42119161814631,5.726768758367264,-2.054071306760485
1833,10098,-31.991247919443854,-24.15786419326955,-11.071211683415697,-17.49270224934347,-74.9657368736558
1834,12364,26.9628129051376,25.678270892960935,-3.9236908679549085,17.948718962452027,-17.434716614138672
1835,113,-11.08896497193046,-1.2794267250490365,-22.682119321033774,-0.816756279934984,-50.5830311063329
1836,10686,-48.877172899941364,-13.720416617618357,-14.220976120041723,-9.497072768264157,-87.45294675197796
1837,1564,-19.295533925155237,15.738607601831992,-20.79665581519736,11.987161569588523,-59.659872153758485
1838,27169,51.56880595049849,-3.8611895601874493,18.394752317033912,-2.554924926459772,-0.10576531853810531
1839,9205,-49.12474151489597,-2.0390131844412953,-14.623757755426482,-1.420005763402076,-86.12262083694961
1840,1141,5.797762050490231,-2.476501161955415,-20.521731677122006,-1.470049656089085,-34.14511516962103
1841,4705,-20.638034198889702,20.002570680230686,-18.62841934418571,15.437542897782338,-61.69680924621575
1842,25429,-14.984833896019476,8.319615072985732,5.5401120909255015,5.354985028676725,-64.47284540791527
1843,16799,18.088071586808184,-24.09879791734792,-8.492437942622665,-16.670816536382333,-24.782143983323035
1844,6910,18.47791146979596,21.76862672797523,-10.82319619688164,15.321931918742056,-24.076425944712497
1845,25455,-26.805873465635944,11.23686140286575,6.179915054420087,7.893894504262036,-77.16444038221806
1846,11783,-16.581869720806374,25.46459133348162,-8.24428118687257,18.505526666335477,-60.74084832452261
1847,8043,13.3107157762898,23.65780392408989,-9.276674069365173,16.768803474777716,-29.850882237835123
1848,11242,-34.97445792428695,23.761676073016616,-13.024346538809155,16.998389235766624,-77.6050878987123
1849,3933,-36.179831729980855,15.836691315662707,-19.310805050220594,11.67988804499736,-76.28035923756292
1850,5777,-31.261985949223085,-14.947687753480032,-20.349714134623042,-11.21646776287218,-71.02014238576265
1851,5562,28.631383959127543,3.4334826345809186,-18.12820261997367,2.761810700873639,-11.003952997519082
1852,15782,39.81458225362717,-26.675059483710633,-2.707096538969776,-18.13583997634061,-4.401173379271889
1853,12155,-50.17250799127132,-15.777988879772693,-13.08577492989805,-11.045023732708295,-89.50667920039271
1854,18264,19.279732078221038,-25.581804640540227,-5.0664453669420855,-17.852007757773457,-24.638263105441805
1855,11779,-19.117680926189383,25.373417783434128,-8.541826945923907,18.356915704671316,-63.22546079297093
1856,28198,-18.282931842794458,1.0188279946516177,5.664009933881018,0.245791326367041,-68.25698157037928
1857,27252,-9.611373891236775,-1.4240421370961784,6.847475876831885,-1.3490700248705634,-59.00588938241092
1858,28490,4.915718756583214,-18.210997350364526,7.1396958017142484,-13.262562989994144,-42.88330216643717
1859,8511,35.516430163564365,-12.784482414350649,-16.07876691024155,-8.819917152594773,-4.557382279923906
1860,27650,2.598388470250707,-18.69726464437525,5.991203443239025,-13.567130621255039,-44.992369807273185
1861,18542,-27.38056195127784,22.563918583434205,2.007079522707945,18.494351208458617,-74.53028708789255
1862,28852,5.519547017174105,-8.097260446784572,11.378499423927835,-5.963005010690081,-43.765782502986156
1863,12922,16.73625484429161,-21.690153884043863,-11.498661934447766,-14.98316824550597,-25.31694662489206
1864,15485,-30.85890199393261,-23.567726411132416,-2.107585151959931,-18.657192814450273,-76.59251711907011
1865,25988,12.271957343117489,16.384728142260624,11.156321356552109,11.492330964800487,-36.7534506673221
1866,28519,2.9928861680013026,-7.48752477933235,10.388987143685611,-5.540822428200564,-46.24792612447632
1867,19170,40.309134823739804,-25.94024349936937,5.533668315686228,-17.483401444461773,-6.6777981423862425
1868,23086,-25.25960080233074,18.2465737847338,4.637958812852583,14.015194455987736,-73.91015407895352
1869,26260,-1.364638704104647,-10.015364464252546,8.23272023712782,-7.248205136191542,-50.072085169321255
1870,6467,26.217984655379134,14.489163822645704,-15.182886499174678,10.331241488209145,-14.5833696838204
1871,12335,9.231751089187588,25.20378321883905,-6.9166016812187054,18.01883558431175,-34.671849733302885
1872,12897,23.219990894797196,-19.461971452636597,-12.873801074267064,-13.280716348435293,-18.29265505257807
1873,13690,-35.34200360183683,25.548973523178212,-6.152819811293568,17.855590755124645,-80.01344249917398
1874,26465,11.476812202432889,14.606088368740938,11.733855250863364,10.247428514440912,-37.732984209939325
1875,3316,-6.026344924279514,18.515217831350686,-17.800428063691587,13.708870336056965,-47.08758993486569
1876,1448,-2.1479197113080097,12.042223600331797,-19.98207030264598,8.799896494091552,-42.52527380597169
1877,9665,-50.09596930218891,-0.1441305986792745,-14.137604674564257,-0.2604556964149421,-86.92824527470299
1878,1278,-30.008810639336748,4.423588744543558,-21.662848659017097,3.050546201349538,-69.00210165190695
1879,4805,21.36216753551069,9.874079252508928,-17.177537905829887,7.119351401028451,-18.984291590044865
1880,29439,6.462834246889744,-6.1880179271777465,12.115398861255118,-4.703830916532471,-42.99424622939962
1881,2852,14.437516749674037,13.280553480664713,-16.83073375148551,9.368744510061664,-26.40028428187866
1882,23778,-6.6875941039411,-17.405623920678956,4.249465316352159,-12.809334128664577,-54.41606579743413
1883,26779,-13.961946392948235,-2.133252095271239,6.032817625841767,-1.8294814183146135,-63.57080275532971
1884,11126,-57.07976491289633,9.244959078557732,-9.755031804350999,5.530765710686902,-93.83322201750148
1885,9681,-51.92369487490202,1.3875022700631598,-13.171643390088107,0.7829773957235935,-88.48783518181627
1886,25752,-2.552177801268935,-11.457616145060204,7.495895357676585,-8.223287777046549,-51.10553293488892
1887,23452,-29.548599905818396,20.569487175955203,4.960168747336826,17.00490664868108,-77.38316594994231
1888,14321,18.94505458519854,25.973279843520867,-2.7263826621046388,18.29450673650782,-26.003864267859562
1889,347,-8.014857404433851,6.3913878505478765,-21.9910997915632,4.73362038583422,-47.899726611263375
1890,21608,-22.058865426153538,-15.780498072920226,4.186632879631752,-12.582791882904363,-70.51061444032804
1891,10627,-50.035975931930764,17.973022405789866,-12.7637804631209,12.1319129468887,-90.18294132878988
1892,17194,9.443345992176063,25.41968302763687,0.006341385733348307,18.172385543164605,-36.379631101819726
1893,2174,3.3005382377969927,-11.107313756762306,-19.533394044820866,-7.571953994354912,-36.89410578671075
1894,16461,-31.624496357924485,-22.954552898294743,0.22189375802903805,-18.856315894092916,-77.94768735110429
1895,698,-16.864520194454553,-12.37470611395319,-21.640324682745824,-8.975277539061334,-56.67378153254327
1896,22213,9.483784438103624,20.165314399700854,7.7663730674452855,14.216223869143006,-38.59808301780548
1897,9117,-22.829650453219788,-24.16863054803572,-12.132735207535383,-17.675312045561068,-65.56117611057601
1898,9812,-24.185877209889536,25.29286946530281,-8.54347998232658,18.12028221751651,-68.22393636023325
1899,352,-9.699730396867198,8.121004436586322,-21.932784023396067,5.901714428991177,-49.61163133738697
1900,9053,35.264366684489104,21.03910450631095,-10.501713671531387,15.030090297000779,-6.792563101853888
1901,14349,32.18317741277988,-25.012197215495572,-6.288664215561493,-17.225514105315376,-11.056262884920924
1902,14708,-19.983566416271685,23.507003347164844,-0.5977572975561635,18.38169728230012,-66.42086428856246
1903,6615,-41.8274320487428,0.19446479510039397,-17.974623284388773,0.17890360310690553,-79.85464430078615
1904,27638,48.23358982491428,-1.9138855791132745,18.295286057903418,-1.2528711134993602,-3.420821029146278
1905,4806,23.77571637722517,9.961712487272367,-16.977673903674322,7.261028815472216,-16.55349133315214
1906,1893,11.01489096937307,5.6755424779867,-19.302627212548714,4.197925759976196,-29.115804406432126
1907,9810,-22.69089317242615,25.317787470611275,-9.064159652568298,18.11910825959564,-66.58059414574629
1908,23880,-28.924452787372772,-11.395025212264262,6.6092666013957375,-9.446033994033225,-78.85282541069873
1909,21490,28.259828319583267,22.60862132096828,9.405347163043352,15.549447839026517,-20.352744671205812
1910,16745,44.95878950192057,-27.074688315137355,0.0918209158165518,-18.57701258506452,-0.08123116420594037
1911,5572,36.38889322870334,8.640994994922819,-17.09442000800403,6.638170567281607,-3.4878040678390265
1912,16811,29.148649224254857,26.490645554071133,0.8094299452658005,18.314801309293273,-16.64175283452115
1913,30725,15.52760642974272,-5.272385400608225,15.474167363941824,-3.9749046919503885,-34.77286109389774
1914,22994,-27.5655367737686,20.43251767693417,4.416388583654505,16.62791451395111,-75.44319702055996
1915,8547,-3.6818883395568824,-21.870435656071322,-14.40683877599386,-16.06743520998716,-45.44891173688477
1916,9623,-33.0554332071675,-23.551855772191477,-12.524226813916853,-17.218876503827712,-75.53591799960668
1917,29240,12.285500846121568,8.903020546790994,13.930407529847491,6.117508890588151,-37.53260605436144
1918,9648,-22.143003839489495,-24.697462870322507,-8.016307066484394,-18.284485949585275,-66.13488887943423
1919,11480,-11.203939261828097,-24.885354127521055,-7.024297573448649,-18.6614561844876,-55.345188809374804
1920,23378,-16.272997191624203,-11.244584492158689,4.853090877527391,-8.496392113225003,-65.2782120422902
1921,3121,15.26406131872669,9.370735716699894,-17.950115886043733,6.691402639900076,-25.130075344041575
1922,6027,14.688201203918029,-14.720003084927395,-16.42203459099185,-9.959775028293276,-26.097680414221813
1923,30363,13.039960777542712,-7.187448109168767,14.39371696799259,-5.47735691429546,-36.84466217163083
1924,4666,-39.02075072303279,11.360465662729913,-19.00627415672583,7.834600583017705,-77.90692233172624
1925,7177,6.666118890030155,22.59186864644373,-11.861379533051466,16.225190965293457,-35.867820005981294
1926,20975,43.17258441780841,-23.82897784059375,9.085157260345682,-15.924851316643988,-4.992327424954438
1927,6931,-17.087079967132684,-22.12951418203053,-15.880798923986521,-16.71866311326543,-58.67166354898842
1928,9567,-20.108489404236938,-24.14841574793609,-11.75602772612553,-17.857243386583004,-62.93874369019031
1929,24106,28.54659721120437,-19.355964019554918,12.001909891460755,-13.578751265255965,-20.608672679790534
1930,24769,-8.71437253536408,-7.2406535060548265,6.618817390777558,-5.267844131877766,-57.7456495341295
1931,23994,-21.01910500620963,11.98122650793027,5.0454474061686945,8.310942902286063,-70.70209019180658
1932,18209,45.61766967358563,-26.75730243948814,3.867191470400483,-18.005796695629098,-0.681942061657252
1933,28158,-2.448482169343863,-1.2031471231081183,8.939675724367087,-1.0793137970531528,-51.6220562152682
1934,4562,-20.04807309230406,-20.024611776222784,-18.597268178150554,-15.39990670067345,-60.900851908602604
1935,17418,-33.9235159843771,-22.29167206660371,1.8508786262883037,-18.910841393416213,-80.5394312005898
1936,9323,-31.448466621837905,24.133639003761125,-12.630580841778102,17.260604100008777,-74.22919356589009
1937,3918,-37.135056179185874,2.9448738397310636,-19.761361449652767,1.9525816747134546,-75.63312739691327
1938,25449,-22.57996447955783,8.869253854415346,5.513333036397441,6.010211903520304,-72.7504272533968
1939,3405,-1.4670425969257301,-14.242798542947751,-19.256774647575917,-10.037863163165735,-41.88969517958828
1940,9245,-44.58642504636817,-14.057741336400781,-16.367285232638743,-10.04441460414743,-83.72698765405342
1941,17734,33.24237000321298,-26.63376315962949,1.4785664162706587,-18.278088618910715,-12.46074067381602
1942,5846,-40.707134806067685,13.906550910211923,-18.124129112745614,9.769338051094222,-80.09005465412606
1943,21052,30.619577587713525,23.04120394507057,9.27013476275799,15.718494591521218,-17.90011113201066
1944,15612,-44.5140045156871,23.17649483414751,-11.969286631892327,16.491051479320898,-86.93714858961013
1945,330,-6.4326756646047105,3.6238156077131434,-22.096127049166842,2.782612722670502,-46.188497725376926
1946,3395,6.547228001485024,-13.171085555514244,-18.342108008245948,-9.049239058845023,-33.99992505745317
1947,10946,19.091257922341267,-18.99230195997474,-13.527103684462867,-12.957234822300574,-22.41472862686455
1948,5580,34.930499825370205,9.002110765879285,-17.002180385009375,6.864921234305708,-5.0475454924703715
1949,27966,22.817237986332213,-13.82138492170895,14.485005820580206,-10.011182331454146,-27.200882393928232
1950,12075,-19.01720711805823,-23.671934624559018,-3.435993628528264,-18.783191557002546,-64.28816398020811
1951,5026,-39.96328503463018,4.68862527140925,-18.72266890213082,3.0949645226196827,-78.27914624512351
1952,29986,11.801153848867337,2.665288219410517,14.637779668528752,1.6377059434210413,-38.30254323469758
1953,337,-10.935386654788752,-4.173667464272888,-22.5294426085378,-2.849112303715669,-50.459494325166524
1954,21842,37.85063947010724,-21.90405300669332,10.806846253191264,-14.81640549715495,-10.854382963836997
1955,27413,-8.823563200005628,3.854556709776814,6.958153438964505,2.286416622808507,-58.198667641393
1956,1753,-19.45810017130428,-15.73344299124454,-20.861013630660015,-11.79987391163657,-59.598294958593605
1957,12934,40.748294950890575,25.671875075700445,-3.5886586440326247,17.984130791396314,-3.5300918538599344
1958,11477,-12.879724631337405,-24.84443917032957,-7.667419834490922,-18.639948966375243,-56.85241275421383
1959,894,-23.300395111271513,12.792716264847167,-21.5344651966223,9.496795388971671,-63.20325002472508
1960,1530,-30.71358156013868,6.199735748231527,-21.41787656485561,4.313447562606054,-69.7353857701257
1961,12096,-16.211039305613593,-24.43860372579842,-5.320286060414254,-18.71227073128148,-60.92412157081522
1962,16921,-45.975520073181904,-22.447604928881127,-10.900848804929506,-16.554981493020847,-88.33509995571153
1963,8507,39.82994829023341,-13.445255094015144,-15.872706108891347,-9.5930801234286,-0.1999947426986867
1964,771,-16.456146892045826,11.616853836634725,-21.753344866982165,8.551824092996235,-56.38172731095362
1965,12543,-28.266308445758433,-23.86879135972644,-3.4399174441239735,-18.63362565358457,-73.57704475118412
1966,8738,-27.95648873930011,-24.47436832093569,-10.206692459906224,-17.75853265379434,-71.2552030874868
1967,11885,32.51926898867679,-21.151915384491186,-11.16968261642879,-14.543459621749568,-9.246749203911078
1968,25685,47.30788669188645,1.7831848923768485,18.306399304175034,1.075171540439233,-4.292288896411152
1969,24120,25.09267420298342,-21.478083992747813,9.809109078383047,-15.149228086788396,-23.42549811306177
1970,13704,-31.164028353014075,24.197492142026004,0.3212609141259853,18.876732939249635,-77.81950862672849
1971,21453,21.36993280392882,-25.287275677873907,3.5961279669710686,-17.849638608690018,-25.168093280006794
1972,8245,-35.12494624904621,-18.65952162009285,-18.60432077082913,-14.383347437190544,-75.85171993996762
1973,4192,17.666779030259576,15.722972770151788,-15.185759037923239,11.25181661374997,-23.739592937358232
1974,310,-17.405897577283106,7.719687839835754,-22.46869602357804,5.61999398250032,-57.00822460125838
1975,30344,22.40905837596366,2.0359330343154403,17.260754234011888,1.2102125444222438,-28.438535266661773
1976,8457,-9.150110763174276,23.33599856577226,-13.335913389341217,17.233334048663004,-51.68348036528338
1977,11288,-21.078575087496752,25.311187808312418,-6.6379417517806445,18.47194896204631,-65.72280177629987
1978,10130,-25.942584760698804,-24.14448943622956,-5.0816995088934735,-18.505440354359767,-70.80792984649082
1979,9827,-17.467841647956472,24.631868474487863,-11.488196438263532,17.998007104516848,-60.668133984350774
1980,24090,34.9140961941178,-17.814295100947053,13.66416950836105,-12.189154405683631,-14.8266221355256
1981,29164,6.996075469903413,-9.833665260472882,11.564319302470484,-7.25149566728264,-42.2368062477592
1982,10937,14.695570236826997,-20.71716511317543,-12.686550152447934,-14.313273302903957,-27.126831390562394
1983,4859,-7.138974070663837,-19.31123929858647,-17.50561848753966,-14.248005284703755,-48.10119380811086
1984,19468,-29.64544993090117,22.41107161817281,3.0193671421215695,18.58175635550446,-76.91916284359172
1985,20417,-10.376103759357251,19.71786449268238,2.9302487639476222,14.165273196153818,-58.086607659934174
1986,22156,-11.711878663090316,16.5865479601574,4.152688564621037,11.556887325003204,-60.038723791870666
1987,5962,38.702226471319534,7.697627140495161,-17.324395135066133,6.046863917387386,-0.9335496158904433
1988,9677,-52.02187630444593,6.223566195741423,-12.994761894008935,3.992360069105623,-88.87488356998293
1989,12222,-33.27768324266592,25.519933284709317,-7.52948969707064,17.879569045965468,-77.58006950634137
1990,12869,32.67213764177878,-23.147776869033258,-9.16670447706073,-15.879938026044258,-9.679616852818736
1991,25374,8.212895280528747,16.31580438371304,9.845830774809558,11.33567518056089,-40.53018841876246
1992,6768,9.917181200496785,22.57191382455171,-11.29442645212754,16.097466539362195,-32.72090834605099
1993,26690,51.60171855751809,-1.748570306619881,18.51362861771842,-1.2087513245019204,-0.1679749384359265
1994,8469,-3.1999184020107063,22.914707883468758,-12.998014716991658,16.890534438997918,-45.73537807158658
1995,25517,44.93015781052532,-10.353161658382312,17.014634639608605,-6.839746277873726,-6.2112904359914785
1996,27640,43.32817336461666,-2.2071259144551,18.27198506168117,-1.5540996271289662,-8.309597077376182
1997,3095,16.69625239914285,-8.228998474826009,-18.24081661678357,-5.290610195372081,-23.533619958626332
1998,17422,-36.7477301265663,-23.828376257555234,-0.8259804748961601,-18.38106700470052,-82.60298565245868
1999,1932,-10.093880243894844,-15.140346529052488,-20.275444333438358,-10.928545308992938,-50.30879100087673
2000,26317,-21.665466653663135,-2.5733696678917237,5.660526500337653,-2.1713043461123953,-71.98269162789717
2001,5569,36.53875454456469,1.934253632418056,-18.244394375967893,1.7817164214606316,-2.752570745271319
2002,12654,-56.70212340960631,-11.535779621596426,-9.685594792394344,-7.403043408613355,-94.11387161374418
2003,565,-7.9065896708904075,9.583787531963292,-21.45134177863904,6.992781991725158,-47.92874645933545
2004,26066,28.88399695256163,-14.74196935256639,14.71951227639029,-10.444600007297923,-21.16753760444588
2005,2930,-34.65186603113823,13.473922459907975,-19.961605568248117,9.732957695138591,-74.29451843519834
2006,17819,34.23268489605799,25.035340316517665,6.686002612437048,17.076399686164788,-13.531806787282758
2007,1344,-16.427794878621985,15.21593514705116,-20.788646961109734,11.444061499492461,-56.739356665199026
2008,19650,28.0490435044404,-25.99642627014687,3.228703819811208,-18.0123221789352,-18.29847455835619
2009,20527,41.31070669418711,-24.87431017961557,7.825373187802742,-16.585549694465715,-6.40507625175025
2010,4745,6.345255033734593,20.573345962476647,-13.919182921185003,14.790642083105183,-35.60993594981526
2011,16182,-2.2943588377844675,24.62069147976875,-1.2892894595468527,17.78721332822665,-48.07239618172538
2012,5436,-40.0110297356872,10.322193160048345,-18.62196787653594,7.15641888827781,-78.82740382120595
2013,1885,11.67937611149584,4.354754341502194,-19.391009477184358,3.2327859481609216,-28.4430460143914
2014,23081,-24.296211644903526,15.496890411690357,5.019641531300776,11.439563492979746,-73.57678011789521
2015,8348,-41.23462616128946,18.369065309859213,-17.233906612591642,13.40362747455887,-81.92754295220054
2016,11672,-52.036734904114205,-11.191863787469382,-12.60677359581862,-7.498157776883251,-89.77076431036376
2017,24541,48.731972421548726,-14.709546653438625,15.762044882061574,-9.370708556220727,-1.9352834646526584
2018,109,-13.74933400277252,0.3315682511426688,-22.872507675550885,0.3289279986343848,-53.24471359030192
2019,17893,16.607154888561613,-25.03837901191002,-6.671972788220874,-17.521373880452785,-26.905291474041434
2020,23868,-25.778286389715635,-10.086993745071709,5.840016675089797,-8.086483821147924,-75.7864511948463
2021,21838,44.23585592198462,-21.654432730047226,11.516414181109422,-14.270849145193962,-4.815040221185627
2022,5577,29.482728575496562,-1.781579703867162,-18.311416850054485,-0.9558237394612872,-10.037008825737534
2023,20084,37.70325294963034,-24.94756965796534,7.2359884155295555,-16.847778781039576,-9.801764864963943
2024,5235,18.00525941591068,-11.502975901052688,-17.204448117287548,-7.682320014040456,-22.362915120627413
2025,6646,-42.73661691746833,13.012036429599183,-17.338909672166587,8.980682275926316,-81.74481146706721
2026,5024,-38.032480268119905,-7.077942984959236,-19.43970037657899,-4.955540119222897,-76.59052326875212
2027,826,-2.031152599324711,7.21963807436639,-21.085351758545713,5.3283661968603315,-42.03400564998291
2028,19358,-41.92417699282691,-23.674760350368963,0.08972037663438034,-18.134369532625193,-87.80684328412939
2029,23110,13.820956948385025,19.654663750448346,9.467091503619187,13.898859148475307,-34.7251588818868
2030,25730,5.386828790478329,-21.400001457752737,4.729952389071354,-15.579734262473202,-41.65678782164223
2031,2282,-22.956798562040813,-13.31530412133251,-21.505241761429478,-9.698181632575961,-62.74945333266831
2032,27301,-28.992417838960126,3.804518239824513,7.439551093277352,2.2634477297747306,-79.98793138278967
2033,19247,31.735563925151574,25.259931730518037,6.118106610255041,17.258962935946673,-15.88483709652792
2034,20639,47.200416075153036,19.21374970966108,13.478261395952098,12.432478299714035,-2.965076134689781
2035,17119,-16.245726788587113,22.779383296429902,0.31535347643996575,17.547916665469543,-62.970581072211445
2036,5579,28.41639757848554,9.33842582594685,-17.00135743976326,6.867749095954533,-11.748386468638211
2037,27281,-20.793859632726473,3.662531594612288,5.6156283800213656,2.114461111040544,-71.01224999628903
2038,114,-12.66563489204526,-2.2109633157641086,-22.766612665395968,-1.5057583212119494,-52.14934373271605
2039,1899,-3.7354500530000014,-12.440184884823754,-20.25535569884697,-8.704382669490428,-43.86337585312299
2040,20247,15.780578172111017,-26.018426648479288,-1.8087561404349026,-18.414028177471195,-29.139302052994516
2041,4,-17.519798520554794,0.5756258606550143,-22.974463053421815,0.5413991398519229,-56.96409069526817
2042,7822,-34.05956698371413,-19.528110033787705,-18.228734829071293,-15.112583848026201,-74.88772285049055
2043,615,-23.34585178899135,10.955572709795046,-21.87404420599326,8.030054304020013,-63.0444284672883
2044,17327,36.95516424916764,25.150247838083637,6.842824634807283,17.012528530408993,-10.863001687155782
2045,12642,-47.96580973954108,-18.789308954276212,-13.747113460496356,-13.661917584729718,-88.81826824370316
2046,23854,-21.057855259003507,-10.9145378790961,5.0176333815045595,-8.444950407266873,-70.5732859264799
2047,5007,-39.0936900217367,-2.085570397881056,-19.075314684141524,-1.4019267706202694,-77.37780998445092
2048,10969,34.132784880794965,24.5594858464381,-6.190871923223222,17.260289339676312,-9.34561458915097
2049,9551,-9.137579050889267,-23.86012593613734,-11.952027160253252,-17.731781257260124,-51.7950686268574
2050,12646,-53.043499179302884,-14.886309933590583,-11.381689063088118,-10.118135239272139,-91.94993663820205
2051,9488,12.99798372340616,-20.161263866459546,-13.496300197880526,-13.875167374529479,-28.64378757624702
2052,20709,-16.900281111147176,-17.882036637735016,2.993605971078008,-13.91880347584796,-64.5933494194222
2053,1990,9.671961600151903,11.140525156639491,-18.287911470619395,8.012378290581921,-30.829347146447734
2054,7436,-44.161656385283635,5.0489116704986206,-16.950395165224034,3.3099849959676115,-82.00878393077973
2055,15767,23.071635335854925,26.298548904769344,-1.3084256356789932,18.321550566862783,-22.141854421597806
2056,14526,-36.8508168111025,-24.447669642099363,-8.225320649520631,-17.524189254434894,-80.49169688370996
2057,27983,19.715789376071076,-16.34537603544067,12.711463406977808,-11.893920795127173,-29.557654651278654
2058,24501,13.209072349797452,18.300199916638018,10.308185116032758,12.879757817581766,-35.55006782348672
2059,13610,-43.89416596512256,-19.981051073543316,-15.002042889042217,-15.142158260986289,-85.11233089450047
2060,6334,-12.103319881034313,21.606951315776413,-16.12289352551692,16.138363494619874,-53.83798512059936
2061,7832,-32.65220554501694,-20.93413830320592,-17.05762632380761,-16.16842040554818,-73.88844834676358
2062,311,-16.253945949055957,7.378967951815719,-22.47931777878781,5.3827945624214975,-55.876298365060144
2063,27620,34.88618145761375,2.833620197930656,18.13884847485536,1.8778144329753976,-16.47661095998223
2064,5833,-39.0579937785541,-7.8362033938589155,-19.045378141445198,-5.417862646096721,-77.65704335728317
2065,7020,-34.668361026074564,-15.351064664363571,-19.7745884698314,-11.348066641151275,-74.37134044017193
2066,7629,29.811579383486954,15.437071770094994,-14.580210010992712,11.119229982512977,-10.997469409113975
2067,306,-19.131397629420555,7.402229001841123,-22.5230740467584,5.365719813292187,-58.679552238687606
2068,10755,-33.481664893590036,23.888916874763197,-12.779342784704506,17.139514701521527,-76.1769662696731
2069,132,-16.135387886039883,-5.36747560001277,-22.729564335707053,-3.713267899625147,-55.624753637096276
2070,18245,24.37619578817507,-26.259076754541425,-2.1144357391215074,-18.24795186163979,-20.305419725224596
2071,17239,37.58240685576206,-26.76623609292562,1.142517872508675,-18.30330368424557,-7.931785522836887
2072,18883,-43.876675533775234,-24.2278088162389,-2.3112336072191852,-17.717021273227353,-88.89404507574372
2073,26001,15.263941341097558,16.861319257971974,11.771921595537119,11.812123945011932,-33.969896864227685
2074,10321,-17.3335702137916,25.05778550242893,-10.357895056373769,18.202300401786076,-60.84739080070362
2075,23231,18.421086290469177,-24.7011397361096,4.22136485633748,-17.588098718496553,-28.267970094551277
2076,27460,40.34787449141228,-4.170717400605544,18.113107902904662,-2.852591021376562,-11.275889419680201
2077,8130,30.325826887059108,18.00666581095513,-12.998554760064168,12.935176577217748,-11.133858882633277
2078,1608,10.960552682036516,-0.6294361994330094,-19.742367786257905,-0.1535965279474708,-28.921864188205646
2079,26306,-20.242066423653085,-4.437938534852865,5.526003691393543,-3.6154407501541184,-70.3763532128397
2080,27257,-11.651981931099611,-1.660224325464397,6.417891064905247,-1.5411127320414968,-61.18174130722608
2081,3492,8.209819621335397,17.512913904389336,-15.805543489201591,12.487033038720787,-33.10446285927342
2082,7773,-19.444353819390827,-22.641244042356085,-15.32605268353911,-17.017917991627026,-61.22039548700465
2083,21516,39.25443752952766,17.01626683762228,14.515299049597632,11.207048298123997,-11.073622377757689
2084,15253,5.914755257365735,25.690757635007184,-3.011114844659422,18.470719772130984,-39.16740209111235
2085,4800,23.41924361984542,-6.971790090012271,-17.903567527990596,-4.546775043400352,-16.519336742398114
2086,9656,-25.920801577940285,-24.527005625371334,-6.838027785489081,-18.2870379995227,-70.29091846157826
2087,17633,-11.529318826835864,23.14852199419384,-0.04385024858744019,17.435025417311834,-58.073505509052225
2088,4568,-21.903810720678663,-20.209474252163176,-18.511912570595868,-15.59785955533048,-62.778842162366395
2089,15414,9.143999489183114,-24.896011239149157,-7.989771714719453,-17.692573490657274,-34.17886593681168
2090,20947,17.57329854234457,24.30531991735939,5.298521048464334,17.13646953647867,-29.63185792850149
2091,21676,-30.99392066841314,21.64986241584834,4.347086170828216,18.29332936894874,-78.49285138892972
2092,14263,-5.860682367583157,25.220325648257543,-4.369791591867095,18.53913199718445,-50.78035325513365
2093,10792,-20.92069239500234,25.14869050303387,-10.308056603756103,18.03436088524714,-64.52796627382801
2094,27814,-3.633844842453003,6.043822828602116,8.248031723663136,3.7846566215678132,-52.7457267671533
2095,20601,27.539316436637108,24.482138942503962,7.065707319060748,16.78606115517345,-20.279608214769027
2096,6012,26.005556695984193,11.936343782381996,-16.18448025293082,8.67385846079301,-14.463824761699843
2097,17079,-42.63026379048472,25.35813536442876,-5.529140302106169,17.397118533918775,-87.13546106300939
2098,9330,-30.43265867377237,25.05028683943174,-10.40357516568049,17.64455141483966,-73.93731948177347
2099,15362,16.48630035924562,-23.429974437016156,-9.551798236124991,-16.26003689102263,-26.14349195607113
2100,5575,35.61271211498596,0.18040706199381923,-18.326050407104653,0.4781419079630903,-3.656359882401383
2101,13365,38.660283593614665,-23.505711603457257,-8.791414178762231,-16.094153080724283,-3.778583887521015
2102,27776,-32.35890666529195,11.907578058371785,8.356054663857968,8.790247818092753,-82.61616776425977
2103,10629,-51.80710005428141,16.87045977597428,-11.909712583120646,11.102885772715481,-91.3172460418431
2104,14083,-26.558558343278296,-22.785605465925276,-0.6814808520123494,-18.902890463623702,-72.6486575321786
2105,17622,-17.028140796220413,22.161014355209904,1.112355049512739,16.96561842760517,-64.05695224248085
2106,10487,25.52050503246879,24.71866786388147,-6.382753565925244,17.267192397248394,-18.122944666288685
2107,24453,-16.596882349832008,10.781731172984502,5.107760581982902,7.243248196489613,-65.9309569289798
2108,7427,-28.792293428028938,-23.03320073758046,-14.372191499043364,-17.045742374993274,-70.85494279323548
2109,29978,3.2032195541446282,-0.7744209364448337,11.266220033314967,-0.8206012947665504,-46.11806517649606
2110,10155,-54.3651440424792,6.480147078975331,-11.662073921933352,4.054067228522443,-90.91416620999672
2111,6306,-24.158196101579694,21.7913973232015,-17.02640619762986,16.547596270468414,-65.68619345363669
2112,3723,17.940506844435586,8.443344308789422,-17.851402724081012,6.089115864372793,-22.353100042402797
2113,4131,-9.284245237570996,-19.063271321549227,-18.0100844740518,-14.189333187194313,-50.11493083681695
2114,28811,30.042936291058844,1.651956746344339,17.968769964219067,1.003423382301456,-21.133625908861124
2115,22735,29.066792436685436,-22.658651020479365,9.184649427760872,-15.73035954578358,-19.135962592319558
2116,23395,-23.012178751205113,-12.773433422163215,5.006708015490993,-10.041327102346063,-72.38431777594613
2117,11883,37.729274866395876,-21.49151644381476,-10.842398066147677,-14.790333789696248,-3.976998818899212
2118,2112,-12.359541794051824,16.86999160293066,-19.743527609759305,12.690478770124507,-52.986328345610914
2119,8301,-46.65612509961533,0.6670095067249443,-15.826549224297771,0.36711567824353675,-84.0148844336156
2120,25367,-28.379835685952358,15.672177504622491,6.022129363884304,11.842379765649028,-77.8804862344718
2121,10420,24.364399204003437,-16.185562694442858,-14.836932755808897,-10.961859833020087,-16.541947906416173
2122,13472,-6.133320987888325,-24.896755796051966,-6.689774356946868,-18.612754191847003,-50.182803394598764
2123,7616,16.459195340964676,23.10551999860833,-9.583909093110357,16.280029674677294,-26.548758816616676
2124,25964,-22.161235646993866,6.774655602707598,5.597135034584454,4.422469380099087,-72.47625536418792
2125,7063,-43.9187376669841,8.353085255110805,-17.026127839623957,5.67381383617534,-82.02835162724624
2126,6327,-17.62419347183935,21.47486689694393,-16.881915320811235,16.33821365628119,-59.19251789035807
2127,20730,-20.742157168536355,-16.768490067461254,3.7264608948630755,-13.383910400760104,-68.96304543090635
2128,22488,-21.93832372147413,-13.639616197350971,4.670038044467216,-10.740050960644641,-70.98673762732906
2129,8513,32.927504789594735,-12.586628164391701,-16.155905922119935,-8.676969354215998,-7.2232366129759376
2130,1290,-29.14386687946979,11.449891421691085,-21.14608935973368,8.365001412747123,-68.74908470007063
2131,28823,6.93608075356097,-17.487725500259817,8.358637602943618,-12.746529894285345,-41.161329355872304
2132,149,-22.205364067959746,2.5718414591435543,-22.781191766402976,1.8597926291517588,-61.48742354492992
2133,29900,20.733342254611493,8.234604221699282,16.156534761791036,5.7315031376028,-29.769803378061468
2134,15040,-23.291086008736592,-21.81682550541726,0.6888141654188426,-18.219832115674883,-69.75458864068109
2135,11132,-57.965461044976806,3.3013844982020073,-9.658528753835027,1.8515736916481345,-93.77578795967808
2136,17690,12.260989209855337,25.36978584823127,1.3696967858316778,18.030014268573353,-33.90626226933632
2137,6453,6.583118516695963,-18.273844781806872,-15.82291397373959,-12.80628951596667,-34.56651146165386
2138,6241,-42.023375760998185,6.105301650140205,-17.89325983944888,4.045195943291793,-80.16390124328882
2139,14125,-49.584618098407354,-19.41385763288444,-12.524342991392142,-14.173478832373894,-90.71867315752206
2140,2986,-11.699870800583687,17.90706546392287,-19.072207447230106,13.53057633276338,-52.49654313872824
2141,24540,41.51855404482346,-14.146606716233187,15.764459590510153,-9.369624100646273,-9.170202498122102
2142,10394,40.607214076986196,-17.96719867749074,-13.639627261283078,-12.633844044360476,-0.056099409363557326
2143,427,-5.858700089959204,2.1814986915469485,-22.124594281236575,1.7358050655282797,-45.57638188900411
2144,10806,-12.703418340924403,25.33633719864503,-8.769546545285108,18.535163533435107,-56.66327713117761
2145,18751,17.790727970463816,-25.80696360755899,-4.557495905172335,-18.035155324069844,-26.331469674428682
2146,21061,29.680698912719986,22.29001521937542,9.948802544585629,15.250530617189655,-19.05448267725022
2147,1144,4.498859545430136,-2.9676204345201507,-20.6935991570273,-1.8140911264260822,-35.39937784053842
2148,1085,-20.6795856924867,13.99305633914902,-21.314359034845104,10.508579903661303,-60.7611093473745
2149,9880,10.162648644747462,24.403391284489558,-8.704233919174417,17.362150133896325,-33.21505196441286
2150,17863,5.596083321256989,-25.401839204526716,-2.9089870465001275,-18.46433431277096,-39.1045008418898
2151,2707,17.75119566399371,4.232387117510044,-18.606569978069388,3.1837204024991497,-22.236113167845694
2152,14904,36.74216241992458,26.787983514349495,1.2629114286910068,18.295199306667744,-9.160129808958928
2153,821,-14.828498561381565,-11.81088323251429,-21.66418346140252,-8.492868053120736,-54.622346998869226
2154,23608,50.311478863679554,-16.522423843322336,15.14067299028994,-10.759535882774927,-0.08863258162114196
2155,893,-24.598925187944694,13.602486284996633,-21.301463152417686,10.10488526243197,-64.55134625163753
2156,17268,25.086635062326234,-26.109331942933636,-3.310748055512153,-18.08029752244549,-19.21660595253133
2157,785,-1.254479160627593,-0.07241322908731952,-21.59513867752026,0.2368908323815927,-41.00006237786559
2158,15822,20.468460436987662,-23.81253762885367,-8.795123228906956,-16.36141214737768,-22.198895166637513
2159,17136,-20.73455444970864,22.361520239245277,1.1449308961479865,17.558259517913903,-67.73913527647548
2160,13443,-9.309847111156223,-24.496222364295896,-4.279594374045983,-18.567078931384586,-54.16136016489843
2161,11881,39.55581962364575,-21.328380160410067,-11.104779302217558,-14.58876294995456,-2.0708293259863315
2162,15706,-1.673772714420752,25.088839202158855,-2.2394485680735263,18.083004558435647,-47.181387464327045
2163,30603,16.506558832823753,-6.240318141130811,15.587979450319274,-4.672536067127819,-33.74749095026501
2164,27477,36.34451478127854,-7.324671534654976,17.61190170124874,-4.969252880561225,-14.943081172125652
2165,1659,7.725099328489359,-7.449593148493762,-19.649659927759267,-4.946668505304385,-32.33568067382017
2166,16444,-41.23147534571595,-24.15469471510933,-7.001030614252025,-17.335288737661,-84.99458716875422
2167,8286,-27.563275745684003,-24.179167453976994,-11.411384403891109,-17.586883986431882,-70.44879786040397
2168,9100,-12.016059610485597,-24.198910084378557,-11.569291739112817,-17.97775219158913,-54.817678020438635
2169,11391,33.33903939995453,-19.62757648743434,-12.415379453396547,-13.493243214067675,-8.053638050007255
2170,23486,-1.8965053602393585,16.96081258816877,6.011844130832841,11.630503890650518,-50.044377257831
2171,17805,29.911468008308702,26.013195729631907,3.494380456343823,17.976165903582427,-16.84113219271625
2172,28544,3.8764930654015948,-13.062469361413939,9.315998119642932,-9.482085934275176,-44.73830454833789
2173,23928,-26.3152400296381,17.76966248752978,5.058920281544648,13.567569759640142,-75.21063936019938
2174,26742,-0.868996995730647,-7.5629146342891245,8.901347666728988,-5.529136000829485,-49.78569730029447
2175,17898,-47.36932519702337,-22.083349022653806,-10.771821149851528,-16.450230615346197,-89.65725038340955
2176,23694,17.18063634577496,-24.695148745065946,4.024485601944441,-17.589909281551936,-29.46406416660191
2177,10796,-19.431781386773732,25.276540456599886,-9.70911466581928,18.19369929910692,-63.250493110606584
2178,17260,28.922561801494414,-26.359556119819885,-2.675308978248439,-18.152938680728393,-15.518740332110632
2179,28918,-0.31810561407312604,1.698617939112863,9.766900089495016,0.8639893482369028,-49.50743974722414
2180,25519,46.20103918542918,-11.242602177784024,16.817409091727708,-7.312188799532754,-4.835686759899529
2181,13955,3.084620900272411,-24.293001639621803,-9.698463102238119,-17.663991716857353,-39.83537465194643
2182,19632,36.831717919153604,-25.731143578640218,5.776074424718823,-17.405026533184582,-10.178278290755326
2183,25737,11.099088933701928,-22.741978113975424,5.107965956424326,-16.522588648482866,-35.889506376479304
2184,1906,1.427091560108456,-10.403218909751171,-20.01664386717705,-7.114478077204403,-38.717633381408255
2185,65,-12.443278040128263,-0.5301283415791794,-22.79547793391786,-0.2771623507658515,-51.98151613340561
2186,9015,2.2996640854029065,-21.153118758245917,-14.342953375765628,-15.118589962533012,-39.40630954374877
2187,17234,45.37808078774856,-27.11666911957685,1.4951469094006984,-18.51207474985661,-0.0958346856793849
2188,6756,-0.27285023461798197,22.0125997048625,-13.636763314242021,16.10987163316993,-42.50439586556936
2189,30016,13.241185460022233,6.669508183277343,14.681986431740562,4.553505127582426,-36.78890483467757
2190,16385,12.601296559136058,-24.88688093068575,-7.338316301051805,-17.598562890691028,-30.80299151001962
2191,26476,-22.098218704749424,3.7400075332939045,5.700398854721657,2.20084058565587,-72.52313115580927
2192,10131,-24.30453917810687,-24.072099543568363,-4.847530339416945,-18.571514020910914,-69.26397887975077
2193,12375,38.73459525077534,-22.4907991127246,-9.881234152740522,-15.449031690388965,-3.306083505327397
2194,24309,-15.488895098482274,-8.726192860412233,5.2934254149821465,-6.599400048190202,-64.78816344120527
2195,30428,22.57386312601387,-1.4438051342737555,17.280903881170985,-1.2233861738699916,-28.29203841970886
2196,16705,11.495688468022673,25.696269289962977,-0.04535182962276847,18.272190087926393,-34.23137904559022
2197,17076,-39.01471968050399,24.271722664477608,2.4896577975737264,18.615396735089682,-85.88876084734248
2198,23937,-4.670823312858761,15.098363081247932,5.994628127604615,10.243464221681423,-53.09252972953333
2199,29939,9.849146713909965,-6.578684037853721,13.405104824949131,-5.0059032876690175,-39.80535250315814
2200,7606,11.946170040894051,23.331040127954,-10.065607975247143,16.525951231840388,-31.006160966934253
2201,8771,-40.9011311378281,-14.141743839673788,-18.026475840588724,-10.22854529511027,-80.31007080457044
2202,9580,-23.525007687415847,-24.427206073194245,-11.078070655827096,-17.808215716693436,-66.59826810196843
2203,25779,-14.544438113775822,-5.421502155448382,5.7521332075647305,-4.156996813485075,-64.11150153627534
2204,26372,-30.33292644855287,15.705143186378908,6.807589638090523,11.948493298213583,-79.90441339956655
2205,21665,-33.02050707268985,21.69176708825016,5.262197259702251,18.467786089860905,-80.55873885466002
2206,677,-11.563924519969445,-8.9171137071412,-22.013751046023792,-6.234892613988311,-51.26961257137887
2207,1671,-9.795051575566003,-13.471929878914382,-20.771846174512596,-9.653490799482103,-49.859220166097046
2208,6452,3.9257505196055784,-18.616115405195988,-16.075678800833447,-13.123251113503713,-37.26351430062586
2209,23359,-7.721768678437907,-13.77384703439947,5.467431403474222,-9.958753844556853,-56.12904211180828
2210,17845,-11.71129139562272,-22.34679294119498,-0.18883027109409756,-17.5123980486997,-57.84935223193918
2211,3503,10.645075532750171,17.434074072314946,-15.388368405454836,12.42052988842157,-30.775940511897865
2212,26139,22.90624806281658,17.313305575027506,13.016157174904517,12.039093214221339,-26.657543292170136
2213,11121,-54.146420526192415,15.228966739772488,-10.683841561909109,9.616129196817521,-92.91938439047269
2214,22587,-7.218538946871132,16.164694572930003,5.038103208813407,11.09071755059822,-55.52975967477434
2215,30734,19.095201504910534,4.100959617709156,16.54092373834289,2.7392199743773804,-31.46830911831794
2216,22005,13.6253302706647,-24.904079299809275,2.1394805532039745,-17.93673054963221,-32.41733433255849
2217,9211,-50.45582215648186,8.50925617858545,-13.676101486405889,5.438416557334242,-87.89567424097845
2218,29314,21.860352432648625,-9.148765952307413,16.003947996455146,-6.750277376570262,-28.4512467281063
2219,25124,23.73949294012425,18.704306938244386,12.187619731230642,13.03502515142182,-25.642270236266892
2220,20204,-2.412613842747497,-23.22050888404875,0.06371804744444619,-17.228302802170365,-48.372931305390665
2221,245,-7.976154328167862,3.2356965545078666,-22.295488616704905,2.4963846297791683,-47.66885907011743
2222,28585,0.2932232412204912,3.739150574303162,9.91224199454929,2.2507899987093194,-48.89021092728392
2223,8036,9.201984053681482,23.358042689149443,-10.406339998957009,16.691601107608495,-33.65338496580962
2224,24539,46.97142697263626,-14.032147405357309,15.88202948684534,-9.168276344911511,-3.8783754960540713
2225,24740,9.688244495025893,-22.952491992329435,4.3918790224091095,-16.67130398906391,-37.15518970403621
2226,17570,-43.9802430985652,25.50918409795368,-3.5556238225025716,17.53996756330409,-88.94526913109283
2227,15732,8.259452480788262,25.635653558684602,-1.361169090818698,18.352045922463372,-37.20416108720066
2228,17806,28.186566474484366,26.054453159628892,3.073973233451113,18.039734153985766,-18.43262154553533
2229,28177,-10.36750581739309,0.6895031660191803,6.713974149406482,0.07436467865317219,-59.83182514289603
2230,21082,42.718987670491224,17.59147632594827,14.325867130880557,11.445268004889634,-7.650348722218359
2231,18051,-45.807728433883376,25.32684553543895,-4.378879908539693,17.317284074097454,-90.35394816240931
2232,1962,5.275602103402892,12.391020394584782,-18.661900884903172,8.890510312654957,-35.352304528473496
2233,6760,1.960980214441848,22.13986909857009,-13.18293332069267,16.081107096537423,-40.39076655068759
2234,5985,36.03173433789111,11.157728265467483,-16.32949049342825,8.331816259126434,-4.084973338419252
2235,3110,-6.903228965318578,-17.370455054058908,-18.814396048672627,-12.616375276089599,-47.527745069785524
2236,25294,-24.521793780500953,-0.5368869787907186,6.068513077239841,-0.8032196303066955,-75.2514338186237
2237,26805,-20.483139950573058,-0.33031014683899995,5.644741442461048,-0.5660232402528942,-70.73762288885833
2238,3433,-2.1308794121904655,-15.405104944809244,-18.865655053792327,-10.961377067485191,-42.64776204662986
2239,18641,6.016588668136539,24.1239795184005,2.1799999576834868,17.134604870737988,-40.568205861754166
2240,21683,-28.33480037116989,21.32493541090037,3.894956234226455,17.623421881244557,-75.89366073967024
2241,233,-22.44667132135888,6.086220142049382,-22.54546248559139,4.380266381733328,-61.869554269752335
2242,7839,-32.14516543534374,-22.560830322738838,-14.694621955654737,-16.89733865923917,-73.98870978114655
2243,16262,40.74569924628887,-26.8691466644867,-1.4925432636320468,-18.277550090755366,-3.759280040973388
2244,17324,43.88865193924957,25.474271089926585,6.585553156948834,17.115068466019366,-3.8047379419741114
2245,17760,25.788574968842987,-26.369470148667332,-1.8480201858566212,-18.26540092083475,-19.038114082986777
2246,24561,33.062368011582386,-17.142706265470807,13.898871657781969,-11.825652631109874,-16.723613950192245
2247,25661,34.74666463816559,9.645757760544571,17.136723337929876,6.26929402151009,-16.32049957184377
2248,14678,-24.320575110481684,23.873583025108722,-0.8340075176708834,18.819949101776885,-70.7247519778102
2249,25167,36.10620158224643,8.138247296859705,17.50641302834438,5.3217280426639615,-15.02707421671154
2250,12542,-33.16349820185242,-24.44926919539932,-8.453395166953726,-17.79335385451804,-76.8667796741397
2251,4938,-17.781891436330568,-20.509321398858535,-17.911126739820613,-15.703894134369632,-58.78041872139184
2252,25836,-31.19730088696274,-7.0799174996267915,8.114933613661634,-5.9861888302551955,-81.81147492976457
2253,5840,-41.65301966964788,4.434537013624618,-18.05681344814353,2.886325428954765,-79.75379807074597
2254,5317,10.54639856385653,20.018610942034783,-13.648807440401924,14.235523427529113,-31.37786438650867
2255,22693,21.24167304869073,23.358197423451525,7.612613776038305,16.283783347964846,-26.72841162682368
2256,26842,-27.7519071941539,8.450278159497817,6.736119003293572,5.734958281018761,-78.48847259256999
2257,25022,42.98488038216312,-13.54838464165204,16.041801388827388,-8.886459711372723,-7.786142240858018
2258,19627,46.68178065246919,-25.48405061608196,6.995889422487238,-17.015073125345328,-0.7595490535666933
2259,14446,-4.6357031407917475,-24.91279431846062,-5.359014778659244,-18.591367124757184,-49.008978973959735
2260,29210,5.710269366384628,3.340359857691452,12.234476687140589,2.02530410028737,-43.82968147259131
2261,2963,-23.297576714551827,18.27258762446916,-19.877061811525316,14.155174747760055,-64.05338485240189
2262,6782,34.75250027265821,12.60322281618397,-15.796147786105976,9.30589939403991,-5.547392116906931
2263,7378,-12.810418158295809,-22.617225267281846,-14.604639191550856,-16.94403975852036,-54.7327798977948
2264,22358,28.95278294567397,21.257354448805486,10.830436887825254,14.57655039930033,-20.08481306525213
2265,7284,27.597117728035716,16.06559721326793,-14.383089159327877,11.374185304143374,-13.47745481408737
2266,17385,9.971617838299387,-25.676094969377825,-4.260475170906112,-18.406661749400453,-34.29156355807603
2267,3682,20.709650004936535,1.10191197152566,-18.60352286778812,1.0187337925927262,-19.215570098005788
2268,19591,14.720253633486006,24.121448339138414,4.9058974071341135,17.056113097191876,-32.418232209117505
2269,8791,-47.205982080368585,13.357288913964533,-15.03044673038979,9.019862662525846,-86.01729907257727
2270,23666,23.4102285149995,-22.7383993204608,8.214889168713494,-16.07287632624274,-24.581553041408313
2271,16578,-40.7544741009239,25.48776372663932,-5.546559493529471,17.516406528318054,-85.36683475004557
2272,708,-21.241752417497146,-8.56476372077834,-22.361996978379892,-6.086154630112005,-60.59034653238509
2273,28569,6.507521666652061,6.164875472393984,12.243208048549958,4.062951848411993,-43.06193741774838
2274,9175,-30.981013405870048,-24.13876414460105,-11.420771922931012,-17.48302995989649,-73.79635352740112
2275,5551,37.254596808501205,6.8772537913616905,-17.519420067309117,5.403497708442849,-2.416452784335739
2276,6208,-27.879313340218403,-20.50898522147326,-17.995146507287,-15.938437947313044,-68.85637116273978
2277,5415,-34.06150576278406,-11.18288283145941,-20.325281047507325,-8.042481068430305,-73.23512982041441
2278,6003,33.77504277843691,-6.745401952110747,-17.80433897800846,-4.390901091125004,-5.835419624579326
2279,23006,-26.292204246043802,19.806766672896487,4.389192342111736,15.80385510852422,-74.39959383379684
2280,19630,38.93294523573282,-25.554308456581488,6.285465202796951,-17.22766073422842,-8.24453748125442
2281,24176,26.407844978072557,18.735666861971538,12.459793975346221,12.971818231445214,-23.234134438261012
2282,12760,-19.190341252857777,25.447805326641326,-6.317020786789476,18.577986399188827,-63.88288713854985
2283,28538,3.5502143010720477,-11.466480100077394,9.680300535058455,-8.356498078519644,-45.31026693119289
2284,14585,-50.73781125892501,21.155491867068573,-11.108565523657628,14.771494391453606,-92.70055253127173
2285,14441,-5.4600379831157175,-24.784891801943278,-4.780921269010985,-18.566407594224906,-50.03956207084954
2286,3044,17.57045059951695,-4.665156720321956,-18.667378337170977,-2.910028920049232,-22.386724010250923
2287,15382,44.514306846378105,26.655152942740987,2.816075708650558,18.11738296721977,-1.8698215452488864
2288,1188,-12.668565726062296,-12.435221377024558,-21.3485426578177,-8.936760731052244,-52.57947249615082
2289,11924,13.223660022823001,-22.09597271298294,-11.595894460208129,-15.385689360804617,-29.033562943804306
2290,21427,31.366774921076424,-24.7371500415664,7.078969078075805,-16.874218141315378,-16.295073283470938
2291,18309,42.97291633703096,24.5248706565534,8.480656797344276,16.251881367118113,-5.360659909104099
2292,4360,-2.1017252425041457,19.797064591097758,-16.0098323523252,14.55098476974495,-43.614385489771024
2293,7265,8.432595724953213,-18.93671059572165,-15.12013103211656,-13.16313290260318,-32.81896111369252
2294,21984,-0.7025642906378243,-22.602620038717237,1.439842715008853,-16.599687472681225,-46.99223353197898
2295,24317,-20.06350784789513,-9.8240266459924,5.096373446251791,-7.505067380062959,-69.61394369266907
2296,4041,24.450955820322886,7.691580650191348,-17.54388329024108,5.629424872069036,-15.692767423257248
2297,25947,-16.668518670002534,7.034931212410545,5.514305399763524,4.509072487756602,-66.39235951272522
2298,964,1.386031049071307,3.4108190975213577,-21.088757057215293,2.5895463799189566,-38.5299589554516
2299,19816,-35.85587519627102,-20.63928748435861,5.648134310647321,-19.018106266928882,-83.11996972376114
2300,7761,-15.719014430685812,-22.985345704064,-14.384424311637916,-17.22318490856382,-57.79011090511841
2301,765,-12.750083346371785,11.923311914190736,-21.432334261155717,8.758508443077359,-52.86856897175595
2302,10313,-26.867438171732065,25.340662786932256,-5.7315032450010905,18.393405408084565,-71.88028809160437
2303,6337,-9.833083783783959,21.669847710894327,-15.75914892142978,16.06787765188162,-51.59303342454164
2304,18785,33.878007872713866,24.44902183062407,7.753034536547496,16.612847666793996,-14.177145350470258
2305,26027,41.08423239980617,-9.181940312663814,17.2966968644067,-6.092043081171147,-10.177212904715901
2306,9676,-52.236155424236905,8.34999413708258,-12.79037670098784,5.1059212002001155,-89.26402659074319
2307,4822,9.107059710572525,-15.05697669773299,-17.18854684188583,-10.283562935150611,-31.66537791843217
2308,17637,-9.179287273963064,23.48509315782772,-0.30203554611443517,17.480306010226183,-55.54039926654458
2309,11473,-15.933818054398094,-24.737012464740907,-7.296871898156686,-18.621067968630143,-60.019580805637254
2310,7276,13.96929400010444,-16.911033595824527,-15.467314156067731,-11.512470924292993,-27.094792324934797
2311,6464,12.232936756490693,-17.430103382478897,-15.494846007380065,-11.881968689970869,-28.945131406123533
2312,12182,-42.54800051444913,20.75668655613939,-15.391819728809313,15.24062326158403,-84.05013016566969
2313,16480,-19.77500454151918,-21.32086858765358,0.9284137931711502,-17.49844197602526,-66.46977030339616
2314,19269,38.08613434515814,22.876984973116148,10.141777377557872,15.277489320159606,-10.726982453393386
2315,27324,-29.64820127023762,10.172608358836214,7.342513601331488,7.174305677441091,-80.23093334900629
2316,10016,-16.116387717527587,-24.548915304914964,-10.330611552183349,-18.2617681336379,-59.311757816469566
2317,14421,45.3325817223982,26.80640996301658,1.4558890685592152,18.405632990091995,-0.5166262143230158
2318,25840,-29.320479175591554,-3.4799686847143327,7.524684084790958,-3.1101646712359763,-80.23978948035409
2319,28403,16.419350062920785,-17.186868313894863,11.46207359301909,-12.591413828438753,-32.48524821865218
2320,13488,4.866685529179191,-24.071604593178222,-10.255683060486518,-17.26503049570316,-37.94554798141661
2321,29808,18.68163906494316,9.847835882328459,15.348996806044479,6.942384714797226,-31.57083161266137
2322,11108,-56.587420914646316,-0.9291939479963448,-10.513454167539917,-0.6731914945885952,-92.50104241244088
2323,268,-14.692702440401296,6.737418729800266,-22.50334025054994,4.9190220539019425,-54.401255265671445
2324,13254,-15.746538756718829,25.259705187367945,-5.3613776056396745,18.710262866616556,-60.74427379523889
2325,17304,26.03896803939166,26.39439318449316,0.7543949321411657,18.30392415320984,-19.797631848914715
2326,9174,-29.829931824412014,-24.40308074096219,-10.581842849965447,-17.64964477968034,-72.92363220966747
2327,6906,16.4842047592319,21.86119788376498,-11.01341261961451,15.392095461207594,-26.04541478518409
2328,25763,-7.862965125078504,-5.560944619301025,7.018773128833658,-4.103295857725319,-56.952080927582884
2329,20972,47.106401369574755,-23.95318323248088,9.329300167792558,-15.785122729901504,-1.0675518471737822
2330,126,-14.96338735412848,3.507255424121455,-22.814084147251993,2.589580070483669,-54.471317081940995
2331,13537,-39.35816399265154,-23.2145929748305,-11.679280267012238,-16.889950792880285,-81.80137254501389
2332,751,-21.123203161873988,12.2846778393399,-21.69673846454607,9.127193662308681,-61.05474436905787
2333,4655,-38.3892312172547,14.492091774342398,-18.884364542859586,10.375926707047435,-78.08169040085978
2334,23781,-5.895609632569433,-16.46255107256688,4.8488516518079035,-12.034634246049722,-53.78691051723155
2335,22969,-33.07021839600065,-17.205653386901012,7.2266547091474,-15.0514640227378,-81.58658154440613
2336,4844,20.076849865892378,-9.121195752902874,-17.684743806438743,-5.980103413934372,-20.061423011190154
2337,25397,2.4617330658179464,15.17582112968072,8.22833305617696,10.343556349919472,-46.0655198391282
2338,6220,-40.305943690798415,-4.957354309510343,-18.59864501091267,-3.4026944843286415,-78.57530037078318
2339,10778,-23.630028340102932,25.121887361586925,-4.634308740537694,18.60709681150744,-68.94963295484983
2340,12968,-1.480111811499037,-24.81212217521681,-8.888741376984505,-18.268768620702634,-44.74239341137913
2341,5988,38.4781286608868,-2.8702479084627823,-18.28063414484574,-1.8698735885355189,-0.8314658203953174
2342,13924,32.537599828927824,26.253935698062488,-2.111262779506422,18.21561174056246,-12.302651479182103
2343,6831,38.753811507164066,-8.345610234603292,-17.50738612916457,-5.71736893224158,-0.7028498037282914
2344,18884,-43.0989749527089,-24.242611397569373,-3.143141754402804,-17.683134511425557,-87.8086320817776
2345,26601,17.42276185876176,-19.96575596370011,9.640911750013078,-14.537401637365713,-30.98776114037531
2346,16749,35.28387338297359,-26.732070180618546,-0.29917487748479676,-18.335643240599282,-9.83569750534905
2347,18864,-48.872555252414436,-23.013387883910582,-8.152266296550206,-16.694746897059094,-91.61453693487891
2348,26294,-16.161241058474594,-4.363818505862216,5.6629519495225615,-3.402908955383737,-65.9377245526331
2349,30185,7.444907723890666,-2.1019140389865347,12.973792489168979,-1.8207058024687817,-42.25620376112522
2350,6827,32.7112857598552,-8.825350653797834,-17.36153326392978,-5.90136790747221,-6.955265021047972
2351,11014,-3.383106719432731,-23.821114154835765,-11.532707529228851,-17.55741101703204,-45.99456520286464
2352,26666,34.4916009821903,5.78179105729371,17.82200290016417,3.807663962058503,-16.76589506070971
2353,17874,11.75263301191052,-25.555016629796786,-4.920029181788619,-18.248314385960256,-32.26379462153015
2354,9646,-22.41036286284167,-24.72603812358588,-9.18333130127018,-18.1277530705765,-66.04082333595349
2355,8404,-28.80814854097737,23.416797103691835,-14.315889008091048,17.046162566092878,-71.17913874531777
2356,26816,-28.19927198747767,0.7666187797527657,7.168309335836785,0.11812545861965731,-79.24975791998192
2357,537,-3.9756415964222587,2.6205662770967733,-21.86497430290786,2.0723142911476504,-43.73450348430581
2358,19107,5.219826049488362,23.52235081469233,2.946418004838313,16.61958113933735,-41.578787182760856
2359,28979,30.182327183314026,-3.517444584026203,17.831254265382668,-2.5014169322395876,-21.016337869102223
2360,25180,40.492588886482196,3.6418785864389935,18.198406532890353,2.261940963995021,-10.925550375909324
2361,15471,-36.92776526422705,-24.380924234864345,-6.048414466200792,-17.75651904126488,-81.22951166744025
2362,19929,-26.128054213143457,22.054373578932793,2.4311734024522735,17.95362252820182,-73.37361913351111
2363,17361,2.333091019803613,-25.14595267043777,-3.1507990106144455,-18.416451385282397,-42.42915396923373
2364,7931,-33.44038882048934,21.491917954201682,-16.75580960467939,16.23553227553667,-75.06767640178816
2365,24833,-31.162712943980495,-10.037940752570863,7.742351369089621,-8.324110172902698,-81.29594521174181
2366,25193,0.43968150807030476,-20.70769136552569,3.761436718640171,-15.088804144688854,-46.577316203996375
2367,13925,38.989756366780256,26.51847535575018,-0.7621371052278528,18.318079004053576,-6.208899829020421
2368,3740,1.9460713466539,-14.549818935036443,-18.54893446452651,-10.135014798997483,-38.50917192904975
2369,20888,-3.056139292670373,21.241715099700013,3.143605998937088,15.02517895017843,-50.32054777609025
2370,27806,0.530149018352036,5.442398534649248,9.846331851290454,3.4493329926080794,-48.6398626313214
2371,28974,32.97594362339183,-2.1373286020066518,18.08071727705556,-1.5537942435883323,-18.38308399464306
2372,1946,10.385418166352867,7.9526089566543865,-19.00914534769722,5.770310852373232,-29.935278220772684
2373,12218,-35.162639352575056,24.985378336982322,-10.268284804167514,17.38473179027623,-78.58550042462042
2374,8135,36.74254953617112,19.302807551447536,-11.896084869244685,13.955336016904734,-4.84925281397858
2375,9083,-15.022040754726447,-24.222532199412814,-11.779238987761893,-17.987867618934597,-57.841595856228636
2376,10808,-11.673950538113553,25.205019650943463,-9.15295398236222,18.4748593068647,-55.524403888563086
2377,3197,-26.313912035860362,-12.00755071945345,-21.499092104188385,-8.648238750020624,-65.89564089353483
2378,15046,-25.128252134091145,-21.916220408778273,0.6586118675984006,-18.521073092523164,-71.62313295326766
2379,2191,-7.616004650616437,-13.852147156819784,-20.36534403776526,-9.93368376445047,-47.775410840213944
2380,3950,-33.25670809413319,17.397623643294533,-19.585020968108182,13.092849300858822,-73.71473828593746
2381,766,-14.899431993492144,11.424348270138797,-21.6988973512445,8.454773826926521,-54.92901235885058
2382,25908,2.4320907642037395,13.59638184545726,8.850178809799832,9.183163779220038,-46.23992537162305
2383,25114,15.07129207079773,-23.739686469150374,4.967656720718527,-17.082960135046065,-31.87517268185609
2384,23885,-27.812068163938797,-9.204614984278273,6.500363744425959,-7.583107120207666,-78.13512857422577
2385,17424,-40.049704251845846,-24.551828232905756,-4.515146068905509,-17.72341984727433,-84.48799244486125
2386,30277,19.399385744802405,-6.838837373006938,16.1066401057355,-5.15477964406957,-30.96969948689017
2387,29613,15.910877875472947,-11.634938556078664,13.99781560122878,-8.649579493992052,-33.77686152482915
2388,25833,-27.089689973411314,-0.04860291162330563,6.747089420153099,-0.4915071593984172,-78.06876592064702
2389,24885,-3.250197345429553,14.674516842860738,6.540611648014144,9.904936258182698,-51.70566398402348
2390,13140,-53.640831599583706,-15.909601919022624,-10.858514386238785,-10.94018828110769,-92.85996373085342
2391,20447,-1.9396276830616783,21.59478138170196,3.0407829045136685,15.264812523616477,-49.12470947046813
2392,6829,37.32148023245401,-8.941252043720548,-17.300613514529605,-6.061270806325171,-2.214685999619176
2393,29007,23.64970072280663,-9.626004664494756,16.126745444920928,-7.014639564156538,-26.74847054883987
2394,19171,35.19682137849374,-25.92858930492758,5.096941906255521,-17.613256101410904,-11.644240221235105
2395,16611,-25.613567964477532,23.411394516667784,0.5561317371248395,18.6587512100606,-72.33929348064852
2396,18330,-9.427995917255128,-22.427364341826973,-0.0681108278975998,-17.34897779350661,-55.56728774474484
2397,29073,10.298206062242718,-18.714719360186088,8.718709809602164,-13.662618378849977,-37.767847516628514
2398,6002,28.157780537200818,-6.189185912329631,-17.88510965114109,-4.051747928225303,-11.582108618531375
2399,5565,29.44305591088729,2.406181704415574,-18.22958711126004,1.9870366405623519,-10.142255168374405
2400,6103,17.991452005853688,20.145458799599837,-12.35316262880046,14.19660512659843,-24.056412956560372
2401,27791,13.966484238617923,14.042840018146205,12.765847793009588,9.842653876145452,-35.5372599122323
2402,8786,-46.143611474255046,-6.1410273664442565,-16.03743509015334,-4.2875221784411535,-83.7655610183162
2403,6666,-37.930810761464066,18.157200064370333,-18.336685009791783,13.50263733680736,-78.67481681827425
2404,22841,47.67070957096549,12.460301960176642,16.577562638433136,7.841557679329292,-3.4868987909427522
2405,29645,20.052353833593482,11.163924532034732,15.234212274573668,7.841016000574615,-30.17159186538727
2406,22167,-16.691820745795987,16.386950041619066,3.8927998026962705,11.721516135837117,-65.29480948495217
2407,8994,25.226608126798826,-14.272273130465683,-15.717697684235405,-9.561331703315865,-15.330663530379063
2408,11599,-17.95646784525706,-24.56687896077571,-6.3136958443469275,-18.629296418623646,-62.382259304027485
2409,25562,26.155593299108865,-17.04104801501332,13.212817782492477,-12.160861239466293,-23.37872805701909
2410,13780,-4.259675322888736,25.413231640569503,-5.0834279426467575,18.573190815492165,-48.99831985555559
2411,23797,6.954159568012623,-22.925320444931568,3.407829913949726,-16.722483154697493,-39.69678998596298
2412,2333,-33.093590403479176,10.844257199435246,-20.516995391609377,7.683194251080655,-72.48006282850982
2413,5967,39.29676630254181,4.436684876360529,-18.18910205143477,3.719148748118493,-0.1308095682232395
2414,8411,-24.594666444430775,23.635364004824915,-14.210527022100425,17.220048667552152,-66.99207059144192
2415,26973,17.5158949052439,15.577503776702637,12.962441682653356,10.968702969969073,-31.96388544099866
2416,26818,-30.646363845959264,-3.4629688133917536,8.182704903532231,-3.1586754673280533,-81.73205926422098
2417,1781,-31.530232679835052,3.898204305499272,-21.343985904532108,2.6747267954876772,-70.45750554461443
2418,12942,-13.23091619064615,-24.54300102517391,-5.214190491849248,-18.695550503383053,-57.88592362774115
2419,4387,24.83111754145351,2.986458526171404,-18.218303998068865,2.5049558941305072,-14.981637714523384
2420,3460,15.73505541579962,12.170401550984822,-17.004033530131103,8.67492551514465,-24.8656659751229
2421,25071,25.493934830405724,-18.299909562011806,12.33799468195047,-13.04802716569111,-23.788794872806434
2422,10632,-53.82143794157344,13.581489629327267,-11.204123162470916,8.623953185646673,-92.00915081684835
2423,21750,-2.3878131869572248,19.596558343078897,4.473622268775879,13.657048136732843,-50.061595483912676
2424,17612,-14.626594585727501,22.636608888345272,0.5624441097640555,17.226872482289437,-61.43842751516172
2425,25678,37.29405219361577,4.79473113909575,18.0655129301979,3.1042367536410813,-13.991667993293712
2426,8739,-26.78936245358255,-24.58931069057575,-9.286275724860648,-17.931091153265225,-70.35083391770523
2427,17239,43.97585334547369,-27.03846492802836,1.1158579213399251,-18.304764567576274,-1.3893954805571744
2428,24833,-30.649184983064373,-8.71864137922309,7.709620215088586,-7.190240016583515,-81.06145924068694
2429,8209,-23.473992836816894,-23.057529259908097,-14.682631847874298,-17.17483476302484,-65.41503911065033
2430,25470,-23.31426055911524,6.89170318257774,5.730565176064696,4.540908660125377,-73.74688811831321
2431,24073,39.21533187881162,-14.971863961346079,15.414454286745332,-9.933416578838667,-11.351596640798887
2432,24961,-24.9452390520843,7.463572326262341,5.996292372845151,5.007368624207793,-75.52752370054175
2433,6431,28.764544094543012,-8.344521975085906,-17.474980609228002,-5.556071428468686,-10.984169465901726
2434,16568,-42.31107338749871,24.996220220948395,-8.226528647145315,17.09515807383506,-85.97902967195692
2435,2100,-6.721811402700928,16.310138445857497,-19.179128313576854,12.053149815898179,-47.43983788998345
2436,21596,-16.555764012681628,-15.133969888625769,3.9364714129754255,-11.554571844797266,-64.89336335313551
2437,172,-9.25646795014618,2.0225658524525096,-22.49182629321938,1.5897144073278116,-48.863768818134076
2438,7734,17.669046928631076,22.67110369352231,-10.051509394931546,15.8879880747055,-25.085986067791683
2439,5656,-5.79851208650651,-19.781858269881106,-16.849812635424072,-14.575730048716139,-46.91622523157369
2440,27761,-30.58385794709154,2.13944436996935,8.180159550180855,1.1128999515872526,-81.65368459189887
2441,27851,-17.27986316488582,2.9678863327055156,5.687891401905416,1.7101366286767898,-67.16280429810766
2442,12550,-37.69913871482547,-23.138094728836172,-12.462327981664998,-16.904170593189377,-79.99934876676322
2443,12448,44.22728537591654,26.02923677132791,-3.3441119523006,18.294186331769335,-0.005754645521109159
2444,23796,5.502320431047101,-22.734877286180378,3.1784195516041684,-16.58496542514971,-41.12443246693552
2445,11891,27.584129434685906,-19.505664346677193,-12.607793656489694,-13.322190002434743,-13.868547634140134
2446,9195,-26.393849901401058,-24.563689273918225,-8.083079653999587,-18.109253478961904,-70.33608799011662
2447,9080,-16.711693843041253,-24.0443143850432,-12.34661583613035,-17.83786638672312,-59.35428005696697
2448,6240,-40.687086953016156,-6.92044256494526,-18.443395815991817,-4.76005818438327,-79.02819111598554
2449,10467,33.87803634831942,23.185632822237803,-8.154938901422582,16.42546173188402,-8.975804655672587
2450,9021,8.119374737839493,-20.59725150943327,-13.903909288749418,-14.42571785651996,-33.52828382206234
2451,21754,-21.330747603818793,16.99046515864831,4.1247325980719545,12.549203318400401,-70.07055378288838
2452,26926,-11.082650686364788,4.428173776754651,6.457629714868143,2.668873314121446,-60.4981842592185
2453,28292,15.693368014083736,13.657395297276056,13.362606683217734,9.629198077456728,-33.99861293890654
2454,7019,-43.32570164238093,1.3926329467158156,-17.33996107870498,0.933232912248539,-81.16617265594746
2455,29212,3.875488665717733,3.5383228714021717,11.429410755645836,2.1552555439848136,-45.537419658572915
2456,6966,-27.819403624426943,-22.076779643267606,-15.988753737722817,-16.77657328373173,-69.36782293996549
2457,11674,-53.98963557072775,-9.422579670212693,-11.620889048141947,-6.138253829005391,-91.12996676571052
2458,23108,12.215765190162315,19.62897873471898,9.07305333478528,13.828314707100855,-36.20716613118129
2459,26786,-17.049937476896947,-2.647937076929139,5.673937515133975,-2.2305325274423367,-66.97806811423355
2460,30023,15.020905852333293,6.6851427860754615,15.217949719001057,4.5569331817219965,-35.1512843260525
2461,21840,40.94809558327114,-21.713608663387504,11.25490126235336,-14.477793716398944,-7.983030792495089
2462,5151,26.889289918385625,5.283726034316412,-17.882601214624,4.061992835608465,-12.965594610589353
2463,22059,-28.050080227532597,-15.400378691508664,5.547967507936822,-13.085290662734014,-76.8301059612501
2464,3686,22.24093325120125,6.665150594242949,-17.896380087975224,4.858182035751275,-17.83993629855905
2465,26993,41.95209542942715,-6.505618837847054,17.8307680666354,-4.279901992600561,-9.529073950181306
2466,25025,37.59794692220896,-13.320277231496492,15.986526047864647,-8.98710862036439,-13.194139948461052
2467,27756,-19.125741884260716,2.985879999732676,5.611510195466986,1.7263559608527095,-69.22675716252559
2468,1133,4.7159362298027006,-1.3469352168069333,-20.738069887252834,-0.656838372064237,-35.23405096469523
2469,23536,-23.03752910461491,13.20443491791131,5.149942696884144,9.377091895107716,-72.68545786117755
2470,6084,24.01256680858268,13.840808415536149,-15.52046574431879,10.00259362161938,-16.813067155517018
2471,14784,6.811161648606983,25.768213890524468,-3.7757152950378607,18.502852364878578,-37.97073165059697
2472,3922,-37.27944731715842,8.009104576950776,-19.63011254192355,5.471612622026392,-76.08891335915595
2473,29805,17.137236815373893,9.54431652668432,15.148126842282805,6.615166259319163,-32.98767648281776
2474,10153,-53.79951384310368,9.93284999119487,-11.699290771635095,6.0936973821227545,-91.0085795660755
2475,19197,26.212584746593357,-26.355459057160203,1.4126446931126864,-18.25643828496618,-19.572015125349125
2476,11605,-58.14696038362582,-2.941001848772165,-9.550721179233422,-1.8385355140955655,-93.93374614727837
2477,11764,-22.453862530395693,24.70474623334004,-2.9920003748573922,18.804425810035724,-68.27853079903393
2478,25178,47.33159982389373,4.273583233364192,18.138206059371328,2.698778784707329,-4.286203875215341
2479,3320,-2.889337570506115,18.515654495017035,-17.14043010138753,13.603537021812727,-44.12383032291671
2480,7292,27.88515982818205,17.34183026678339,-13.458110475102536,12.454624775314397,-13.459442044027503
2481,19265,34.74704123586032,23.6631937668869,8.940519979938948,16.009333033371767,-13.741152367434253
2482,22874,1.5368715691019565,-22.541051815398372,2.1328205814619663,-16.468055095356917,-44.927167486863375
2483,17269,24.128927971772363,-25.708451956850666,-4.5963594304777375,-17.82500528859672,-19.841238731145346
2484,29017,21.833319558549274,-10.867176958855225,15.511753441245276,-7.89380694571955,-28.397673276296015
2485,20604,25.794598209683564,24.641992080390352,6.412348760443046,17.018275952059266,-21.76295908783978
2486,16103,-37.958956958665794,25.27145937467271,-2.499116501899324,18.07239576813524,-83.59505062734468
2487,7661,-9.914751982481718,-22.052248007057436,-15.188023503353188,-16.36856428668613,-51.52429110731991
2488,4051,24.249726940346815,-2.7416035325493473,-18.353555112714176,-1.5532065685326826,-15.508392845361193
2489,11558,-33.9694900207174,-24.122122721148088,-10.443463965306483,-17.474601136111524,-77.01478567940384
2490,2426,13.468843692908635,-3.915534266496853,-19.225260211987347,-2.463552376785417,-26.513622437211318
2491,1710,4.602787648753127,10.926057908931702,-19.233268797044477,7.837442688208863,-35.792445124223235
2492,9191,-23.943313340597477,-24.751231970047098,-8.541116476461651,-18.13963419348298,-67.74652456514414
2493,562,-4.988826794426205,6.703885451341233,-21.580788418717276,4.899744418753623,-44.841653829728514
2494,7224,19.402783212316535,-13.448004167157404,-16.420902254898863,-8.978901187474923,-21.115574563139337
2495,16246,21.626397302852713,26.155289355745676,-0.7226769788705231,18.35712904331202,-23.8247696397418
2496,8205,-20.94559521668324,-23.285300978847182,-14.214673870977165,-17.324573874244965,-62.9916110960625
2497,24252,0.8222339411260413,-21.655216528045475,3.030515807957342,-15.759166398764803,-45.900278816679105
2498,3168,2.1159256129479704,17.5720271402522,-16.826523103253145,12.68915722941966,-39.06467418734949
2499,21405,47.32185209306824,-22.691026418587146,10.686992449385944,-14.902166228309614,-1.479771301950049
2500,3901,-31.91130011140527,-7.111137664425192,-21.100857999365402,-4.948227250714786,-70.88602469327635
2501,30816,15.48904212853254,-2.8895486975127556,15.745614273431679,-2.335750711673527,-34.839665272546696
2502,22619,-0.21715160346969964,18.563028578917972,5.677836950173406,12.81461389430778,-48.08531165085289
2503,25883,9.67058873292538,16.338545841704942,10.324834810326687,11.382650221727898,-39.234522712917965
2504,5578,30.6298440905832,-1.2173729022394637,-18.328000641712435,-0.5362681717572833,-8.842040819295693
2505,14418,33.4051211803506,26.512931958842014,-0.18366938331612312,18.336747262423778,-12.059512912082766
2506,10886,40.15550020962351,-19.412678315732585,-12.478635438423956,-13.464767420372212,-0.9168992443073113
2507,237,-10.514110178520243,3.2488766813330963,-22.543943608162284,2.455753390822007,-50.144493548360984
2508,4636,-36.34982349638886,-8.645610420662589,-19.910123824348766,-6.10689283339389,-75.2272034102386
2509,8751,-48.32752757992407,7.849524024673518,-14.823013216458136,5.18052322526176,-85.96739961123993
2510,278,-20.06840514320797,-5.711046361015895,-22.704548676585677,-3.979260799003824,-59.40953556618941
2511,28588,-0.8370039275256711,4.005701212327998,9.446158176897626,2.4222382807033416,-49.9848429199431
2512,15389,-9.186214145067554,-24.028749552134727,-2.840621486927768,-18.369312144322418,-54.39314359068462
2513,22913,-12.392655477502915,-12.37261904940532,4.987142640005025,-9.156983806061215,-60.996935820692634
2514,12947,-10.387219427734859,-24.68870305854658,-4.9720718937687565,-18.637341049048885,-55.098974982641565
2515,1621,10.101331904117796,-3.105278731732723,-19.786923367335614,-1.8495434134433142,-29.768938688405918
2516,22267,46.62502808969448,-21.186014051620923,12.11826110618573,-13.762012332247435,-2.7155401109759643
2517,20987,33.102644625519986,-25.133371246517314,6.698214387079605,-17.062779611922704,-14.42123655598309
2518,15696,-5.048424252614611,24.57818971312725,-1.8080459515616807,18.005210621776996,-50.733355570040935
2519,17324,40.181284005531616,25.425780143565973,6.574264975584567,17.119700852447203,-7.543454757166336
2520,9767,-38.28695084069097,21.32511326140287,-16.055900021580054,15.960761773670601,-79.91907808396745
2521,7702,34.33954756691525,16.545290084884105,-13.824395140360265,12.044303761570308,-6.653921763085366
2522,1155,5.958969053346331,2.7545558646018584,-20.446939207148226,2.0415043891639226,-33.9966767231967
2523,20486,13.688508111539758,23.62975725251659,5.340515691343693,16.736035023472446,-33.599431024022
2524,25699,2.504039464121264,-21.233442222529046,3.971001275940642,-15.39925981811119,-44.46182658399802
2525,27789,-32.94054656831689,13.776452143484287,8.414609451634576,10.38198554091325,-82.93405276476562
2526,9051,40.44942048830716,20.802788468626062,-10.517278986540239,15.016845605891834,-1.4694542305782776
2527,22962,-29.780475315977366,-16.194611994481786,6.075935609020351,-13.728488524309606,-78.65262682471113
2528,25517,48.05981356025935,-10.71592946095205,17.001185525772012,-6.872403124958428,-3.084391310986487
2529,26373,-29.616732723360588,14.106034431362447,6.803932921064992,10.487296952145206,-79.56065084288281
2530,12311,-5.8909046226952855,25.327441195923683,-7.294873796213361,18.581910059436886,-50.07765977087448
2531,15210,-10.27727419851344,24.45069154795456,-2.4818476368388795,18.342324998092394,-56.00363101987985
2532,24936,-17.445744275497095,9.37320744113805,5.249654072847195,6.280734437951302,-66.99320233274692
2533,20718,-13.439335456853748,-19.662130999640468,2.157233084564915,-15.296254187595554,-60.56518872534252
2534,24523,19.766633850362027,19.803769572820702,10.710941137366317,13.961919047072438,-29.13922635537629
2535,19205,24.767944807372995,-26.398010340196212,0.632018864292496,-18.307692715404315,-20.73851678131345
2536,13635,-53.052244475867724,-18.136912692140463,-10.702760137666088,-12.734968967919643,-93.39755045468334
2537,21406,42.274061694273804,-22.619443586274496,10.484590903399962,-15.044333548373091,-6.35560875600711
2538,2217,12.634713629190523,9.727573935395506,-18.241542996127627,6.941241722172096,-27.79080521592035
2539,13668,-45.087220021816286,21.49381260314182,-13.842545840145318,15.510595987198954,-86.86879183173785
2540,6649,-42.05862377551465,14.988036508252168,-17.40949416300728,10.563320978666265,-81.69329407075921
2541,1166,-7.053157660480952,-9.058839062637219,-21.50819389597605,-6.29522625767877,-46.85564577928497
2542,22211,10.592913993050788,20.644112434110774,7.663442245547673,14.616614267556018,-37.479634494194315
2543,4547,7.64652154897541,19.313886981373543,-14.699323607528132,13.828886087153187,-34.04665296559738
2544,14887,17.933668449006614,-22.48107138248322,-10.56838008154962,-15.510674658751238,-24.348161214302923
2545,16197,-0.3301865729432074,24.920686167901437,-1.3836024578644914,17.869460165065135,-46.072738998834566
2546,1500,-16.668134764758904,-16.047754296623012,-20.5524378374025,-12.050824005354531,-56.823231710701826
2547,3907,-35.70500826795084,-3.786386434947358,-20.207798847241776,-2.5539797495513765,-74.35336501249564
2548,2461,8.300182722107323,-10.151639375347555,-18.99003328780168,-6.828549369807787,-31.99326209024474
2549,5711,18.745265883873554,18.790783107879793,-13.321301335648869,13.218653697633231,-22.978368544012632
2550,14172,-39.256592105310354,24.80182741537374,-10.02192214987635,17.088378053538456,-82.53969145738621
2551,14367,26.152213449674854,-23.220333697679763,-9.122635421295202,-15.975443450360254,-16.329909613941727
2552,11758,-23.81152021597476,24.69990524582104,-2.8934166462934554,18.795459367138378,-69.66205797912171
2553,24933,-5.8286131041152975,11.56008154205927,6.688158498827044,7.662321524725922,-54.671586354007545
2554,10290,-23.936793886264006,25.28157905435965,-6.443934569174488,18.38653194026952,-68.74920706118226
2555,1190,-14.038612909705344,-13.27882830735205,-21.240164828164595,-9.623595865876995,-54.03588407682116
2556,7126,-21.471489976684914,22.247442391695266,-16.14607693511099,16.82463695194416,-63.27743456048937
2557,7869,-37.253530508734706,-14.601440360865599,-19.233264641755422,-10.755824582229865,-76.89174425438392
2558,12160,-55.64507475369164,-8.583310263706505,-10.689809204364812,-5.525717596288927,-92.45664476337689
2559,8865,-27.603173277063235,24.282861340626685,-12.81409291382227,17.347835421153874,-70.36126587243162
2560,19141,15.092469136385018,24.869110338655275,3.5872400988170163,17.587608221846118,-31.692852551809793
2561,7860,-45.11245875833937,0.7895780185570775,-16.574545978850807,0.4378633408767725,-82.6443669837556
2562,6430,32.209626901363094,-7.1563480624063525,-17.712398022674456,-4.7491664786921755,-7.368877333649352
2563,7685,12.32718954642252,-18.873947506334478,-14.533998375535113,-12.97243279559083,-29.071723546529714
2564,3002,-8.187737901972202,18.236996604550345,-18.381975858633524,13.58242202610543,-49.147221830845744
2565,16133,-22.452250675159497,23.015927264940252,0.5620021754309296,18.21345383080604,-69.30968393962587
2566,30767,15.03208595275955,-1.3468521116854193,15.733341475253926,-1.212119556279624,-35.24910821161404
2567,16233,14.404006737225068,25.988531533178453,-1.782863530783108,18.434329104352294,-30.79984816791757
2568,14281,-0.15318775137091153,25.528068869499585,-5.184008844084119,18.556728276340273,-44.784561738087575
2569,407,-15.353015326099023,8.676098954311561,-22.251537933815676,6.362820999952176,-55.07241531994847
2570,28067,30.733329231347557,3.8026129283077243,17.872679575053645,2.4512548852010294,-20.425305324043364
2571,23750,38.87492919797511,10.006357794069146,17.135425654695204,6.532083983321725,-12.260010968109638
2572,1113,-8.486686950020434,14.233427516245623,-20.262761091909475,10.524762329198158,-48.90268013591993
2573,24287,-6.314758668563978,-12.987301898815568,5.983940583084544,-9.431311071052166,-54.75825221601283
2574,29896,20.344717021772777,9.799428038966667,15.72520923654269,6.762535746737104,-30.068126775897383
2575,10809,-15.905461757054654,25.380855483595674,-9.034632225794898,18.448632502510456,-59.69699684744908
2576,24006,-25.786788004407075,13.949301418424595,5.602527473131275,10.14892408019513,-75.56535207258142
2577,8221,-25.678328894797993,-23.634812742217804,-13.26630405782593,-17.358489682659943,-68.04032313432151
2578,9950,5.284892524125516,-21.256495279514123,-13.71794984293931,-15.091421864375485,-36.43813502410019
2579,28373,20.43418284527514,-14.280348347393726,13.86590685775069,-10.478429786236822,-29.22666496642409
2580,23587,17.422135159091265,21.009855223425042,9.179074465731489,14.869761275648504,-31.05903934077617
2581,9797,-28.895129018492717,25.234283580411784,-9.396673743215526,17.84245744385607,-72.71663718287975
2582,7039,-39.623748981067116,-11.107016785035539,-18.798226071277732,-7.88479984427202,-78.4425857202341
2583,14132,-54.13188567295238,-19.0155264183795,-9.710249898470648,-13.398619864241084,-94.9965435008528
2584,4689,-25.517313153039034,20.411189010101932,-18.302518384750005,15.808592924782555,-66.76002307681303
2585,22821,35.64886787459803,16.206194446833198,14.790390280674252,10.796605978725552,-14.728441001524704
2586,14743,-5.856335602151934,24.823496222341515,-2.7939323950154242,18.291277833857976,-51.27949846304874
2587,21932,33.648388701163874,20.00233506909575,12.37582868135815,13.458948147482394,-15.895728961711617
2588,13426,39.91214614133354,26.12899145445172,-2.5305875235624278,18.162908810295747,-4.790925839895332
2589,12650,-49.989900896308946,-17.800201131036957,-12.815596712181282,-12.589332453730949,-90.18973940628621
2590,19238,26.238930104091246,25.59947769228265,4.198298659671972,17.76184469616225,-20.75879750005909
2591,18213,41.72562958826031,-26.76752740112204,2.4100143579570785,-18.179029387205404,-4.210518435911759
2592,8132,31.88313107259737,18.42045675995063,-12.700662857627556,13.228220056736212,-9.599239764439023
2593,5238,21.34010540603535,-9.321008145465408,-17.54420664702691,-6.154684618059419,-18.82076590553189
2594,7892,-45.30864612298249,13.381073888923954,-16.037170309519784,9.133479560288835,-84.24457857964198
2595,24696,50.14464670457314,4.94034669141396,18.059253577690846,3.1768766350420257,-1.5059224190938718
2596,22579,-1.5533062536918751,18.667549362596645,5.244728079540618,12.910941100617773,-49.371371543095364
2597,6984,-32.494552686395664,-18.88342340349463,-18.864474756957907,-14.680887185425782,-73.06782862531676
2598,22878,4.476700964211207,-23.29640464405446,2.0817105711112447,-16.967922928687628,-41.95599772765995
2599,2031,-29.43069731012908,-4.138891686552994,-21.801421808654165,-2.9090973364566883,-68.37971900477791
2600,19288,-3.7146916279198856,-23.439873250787702,-0.6050590734398108,-17.522717555523226,-49.53459385915112
2601,7780,-21.74733435069524,-22.59023529953319,-15.430005618849643,-17.018516323388223,-63.365530122534466
2602,14508,-40.68291271447217,-23.583805772536333,-10.376025340455007,-16.962825317728818,-83.48979407922268
2603,8082,23.445266259928314,-13.853141083557903,-15.976078811770646,-9.288502652997861,-17.051969107076637
2604,21402,48.95504214564421,-22.298520551914272,11.425910949527118,-14.65883994816812,-0.06599101483362199
2605,5549,35.84315575219498,7.049756955976876,-17.471772876230354,5.566145996726866,-3.9381703596739492
2606,5693,23.145269923297715,15.531793714937463,-14.825331543718185,11.073897144592785,-17.89423514100624
2607,20864,-11.147640917280002,18.873835634419954,3.2702342036854803,13.49047686656754,-58.974812910824994
2608,15919,0.9578260113198541,-25.22956184273972,-5.065931109699536,-18.54972137841982,-43.24069789864697
2609,22782,16.352199572908855,-25.00050759291493,2.916138119486292,-17.875149888301785,-29.904188973322576
2610,11376,23.301460953365055,25.35865524910282,-5.190349813232878,17.690646420781874,-20.78068839632422
2611,20711,-14.998028462256466,-18.601210948856888,2.6382961622300103,-14.477767004789078,-62.43542377392756
2612,16934,-42.819511508741,-23.881365488656765,-7.940375362201233,-17.119302445181624,-86.21428997763022
2613,22890,12.473103859498877,-24.59141147762751,2.6752202468380815,-17.706420367732306,-33.77793303817234
2614,29579,22.1434285312702,-7.550133055447833,16.415720665551547,-5.638591732192464,-28.387894101225672
2615,11948,31.663528021608016,25.1697343368049,-5.3416673853848256,17.543633122802405,-12.15640064416578
2616,26755,-3.9675913540563736,-3.5704178947730636,8.301512237180512,-2.6850013658553213,-53.08245910100622
2617,28562,-5.082776609635161,2.223182802039753,8.033616678349587,1.2138393296093066,-54.34615565780541
2618,19774,9.845781488563395,-25.086679491546406,0.20248846554276123,-18.172322436842958,-35.6559030553996
2619,17224,19.840455422605736,26.13987897920368,-0.3438746450600926,18.37436428355692,-25.76565172250042
2620,18912,-14.643205805746453,-20.798953196178093,1.3485227801737796,-16.46128833137449,-61.44691116132792
2621,25684,42.70472792701615,3.3373691260463407,18.2258995329709,2.017126260903649,-8.806562698012549
2622,14045,-15.150749850920283,-23.644901542953814,-2.906622644677115,-18.653461330138708,-60.56931145431942
2623,15728,4.766128548703371,25.619482143734015,-2.515946333677314,18.39532958219974,-40.48066632256028
2624,11015,-2.141962530889904,-23.135930452149942,-12.583936894930089,-16.940747813589773,-44.33460389702842
2625,5952,10.960055419583474,21.69154284260322,-12.058488828370004,15.434766739397322,-31.431645910323223
2626,26568,23.23216603921648,-15.785998800527457,13.53839929275789,-11.457919681382212,-26.338097344286844
2627,3069,5.039999094939737,-13.15193796791032,-18.62036103520089,-8.987425055347472,-35.397294962970946
2628,5129,4.182070805325968,20.719785278191804,-14.163630597236294,14.978806909244835,-37.77918918741872
2629,3322,-1.672827411211295,18.46165109799718,-16.979200099525762,13.450359661461855,-42.87668183555393
2630,16214,10.307883595667874,25.74549017859267,-1.0638191613641839,18.3731422249422,-35.177396676016876
2631,20082,39.32368926695819,-24.93038010646486,7.492873157488324,-16.737956102765267,-8.282637883795173
2632,7200,29.07802199119462,13.599921311935681,-15.46147972869497,9.86130771666115,-11.566595734287741
2633,13847,29.77405500845606,26.04988424030527,-2.5030593270590376,18.173308499951204,-15.045057592885323
2634,12538,-29.34753276981771,-24.133607241564384,-4.726848190530485,-18.450210001444347,-74.26642615991291
2635,2767,9.784177860547336,-10.673738822368101,-18.609959798396332,-7.143125733114799,-30.503845240889724
2636,14333,25.46526913584342,26.058229648443508,-2.3320658221174653,18.218582593044253,-19.464461680607158
2637,22391,44.84412239947323,14.305148816496365,15.878447790855887,9.174780731080382,-5.994680128301033
2638,3527,-27.77994319056158,-11.781443221144034,-21.334577607423906,-8.502291057234649,-67.38252625840661
2639,27808,-0.7941046506011189,5.797973760867363,9.274577000535587,3.68367463165843,-49.93168409231251
2640,21106,-10.400365743472467,-20.05871602114342,2.142256115306761,-15.384136857354783,-57.38253313111174
2641,8641,-10.926723330890923,-23.852897777449225,-12.273683631559546,-17.721125261720918,-53.54013239044882
2642,4275,-38.049870583428046,5.723020946420919,-19.415206522005768,3.8779084919340505,-76.60755545655482
2643,17817,35.48355757631553,24.789935958697257,7.366876936413146,16.79285851483234,-12.437127991686104
2644,24665,30.40305358637895,14.537237709341358,15.216570920103667,9.80766239828023,-19.976003287761387
2645,2421,16.29904099811429,-1.358195096411621,-19.024602152761254,-0.6827034827441472,-23.686057461181644
2646,24800,-21.47557128723895,-8.35679843711128,5.328160251519789,-6.516545984192451,-71.35034197980164
2647,1391,5.547043770784262,5.186635058273356,-20.25002336094034,3.8218763215854104,-34.424007101399525
2648,14811,20.764374547871324,26.05731974437122,-2.383841101484904,18.283072499217244,-24.202333039655997
2649,27905,39.327585580235244,-2.8539885836808265,18.234294225194596,-1.945097408458508,-12.18846943754535
2650,8114,10.079706783817288,-19.665297208266686,-14.322563701010722,-13.65627281104225,-31.448636232980743
2651,20973,44.36027442449282,-24.184380823247313,8.854061914370071,-16.059884029848597,-3.6748504181944126
2652,11805,-8.074348583935508,25.316392041154966,-7.647797339312103,18.585144831771576,-52.21462025724662
2653,14320,17.57130490724496,26.017506229605644,-3.1916417802718517,18.28114380553685,-27.318595151061665
2654,11614,-52.39309123944917,19.603181316893394,-10.75812702099653,13.25934673434827,-93.41868816405261
2655,22502,-27.28046278196213,-14.387440136148994,5.6158386445568755,-11.863506062577859,-76.4973539426458
2656,4007,1.968430922585498,19.27662656885068,-15.69218952454273,13.995291965908114,-39.581224453663026
2657,10159,-54.19087030484712,2.622589505057682,-11.877260581971434,1.5994130319551458,-90.485107785061
2658,22376,32.94850403030822,18.34592982969018,13.416624695123648,12.367267352161416,-16.884326323608704
2659,13846,27.364108420558082,26.01940991071755,-2.7333880604066767,18.157152408606084,-17.463371154663527
2660,24886,-2.1545209765328175,14.18076471429672,7.024056147528917,9.566543721811577,-50.67521621242666
2661,29618,15.568140098113375,-13.524502987299867,13.13703151862912,-10.032900394974646,-33.87473093146559
2662,2683,-4.264734149329219,17.578044395642607,-18.037353202571314,12.937301092970728,-45.27320306585851
2663,11728,-35.01150262575166,24.471769487267768,-11.379333882016532,17.24493631917761,-78.05467260241754
2664,6421,21.347550983735857,-11.638728792998739,-16.92644490150157,-7.694828641404133,-19.04978625921925
2665,7528,-30.362441989916643,22.429736642382167,-15.821010311292724,16.722484827426477,-72.28246961009945
2666,10925,4.43440812253986,-21.964586644730975,-13.110340477162826,-15.708883601528951,-37.59287758517525
2667,8971,36.63662915750303,-13.435968719983308,-15.773333093050601,-9.339604129571404,-3.5638136130304376
2668,12046,-31.375002623489994,-24.4580602299016,-6.993944838196299,-18.083530086231413,-75.56004195964674
2669,24592,23.987196428111584,-21.01102848835892,10.112754439426386,-14.872177463600138,-24.6099904723565
2670,11951,43.647780252540315,25.37908548938217,-4.6808046988099825,17.967225375774692,-0.13488683722251413
2671,11988,-8.908698307040138,-24.853572733016033,-7.866344987808681,-18.572221175245712,-52.628773566869995
2672,27302,-31.007174409008027,0.5027318588300584,8.385771079362003,-0.2072949793679493,-82.0705818481689
2673,1732,8.442878657733123,11.25261229157468,-18.45628193449383,8.116373900785428,-32.04748120466465
2674,18402,-39.431268100502955,-24.048109026183425,-1.4233178888745492,-18.129173924175948,-85.01843406670824
2675,21883,23.186642242477763,-24.343742956109423,5.921521902256557,-17.15408353097705,-24.006854019199842
2676,15990,-17.778490520722617,-21.690075758917107,0.28299024256512256,-17.679748563828547,-64.22947210656221
2677,28315,36.263789836737224,-4.6767763654222225,18.007007953668918,-3.214021206590064,-15.13116152819748
2678,120,-12.947090047659778,1.6671616902396356,-22.796433407528045,1.2794826920031925,-52.46513350531177
2679,29917,24.56409310484799,3.127372494192721,17.45354991163195,1.9818455052291628,-26.419616838549224
2680,18214,37.97845743186574,-26.778412983381042,2.3220886121357855,-18.191148642689328,-8.009384519831247
2681,2592,-28.856243545124876,-7.525071067844381,-21.699654378543155,-5.2566333441726085,-67.91806733948178
2682,14416,34.74908245603343,26.5759510321958,0.4648413224263872,18.33236697436897,-10.898411381316453
2683,14296,4.591283744100432,25.57784069185166,-5.287998503149289,18.499194894367353,-39.890550909647374
2684,1759,-24.460901276506313,-9.208178917459184,-22.077637976206276,-6.580186861633742,-63.86853412313478
2685,1268,-28.13094017739014,-2.2975452250139283,-22.092463142768104,-1.5521266259729551,-67.18772742674243
2686,1032,-18.124898254787713,-14.070697039153606,-21.26654473809917,-10.372512812616424,-58.02698666024832
2687,26043,35.996229750850645,-13.223070139654784,15.963092871826083,-8.97015098662808,-14.714297755731021
2688,7050,-43.40104290175915,13.851481659714164,-16.908948028315894,9.576100557540475,-82.64915351956343
2689,11405,26.599253689339832,-17.6326036027057,-13.92498901324534,-11.96351961754537,-14.45303633357059
2690,25222,6.773277835272312,-22.109946555490993,4.427239939235704,-16.104189605509646,-40.165931496968895
2691,9720,-48.8206323181564,-7.734255383162741,-14.617273477128483,-5.256830227891829,-86.3237515378364
2692,29444,7.872262038392315,-8.473295560352733,12.242081113534123,-6.333961603123272,-41.531199101830346
2693,1202,2.9268153026814816,7.500071831191349,-20.293021430916866,5.461524850373596,-37.12719787638158
2694,15543,-27.14684386387001,-22.266240147110782,0.3556211399515672,-18.837241720493225,-73.478161186655
2695,6077,10.939186105927044,-16.846223824670744,-15.982788681754302,-11.569011807790904,-30.163689458711065
2696,7796,-11.347038061115814,-22.663946613542887,-14.370206577987137,-16.925346088627574,-53.30122746508104
2697,18791,38.54715771854831,23.77131301606948,9.28365329995862,15.813772413646348,-9.980886903664253
2698,7955,-31.68452296621219,22.404292177047907,-15.835004042695477,16.68428645478226,-73.56887886535236
2699,23637,31.32043763328125,-20.02389792477102,11.804808451376296,-13.890879026926562,-17.803576419828307
2700,5268,-8.14387442111374,-19.936734188594357,-17.084601028221087,-14.835695542289654,-49.19707265050772
2701,17646,-2.420244212006478,23.555210666271144,0.7489518898681657,16.865785455446886,-48.85468106698964
2702,15379,43.314632902129276,26.643826307988626,2.2331080182788527,18.20215255120496,-2.897028221387844
2703,12893,25.967590658541795,-20.82468781105294,-11.614656793735278,-14.268619899294405,-15.872630448985973
2704,5878,-30.334504916630593,20.58079379523187,-17.94577796665449,15.779084255672474,-71.59398251409173
2705,29416,26.023714676780088,1.5683042233349642,17.67378491331296,0.9005715221788446,-25.08942274955928
2706,27036,25.68259891924886,-14.50207059783232,14.590455962597991,-10.29148607090472,-24.342306845002593
2707,19361,-39.665998974937516,-22.439339491265766,2.942248866953187,-18.643277123898464,-86.32684616775785
2708,9042,18.161526047746232,-17.610724308158595,-14.474642373796998,-12.017530121014286,-23.05535251717218
2709,5498,-26.068801291098616,21.27415783483515,-17.449556439984313,16.31713203145135,-67.57325645417654
2710,12326,1.686981939562744,24.989388853205607,-8.554174379334311,18.162631654858426,-41.922640031961805
2711,24726,-5.576733949066572,-14.164340688361431,5.800296921497381,-10.272383572502125,-53.848080515188215
2712,12833,12.815390566357108,25.419466433732985,-5.574541141455688,18.085429884037545,-31.34174304204438
2713,19274,45.01004725494539,22.62612662523719,10.634308247321913,14.937676615641507,-4.200132426089646
2714,1355,7.447660628328195,-0.4683934513528914,-20.30579727497982,-0.1199067825263106,-32.456827817413085
2715,12152,-48.6077600242218,-17.20717447136724,-13.794907005759399,-12.335630274625046,-88.5958696890784
2716,15561,-46.283292142926214,-20.29862934528677,-13.657896344334455,-15.21167108472321,-87.78944233304108
2717,11843,7.512286226737366,24.990062528733702,-7.730884652753038,17.932018211006696,-36.169528732689564
2718,2134,14.527744838140315,4.17679860492471,-18.994712643150645,3.1267012073901728,-25.53203137106791
2719,15470,-39.09668841636106,-24.33614827466325,-7.559856260417497,-17.412738590009017,-82.83703302300484
2720,1009,-6.471678206341985,12.986346051709186,-20.409146518512234,9.50804877406692,-46.870060252879966
2721,11437,16.308806889468812,-20.53814432717781,-12.665863489673827,-14.100600081654143,-25.44346156535851
2722,25859,-27.242928202799572,13.192144616753689,6.063574297562646,9.56247301566224,-77.25885700204768
2723,19343,-50.19041265922182,-23.115373147218783,-7.149723777554022,-16.713871900770272,-93.1522172676184
2724,5559,29.557381092670134,4.37190225163359,-18.013444555002934,3.4396489513211095,-10.063510488948172
2725,8058,40.98191857905147,17.14839292996246,-13.396594845518303,12.889394674828011,-0.03301826787789761
2726,19644,31.255237770742273,-26.108643071711192,3.568112510873963,-17.978658664011995,-15.119540860790414
2727,20584,19.065697389962217,-26.134106440117375,-0.5249886787416578,-18.381719999709,-26.169679399608896
2728,30168,12.180658953820151,-11.021102245593951,13.130925414383833,-8.182609237524776,-37.270665278980566
2729,9244,-44.374690192560564,-15.729111662205632,-16.294348689083243,-11.397540302615443,-84.01484820262588
2730,15245,-0.39706739786377765,25.360108176059647,-3.097641462828692,18.30868512071479,-45.627010856466
2731,20994,29.47578701401656,-24.99296773485078,6.017826360401952,-17.261841941242256,-17.697101224833823
2732,20221,0.2914406594516536,-23.82782148535381,-0.245267081625008,-17.520911876298175,-45.393424271072945
2733,22138,-4.3074888248525545,19.364134849442255,4.1592704724098635,13.57155936486671,-52.021997355724515
2734,26056,31.81156747136571,-12.998750026279412,15.710702498596635,-9.099792390719701,-18.7149249350673
2735,5215,4.363568312279078,-16.080774283479297,-17.47730286566249,-11.162106271198171,-36.34236980388438
2736,8544,-5.23686001118329,-22.0240590612986,-14.577106588325742,-16.17737532962209,-46.93221205955114
2737,15498,-16.797631636760983,-22.347890269248015,-0.6252018427258683,-18.112246113686417,-62.90958765507331
2738,5984,33.949019894635626,10.9831435821128,-16.42944078579148,8.136676315075018,-6.156094492827696
2739,946,3.2592826284496694,-2.411095842143504,-20.914510296216257,-1.397111580687918,-36.62390980213534
2740,11826,-0.2489500141408847,24.899443535454743,-8.984976059946534,18.193777752205893,-43.78778851810765
2741,8907,-13.064360731011806,24.24689555196994,-12.331638871332022,17.80839272387687,-55.88314376960084
2742,17872,13.215250762288795,-25.56873103621614,-5.3109423071884585,-18.098237582572956,-30.675422644386707
2743,8300,-46.77285384709071,3.3418403768911853,-15.74399564849719,2.1720471931898855,-84.19711326331742
2744,738,-26.675477907006538,9.120367809706144,-21.808010691650708,6.653335507514438,-66.15272614422614
2745,8611,23.58469464924487,23.199625865982075,-8.7739518730035,16.253187389153446,-19.440765744277904
2746,7158,-6.939093130378819,22.08229836981272,-14.76343649642055,16.320619310337058,-48.954841424945165
2747,8434,-26.366270914987904,24.139649205223623,-12.9539015208817,17.373306573781207,-69.04446518605056
2748,21775,3.083256514038724,20.634218074389555,5.293731231117072,14.401833159322612,-44.38474955477186
2749,8135,38.03451345888528,19.20715971425172,-11.918703021369948,13.93405913407844,-3.4968500136444547
2750,16686,1.4106001617118133,24.87117539066862,-0.902109454179119,17.824487674448253,-44.40106171223992
2751,813,-8.715861115616432,-7.9667558599926265,-21.903351620948072,-5.475317347106381,-48.46030127769285
2752,7879,-40.37195009912451,-12.703822914283679,-18.38584312054937,-9.110775501973835,-79.45824636607009
2753,3365,18.63462360335366,-4.131411483493847,-18.606637561588947,-2.563431538114589,-21.242697593082728
2754,19206,22.98961215706852,-26.34367861190175,-0.5586857177455817,-18.339822024477176,-22.139266555448557
2755,662,-7.822712994933792,-5.295581974434469,-22.13772294719654,-3.5903852579025988,-47.457291501868056
2756,2879,-23.448301309739684,-14.561432795161961,-21.193836271231223,-10.775205492039925,-63.366503356058224
2757,390,-24.80635375804507,6.800865954030339,-22.280869081537436,4.877394258197391,-64.23721752335227
2758,24466,-22.71063840734307,10.984521763985471,5.366802362548591,7.554758098791508,-72.71667689066066
2759,20187,41.02086317812565,19.891854828948766,12.7682422927924,13.161127691986424,-8.79860463479481
2760,24994,17.667411350847406,18.764873018161744,11.11947893241803,13.189583258378068,-31.397345852250446
2761,23560,9.160789386916043,19.063438142655453,8.48428890113168,13.400925138365333,-39.16947731341131
2762,12443,41.59679968685517,25.582896288627037,-4.314801578812949,17.820192783320746,-2.319225928530918
2763,23295,45.28343198567991,10.815927147609743,16.99573660447831,6.883204751719056,-6.046847427342939
2764,5984,28.68358610079041,11.42609024516945,-16.32358624888661,8.353520236361552,-11.723814856721024
2765,13802,2.415370280831788,25.72646639370564,-5.10076688369506,18.54342879074924,-42.14357355016979
2766,28779,24.172979678573867,8.502434647824561,16.624111653976303,5.764854253622138,-26.469695169023172
2767,23352,-9.294166834206452,-11.757658690666881,5.662439885827573,-8.541690128890593,-57.96241830110784
2768,11966,-14.197124607965842,-24.814461816490123,-6.7097175904493795,-18.680445629844172,-58.436632042289304
2769,22273,35.47826758878233,-20.844182365956694,11.512597686281815,-14.274648291257552,-13.542894511125747
2770,25773,-12.484004228395586,-5.484026404882877,6.041868794511615,-4.248232607218146,-61.828719743185744
2771,8179,-16.798268887018427,-23.148651118340062,-14.148308618545855,-17.33562109010159,-58.93126465756348
2772,5578,35.006688494579656,-1.2624864260988078,-18.324525621807986,-0.5433195159204165,-4.350307428312307
2773,18354,6.951539084263529,-25.423557718887352,-2.2723080188345492,-18.431466552057188,-37.908876816435054
2774,21050,28.864421708068924,23.585017687325756,8.429216429645042,16.145874409707957,-19.491458634867968
2775,11254,-30.00861685980898,25.502496076601286,-5.101674902444541,18.36164587294256,-75.16046754914082
2776,17911,-35.26320414960765,-22.701377169149833,1.4930217232071559,-18.76860698316517,-81.8231428888123
2777,828,-5.060888853009595,10.180375510694113,-20.939260102238485,7.426614362456175,-45.172687304446676
2778,14475,6.7860176050370145,-24.241585637512383,-9.568250791118952,-17.343261706478142,-36.118815267459595
2779,5221,12.036164733937587,-14.815370532254382,-16.7987788758821,-10.05436350466696,-28.757027082501878
2780,18458,-25.33979384651406,-20.112622277178403,2.927113228397894,-17.234594707364785,-72.58988108783711
2781,28308,21.07427485077472,14.236473500691075,14.30308332004444,9.925448113593177,-28.84510957542697
2782,6781,30.479017262741085,12.146805809987749,-16.06533341525492,8.844298461726083,-9.888620596584431
2783,24974,11.671563378507823,17.634928803017722,10.26751963610936,12.375547053219176,-37.09550117516537
2784,10273,-32.3526373927967,24.583737653743473,-11.338986362178748,17.422057699778804,-75.50982385484905
2785,13395,22.85394885217929,-20.41232691900921,-12.038991774819007,-14.055816565073858,-18.956069381851954
2786,29952,11.151695689349284,-10.387584255604345,12.95870423153768,-7.710849109718437,-38.34745779106306
2787,16181,-3.8862377995179354,24.30162904586994,-0.9656654733966543,17.6766374998653,-49.79537127939308
2788,704,-18.315439433298316,-12.677627154302703,-21.62816074299541,-9.23554963206059,-58.06707968362247
2789,18887,-40.427936918942095,-23.396356149743795,1.1976805966248285,-18.369001558690712,-86.75898471093274
2790,27112,22.350662383106705,15.736531496729912,13.821934803084504,10.919911152172805,-27.430943635188676
2791,24294,-9.597593198079746,-8.831244763161907,6.1843921405674696,-6.454576606877396,-58.51235327462331
2792,11947,32.95738569531777,24.827603726375266,-5.732610636042671,17.419954877480468,-10.709963917834576
2793,4410,25.407520593377537,-2.190860167072359,-18.32021115725928,-1.1602715613771686,-14.29937988208956
2794,15653,-17.795448392841013,24.00515394562866,-1.700225710329444,18.572834972155515,-63.87230892799126
2795,1067,-28.176578994428368,10.44498727006958,-21.425945373627716,7.619045365599604,-67.7296679100796
2796,23614,45.955671111461044,-17.42278494783779,14.427930785397754,-11.316433535710132,-4.204044560093092
2797,157,-18.71384413227679,5.386228511162766,-22.731588654090523,3.930845968377839,-58.20558921569082
2798,12678,-41.644118763383645,21.903004555625404,-14.55201515934449,16.063669723882704,-83.55295649865033
2799,25366,-29.587103686417283,18.47523003399722,5.8777890574384815,14.315127962140881,-78.34239066445001
2800,24695,43.622976939071165,5.3880197438063915,18.007046535988277,3.4729400707745555,-7.983317888543751
2801,8271,-31.28500545287666,-23.267976207932318,-13.365219972758608,-17.15454927010562,-73.57325157062822
2802,15582,-53.20763035802473,-20.613792609209945,-9.579457857250969,-14.928602138896714,-95.0209131926643
2803,13529,-35.08095168343046,-24.487612395273178,-8.241118057873264,-17.67390294105521,-78.83237806417034
2804,5593,26.46061207169422,-4.565911656617626,-18.103919057488795,-2.9136308327956724,-13.233968852287166
2805,12110,-46.377461846245104,19.529609911491768,-14.541189594697176,13.71723495756137,-87.40190874048646
2806,17571,-43.24171198582951,25.505992341242102,-4.594060259673408,17.467954825797367,-87.96977753615853
2807,6750,-4.639089982422278,21.992152965827618,-14.597448241736451,16.12792684571248,-46.6525419136258
2808,15268,11.093000935840198,25.879957734183712,-2.44428431060726,18.463207832539243,-33.971189782530836
2809,8925,-6.899442014652773,23.02964358660058,-13.392708950326496,17.03067989588727,-49.270882219384205
2810,26990,49.89384738533296,-5.355139518214273,17.98593329578074,-3.5739031421262073,-1.6586846411097171
2811,10269,-34.33928120400808,22.989181642593095,-14.644536705861533,16.785856952108617,-76.50178101392927
2812,1980,-1.101809672677147,14.989687758601077,-18.73500064676647,10.886121701353545,-41.79194787987191
2813,969,-5.650560113189357,-7.671397807394846,-21.573293517441467,-5.260596220447942,-45.38996281719538
2814,15777,44.2848095981991,-26.90456132720471,-1.7350944995978892,-18.457209687499542,-0.22958455964511335
2815,11094,-22.530149801643514,-23.61679799000929,-3.2014888869574207,-18.786964756889184,-68.04393361485204
2816,30207,9.874839247589453,0.5666035603331077,14.02978784101474,0.0882358768795582,-40.01495277727794
2817,2483,-6.332612502684018,-15.197702262498503,-19.683890206608485,-10.935824500048874,-46.65568275545081
2818,14939,7.311674718694956,-24.846473066619666,-8.02875506947472,-17.837882919905347,-35.98844987494688
2819,26414,4.871936306570261,14.512893118997827,9.402897220902767,9.929385877618603,-43.91603237427176
2820,13811,7.133437417862961,25.523858851974325,-5.963816748171445,18.334145788277766,-37.04933823863225
2821,6358,5.502055668922588,22.09810427653423,-12.569708408266349,15.94674098798327,-36.868209484500795
2822,15305,41.2732222175485,-26.306082936497422,-3.5439479529631575,-17.992953390045415,-2.8562383469878507
2823,19554,0.6708194799755746,22.357969629063145,2.9116352809799806,15.76941304158341,-46.3035317316574
2824,22709,36.47549083467613,-20.111626243795957,12.166756140914531,-13.717596797567573,-12.771809358296185
2825,26709,0.2988808765016602,-17.591734852112612,6.01205873133317,-12.622489381065325,-47.51453238563313
2826,22345,24.883869862851423,23.174095851781868,8.245946902058419,16.104871503307358,-23.397964480397892
2827,14777,1.417317922454793,25.66182661416878,-3.781181166129319,18.46345973329517,-43.497898561909594
2828,23988,-18.799182109071655,12.35806227827458,4.876113715336025,8.497664544229531,-68.21823665242172
2829,24897,1.2234811955558988,16.0620669444841,7.405127230984196,10.961480128230136,-47.143110820660006
2830,20921,11.320719518702584,22.658423289736596,5.777754220566857,16.106426404505562,-36.29031916837806
2831,21415,35.271901953304095,-23.28081054053933,9.336070121953858,-15.78381412906823,-12.984181615903452
2832,27855,-15.579178850411113,1.8934012343025297,5.855816384842296,0.8935163189281276,-65.40667925047077
2833,25955,-18.811291819115915,7.68625012031634,5.3919153431674465,5.009151988578151,-68.7064081011871
2834,27127,28.151148039342225,10.291254068790321,16.529582564705812,6.952179774834488,-22.509979340963916
2835,27401,-13.595661363650425,3.0279149775867245,6.092094973860789,1.7886310318403096,-63.162381931136814
2836,6843,-1.0049819835072347,-19.965318433924015,-15.865232531135774,-14.411783547133343,-42.379620963169614
2837,20195,-8.068813561868273,-21.735687182780755,0.9740956495083353,-16.619560439334776,-54.58393770050271
2838,255,-14.64437207197428,-6.547215470073101,-22.552057204012883,-4.571950968560363,-54.217253033197004
2839,15942,-45.02320480539315,-21.836885665326307,-12.356193536742023,-16.359443863290345,-87.09258291941381
2840,17282,21.972584870383365,-25.694672781420813,-5.024812261144514,-17.759484791723114,-21.798806920024926
2841,4055,22.144970254860187,-4.853830498808999,-18.290268133443583,-3.0211360594917385,-17.652309736421827
2842,6624,-35.91943972621355,-13.73899691590542,-19.67597418595243,-10.073029007855366,-75.42956506014607
2843,520,-17.209805897617805,10.244420897681293,-22.055222736907986,7.547614073408288,-57.05421168184938
2844,20214,-12.388795613349112,-20.699847442149256,1.5407412651470822,-16.13069609016009,-59.22786260931609
2845,27129,26.812138037138794,10.616138449103667,16.313736462115383,7.239516028328099,-23.764976347752643
2846,7814,-34.23496164628167,-17.926142944611428,-19.098527712686714,-13.8968327391593,-74.64892983451887
2847,18791,43.980321741197805,23.74246875950124,9.461719985274492,15.709393281779793,-4.770568089598994
2848,7782,-22.88311219911408,-22.625294025307003,-15.468361241769761,-17.008401903616676,-64.57713730809596
2849,21407,40.03943575015834,-22.651210750066415,10.186319412362414,-15.248203784980767,-8.49594668817105
2850,3730,17.751264011055504,9.98330108128338,-17.469364808798645,7.154733574001949,-22.66168612005839
2851,551,-11.551243962989107,-7.298471042135318,-22.258536484605326,-5.064005133451307,-51.16531715055112
2852,24519,18.530540096566575,19.99023492364302,10.296035792708398,14.130258575202797,-30.286155410746886
2853,20437,-18.907489923687415,19.63010513914919,2.8922546482738487,14.754118790227546,-66.84725006175827
2854,24434,-9.851941976963676,10.326262540011903,6.022602523661486,6.7938454417373375,-58.903060930649985
2855,17262,28.015007169221597,-26.359101227927823,-2.10940662450289,-18.229996273946853,-16.611538035486785
2856,3711,19.914015709491625,-6.106750670267742,-18.266465789024476,-3.9097478627636355,-20.046748875582725
2857,984,-9.794096790346938,-9.844747606045322,-21.67485608639956,-6.900941005649484,-49.58876543945706
2858,26777,-12.94021645422,-2.5745698624702387,6.166107566151867,-2.180903606508631,-62.473195833848806
2859,8862,-30.165362786912382,23.674208973774864,-13.665206992341961,17.124751779687802,-72.71107760998078
2860,26224,-1.07330955283451,-16.786793112117,5.995916203525077,-12.102074139889593,-48.93934862155214
2861,25295,-23.428191034118623,-1.5141867421847204,5.879914356176082,-1.511802827971471,-74.08011915072784
2862,11603,-56.06744465506328,-4.094329462410527,-10.764408059807826,-2.6990080413254707,-92.17943861840286
2863,18143,-0.3959906722226217,23.540480955982826,1.1504568687311338,16.762394911335868,-46.93941418087945
2864,26342,-31.814751852817952,-5.242319485815521,8.613259559341575,-4.6123556009510995,-82.6720102979182
2865,8004,-12.012178898990364,23.15224636189384,-14.152684330803254,17.100272284612366,-54.319331841086196
2866,19618,20.76600636127684,25.25654584716016,3.7342277614638064,17.79802841527546,-26.05505102267859
2867,22920,-15.175664064859124,-11.983399818819388,4.7625012000728395,-9.020306045051196,-64.01004643397489
2868,10399,36.69685026652582,-17.209296084175897,-14.09781803560472,-11.728336590123416,-4.001671790053508
2869,24746,13.775989598963447,-23.811219991611786,4.308467053808833,-17.23878627369356,-32.91045321436002
2870,24258,4.09697171070868,-22.3187977854954,3.269085757840045,-16.254730569999094,-42.57493193338204
2871,9538,29.437127629319605,23.23953425483605,-8.220454932254805,16.392301589024672,-13.563993553026304
2872,10275,-30.463389360043756,25.435048346725495,-8.562720957399865,17.906758674238656,-74.50525928011965
2873,11562,-29.16087065423408,-24.481352690797966,-6.183406406919596,-18.276768027987497,-73.72481542033756
2874,27106,11.781352798284734,-21.967166739510578,6.22553733160838,-15.9998635071264,-35.49822148105796
2875,23173,32.654931893728055,-20.916883699248768,11.244251011521067,-14.409110422047616,-16.315453404752475
2876,14173,-37.67004727036882,25.364144360367895,-8.59711579125435,17.37942206720373,-81.50408151674412
2877,20860,-7.878955037820581,20.15956198071943,3.034137410924534,14.359234062605733,-55.40054151724715
2878,10880,24.409149348674863,24.989347586491455,-5.751567040724612,17.50054910298762,-19.48624892697747
2879,6865,-11.047679271854326,-21.674482854480452,-15.772137497676546,-16.17258142015656,-52.56491367086748
2880,16725,16.815520314763873,26.067400758678474,-0.4216117503520831,18.390619114301714,-28.765273848431516
2881,15382,42.08914328143555,26.645524576795804,2.847205489435339,18.113732317996774,-4.32669015221689
2882,27381,7.709018317945647,12.940888707258543,11.115674602455549,8.881043396431872,-41.41692596286153
2883,18799,48.86581185148289,22.517345632194495,11.075453214710262,14.839683485478634,-0.3118159100268752
2884,456,-10.947054532162545,8.473557777980393,-21.97266018330234,6.222799578138293,-50.807979428804956
2885,29944,8.159467820912639,-4.984955393897741,12.984921449220298,-3.871433341189231,-41.487894678124796
2886,26253,-2.979464120141926,-6.852742548115668,8.25501157061053,-4.979042540668024,-51.984729667654356
2887,26938,-16.982830854731258,5.131622443335691,5.61835093367282,3.2320582311780774,-66.76344916267642
2888,23208,21.767514688069454,-23.611365169904246,6.738534583095451,-16.759532605779732,-25.719134022880194
2889,5500,-19.74112364844632,20.930009652289765,-17.690487224747578,16.057531460582418,-61.06536245566532
2890,23517,-14.727374841180696,13.031588222219503,4.799856573037081,8.91600663822429,-63.82117457852766
2891,695,-10.031230702018583,10.665949702481553,-21.47228059407967,7.734429146764031,-49.97990007812932
2892,24382,-27.59431675827268,17.805236916709514,5.397316706508025,13.443145639981324,-76.44061577273605
2893,13744,-18.062686001343625,25.0681760872289,-4.489642342461211,18.72972882406264,-63.40040751673811
2894,6627,-39.241665265670335,-9.52288886812929,-18.98182152548034,-6.780702903770899,-77.92299430204355
2895,28889,16.74588305209132,12.384814610973514,14.133787890530987,8.704672870968935,-33.142878369811704
2896,19136,15.82458001935895,25.2283051811546,2.831319830054352,17.855943114094444,-30.77063357790454
2897,4102,15.163567954418255,-11.311809256984217,-17.60936205788714,-7.53243810838668,-25.215383900706595
2898,18186,17.14308889809974,25.529436626012274,2.401853312118724,18.018142520529196,-29.207616677423974
2899,7431,-43.686890094626044,-2.122376489820869,-17.20218123635604,-1.4093805690988928,-81.44939093706431
2900,25106,17.176399427242693,-22.300599950312932,7.324847710590167,-16.112949487398208,-30.49848523543922
2901,11078,-20.05614732906385,-24.71819048617737,-7.079326405236356,-18.483772452470618,-64.2571125956694
2902,28496,5.105806803834703,-16.96927037178177,7.998563214947345,-12.32374982220382,-42.96849417267946
2903,17635,-10.35787358333498,23.117650202343235,0.06549706019715332,17.30900256819067,-56.86690698743232
2904,24692,38.43969022106058,6.732698566199584,17.816536440269108,4.342917226782329,-12.847104149234063
2905,24457,-18.19486324064529,10.649827322240972,5.09117428952732,7.2259723668768014,-67.72148293444815
2906,9206,-48.413461817034296,-0.11816985526780201,-14.971107820677666,-0.1486484654633908,-85.51653700469859
2907,2210,-12.18387347423399,-16.877423536418394,-19.78354064914762,-12.518292787703157,-52.56439553741419
2908,818,-12.583545931543217,-10.236743323609574,-21.84393406555345,-7.258392869304437,-52.32571749915099
2909,28852,4.182464201766278,-8.116441264320748,10.817272084103584,-5.985311509468087,-44.985874454323884
2910,29433,10.183312577890062,-14.632096988352155,11.030062287909635,-10.756857615519934,-38.648925200929135
2911,24752,-6.328068164418033,-8.920596157361734,6.93869487596367,-6.427142776921874,-55.18479059444017
2912,30098,15.777185611054284,-9.993073114167021,14.505591185136662,-7.482395495865853,-34.03618116212509
2913,3378,20.312862404191655,7.670181631722149,-17.79999182874077,5.585080905290133,-19.83857470697068
2914,13009,-41.046314076408834,-20.83324195339173,-15.25694501500914,-15.892713426664676,-82.51183243247684
2915,614,-25.64410531176339,10.600665778546805,-21.758615043502587,7.6699073408405125,-65.22243993281823
2916,13914,18.853680001128772,-21.409839586300144,-11.575839299743343,-14.710821114687933,-23.137002543257303
2917,6002,37.33630775705564,-5.669407826987386,-17.9352897627565,-3.7945537674442917,-1.9825521164993964
2918,4552,14.31263449087374,19.154747736817814,-13.661635682727491,13.524148811014031,-27.466263165992398
2919,30558,15.969795041252466,4.690890905470441,15.76065360080012,3.1510657707866017,-34.35578737405057
2920,24424,2.774419249456418,16.698739748276616,7.661280032791741,11.436303220474136,-45.56246221150093
2921,24657,27.689180039012253,16.746726397895475,13.879083634535952,11.465947477481663,-22.289454208145035
2922,6290,-32.687285432414434,20.65162266170999,-17.680688527515933,15.748288759389402,-74.00217430143822
2923,23713,24.90137822068713,20.04482326808681,11.28394797691889,13.970085156329848,-24.375954303499405
2924,28960,18.98781906436669,13.296937804658429,14.308872849600284,9.310502580315354,-30.878498679918415
2925,27331,-30.97729188306325,11.5995644127084,7.73828467859404,8.397983834753884,-81.29828220920203
2926,6312,-22.418516487752278,21.610551672306613,-17.058236039127962,16.52012131476348,-63.97322979887827
2927,4722,-9.578240371084139,20.247277839406767,-17.075824392850734,15.140389648955178,-50.92055231917908
2928,14461,-1.7737358749405288,-25.129027071758102,-6.859678204146819,-18.555976778297392,-45.6291220587493
2929,10888,29.30641853548972,-19.249634744880492,-12.85757245025729,-13.075041039291976,-11.9709456060354
2930,14661,-39.010176881913694,25.349015850399653,-7.13546839272338,17.445647825641153,-83.1753017910248
2931,4213,-23.323748468129402,-19.798319387054388,-18.82050840187499,-15.387747762386182,-64.12553571855716
2932,28268,9.849228765726176,11.112365259156839,12.503889225346937,7.583453208405709,-39.65824181898388
2933,9263,-44.59348054167289,17.96246767515304,-15.85769802614529,12.613376992610087,-84.99713400250054
2934,9978,36.28759057394411,22.292991467239027,-9.281301894790445,15.813703395198154,-6.1725350093375635
2935,28796,28.848600713140037,3.1285692023447966,17.810897097174884,1.996776159629474,-22.24910323316574
2936,7560,-15.740415332067855,22.71250326016506,-15.149196537325217,16.940441152371,-57.73545161551787
2937,119,-13.847554732496608,-3.788471906306645,-22.76694638106122,-2.5684208082644604,-53.38266126596452
2938,25692,-1.6095685166307103,-19.54861247812856,4.125628776699628,-14.289789774151544,-48.8978380980484
2939,18349,5.3014744676238355,-25.152085008491486,-1.6509508145234006,-18.299338533097334,-39.769242558057535
2940,24717,-4.647094357391099,-17.0999322537192,4.830885971567098,-12.50415646204278,-52.423925148211424
2941,23921,-28.13541470405416,19.88126597372401,4.924310143962643,16.010522806800715,-76.28572891516275
2942,14004,-42.863894472727324,-21.50480883671045,-13.744591516980801,-16.23743778172824,-84.65468353832186
2943,5818,-40.46016000675148,-3.239952871142197,-18.54747574632236,-2.228146736241195,-78.64034136574226
2944,9878,8.647291523366095,24.42969861539301,-8.74520264017574,17.49872871534926,-34.719553529975
2945,25461,-24.660869298259456,4.5778375722951585,6.050181313756926,2.7103820407161088,-75.3435105646666
2946,547,-3.8106524808909925,-4.38723150099369,-21.75702991493189,-2.868538039996432,-43.577235080716854
2947,29828,23.797311845598347,-4.992486714415604,17.09955030519167,-3.8033223326369807,-26.95825198454044
2948,190,-13.102188494797096,5.492431976863155,-22.548712010995743,4.05889581265916,-52.7818124227356
2949,22904,-9.023462408656911,-14.529306257795184,4.966226069636167,-10.606170632870603,-57.25655032639077
2950,9405,3.3344561538450357,23.89850401644023,-10.578825751760839,17.3201833661471,-39.66881929796644
2951,9329,-30.33255540933818,24.691123978886047,-11.578153032671203,17.471672787761396,-73.34368803740301
2952,26820,-30.500840141600573,-1.3281800812420663,8.148668712823769,-1.5629810293001096,-81.59054269030453
2953,2060,-32.08582286428293,13.162297130635988,-20.448597264049525,9.599390634874105,-71.78481333703827
2954,27679,7.776199330099705,-20.541792077739156,6.405820103528475,-14.939895363704311,-39.72684227327724
2955,17569,-40.042255076664055,24.60107480587764,1.590701009388619,18.4310696316959,-86.66606320859788
2956,7241,29.259054861821145,-9.892393605286836,-17.089125988352368,-6.65399982827866,-10.574187668162235
2957,4807,24.959609919116122,9.804518446001277,-16.949523674199632,7.16650637896478,-15.318406500376657
2958,24670,32.97151335477028,12.49208097814995,16.184199168695677,8.318099333585556,-17.70107171839398
2959,26594,19.118900695301864,-18.91938960885723,10.855922195943776,-13.75728168240334,-29.640908722363235
2960,12373,41.544601706491584,-22.509296527948262,-9.875609251639542,-15.645694725137318,-0.37490292088283383
2961,7032,-40.79264181517404,-10.633683597006367,-18.330812019891994,-7.560026062744452,-79.52342640050307
2962,5174,26.901094268417303,-0.5647010124909049,-18.33804143736657,-0.07361248273935789,-12.739985307287247
2963,20530,36.3294876453988,-24.341372445744437,7.992559941606439,-16.503593009683257,-11.509748511953353
2964,14179,-33.735305997677116,25.1389651680808,-2.625454381764042,18.350448417723403,-79.63720724780578
2965,24781,-13.57261914772954,-6.832700771528047,5.736695934649864,-5.161582878563956,-62.99618533102733
2966,22261,22.841258398742376,23.86403744934339,6.965355982164944,16.684192992103597,-24.997746107120044
2967,11456,43.24070526671057,24.798006667117235,-5.824474668988452,17.61389943154681,-0.1957032757966311
2968,20170,31.875660865846225,23.507885982932592,8.901375659808547,15.97326287882706,-16.476434594239972
2969,5559,33.83460001295496,4.551936892977774,-17.96660605624583,3.650419636908251,-5.663960947012009
2970,25057,27.813019604331654,-18.3261516628163,12.650315708750005,-12.90499793154897,-21.457723021089954
2971,10489,38.63972333657641,23.84861972285281,-7.2876939242138805,16.824440725060352,-4.346451923727145
2972,15849,32.892365086494266,26.630271610904668,1.8085736197295013,18.249505977159224,-13.19798210736732
2973,648,-4.375502462548902,4.720739598841151,-21.746431419642143,3.50512598257672,-44.148133712429185
2974,27243,-5.616835671515612,-1.603973492427611,7.887220074984099,-1.408281315647669,-54.81658025941432
2975,3568,-34.21707119419799,-5.255219973569468,-20.607654287883967,-3.6317647194389293,-73.02984171629751
2976,13362,37.62371545550615,-24.045221162882996,-7.873052383045504,-16.562739295608218,-5.062619956877136
2977,16440,-32.405666572335555,-23.526577275973032,-1.5243729759182196,-18.612558486989606,-78.23508152793424
2978,21028,18.176568013429822,-25.914393715873487,0.528770308389017,-18.326960895380147,-27.396921920302333
2979,12322,0.6558400766451283,25.257241563021783,-7.631128887687455,18.405558451240445,-43.19491653904563
2980,14525,-35.82259841533946,-24.46847951597397,-7.022302674790125,-17.750979506915275,-79.87970164366445
2981,5557,28.2303766483027,4.844615502753017,-17.939753275695285,3.7927121938936676,-11.54113696492371
2982,3247,-35.38899391485109,7.397373983994957,-20.20658896825922,5.0554157098800605,-74.25874856548563
2983,19877,-28.2048124164941,-19.846661225377492,4.064110987995524,-17.27946650358031,-75.58976434863342
2984,14348,41.994700828896036,-25.21919720460839,-6.200651069400063,-17.253261420924638,-1.1329324551145248
2985,27562,15.157273802555363,-19.655021147404113,9.408796514150978,-14.326632738986712,-33.09261579681216
2986,10345,-3.132182686323877,23.886718291796825,-11.557134762986742,17.552732005962667,-46.05098266629011
2987,26366,-28.536936698813726,12.90103745164322,6.5551405046032425,9.392251310839763,-78.69906841076627
2988,6002,36.062129646167556,-6.335701486451734,-17.831213871298814,-4.267225025061645,-3.3085475361522896
2989,3007,19.144853214424877,4.598391726436995,-18.419163997911472,3.5015800127024512,-20.898779706749966
2990,29732,4.735656826391111,-3.216947583755372,11.764007179344416,-2.562052879896298,-44.70101862613807
2991,28900,3.448855892069929,5.329775754233143,11.093261714863623,3.3852054214739353,-45.86358027930638
2992,26518,42.67174584805902,-8.574596090230393,17.427362982771392,-5.709969941125625,-8.586545422547545
2993,4543,13.195999156693231,18.761757305668166,-14.115440596390037,13.290765858754478,-28.563242344055496
2994,977,1.1355121094905596,-6.4106906417709455,-20.847401682414606,-4.244134272815995,-38.76298122948989
2995,22724,31.336123612325046,-22.24242718407011,9.998009950891378,-15.280448686789821,-17.218602843808636
2996,11180,-51.069442032500376,-12.878157797045963,-12.956198518848343,-8.719003780350844,-89.36923013739228
2997,8974,28.000116843037617,-13.374893446952159,-15.92847727960793,-9.087108171813849,-12.336091581154829
2998,1295,-28.696614535209854,13.673454831500802,-20.887190464199765,10.055036291101134,-68.58449010545922
2999,19218,20.824204442842742,-26.17237035475305,-2.1988869160029396,-18.292928310866376,-23.92833157810823
3000,16750,42.136219248725006,-26.99677116966597,-0.09154461004154045,-18.338288079827457,-2.786289948394061
3001,1043,-26.067911265917687,-4.085360545213005,-22.334025225868334,-2.8562147269440947,-65.28319778901493
3002,2987,-10.186430519831417,18.054317052760165,-18.825699174808495,13.474535844621801,-50.91032983716029
3003,10501,-13.766429003898427,-24.765216770851953,-9.21174692924812,-18.476147260195106,-57.268098570752
3004,26048,33.969265415015144,-13.370744177384653,15.742817644105127,-9.221255423825223,-16.55577657817604
3005,929,-26.242048416569304,12.962400269018572,-21.297010892481474,9.53524704437907,-66.07883583957181
3006,23701,15.270491561405917,-24.588859269817544,3.5257567813692274,-17.6450118918561,-31.10989953557234
3007,11420,2.515439474523717,-22.74666595927401,-12.583146869752863,-16.345074296107896,-39.70747556836453
3008,29116,30.20936244716744,-0.19603079216387703,18.002600842562494,-0.22217764193589598,-21.00728691405579
3009,4626,-37.96472357253851,-3.475206548918274,-19.452129124074517,-2.3643180257149585,-76.4536027973332
3010,13257,-14.221738405834222,25.207299788366758,-5.081093861554727,18.708399362041646,-59.312363005696625
3011,20638,43.816023522229635,19.267015075942087,13.361281585683788,12.561608037266875,-6.202416550554376
3012,10127,-23.67375355124682,-24.154654964434688,-5.839911694220433,-18.482422725215645,-68.21996952723607
3013,8196,-12.64536378393492,-23.541487869868988,-13.089355903181126,-17.533161914788867,-55.06944029438563
3014,25328,-29.106425009250223,-5.279079075707317,7.358278309959333,-4.441315941085001,-79.93989843633001
3015,2203,-7.98350456715342,-15.516362601436258,-19.82106008457722,-11.243828199631938,-48.373437339027134
3016,12553,-38.8453401109578,-22.51585236751601,-13.270410845948875,-16.692681309250762,-80.88611767324322
3017,6078,9.573007954564973,-17.182753534075918,-16.029760831495846,-11.83717133112519,-31.48679783157832
3018,16795,19.716203238385518,-24.592960392962848,-7.591139134261881,-16.97700823775317,-23.390256596068173
3019,9338,-24.947386342404105,25.14014253576832,-10.372694628483826,17.834162173722657,-68.45912163474587
3020,11263,-28.618534594986095,25.020928524756442,-3.2956997561812864,18.62134262342319,-74.40159162934341
3021,7890,-45.07572586400641,8.320941945144437,-16.450737107010692,5.62885020484208,-83.10813828306041
3022,5572,32.67820677736233,8.112012373340841,-17.25618802879656,6.188591926168659,-7.217392418656716
3023,13494,-42.686955107481296,-20.28849432963003,-15.372967722080498,-15.344877593214179,-83.86954448080354
3024,14349,36.548659774067964,-25.023765408012128,-6.503747532045932,-17.14447622692429,-6.634993173240577
3025,13319,10.00870574701497,25.42470947765021,-5.840800506316117,18.20260987587863,-34.18678002119095
3026,13428,38.162473570426684,26.190370861636517,-2.1147313286553793,18.213144842112815,-6.592711600937077
3027,10429,0.4799520982647051,-22.45785978761412,-13.199036406236768,-16.244491462655134,-41.57969049708881
3028,7312,26.725913915121655,19.688141017168725,-11.941259482283304,13.96582019541405,-15.127583562975776
3029,5977,38.381350443671046,0.9019954404863494,-18.34751993927837,1.111170775950975,-0.8391830303356879
3030,8971,34.628354047861755,-13.53803304038635,-15.740825881916066,-9.394047076927224,-5.551917421337531
3031,17734,35.74173408144248,-26.760523356519123,1.5211849327794282,-18.27363928796941,-9.868644925254348
3032,26029,50.166806432731505,-9.919647908702432,17.220443862977127,-6.300820547746985,-1.1441159002212655
3033,12453,31.328181109381653,25.630487558914822,-4.217216163612264,17.846049661555085,-12.842081800981871
3034,19890,-31.312375637122205,-19.567546880142032,5.318043219941955,-17.53266744463783,-78.89111844747539
3035,4079,3.636219581505132,-14.736185211641544,-18.221892074054157,-10.179667313666215,-36.904432333122564
3036,30053,23.205768755241614,-2.8083521212214104,17.285686106752483,-2.179392098014304,-27.62819387045629
3037,14416,42.001928117448664,26.644217599004318,0.54171095242407,18.327462568925274,-3.591833543474237
3038,21838,37.47797413704195,-20.958450061108177,11.636620877353028,-14.17414764906247,-11.512256016781592
3039,8295,-46.158690039276195,-1.0701884773398085,-16.066639076842623,-0.7967123502581781,-83.58229004506569
3040,13901,12.50817306352178,-23.28400912756122,-10.243495745849154,-16.3266723577383,-30.123383323947024
3041,1415,3.4384521543268227,-9.0950704005771,-20.02277752905993,-6.0715956612246185,-36.56616560684278
3042,30350,10.949394229142134,-5.569820626576272,13.996260510642315,-4.3011776006130455,-38.80182719204871
3043,19524,-15.960550328134877,20.653827268124367,2.186920311791299,15.42492245395307,-63.451485763231865
3044,15141,-40.81470449667549,24.904772536952887,-9.356309584062995,17.059353057388527,-84.17227478896231
3045,933,-0.5062148745066772,3.754335450350391,-21.30980004234162,2.87737136622172,-40.32956741679279
3046,22929,-20.02916090585971,-12.273105495079546,4.736312690509159,-9.483551053541728,-69.23121775942361
3047,18867,-50.41689469151214,-22.43951481890418,-8.425972768353608,-16.551687340692784,-92.97791729175927
3048,9718,-46.310382002435105,-11.411791523204366,-15.740425432476293,-7.907356584037403,-84.63318231411327
3049,9667,-51.171629565094406,-1.1893272562502555,-13.527253980481792,-0.8711253934189596,-87.92548379792996
3050,23526,-19.835386746413622,13.278235784028578,4.7731766007103085,9.280441725384305,-69.21003650475402
3051,15550,-51.47085600262011,21.61546678552715,-10.302444378320763,15.17350180805438,-93.67073671986624
3052,25876,-30.623694039202757,17.274747466460813,6.544331387257165,13.577255836180179,-79.73154098418564
3053,10913,22.184645814364448,-16.823877964915017,-14.5836033615371,-11.451742491713503,-18.844292917809465
3054,16346,37.3839792715453,26.15654873353282,4.594675234768697,17.75379391864429,-9.658838254869538
3055,9652,-22.990640233368044,-24.630730252695226,-7.074190310441464,-18.361169020185887,-67.22573555673304
3056,6790,32.41188656041895,12.80660375115507,-15.762771938954959,9.365219099018292,-8.003820888326246
3057,25393,1.2089475204656273,14.409111642782308,8.11484098266266,9.66951712398527,-47.401435228042544
3058,7167,-1.7212159929189412,22.280565319277226,-13.601313841399332,16.34870188896932,-44.00413504407256
3059,9550,-13.008202426726417,-24.51868279190905,-10.497753995133056,-18.258019358849484,-56.105695053020696
3060,18346,2.5478805361174706,-24.793625977762634,-1.6474223662722511,-18.14620758569903,-42.665637647090655
3061,534,-3.23122820461692,0.7489319325401058,-21.85228052412055,0.6947721238381741,-42.98412717184558
3062,24282,-6.257577162483365,-10.902313057511462,6.5490539543708985,-7.8778458590278655,-54.92484723301531
3063,28667,31.597020430244665,-5.559048835231353,17.668779395945474,-3.8808889654923484,-19.620146447270763
3064,22162,-14.139608528969447,15.903538033819252,4.134224995536399,11.107083511428463,-62.735370087894886
3065,10151,-52.79960456594171,12.692071513025919,-11.910043497453456,8.03561225221283,-90.88863260522675
3066,3059,15.437860068132986,7.318978893742422,-18.387308364450835,5.304366170234019,-24.802468486393845
3067,6889,21.37524110713869,20.939168711434583,-11.323490717226464,14.728805144598875,-20.925168259140086
3068,22265,43.63266400982224,-20.583708489417113,12.399492338453063,-13.5102523219783,-5.79274704922774
3069,30274,19.539511592690097,-4.964470187989752,16.460305670763407,-3.8025941693281,-30.924678833702245
3070,17230,24.300827221788182,26.249584231996227,0.1126965577465622,18.32929125802079,-21.42317152117682
3071,20326,-29.98558806909502,-19.502724636617092,4.89384317405414,-17.261781131438823,-77.5830612455055
3072,13922,40.78754500435507,26.378376075725228,-1.2279248205716038,18.297546093379392,-4.277731813012944
3073,20702,-36.48228634037577,-20.005095490878265,7.054028454159358,-18.664613678244887,-83.88560015668257
3074,30235,16.945143250482385,6.553180821323727,15.733258996530653,4.469343282622554,-33.4075950321655
3075,9909,37.989156277453205,-15.765513335116376,-14.71787378782053,-10.934286505577784,-2.3756394854371856
3076,1063,-28.42755669481717,7.788336834899165,-21.705863610408077,5.535411780784995,-67.7149672464444
3077,15143,-36.52262544561692,25.322943661344187,-2.862568415995346,18.116827325612533,-82.19806823529704
3078,14343,43.0340221205507,-25.770694687172654,-5.228471846330546,-17.729027374936493,-0.42837917002808
3079,26377,-28.011536123663355,11.042183636195595,6.57990050540204,7.7800504322632005,-78.41379152262589
3080,25760,-6.673179221305418,-5.639705719550617,7.319033107312421,-4.196493043866343,-55.69013102214001
3081,1328,-10.578036731138695,15.024900721731116,-20.260817638041317,11.167413944645444,-51.00872265114965
3082,5551,32.12972581876408,6.265670710898456,-17.672640279794393,4.873036640202258,-7.6078650069306635
3083,22623,-22.70565133316627,14.70341909107963,4.858897483680171,10.596568026269386,-72.05400008016166
3084,25444,-20.84886471961341,7.9858959390713675,5.415543745908194,5.302299350829619,-70.91418860345871
3085,26694,1.110750191931876,-19.70008499757586,4.864672025005324,-14.224360855868955,-46.253877979616945
3086,29050,15.29674127972489,-15.885483579152629,11.92790465092526,-11.686469931488269,-33.79058136574733
3087,18632,3.937905157069697,23.685407409765798,2.1678404746698714,16.808282304260057,-42.704313237100095
3088,21083,37.575909760477934,17.649473373300633,14.107915439057495,11.716383992091538,-12.591316284276932
3089,25044,31.654683581411103,-16.8638259005393,13.914836693944086,-11.723512158360894,-18.194181082821014
3090,25363,-30.415145699811802,19.269236344187547,5.956846116002014,15.400846182049287,-78.9138916672712
3091,5590,28.082954451468208,-3.0406445301547005,-18.241078993260974,-1.8838474047859268,-11.536875368491232
3092,9364,-15.016991249268786,24.721198505490253,-11.355461338785968,18.083057367355746,-58.17628184531027
3093,3826,5.26489309501326,18.00836631697472,-16.033974127913872,12.9146177568398,-36.12475544564491
3094,14028,-33.38506528876473,-24.32416665696971,-5.972947881287445,-18.081423019121853,-77.77197656933613
3095,23011,-25.226403400449986,19.22548888569726,4.299781564276985,15.069971819515148,-73.50410592300003
3096,14941,2.561748412561316,-24.918564599296758,-7.887650268169626,-18.224769764068654,-40.844393981896594
3097,19236,24.51926996820642,26.01423683372641,2.607911146204904,18.08420694907711,-21.856177335344455
3098,10086,-37.043784289642886,-21.013244036064346,-16.318422347085203,-16.07089751337011,-78.36757714025616
3099,8140,26.771707779960668,21.5312816380401,-10.358447307903731,15.186374769026177,-15.57492570155862
3100,12107,-53.18867003045081,20.224963777312226,-10.045009959504906,13.728224759325716,-94.56574525012364
3101,26934,-7.4884746213293605,5.839745273631918,7.14534497041291,3.6390414943341107,-56.72517064899057
3102,28781,23.09681242656007,9.836243491023819,16.14227151247464,6.784676890583152,-27.36682592588693
3103,27927,33.595486714741796,-6.924367655483324,17.55833327637295,-4.754737770559529,-17.575978202565498
3104,1992,10.882081414238566,11.657098353244702,-17.93492973459658,8.344073116934586,-29.72701417915619
3105,13051,-16.088408552944294,-24.040153230781343,-4.040956756123595,-18.731599891878318,-61.142017364647714
3106,20722,-16.33587198976658,-16.63843470207983,3.48479050862115,-12.7273068173122,-64.40216139878702
3107,21082,48.96520209505457,17.40037869868,14.463293469542728,11.271544648985191,-1.5227320712374863
3108,447,-5.991869185507647,5.289704407301403,-21.88569722456615,3.9570479825606055,-45.816735721676174
3109,9672,-50.62901287273341,12.591980722200656,-13.189864623070362,8.216233734664508,-88.94328905110058
3110,5583,37.079027559849926,10.19336532954126,-16.643080054740572,7.701266281064084,-2.8425724213324237
3111,14066,-22.54717428299456,-22.11020197833719,-0.2813767827359475,-18.511537609942955,-68.76496965416781
3112,7174,3.720437152361547,22.32604915687806,-12.591160699726126,16.195361085878844,-38.67516133252664
3113,24332,-24.927344264048525,-4.376031173234516,6.050245097094348,-3.633190553385088,-75.49152015405004
3114,10398,33.742310610973114,-17.40443323152199,-13.86187639573248,-12.001832573691434,-7.0810432535895
3115,21022,20.335184174571594,-25.89544842741271,1.1109101682450586,-18.276390625272473,-25.337837989343733
3116,10315,-14.946825305255967,25.300960783013874,-9.633331082005686,18.39823745905968,-58.59348305907901
3117,19648,28.927533469265175,-26.226074042905594,2.65139415870725,-18.122603487454228,-17.153817848157253
3118,18400,-39.589249210278076,-23.59830250737633,0.5236797665907853,-18.35068120998931,-85.75403484414862
3119,16588,-36.873620434454885,24.106034470381545,1.8807272469183642,18.686279986262257,-83.76293385813325
3120,20487,16.234355937491397,24.280630228679527,4.963963578266346,17.168749421721518,-30.92191606970485
3121,23871,-24.743518951871618,-7.2837812458257964,5.8246763034651075,-6.052666539951861,-74.94270765250887
3122,7112,-28.286240998823338,22.162316021478762,-16.24887718118532,16.685648587622936,-70.06967804507129
3123,21005,25.83479644878684,-25.058350037077247,5.105104759416772,-17.496749258360516,-21.16476922848766
3124,27457,45.253017798098014,-3.5228606030998586,18.189557026022875,-2.3326327938771447,-6.316764251158067
3125,9684,-48.53590392733204,16.344921150649093,-13.940558032062281,11.019089319812782,-88.14010183547083
3126,26333,-30.77612585290302,-5.145133533784668,8.091781490416613,-4.504568115917052,-81.62577563405965
3127,12988,1.9314643247753152,-24.012403737955403,-10.387905079425915,-17.52110437792517,-40.850768642054064
3128,14997,-27.945889683518928,-22.796032143586153,-0.6510545333727482,-18.923781787761342,-74.06423293587525
3129,11150,-40.400551829840566,-18.187521995640235,-17.534606936854946,-13.698750589976179,-80.93610032374362
3130,21620,-27.022801003219616,-17.785269293861955,4.829584875269861,-14.95981180876962,-75.27031359802331
3131,22936,-24.28270053259519,-14.68681202877526,4.894275656991373,-11.844626581740286,-73.2957322240154
3132,3084,9.167608927032715,-12.303028207987396,-18.226619287532017,-8.311508857572047,-31.284980955684656
3133,23429,-31.380911759316188,-13.328514078023446,7.345594941836482,-11.312948494388046,-80.95854283226305
3134,16355,-6.1962218938489775,-23.994029798514514,-2.2660866671141737,-18.163761998599323,-51.52859504184412
3135,25538,33.7211811233269,-15.271409296197929,14.923570816490296,-10.50716982077748,-16.51519390249159
3136,11252,-30.939602349044712,25.48684646044064,-6.685780435416503,18.129886228663985,-75.51723518718325
3137,23079,-24.026685636366057,13.672479363335755,5.286292268672178,9.773093238380959,-73.76277512709895
3138,4151,17.193232372367593,13.831739067917244,-16.148171617942335,9.8841501610087,-23.710508764870042
3139,6188,-31.229640598609162,-18.014612851465586,-19.554026388037734,-13.896510075800558,-71.59987251758669
3140,27144,31.746766638450957,6.009053297636186,17.67407084618289,3.9060976770652287,-19.410584760057386
3141,1282,-29.521700944186055,6.713087566171973,-21.61109161292092,4.710780737428826,-68.66162922861619
3142,26720,-0.6913775772895434,-13.596473025534738,7.438828013609838,-9.799067435672296,-49.05546551197758
3143,18444,-22.589087173105842,-19.864933298227793,2.695470778741621,-16.446205415432622,-69.86082450724943
3144,24681,37.48903301402687,8.45920105711541,17.487263209925462,5.513249214653369,-13.704552535648752
3145,24714,-4.157372131124011,-18.677921544892182,4.13582214234131,-13.70675537180895,-51.58134552676596
3146,2110,-11.066002740942064,16.805012195367446,-19.589749523333005,12.60609188011481,-51.68967050574359
3147,8165,22.259343632390696,22.95835067959271,-9.200851391786482,16.071253950754674,-20.67444423053069
3148,26369,-31.820599035044395,16.106465591076976,7.401017152062465,12.374765207836209,-81.31134602511518
3149,18214,33.704371216713604,-26.34210457475976,2.6385887207993974,-18.14769235779165,-12.352646973497897
3150,1335,-13.757184024028605,14.57506628903827,-20.7621819296182,10.871437228199579,-54.05359513132388
3151,5412,-39.50872694621331,-0.33947181976440716,-18.898786993420373,-0.29023742169381145,-77.78691759139467
3152,7404,-32.835986976788185,-19.91144072210719,-18.080500294641432,-15.438650514693798,-73.76964460652607
3153,7623,37.61482181744613,14.5317920549429,-14.805972847359078,10.820193504153995,-2.8734952166031813
3154,14829,40.41750164378531,-25.98023831550469,-4.630369768034699,-17.74448059081441,-3.218448843906434
3155,1103,-11.553798701607429,14.023231527098858,-20.72599297058771,10.364187799796953,-51.83164061463773
3156,18831,3.685789259486428,-24.94331612865683,-1.545790263266162,-18.19195669816335,-41.51519999749891
3157,18213,44.889531238587885,-26.83043051498111,2.5737955514186055,-18.153244397485576,-1.009799484213778
3158,12613,-48.42974833226109,20.24065888449225,-13.110390483858563,14.112843732181243,-89.77168210585461
3159,17827,-8.68787411611248,-22.919081847644186,-0.7025640468745956,-17.66092532739352,-54.60993296994923
3160,28686,24.770503824801644,-8.718990528304113,16.505411961784446,-6.296904973279768,-25.83655574550994
3161,5559,32.60802728384633,4.467596049384361,-17.980928699507412,3.585968524687118,-6.961067135817498
3162,258,-9.349844642978502,4.6199751164066525,-22.33576079022976,3.392001751418013,-49.05158940630355
3163,15302,43.94269522715893,-26.42652033721487,-3.3284825289474167,-18.27192876497361,-0.09745116530672869
3164,5935,-1.8134207207752207,21.114529090066274,-14.832166682098759,15.500861023215181,-43.71719569583007
3165,17920,-41.94418250116508,-24.426291908023035,-5.025958053948947,-17.54204841816496,-86.08282264272898
3166,12489,-7.495805521152641,-24.900294269955232,-7.172473381442098,-18.606400615041927,-51.449007922829736
3167,27156,38.25164143334452,-0.24706485993110824,18.337938701589927,-0.15480450654190567,-13.26399111556535
3168,16931,-37.75135054219579,-24.246681068345946,-2.7995769116257097,-18.072439747695906,-82.95878428654906
3169,14955,-0.5959672121836245,-25.149718624320528,-6.244406926629363,-18.56334280661587,-44.608373450397686
3170,27568,13.64106025173194,-20.997585488050657,7.767025834435756,-15.306371347358597,-34.151035105176206
3171,19161,22.86011602146795,25.998018515317437,1.9074128211658157,18.183013309825352,-23.331406131890517
3172,30011,13.394367296121851,4.900466636546959,14.970126642265894,3.2528707076403416,-36.79387521351508
3173,26680,44.11619318495505,0.46676058518995306,18.336838260122505,0.1762534500914876,-7.408285802785372
3174,11584,-20.42333116611147,-23.982249686664375,-4.1115860868679155,-18.729609781326708,-65.57449005060406
3175,5578,28.372159659800257,-1.2004085613124744,-18.330292337228766,-0.5175352216068434,-11.199752991522278
3176,20633,45.08149523730308,19.730148855163858,13.06940152508702,12.864474346990422,-4.900755605688525
3177,23743,35.46657374380895,13.196601537655948,15.979068852447153,8.897048538736055,-15.337938133886212
3178,15609,-40.78473112985289,25.197110751198966,-7.842961855898826,17.238437103728433,-84.67273785348772
3179,7371,-24.85983578543356,-22.435599038200184,-15.635831573899402,-16.940031430414177,-66.51698615067001
3180,24607,21.284899632374664,-21.403120270063315,9.205715785827916,-15.331405058172953,-26.966795096207495
3181,29551,29.113267787771054,-1.8807664153321904,17.88283199770557,-1.3924929327123146,-22.03086052962523
3182,18690,46.53857771587488,-26.252577746937508,5.2350583987982,-17.768306692264815,-0.2950700367364532
3183,16541,-51.961161548076795,-20.907183726994813,-10.168377218423384,-15.273229965787621,-93.78323380888617
3184,14528,-39.09748494509508,-23.78293167386582,-10.455079631716933,-17.076444184579277,-81.87485876110077
3185,6737,-13.81530529442545,21.721962160165898,-16.2184384887635,16.290433046736794,-55.53860320819233
3186,18321,-5.1246424055750275,-23.596968593881275,-1.2257628964397858,-17.796031012506397,-50.72345239828253
3187,26374,-31.145105876489705,14.672805026456723,7.375763368624813,11.092788975620714,-80.98831845233718
3188,15747,12.908912937473094,25.88838752975417,-1.5147645290474747,18.43549792726342,-32.42769802886703
3189,3301,-17.993995153244544,18.596876018330434,-19.51431696421059,14.21572899344216,-58.835656689690026
3190,24646,25.00418515610532,18.488104135333217,12.543374711746402,12.782737548030472,-24.512003883503
3191,10955,42.82142758374345,24.018365523409763,-7.105284052934212,17.150212302805123,-0.15454946842326353
3192,6,-18.682656412460858,0.795602200115581,-22.963974333749135,0.7137623115923266,-58.1137385898391
3193,24368,-35.43864068454997,20.85406934745085,7.427969326640673,17.873566573871795,-83.13981114126669
3194,25810,-22.54600435974711,0.3194057506924019,5.7752927244920045,-0.20329864608606352,-73.04129937004433
3195,4522,14.151039004266156,17.864028701468246,-14.5189000121268,12.663530938479125,-27.38708343671266
3196,10630,-52.89625100826315,16.526177108895183,-11.271525513529717,10.740144097700702,-92.2113439441964
3197,28107,3.554721065468603,-15.347216852106946,8.225927801599248,-11.130904817722225,-44.73692723528272
3198,14901,40.47849108044162,26.662913479658975,1.1049718915383544,18.305361088529146,-5.312775236520181
3199,16955,-18.582880675895314,-21.129949848957928,1.0592055372843838,-17.19638290782922,-65.33845017748816
3200,14171,-40.972900573169994,24.212778862279045,-11.056282325089011,16.838748484121595,-83.83187330295195
3201,1749,-20.320563610061086,-14.751988756081593,-21.195033948272133,-10.872567829898735,-60.28796172117459
3202,7962,-27.468179290959046,22.95939032357735,-15.201505997457808,16.93196197257071,-69.53486823351575
3203,4207,-13.916917747960182,-19.636731897387126,-18.256053861639266,-14.849858005344275,-54.75966093595506
3204,12484,-6.578634610927526,-24.81176684111645,-7.9925205461449815,-18.52303325306127,-50.31170357093694
3205,1904,0.5476882530893293,-11.423277601459208,-19.887812869690443,-7.861814929587538,-39.68812201561528
3206,23614,43.98734985818208,-17.56999459418095,14.337112833463687,-11.430893488587186,-6.208180211041088
3207,13988,7.978968715166804,-24.09763494811759,-9.751768607283712,-17.13345500702791,-34.88217049194553
3208,18574,-12.931083970179584,22.274575223345266,1.0276561256913812,16.70225440492227,-59.88116978130283
3209,7904,-46.04317995277718,9.291420329678518,-15.908033369214856,6.181639007787277,-84.15588033449808
3210,2468,13.470996747305684,-7.866733323616799,-18.67442361902596,-5.199545621083055,-26.702781620632898
3211,21724,-9.765431077476089,16.77406832545236,4.324287644540121,11.70968489917993,-57.98210127413038
3212,17908,-34.44481380167143,-21.691918022603517,3.0442010216391897,-19.02600872848214,-81.30732338585531
3213,17204,14.080564253947129,25.85622165378124,0.5428010908874865,18.26308129863554,-31.751877423829328
3214,15808,24.04472178737617,-24.76046542982006,-6.810106024908653,-17.128113254220793,-19.14710480465991
3215,7328,20.748315613454945,22.43191343139833,-10.036038619729664,15.660160556495768,-21.995953902273612
3216,3537,-24.18929420057413,-15.822910287829599,-20.83826878471988,-11.891520816772275,-64.23807148376291
3217,10299,-21.706518420081807,25.36552946475318,-7.9949638288812235,18.29601578246598,-65.94620448619798
3218,13365,30.93716850126762,-23.603161388586408,-8.69983004423618,-16.143803673492975,-11.626433770158147
3219,22000,10.865465031653184,-24.55383006193224,1.9100154256030142,-17.818647250751965,-35.110049613743186
3220,21628,-30.410570579606482,-18.513147532580323,5.6111582166808525,-16.22856821025847,-78.3581380454548
3221,29975,5.95259465533986,-1.9149358538268608,12.393214621367031,-1.6215416345310467,-43.57415300638153
3222,7657,38.33658672324072,-10.10495027322204,-16.967093505296454,-6.947008118003561,-1.356430400850802
3223,27246,-6.867757989389974,-1.3014434662993797,7.5376261701781235,-1.2062110981163066,-56.12086266129026
3224,22450,-12.289758530441581,-13.692584541514718,4.647364676965385,-10.211378397827374,-60.662734174470316
3225,5522,-4.982079187941332,20.8923746666207,-15.720280712460216,15.399810025539736,-46.659240144673944
3226,20149,25.373755375339062,25.377508343936682,4.831826309855448,17.5687262960894,-21.800222353645637
3227,5732,12.089259766784313,21.42431512772568,-12.151060305761174,15.19053554668941,-30.261865012576052
3228,27250,-8.141113438160609,-0.7565480488562976,7.221563321061446,-0.8972509121113887,-57.448866102186585
3229,4648,-38.77840463613701,9.454377597301168,-19.150222846699883,6.632138410762886,-77.48545580237584
3230,14129,-51.076630427387684,-19.3502393067436,-11.663983815069653,-13.881002763157971,-92.13147670405505
3231,20180,35.770153094614884,21.361374241459043,11.362867961413523,14.394456235808208,-13.522281041097699
3232,4177,10.891211894811315,18.870525848328125,-14.45533438515643,13.396845998316422,-30.798392153793166
3233,6772,12.721531143436058,22.629636969548688,-10.708416475667665,16.062090416981544,-30.031634997890308
3234,25021,44.83295469942255,-12.673200865687974,16.385600469949473,-8.235601290037106,-6.117526196634929
3235,8971,37.96577564570262,-13.897221643041746,-15.573909822831792,-9.679556108167471,-2.237709985686308
3236,23727,30.988463600739898,16.40803473295897,14.308380949137078,11.16990321528873,-19.156498738927667
3237,20535,34.82323717888637,-24.870213679650675,7.035287276835378,-16.93197769359392,-12.735003975284437
3238,14214,-23.21248573363812,23.969124843828148,-1.1899877944498287,18.795502258987476,-69.47310347718604
3239,8134,39.77769859824766,19.194769606552335,-11.976400768290434,13.882187727195912,-1.7251476182309062
3240,2252,1.4153096474311928,15.555324210886605,-17.968759413043337,11.336285020292738,-39.510597230467795
3241,26113,17.554819432458395,-20.948677722730178,8.773332527308842,-15.22609387557,-30.554088324635764
3242,14618,-51.96220404889558,-19.586089584021586,-11.029660053212412,-13.943262420302503,-93.10457094465221
3243,14416,39.23575842419515,26.644190019250278,0.38199512562643917,18.33237360518445,-6.372680006682346
3244,17240,33.63440770942223,-26.72838680705099,0.16012904405678527,-18.337036076061096,-11.671013908643477
3245,17823,47.86772380041481,24.79347141522988,8.548639121879269,16.410735458834434,-0.3822411191729543
3246,13859,30.56390869059202,-24.30735609024862,-7.524249440562274,-16.723416792726333,-12.32149627570886
3247,15147,-35.049556970426885,24.672945524969894,-0.6391555133609064,18.488309342250908,-81.44508064292899
3248,951,1.2021575906506483,-4.518664948772466,-21.05732703219166,-2.9321313262587276,-38.63309016793604
3249,26244,7.767573167402621,-21.6487380612597,5.301235071053333,-15.748824941615267,-39.439867425686785
3250,2255,-2.285080108086748,15.721742841548314,-18.621689772951896,11.462757746257164,-43.04766348938943
3251,15384,45.72289686637558,26.726990179354523,2.857821573275767,18.203049028127545,-0.6593798943394122
3252,25415,-11.819631378201299,8.719457717706506,5.891969683447001,5.683610713914494,-61.1720413556056
3253,16818,31.13330452823062,26.39266897509649,2.218816079658726,18.198274872073338,-15.133654362142003
3254,23263,28.266127178689956,19.50407028030032,12.167187373655798,13.390192378445544,-21.186819239624334
3255,22861,-1.585053375830145,-21.958544277916783,1.9320252799766175,-16.19389141669788,-48.11868726561001
3256,9258,-46.82967547132596,15.300756457665837,-15.049998005465152,10.412264616770418,-86.16720196460454
3257,5471,-31.85151830558658,20.225644449584763,-18.209182301025155,15.420117507665607,-72.98542737679375
3258,25686,41.35703433901644,2.2130634220893026,18.290527561931682,1.3262098456720983,-10.189135806557536
3259,27327,-28.89670243169664,8.636065262079198,7.153450749888862,5.931805384616433,-79.60651794599116
3260,784,0.4564780960738787,0.14935180581844498,-21.3711583140746,0.36464905833779077,-39.42423629932023
3261,13881,25.00246285381957,-23.15614837835801,-9.299161955829552,-15.911350026817836,-17.574319509914503
3262,9978,32.73251093885311,22.046784606288412,-9.358048658646535,15.77009128732303,-9.906880946597928
3263,112,-11.856976028594602,0.9288426535829842,-22.74456375298081,0.7532220623324466,-51.37140514357631
3264,24759,-4.661363758049707,-11.517785539858822,6.814551128465722,-8.336302091560034,-53.24100301542952
3265,25332,-32.0484940043738,-8.743376234832409,8.396214826167412,-7.355542982333606,-82.51838678446632
3266,16344,43.96795901718538,26.077582778798117,5.123663936245311,17.605846604238742,-3.229993952456745
3267,22917,-13.25210129799227,-11.559469202873068,5.043560025635303,-8.59112918700119,-62.12326851661867
3268,28863,5.009613542527206,-10.519728756083932,10.564999680488324,-7.704916781705336,-44.02359738394181
3269,24297,-10.765388804195545,-9.13504328224639,5.916539385964558,-6.6283576517691065,-59.731417267118886
3270,28601,7.204557811674499,7.993711906421202,12.237872537752699,5.343059441658225,-42.306550854552924
3271,18408,-32.355893503112384,-21.5689789625987,2.9795789697892556,-18.981137684554497,-79.17110023858294
3272,10049,-20.6355792731688,-24.657918143764718,-9.769637840475617,-18.14131701408747,-64.08346626004416
3273,3403,0.29715964253375815,-14.316693379293648,-18.922964539358375,-10.023477819178323,-40.122998115747215
3274,16617,-23.84127129309571,23.164246626215963,0.5211637434159035,18.436361199146575,-70.64885009954745
3275,10895,27.819646576970378,-18.462753314159787,-13.362388615005456,-12.558241171320356,-13.355957869888815
3276,6960,-12.537009075794918,-21.880311803314807,-15.573190387786426,-16.452757280267573,-54.16491104426554
3277,20638,40.02265113190135,19.02561976361417,13.342533137496972,12.581437034693884,-9.93973480870602
3278,21667,-35.84102521628698,21.63780849890718,6.572313952898042,18.712662018105792,-83.27185280712516
3279,28758,10.112318669210321,-19.947166560270425,7.6646831893298115,-14.559183182334271,-37.68377899428899
3280,411,-16.466191503830387,9.041911654168128,-22.230988147721764,6.676178576695728,-56.204608979108336
3281,7792,-25.511849719318686,-22.88549840884296,-14.838329881019256,-17.08135442434269,-67.41243296517659
3282,13687,-36.10997876213514,25.52162348652356,-7.305139508715486,17.663631444045823,-80.3672439198978
3283,27488,32.30333061653499,-8.694177521459453,17.12262572595297,-6.000860633691572,-18.647445910129527
3284,28434,23.16782782784842,11.869928151901902,15.501725052218994,8.255993117485675,-27.18418769791163
3285,28161,-3.465602523794532,0.44628285592272726,8.593440514405058,0.016508983882289784,-52.7004732112264
3286,9636,-27.841753840597864,-24.56482225866469,-7.681173532599095,-18.122906497131176,-71.89711805691664
3287,29385,22.102742781959314,9.015261686254679,16.20720511769528,6.240506492267468,-28.399278265563034
3288,13071,-20.95783765211933,-22.96528173853049,-1.9065353688769886,-18.755786389531703,-66.77097004511941
3289,2607,-33.75479378685301,3.225720109966717,-20.810394202727366,2.1604237777495134,-72.47483442861775
3290,29221,2.011872348358482,2.2664388738764405,10.714234163968339,1.220944402818868,-47.274194775330216
3291,20972,45.629371108558445,-23.902751441644096,9.328130477755634,-15.784117721571212,-2.5576045864705743
3292,11413,23.42507480014941,-17.271933206923322,-14.286100778006752,-11.736972600049672,-17.68166305923156
3293,22853,-5.806689561814459,-20.50908241637017,2.5253243949308484,-15.331110117064068,-52.76048514211422
3294,11110,-56.719898563822305,0.9848524347110746,-10.437044543304465,0.5387254157966813,-92.61234451119424
3295,11383,26.778672473822123,25.23974818410901,-5.219217891387018,17.625672144826172,-17.231960195702865
3296,18684,21.683393148308667,25.849251095590947,2.324417433433493,18.114591762380154,-24.71278115781608
3297,12698,-37.7075811845467,23.999787811894087,-11.9728529938919,16.948831266504047,-80.45516871805346
3298,6829,30.762261835560984,-9.365146775891715,-17.20721427832397,-6.326575744962721,-9.023972700794436
3299,11573,-19.045812507808296,-24.55721704795755,-6.069051945221365,-18.610374117539322,-63.51031684140571
3300,8177,31.622742449306653,19.618857792465914,-11.852811360986944,13.992663325494934,-10.194949943727934
3301,23298,50.46608251418597,9.455969512113644,17.346081035962996,6.011236489813702,-0.9228534995063369
3302,21521,40.6137178751043,16.670104102932353,14.757410337087991,10.887215514584001,-9.84714360972743
3303,29822,24.563280272286686,-3.656451195246871,17.352051226390987,-2.811012408728695,-26.34833344915379
3304,5551,33.25924829561055,6.343244482613748,-17.648888434320746,4.955267496812285,-6.418007160984071
3305,13208,-29.86469222523003,24.074056232777163,-0.09106215989905035,18.896267541350724,-76.5334414896233
3306,28455,27.508220723768225,5.5130797427552025,17.467785679242397,3.6191213313936523,-23.48813184530495
3307,26027,46.404467271739755,-9.339037153793992,17.309121074696144,-6.056353586272149,-4.9187591762012985
3308,19728,41.40863003533557,21.393980815326625,11.633752381518267,14.176212966896884,-8.058187836214678
3309,18526,-37.285925652637566,22.509072401611114,5.547969897597798,19.129241691245,-84.55425421477983
3310,30535,13.63203792570154,0.9356614408310879,15.339459027901322,0.4362558449786726,-36.57723035712302
3311,16371,-1.8616077218897433,-24.780437435426478,-3.458981328370764,-18.356091193207,-46.69500273162384
3312,9968,17.342812388180615,-18.826511485958463,-13.864722450819187,-12.820959289498802,-24.1312843535557
3313,29533,15.195326552482443,9.550923360844022,14.656931771070665,6.61888060694274,-34.78682995348156
3314,12442,40.18058920091899,25.2564699699587,-4.716697529362378,17.72171155945365,-3.6642865276239363
3315,27935,30.982559566738445,-8.940370292364296,16.95049303662213,-6.299062923969084,-19.90126891604224
3316,1638,8.452075257784772,5.441798565755364,-19.760505441189053,3.9884971946581524,-31.638466197785192
3317,21147,-14.101858141185035,-17.718590384154517,3.1035254679871365,-13.548924382823163,-61.78554437596345
3318,21955,47.31856397871746,15.709853753605913,15.282256704596472,10.136003065546959,-3.412281060670078
3319,26396,-0.1610450067356091,9.292813948200184,9.01059803790529,6.055700737075874,-49.1060844686681
3320,13090,-50.60191974637353,20.16203101782113,-11.757961083988118,13.959653103294489,-91.97875278889131
3321,30550,15.346877759670985,2.512573250397461,15.768776404495497,1.646235170545414,-35.02349227587482
3322,24582,26.386278056174035,-19.881065783941,11.368412333023864,-14.011596340968916,-22.60405762537504
3323,28946,13.675226673798683,11.298400867447748,13.71919413111354,7.8610503777008045,-36.03510166143548
3324,22973,-35.08238024209962,-17.98848185305101,7.91003857281901,-16.24140366588956,-83.16816959786229
3325,20187,46.27416302393772,20.33798963034125,12.694615726227894,13.231755805981521,-3.5324162711740446
3326,21880,25.138187973433947,-24.272065605408073,6.39517913412676,-17.014988003666772,-22.16005645497044
3327,530,-4.156815564068863,-1.1554296695501436,-21.960286550350773,-0.6953258559218409,-43.82053736136545
3328,10025,-7.348266840600596,-23.74990440770621,-12.044581909895626,-17.60184236965383,-49.908157107191585
3329,3847,-18.69457841482939,-19.526758541134118,-18.869941206528832,-15.002312011845786,-59.43609494180184
3330,14348,40.80884248351023,-25.404791578613413,-5.9535679619059865,-17.344541855642586,-2.3651995007372446
3331,14778,4.412582186219271,25.729522342319786,-4.221011833177268,18.520741701324294,-40.3696471089787
3332,11727,-36.4123778231179,23.633134934570837,-13.144233680852508,16.877182888182972,-78.85907967645537
3333,460,-13.12521649319101,8.412568532499312,-22.166460852999087,6.174643926659755,-52.9882191044056
3334,28043,24.14037062560016,10.660820949931653,16.052001273186008,7.305829426821704,-26.294219486270475
3335,28718,18.75248296852963,-13.547367056225477,13.829140923429954,-10.051899084371474,-30.949965006581834
3336,23154,38.44183351130661,-17.908877604840445,13.87299558990846,-11.993654941049822,-11.461355291764924
3337,16893,3.418007236610307,-25.38975235913198,-4.880387751960868,-18.526608240630313,-40.73396460529753
3338,26739,-1.8572105025749048,-6.268117844874427,8.731099796630316,-4.5874644738859915,-50.87607091785685
3339,29657,22.9676374249228,7.090169400270337,16.74182823720145,4.864938259752212,-27.73379729673744
3340,3819,15.741410788147434,15.620127876347471,-15.55737987807416,11.077458401274047,-25.523780628431457
3341,5123,-0.6993303336298704,20.44852959900966,-15.224061968673924,14.958868979256867,-42.39769793525345
3342,24963,-25.5495080889132,6.272560047246691,6.1822092691362585,4.053032979324134,-76.22893581895133
3343,18572,-9.930169053857792,22.339887978662894,1.0431213113478532,16.572441939088854,-56.80003897398653
3344,3929,-37.062586051741555,14.31400352240418,-19.2862507864968,10.322968674517314,-76.8319140573485
3345,10367,11.489263256228824,24.7567030305972,-7.704673261677036,17.59383570343347,-32.09001325379053
3346,30083,17.748520976959366,-8.741505342594543,15.337823115153865,-6.506997916458596,-32.38153314868735
3347,21288,-8.3091944669143,18.816773750180754,3.70502570467473,13.233100347220908,-56.17782264663982
3348,27012,33.30152609273261,-10.004996394249467,16.82182596950136,-6.939886398766305,-17.568256480247186
3349,8870,-24.237221652086614,24.967055290726396,-11.232245175742372,17.737958932804805,-67.54073260000013
3350,7944,-36.3679341401665,20.466523080204897,-17.296237152463327,15.483675291541545,-77.69048357581329
3351,27800,1.1559587935397946,7.397497011120732,9.893406847691576,4.749708931011573,-47.87689930221372
3352,3198,-25.259490405170435,-13.476706417980445,-21.317492747963403,-9.889804281884253,-65.00340718605561
3353,9716,-46.48962738447409,-13.240979980175561,-15.487232747173463,-9.286431910928892,-85.24736452316263
3354,5584,33.55128713768372,-2.0782121565482417,-18.301776764297458,-1.1666473018352486,-5.856357072940644
3355,12936,34.481526146942024,25.819588437365482,-3.321828181626773,18.033153979072083,-9.963828167603364
3356,3327,-0.12322566509408142,18.859717489092844,-16.42827580525625,13.692664717262288,-41.52624985512371
3357,8852,-33.02446638398389,22.42434970390364,-15.584860842572127,16.688242970539214,-74.96524430034464
3358,25475,10.878137331928691,16.585880727182243,10.597263387325755,11.614292297088081,-38.02670334930663
3359,6431,27.2277763921241,-7.92355195101032,-17.595347228656415,-5.15517842545256,-12.584383278262191
3360,10628,-51.3244159110052,18.61910004756247,-11.81158674091628,12.385642445832332,-91.67799215770252
3361,1022,-21.542968705992255,-10.299392319498516,-22.095706491531082,-7.399981078652919,-61.07317221330451
3362,28213,-32.10423130567574,9.031368085081569,8.6324658048387,6.368343576722624,-82.83624855886079
3363,27459,46.77036636600398,-4.384457425448313,18.09067891023205,-2.9899155443018257,-4.892783461239607
3364,27521,21.56495269293224,-15.415534546691482,13.546615845797469,-11.1884946842837,-27.947481844547326
3365,15381,38.34521647182686,26.503017342744865,2.5036748326848883,18.166216384160276,-7.979755430255064
3366,10398,39.51880668366148,-17.297028673572623,-13.878354901483334,-11.97784736865942,-1.0371983450848483
3367,16774,26.81882943192099,-26.12984142377344,-3.3357397104968287,-18.06196198160883,-17.367643577975954
3368,4974,-28.962330804285777,-15.383148001623574,-20.557610687568157,-11.589585049073847,-68.8444792371885
3369,19359,-49.1082714187232,-23.59169754557379,-6.137944884485843,-16.90502466271235,-92.49819523685483
3370,2234,7.436457624593901,12.925206432524138,-18.080586522533622,9.277980151881042,-33.229727647733164
3371,26179,36.46558550855551,6.228860798977856,17.864775554612116,3.9941193849669228,-14.777971404105745
3372,18888,-44.56007516881593,-24.1692903920117,-6.04354182741747,-17.23770959099926,-88.31983814152673
3373,25683,45.18642567869239,2.522687076729574,18.275209427081393,1.4950285989091159,-6.384234282965998
3374,26051,32.35582873681364,-14.831390108610005,15.090526272948988,-10.16431909570331,-17.9750874014394
3375,11817,-6.989942192325318,25.24418277993487,-7.979028188091833,18.535824600429486,-51.02358413436885
3376,27165,36.443724209310865,1.3887627454227467,18.27485634295391,0.8407499794175741,-15.05101485971234
3377,22834,38.09400561164205,13.546204079014894,16.003227510842223,8.9557058248419,-12.740100339865542
3378,8597,38.58670191472454,20.349018081926594,-10.959668002034286,14.703176235544293,-3.272854183204112
3379,10989,-6.3127453986275475,-24.135910846561977,-11.00748030058204,-17.896688501655944,-49.14590093611771
3380,25793,-20.495711689030593,-6.176543743202016,5.431339188991812,-4.88855367279125,-70.43320045823222
3381,180,-12.680610722798296,-4.096925089046119,-22.673770839033036,-2.75850652658181,-52.215718682744836
3382,18884,-44.17958573427554,-24.277888672764767,-4.22924599422688,-17.477226624971955,-88.52550295084976
3383,7764,-13.908106366861675,-23.23789037065265,-13.811079104872004,-17.348636161299748,-56.15502737001039
3384,28547,0.0789972340318181,-3.536844688244867,9.770903637780446,-2.66765638339484,-49.10647272687353
3385,865,-26.74741227360083,-2.102197175660929,-22.326129847526506,-1.4101540444844856,-65.82044472079022
3386,1662,6.67881495802003,-9.036026174855639,-19.522578688216647,-6.0451959672652045,-33.49143845483955
3387,11424,5.516825849419614,-22.44992183427484,-12.464710928021653,-15.975020973624138,-36.62007993285249
3388,19171,38.03127184845754,-25.962600761395304,5.098833399030849,-17.613802588605516,-8.783900650868308
3389,24785,-15.68937210961064,-7.1350069210016205,5.471644999058998,-5.403351294848065,-65.24223588351344
3390,4633,-34.636050835310684,-9.039905305855076,-20.339924180149964,-6.323255991541641,-73.62978242596877
3391,9878,7.063708191942561,24.33501313547905,-9.216937167045774,17.481508602858703,-36.20992559820314
3392,15905,5.0634294436002785,-25.24071456698487,-6.868378617727094,-18.27320681437367,-38.546944302780666
3393,9203,-47.964385536932944,-4.955439586972104,-15.201264739374253,-3.3670233383923884,-85.19822579598512
3394,5344,-20.92676655103346,-20.9062083408155,-17.740523436804246,-16.091085731883112,-62.035380990702194
3395,19528,-8.142477034547808,21.295167637503695,2.20786302203566,15.421459608282733,-55.34070145120047
3396,23256,27.037256337171303,20.16191574861244,11.58572511829959,13.854264763056028,-22.15893490212559
3397,12715,-30.227030744744592,24.989988804757875,-2.5204736452010588,18.632884029030073,-76.15142207937092
3398,16749,37.78585438395606,-26.764048432749163,-0.33766819141353743,-18.335457447520508,-7.215057040003025
3399,5136,8.639863190751646,21.06441498169481,-13.038614662044704,15.09650457369677,-33.53380012867933
3400,5591,32.3256739463567,-3.1702790133957692,-18.228757463049984,-1.9874083184876619,-7.074788558869515
3401,274,-18.03489619579298,-8.172108752031184,-22.447642440901376,-5.777341043041671,-57.52266980154042
3402,29842,20.87124565529862,-8.032384737565764,16.108336958952176,-6.003726213676927,-29.511784335580344
3403,27224,-0.09848027384351171,-9.944340252735529,8.714016421469754,-7.176115845519896,-48.8675232049324
3404,11115,-52.31639308647522,18.676189194198162,-11.107080152697467,12.391375502120704,-92.73343368061332
3405,22016,-11.514323008084972,-16.858512020258758,3.704090738030379,-12.641790905838985,-59.31511984750837
3406,11335,-1.9172539740279588,24.811846750646165,-9.361278075250144,18.195137546266043,-45.38107866518816
3407,21838,42.19860378893238,-21.589265342355905,11.536055637838714,-14.255117726212589,-6.852321209609052
3408,1966,6.364852198108136,11.919243633208069,-18.619640935262915,8.565433418790153,-34.181412354966795
3409,2274,-18.991269997745224,-17.179464192213754,-20.30395075202903,-13.081352437744414,-59.297971010879586
3410,19366,-34.64063233839046,-20.850205807511117,4.744274714001082,-19.00774421016129,-81.83720542844523
3411,10590,-36.94571583421666,-21.689503776270204,-15.16474026394902,-16.514434683039436,-78.54453429396219
3412,24072,46.97599143083857,-15.690183343888556,15.304745128634979,-10.101389845229225,-3.5135361127781417
3413,25464,-26.0794645832302,4.621867161287219,6.371505296326346,2.899496959725633,-76.88189423981213
3414,1020,-16.542356588648534,-14.362277306847503,-21.102845764636427,-10.555201927921935,-56.50161763600724
3415,5571,29.782068448093717,9.053917760543852,-17.073962301821417,6.692811828777951,-10.290653472393432
3416,10181,-42.57430834611071,-16.432988102477694,-17.04866107053765,-12.065620183679986,-82.51833107127487
3417,22035,-18.515618695011668,-14.035240758563134,4.280434416445866,-10.837071028234039,-67.16502173844867
3418,6112,19.985724079917492,19.222211815600073,-12.847352732243403,13.548088530771638,-21.851064507033037
3419,1747,-21.598666560751976,-13.237729479831359,-21.54598788631679,-9.674562656549115,-61.42262018061112
3420,23981,-5.306666692546214,13.870188090662674,6.220297519277253,9.342670236445958,-53.90563227810704
3421,19733,44.65812753734155,21.088102575189872,12.04595258596338,13.823594335583902,-4.876750752210412
3422,27363,2.907129756402624,8.978535499981568,10.268447466786286,5.986332170078837,-46.19818752891599
3423,16806,15.737948464128232,-24.304055544527426,-8.366696241834367,-16.928280872361512,-27.35979131635157
3424,10441,12.41356313345838,-21.066214537823168,-12.757495597925839,-14.621550837914768,-29.47577209209755
3425,7100,-34.95946115970645,20.464931813861376,-17.56531049195073,15.519800567642443,-76.27214355947235
3426,16443,-39.887401754927694,-24.373929833650706,-5.971299722683572,-17.543559082557778,-84.07984372219649
3427,1269,-29.182015901591456,-1.3490834396366644,-21.918776176587933,-0.8877007046004876,-68.18294673344721
3428,7220,17.48461275554267,-14.487502483480949,-16.169439387971416,-9.75949265917753,-23.207936170350525
3429,28917,-1.6464996358751884,2.8382495534090917,9.20170324471401,1.6357375238182248,-50.82170744743584
3430,10512,-8.632569026061073,-24.24035810289439,-10.70501749841128,-18.074975296404283,-51.64566627834338
3431,1731,7.348991092883921,10.71877865835918,-18.825876316863344,7.699069089450749,-33.07260484208961
3432,12653,-55.432297947341596,-12.812320027567255,-10.289338625458436,-8.385013976808365,-93.33639139775545
3433,24220,48.2048026156099,7.970180787595268,17.64055448702673,5.0059730007640315,-3.260711956565601
3434,26458,-19.460855345811282,6.481499051683887,5.473226545519146,4.13772341199453,-69.5378227296699
3435,626,-18.60796091116229,10.397976074772687,-22.060024483416193,7.660487152801449,-58.41572252100605
3436,18212,37.60326105767279,-26.394861963849372,3.252196456968352,-18.046642765595724,-8.88295441003089
3437,10422,-3.4117221658185324,-22.821541126145046,-13.178231712321441,-16.7714645165691,-45.49530587296478
3438,20884,-19.431238817561027,18.65218417518925,3.356536042215423,13.886307522087568,-67.67400922445034
3439,14960,4.704750758129326,-24.851307765866128,-8.140958489666147,-18.013579768906077,-38.61147449416793
3440,20757,-28.792773712638027,-19.119055350459753,4.77716921848547,-16.6875559950813,-76.52160383114375
3441,4714,-14.558471486335726,19.8720048576982,-18.062973936083324,15.180970965105663,-55.75422035234493
3442,11322,-7.945643456843542,25.1240012078132,-8.942691708011685,18.42748690106669,-51.73974757505029
3443,5812,-26.406657365332183,-21.151763055501426,-17.35215386175622,-16.36302176570029,-67.57777665990108
3444,25018,41.190151044543384,-12.591889174349102,16.31192166695846,-8.376366875537743,-9.73460139358162
3445,21423,33.237496954211544,-23.87250012537866,8.172085326159443,-16.40114946207452,-14.705938118886849
3446,24940,-19.142365892947588,9.504779810285195,5.230094570286561,6.368653876224457,-68.89461762026033
3447,20187,48.634454857026284,19.94758460444311,12.994532277238099,12.938316040105843,-1.3561342748786749
3448,26950,-21.394343075008965,5.259016603412634,5.599245886002768,3.2950706185941563,-71.68420450292585
3449,5157,26.834423476373733,3.4745271116789254,-18.11963976949602,2.812689035331694,-12.85978622294122
3450,17357,-0.10522933626123213,-24.652306459862984,-2.4342966357826272,-18.18646360834863,-45.19376047363359
3451,1169,-3.710839055726589,-8.686949686401942,-21.13786325353854,-6.015047280748243,-43.6179429310891
3452,26845,-32.83044826994902,16.92710514246307,7.611294430301296,13.371550834302472,-81.96535329966358
3453,24303,-13.45529090495736,-9.200856753888125,5.454568364816561,-6.818469401611518,-62.62370038830473
3454,60,-20.78795277536415,2.6567730852367704,-22.85067674254708,1.9748143878007216,-60.167081484581686
3455,3504,15.913265315512362,13.897487114139109,-16.31324765457928,9.887258803245128,-25.009864516517432
3456,5944,3.301431558525358,21.400171835397234,-13.665762876480766,15.516921324771339,-38.80489547690381
3457,13311,5.908231842011952,25.33255697518323,-6.685965181999389,18.280737824733453,-38.13187154004364
3458,2755,-0.7942796432477817,-12.989301722532156,-19.597217778532816,-9.080397338205712,-41.08454662302464
3459,18934,-23.811164007927662,-19.65246418648003,2.9615596216669244,-16.594299233957354,-71.19693189814325
3460,8634,-13.978485641090446,-23.836842713418417,-12.71231568613028,-17.72107256282293,-56.510319832432884
3461,12530,-39.81761352849352,-21.593170611424732,-14.737187903494387,-16.3407554704513,-81.41443425100586
3462,18400,-38.375715785032995,-22.97082504025944,1.5645274101502866,-18.561528097045198,-84.87162966229447
3463,18645,6.961686886991882,24.564792717128345,1.6669189824357753,17.483616448776647,-39.395119188490796
3464,3755,15.939419515456812,-9.992685349507797,-17.890017005760225,-6.596018384804253,-24.357059539291896
3465,12704,-34.960108022353104,25.28270348598656,-9.124645705232858,17.554435708967205,-78.68468371694273
3466,17498,-28.882899332781662,-21.098192248626596,2.782336708415733,-18.438813501019236,-75.87096475780706
3467,18595,-17.6860525739869,21.153613399195144,1.9307277353681065,16.132156307576338,-65.03772480003677
3468,10639,-54.858472530813216,4.2225999267070655,-11.457050419823997,2.5677271409841085,-91.15015829438818
3469,9978,38.66310195651347,22.062094388507223,-9.364613585994526,15.762296894125186,-3.700585879425307
3470,8329,-44.8337803862777,-6.797803422439602,-16.669141905630998,-4.75489053079279,-82.634222799068
3471,8597,37.265924616274575,20.383258099356908,-10.951297966656556,14.709562676661752,-4.703135761271454
3472,6834,-7.330440854460483,-21.302125755811176,-15.668951265863312,-15.770549617726351,-48.81499923724158
3473,29135,8.631444311296915,-17.040398291132764,9.239722221220164,-12.442674551987801,-39.67633263640215
3474,9437,39.17565864184443,-15.277902388688807,-14.954658221696524,-10.61098550666897,-1.1209243123767392
3475,4658,-37.780915220312764,15.819471354108021,-18.908615765591435,11.562425488262255,-77.7638452708961
3476,5355,-12.520346173937531,-20.761923808616366,-16.92633415719014,-15.673085629028346,-53.766719308706634
3477,6837,-4.6394386870325945,-20.69977473657241,-15.847058886101795,-15.180072041346659,-45.977263929913306
3478,8352,-39.83658738574991,18.749065332254887,-17.581848256172616,13.891025296638128,-80.61259512983565
3479,14710,-21.502367193844776,23.550975089436083,-0.5312956528847261,18.51195046050113,-67.97994131687283
3480,12376,35.03261149507543,-22.29961368174318,-10.009797769748257,-15.365489538693172,-7.045304487155891
3481,23987,-17.580756279904556,12.06333195764871,4.90404892067417,8.189558942505064,-66.90605954547783
3482,7871,-36.23312730666075,-15.620144929481325,-19.377569153907498,-11.596027792080951,-76.05255610279534
3483,11730,-33.680525909835346,24.91890792440061,-10.605707957431733,17.44552179094409,-77.0656247904536
3484,9986,30.505696225472505,22.79614853421785,-8.764699887939894,16.10863274581739,-12.238422649982294
3485,21491,31.425342563908217,21.90642681838812,10.581236174870966,14.865848409233973,-17.5281826016174
3486,3187,-12.948341656894149,-18.436003711983858,-18.99946047622368,-13.852455446902361,-53.547220453422085
3487,30522,11.21855322305387,-2.917008955151342,14.37067918584445,-2.357549612907723,-38.78215425938789
3488,29497,6.824050897318452,2.7690804409163152,12.766928510805371,1.6153254562746153,-42.7591915288181
3489,27141,33.01918173111947,5.656523281016169,17.775914086238288,3.7189534592832856,-18.175491960605434
3490,16047,-47.239857220149936,-20.333872808503212,-13.117183690120308,-15.215990812104469,-88.81342834075669
3491,17155,-7.618932514243223,23.765196536848947,-0.4760309887395673,17.52651562692689,-53.86929169192268
3492,1096,-17.192452407910157,13.900409995041775,-21.19499539460747,10.470376052260608,-57.375752007569226
3493,4417,23.506281581841456,-4.495020193246754,-18.263463437074495,-2.709353045326684,-16.29368385270384
3494,20150,23.9090430387884,25.303027625386598,4.38924448942013,17.67397262980189,-23.179147459447947
3495,23280,36.29505728428007,14.282943830685888,15.64135139952432,9.543481288076327,-14.354386032167811
3496,590,-23.96922526110741,-4.12938247971185,-22.583944477297962,-2.856335287683223,-63.12989265889581
3497,29975,4.658176055520003,-1.6016977366088418,11.844516785404881,-1.3968690897132512,-44.79784513985614
3498,27516,23.7814258766549,-14.677826615258779,14.28735326358273,-10.504083394177954,-26.032102819140047
3499,9993,24.147379550309033,24.220908875032702,-7.40157297003918,16.892117799758786,-19.229656961906777
3500,29109,25.147320552084395,4.654968441882482,17.35763729688811,3.131223032337176,-25.805632267960096
3501,21852,33.96529760345664,-23.343687233354643,9.166273599865676,-15.874237469941198,-14.251438567779054
3502,15332,24.930853513192414,-24.09718540347084,-7.8235690835056415,-16.67844411427726,-17.99013411839529
3503,7132,-18.926895458607042,22.227370207505224,-16.018405148596358,16.783399412608492,-60.734376857567135
3504,19273,47.04090251739862,22.406051994783414,10.915981341277499,14.733375410124177,-2.140646231019132
3505,26647,27.000019886989328,12.149297289815593,15.833843727599273,8.308649378331205,-23.486425376609766
3506,1202,1.6528663882988037,7.173436046164027,-20.537434974822478,5.249136089225708,-38.29876731801079
3507,22390,48.56770664686658,13.892617640238514,16.048857630223544,8.873600991465086,-2.42455491607076
3508,8785,-45.88678668149732,-8.674336427860867,-16.117218324969567,-6.025586847575161,-83.7593141499572
3509,17116,-13.757315231000195,23.247816596203318,-0.15883249501893595,17.65935335708024,-60.34919039428563
3510,14016,-41.69036430695797,-22.6707831051538,-12.327882558042779,-16.64375470574295,-83.87098557894446
3511,1380,4.934995656996485,-4.7630754889025555,-20.47868348268665,-3.0672649313283222,-35.01502502941646
3512,1611,9.200507075430053,2.5836248547642686,-19.929120766992256,1.9791438672508255,-30.752991671505406
3513,20977,34.322053097036154,-24.229251044928393,7.895337685429378,-16.552326905368503,-13.483130305546815
3514,5562,34.22541877407474,2.7874253854327513,-18.174152416659872,2.445042682665423,-5.200001840476448
3515,20019,6.587144840321977,22.312107925284877,4.719874203680786,15.809272465211253,-40.73112409163113
3516,5037,-39.495082491511354,13.401088728884295,-18.632069186390787,9.415700998576359,-78.85715395243103
3517,4175,9.281556715961031,18.602606914584662,-14.918733785129714,13.257909406134686,-32.309984547281275
3518,28063,28.845476989352093,5.3143781462331905,17.581840400395873,3.491077129151922,-22.28878529759372
3519,25777,-13.40425691329013,-4.586102931535827,5.963165555674805,-3.5997706577763813,-62.95160521545418
3520,21407,44.01971079120046,-22.90876976884023,10.185136693186482,-15.247463800309896,-4.561139005154283
3521,20827,-24.816326326907905,21.19783228653253,3.0416930061296843,17.009770856149306,-72.3676026716323
3522,19996,-3.480359773568586,22.140061154899858,2.2174402374054196,15.809261068335779,-50.472764300441305
3523,21208,-32.83597228933836,-18.828448538820496,6.488322052763414,-16.954486068912235,-80.66636601260294
3524,9541,-18.11914726802235,-24.43453933090449,-10.78527569472869,-18.113022274600237,-61.150177308298716
3525,21356,10.999521963292555,21.52671386493434,6.927933482020761,15.28810170686959,-36.88011646801097
3526,26772,-10.645727563763058,-2.8274038203784153,6.564971111901453,-2.3353872276772,-60.07298974009388
3527,20140,19.08414080048592,-26.04286860020959,-1.7439647945739485,-18.36187896914182,-25.798648737471538
3528,14460,-0.9342274759421256,-25.0084530220998,-7.499475347118686,-18.479903359274786,-44.61290675825902
3529,8526,20.307387764898593,-14.683831240708809,-15.83056739591943,-9.85798826459985,-20.365641076665835
3530,4868,0.5193485905910096,-17.379260903675295,-17.42505214876336,-12.290381364115289,-40.34688388328176
3531,4512,19.53319684197162,14.057423485296088,-15.80121174907272,10.032089208593455,-21.357134824304705
3532,6245,-41.55047931503798,9.96536240110315,-18.008507380783783,6.8580565119351125,-80.16378112643022
3533,15949,-43.915968205639004,-22.83414302528578,-11.062619290884907,-16.67152448997982,-86.34695763576303
3534,12084,-20.7063070680056,-23.521919726084548,-3.0753164945479385,-18.804563534573408,-66.18655552059586
3535,22805,29.49134310423603,19.793063344717787,12.143320638623756,13.480474073203663,-20.014958557221814
3536,25708,-2.2384680700847657,-17.037755140086013,5.504067591663528,-12.350333945121207,-50.04628185048506
3537,20975,38.86773950259528,-23.283187010626108,9.484408376196232,-15.688304987789397,-9.449009522534375
3538,2606,-33.75084741977027,1.1448324664487064,-20.82540095274677,0.7431570076278204,-72.49659244816357
3539,23959,-11.690275784788092,12.595767935369246,5.260842454560466,8.450222754569577,-60.665495397528794
3540,17058,-45.70607520788808,23.444389314501972,-10.924582940431714,16.550171938994946,-88.35657089767747
3541,7434,-44.62839291369688,2.6885117333552717,-16.74571640173113,1.770900564574441,-82.33740867864226
3542,18696,42.535966062450846,-26.692944905215864,3.5262951483165277,-17.995703672332088,-3.792557549158225
3543,4138,18.72954859363463,11.262721180884322,-16.974310369021897,8.038709032656092,-21.769181196744583
3544,28298,17.212952919505966,13.931820284494837,13.703171287370825,9.70216142069252,-32.515250588980024
3545,5633,16.217349052523552,-12.944750372630969,-16.908130892333787,-8.735883374356314,-24.38461318363902
3546,8899,-15.472174535729232,24.09028243570174,-12.752566884842658,17.736760742597035,-58.23940758101867
3547,22354,27.641831402518285,21.91523351396628,10.107151671311241,15.05431158072621,-21.1309483021425
3548,11121,-56.04811269631287,15.48459238594181,-9.38785334335521,9.617696436426181,-94.8266442655672
3549,21804,15.820458982825706,22.364421804867565,7.4974696935976475,15.807686516603724,-32.14703387982477
3550,14277,-0.8706615044594006,25.515340965635726,-4.351014801974895,18.489797141825306,-45.77419429420826
3551,792,-0.6474623622348677,-4.5751829562615205,-21.308399455499313,-3.0123559357732708,-40.46241465084809
3552,3680,21.84209530717711,2.0169444244977375,-18.48596552841704,1.6612832270220559,-18.00347028721242
3553,10890,35.3066099289506,-18.305831533103024,-13.239577690118569,-12.68563209114151,-5.621809530884562
3554,21994,6.2860026304170775,-23.818094331687508,1.8494179878324521,-17.360052624361405,-39.873049859058725
3555,25426,-7.8070413068130735,8.426239677707676,6.774443763868888,5.399829139779522,-56.91747325145872
3556,68,-16.496172069170992,-3.662955017712044,-22.862474464158137,-2.534728976333603,-55.93130806058582
3557,4904,17.9833148557399,17.506804975685526,-14.24345919214953,12.35471949062362,-23.627015885560187
3558,21960,50.94790689593723,13.569977131447466,16.375259764925474,8.770265196715332,-0.08608281609243351
3559,3648,-7.189292261551564,19.02453674956463,-17.637428630329758,14.174996649031614,-48.343121440870235
3560,1050,-28.474636697245334,0.7251615127342812,-22.056976993201108,0.4839005554952218,-67.50432146701087
3561,5719,14.840064761823266,20.72655216347768,-12.33569226723154,14.621924846718098,-27.36011362617001
3562,6651,-41.29522745269774,16.78939989416781,-17.508342503275124,12.041571929648125,-81.49070167411007
3563,27754,-19.89626836119117,1.2707087161810369,5.63324070354352,0.4827503268978002,-70.00281180750048
3564,19338,15.953376044744758,-25.8514988031324,-3.7891317046748494,-18.242470552360324,-28.38720118446852
3565,27625,42.07040080581923,-1.0751920752961313,18.318683640884572,-0.7884634234507569,-9.556790691571573
3566,25686,39.25877784674247,2.6547441983985305,18.25917424597222,1.6972954423536084,-12.202321181693446
3567,1112,-15.173207194627528,13.600212266899833,-21.1787966604851,10.09773449336361,-55.334413458734325
3568,4871,1.7078905912130284,-17.119401424417525,-17.375393082294522,-12.036131590610651,-39.132035025807724
3569,4446,6.837228626996802,-15.037232664255573,-17.544912324505237,-10.38171555705214,-33.87587416441091
3570,6679,-34.682188204359136,19.50841545239194,-18.323060698543678,14.812373313860718,-75.76219821626137
3571,5006,-25.55810890807604,-20.68464910912092,-17.94449046995896,-16.059714338766156,-66.59066416574012
3572,13762,-10.425974937684211,24.89754370787418,-3.858662264478982,18.551865409579023,-55.73727415458737
3573,23338,8.771890961849133,-23.456209885058374,3.201664721177732,-17.118228774850163,-37.680203803220294
3574,22308,26.563748451857634,-23.848241501930154,7.503183348974145,-16.559738927075024,-21.17939380733378
3575,25049,30.57000855186555,-15.931126255431964,14.353269176480836,-11.09664588340944,-19.370210236646685
3576,11976,-2.7722660368875163,-24.279118544631107,-10.423634813920128,-17.923589685549487,-45.66566283392879
3577,11651,-43.96749898130582,-17.773030815746854,-16.145904978905513,-13.208942520652776,-84.42568432740987
3578,13425,33.430903704147035,25.973474314682694,-2.8751902774285205,18.108842582670228,-11.156624454918862
3579,6590,-29.0271352610957,-19.5785918811145,-18.741928850218297,-15.258373110182866,-69.77975200756916
3580,21522,43.985141445009276,16.23974593435315,14.998508989052203,10.547514097553522,-6.581880683989418
3581,28260,6.431962198131055,9.908306101793977,11.467860394320496,6.745595939792522,-42.92984614777572
3582,15196,-15.80476908233559,24.60338453986857,-2.9581736622069763,18.705693199529364,-61.53946437060064
3583,22373,35.506225217478885,17.808356190177985,13.929513646531621,11.897156513959011,-14.554516723269508
3584,18885,-46.582976498490105,-23.979713430420535,-6.145239822353141,-17.087220838139494,-90.14752913271008
3585,14830,31.072039189068743,-25.7356702293314,-4.727300074411608,-17.716257854049964,-12.590150509202864
3586,23428,-31.754437652968203,-14.70704403121387,7.2444756105539625,-12.578660131778303,-81.01654328470998
3587,18211,39.82817691011039,-26.586148726078115,3.285648447057844,-18.041564875184065,-6.394675454741955
3588,24018,6.100490677210136,18.10747055375404,8.080763488872355,12.606951713251007,-42.164265821626515
3589,30178,9.69789851989198,-4.420743741326186,13.658864404028215,-3.5159411297239513,-40.07612398492107
3590,10071,-37.965816838300135,-19.356409952490402,-17.603099615563643,-14.851288572548139,-78.7864677216336
3591,1259,-24.742728825590053,-7.518058096726154,-22.238902428924987,-5.389770555706391,-64.01248914522964
3592,6010,24.639393034141914,12.178553848342116,-16.209234131808046,8.765405285895628,-15.90579841021627
3593,12228,-30.08490930633915,25.247799986209113,-3.783582372670043,18.501482973029315,-75.7333581406702
3594,29678,25.78552076074459,-0.21146072398491408,17.680268552962673,-0.31784976045567565,-25.22632932628067
3595,3304,-15.438397147118545,18.353937811339136,-19.35628384746441,13.972002469829519,-56.24307728017421
3596,3637,-16.81764372929853,18.93832261841492,-19.17587217324697,14.43956773860416,-57.700979181111634
3597,30101,14.538524979352646,-10.507180375922754,14.003582384568968,-7.851918080652423,-35.159031092848466
3598,15471,-36.30563819997199,-24.401821956675303,-4.832219634976486,-17.935294886428654,-81.05074432121195
3599,7621,33.551062018674784,14.86916974302804,-14.855495371123727,10.753157103109636,-7.143863198233471
3600,17721,23.175665734304413,26.2119206878793,0.6116700420604917,18.309835818222407,-22.6376994187177
3601,25650,30.260221739352055,11.966071358018034,16.154602369443623,8.088669259325716,-20.404817561348633
3602,412,-22.586713780699267,9.230239819561044,-22.182851025044542,6.700705107481726,-62.1706053378398
3603,27000,37.973213133746626,-8.428112937414603,17.44347632352121,-5.662048275534571,-13.30637198567246
3604,10968,40.01847721366301,24.42817773767371,-6.392908275728093,17.18330401735838,-3.2123608960627266
3605,9053,30.722773662025453,20.96775131298586,-10.576159102350866,14.978204491858389,-11.517827492718592
3606,26741,-3.2165795199112113,-5.038312522658312,8.415194861143355,-3.6975748878820434,-52.27594251784151
3607,12746,-21.085092642694264,24.345931554947104,-2.2292613828849968,18.801572002989147,-67.07029546419719
3608,1406,-1.3672593452692108,-8.872556375250188,-20.78268016177515,-6.046991572398031,-41.30953223618851
3609,29511,11.763242300172067,5.369043283357974,14.388570572908742,3.570071915618344,-38.214099807586564
3610,6642,-43.21840586616853,3.9577635893160608,-17.380815426096348,2.605301531312947,-81.13642670610294
3611,471,-20.435603629877303,-7.248579504248068,-22.548004819225472,-5.074203178586488,-59.84823552855126
3612,20911,7.245568437070453,21.652569215615504,5.732063027191797,15.253800707876715,-40.32697844513237
3613,17572,-46.1939673048146,24.616988430658637,-7.309049058780019,16.9502155185976,-89.80058682114654
3614,19742,-6.54921843680249,-22.3857677582148,0.5230207390197912,-16.94153766775283,-52.76780828135408
3615,16263,33.32215624574033,-26.594395168656565,-2.0518989216595767,-18.221414924430736,-11.22409559813179
3616,23416,-29.623062451994752,-12.64876129134465,6.696220527272638,-10.516792653771965,-79.31191593946457
3617,422,-6.3128591647927195,-0.7885406424228392,-22.22784773136251,-0.34771415066905875,-45.98786166366003
3618,23367,-10.129782471692176,-10.65548102997509,5.733849085234265,-7.764973713573314,-58.95898124231755
3619,20110,27.414745267830334,-25.67986865482568,4.107362771884396,-17.810185949507993,-19.185161192561893
3620,20975,40.800434792602665,-23.467712345519015,9.313806678299965,-15.789105053614087,-7.414066692053343
3621,5669,2.6364259439429194,-18.06047515279055,-16.671092436623283,-12.700447580273442,-38.349213481926256
3622,2703,17.509399437589863,1.4833162083069085,-18.86132425036905,1.3746426714361268,-22.5039373365574
3623,13859,35.777335214943164,-24.10001948894604,-7.658174627658027,-16.662234054167293,-7.064075747361553
3624,29714,9.74666785972315,-10.341642254989054,12.475840583446768,-7.698869575268846,-39.59425676630213
3625,18008,-48.64781385954806,-21.55272633190825,-11.052584472470134,-16.07584555186568,-90.79560616098752
3626,20128,20.7466333849239,-26.17962920571215,0.03518414061884523,-18.35118387595371,-24.610995533687504
3627,53,-17.210286815761435,2.618146351471068,-22.917509477587252,1.9382031611243975,-56.64463752088892
3628,16145,-18.523205108369456,22.899029472277483,0.23906546275053048,17.812258419006916,-65.2045237300918
3629,18772,33.05722988463025,25.249428246503907,6.303771589565494,17.209710897338717,-14.62573256685544
3630,9434,40.205174751023705,-16.078856290158182,-14.777798261379765,-11.253417772130408,-0.08668365746465917
3631,11917,8.728104951213734,-22.57088674260368,-11.804776910461264,-15.920933346895435,-33.556939687202714
3632,4989,-27.050526246839084,-17.9330873622881,-19.97209687607435,-13.838269207972605,-67.28595910383748
3633,9347,-21.808414055592124,24.388049357181128,-12.504616280854655,17.640329726536002,-64.73021187461913
3634,7042,-43.459081676395755,6.818127630270977,-17.274185959512742,4.655855259442609,-81.46271105169754
3635,3716,21.817353692541534,8.260742519700418,-17.577326152915823,5.985725662375869,-18.388301256061908
3636,8182,-15.521101398248517,-23.695389618721112,-12.991136777722218,-17.67128849672326,-57.994553162232215
3637,23025,-3.071599583855198,17.838660134135125,5.292633501144991,12.281839025727221,-51.07836578417823
3638,9221,-48.99870801687575,14.166911920806271,-13.967676524903377,9.402316066188872,-87.85356531086215
3639,18190,18.52715580452533,25.649784905387587,2.252455243822715,18.086474892294095,-27.771792030725955
3640,4471,22.258002336062304,-7.872362461076861,-17.79784467422072,-5.178393932730945,-17.730173924804756
3641,742,-26.937280397124702,11.42902459143529,-21.48367784019163,8.293359494462546,-66.56112883548636
3642,7236,26.37298340595646,-10.075642926687634,-17.057670147061607,-6.731408606333421,-13.623329654351252
3643,15626,-35.19447882553166,24.532548505996793,0.5321195948278534,18.624773124413824,-81.89837733993423
3644,19832,-14.675172508766641,-19.770151616313264,2.033623680333206,-15.543214148987488,-61.85118195033876
3645,13335,19.78275844148433,25.833647259698974,-3.622636455217868,18.146365053909363,-24.865753871384495
3646,25278,-17.373836754913192,-5.895376280382052,5.479239755767489,-4.517883486621216,-67.13867233448028
3647,11265,-25.91935478519023,24.88623405950209,-3.1803441183498062,18.71868144984505,-71.6909434418921
3648,21692,-22.832492473679643,19.551127352640766,3.519414506043887,15.214938373093496,-70.82070629563917
3649,15834,13.824170659110193,-24.13118523013272,-8.87192355315264,-16.873280397295446,-29.12323991853371
3650,7645,24.374420994722517,-12.325140877382772,-16.51218688298777,-8.19451850449235,-15.982425529392067
3651,10102,-35.70953031695501,-21.89798796479004,-15.024193453022267,-16.646751703341785,-77.40418700472924
3652,9440,30.116603993946516,-14.465859428469301,-15.422670702704876,-9.920894749638666,-10.290724589855035
3653,15427,1.9948642456932595,-25.12483653336419,-6.95088903080305,-18.41898934893139,-41.67245363750985
3654,17783,19.071530076540668,-25.155403233060948,-6.358869071987553,-17.483463398786107,-24.494289616159303
3655,21267,-21.538461539259455,19.193429672771515,3.4452558266011724,14.601945437146673,-69.60900736470794
3656,18628,2.3639142884114674,23.520009529889723,2.095786998061494,16.605015395803136,-44.19550142466235
3657,26988,51.036959553183046,-5.57494631874497,18.101301518315815,-3.660198581892468,-0.5053432672781762
3658,24479,-25.86014936949383,10.2784177799521,6.001854341660993,7.041464646417955,-76.16513582952791
3659,25321,-26.945458150305342,-3.4948928748493078,6.605359288962254,-3.0771281669272654,-77.74840558691146
3660,16905,13.847465480239425,-25.023316959797064,-7.042859442083004,-17.59430764900474,-29.604939434161956
3661,25122,22.119824063541213,19.59622948224983,11.320102280033145,13.710473938349363,-26.979889984813884
3662,10574,-33.92778800526682,-23.75200534998914,-11.915041934606187,-17.260105885742792,-76.5929690740898
3663,3234,-34.762457879648096,-2.5478067261117316,-20.529548883362605,-1.7333645494925798,-73.41206287893596
3664,856,-22.718931748111522,-7.749375856946793,-22.3731198579842,-5.547268793110467,-62.10409958843591
3665,2502,13.71961467451929,9.236073026194713,-18.19254057325503,6.62062972187503,-26.664311397304303
3666,11972,-10.28697359185375,-24.868243425737624,-6.172186709190411,-18.668722688253794,-54.566888738575514
3667,17190,6.449827327870933,25.041126460537715,0.23190307817689298,17.909452449815717,-39.574044757559676
3668,12416,11.93437701082561,-22.592700114739365,-11.253076514279783,-15.796067742838193,-30.410826222546913
3669,6539,-21.923965274944734,-21.710001084742466,-16.824198113707144,-16.601182261515653,-63.26410756776498
3670,3836,6.471587212443255,18.515570884820452,-15.465546794624569,13.297546838304,-35.096188938072615
3671,17920,-40.72035349022728,-24.32432665964192,-3.5481547992866593,-17.795507080718405,-85.46564965068976
3672,26173,31.19298482050911,9.397125029320131,16.979697832362085,6.250423240166483,-19.712100140482445
3673,16938,-44.29917651016072,-23.32443256380246,-9.406293005632957,-16.8503939178252,-87.11924173680292
3674,1122,-27.568887438906003,14.831120482238545,-20.804388083907963,11.058217547346914,-67.59643286049112
3675,7876,-41.998633975391975,-10.853300715252786,-17.794309581092957,-7.744472239540587,-80.70284098359073
3676,28172,-6.559678787969412,0.8832887389968819,7.646213701432044,0.3256253851090944,-55.81809528788364
3677,5240,23.612365353032132,-8.504587570200826,-17.5724962872058,-5.66742277574652,-16.420819538464723
3678,10620,-53.0129262039734,-3.0427278902985746,-12.539242158837144,-2.1719808005368764,-89.50311257463942
3679,5445,-39.42600063148051,15.670107677269941,-18.381718787805497,11.38579758007834,-79.35421747968631
3680,12631,-45.040015800592585,-18.353409291724464,-15.48269682338809,-13.608612708294261,-85.64326729674269
3681,28359,24.122569048703372,-11.08003774560596,15.726723961494699,-8.035989022999077,-26.180541657810103
3682,11110,-55.0914907322647,0.1628243508582208,-11.382437398984159,0.022547627309609738,-91.2072459346453
3683,1409,6.666176170261325,-6.227347683123819,-20.024917759090926,-4.029123085118375,-33.29236835117367
3684,18838,6.8644988657801225,-25.210244024983954,-1.0781898721800547,-18.269173371939157,-38.30233582873516
3685,7035,-41.57209992798982,-8.729039062419648,-18.05666717149484,-6.142099218914105,-79.9924008152191
3686,13429,43.977207818068585,26.199789591315366,-2.0203868041088264,18.299962565269933,-0.7133373709190711
3687,26888,1.4025288448841764,12.181297964835753,8.902037068917835,8.13652869721496,-47.396245874201725
3688,14991,-38.55717106938564,-24.190674868730657,-8.906528638062863,-17.29709505072355,-81.93135646924785
3689,5830,-37.97041964783719,-9.036615168908847,-19.42296161173195,-6.313734061256602,-76.71897213684322
3690,26072,27.33001301972869,-15.431030734966434,14.272305705580706,-10.92391088718238,-22.668420218380383
3691,20992,30.667630280931363,-25.272683017929232,5.7269578394692005,-17.383897348333548,-16.46255143424707
3692,11133,-58.96453681733132,2.330169714996002,-9.037494931092475,1.27006454029561,-94.67069990304611
3693,3575,-36.626626932617576,4.833230977991791,-19.887454772437433,3.2503161707395956,-75.29501092345204
3694,20565,24.47201956650479,-25.748786269861696,3.283041824201624,-17.95701705039367,-21.91819273672289
3695,406,-18.05776308740495,8.925758975428563,-22.29855663816176,6.552884695162249,-57.74109006459348
3696,5995,33.181659874044826,-4.947439080656867,-18.03224906786152,-3.3318688700455086,-6.407483091585905
3697,8569,14.252227633105472,-19.016613509041605,-14.133851293739784,-13.027035018647762,-27.209658760230703
3698,22635,0.6509077340931926,19.477253834683655,5.388976976542278,13.477246478959993,-47.04040110901833
3699,18310,40.12961080071796,24.262137819408142,8.577342976816858,16.20694667854348,-8.252899030796097
3700,992,-0.668059803058709,6.137180911593066,-21.065452916203107,4.540174860017302,-40.659639921874245
3701,19691,17.351589598432867,-25.929212778459874,-3.5596368924294777,-18.226524208952313,-27.036994829275336
3702,20081,44.75560417334024,-25.13066162075783,7.580859763897578,-16.697927207393057,-2.83472912418021
3703,2157,12.257368865645077,5.8591913444200605,-19.103939880639537,4.270276850982595,-27.938155322252417
3704,3108,-8.060051971409534,-17.458195941138072,-18.92025639031296,-12.80303147345535,-48.70994267423065
3705,29814,27.09175192783658,-2.1982227279303705,17.714020163981044,-1.6369101987482666,-24.00849619222422
3706,374,-23.085494225734745,-2.540882266517969,-22.729452945246642,-1.7243128015652793,-62.27003653446509
3707,28829,6.427192329001402,-16.241695445315763,8.880748020607632,-11.850091694381907,-41.85629747198045
3708,18695,43.698751386014465,-26.62390409909645,3.9976700323225236,-17.894559369941724,-2.708609368148477
3709,20100,31.35781007457396,-25.58547729703483,5.080341458533125,-17.601789595271377,-15.482226148520319
3710,14992,-40.26446477740283,-24.023891854334877,-9.1285057985105,-17.141547190030494,-83.50101425595
3711,28406,14.202473990827166,-18.906712178694146,9.70937204260215,-13.82119537525919,-34.21021213942495
3712,305,-20.385712328705594,8.175603575577423,-22.403052852409843,5.959746199857198,-59.9584318349453
3713,3909,-34.447399561840236,-7.009503156365772,-20.466843500921016,-4.869785978185286,-73.37716712333088
3714,16094,-38.653234848160416,25.44147557217614,-3.6272057919768197,17.881424175999058,-84.03009092403035
3715,9057,41.719880549780356,20.453886170207518,-10.952810167688419,15.011224120366045,-0.07952169997754617
3716,18313,48.3809817349105,23.64079180738304,9.875039780033404,15.65493404677071,-0.34696322491679593
3717,960,2.652989690033445,2.866806182404078,-20.938783611172727,2.1469525913045286,-37.209757191338724
3718,15692,-5.87006691343512,24.27013280681483,-1.2154171001762148,17.81288512483837,-51.76923850609445
3719,20024,8.038418334774073,23.376873301647738,3.8910432123826597,16.620339226677558,-38.94330758858657
3720,3263,-34.736942151355755,16.331070539259233,-19.55204587374343,12.110795537117006,-75.001399340658
3721,7969,-23.63679242103722,23.279111713621322,-14.724067386191752,17.15485234314,-65.82805362286913
3722,23751,43.38012144724898,9.727439657871612,17.299912953190344,6.082866679853454,-8.05285318798713
3723,30316,19.498139214099222,8.22497549519108,15.968147443527103,5.6325917556512755,-30.922933559597094
3724,6660,-43.135243314822986,11.466087424333487,-17.219860968016015,7.830133923831353,-81.86749929557718
3725,5420,-35.3579060445125,-11.597217621315394,-20.0158937509815,-8.360386949100949,-74.53617402417291
3726,24876,7.111168658662185,16.99906777500979,9.095655913430665,11.79101427371096,-41.45551327588776
3727,18884,-40.83901749355521,-24.326670686462226,-2.1525071453667515,-17.944719566530388,-86.14571027281518
3728,17492,-27.806041272227056,-21.181268647496154,2.1960065304538317,-18.44760698691275,-74.70847573684244
3729,5110,-10.984816386362795,20.570748838926146,-16.977295683020916,15.432868497967494,-52.35328270766802
3730,11967,-12.467435064974028,-24.766472203533077,-6.312346376293424,-18.69249137600721,-56.83556610845551
3731,21781,8.647460078798705,21.18801073907228,6.6256565926801505,14.932671228664244,-39.16372140589827
3732,3764,19.03180824505622,-8.05420271972372,-18.006893157813742,-5.230831231029182,-21.05461191279534
3733,21828,19.821837523639108,23.53641185472437,7.053029832668203,16.48870188385261,-27.90832236365451
3734,7630,15.032944670739198,-16.47036256393405,-15.566043742281769,-11.159531555033173,-25.992982451941483
3735,11555,-32.771581558555866,-24.31497431339278,-9.538624075705322,-17.678938243490073,-76.08810065743941
3736,14216,-19.134354905213385,24.071700351994583,-1.8225684320391478,18.66231605497611,-65.18114514462077
3737,16751,32.903598416739676,-26.661605537524377,-1.1564929709105702,-18.302470544689655,-11.956006783718145
3738,13965,0.7526856829513177,-24.906643039720862,-8.144944145398233,-18.29328004570312,-42.66540777951684
3739,2193,-6.312059991054539,-13.499997632995228,-20.29432670972396,-9.635846485251117,-46.48934536130914
3740,17151,-3.8641685623632225,23.659235567761872,0.19437499789710277,17.14051258609314,-50.198567873413594
3741,14148,-44.05259707283263,22.212632686687435,-13.199026053716679,16.200826793792842,-86.09104986617427
3742,28253,5.645378933035768,8.165157762404286,11.564291458260035,5.443052012291194,-43.732182504505246
3743,10638,-55.46612830605602,6.200451760963524,-11.002044141991265,3.7248991240139433,-91.87340537763478
3744,130,-17.500578462307555,4.748023709267196,-22.793958257893763,3.41908165785076,-56.986270796452665
3745,14823,30.72960286326613,26.235014005128477,-1.4915278634525324,18.27906814882683,-14.389208822145292
3746,5964,39.166385743222754,6.193371896414511,-17.825898204664558,4.998912846234116,-0.318211764715629
3747,14882,14.94391174084704,-23.352576527274074,-9.836747998758803,-16.26284789831415,-27.702335816999323
3748,4773,25.994344997168263,8.322684287614967,-17.304284846619,6.103934820268242,-14.145538018071525
3749,433,-6.0146378041269655,-2.504473725706468,-22.148014893999452,-1.5778715991007533,-45.69129377081668
3750,9666,-50.343545275502144,-3.6500593939644097,-13.991372914234663,-2.4561699060194937,-87.21079123003815
3751,16262,35.579516350853766,-26.741540711233007,-1.452800990222845,-18.280621397316185,-9.053646363408179
3752,22266,40.51583882753137,-20.48665555171409,12.361374478227123,-13.54366175570043,-8.82321077898881
3753,16331,30.423052154451153,26.50696526734087,1.082120668697285,18.302469855799828,-15.482129196327673
3754,2307,-30.56998420130298,-4.197276032121926,-21.55289119492235,-2.934136631985088,-69.51834199456339
3755,23963,-10.107842601377634,12.441656893010368,5.557632093647421,8.325431159855842,-58.956088286815586
3756,15971,-30.99223251308982,-23.23758142899811,-0.8212894328396936,-18.779669771594016,-77.08763476116776
3757,12153,-52.01163163204446,-14.465540947417402,-12.145867002552603,-9.947516493816746,-90.77841965183786
3758,30635,21.14191625105739,1.2351864022358938,17.099743986258165,0.5982428450532046,-29.609863288170924
3759,18875,-36.192816394972795,-21.190467258184487,4.4806180698659155,-19.085127165536594,-83.27977684430006
3760,27275,-20.970934808273665,1.3287328239674523,5.6599952512489375,0.5743920246010573,-71.27411746254508
3761,15865,46.54642315101894,26.3497285324539,4.480071586986662,17.96078123604024,-0.34751885634386853
3762,22823,34.4027890605409,17.018349844818776,14.285559896526372,11.404050166624017,-15.815611202771299
3763,27318,-28.14790101592755,5.52777500032213,7.0483904353363895,3.512075477559221,-79.0795059162161
3764,12411,4.474468955712389,-22.908389718599004,-12.022257173651347,-16.4040255736115,-37.81711538637436
3765,12874,31.476921462144453,-22.86773915059064,-9.467349417500825,-15.70486925910857,-10.839891097284994
3766,21585,-12.95128531455372,-18.18251726312372,2.9869225761992,-13.85595058078625,-60.51876244380957
3767,13364,32.07997213982147,-23.9513515999292,-8.096165288470928,-16.45393828082348,-10.670400550884182
3768,11123,-55.65339551136233,11.950329717956501,-10.3608105347147,7.32537486956592,-93.11157471492001
3769,13973,-4.673865619754846,-24.99103024937341,-6.518441327684124,-18.602346542752606,-48.74550535149423
3770,24620,17.873471265021173,-23.04001039528404,6.618517560893248,-16.570627512958605,-29.534120548250467
3771,29296,25.24754362527622,-4.999412517253173,17.256623753193107,-3.763865716337019,-25.58612860286087
3772,9343,-22.969368545538426,24.57386738373124,-11.949212864358344,17.68442570353936,-66.06961437745042
3773,26808,-19.81190399539871,-2.5714216979418687,5.590555391852704,-2.2366364712359004,-69.95335867093958
3774,27358,-4.651213290069287,7.16773130724502,7.783557609461947,4.585811921139883,-53.74163061934821
3775,8788,-38.385155411513935,-16.046752126591585,-18.676479346449735,-11.974311070534927,-78.38951727338127
3776,18533,-47.098458915192495,25.26941242114982,-4.367302095460585,17.22511232978021,-91.52897063063516
3777,1366,7.400493841098656,1.7982365449737578,-20.25974856187058,1.4481487309832393,-32.50225974868853
3778,17921,-45.26480459121619,-23.507683870306362,-8.377366616646551,-16.914817149200125,-88.24855781621437
3779,4043,23.431225100449577,8.4664120312584,-17.430193366584,6.145118209306785,-16.77698643218619
3780,11081,-20.467129685385395,-24.490520796830562,-6.029558370132295,-18.56506969011045,-64.97330012825981
3781,22392,38.93421447961726,14.692935300380421,15.570329673055133,9.686516080979333,-11.767127983773936
3782,1212,-1.6790691780695808,10.27601483511069,-20.40447570177655,7.476762037485047,-41.88600992153017
3783,21912,24.00141180555993,23.833447203237284,7.277085931018581,16.580996317460365,-23.887242006731487
3784,23403,-26.850319396406398,-9.977198102579656,6.1077458289334245,-8.133233838853082,-76.95688944091054
3785,26222,-0.7323956207541666,-18.319791415197372,5.186847578266856,-13.310763574214445,-48.283576192156914
3786,8481,5.6027064717075055,23.52565278073633,-10.753694248529198,16.97581579002194,-37.289031311114215
3787,27625,40.711376417513115,-1.5415593693317398,18.306180761270543,-1.0744332002768098,-10.910939399686846
3788,6565,-32.22409342162464,-16.10261086466175,-20.023632767743475,-12.223542467924325,-72.21240377307475
3789,19630,35.527977796230246,-25.34608922095463,6.390957533823245,-17.18801634628591,-11.7303798310488
3790,4038,24.33064014392662,-0.4302743741660178,-18.417025125304338,0.03386242484928068,-15.444293941770619
3791,24359,-33.19766221983128,-12.703275578544794,8.367783502832749,-10.821870245340104,-82.92430191126935
3792,18689,24.837933667904714,26.17931206308244,1.479775835040908,18.239809865797568,-21.26095512780769
3793,12936,37.60658857851313,25.94095224756623,-3.2416744348134143,18.04643690823797,-6.83626643964043
3794,2586,-21.143116177385266,-17.84357381630513,-20.114619264920826,-13.682720048730452,-61.58669475987013
3795,12652,-56.82729857306695,-13.468511496118571,-9.298680656819588,-8.782682812437185,-94.84491737141568
3796,14953,-2.397190060644331,-25.13118950344428,-5.818353030358784,-18.584139121329365,-46.58755700004701
3797,18791,35.98871329864285,23.495996689945887,9.310189682848558,15.798609340606253,-12.610222529069551
3798,2508,13.37256087312049,12.020814338036468,-17.428887231986838,8.543725537165262,-27.313636884526144
3799,26943,-18.37926314279368,5.333339257329836,5.546009500510959,3.304728562668724,-68.32210005785649
3800,27765,-30.18360225286585,4.026814403726576,7.952793696811663,2.413735732245909,-81.19315466734196
3801,17744,31.748827899784377,-26.52418361737528,0.7266872080070044,-18.323165147620564,-13.807465676812416
3802,12711,-33.949787373235466,25.68218990319262,-6.512541674984975,17.952126643767315,-78.45390486198866
3803,8565,11.44946919946564,-19.76990727952474,-13.969213332558002,-13.715946121887429,-30.107384283393266
3804,1798,-30.078546556513857,13.243685298824824,-20.74336241986485,9.728662132694822,-69.93797754584797
3805,28869,4.997433024344017,-12.665366242977822,9.908888017785827,-9.20667996440362,-43.75693359564314
3806,29430,7.894968696210758,-12.920767410708734,10.922496707947413,-9.48795168219729,-41.033200067125236
3807,16902,12.178935623372274,-25.340898560240788,-6.105607750271343,-17.985706914701737,-31.547487511428006
3808,21903,18.07221142196672,-25.483825473262478,1.9173293149783122,-18.14294746806187,-27.91904624628432
3809,22394,42.04035161984573,13.331956550751178,16.153119917287672,8.681925162576167,-8.908479005680649
3810,7198,38.788477946194185,14.291085500281168,-15.009263737413455,10.530793452847679,-1.7599810719170272
3811,27420,-7.140894920751418,4.21687222899773,7.365436180351216,2.5263287552251517,-56.41045820172461
3812,8856,-31.300703846926545,23.15447774375932,-14.613527544312634,16.92549300237217,-73.55512722461408
3813,8135,33.81598085280087,19.277410648298755,-12.013466458816955,13.851697388543421,-7.818528602898485
3814,13858,39.03830882069467,-24.60424221232285,-7.134385728536107,-16.891604466035663,-3.875577158151537
3815,3156,7.38011630307934,16.132711644011938,-16.706383501940174,11.553087074812218,-33.78041378396917
3816,22756,23.193335844753026,-23.556578215581233,7.067534718625732,-16.660205190810853,-24.39263602179556
3817,5090,-21.463392800946476,20.61631832572995,-18.06591928978372,15.923121707583121,-62.716307269585506
3818,5554,28.070562601147444,7.7392304521621185,-17.422703707772285,5.724220261047169,-11.989672163853829
3819,28082,33.003707516425614,2.0258723566773496,18.111740762892282,1.2547621433830403,-18.232520184530664
3820,15898,10.485829245187569,-24.910863916350173,-7.616073070175875,-17.693077262554603,-32.9087456478038
3821,10201,-47.64597275987839,-10.183268076858845,-15.126349593217583,-6.993305208791839,-85.6173478806061
3822,4996,-26.087550305570826,-19.23508061571512,-19.267187360085963,-14.913883608243587,-66.63654205547303
3823,26817,-27.12479524622324,4.672486680045172,6.686635360020341,2.849083004098978,-77.99514474299063
3824,25520,38.98288254674827,-11.385278405862282,16.66046858893906,-7.662039509208482,-12.02493090291118
3825,2611,-33.70569713419268,5.391731828227564,-20.730692435444446,3.6854873999065063,-72.58652796450319
3826,15264,9.948333299723116,25.833439007722315,-2.3421830117051163,18.46363941861972,-35.18090038518285
3827,18232,27.319769188975425,-26.57339651827788,-0.9605134158437767,-18.320434534850158,-17.630141109668887
3828,13696,-32.455131319382645,25.032760471374438,-2.623200899961989,18.46271540197557,-78.39798475434958
3829,4550,8.878386978676284,19.91823256246141,-14.017518676117525,14.23195429645215,-33.01868796286471
3830,8262,-33.851244834654736,-20.627784971117826,-17.215657417103266,-15.960237115339364,-75.05558502932652
3831,3455,16.657250693306086,10.910964958727448,-17.319264993929465,7.812322190645994,-23.924655507636537
3832,15903,6.67066608703347,-25.14719704725346,-7.162826970340125,-18.116626027159136,-36.856938983120436
3833,15381,39.66823648151998,26.62353843461526,2.413338480256555,18.17861979938916,-6.589666398339439
3834,5694,22.43129194718143,16.513640759026153,-14.327458496685747,11.762097441257055,-18.814440882305004
3835,25211,-4.4345217437671955,-13.734595325198041,6.25953276374433,-9.890492181094716,-52.754595708934126
3836,25982,-22.9873807387414,5.247741835568476,5.762052487509181,3.288216143032317,-73.52172137004278
3837,18724,25.33957459683165,-26.40842827055954,-0.7697169751596229,-18.328629479999858,-19.800532098725977
3838,27019,31.979827765741177,-11.185071770768182,16.38801707913199,-7.793357225400787,-18.761714935266493
3839,28530,3.5267544732428204,-9.722119953550337,10.190824681314316,-7.047146711714323,-45.4921251701719
3840,17535,-48.17360443720131,22.960291088896483,-10.480617519018292,16.349789891265395,-90.78002453201151
3841,24530,20.717537017083714,20.58335881812869,10.292932995633288,14.447303774171743,-28.02701475524229
3842,25839,-28.845500416568385,-1.9246195170401184,7.380521605251289,-2.024715979446933,-79.82654729226735
3843,24668,31.701716936897736,13.566351863992436,15.70094254920392,9.10822816391177,-18.80984604611435
3844,8751,-48.84821631268654,9.550412081339106,-14.45742843601327,6.269870328246636,-86.68840330005077
3845,668,-3.512850782524367,-6.220595214107956,-21.518687557631207,-4.129417462887641,-43.251559537845495
3846,11879,41.49065312373632,-21.345441539580598,-10.991843580498179,-14.97852721772167,-0.09583445272068504
3847,728,-27.398803652848613,3.5338696419157953,-22.171548708626936,2.4199082840192006,-66.52657236677851
3848,28850,2.7768898384223877,-5.514274259589025,10.6749100024579,-4.117923336877469,-46.448437954763435
3849,25087,19.494936279183552,-21.636351748653944,8.563396081462729,-15.6016059187708,-28.50777705372393
3850,27460,42.99893720778764,-5.018391814928581,18.034524685862984,-3.3162791893416506,-8.491361738929678
3851,2082,-22.02645241720068,17.111936829055736,-20.464955271466245,13.073489105290555,-62.619406025857444
3852,24411,-1.3235207001651417,15.415681426337175,6.857649507583808,10.459622886373142,-49.67258988903044
3853,4145,18.322140687701935,13.125632129267622,-16.335727880095362,9.344530723169118,-22.417972127067536
3854,66,-14.050988587417836,-1.7997906886375503,-22.864748093640046,-1.1814740985602632,-53.57500154256267
3855,19391,-20.0369448862821,-18.910036683284712,2.8069166471041527,-15.261894823467825,-67.56195307627993
3856,5940,1.1088715115135606,21.20251241394696,-14.229840175680353,15.455189307338811,-40.90092394481505
3857,24143,19.04329190329483,-22.840440449184083,7.154859877929448,-16.396109728505273,-28.4739885736154
3858,15857,37.34123108462912,26.49666965795009,3.173304413554758,18.059909891723628,-9.195444142320198
3859,28348,25.876004995241665,-9.904352451793704,16.290810002939004,-7.113619473116274,-24.67646028830216
3860,25899,-1.0015437893544263,13.311603677365877,7.692958318684446,8.918582811715922,-49.6228836091539
3861,13930,-14.016358285544314,-24.120225404807886,-4.108345729615512,-18.675116823336328,-59.0748346349066
3862,27703,1.523380397876336,-11.266289124815476,8.975884222116582,-8.14265247329475,-47.20300769967517
3863,19770,4.935679740090444,-24.749190275993072,-0.6797009844139055,-18.06565746291211,-40.50738913356904
3864,29489,8.507557531770296,4.21680196490148,13.278032249085399,2.7515243196194006,-41.29236088264754
3865,9685,-47.465556582648055,17.368874474675906,-14.385577591645287,11.903285202659795,-87.54372618715767
3866,12433,9.885104045461823,-22.941295109114737,-11.124291995368543,-16.173494386759387,-32.5671636289655
3867,28343,27.03146449022181,-9.3135969612247,16.546750965911706,-6.705197284476602,-23.60781019415917
3868,25816,-22.192335895835008,-4.028295238613414,5.6613002294396635,-3.320049722168343,-72.53589375217759
3869,5580,37.786188366247636,8.895893707808805,-17.005758666106004,6.856602584491959,-2.0439605925180944
3870,8510,33.942531318058506,-11.949864761891302,-16.454390379001957,-8.090448962488221,-5.951515416780035
3871,25327,-30.1180944497115,-6.676929971290386,7.6321146725794815,-5.678637517769369,-80.70368699652474
3872,25184,-3.2173214786131172,-19.49436474959858,3.7999980477286197,-14.340337041821604,-50.44473759583514
3873,2913,-34.72519396684546,-0.0651963628834209,-20.544759158425553,-0.06153061645081639,-73.40130794568708
3874,17429,-45.72885308230114,-23.0290223940378,-9.539318833562923,-16.738303726783872,-88.43287650297603
3875,11942,20.473851271323365,-19.121020134392243,-13.319376750688697,-13.019589956466227,-20.95124040288343
3876,1698,0.10535278440492057,11.907034357903878,-19.659487676840953,8.601108311231425,-40.22701835472854
3877,2519,6.894229980369573,14.752339626778793,-17.43138162529378,10.601302191098537,-34.03954705788609
3878,21897,19.528192456194418,-25.381862955534356,2.7569822417891725,-18.00920668151171,-26.744822997380858
3879,27809,-1.898537728824359,6.18234207310928,8.824971273141255,3.895673088877401,-51.01316738704878
3880,22684,18.158850257529583,22.24168378179279,8.14626256188296,15.700817328360618,-29.96597882770173
3881,9706,-43.30011052354236,-15.196299059707671,-16.88352679893529,-10.933256667470452,-82.80539275099724
3882,6599,-29.928322595260546,-21.397490962902022,-16.733727029418827,-16.479088043098564,-71.24035567307882
3883,3143,9.969794795476147,16.25581343773833,-16.1820454824934,11.567362609966155,-31.17100356986112
3884,25180,49.9697320447625,2.9189198781963532,18.25070831027886,1.7861431504982037,-1.7251388487235024
3885,13858,40.8190402910088,-24.429658989039336,-7.507108883877736,-16.72666122416573,-2.0074231222333485
3886,14933,-3.4550250824105473,-24.914364704940652,-5.065105837362533,-18.56011553899319,-47.8590464172073
3887,9480,6.605660666717602,-20.990591698649954,-13.805560725504808,-14.794361209344736,-35.11151304480721
3888,18578,-11.57270926225655,22.143690220612083,1.1481358914838151,16.518835621223825,-58.48779595014566
3889,20723,-17.92951952806962,-17.1565985053827,3.2951166605979005,-13.437787987594318,-65.82999614935376
3890,1161,3.618343790474929,4.049740095374604,-20.682064583943497,2.986136680029876,-36.230447841547274
3891,10254,-39.65451140550283,20.880596872064654,-16.188781432049396,15.562431512067324,-81.19030708084675
3892,23663,21.76533253529995,-22.74536172139655,7.8160752742923085,-16.21869391394788,-26.02503966145543
3893,28675,28.385779313464923,-7.69594099855864,17.055483123116755,-5.527224161490515,-22.390496355206302
3894,1728,0.06531156565246819,14.055697423050635,-18.909774878152753,10.204902138721183,-40.59524001417562
3895,15601,-48.12598109539026,21.705070105410982,-12.21445887360628,15.453851544901283,-90.0858531399679
3896,26898,4.7381929426934315,13.157421462277407,9.878339704965647,8.912409324711131,-44.20088404040965
3897,16107,-37.31745804633917,25.01380665065707,-1.055327772360667,18.287262926274927,-83.49343060838103
3898,25767,-8.923571853910694,-5.513451810427152,6.74567306014979,-4.140153921207762,-58.11593924960161
3899,4675,-29.96709548845151,19.51271667992897,-18.847035188742584,15.031146426501241,-70.91472984203436
3900,17297,17.734220680178307,-24.87044598359252,-7.117237795267736,-17.289723941074076,-25.610188360120873
3901,27889,16.416922771173226,14.936692760844805,13.032028204477438,10.504146484528567,-33.06194573647318
3902,25280,-19.870180792830144,-7.632489393818515,5.298255514740139,-5.95460344216359,-69.57618610414174
3903,9165,-33.216894158742804,-23.023319323659166,-13.801846244080156,-17.002762504433726,-75.38247798169442
3904,8025,0.2124237664074401,22.842984932964253,-12.496807664233426,16.74868183333899,-42.37145540541093
3905,21083,40.881052251054086,17.859220921097055,14.07064166612977,11.760506070308992,-9.336750357224274
3906,1955,3.249083651518225,12.443575435322037,-18.971005041784064,8.95145306802653,-37.28098980365564
3907,4132,1.2527046974354237,-15.783322609974608,-18.109254746000055,-11.100846099732761,-39.39933965256009
3908,29105,24.705914919630114,6.444008102120297,17.06767113478778,4.331551023741937,-26.17768133480102
3909,14831,39.18995103154336,-25.635486401185336,-5.342060445800914,-17.539714673547607,-4.22140790721461
3910,28994,26.92199644997624,-6.663614768867168,17.136374372537343,-4.87440506005681,-23.895268709289876
3911,30747,13.7857550850997,-5.175915055689911,14.993371350544939,-3.960519724968605,-36.30678353242844
3912,14415,40.31685589857262,26.562353280814868,-0.19699801220772498,18.336760639217772,-5.095756401519162
3913,21602,-19.58956934626214,-15.11018629273787,4.102893797525368,-11.777775845926659,-68.16386109739261
3914,21375,18.043553418422018,23.47189786555417,6.657639998753078,16.541191524631074,-29.654304434949204
3915,15781,34.31397231301846,-26.5131997248889,-2.4384987325876986,-18.17538330050745,-10.04368279006382
3916,16883,8.993210829972371,-25.498012397694175,-5.510720932391734,-18.29404009280534,-34.935032105389446
3917,10013,-19.304826405611582,-24.533557890011558,-10.500718347327288,-18.104903829446815,-62.48232959928738
3918,13856,34.94035403481714,-24.856587727505175,-6.77728485743976,-17.040596671814455,-8.095180203635314
3919,10419,25.638329386342267,-15.893424489417322,-14.890868428483769,-10.786833615708154,-15.183814246764399
3920,30028,16.079865424194,7.840037125028058,15.27371553286784,5.438785837862968,-34.09054170857935
3921,23867,-25.83325469905491,-6.427846344473603,6.137902807836799,-5.226755754950902,-76.25886028014304
3922,2,-18.36777166460503,-0.8316321878345091,-22.972385074087427,-0.5146739437745144,-57.7477883289216
3923,17822,44.04841045920147,24.695422064377237,8.242117045049618,16.378192768188974,-4.162911700403476
3924,6317,-20.85117326121021,21.662206316166568,-16.90807399993809,16.535594282755696,-62.44315157714723
3925,26256,-2.1294936447180444,-8.093274863175122,8.34687986036721,-5.850431059407489,-51.05311744147637
3926,20638,42.4210799915807,19.05683708617731,13.366789313618867,12.555782876594105,-7.577688747910992
3927,19720,35.2779859197729,22.843264613309913,10.093323202066328,15.310848382223554,-13.584279255117321
3928,13710,-26.002664647307267,24.036244776827385,-0.885702013974701,18.902713144260538,-72.43750156307063
3929,22191,-23.424895746292126,18.8906059986488,3.9510559543584147,14.533477867320437,-71.76119053410739
3930,30453,18.107211547664843,-5.778515171979439,16.04290830105187,-4.381185406977817,-32.22607487524475
3931,6474,26.317014296472813,16.18269250534108,-14.297350575722913,11.533927726234554,-14.76860505369762
3932,13466,-3.423258997695344,-24.908816180388488,-7.745264098383741,-18.50798460815336,-47.10239302600398
3933,22969,-32.032660643660435,-16.343531381245317,7.010634867269148,-13.906747635487513,-80.83843096705533
3934,13165,-42.79195611272568,22.234940676646772,-13.7763630696249,16.188195038960586,-84.82709142288834
3935,10156,-53.795769994391875,4.808628642782904,-12.070499835905892,2.9369098570726404,-90.24008115997204
3936,27600,28.41183216357711,8.751376272911337,16.959682488152616,5.814436744668797,-22.428402501514178
3937,5971,39.08244219796792,2.4837636476397127,-18.427890792790862,2.2784160740078487,-0.14167178805491742
3938,21406,39.03292106297487,-22.162366090977574,10.512794363014274,-15.023465034097175,-9.684577837043621
3939,21889,22.133343625684216,-24.74307094094185,5.219132687616474,-17.381584796053716,-24.936441230617326
3940,16441,-36.40530634188373,-24.088250124124666,-2.2325195070191644,-18.232105106040972,-81.84172166860587
3941,19622,22.151589505767497,25.40137531915314,3.6370114499242057,17.846127675339833,-24.71149035697031
3942,29238,10.995437860602204,8.653297355727158,13.53837810353029,5.903564508968696,-38.76005202909239
3943,26501,19.426885816468292,16.92118584064777,12.626754592302373,11.907318811583355,-29.952640915641403
3944,26516,44.456653260983785,-8.414940052194405,17.49807967488018,-5.486495285313175,-6.895907826560708
3945,25264,-11.050254490708815,-5.84656416142155,6.2764617761080395,-4.360181702852939,-60.31518436626286
3946,20738,-24.30557286464634,-18.330398184299504,3.8940573776885827,-15.217410941604925,-72.23523090723604
3947,973,-2.809325643588695,-7.655108949919719,-21.204156151946698,-5.235185509839021,-42.688585145761394
3948,2386,-5.446008431838913,16.842169290352267,-18.684331820132137,12.424268715317062,-46.29737129676856
3949,6043,23.996561787565277,-10.137760408683567,-17.157756988369215,-6.770900190858937,-16.138495585794125
3950,5505,-15.66124685311887,20.807925052589294,-17.35291760768905,15.872264291424074,-57.11169609989795
3951,16750,36.63141102471436,-26.818072293714145,-0.07549328074943851,-18.3384130329935,-8.515240575575515
3952,2127,13.408984729615408,-0.027330469084790313,-19.389019855540653,0.26279695031389044,-26.53629387934967
3953,7752,28.97111071687231,18.749556953113665,-12.500861173704775,13.416467292706068,-12.733068659053371
3954,5987,39.58966281846246,11.202492484366244,-16.39563882273851,8.569828584405949,-0.3750645594620691
3955,16836,41.28295223136874,25.63761735451106,6.112653061864691,17.286674134924695,-6.271177103074721
3956,90,-21.378244803339122,0.4435877964250014,-22.87981820663932,0.44829484631124233,-60.605696733200006
3957,27185,1.51067912062161,-17.46613002106199,6.423912874202314,-12.61295656202115,-46.3037247336772
3958,10464,40.952022477058065,22.622617137471085,-8.657791633780468,16.162345247216287,-1.5559244755616084
3959,18320,-6.221873934393228,-23.28382283479616,-0.8841881030631857,-17.679590413379344,-51.96770699709266
3960,13615,-46.75535056212443,-19.180511081031355,-14.228579039422337,-14.145009275515687,-87.79391213824155
3961,385,-24.329921339391348,-0.4180163635312068,-22.64942899512861,-0.27439083398362635,-63.498112710674754
3962,16817,27.7213873013086,26.43559101989123,1.0696630503045066,18.292930954335954,-18.186687840053033
3963,5552,30.66430480078131,5.532316215646741,-17.828045588866,4.292115496791402,-9.059872017021526
3964,12755,-19.422284260914054,25.158462856714667,-4.870545341787805,18.682703326043466,-64.64141456634043
3965,6689,-31.217710369930117,21.37965261884859,-17.113497479680266,16.21893135237113,-72.7792520108134
3966,22706,46.12280115299553,-20.009021775621378,12.929437404411715,-13.002467241546587,-3.4918199173851416
3967,18290,30.39987825744107,25.67173257007695,4.87276648995778,17.642770935673475,-16.780148528900956
3968,16862,1.1929595832330215,-25.165419794107038,-3.789846015419597,-18.465109397381717,-43.45291954512031
3969,2527,11.995402888580422,13.314665453241815,-17.13580568582416,9.517263753964382,-28.797176388417338
3970,18734,21.607220254776475,-26.134046841071278,-3.160867211965697,-18.158135653462338,-22.773460471852175
3971,24226,51.39975803423902,5.960699955332776,18.152853690848104,3.851344203252001,-0.17649151562872975
3972,23170,33.72183765038966,-20.276320951611165,11.856359550207744,-13.938979082382595,-15.424521461918387
3973,11412,25.01162058182175,-17.574869814928668,-14.005498310056833,-11.966471329221841,-16.07289616034525
3974,8517,16.79356820098901,-16.43988082226787,-15.324003732629286,-11.152567737943466,-24.229837202511643
3975,16286,28.316559974137256,-25.72613460544825,-4.599912331595538,-17.77085469234546,-15.501824853385997
3976,15008,-33.94729353090121,-24.387060210602264,-5.150386607507916,-18.120677465179284,-78.61408462388135
3977,16334,33.074835488518566,26.326456354116022,3.099151030893583,18.07442635023376,-13.48091445925532
3978,16236,15.543959894090266,26.033999684648645,-0.879586443403088,18.410258897181997,-29.865539178930653
3979,5434,-40.09684698647144,8.424371760913097,-18.678459797125935,5.875173430414481,-78.5826891591184
3980,23252,25.4248744225874,21.106703271084697,10.574551261054314,14.593582568547275,-23.51406475125467
3981,317,-22.94498915682343,7.549764554395309,-22.36613140950377,5.448117041670473,-62.438555046410514
3982,11840,6.253945128970087,25.069708288005863,-7.771985401601671,18.021271603502523,-37.47354985482142
3983,20732,-21.757069859391912,-17.355288108056968,3.6957612573957963,-14.021814174581493,-69.92951562918758
3984,6192,-28.548631514779753,-18.657392055731457,-19.523895192774262,-14.390536641338272,-69.05790811260704
3985,5575,34.183292107138385,-0.11498629804625582,-18.333924892439917,0.26150846955152574,-5.2219123850982205
3986,21192,-28.283866877533534,-18.18981046427606,5.045019354874587,-15.554435129162226,-76.38492069523284
3987,25175,39.04398716764185,4.876404798036963,18.073691906306607,3.085624155990471,-12.343849672302571
3988,12778,-9.435699855139822,25.287940643226186,-6.048052979578614,18.661988963081175,-54.122301772229775
3989,10959,27.777109817540097,24.657777123640514,-6.519828019299563,17.17086901812442,-15.682692385148977
3990,11258,-28.414053614976183,25.27837120808059,-4.762900903966378,18.466398169225666,-73.69077086436981
3991,27640,46.40516905617194,-2.2389173302748637,18.269702871329205,-1.5833355677853884,-5.165912851976368
3992,26517,39.89665026583693,-8.577395948958545,17.443725916202666,-5.659752387018932,-11.459105792645193
3993,20117,24.52794512600633,-26.197209269959426,1.6801099448984342,-18.217323115461483,-21.33527412665743
3994,14793,10.764348095483847,25.84076978071205,-3.7122195418917476,18.435626204263045,-33.99430142614416
3995,25720,-2.5521633415313976,-13.581836438117815,6.828410300362878,-9.78573541701943,-50.940187677055924
3996,28809,34.4062589424258,-1.615919121455025,18.17104321482825,-1.2563288991486337,-16.948941837643996
3997,4769,26.00728887198251,1.79146060151491,-18.26569807001541,1.6439273332147686,-13.704055875774992
3998,4488,-1.551624143231933,-17.86031955729539,-17.4934918673943,-12.754495266392802,-42.410263978175664
3999,11566,-37.902100460363876,-22.34372093446368,-14.167852867516293,-16.62083755310213,-79.75134633928415
