vertex_index,u,v,x,y,z
0,1204.3007341705547,326.3832396833872,458.62066650390625,373.9222412109375,840.7100219726562
1,1195.4224724096327,287.1064704992643,495.181884765625,364.6195373535156,841.9068603515625
2,1211.5362838777583,274.5263579452601,503.2131652832031,361.58148193359375,859.069091796875
3,1186.047211249113,212.22616416058844,549.7401733398438,328.4132995605469,846.92333984375
4,1183.7574731966342,201.60668289911786,554.0210571289062,319.6972961425781,847.7491455078125
5,1204.810080573898,189.6411811057023,566.757080078125,319.86431884765625,865.9910888671875
6,1178.414668094678,180.84865964066404,560.9176635742188,301.8307189941406,848.8873291015625
7,1172.8705177896168,159.8128795686525,565.9822998046875,282.9500732421875,850.1785278320312
8,1198.2072287070796,148.103893243404,579.2985229492188,282.6310119628906,872.1526489257812
9,1126.3110358205188,159.06618490556488,553.1328125,266.854736328125,815.6156616210938
10,1139.8610436135932,151.87707753648462,558.1864013671875,265.43157958984375,827.4902954101562
11,1147.619931778444,173.6562961435505,554.106689453125,284.9083557128906,827.9713745117188
12,1141.9824412103483,294.11312400727167,498.9490661621094,362.59979248046875,795.2184448242188
13,1131.0519735718578,301.5221147800357,495.4350891113281,363.90509033203125,784.8070678710938
14,1129.8781791186575,296.31406384372127,498.8097839355469,361.0979309082031,785.101806640625
15,1186.7625981225856,293.8483710217114,491.20245361328125,366.3958435058594,832.8955688476562
16,1143.2309207865849,347.8353420464077,460.1119384765625,383.6439514160156,782.873291015625
17,1138.1008944951386,329.6424437028598,474.6528625488281,376.4282531738281,783.603759765625
18,1158.6994027317817,315.1450001104646,480.31085205078125,372.36309814453125,804.1755981445312
19,1013.1924065041741,290.28538119236714,511.5985412597656,328.7583312988281,700.1944580078125
20,1008.8009065717224,279.3979135438174,515.470947265625,320.5536804199219,699.9841918945312
21,1028.1091896168969,277.0640497019382,513.9580688476562,323.3570251464844,714.4595947265625
22,1018.3902735417438,-100.15409247056431,434.16595458984375,79.53884887695312,806.1702880859375
23,1022.8485250575692,-78.59174335437572,451.6851501464844,86.97900390625,804.0466918945312
24,990.7922182369147,-70.46411619404842,449.1533508300781,87.00118255615234,775.7562866210938
25,992.9865350376876,-59.0049056627682,457.6089782714844,91.83395385742188,774.534912109375
26,890.5015100874791,-12.228781183187193,463.9759521484375,100.91256713867188,684.800048828125
27,886.7115050666713,-25.800309810260934,455.26226806640625,94.1767578125,684.7999877929688
28,907.3564902339405,-43.87171746133378,447.42462158203125,89.9842529296875,704.330810546875
29,1108.9053108469298,-39.24457147725049,502.8311767578125,117.65130615234375,863.1043090820312
30,1112.3006826902663,-27.89511574056084,510.8260498046875,124.58582305908203,862.038330078125
31,1093.5317638553,-22.55677107808367,508.15863037109375,124.43594360351562,844.9122314453125
32,1057.2136775400252,39.02293361445163,524.6362915039062,158.87161254882812,797.2772216796875
33,1065.4598269240828,58.872935414949225,533.7257690429688,174.32847595214844,797.54248046875
34,1034.2327444101381,71.94749520026217,528.5553588867188,177.58473205566406,770.762939453125
35,1144.4001509601264,65.16861816129905,561.3080444335938,195.74278259277344,855.8714599609375
36,1147.875910825724,75.47430308273806,564.4607543945312,204.99693298339844,855.236083984375
37,1115.4926462654448,87.57918096301454,555.3634643554688,206.8791961669922,826.5073852539062
38,919.1098798578871,82.8427605575316,511.9447326660156,160.58367919921875,684.800048828125
39,910.5911416216228,55.67186485654104,500.8170166015625,141.5850067138672,684.7999877929688
40,934.5779834026632,57.322012817783175,504.157470703125,147.9753875732422,701.8617553710938
41,1326.7623812451163,-224.17856537129052,393.4456787109375,200.4399871826172,1084.8995361328125
42,1314.1814056814221,-271.78511391216426,345.3144836425781,200.76878356933594,1083.5928955078125
43,1337.8941090734909,-277.6483108231473,345.31024169921875,214.85877990722656,1102.986083984375
44,1264.5774055186034,-211.0893660563811,391.45733642578125,163.3511199951172,1035.3673095703125
45,1227.8256773999665,-251.2180679323239,345.330322265625,147.88243103027344,1014.7286987304688
46,1286.8925851039187,-265.1388784458861,345.31939697265625,184.33084106445312,1061.4766845703125
47,1421.423026170483,-1.9123405204567154,617.6390380859375,204.25106811523438,1130.1728515625
48,1421.1693739491645,0.20571140475750418,618.9497680664062,204.85263061523438,1129.7301025390625
49,1414.0273444763795,0.3547438657985502,619.0759887695312,202.9942169189453,1124.6712646484375
50,1397.8049866110803,12.673126993447783,626.1184692382812,206.98727416992188,1108.3663330078125
51,1398.8116717895355,9.697165472933287,624.5634765625,204.89349365234375,1109.9276123046875
52,1411.1370875786458,10.703101703160236,625.59326171875,208.00648498535156,1120.955810546875
53,1382.306201825631,-17.845575977012174,600.6004028320312,187.3681182861328,1101.7227783203125
54,1382.468300606525,-14.824260653369958,603.366943359375,188.21974182128906,1101.0770263671875
55,1375.8186590110884,-14.73364133036335,602.2501220703125,186.27389526367188,1094.912353515625
56,1357.9555175081305,13.924128298109725,618.6785888671875,200.36663818359375,1068.8291015625
57,1371.6310652182406,14.36609012289107,622.3449096679688,203.40667724609375,1082.2620849609375
58,1367.6092315348355,25.162763269748663,625.640869140625,212.75811767578125,1075.3817138671875
59,1340.2637483663214,-55.187814497824284,556.2111206054688,172.19615173339844,1071.3685302734375
60,1334.237413041833,-77.75991843195082,533.2647094726562,174.61483764648438,1069.3592529296875
61,1349.1734307923107,-79.01668956983416,535.4461059570312,181.33656311035156,1082.2890625
62,1368.6411059102802,-20.66180754117936,595.462158203125,182.36143493652344,1089.90283203125
63,1361.5479356384865,-20.69175894237526,593.9962768554688,180.2269744873047,1083.2642822265625
64,1360.9849892784032,-26.616353715352968,588.3418579101562,178.58895874023438,1084.4281005859375
65,1373.254350526901,8.77373681160012,619.723876953125,199.03939819335938,1085.477294921875
66,1346.495002719504,-3.3976572747675657,604.8938598632812,184.79322814941406,1063.155029296875
67,1346.8540273665812,-9.180928753934406,600.557861328125,181.38580322265625,1065.485107421875
68,1361.74794251158,-8.868163470122367,604.3723754882812,185.10263061523438,1079.782958984375
69,1337.3908587229187,34.453993913543655,621.1771850585938,215.48179626464844,1041.931396484375
70,1331.284980133784,55.13511004065835,627.5491333007812,234.07749938964844,1029.0555419921875
71,1304.658114630196,53.57805460224183,618.4409790039062,226.3160400390625,1002.323486328125
72,1145.7007044294025,-232.56164902018025,345.3434753417969,103.93340301513672,946.1785888671875
73,1177.1235250276777,-239.59633615532638,345.3388977050781,119.23384857177734,973.166015625
74,1187.7084697200694,-195.9843146549557,388.4833068847656,120.10368347167969,973.3307495117188
75,1207.6231426743618,-199.8143387650912,389.2839050292969,130.47181701660156,989.8464965820312
76,1227.2075573512554,-203.6352454664055,390.0531311035156,141.3302001953125,1005.7379760742188
77,1239.037965188844,-158.97161294562903,434.54583740234375,142.1331329345703,1006.431884765625
78,1235.8624043913378,-70.2574370708091,516.0186767578125,136.18182373046875,982.6337890625
79,1225.9162065703702,-69.26853560286357,514.2266235351562,133.17910766601562,973.6741333007812
80,1219.0327009505825,-89.32494835973311,494.318115234375,129.10618591308594,973.9054565429688
81,1118.1781403484672,-226.51926917706493,345.3469543457031,92.33306884765625,921.8145141601562
82,1147.7145957881723,-188.457230758712,386.82855224609375,101.68394470214844,939.0415649414062
83,1125.5651937277144,-119.58518575981499,444.2325744628906,96.18993377685547,903.0264282226562
84,1119.716229505268,-140.15999589172543,424.6852111816406,92.32337188720703,903.6695556640625
85,1139.2493748318086,-143.26118791641207,426.3292541503906,98.46495819091797,921.1473388671875
86,1282.3212607404603,-48.56512312859209,548.709716796875,151.4410400390625,1017.576416015625
87,1291.4225510351991,-48.8481740337524,550.8246459960938,154.18051147460938,1025.9693603515625
88,1292.8871859645753,-43.8283727238415,556.0253295898438,154.8040313720703,1025.902587890625
89,1228.635433077422,-29.704133229423302,548.7678833007812,144.294921875,961.98583984375
90,1238.623046766959,-30.750269345468162,551.326171875,145.7444305419922,971.3451538085938
91,1239.797285526486,-25.374591796547406,555.8162231445312,148.63851928710938,970.3220825195312
92,1217.1962496666824,-33.60728354932552,541.92626953125,140.3241424560547,953.2935791015625
93,1215.7037213435015,-38.53127982048028,537.5863037109375,137.96998596191406,953.8550415039062
94,1225.8136490900367,-39.77162583023835,539.8890991210938,139.5083770751953,963.3047485351562
95,1174.8920167322558,-31.634072972130067,528.8641967773438,133.6648712158203,915.76953125
96,1178.0075565356478,-21.471130062144884,536.6676635742188,139.73721313476562,914.5884399414062
97,1157.9538901265146,-16.814634455152525,532.4037475585938,139.11148071289062,895.8983764648438
98,1183.2726867070191,75.84272124645074,577.3734741210938,214.36842346191406,883.4465942382812
99,1180.823308835736,65.5582290723603,574.6015014648438,204.92222595214844,885.0093994140625
100,1201.0458137316957,82.11055568222648,585.1874389648438,224.7504425048828,895.9701538085938
101,1321.8288229216155,144.35523862942284,650.3889770507812,332.07806396484375,987.5172119140625
102,1322.8064626355538,142.56224367766336,651.9461669921875,330.0027770996094,989.0490112304688
103,1326.9319256449521,142.81467531463264,653.7411499023438,331.6826477050781,994.6250610351562
104,1326.178811464033,160.9207466590809,633.8103637695312,350.0571594238281,994.5734252929688
105,1322.0560140628781,160.7720058809245,633.0748291015625,349.08154296875,988.3904418945312
106,1323.5582271887138,157.12734727465045,638.3353271484375,346.7685546875,990.1610107421875
107,1302.2838439160337,125.81843536297924,643.1665649414062,300.59918212890625,969.6762084960938
108,1312.011770351571,126.22602504484442,648.6817626953125,304.3209228515625,980.4755859375
109,1310.589495494061,130.32913570237335,648.2416381835938,309.1575622558594,977.135498046875
110,1318.630172818533,142.3911552248164,649.9617919921875,328.2870788574219,983.5541381835938
111,1314.4048093821093,142.29665770661146,647.7982788085938,326.5342712402344,978.145751953125
112,1316.2373508263413,138.53155276162252,650.2890625,322.1358947753906,981.30419921875
113,1293.7406474433972,150.53450859886837,631.8397827148438,327.78826904296875,951.9652709960938
114,1292.1653635874284,154.66092225590293,628.3929443359375,331.7731628417969,949.4010009765625
115,1283.5267732233026,155.56955432126298,623.1246948242188,328.45989990234375,939.8948974609375
116,1318.521026048559,172.36862752456918,615.9929809570312,354.1205749511719,984.462890625
117,1317.7234873266789,176.45263349627768,609.989990234375,355.0754089355469,983.6884155273438
118,1308.991696181696,176.8380951789109,608.503173828125,353.7090148925781,971.3964233398438
119,1305.614676770058,172.93291227001006,613.3707885742188,351.83905029296875,966.3491821289062
120,1301.393199012891,173.3177354289011,612.1707153320312,350.9457092285156,960.6969604492188
121,1302.6033505427583,169.18359062204001,617.7481079101562,349.2603759765625,961.8876953125
122,1298.460165943251,169.59942020000122,616.2977905273438,348.2190246582031,956.4537353515625
123,1232.948250025953,437.17835582712473,346.3029479980469,393.1555480957031,820.8377075195312
124,1215.4185168621002,408.3053444091667,381.9883728027344,391.6282653808594,820.701904296875
125,1231.3311839660737,397.8019256484717,383.4718933105469,384.8748779296875,839.2183227539062
126,1375.2306072524075,113.58907714838962,658.9027099609375,304.8542785644531,1060.8426513671875
127,1374.5338671981444,115.15727924284118,659.4180908203125,306.4052429199219,1059.71337890625
128,1362.7365682913646,97.80634872700524,652.3570556640625,284.92413330078125,1050.3404541015625
129,1341.7564844830665,213.10800106251563,557.3802490234375,365.4423828125,1016.0541381835938
130,1342.0692404199074,226.08833559263812,538.7367553710938,367.7156982421875,1014.4005737304688
131,1324.027708460391,228.11549845367307,538.711669921875,365.35394287109375,989.815185546875
132,1353.1807110985367,293.9738717522244,448.101318359375,375.7485046386719,1008.5494995117188
133,1355.5762772305627,302.787284770888,436.2889404296875,376.4298400878906,1008.052001953125
134,1335.474056611559,303.75000813525634,442.27740478515625,373.5817565917969,984.0228271484375
135,1346.5367209676554,341.95524863786966,393.8119812011719,375.6629638671875,982.65966796875
136,1364.826387484093,334.13098729337116,395.87371826171875,378.1283874511719,1006.80908203125
137,1367.8038570260965,342.95941153226687,384.2753601074219,378.4354553222656,1006.5833740234375
138,1375.6091554646532,365.392561357191,355.3847351074219,378.8507385253906,1006.275390625
139,1378.1630329904342,372.63415893729695,346.0909729003906,378.8783264160156,1006.2532958984375
140,1326.4906860881536,349.06956321475434,393.3935241699219,373.0054931640625,957.1727294921875
141,1348.4056561987884,272.1512469556982,476.5985412597656,373.7590026855469,1010.0004272460938
142,1342.1928206394887,190.0994072545367,589.3731689453125,361.0596618652344,1019.2282104492188
143,1338.3612243942844,162.04671856701108,634.6740112304688,352.6340637207031,1014.0838012695312
144,1344.560024194804,161.42343241889543,636.9906005859375,353.25567626953125,1024.945068359375
145,1342.718891378589,171.73782094161908,618.499755859375,356.5499267578125,1022.4749145507812
146,1345.4877567239284,158.29115170255244,643.410400390625,351.9222717285156,1025.9781494140625
147,1344.3828736961627,156.5394476398774,646.0029296875,350.493896484375,1023.0680541992188
148,1346.096871452236,157.2025025856924,645.92822265625,351.1445007324219,1026.575927734375
149,1345.2646610618117,155.15354922301032,648.688232421875,349.37176513671875,1023.8977661132812
150,1346.9035766015797,156.15346078636887,648.3004760742188,350.2306823730469,1027.2730712890625
151,1346.30644500525,153.75344960031003,651.2503662109375,348.07025146484375,1024.85791015625
152,1347.6512402905635,155.31613712120435,650.0721435546875,349.426025390625,1027.8841552734375
153,1347.4916970257045,152.31718940581274,653.6744384765625,346.6034851074219,1025.93798828125
154,1349.5248313173656,153.3501518390018,653.71240234375,347.4050598144531,1029.4117431640625
155,1348.7778443644654,150.81220341757202,655.9446411132812,344.9820556640625,1027.130615234375
156,1350.1752257748412,152.72181389724446,654.7550048828125,346.72186279296875,1029.9267578125
157,1350.1629030719916,149.2377326960891,658.0445556640625,343.2154846191406,1028.4285888671875
158,1352.5256464426432,150.28663748404307,658.1504516601562,344.0864562988281,1031.908935546875
159,1352.9885072636177,149.79743467407837,658.7315673828125,343.55877685546875,1032.30517578125
160,1351.588978940981,147.59699570865476,659.9559326171875,341.3132019042969,1029.824951171875
161,1354.419794246808,148.13313572149178,660.4699096679688,341.8031005859375,1033.62255859375
162,1351.318701283653,140.96533921791226,663.8016357421875,333.2729187011719,1028.529541015625
163,1358.607153657255,143.06790928358066,664.5274658203125,335.8417053222656,1038.0902099609375
164,1357.0824512011172,144.92446643797845,663.3082275390625,338.0774230957031,1036.415283203125
165,1359.0925357227277,142.4637979501634,664.855712890625,335.1037292480469,1038.64306640625
166,1352.667363428048,139.14711458861794,664.7111206054688,330.9358825683594,1030.2574462890625
167,1359.4005328060937,142.08169281696743,665.0440673828125,334.6385192871094,1038.9915771484375
168,1355.3436202101234,135.3355484552608,665.5482788085938,326.0953063964844,1033.833984375
169,1361.6346155525396,139.21186685337113,666.0052490234375,331.1170654296875,1041.6297607421875
170,1354.0178212438357,137.2699037403555,665.3067626953125,328.5342712402344,1032.0321044921875
171,1361.274243920574,139.68196440171235,665.9049682617188,331.69171142578125,1041.1990966796875
172,1360.1303920061066,141.16162475602175,665.440185546875,333.5145568847656,1039.83349609375
173,1360.158307866646,136.46187790589315,666.0200805664062,327.70172119140625,1039.80126953125
174,1360.8608361002396,135.4222252890162,665.9622802734375,326.47796630859375,1040.69775390625
175,1363.290646237745,137.1059454902361,666.1722412109375,328.5981750488281,1043.516845703125
176,1361.559675327281,134.36058275579146,665.7937622070312,325.2619323730469,1041.588623046875
177,1364.7934723842232,134.82411124910374,665.8760375976562,326.1430358886719,1045.3553466796875
178,1366.2241224496158,132.36961206515124,665.0970458984375,323.5547790527344,1047.2471923828125
179,1364.9082622516264,134.6402711282831,665.8306884765625,325.94586181640625,1045.5029296875
180,1360.2248128212561,126.9239430389996,663.4591674804688,316.4896545410156,1040.9287109375
181,1357.8358745199355,131.2659882163522,664.8612060546875,321.2577819824219,1037.4091796875
182,1392.892898472683,70.19144764530937,645.1218872070312,263.2842102050781,1091.0733642578125
183,1385.2349927978794,89.76276967375053,651.302490234375,281.95196533203125,1077.507080078125
184,1380.0133356808324,102.6237897009271,655.359619140625,294.1847839355469,1068.6087646484375
185,1405.8149902443163,22.404108313820757,630.4041748046875,216.9365997314453,1114.3677978515625
186,1413.1134891667455,26.305655385541588,631.4012451171875,221.68399047851562,1121.243896484375
187,1403.0842019510883,27.72928977981254,631.9151000976562,221.69781494140625,1110.8575439453125
188,1409.9372648397996,32.04444576869679,633.1771850585938,227.08262634277344,1117.3336181640625
189,1398.1542822816593,38.166254440162476,634.9540405273438,231.21044921875,1103.84423828125
190,1402.5776181244253,47.53956035789003,637.994384765625,241.70391845703125,1106.7354736328125
191,1389.2693744733024,58.56802879344298,641.1056518554688,250.20028686523438,1089.83984375
192,1425.6469624475972,2.4473111237633476,620.0239868164062,206.67530822753906,1132.2513427734375
193,1424.7973079599221,5.116922209484894,621.5010986328125,207.50970458984375,1131.647705078125
194,1420.768843892544,2.2934428282200026,620.217041015625,205.5140380859375,1129.2437744140625
195,1420.2677039796001,4.305017546779873,621.4354248046875,206.2344512939453,1128.714599609375
196,1413.2904914958679,3.9758717675765327,621.4718017578125,204.45803833007812,1123.5833740234375
197,1426.2325051298812,0.0,618.7278442382812,206.04052734375,1132.7080078125
198,1426.2825712597469,-1.4102145882757016,617.9737548828125,205.70823669433594,1132.946044921875
199,1426.2815071265536,-2.476359111808713,617.3884887695312,205.4676971435547,1133.1177978515625
200,1421.5492835264636,-6.140910513082886,614.9073486328125,203.22874450683594,1130.9268798828125
201,1426.013003144791,-7.118359982586412,614.602294921875,204.50938415527344,1133.7957763671875
202,1426.1964917995792,-4.844496426668506,616.0116577148438,204.9573516845703,1133.480224609375
203,1425.870644886295,-8.429922912370397,613.75146484375,204.27244567871094,1133.961181640625
204,1421.4601322448677,-8.218510930934615,613.4962158203125,202.80787658691406,1131.238037109375
205,1425.7553980782234,-9.315860971697763,613.1656494140625,204.12322998046875,1134.064697265625
206,1421.298259171403,-10.24776076469864,612.0609741210938,202.44647216796875,1131.5059814453125
207,1425.4347195090695,-11.4488930920797,611.7069091796875,203.7982177734375,1134.287841796875
208,1421.069690198737,-12.242590007154027,610.60595703125,202.14382934570312,1131.731201171875
209,1421.4687784231762,-26.69727050138913,599.6136474609375,203.2854461669922,1134.5185546875
210,1422.0925752243568,-24.888036064415644,601.21142578125,203.1501922607422,1134.638427734375
211,1421.6462583458663,-24.668565469585722,601.280029296875,202.92234802246094,1134.3131103515625
212,1423.4928219793937,-20.183693034747172,605.1098022460938,203.06997680664062,1134.74609375
213,1420.5599424794298,-28.062652932371325,598.2861938476562,203.2291259765625,1134.093017578125
214,1420.6719479240194,-29.02839047942787,597.5237426757812,203.55084228515625,1134.2967529296875
215,1374.2968939454622,-132.78258280689803,490.7483825683594,206.89111328125,1109.1319580078125
216,1362.0888346755546,-181.15211760563912,442.365478515625,211.38818359375,1105.8206787109375
217,1385.4903563819066,-165.18151984827978,463.0196533203125,220.94747924804688,1121.5655517578125
218,1389.6760535252236,-148.48437890678505,479.7497863769531,219.45301818847656,1122.63330078125
219,1392.3812433574756,-137.72428832005497,490.5563659667969,218.38052368164062,1123.399658203125
220,1384.714523907271,-135.4097280711293,490.8125915527344,213.31260681152344,1117.433349609375
221,1356.3398726648368,-282.2515318485609,345.3069763183594,225.8207550048828,1118.073974609375
222,1359.580296431685,-269.38981123525144,358.2728271484375,225.76528930664062,1118.1162109375
223,1368.7564977203854,-232.40778684345824,395.5102844238281,224.94505310058594,1118.7073974609375
224,1349.9934940612698,-229.47799844529627,393.8668212890625,214.05355834960938,1103.773193359375
225,1377.9517799163834,-195.37641649228854,432.70086669921875,223.14466857910156,1119.99560546875
226,1380.4216283872324,-185.41658085305374,442.7070007324219,222.49215698242188,1120.4619140625
227,1085.732856218766,503.9047811143243,374.4989929199219,430.1365051269531,684.7999877929688
228,1120.2149641482042,500.2723835147279,362.86676025390625,428.7595520019531,709.479248046875
229,1102.3015767299282,535.9193200834324,346.4498291015625,432.4264831542969,684.7999877929688
230,1126.4780760543067,521.8423752864775,346.4268493652344,430.1833801269531,705.0847778320312
231,1147.2757361844751,507.25159330519807,346.40606689453125,427.1575012207031,723.666259765625
232,1145.8978590942304,482.88107926505637,362.5155029296875,424.22650146484375,733.7553100585938
233,1157.187400059949,499.3125903456715,346.3955993652344,425.088134765625,733.17431640625
234,1163.5695393168714,493.7276538330529,346.3884582519531,423.40948486328125,739.7400512695312
235,1168.4789205085312,465.5909794469179,362.4685974121094,417.36029052734375,757.0577392578125
236,1178.7865576078495,480.5120641996678,346.37091064453125,418.32708740234375,756.0921630859375
237,1188.6458702405723,449.6129978811886,362.67510986328125,409.0937805175781,779.257568359375
238,1200.2036986335559,462.07156374372414,346.34503173828125,409.0914611816406,780.6511840820312
239,1207.0743556719096,435.68171093709,363.09222412109375,400.7557067871094,800.432373046875
240,1207.3611998949516,456.15678686606446,346.3359680175781,405.6702880859375,789.2874755859375
241,1254.4062273260263,423.9524020522907,346.2751159667969,383.3438415527344,847.2208862304688
242,1245.6525194034957,388.8229457408536,385.1097412109375,379.2308654785156,856.1369018554688
243,1265.5275565048842,417.729942432412,346.2601623535156,378.73626708984375,861.228759765625
244,1332.1933159220723,388.8917617862653,346.1614685058594,372.69482421875,947.3858642578125
245,1315.2389390736632,395.2522085086966,346.18743896484375,371.0369567871094,925.5548095703125
246,1309.0628576688512,355.766824645226,392.57537841796875,370.93035888671875,935.22998046875
247,1302.144974286477,400.4622514672087,346.207275390625,370.82098388671875,908.6021118164062
248,1294.3967221761347,362.0711942310414,391.43231201171875,370.0820617675781,916.7612915039062
249,1297.6499969028334,402.35136361776307,346.21405029296875,371.05462646484375,902.7365112304688
250,1281.6327174359647,368.20299586953996,390.0395202636719,370.44342041015625,900.6954345703125
251,1286.9677008530089,407.0844149161707,346.22991943359375,372.4156799316406,888.7857666015625
252,1269.8927639769138,374.457345186805,388.4718017578125,372.0303649902344,885.9397583007812
253,1276.3915495774406,412.1277259709358,346.2451171875,374.9815368652344,875.0924072265625
254,1258.216853106754,381.18351455000663,386.803466796875,374.9324951171875,871.4326171875
255,1315.3427652038627,310.06295324355784,441.4564208984375,370.9907531738281,958.6148071289062
256,1297.5666132132883,316.4443111168773,439.8596496582031,368.9281005859375,936.68115234375
257,1282.351862960115,322.90911168541874,437.6177062988281,367.96044921875,918.1104736328125
258,1269.0058933125426,329.6162266126214,434.86187744140625,368.088623046875,901.8804931640625
259,1256.6588907723913,336.7607376725031,431.7226257324219,369.3589172363281,886.9120483398438
260,1244.3781953636026,344.5915492015538,428.3295593261719,371.87506103515625,872.1784057617188
261,1231.2347047401195,353.41376120688557,424.8140869140625,375.6924743652344,856.7256469726562
262,1343.7359562236406,241.96048091035206,516.79248046875,370.118408203125,1012.6520385742188
263,1327.75284514918,265.53768030839296,490.5961608886719,370.1384582519531,986.4092407226562
264,1307.7046391949514,270.4891770222404,489.3927917480469,367.6374816894531,961.0469970703125
265,1289.6765066007295,275.95452361896116,487.06109619140625,365.5600891113281,939.0591430664062
266,1273.8991524845537,282.0170419813102,483.76531982421875,364.3656921386719,920.3037109375
267,1259.810778322615,288.81615222198985,479.67059326171875,364.08819580078125,903.80712890625
268,1246.6289945012643,296.49005747585255,474.94073486328125,364.8282775878906,888.5067138671875
269,1233.5120528991138,305.20511161190257,469.7386474609375,366.7210693359375,873.4232788085938
270,1219.6597616295182,315.1629637036392,464.22955322265625,369.8020324707031,857.7042846679688
271,1216.4048106184707,363.4547195104942,421.3275451660156,380.71209716796875,839.8109741210938
272,1225.4829803307364,195.48969351823263,571.0482177734375,333.8064270019531,880.6021728515625
273,1216.0663574128937,200.22184203310402,565.1268310546875,332.9779052734375,872.3279418945312
274,1206.144887576801,200.1730665904557,561.9799194335938,328.4888916015625,864.5621948242188
275,1216.257288087208,205.38728853143942,561.7904663085938,336.58721923828125,871.66845703125
276,1225.3886358522434,200.49068359044992,567.4915161132812,337.1855163574219,879.9127197265625
277,1225.2602357233754,205.53271465656692,563.6755981445312,340.29632568359375,879.3031005859375
278,1233.933091331393,201.02835279021252,568.9959716796875,340.9803771972656,887.4255981445312
279,1233.5931892474305,206.0208388866207,564.7349853515625,343.6300964355469,886.8359985351562
280,1241.9372115585031,201.95698050953584,569.623779296875,344.3756103515625,894.8958740234375
281,1241.473164308344,206.92026421935017,564.9638671875,346.58770751953125,894.3242797851562
282,1250.1034869810542,198.4413413101587,574.2548828125,345.3871765136719,902.9879150390625
283,1234.248385902501,196.12323855176803,573.0401000976562,338.12957763671875,888.0467529296875
284,1242.427355266603,197.08749139958277,574.103271484375,341.9739074707031,895.5001220703125
285,1250.7293410256366,193.65624046642068,578.9578857421875,343.238525390625,903.60498046875
286,1258.8787558211777,190.70261148177073,583.5203247070312,344.71807861328125,911.8362426757812
287,1264.6740157755642,202.34531774544337,572.0203857421875,350.97576904296875,918.4789428710938
288,1256.832895271583,205.16797026229992,568.3626708984375,349.9948425292969,910.0364379882812
289,1258.1429782412288,195.40448544938243,578.5943603515625,346.6153869628906,911.2089233398438
290,1249.519608516493,203.33158871374044,569.3960571289062,347.3732604980469,902.4002685546875
291,1267.7866959226164,183.68551522070115,592.784912109375,344.5884704589844,920.9656982421875
292,1259.6522310497573,186.11758685117138,588.30810546875,342.6942138671875,912.4862670898438
293,1251.3788125788794,188.98124946912083,583.494384765625,340.93829345703125,904.2473754882812
294,1242.9241871047489,192.32506155803424,578.3897705078125,339.3955078125,896.1326904296875
295,1241.0574745412578,211.95932914966767,560.1375122070312,348.598388671875,893.7890014648438
296,1248.9901282884327,208.3374917921589,564.3929443359375,349.1866455078125,901.8453369140625
297,1255.8715091802865,215.2764564882223,557.6906127929688,352.7684020996094,908.9900512695312
298,1271.5311816762912,209.72644412719686,564.1547241210938,354.3065185546875,926.184814453125
299,1253.5326673700138,174.95432873237706,595.5994262695312,331.7416076660156,907.4547729492188
300,1244.4795774894844,177.9320372632341,589.6692504882812,329.5050964355469,899.129150390625
301,1244.9385614958246,172.932200322205,592.7727661132812,325.43475341796875,900.5817260742188
302,1225.4712773660763,185.2272445327998,577.2459106445312,326.058349609375,882.4205322265625
303,1224.9947197492638,169.69672243830243,584.4874877929688,312.7420959472656,885.9971313476562
304,1203.296027734861,179.2164242079049,570.7836303710938,310.8700256347656,867.4794921875
305,1224.587048533769,159.50292634893884,588.3319702148438,303.4906311035156,888.545654296875
306,1201.7241219009572,168.90412234822142,574.2249755859375,301.6414489746094,869.0066528320312
307,1224.0682471346413,149.40688315917194,591.399169921875,294.0639953613281,891.1419677734375
308,1245.4027414849422,167.83178815397804,595.6128540039062,321.091552734375,902.22607421875
309,1225.332244604251,180.1229711623878,579.8643188476562,321.771240234375,883.5220336914062
310,1222.529418396438,129.17915545401277,595.0474853515625,274.7157897949219,896.5194091796875
311,1235.2917622655166,126.14955364257898,602.310546875,276.48486328125,907.739501953125
312,1235.5083114303054,131.08606806910004,601.9036865234375,281.36273193359375,906.0735473632812
313,1234.5628983721626,116.37585480127603,602.177001953125,266.841552734375,911.0345458984375
314,1247.442964865279,114.24698831776432,609.0355224609375,269.2143249511719,922.6671142578125
315,1247.7773199732924,123.9083803268631,609.5792846679688,278.8052673339844,918.817138671875
316,1223.420721803862,139.37165122594635,593.6797485351562,284.4695129394531,893.7904663085938
317,1235.578009209215,136.06611709793333,601.069580078125,286.2476806640625,904.4286499023438
318,1247.2294465975876,143.24245338646134,606.0618896484375,298.1224060058594,911.17333984375
319,1246.5937710597634,152.98228842553118,602.6224975585938,307.4633483886719,907.5244140625
320,1268.9623122660632,139.8627526843132,620.3820190429688,304.039794921875,930.760498046875
321,1282.099527612982,159.91987713278272,619.5923461914062,332.4709167480469,937.5061645507812
322,1273.3763851466833,161.3765069365629,614.1211547851562,329.3688049316406,928.422607421875
323,1274.586056594844,156.79465350356475,617.3931884765625,325.189208984375,930.710205078125
324,1289.0064815534602,138.52101451062106,633.6905517578125,311.10467529296875,950.3585205078125
325,1287.693733698223,142.80910029231774,631.6325073242188,315.6399841308594,947.6051635742188
326,1245.8267732849995,162.83691766478097,598.19140625,316.5896911621094,903.9781494140625
327,1267.2292475267193,149.08361916360425,616.4485473632812,313.21221923828125,926.14306640625
328,1276.901160645977,147.86550560275703,622.9860229492188,316.54486083984375,935.4721069335938
329,1265.3588110235678,158.4275550399028,611.27587890625,322.0552978515625,921.7327880859375
330,1275.768202695929,152.29243625749552,620.3511962890625,320.9189758300781,933.0567016601562
331,1284.9288979052324,151.2845198735399,626.3209228515625,324.3222961425781,942.3709106445312
332,1286.3162943697864,147.04670922610794,629.1657104492188,320.0489807128906,944.9409790039062
333,1295.2963756026222,146.4447758344366,634.9067993164062,323.6278991699219,954.6541748046875
334,1270.4264766052097,130.7250345385371,622.9695434570312,294.55908203125,935.5694580078125
335,1247.6659923481454,133.6793450997789,608.4734497070312,288.5661315917969,914.9281616210938
336,1247.8190077676497,128.80358657460926,609.2913818359375,283.67901611328125,916.8621826171875
337,1259.6747173714593,122.3712216895633,616.7611083984375,281.61669921875,929.7483520507812
338,1271.4749927569549,121.53786057500604,623.763671875,284.8309020996094,940.5551147460938
339,1259.6156626990985,124.74407666980929,616.7780151367188,284.035400390625,928.6343994140625
340,1271.3043746245385,123.8409171930807,623.8604736328125,287.24200439453125,939.3102416992188
341,1259.4711994169104,127.13976839432888,616.5979614257812,286.4819641113281,927.5134887695312
342,1271.0661248776232,126.15896522446889,623.7310791015625,289.6842041015625,938.0551147460938
343,1282.3990266821131,121.14944279995917,630.4947509765625,288.3402099609375,951.2889404296875
344,1282.1480064520338,123.42485200408353,630.6720581054688,290.74334716796875,949.9227294921875
345,1281.7966182048285,125.7036360542085,630.5985107421875,293.1795654296875,948.5431518554688
346,1272.9783887366127,93.0449875472085,618.7695922851562,256.3084411621094,955.1947631835938
347,1271.8631895355984,112.17238752768958,622.399169921875,275.34759521484375,945.446533203125
348,1291.3802418377516,129.97998183848088,636.4614868164062,301.7061767578125,956.0891723632812
349,1290.232608062919,134.27280523226716,635.3084716796875,306.4559631347656,953.1900024414062
350,1233.0244070107196,96.55266352717778,600.4527587890625,247.45034790039062,917.5967407226562
351,1246.8583158985307,94.76717339590898,606.6702270507812,249.93446350097656,930.3336791992188
352,1225.4348690564598,197.99027376981095,569.3046875,335.5402526855469,880.2381591796875
353,1234.5327285704336,191.2480362285987,576.8411254882812,335.0015869140625,888.7671508789062
354,1234.3919247863848,193.69331460625943,574.974609375,336.6170654296875,888.3806762695312
355,1243.433404612345,187.58078348939029,582.4520874023438,336.5335388183594,896.8826904296875
356,1243.173110909228,189.95786714449594,580.4539184570312,338.0225830078125,896.4749145507812
357,1252.0693346227247,184.35760378415372,587.8278198242188,338.3511047363281,905.0237426757812
358,1251.7144574454971,186.67363693060454,585.6929321289062,339.70843505859375,904.5969848632812
359,1260.4948514477499,181.60510402268807,592.9152221679688,340.3836669921875,913.2843627929688
360,1260.058800049803,183.8618613196234,590.64208984375,341.6070861816406,912.8419189453125
361,1268.7391714762227,179.25714447407725,597.6614990234375,342.5488586425781,921.7798461914062
362,1268.2429941945995,181.46859477538268,595.2520751953125,343.64013671875,921.3255004882812
363,1276.8598085132007,177.27974146338684,602.0134887695312,344.7613830566406,930.64111328125
364,1276.3231145820973,179.4637029812443,599.4733276367188,345.7257080078125,930.1790161132812
365,1280.9028308720922,176.41038264579666,604.0250244140625,345.8600158691406,935.2511596679688
366,1280.3569847424121,178.57745463844907,601.422607421875,346.7639465332031,934.786865234375
367,1284.9455973423212,175.63196385440085,605.91796875,346.9411926269531,940.0023193359375
368,1284.390422089559,177.79440472269437,603.2560424804688,347.7874450683594,939.5369873046875
369,1289.0095119871733,174.9258541205284,607.6857299804688,347.99700927734375,944.90966796875
370,1287.9535347596316,179.24467248081237,602.2015380859375,349.43634033203125,944.0808715820312
371,1288.8047932764105,196.6343679253657,580.8567504882812,354.497314453125,946.6157836914062
372,1280.6223623710357,198.17482302084426,578.2941284179688,353.2652587890625,936.64111328125
373,1282.173058252221,188.87622213695008,589.5223999023438,350.99981689453125,937.8698120117188
374,1272.5999772776338,200.05187736931452,575.3397827148438,352.0804138183594,927.3030395507812
375,1274.0785885377434,190.6776302295234,586.2622680664062,349.4806823730469,928.5180053710938
376,1266.1114778741846,192.8355216986194,582.608154296875,348.0003967285156,919.675537109375
377,1266.9307096154748,188.19286524603498,587.7512817382812,346.3455505371094,920.310302734375
378,1275.8334730985496,181.6645861652271,596.8790893554688,346.5438537597656,929.8165283203125
379,1279.864480682611,180.7586551568824,598.7681274414062,347.52142333984375,934.4237060546875
380,1283.88220292393,179.98907165145903,600.5442504882812,348.4880065917969,939.17333984375
381,1292.0650074793234,178.58462773971257,603.7341918945312,350.36029052734375,949.1597290039062
382,1293.0948036701263,174.31095063379803,609.321533203125,349.0200500488281,949.98681640625
383,1300.421404706135,177.54682355396318,606.4025268554688,352.11572265625,959.8788452148438
384,1225.514795376656,190.39802092460656,574.3095703125,330.08612060546875,881.4425048828125
385,1234.7735563268927,186.3177868924025,580.3496704101562,331.475830078125,889.6930541992188
386,1234.6626115372455,188.78480885178178,578.6343994140625,333.28607177734375,889.2054443359375
387,1243.9674916870165,182.79339633802755,586.2260131835938,333.222412109375,897.888916015625
388,1243.699638940981,185.19244877448355,584.3779296875,334.9315490722656,897.3551025390625
389,1252.8067112482904,179.68904009909033,591.8786010742188,335.27008056640625,906.1015014648438
390,1252.435928891875,182.03014587330767,589.8917236328125,336.8695373535156,905.5264892578125
391,1261.4261958867542,177.0774478890693,597.2477416992188,337.5430908203125,914.4220581054688
392,1260.95303051957,179.34418700921466,595.1193237304688,339.0266418457031,913.8125
393,1269.8206895570152,174.83912350701047,602.2738037109375,339.95355224609375,922.9635009765625
394,1269.2676174364428,177.0482371221191,600.0043334960938,341.31756591796875,922.327392578125
395,1278.0467243248374,172.9452457560213,606.8969116210938,342.4101257324219,931.8547973632812
396,1277.4368253149173,175.1081694225896,604.4904174804688,343.6537780761719,931.2012939453125
397,1282.1221130073216,172.115458678811,609.0386352539062,343.6283874511719,936.4734497070312
398,1281.4938786718656,174.25706580367958,606.5661010742188,344.8124084472656,935.8150024414062
399,1286.188729585446,171.3677172572898,611.0570678710938,344.82666015625,941.2285766601562
400,1285.5472244401774,173.49099572579928,608.5206909179688,345.9519348144531,940.5678100585938
401,1290.2608883085659,170.6972745116499,612.9447631835938,345.9962463378906,946.1351318359375
402,1289.6134495166727,172.80107120749108,610.3472290039062,347.0637512207031,945.4749145507812
403,1294.348008003203,170.10692357315077,614.6942138671875,347.1291809082031,951.2062377929688
404,1293.7003555680292,172.1928285947553,612.0384521484375,348.1405334472656,950.5494995117188
405,1297.221934548232,173.7504765842679,610.8187255859375,350.00457763671875,955.2457885742188
406,1244.2348808882214,180.38264947403582,587.9912109375,331.411865234375,898.4811401367188
407,1253.1746312122527,177.33163731535643,593.7827758789062,333.55889892578125,906.7453002929688
408,1261.9084054917143,174.80331069609284,599.29443359375,335.939453125,915.109130859375
409,1270.3915546073342,172.62701845810784,604.4632568359375,338.4635314941406,923.6837768554688
410,1278.6826518874009,170.7874978734303,609.226318359375,341.03741455078125,932.596923828125
411,1282.780601991633,169.98279174192663,611.4359741210938,342.3149719238281,937.2218017578125
412,1286.8638586035836,169.25894903424097,613.5204467773438,343.5725402832031,941.979736328125
413,1290.9457205577926,168.61161548241125,615.471923828125,344.8011779785156,946.8855590820312
414,1295.03623282777,168.04226228761252,617.2823486328125,345.99273681640625,951.9522094726562
415,1299.145277883325,167.554324835411,618.9439086914062,347.1404113769531,957.1912841796875
416,1303.2809944063029,167.15286092134204,620.4486694335938,348.23858642578125,962.6126098632812
417,1306.784613206335,168.85057716825824,619.0375366210938,350.2481384277344,967.5164794921875
418,1262.3949940820355,172.52059500928036,601.2539672851562,334.2218017578125,915.8700561523438
419,1270.974623676274,170.40837948521127,606.5670776367188,336.8536376953125,924.4845581054688
420,1279.3387331706363,168.6310424821245,611.4727783203125,339.5417175292969,933.4237670898438
421,1283.4633967225147,167.85540765270818,613.7521362304688,340.8780822753906,938.0560913085938
422,1287.5671171617305,167.16122497784127,615.9048461914062,342.19537353515625,942.8173828125
423,1291.662668186619,166.54116736996087,617.922607421875,343.4844055175781,947.7223510742188
424,1295.760007901499,165.995956000254,619.7970581054688,344.7366638183594,952.7836303710938
425,1299.868644361067,165.53035317088674,621.5199584960938,345.9454345703125,958.012451171875
426,1303.996077680152,165.15010947873452,623.0830078125,347.1047668457031,963.4185180664062
427,1308.1458286136226,164.8621163189696,624.4779663085938,348.20941162109375,969.0095825195312
428,1254.200154862951,170.15680687362246,598.97314453125,327.8204040527344,909.0581665039062
429,1262.8830120848845,170.22868014515242,603.1215209960938,332.3957824707031,916.7017822265625
430,1271.5647695229422,168.1795046231498,608.5798950195312,335.12982177734375,925.3621215820312
431,1280.009614619264,166.47222038043995,613.630615234375,337.92889404296875,934.33154296875
432,1284.165160678115,165.72951518836504,615.9815063476562,339.3236389160156,938.972412109375
433,1288.2934124493754,165.07159133408913,618.20458984375,340.70098876953125,943.7376708984375
434,1292.4066844001732,164.48287660326437,620.2911987304688,342.05145263671875,948.6415405273438
435,1296.514570376521,163.96519580034987,622.2327270507812,343.3666076660156,953.696533203125
436,1300.6262229611589,163.52492145007088,624.0204467773438,344.6393737792969,958.9136352539062
437,1304.7489538455716,163.16765578659766,625.6458129882812,345.86383056640625,964.302001953125
438,1308.8885991594132,162.89777295988165,627.1002197265625,347.0346374511719,969.869140625
439,1304.4632267877414,231.23651871378087,537.1463012695312,362.95648193359375,964.4662475585938
440,1286.5494913377233,235.39825926728653,534.1187133789062,360.81280517578125,942.3614501953125
441,1287.2771937560235,215.38031567706474,557.5731811523438,357.9189453125,944.3583374023438
442,1297.3928221337349,195.2747822038077,583.0009155273438,355.7572326660156,957.331298828125
443,1306.2850863855067,194.23798472456193,584.7000122070312,357.01837158203125,968.8577270507812
444,1315.4628848176505,193.40509446460956,585.9275512695312,358.2164611816406,981.1651611328125
445,1324.863136763696,192.8384669297727,586.65673828125,359.3790283203125,994.2132568359375
446,1335.605959602439,176.33868970202133,610.9368286132812,357.208740234375,1010.5342407226562
447,1342.4518457803113,176.39236251658306,610.5258178710938,357.844970703125,1021.5372924804688
448,1313.7960422266694,160.7971578545258,630.9859619140625,346.93701171875,976.5037841796875
449,1317.9286029042473,160.72954950291347,632.13037109375,348.04248046875,982.3672485351562
450,1316.501505232721,164.5189768294036,626.7305908203125,350.2040710449219,980.7211303710938
451,1309.8805899345678,172.6706724684008,614.4122924804688,352.667724609375,972.1967163085938
452,1310.9954788256723,168.61810300590741,620.1587524414062,351.166015625,973.3339233398438
453,1319.5305766668234,168.37430685212567,621.8662109375,352.7821960449219,985.520751953125
454,1312.3109109572088,164.6628591753519,625.6965942382812,349.2437744140625,974.778564453125
455,1320.7095512495396,164.51295758540581,627.5716552734375,351.0929260253906,986.8374633789062
456,1324.9178276618522,164.6060094669826,628.2114868164062,351.91326904296875,993.127197265625
457,1326.6138147370646,176.30303260331283,610.816650390625,356.2334289550781,996.738525390625
458,1323.7992097701447,168.40791965403758,622.4375,353.4859313964844,991.889404296875
459,1328.0955564918766,168.5093686479038,622.8103637695312,354.12359619140625,998.4413452148438
460,1336.672001292705,168.97886136920798,622.9310302734375,355.21142578125,1012.093017578125
461,1264.3777277336444,163.20602236420757,608.2509765625,326.3729248046875,919.5890502929688
462,1263.3834408871958,167.93698314294716,604.9093017578125,330.4748229980469,917.6004028320312
463,1272.7686800731876,163.66177720026394,612.3589477539062,331.38232421875,927.3336181640625
464,1272.1634690982155,165.9333799604474,610.5101928710938,333.3038330078125,926.3126831054688
465,1281.3927264497538,162.11978290471237,617.6935424804688,334.38861083984375,936.3754272460938
466,1280.6945818714846,164.30519892118141,615.7044677734375,336.20916748046875,935.31640625
467,1284.8841310522973,163.59889189022655,618.1268920898438,337.66094970703125,939.9669799804688
468,1298.928455489243,157.92640340405336,629.0375366210938,338.63079833984375,956.8910522460938
469,1293.963771135645,160.38546915195116,624.7777709960938,338.8653869628906,950.7129516601562
470,1294.770142110393,158.33838878140915,626.8869018554688,337.1209716796875,951.8597412109375
471,1289.8040922671341,160.90241632601342,622.5509643554688,337.391357421875,945.8114624023438
472,1290.58234095649,158.81810929606513,624.5895385742188,335.5851745605469,946.9595947265625
473,1285.6155968088863,161.4698282775163,620.1865234375,335.8959045410156,941.0368041992188
474,1286.3564553810706,159.33288312564505,622.1549072265625,334.0319519042969,942.1795654296875
475,1298.0466655064613,150.24271718027933,634.4053955078125,329.51849365234375,956.8988647460938
476,1303.067204289912,157.5905238834832,631.0321044921875,340.10748291015625,962.0636596679688
477,1302.229064441158,159.55751364917148,628.781494140625,341.7164306640625,960.94189453125
478,1298.1023547377297,159.9340125002861,626.857666015625,340.3095397949219,955.7529296875
479,1306.3501439565744,159.25882250925932,630.5399780273438,343.08026123046875,966.2881469726562
480,1307.1913041259256,157.3288897612998,632.8611450195312,341.5451354980469,967.3856201171875
481,1308.0537972799832,155.41401515373454,635.0922241210938,339.9225158691406,968.546630859375
482,1310.4714075539237,159.0416804586853,632.1240234375,344.3957214355469,971.7984008789062
483,1311.3066040065696,157.1451387645982,634.515380859375,342.93853759765625,972.8629760742188
484,1312.1666863058338,155.2666345029574,636.8191528320312,341.3924255371094,973.9921264648438
485,1313.0488547492157,153.4032417590877,639.0291748046875,339.75836181640625,975.1851806640625
486,1314.5870288325348,158.90758426820955,633.5244140625,345.6485595703125,977.4642333984375
487,1315.40750348998,157.04229277029046,635.9854125976562,344.2740478515625,978.4869995117188
488,1316.2563966782611,155.1976214218416,638.3621215820312,342.8095703125,979.574951171875
489,1317.1339775804204,153.36798120154907,640.64453125,341.2455139160156,980.7354125976562
490,1318.0365719966967,151.55101960391536,642.8257446289062,339.58599853515625,981.96533203125
491,1307.468612837384,138.31035066144068,645.3168334960938,318.5082702636719,970.682373046875
492,1310.1102286372566,142.23384737838163,645.4660034179688,324.75360107421875,972.83642578125
493,1305.7920508004781,142.26774620810332,642.9751586914062,322.94970703125,967.6233520507812
494,1296.7831170148636,142.40546401221405,637.5590209960938,319.29693603515625,957.4639892578125
495,1316.7357225272413,146.05223656527872,646.8093872070312,332.4074401855469,980.549560546875
496,1312.5574148484582,146.02022357807417,644.7493286132812,330.69818115234375,975.1580810546875
497,1308.3362007501403,146.0517921869086,642.5189819335938,328.9603576660156,969.87744140625
498,1304.0552021705794,146.14341300729646,640.1282958984375,327.1985778808594,964.7040405273438
499,1309.0725198668388,134.31047897757009,647.09326171875,313.8996887207031,973.8615112304688
500,1293.2105761714333,121.19835348627763,636.8619384765625,292.02886962890625,962.0236206054688
501,1292.839300708986,123.4107647799962,637.1194458007812,294.424560546875,960.5477294921875
502,1292.3937123908106,125.61726614855137,637.10791015625,296.8542175292969,959.0556030273438
503,1301.0247664979747,130.05983209553975,642.60986328125,305.4415283203125,966.5072631835938
504,1302.8156957844712,123.66499201149149,643.1092529296875,298.1758117675781,971.2666625976562
505,1312.6564384460987,124.12796942496178,648.5479125976562,301.9027099609375,982.1480102539062
506,1303.255453470284,121.49284049282635,642.7726440429688,295.78594970703125,972.838623046875
507,1313.2375991345614,122.00158742561648,648.1341552734375,299.5164489746094,983.8003540039062
508,1294.370423333673,112.09022263122542,634.7368774414062,282.6359558105469,967.8095703125
509,1319.7096086676324,130.78159221150113,653.26806640625,312.7852783203125,988.0222778320312
510,1320.5293101958198,128.7997861487411,653.5260009765625,310.3721618652344,989.7560424804688
511,1321.3157270125805,126.7860110353391,653.5606689453125,307.9489440917969,991.4970703125
512,1330.4295104115972,127.53764206080122,657.7108154296875,311.43646240234375,1002.7362060546875
513,1329.5528581101673,129.5204217752227,657.784423828125,313.8575744628906,1000.9520263671875
514,1328.6401072550789,131.46373061699174,657.6005859375,316.2774353027344,999.1688842773438
515,1327.6928385321119,133.36685947414813,657.1710815429688,318.67901611328125,997.3992309570312
516,1322.3820482361461,134.9485933208409,654.418212890625,319.3114013671875,990.0986938476562
517,1318.6959954445406,158.8657339822713,634.7319946289062,346.8360595703125,983.2811889648438
518,1319.4922781416424,157.0310467480229,637.2618408203125,345.5495910644531,984.2528686523438
519,1320.3215485754483,155.21824056494015,639.7115478515625,344.1723327636719,985.290283203125
520,1321.1875554973726,153.4203935547437,642.0668334960938,342.682861328125,986.409423828125
521,1322.0859668448347,151.6357216583201,644.3193969726562,341.0865173339844,987.6063232421875
522,1323.012801919485,149.8620734866806,646.4611206054688,339.3889465332031,988.876953125
523,1324.3613431718318,155.34363024037657,640.85791015625,345.4844665527344,991.1384887695312
524,1325.2102762224113,153.57576077691934,643.2863159179688,344.07470703125,992.2073974609375
525,1326.100414030907,151.82223398431572,645.6106567382812,342.5456237792969,993.36328125
526,1327.0271209219688,150.08089986877062,647.8217163085938,340.90423583984375,994.600830078125
527,1327.9864420844121,148.34874445929435,649.910400390625,339.1570129394531,995.91552734375
528,1330.2674685114857,161.20375620280709,634.3280639648438,350.9725341796875,1000.9166259765625
529,1327.600678862161,157.3421329601506,639.1963500976562,347.9345397949219,996.2115478515625
530,1328.3719353982594,155.58688737546632,641.7916870117188,346.7499084472656,997.1195678710938
531,1329.1997747068508,153.84900587027957,644.2933349609375,345.4249572753906,998.1297607421875
532,1330.0789290978655,152.12771883183987,646.689697265625,343.967529296875,999.2363891601562
533,1331.0045104686872,150.42037620587678,648.9705810546875,342.3859558105469,1000.433349609375
534,1331.9720714781986,148.7232898723079,651.1258544921875,340.68804931640625,1001.715087890625
535,1332.9771750920568,147.03182109716101,653.1441650390625,338.8799743652344,1003.0767822265625
536,1334.0155302210228,145.3404001660649,655.0137329101562,336.96728515625,1004.5144653320312
537,1328.974434668563,146.6219000392581,651.8665161132812,337.3091735839844,997.30322265625
538,1323.9643336601916,148.09672888412769,648.4837646484375,337.595458984375,990.2174072265625
539,1318.960586362016,149.74446293579487,644.8986206054688,337.8356018066406,983.2613525390625
540,1313.9499601616956,151.55232885835906,641.1395263671875,338.03948974609375,976.43994140625
541,1308.932798024817,153.51498320594388,637.230224609375,338.2226257324219,969.7637329101562
542,1303.9234029883787,155.63524172450025,633.1908569335938,338.4129333496094,963.247802734375
543,1302.328450324942,150.03966772467223,636.8285522460938,331.2351379394531,961.9370727539062
544,1306.5504529455122,149.86400524577007,639.0993041992188,332.93115234375,967.08837890625
545,1310.7289382243105,149.754391236861,641.2078857421875,334.60089111328125,972.3590698242188
546,1315.7966660731315,147.87722451989563,645.0367431640625,334.3610534667969,979.1243896484375
547,1320.8599235976212,146.1507859153101,648.68896484375,334.07806396484375,986.0400390625
548,1325.927460997277,144.57674373178415,652.1340942382812,333.7376708984375,993.0947875976562
549,1331.0213824777961,143.16526007318936,655.3363647460938,333.33197021484375,1000.2830810546875
550,1296.4092658614763,154.2661225082691,630.8292236328125,333.4197692871094,954.3075561523438
551,1300.6137778312086,153.95078449293584,633.12060546875,335.048095703125,959.3310546875
552,1304.7897010212214,153.7021969581893,635.2575073242188,336.6509704589844,964.480712890625
553,1309.8261773066317,151.62710241968398,639.2705688476562,336.4480285644531,971.0350952148438
554,1314.8666754735975,149.71188377226537,643.144287109375,336.23944091796875,977.7537231445312
555,1319.9028580339125,147.94527697791693,646.8558959960938,335.9983825683594,984.6205444335938
556,1324.9370217982714,146.33630044371455,650.3780517578125,335.7102966308594,991.6243896484375
557,1329.9874109010727,144.895751825852,653.6790771484375,335.36566162109375,998.7603759765625
558,1335.0819243369187,143.64362551028907,656.7216186523438,334.9563903808594,1006.0234985351562
559,1328.9669303971104,139.26125757309998,656.4600219726562,327.3457946777344,997.8510131835938
560,1324.7722251612092,138.94179627253075,654.5886840820312,325.64483642578125,992.2640380859375
561,1329.9864188074778,137.4592985088361,657.54296875,325.0759582519531,999.5381469726562
562,1326.7290381785172,135.2564829073952,656.5142822265625,321.0480041503906,995.6533203125
563,1331.0051137084163,135.64790943485002,658.419677734375,322.74896240234375,1001.2669067382812
564,1335.2886549109878,136.08512567428593,660.123779296875,324.42059326171875,1006.9404907226562
565,1334.1990651618603,137.8786156814288,659.237548828125,326.74981689453125,1005.2020874023438
566,1341.4631642775616,140.85170551309645,660.8344116210938,332.2961730957031,1015.038818359375
567,1337.2764524322388,140.21393077954974,659.5934448242188,330.6656494140625,1009.2374267578125
568,1333.1353638647024,139.66764906118055,658.1318359375,329.0174865722656,1003.508544921875
569,1339.1385268163936,144.2626364490098,657.886474609375,336.56134033203125,1011.8473510742188
570,1338.02700661807,145.93399790242512,656.1278076171875,338.5479431152344,1010.3578491210938
571,1336.9533151200715,147.5926308592845,654.200927734375,340.4275207519531,1008.946044921875
572,1335.9234703990526,149.24692347694807,652.1199340820312,342.193359375,1007.6168212890625
573,1334.9427795185038,150.90456450400023,649.8977661132812,343.8388366699219,1006.3751220703125
574,1334.0159994222008,152.57229471307969,647.5468139648438,345.35675048828125,1005.2262573242188
575,1333.1478154099495,154.25614291692,645.0781860351562,346.73797607421875,1004.1768188476562
576,1332.343237856622,155.9617688527647,642.5032958984375,347.9724426269531,1003.2341918945312
577,1331.6075696917483,157.69526282501428,639.8356323242188,349.051025390625,1002.4049682617188
578,1340.0752272554407,157.1464697794446,643.2218627929688,350.3041076660156,1015.8641357421875
579,1343.6640223592901,157.96802855859883,643.2098388671875,351.42095947265625,1022.3799438476562
580,1348.6398478910824,144.45995388657477,661.1746215820312,337.6847229003906,1025.265380859375
581,1347.346308791063,146.14326781806415,659.513916015625,339.7342529296875,1023.7474365234375
582,1340.269066968147,142.55808826332992,659.4617309570312,334.47479248046875,1013.4094848632812
583,1343.1995869711461,145.12154118051077,658.8206787109375,338.152099609375,1017.7551879882812
584,1342.0297411239762,146.74844679582068,657.0111083984375,340.11260986328125,1016.291015625
585,1346.0679098595192,147.78435222911077,657.6533813476562,341.666748046875,1022.3143310546875
586,1340.9052866649008,148.36223232695835,655.0266723632812,341.95709228515625,1014.9110717773438
587,1344.8500946404654,149.37855928679937,655.6112670898438,343.47357177734375,1020.9723510742188
588,1339.8363734186655,149.96790015075305,652.8827514648438,343.67791748046875,1013.6209106445312
589,1343.7057736531767,150.93965330316587,653.4042358398438,345.14630126953125,1019.7278442382812
590,1338.8312026103854,151.57283643135204,650.5934448242188,345.2674865722656,1012.4262084960938
591,1342.6473016685554,152.48233118240745,651.0475463867188,346.6763000488281,1018.5870361328125
592,1337.896057726203,153.1848621530163,648.1720581054688,346.71759033203125,1011.3329467773438
593,1341.6849942987485,154.02249833679684,648.5558471679688,348.05450439453125,1017.5565795898438
594,1337.0359796372134,154.81044384734662,645.6311645507812,348.0177001953125,1010.3487548828125
595,1340.8261975969585,155.5766181679343,645.942626953125,349.26837158203125,1016.6456298828125
596,1336.2549256148545,156.45333998103408,642.9832153320312,349.1559143066406,1009.4822998046875
597,1355.597296371509,146.72410789173216,661.8195190429688,340.2043762207031,1034.8212890625
598,1322.047737907268,124.72895108987879,653.3418579101562,305.5341491699219,993.2326049804688
599,1331.2627089554176,125.50679149971303,657.3975830078125,309.02386474609375,1004.5131225585938
600,1339.394080371738,128.49316590966438,661.0394287109375,314.7820739746094,1014.1300048828125
601,1338.4189295595138,130.45870939178718,661.2427978515625,317.1996154785156,1012.3264770507812
602,1337.4046624753623,132.37722665566133,661.1505737304688,319.6271057128906,1010.515869140625
603,1336.3599555199544,134.25240767170374,660.76953125,322.0409851074219,1008.7156372070312
604,1322.7197946121285,122.63062834823332,652.8536376953125,303.14849853515625,994.94775390625
605,1332.0629840955653,123.42970526965587,656.8385620117188,306.6365966796875,1006.2704467773438
606,1341.2926694208552,124.39588687379924,659.9962768554688,309.9853820800781,1017.7025756835938
607,1356.617881318126,133.33971555552978,665.3968505859375,323.65643310546875,1035.6361083984375
608,1342.6613200600336,139.11040882086942,661.9837036132812,330.033935546875,1016.7294921875
609,1343.8550814834866,137.3292865544669,662.8847045898438,327.7002258300781,1018.4722900390625
610,1345.0439210178195,135.50368238274788,663.510498046875,325.3093566894531,1020.2566528320312
611,1346.215630787515,133.62900016091376,663.8294067382812,322.8824768066406,1022.0673828125
612,1347.3560744042536,131.70097665473162,663.8104858398438,320.4482727050781,1023.884033203125
613,1348.45543273568,129.71441780372712,663.4537963867188,318.0378112792969,1025.68359375
614,1350.6051051612617,125.54549085731156,662.2340698242188,313.25042724609375,1029.250732421875
615,1354.6360585792027,116.69449944800796,658.9139404296875,303.80169677734375,1036.2801513671875
616,1364.7858451965283,117.73758954724701,660.1935424804688,307.0181579589844,1047.9114990234375
617,1315.272397989094,113.18524609106703,645.3812255859375,290.1631164550781,990.278564453125
618,1319.8109057654303,94.59514625309356,639.6553955078125,271.4510192871094,1003.2188110351562
619,1325.2471519645376,113.91011418653086,649.8592529296875,293.7874755859375,1001.6780395507812
620,1341.7521303198903,96.27344330008805,647.3119506835938,278.4930725097656,1026.9888916015625
621,1335.167548688968,114.74500235795914,653.6630859375,297.2499084472656,1013.1783447265625
622,1344.8856043519309,115.67063485162193,656.709228515625,300.5670471191406,1024.7086181640625
623,1297.265839036275,93.32007055221261,629.95263671875,263.811767578125,979.3541870117188
624,1318.0124229881471,134.690093367379,652.1422119140625,317.5368957519531,984.608154296875
625,1320.5248744727535,138.70051526170656,652.5281982421875,323.9088134765625,986.7467041015625
626,1323.7877960312205,140.75471986078654,653.3502197265625,327.8567199707031,990.6325073242188
627,1327.9464197860332,141.04370626664846,655.1878051757812,329.5501403808594,996.2117919921875
628,1332.0717966866039,141.42415355084924,656.8258056640625,331.2138366699219,1001.8672485351562
629,1336.1685195578502,141.93400497435022,658.25390625,332.853515625,1007.5994262695312
630,1349.9782987215456,142.73281476438677,662.6124267578125,335.5274353027344,1026.86181640625
631,1356.8086753667787,145.2548044920724,663.057373046875,338.471435546875,1036.1199951171875
632,1170.0986125798236,24.354875974353135,557.6591796875,169.4203338623047,890.8833618164062
633,1167.207585416556,14.040202491090431,552.0669555664062,161.28004455566406,892.23046875
634,1205.6182764700634,6.71483657907946,563.0506591796875,163.165283203125,927.5361938476562
635,1203.4810743725773,-3.9233160387453254,556.571044921875,155.22421264648438,929.7109375
636,1164.2335760582102,3.7869354031611517,545.9780883789062,153.4961395263672,893.5184936523438
637,1180.905644966594,-10.965875795889481,544.1384887695312,146.5982666015625,913.1167602539062
638,1161.1233385264013,-6.510098505041726,539.4156494140625,146.09817504882812,894.7421875
639,1201.0375902158542,-14.743137339550168,549.2532958984375,147.72158813476562,931.780029296875
640,1205.5262711946866,-37.09980438689377,535.3202514648438,136.61749267578125,944.3472290039062
641,1208.4755459554433,-27.033175223126094,543.7489013671875,141.93324279785156,943.0631103515625
642,1195.3152907729966,-35.47035124186033,533.1031494140625,135.45123291015625,934.8101806640625
643,1198.322754556072,-25.417440782548066,541.3152465820312,141.02430725097656,933.55419921875
644,1185.083634572342,-33.63443421685799,530.9470825195312,134.4686737060547,925.2738647460938
645,1205.7481363168172,-67.01596504795373,510.638427734375,127.69232940673828,955.4110107421875
646,1198.9690219769216,-56.04657857607653,517.98828125,128.68026733398438,945.6547241210938
647,1195.5676662934695,-65.76840947402822,508.8576965332031,125.22737121582031,946.15576171875
648,1188.7565063165775,-54.6204097594241,516.0867309570312,126.74899291992188,936.2721557617188
649,1218.5794987224208,-28.489127538970088,546.2376098632812,143.0234832763672,952.5497436523438
650,1227.2840506009304,-34.846172279827506,544.3395385742188,141.71212768554688,962.749755859375
651,1235.8361535831593,-40.82583585723964,542.2166748046875,141.22926330566406,972.6695556640625
652,1261.3666371977915,-9.666304546935764,574.1771850585938,162.3647918701172,984.0390625
653,1242.5231858736647,-8.514273081795235,568.2307739257812,159.40219116210938,966.1773681640625
654,1240.8237509324658,-19.758654160392293,560.1986694335938,151.9737091064453,969.0576782226562
655,1221.0112703501934,-17.614025513115084,554.64501953125,149.5121307373047,950.4993896484375
656,1219.8701978589265,-23.149258296923957,550.4904174804688,146.08380126953125,951.6173095703125
657,1207.5159634015645,17.13086896573803,568.7158203125,171.4192352294922,925.2783203125
658,1243.7140491959944,2.403432287541027,575.0449829101562,167.418701171875,963.051513671875
659,1244.4891839004192,12.945398698403777,580.6793823242188,175.79417419433594,959.7619018554688
660,1280.1582036244572,0.8809788841303784,587.2069091796875,173.74090576171875,997.4744873046875
661,1260.1009235680783,-21.082515299297196,565.7996826171875,155.0635223388672,987.2665405273438
662,1259.224251171774,-26.778715461866923,561.1964721679688,151.85443115234375,988.64990234375
663,1258.1522882107136,-32.23208055665661,556.4725952148438,149.14906311035156,989.73974609375
664,1237.2882671299087,-35.897275275746175,546.7798461914062,143.28140258789062,972.1246948242188
665,1247.153840375204,-36.73904055772688,549.2343139648438,145.02545166015625,981.3939819335938
666,1256.8966332931418,-37.42810258928489,551.6901245117188,146.9348907470703,990.5357666015625
667,1266.4850043648316,-37.91845874505048,554.1343994140625,148.99717712402344,999.5314331054688
668,1276.5290355283682,-35.687779938097364,559.0657348632812,152.1083221435547,1008.0112915039062
669,1275.9074263689627,-38.300635156060196,556.5543212890625,151.1972198486328,1008.365234375
670,1275.2509217856555,-40.85605110268862,554.0413208007812,150.41464233398438,1008.6378173828125
671,1274.5458684105747,-43.35894120404201,551.5326538085938,149.75662231445312,1008.8316040039062
672,1265.101868941036,-42.94470477291301,549.2268676757812,147.40362548828125,1000.0233154296875
673,1255.493007449964,-42.40455862933889,546.8975830078125,145.18824768066406,991.0491333007812
674,1245.7296651901781,-41.69456266611806,544.5568237304688,143.1258544921875,981.9249267578125
675,1252.3315333248072,-51.824708629611784,537.3945922851562,142.90306091308594,991.3488159179688
676,1242.5459089982714,-51.057336616882154,535.2618408203125,140.4659881591797,982.3207397460938
677,1314.3040477571426,1.2659848619664087,598.6966552734375,181.19215393066406,1030.0701904296875
678,1314.66663159532,-4.3290549812290156,595.1588745117188,177.22604370117188,1032.4716796875
679,1280.091886085149,-4.615782680432079,583.8333129882812,169.68653869628906,999.5179443359375
680,1279.8619103897756,-10.230854623357656,580.0507202148438,165.79571533203125,1001.4654541015625
681,1279.460534937225,-15.949423642668268,575.8726806640625,162.11692810058594,1003.2924194335938
682,1314.635321227363,-15.845863140261029,586.6376953125,170.0994110107422,1036.734375
683,1278.8922135047667,-21.746100645414177,571.333740234375,158.69171142578125,1004.9783325195312
684,1294.1988649005043,-38.64629857236363,561.2698364257812,155.9416961669922,1025.4986572265625
685,1293.564914446566,-41.26294435419125,558.6450805664062,155.30650329589844,1025.744140625
686,1311.1315155577022,-41.35987457217349,563.0040893554688,160.5312042236328,1042.069580078125
687,1224.2421104873422,-44.50016113624372,535.442626953125,137.66090393066406,963.6641235351562
688,1234.2705498542743,-45.553264974302856,537.6665649414062,139.5629119873047,972.9945678710938
689,1244.1804861551295,-46.44011507016271,539.9003295898438,141.63963317871094,982.2127685546875
690,1253.9572743809126,-47.17617688774217,542.1327514648438,143.88050842285156,991.297119140625
691,1263.5819865757094,-47.76577732580875,544.3526000976562,146.27206420898438,1000.2290649414062
692,1273.0405183492678,-48.23032894080769,546.5486450195312,148.7982940673828,1008.992919921875
693,1283.8037055247014,-43.619937364447395,553.8027954101562,152.2297821044922,1017.4614868164062
694,1289.8575142049642,-53.78784149369431,545.6766967773438,153.9407196044922,1025.785888671875
695,1307.5202857532831,-54.32652659210331,549.523193359375,159.95733642578125,1041.8521728515625
696,1309.0491648426312,-49.190335544984876,554.870849609375,159.86959838867188,1042.153076171875
697,1300.3368310902538,-49.029179517998536,552.882080078125,156.99679565429688,1034.1640625
698,1310.4747577666953,-43.997555875668866,560.2792358398438,160.17897033691406,1042.1864013671875
699,1301.779156336733,-43.922200809829015,558.1881713867188,157.4603271484375,1034.1468505859375
700,1232.6283437697136,-50.15441202905117,533.1250610351562,138.1901092529297,973.1569213867188
701,1215.8709282628454,-68.19036005396852,512.4306640625,130.34547424316406,964.59228515625
702,1222.5967272772536,-49.10652148173767,530.9945068359375,136.08668518066406,963.8787841796875
703,1185.3577134065724,-64.4181795152568,507.0962219238281,122.9552993774414,936.8538818359375
704,1181.930175676623,-74.33769114053675,497.8124694824219,119.53974151611328,937.339599609375
705,1188.6870274527848,-85.70059039724207,489.7762756347656,119.38255310058594,946.8787231445312
706,1208.9738064408764,-88.16854509326805,492.8052673339844,125.67683410644531,964.9922485351562
707,1198.851421394934,-86.96199384944117,491.28936767578125,122.43204498291016,955.97509765625
708,1168.3193305904456,-51.40713855994169,512.4011840820312,123.45018005371094,917.5001831054688
709,1128.0437881472108,-184.79692807528295,385.99481201171875,93.8978500366211,921.69091796875
710,1131.695987801728,-99.03623213994825,463.589599609375,100.90003967285156,902.242919921875
711,1145.2923490648848,-122.57400398463729,446.279541015625,101.84737396240234,920.7156372070312
712,1159.1876208377319,-146.38727800980394,428.0025329589844,105.57372283935547,938.7828369140625
713,1271.4373038418423,-52.99840307182968,541.6061401367188,148.20091247558594,1008.92822265625
714,1261.9677179516766,-52.4663315217095,539.5128173828125,145.487060546875,1000.2230224609375
715,1255.3841310175155,-71.99988544455546,519.5599975585938,142.63265991210938,1000.1093139648438
716,1245.690440379125,-71.16534774651598,517.7990112304688,139.33897399902344,991.4510498046875
717,1238.875475380635,-91.49524391542697,497.3110656738281,136.4576416015625,991.3339233398438
718,1229.0067627123367,-90.43051424348252,495.822021484375,132.70570373535156,982.6924438476562
719,1232.1675171440043,-112.55572093556873,476.15576171875,134.51527404785156,991.017578125
720,1212.2670372125942,-110.08246845288193,473.6523132324219,126.2429428100586,973.8690185546875
721,1199.488876570261,-152.69130801421957,431.3480529785156,122.49097442626953,973.5750122070312
722,1179.3279734957002,-149.52539903158058,429.68280029296875,113.6113510131836,956.3331298828125
723,1167.672621847092,-192.20459124044248,387.6614685058594,110.4533462524414,956.3314208984375
724,1219.454419166476,-155.8421383676319,432.9763488769531,132.06723022460938,990.3203125
725,1251.6203259081142,-114.94061400020063,478.5807189941406,143.2936248779297,1007.5240478515625
726,1270.4765165398933,-117.2573420551373,480.8905334472656,152.35337829589844,1023.3046875
727,1258.2261256553668,-93.49987286029683,500.22137451171875,144.33050537109375,1008.1200561523438
728,1276.9477652640057,-95.39744754204924,503.0022277832031,152.52272033691406,1024.17578125
729,1264.9231307775133,-72.77210052396131,521.2938842773438,146.04205322265625,1008.5947875976562
730,1187.1360177555705,-241.86169684503957,345.3373107910156,124.53864288330078,981.5615844726562
731,1216.298363856432,-248.56532449310944,345.3323669433594,141.01553344726562,1005.4701538085938
732,1288.5958865903037,-119.5166992591041,483.0486145019531,161.44277954101562,1038.319580078125
733,1301.2598236083504,-75.38483564871747,527.8045043945312,160.3602294921875,1040.637939453125
734,1283.4515408643736,-74.15884812400458,524.6495971679688,153.1148681640625,1025.0089111328125
735,1274.4742790210958,73.22942003085542,613.9826049804688,237.3052520751953,964.890380859375
736,1300.7544210381761,73.66579058899283,624.5193481445312,245.00497436523438,990.8651733398438
737,1355.9091165402942,56.54611168516089,634.8246459960938,240.96275329589844,1054.6253662109375
738,1363.630321969781,35.78445780501011,628.6857299804688,222.1674041748047,1068.4583740234375
739,1343.6332594135833,13.313156313762878,614.3809814453125,197.03919982910156,1054.711181640625
740,1340.5445371930712,23.949597931315278,617.9163208007812,206.21890258789062,1048.349853515625
741,1310.890360327286,22.58423328419816,608.1658325195312,198.70045471191406,1019.3204345703125
742,1308.7884135975796,32.99477378257224,611.7391357421875,207.83676147460938,1013.6903076171875
743,1278.0692608630422,32.34566143755602,601.0010375976562,200.08941650390625,983.9641723632812
744,1276.2168409543133,52.95115676874717,608.0470581054688,218.51220703125,974.5006713867188
745,1245.831788352241,54.28325717795679,596.9124145507812,211.80667114257812,945.4359130859375
746,1246.3386877895575,74.70306693793495,602.6238403320312,230.71766662597656,937.9380493164062
747,1216.5189150810477,78.90677358616655,590.9651489257812,226.14010620117188,910.0813598632812
748,1175.6214985672043,44.96532765698382,567.2647094726562,186.64486694335938,888.0333251953125
749,1210.8115194222892,37.7973849123776,578.1351928710938,188.8171844482422,920.462890625
750,1244.929497993221,23.307551966586875,585.3543701171875,184.4999542236328,956.305908203125
751,1279.8157010837467,11.558738378591084,592.7855834960938,182.20420837402344,993.165771484375
752,1313.7181927772824,6.7350749632770786,601.7314453125,185.3583526611328,1027.5299072265625
753,1345.82001899434,2.277602385966374,608.6737670898438,188.57730102539062,1060.5552978515625
754,1344.8287937977793,-35.51769587018037,576.3992919921875,171.97494506835938,1071.7880859375
755,1345.315103544186,-32.64721724104202,579.2891235351562,172.4632568359375,1071.47998046875
756,1329.503955317716,-32.9302862305874,575.4751586914062,167.4116668701172,1056.76025390625
757,1329.9415088524509,-30.081231975305638,578.263427734375,168.1941375732422,1056.294677734375
758,1313.2789609172926,-30.393245565384493,573.8753662109375,163.35032653808594,1040.651123046875
759,1313.6761515543578,-27.5428690127516,576.5429077148438,164.42514038085938,1040.048583984375
760,1296.226923731688,-27.66226343709899,571.671875,159.88299560546875,1023.6027221679688
761,1331.161879895559,-9.565419870273574,596.1052856445312,177.49351501464844,1050.427001953125
762,1330.8973477657823,-3.7898400940795893,600.2800903320312,181.07281494140625,1048.11865234375
763,1314.7712028885167,-10.037417229658587,591.1277465820312,173.5105438232422,1034.7037353515625
764,1295.8045363525314,-30.49106280281526,569.1027221679688,158.6810760498047,1024.217041015625
765,1295.322318518724,-33.263372120903625,566.5066528320312,157.62550354003906,1024.737060546875
766,1312.821849583089,-33.198337710905015,571.1781616210938,162.4266815185547,1041.1529541015625
767,1312.3087701750344,-35.959456963962644,568.46142578125,161.65122985839844,1041.5552978515625
768,1329.0092351714318,-35.7455862108407,572.6654663085938,166.77774047851562,1057.1234130859375
769,1328.4619650378295,-38.52951623005683,569.8436889648438,166.28887939453125,1057.38623046875
770,1344.2913898052752,-38.36773804543458,573.4961547851562,171.62730407714844,1071.9967041015625
771,1343.7070447992794,-41.200578574464146,570.5885009765625,171.41705322265625,1072.1080322265625
772,1345.744567215442,-29.755956540425927,582.15625,173.09539794921875,1071.0704345703125
773,1330.3172459757777,-27.19684239007422,581.0198364257812,169.1280059814453,1055.7252197265625
774,1314.0095019002817,-24.645651438676158,579.1701049804688,165.65371704101562,1039.3441162109375
775,1354.212536768494,-20.786651820296065,592.3419189453125,178.0664520263672,1076.3614501953125
776,1354.4647748611264,-14.860137257522936,597.6431884765625,180.42381286621094,1074.723876953125
777,1346.647376660108,-20.94610879181933,590.5133056640625,175.88067626953125,1069.216552734375
778,1346.9025234525666,-15.04266970116328,595.7365112304688,178.40451049804688,1067.512451171875
779,1330.8644565636503,-21.31924896666493,586.3909301757812,171.4569854736328,1054.2716064453125
780,1331.1466252010334,-15.415976915701089,591.4528198242188,174.27569580078125,1052.485595703125
781,1314.2755218771795,-21.70617589647128,581.7437744140625,167.0339813232422,1038.5399169921875
782,1296.882557361331,-21.834800447930697,576.6865844726562,162.7307891845703,1022.0912475585938
783,1278.1059211026463,-27.499839373149626,566.51904296875,155.64439392089844,1006.4461059570312
784,1352.8689522300565,-32.544956453797425,580.9810791015625,174.98854064941406,1078.471435546875
785,1353.6717313122053,-26.698450541740755,586.75048828125,176.2384796142578,1077.6220703125
786,1346.1136376194488,-26.841526613850732,584.9902954101562,173.8744354248047,1070.557373046875
787,1346.4154795828883,-23.904894498900223,587.7802734375,174.80291748046875,1069.939208984375
788,1330.6262555613466,-24.275490436315568,583.7333984375,170.216064453125,1055.0504150390625
789,1374.5132036341865,3.0264047607175035,616.2959594726562,195.06626892089844,1088.406005859375
790,1373.9326359014817,5.9172670612759175,618.1051025390625,196.99737548828125,1086.9820556640625
791,1360.5594434233624,2.7334027638826357,612.8318481445312,191.95155334472656,1074.8741455078125
792,1359.425748886715,8.388481000612902,616.1146240234375,195.9990692138672,1071.9678955078125
793,1344.8681049681754,7.856087130435354,611.845947265625,192.67965698242188,1057.7264404296875
794,1312.9284961251824,12.09153310346442,604.2733764648438,189.687744140625,1024.8743896484375
795,1278.982585079171,21.97302715541539,597.0816650390625,191.0607147216797,988.6112670898438
796,1245.2723928321477,33.657540766464784,589.5908203125,193.42727661132812,952.75146484375
797,1213.7812959657376,58.40432322062813,585.581298828125,207.1427001953125,915.3626708984375
798,1361.8143662657906,-14.762610875485557,599.3739013671875,182.40455627441406,1081.711669921875
799,1368.8923300434246,-8.784535760322191,606.0049438476562,186.8828887939453,1086.603271484375
800,1368.9411385900685,-14.715894382426953,600.9143676757812,184.3452606201172,1088.45458984375
801,1375.4710898613027,-20.711699698886626,596.7252807617188,184.49920654296875,1096.2357177734375
802,1368.040063363258,-26.60647724557761,589.7504272460938,180.92547607421875,1090.9520263671875
803,1361.341932199892,-3.0299253641748103,608.8902587890625,188.29917907714844,1077.4937744140625
804,1368.4640577410198,-2.888898565083838,610.6226196289062,189.95826721191406,1084.3604736328125
805,1375.375936768224,-2.836846196580016,612.1594848632812,191.5784454345703,1090.9813232421875
806,1351.8488035592966,-38.32877790122745,575.1187133789062,174.29702758789062,1078.9222412109375
807,1357.9194380537851,-44.16538426240777,570.6417846679688,176.92506408691406,1085.5767822265625
808,1360.164177616022,-32.502725951185376,582.51171875,177.50637817382812,1085.1917724609375
809,1367.189602112426,-32.535722022767615,583.8673706054688,180.01657104492188,1091.617431640625
810,1359.1301924824297,-38.3490179288567,576.5882568359375,176.95973205566406,1085.569091796875
811,1366.137325343544,-38.44349612157731,577.8920288085938,179.61526489257812,1091.9130859375
812,1368.7953776877516,-56.51697048961787,561.0030517578125,184.0742950439453,1096.6612548828125
813,1370.231095296646,-50.56071257844831,566.960205078125,183.1237030029297,1097.340576171875
814,1356.5694732868617,-49.950033454922284,564.7322387695312,177.3766632080078,1085.2333984375
815,1343.0836745272134,-44.018991945359154,567.6842041015625,171.34056091308594,1072.1246337890625
816,1327.8666855268596,-41.284545686560286,567.0185546875,165.94158935546875,1057.551025390625
817,1311.7439344368,-38.67908736663781,565.7339477539062,161.0206298828125,1041.860107421875
818,1294.7859581593948,-35.98070644652066,563.8929443359375,156.71356201171875,1025.16357421875
819,1277.1040250056426,-33.01794421516009,561.5687255859375,153.151123046875,1007.574462890625
820,1327.232251803002,-44.0127083524967,564.19775390625,165.73208618164062,1057.6204833984375
821,1325.8442288339816,-49.40364858279043,558.5975952148438,165.71038818359375,1057.4837646484375
822,1341.7250017999309,-49.6141264451361,561.9147338867188,171.57420349121094,1071.884033203125
823,1355.1237328853317,-55.727525133498645,558.8857421875,178.19140625,1084.6280517578125
824,1362.8533435915742,-80.41018915035855,537.1792602539062,187.72682189941406,1094.0535888671875
825,1374.8166686683148,-26.6832412492715,590.962158203125,183.2789764404297,1097.1519775390625
826,1373.9213920103414,-32.66151891478145,585.0346069335938,182.55123901367188,1097.7054443359375
827,1372.8351078164826,-38.63258766861136,579.01708984375,182.29676818847656,1097.9110107421875
828,1378.5670911868572,57.884721060853465,639.7208251953125,247.13108825683594,1078.49755859375
829,1367.489048406845,57.21535016951226,637.6043090820312,244.08612060546875,1066.7740478515625
830,1387.2823617652311,37.224031279033426,633.635498046875,228.16648864746094,1092.61083984375
831,1375.784329292551,36.45916236244199,631.5198364257812,225.19203186035156,1080.8319091796875
832,1391.962579246668,26.612563936198505,630.6474609375,218.6581268310547,1099.68359375
833,1352.2940474567274,97.05734490241849,650.1963500976562,281.7514343261719,1038.7197265625
834,1402.7060507528233,16.168536860118895,628.1223754882812,210.7001953125,1112.3572998046875
835,1396.7448849567568,15.57929581116097,627.40185546875,209.2046356201172,1106.715087890625
836,1400.1247596108433,21.72433203567989,629.901611328125,215.39288330078125,1108.878662109375
837,1380.1431476649195,25.81283946978464,628.5272216796875,215.72142028808594,1087.875
838,1384.4778241979627,14.899935275252687,625.2844848632812,206.30397033691406,1094.8780517578125
839,1394.367173542768,21.17400928872454,629.1661987304688,213.89669799804688,1103.2252197265625
840,1374.9964629455096,0.10856646368828736,614.30908203125,193.2571563720703,1089.7412109375
841,1388.2012949365344,0.2779065068641831,616.8605346679688,196.36463928222656,1102.29638671875
842,1387.6900162385398,3.285303478543547,618.9608764648438,198.0834197998047,1101.008544921875
843,1218.982265086185,99.19293951435634,594.2174682617188,245.53118896484375,904.693359375
844,1382.0911176159054,-2.7394556570997,613.4871215820312,193.1865997314453,1097.3489990234375
845,1375.857652937631,-11.742955231899426,604.8927001953125,187.38194274902344,1094.0889892578125
846,1382.5335737803346,-11.79897843412072,606.0556030273438,189.22755432128906,1100.3165283203125
847,1375.8000611232399,-8.75706163440255,607.435546875,188.6365966796875,1093.158447265625
848,1382.495325488499,-8.774309109851318,608.6500854492188,190.3920135498047,1099.4410400390625
849,1382.3477071435177,-5.753603284301719,611.1331787109375,191.71249389648438,1098.451171875
850,1382.055315947226,-20.859226560745444,597.7711791992188,186.67105102539062,1102.2547607421875
851,1375.6872116731993,-17.724976339123803,599.52294921875,185.3131866455078,1095.6278076171875
852,1380.3780042071953,-32.91084377293833,585.9998168945312,185.14349365234375,1103.447509765625
853,1381.33216185408,-26.871189531889538,591.9629516601562,185.68157958984375,1103.0191650390625
854,1385.4345216456845,12.067073434451949,624.0491333007812,204.0771026611328,1096.5355224609375
855,1407.8221054216406,-3.01823608790436,616.4307250976562,199.9011688232422,1120.40771484375
856,1401.384904657391,-2.83704252600625,616.0773315429688,198.1398162841797,1114.9930419921875
857,1401.6331216654935,-6.1028807360662425,613.5250854492188,196.9133758544922,1115.92236328125
858,1395.0606352143766,-2.7125715587422135,615.4597778320312,196.4470672607422,1109.3489990234375
859,1395.297039812171,-5.87838895588298,612.9781494140625,195.1301727294922,1110.345703125
860,1387.6116558051642,-27.215448269111935,592.73876953125,188.1575469970703,1108.55908203125
861,1388.046902012625,-24.170424103587905,595.6839599609375,188.4766387939453,1108.301513671875
862,1388.4231502887806,-21.132061032907338,598.5855712890625,188.90049743652344,1107.9652099609375
863,1388.7195533063764,-18.082594852500165,601.44482421875,189.47149658203125,1107.519775390625
864,1388.9225624911262,-15.01885313760347,604.2503662109375,190.2052001953125,1106.9542236328125
865,1389.0217911402806,-11.946037006423092,606.986083984375,191.10426330566406,1106.266845703125
866,1389.007799960973,-8.871900432697048,609.6343383789062,192.17015075683594,1105.4569091796875
867,1388.8715940795787,-5.8067918567868695,612.1761474609375,193.4035186767578,1104.52392578125
868,1388.605838587462,-2.76587773805641,614.591796875,194.8027801513672,1103.4696044921875
869,1400.9480480791904,0.3957457523593775,618.4854736328125,199.5579376220703,1113.9237060546875
870,1371.5934023865825,-44.59680748469897,572.9737548828125,182.4949493408203,1097.7838134765625
871,1384.0915776738816,-45.53731498457508,574.5833740234375,188.28001403808594,1108.5770263671875
872,1379.2503898817738,-38.95205935716878,579.9505004882812,185.03811645507812,1103.5548095703125
873,1385.395893166419,-39.430007348512916,580.6795043945312,187.86465454101562,1108.85107421875
874,1386.5823200151171,-33.323117752566105,586.7494506835938,187.8182830810547,1108.849365234375
875,1381.2501910231622,-57.74886277037054,562.479736328125,190.0766143798828,1107.3092041015625
876,1389.9505787128694,-46.285296471209556,575.0870971679688,191.32058715820312,1113.4554443359375
877,1391.3017963240263,-40.11486172813055,581.191162109375,190.80169677734375,1113.8055419921875
878,1392.5644226744903,-33.94150543407078,587.2699584960938,190.60037231445312,1113.9166259765625
879,1393.687592628443,-27.759610221420495,593.2755737304688,190.73089599609375,1113.7769775390625
880,1399.581513626533,-28.567558582063704,593.5592651367188,193.42608642578125,1118.6783447265625
881,1394.1791858002855,-24.669865109672063,596.2340087890625,190.92486572265625,1113.6094970703125
882,1400.1443046002237,-25.426183731068196,596.5269775390625,193.48687744140625,1118.6094970703125
883,1394.612763827313,-21.584947357213903,599.1541748046875,191.2105255126953,1113.372314453125
884,1400.6542193683292,-22.2815872096096,599.4625854492188,193.6246795654297,1118.4815673828125
885,1394.9671940750598,-18.48138049380228,602.0418090820312,191.64599609375,1113.0238037109375
886,1401.085905247917,-19.10678657464388,602.3768920898438,193.91452026367188,1118.24072265625
887,1395.2253688503715,-15.353615815343096,604.8860473632812,192.2523651123047,1112.549072265625
888,1401.4190309393653,-15.894582805155947,605.2596435546875,194.38363647460938,1117.867431640625
889,1395.3738419267293,-12.205902621394355,607.6698608398438,193.0335693359375,1111.945556640625
890,1401.6340816183972,-12.649310873618074,608.0926513671875,195.03724670410156,1117.3583984375
891,1386.300769464605,9.183444700032528,622.5736083984375,201.95333862304688,1098.1180419921875
892,1399.6866433870903,6.646479160691161,622.7561645507812,202.9461212158203,1111.382568359375
893,1405.964755031523,7.083614345962555,623.3355712890625,204.50669860839844,1116.960205078125
894,1412.311842088154,7.435309516202834,623.6560668945312,206.1339874267578,1122.3409423828125
895,1408.6284512685927,16.786454979058412,628.6015014648438,212.24917602539062,1117.823486328125
896,1409.9389569267028,13.810081186513905,627.250244140625,210.0542449951172,1119.443115234375
897,1414.4662129411433,-3.3691462161001304,616.506103515625,201.75100708007812,1125.5986328125
898,1408.0355196991989,-6.477287425068934,613.8031005859375,198.7736053466797,1121.259521484375
899,1401.7113549938815,-9.380361343166044,610.8553466796875,195.8795928955078,1116.7105712890625
900,1395.4005991868237,-9.044960012679761,610.3741455078125,193.9922332763672,1111.21142578125
901,1407.1070529957906,-20.051327545017077,602.4357299804688,196.29971313476562,1123.1754150390625
902,1407.5516720588541,-16.733165078866147,605.3568115234375,196.6212158203125,1122.9144287109375
903,1407.8734227078905,-13.357699581519844,608.2401733398438,197.1370849609375,1122.5106201171875
904,1408.044869000973,-9.932676056954742,611.0638427734375,197.85311889648438,1121.9599609375
905,1414.603002935742,-7.115072372572708,613.798095703125,200.73153686523438,1126.36279296875
906,1414.4771304059448,-10.821639907856815,610.9854125976562,199.93418884277344,1126.96484375
907,1414.1357667842558,-14.457393365052393,608.09814453125,199.35455322265625,1127.40771484375
908,1413.6528183853766,-17.986886370997468,605.1630249023438,198.98703002929688,1127.695556640625
909,1412.3506061022915,-24.78018026018406,599.2415161132812,198.85800170898438,1127.8270263671875
910,1406.567145591453,-23.309486812681815,599.4964599609375,196.16615295410156,1123.298095703125
911,1405.9567830544254,-26.517374286422985,596.5486450195312,196.18638610839844,1123.306640625
912,1424.1287470131597,6.842768171106919,622.4816284179688,208.13958740234375,1131.1900634765625
913,1423.327926940701,8.779004347679734,623.5956420898438,208.94163513183594,1130.6053466796875
914,1419.0107757294334,8.10929305316411,623.7046508789062,207.84693908691406,1127.53125
915,1422.017701186176,11.527165032453913,625.1604614257812,210.25929260253906,1129.640625
916,1417.5663801701137,11.597827596123086,625.716796875,209.67364501953125,1126.1922607421875
917,1419.7851817135604,15.671836293487633,627.4002685546875,212.7084503173828,1127.8367919921875
918,1416.018556971279,14.823774618021954,627.43408203125,211.69149780273438,1124.71435546875
919,1418.3540088971856,17.97024446785016,628.518310546875,214.3394317626953,1126.6297607421875
920,1414.432896200507,17.809045605463652,628.8273315429688,213.86936950683594,1123.1201171875
921,1416.157102975017,21.322301872843905,629.8740234375,217.1003875732422,1124.578369140625
922,1412.847956468484,20.62229551146965,629.8768920898438,216.17196655273438,1121.435302734375
923,1411.300610329707,23.31692171144812,630.6626586914062,218.5447998046875,1119.69921875
924,1406.7666625719908,3.7822501623285505,621.2293701171875,202.77392578125,1118.2532958984375
925,1400.394580559415,3.556614770282435,620.7212524414062,201.16287231445312,1112.7181396484375
926,1387.054399458344,6.255106995000644,620.8715209960938,199.95054626464844,1099.6126708984375
927,1368.4978169570015,128.14324719814965,663.6975708007812,319.2772216796875,1050.3385009765625
928,1368.221630512154,128.67760445692514,663.872802734375,319.8079833984375,1049.9530029296875
929,1407.3946532918362,0.411622568517123,618.916748046875,201.2358856201172,1119.4046630859375
930,1421.542097702109,-4.042403055970631,616.2899169921875,203.7096405029297,1130.5718994140625
931,1417.3318184980749,-15.196991043928406,607.9140625,200.51429748535156,1129.762451171875
932,1413.0416465453977,-21.42819139770884,602.2039794921875,198.82427978515625,1127.8333740234375
933,1415.9604633249978,-22.32970856429987,601.974609375,200.14596557617188,1130.0601806640625
934,1416.6942541114126,-18.822961141750238,604.95263671875,200.22520446777344,1129.9879150390625
935,1419.7025793695416,-19.830901996882645,604.6641235351562,201.5037078857422,1132.216064453125
936,1420.4649075969337,-16.117363652807924,607.6522827148438,201.71160888671875,1132.055419921875
937,1423.5905762328232,-17.2422265344673,607.3109130859375,202.94915771484375,1134.2874755859375
938,1424.4082597664326,-13.30689209256087,610.2989501953125,203.30355834960938,1134.026611328125
939,1417.8985501225613,-26.811149309363156,598.6834106445312,201.72377014160156,1132.0738525390625
940,1416.084079173585,-33.317337168126365,592.7514038085938,202.4842071533203,1131.53515625
941,1418.8530201686915,-34.672689689482354,592.3055419921875,204.3552703857422,1133.615966796875
942,1414.4006115355705,-39.625377315865684,586.78955078125,203.3019256591797,1130.95068359375
943,1416.041076679115,-44.64963052157412,582.6808471679688,205.8404541015625,1132.4144287109375
944,1408.1995976391943,-64.25523730538225,562.8212890625,206.98028564453125,1128.2880859375
945,1408.333131720653,-75.11443336156051,552.9598388671875,210.48460388183594,1129.01904296875
946,1410.8240358559726,-31.278322803072648,593.3112182617188,199.27857971191406,1127.552001953125
947,1415.1603122062531,-25.723314690836105,599.0012817382812,200.26776123046875,1129.9853515625
948,1418.8319983714973,-23.398371414631903,601.667236328125,201.51104736328125,1132.2198486328125
949,1422.6818191403038,-21.035323257663208,604.2957763671875,202.82553100585938,1134.38037109375
950,1405.3011363126018,-29.713950399477273,593.5758666992188,196.2672882080078,1123.268310546875
951,1398.3413529054699,-34.825674955694105,587.5477294921875,193.51499938964844,1118.65478515625
952,1403.923844371924,-36.042834549496234,587.5693359375,196.5868377685547,1123.069580078125
953,1396.9883225294193,-41.04460508854766,581.4725341796875,193.87489318847656,1118.4246826171875
954,1400.9966137926608,-48.51777759287467,575.4317626953125,197.82635498046875,1122.2109375
955,1395.5788152998384,-47.265135758086416,575.3739013671875,194.4941864013672,1117.997802734375
956,1392.648453043666,-59.66120719379101,563.2323608398438,196.41114807128906,1116.6309814453125
957,1409.2722660181705,-37.628096797634655,587.3211059570312,199.84078979492188,1127.166259765625
958,1406.231859667038,-50.058990928069996,575.24853515625,201.34251403808594,1126.1016845703125
959,1403.1820766910712,-62.46874085743174,563.1775512695312,203.2810516357422,1124.7001953125
960,1397.0701696734639,-86.97363774895376,539.0691528320312,207.09420776367188,1121.941162109375
961,1399.0282794201657,-111.8338659440039,516.4476318359375,215.4590301513672,1125.4822998046875
962,1322.0147959890614,-123.98932393821912,486.76239013671875,178.73818969726562,1065.9364013671875
963,1350.6984384445175,-128.26948708861187,489.4273681640625,193.7045440673828,1089.7850341796875
964,1375.2676096548792,-82.09432552730239,538.402099609375,194.01492309570312,1104.5167236328125
965,1338.6445333325812,-176.22071382914064,441.5068054199219,197.9197540283203,1086.74267578125
966,1363.040708642433,-130.44224029473008,490.2743225097656,200.41709899902344,1099.9742431640625
967,1386.6020766399515,-84.22954313381246,539.052734375,200.40589904785156,1113.7752685546875
968,1425.055111710971,-13.539339463048032,610.2301635742188,203.53353881835938,1134.4659423828125
969,1424.6996087374944,-15.155041483148365,609.0244140625,203.36260986328125,1134.5777587890625
970,1318.9632313419934,-43.99793866158585,562.2864990234375,162.9418182373047,1050.013916015625
971,1317.5593482603847,-49.29222175050372,556.77978515625,162.77999877929688,1049.92919921875
972,1324.3529316912104,-54.75625427954153,553.0624389648438,166.08778381347656,1057.0709228515625
973,1318.2265123616255,-76.57129435641106,530.6968383789062,167.5825958251953,1055.441162109375
974,1305.8168303594562,-121.77737175450686,485.0181884765625,170.31117248535156,1052.5445556640625
975,1309.9984183154213,-170.92730427695292,439.8001403808594,181.84405517578125,1063.4317626953125
976,1258.0508792013727,-162.04773160589778,436.0347595214844,152.4297637939453,1021.8287353515625
977,1276.33348969052,-165.09636751861038,437.4213562011719,162.667724609375,1036.4764404296875
978,1298.2810102919468,-218.06201477759512,392.615234375,183.69932556152344,1061.94189453125
979,977.5452707033431,166.62130096407935,531.3727416992188,233.0436553955078,706.3667602539062
980,987.5445411470434,189.13592574784812,531.554443359375,251.81607055664062,707.9248046875
981,962.615827485044,168.23977642512418,531.10400390625,230.5099639892578,695.4708251953125
982,971.671466580255,190.7733553226623,531.5953369140625,249.07305908203125,696.3394775390625
983,955.8463044969576,40.81411002737968,501.2442626953125,141.81076049804688,721.2927856445312
984,930.3785463465317,44.91696685290716,498.6112060546875,139.48617553710938,701.672119140625
985,907.8085197072838,46.61127437373017,496.6202087402344,135.5594940185547,684.7999877929688
986,978.7821995502328,16.958824760447172,496.0743713378906,130.88230895996094,744.139892578125
987,951.4176385712354,25.484618869265272,493.8896484375,131.71926879882812,721.7008056640625
988,926.2744615834513,30.983123034589962,491.8864440917969,130.449951171875,701.8619995117188
989,903.6922174417426,33.024072997784636,489.88958740234375,126.84181213378906,684.7999877929688
990,1001.0405631011649,-21.95227994044683,482.4452209472656,111.02433013916016,771.1085205078125
991,971.0215850276168,-12.041780480504842,480.0882568359375,112.86587524414062,745.514892578125
992,943.5924467792727,-3.0552352685393895,478.49652099609375,114.22413635253906,722.6177368164062
993,918.7715428084606,4.5003549535400795,477.65606689453125,114.40158081054688,702.3110961914062
994,896.99184382516,10.392967631084087,477.5696716308594,113.24061584472656,684.800048828125
995,1043.567966358521,93.49220870038882,535.82568359375,195.0128936767578,771.6405029296875
996,1014.1837035471744,105.91611645069622,531.077880859375,197.7156982421875,747.26123046875
997,1119.691055675864,98.04526322681248,557.544921875,216.33816528320312,826.6181030273438
998,1088.8597134574516,111.69913847680922,549.2791748046875,219.39166259765625,799.8082275390625
999,1093.6676418786503,122.38802746020836,550.4735107421875,228.99526977539062,800.5275268554688
1000,1064.2572314329727,136.56577927584954,543.2431640625,232.3396453857422,775.4476318359375
1001,1221.3602888499593,119.25644304754506,595.31201171875,265.0227966308594,899.2501831054688
1002,1207.8343323184681,122.94579830826794,588.5244140625,263.7882995605469,887.3489990234375
1003,1204.623150460865,102.60696847609636,588.035400390625,244.20770263671875,891.68115234375
1004,1190.1302450091391,106.81170413553696,581.9778442382812,243.4795684814453,878.6300659179688
1005,1185.6421021283493,86.2068694483609,579.5323486328125,223.96923828125,881.8580932617188
1006,1169.9802369645065,90.9048207233126,574.0608520507812,223.7643280029297,867.8352661132812
1007,1151.289961920392,85.84844607425079,566.9640502929688,214.4532012939453,854.59619140625
1008,1154.5880385803657,96.32727105418797,568.8069458007812,224.0733642578125,853.9512329101562
1009,1175.5328564145307,111.7228075955279,576.1111450195312,243.3163299560547,865.6083984375
1010,1194.3710966052354,127.4827053469896,581.8985595703125,263.1392517089844,875.37744140625
1011,1133.6189578918468,34.23098663738585,548.1425170898438,169.5633544921875,857.8209228515625
1012,1140.8472289778726,54.847890156874804,557.519775390625,186.7295684814453,856.5081176757812
1013,1107.0109372423415,66.75649006140046,549.0287475585938,188.59376525878906,826.402587890625
1014,1111.2578661714917,77.15753486451925,552.5205688476562,197.61834716796875,826.4286499023438
1015,1079.2492054799588,90.5317849545862,544.9327392578125,200.67652893066406,798.5386352539062
1016,1084.043597136326,101.08982448421592,547.4291381835938,209.9419708251953,799.1387939453125
1017,1053.7345333039052,114.94146666147759,540.7586059570312,213.34519958496094,773.3341064453125
1018,1335.5556161099053,158.1154778555108,640.24365234375,350.1216125488281,1008.7413330078125
1019,1339.4368057087465,158.75623503501947,640.4111328125,351.1497497558594,1015.2207641601562
1020,1343.1230086938995,159.4218221314755,640.3287353515625,352.1390075683594,1021.8436889648438
1021,1145.0252418712635,8.663573394287816,541.3458251953125,153.45233154296875,876.0315551757812
1022,1090.7198375787852,26.07080668826319,530.1558227539062,155.85629272460938,826.9300537109375
1023,1082.834207457639,7.319515866944722,519.7979125976562,141.67543029785156,826.7394409179688
1024,1100.7071539343958,0.6955470731797426,522.3528442382812,140.42234802246094,843.0841064453125
1025,1069.9065417015004,69.45076636210199,538.0457763671875,182.8410186767578,797.7006225585938
1026,1098.6319446634552,45.976948950041375,540.2069091796875,171.3890380859375,826.6140747070312
1027,1126.4062142350206,13.985707176950926,537.1853637695312,153.87109375,859.0827026367188
1028,1119.240475685576,-5.61632302646412,525.2756958007812,139.5274200439453,860.0848999023438
1029,1164.9511393849073,-61.39491248097212,503.66217041015625,118.99272155761719,918.2262573242188
1030,1148.0854229574823,-47.73017103968624,508.9325256347656,120.87358093261719,898.924072265625
1031,1151.415821644511,-37.43354447161063,517.1325073242188,126.47274017333984,897.9944458007812
1032,1131.6054421700665,-32.87689871393133,513.8088989257812,125.24687957763672,879.7486572265625
1033,1134.983061402419,-21.999907048534208,521.4889526367188,132.06106567382812,878.6773681640625
1034,1128.2546395346553,-43.66199933193393,505.7411193847656,118.9586181640625,880.7626953125
1035,1124.9348829387648,-54.30551253573619,497.3589782714844,113.28302764892578,881.6981201171875
1036,1144.7443738816507,-58.009995463126515,500.39862060546875,115.78563690185547,899.7689819335938
1037,1141.4148088691525,-68.2755135302488,491.5631408691406,111.22822570800781,900.5260620117188
1038,1161.5663345029866,-71.45406965149866,494.6207275390625,114.98832702636719,918.8565063476562
1039,1158.1950884871471,-81.57539829086228,485.3128967285156,111.4638900756836,919.39013671875
1040,1178.5073653551908,-84.39825162875721,488.2718811035156,116.53570556640625,937.7301025390625
1041,1175.1194688722187,-94.55493703530867,478.50921630859375,113.97117614746094,938.02978515625
1042,1181.9428310016456,-106.1786235839765,469.8302307128906,115.15359497070312,947.25732421875
1043,1138.3262150697694,-11.484152361010473,528.6112060546875,139.06710815429688,877.7035522460938
1044,1154.7133861985171,-27.123735352668124,524.9666748046875,132.5610809326172,896.9839477539062
1045,1171.6386928811016,-41.50337135268628,520.8006591796875,128.32521057128906,916.689208984375
1046,1181.8431227840224,-43.330870319569456,522.7434692382812,129.50950622558594,926.1372680664062
1047,1192.0815085705472,-45.01823923626657,524.7446899414062,130.8751983642578,935.610595703125
1048,1202.2965787858825,-46.551479315485196,526.7938842773438,132.42608642578125,945.0781860351562
1049,1212.4759854743284,-47.9057200941562,528.8806762695312,134.1637725830078,954.5104370117188
1050,902.5555182331478,-66.89076920108042,431.3832702636719,80.75992584228516,705.5055541992188
1051,878.2011270193772,-57.43778450860907,433.5016784667969,80.53717041015625,684.7999877929688
1052,877.0237656101948,-61.96173883072623,430.2472229003906,78.83724212646484,684.7999877929688
1053,912.6104968488562,-20.201786678253647,462.8601379394531,101.09866333007812,703.1759643554688
1054,933.0007581634712,-52.89357069046381,446.90087890625,89.27593994140625,726.0315551757812
1055,937.6811780133816,-28.797038842331112,462.8887023925781,100.38011932373047,724.12646484375
1056,960.8355523075008,-61.84584525912443,447.5213623046875,88.06181335449219,749.7971801757812
1057,965.2933173229259,-37.89740538174529,463.9599609375,98.92842864990234,747.4736328125
1058,986.7235901751976,-92.59856904870597,432.0723571777344,78.94168090820312,778.0713500976562
1059,956.9113188986397,-84.49795890173553,430.8215637207031,79.5000228881836,752.058349609375
1060,928.8624526555399,-75.88935907040144,430.5429382324219,80.32767486572266,727.9299926757812
1061,851.8677221710426,-170.66501025589116,345.35711669921875,58.42997360229492,684.800048828125
1062,881.9392968921676,-176.84901052092195,345.35662841796875,60.10423278808594,709.86328125
1063,856.6057146427513,-147.96795851766973,363.6860656738281,59.335933685302734,684.800048828125
1064,885.7256660568793,-155.1687273206518,362.9994201660156,60.91210174560547,709.2470703125
1065,859.5772938432818,-134.3635216399744,374.60968017578125,60.7410774230957,684.7999877929688
1066,976.06290438947,-154.95348275269998,380.1894836425781,64.31330108642578,783.56884765625
1067,946.4621900066629,-148.3620977066301,379.77288818359375,63.90950012207031,757.5560302734375
1068,914.6204454093499,-162.0627978245989,362.6551818847656,61.54627990722656,733.80029296875
1069,917.9166965984107,-141.10276756066642,379.84918212890625,63.841243743896484,732.6541748046875
1070,889.6393378033799,-133.47250127789155,380.5063171386719,63.36908721923828,708.49560546875
1071,861.6118431847617,-125.2989426088475,381.8379211425781,62.034053802490234,684.800048828125
1072,1014.20204060582,-121.07853873775058,416.5105895996094,73.61617279052734,808.0704956054688
1073,982.9546776712307,-113.97805645715795,414.8399353027344,72.54573059082031,780.1721801757812
1074,953.2733033695577,-106.36669224905202,413.9090576171875,72.69457244873047,754.1343383789062
1075,925.0108760825568,-98.16395071535631,413.8473205566406,73.16387176513672,729.6925659179688
1076,898.0194514998019,-89.40869562022387,414.7980041503906,73.26850128173828,706.6080322265625
1077,872.4140454488094,-80.05238526057097,416.9146423339844,72.68594360351562,684.800048828125
1078,1065.3743451818182,-53.15303166177891,481.2523193359375,103.2271499633789,831.6138305664062
1079,1033.5589666154747,-31.936457256217277,485.60919189453125,109.62205505371094,799.4742431640625
1080,1030.5151259096515,-44.19957387290876,477.3314514160156,102.74070739746094,800.5704956054688
1081,998.0159626248306,-34.81995412589012,474.26513671875,103.77428436279297,772.1519775390625
1082,1052.012781269836,-107.04162464795824,436.97967529296875,82.17478942871094,836.4396362304688
1083,1057.020229851364,-86.04386369306961,455.012939453125,88.86479187011719,834.6831665039062
1084,1039.6429332105236,-82.41094245084177,453.2563781738281,87.63441467285156,819.0771484375
1085,1042.15087838625,-71.50340250457312,462.03692626953125,91.92193603515625,818.0108642578125
1086,1025.2269723744537,-67.48958207124,460.35150146484375,91.4716796875,802.904052734375
1087,1027.7573579003208,-56.04008322951503,468.9100036621094,96.71400451660156,801.7283325195312
1088,995.3595360987572,-47.12924753013072,465.9876403808594,97.40896606445312,773.3121337890625
1089,953.8034405746731,145.7226645406424,528.7606201171875,212.17091369628906,694.6994018554688
1090,945.356173802938,123.20816163825407,524.5951538085938,194.2038116455078,694.1032104492188
1091,967.866608558611,144.19707736447697,529.2620849609375,214.54055786132812,704.979248046875
1092,958.6926951578861,121.76163168472371,525.2573852539062,196.43894958496094,703.898681640625
1093,986.0669872753853,115.7536277690578,527.5449829101562,198.53033447265625,724.7822265625
1094,977.1163149571556,93.3945360530373,521.5183715820312,180.9240264892578,723.9342041015625
1095,1004.9007438850056,83.94108988331615,524.53515625,180.16529846191406,746.2841186523438
1096,996.7711391559145,63.562142055531545,517.034912109375,164.5465087890625,745.6719970703125
1097,1025.9570826012646,51.948458358619106,520.3577880859375,162.10415649414062,770.2129516601562
1098,1017.1850937531291,34.17629102753345,512.3338623046875,148.2341766357422,768.4388427734375
1099,1048.822796220707,20.943547995605424,515.6092529296875,144.8810272216797,796.1416625976562
1100,1044.6902700205262,8.835060330992393,509.4271240234375,136.10328674316406,796.4550170898438
1101,1079.0269314885948,-4.130371183506931,513.3448486328125,133.48333740234375,827.3219604492188
1102,1075.3439667398966,-16.98882784108895,505.7810974121094,124.73763275146484,828.414794921875
1103,1090.0736459830994,-34.525114663360064,500.1901550292969,116.90587615966797,846.0005493164062
1104,1105.5951448362268,-50.31038478526532,494.5532531738281,111.43561553955078,864.1029052734375
1105,1121.6666042223605,-64.84008680368323,488.6871337890625,108.2175064086914,882.5623779296875
1106,1138.1177427914247,-78.53095771799808,482.4599304199219,107.21826171875,901.1924438476562
1107,1154.866080263542,-91.75389771306472,475.7740478515625,108.44280242919922,919.8285522460938
1108,1171.8009175734708,-104.8419368702481,468.5567932128906,111.86482238769531,938.2450561523438
1109,1192.084279454302,-107.51229883789101,471.1070556640625,118.65310668945312,956.2162475585938
1110,1087.7052978999932,-113.43390681917579,440.3818359375,87.5601806640625,868.7977905273438
1111,1093.3263577635173,-92.81078399567063,459.02239990234375,93.34974670410156,867.5123901367188
1112,1074.892277538635,-89.50521489725409,456.9400939941406,90.7488784790039,850.8395385742188
1113,1077.6968327823365,-78.94688760959512,465.9786376953125,94.55162811279297,849.9798583984375
1114,1059.667343083284,-75.3245713174119,463.9167785644531,92.92263793945312,833.7125854492188
1115,1062.436710321655,-64.36996564373742,472.6744079589844,97.70420837402344,832.6781616210938
1116,1044.7687066277697,-60.30528254252954,470.6906433105469,96.95032501220703,816.8955688476562
1117,1082.3578871275854,-133.9352241530164,421.5679016113281,82.86753845214844,869.8963012695312
1118,930.8512182530636,119.07944688022324,523.1659545898438,187.69708251953125,684.800048828125
1119,924.9292138012827,100.96299444418544,518.0880126953125,173.9199981689453,684.7999877929688
1120,950.368410671589,99.1819907947477,519.3984375,178.9147186279297,703.3929443359375
1121,942.7986612461807,77.50031072512859,512.2047729492188,162.74168395996094,703.1043090820312
1122,969.2301283614119,72.44994310881091,514.3955688476562,165.06690979003906,723.41943359375
1123,960.4021941132311,53.761941887640155,506.9698486328125,150.8738555908203,721.5120849609375
1124,987.8163206297976,45.62134145174713,509.58038330078125,150.63186645507812,743.6192016601562
1125,983.2235596559597,32.62362544676646,503.71771240234375,141.36854553222656,743.5023803710938
1126,1012.7661800070732,21.508820967315742,506.3336486816406,139.08480834960938,768.5101928710938
1127,1008.5110752101616,6.330078122082664,498.6333312988281,128.75828552246094,769.3521728515625
1128,1040.7199069802673,-5.331490441285295,501.7904968261719,126.3875503540039,797.454345703125
1129,1036.968328958498,-19.06705904281418,493.75067138671875,117.45318603515625,798.4613037109375
1130,1071.7964859115148,-29.5669031621613,497.8053894042969,116.67040252685547,829.4989624023438
1131,1068.4691538449283,-41.56529845722792,489.63226318359375,109.53089141845703,830.5489501953125
1132,1086.7614291806449,-46.05282954011893,491.9786682128906,110.20096588134766,847.0368041992188
1133,1083.6097909519483,-57.25957989928449,483.5273132324219,104.26143646240234,848.0550537109375
1134,1102.3874364900096,-61.163657929584076,486.00701904296875,105.90911102294922,865.05419921875
1135,1099.2775036131457,-71.84578944008052,477.21624755859375,101.05703735351562,865.9496459960938
1136,1118.4592991414063,-75.28671281894765,479.7552795410156,103.76471710205078,883.3499145507812
1137,1115.32016167153,-85.66316847194015,470.5955505371094,99.9293441772461,884.0526733398438
1138,1134.8724613798659,-88.78219026168189,473.12347412109375,103.77134704589844,901.7655029296875
1139,1151.6050003940654,-101.99028980104022,466.03857421875,105.94149017333984,920.1746826171875
1140,1165.374256098465,-125.51112446820261,448.3731689453125,108.42992401123047,938.5509033203125
1141,1047.2565696231873,-127.67111795243169,418.79705810546875,76.81035614013672,837.9820556640625
1142,1077.3135538401307,-154.28299282153108,402.6261291503906,79.25042724609375,870.7971801757812
1143,1042.780701169052,-147.97170115874596,400.5194091796875,72.71514892578125,839.2879638671875
1144,1010.2711678004185,-141.5186011197332,398.7839660644531,69.12152099609375,809.7136840820312
1145,979.4184449984732,-134.7242389740699,397.53369140625,67.7016830444336,782.0161743164062
1146,949.8275864177225,-127.59383717416759,396.8767395019531,67.53079986572266,755.9791870117188
1147,921.3814014497242,-119.85504429329008,396.9253845214844,67.69468688964844,731.2782592773438
1148,893.7298213818715,-111.56916440442532,397.8022155761719,67.4810562133789,707.6117553710938
1149,867.9668229772554,-98.14670574149602,403.14056396484375,67.59980010986328,684.7999877929688
1150,1072.5299423204165,-174.49310637213117,383.59234619140625,76.69036102294922,871.4917602539062
1151,1038.546867670684,-168.02227053700463,382.1795654296875,69.84078979492188,840.3391723632812
1152,1006.539718585936,-161.58726114804452,381.0178527832031,65.97811889648438,811.0723876953125
1153,1108.8989938698483,-181.2307990879962,385.1705322265625,87.14701843261719,904.5307006835938
1154,1114.1603379858398,-160.64047458631896,404.9852600097656,89.30712890625,904.17138671875
1155,1100.7274128038223,-137.0336732356847,423.09197998046875,87.14185333251953,886.563232421875
1156,1106.3559716434834,-116.53973555763922,442.2599792480469,91.4437484741211,885.6956176757812
1157,1112.2559507773628,-95.98309785869705,461.24420166015625,96.71829223632812,884.6616821289062
1158,1096.2585236690804,-82.38836216877326,468.2093811035156,96.87068939208984,866.7745971679688
1159,1080.594978382581,-68.207268781243,474.8526916503906,99.05292510986328,849.0433349609375
1160,1103.9718346274458,-201.81062720127707,365.2790832519531,85.84701538085938,904.7468872070312
1161,1068.0285687430803,-194.6426178017022,364.49383544921875,75.17374420166016,871.9746704101562
1162,1034.5259811904364,-187.92355065352314,363.7909851074219,68.15198516845703,841.1246948242188
1163,1002.9516325609491,-181.44280328116474,363.2142639160156,64.13018798828125,812.1296997070312
1164,972.7705756030483,-175.04584419752402,362.80572509765625,62.310516357421875,784.8091430664062
1165,996.1672658812815,137.9455088815443,531.5546875,216.80763244628906,726.4937744140625
1166,1071.0993717360925,474.6594456511327,399.53070068359375,424.39410400390625,684.7999877929688
1167,1099.7937644845733,461.5306500050059,397.23699951171875,422.2025146484375,710.4114379882812
1168,1069.0506791433859,470.4669695380721,403.0339660644531,423.2948913574219,684.7999877929688
1169,1037.7142552243613,402.81564510035014,455.1716003417969,396.7490539550781,684.800048828125
1170,1066.242585310488,383.37521781701133,458.6094055175781,391.6651916503906,712.2744750976562
1171,1074.003406573831,403.1175801791837,444.4966735839844,401.27606201171875,711.8110961914062
1172,1082.1337773440246,422.73113668682146,429.48846435546875,409.6297912597656,711.3448486328125
1173,1053.0524892434698,436.7997417871559,430.14739990234375,412.07366943359375,684.7999877929688
1174,1041.4927385627877,411.34999330312013,449.1461486816406,400.94598388671875,684.7999877929688
1175,1095.6778210879472,373.6757474777909,456.57525634765625,391.17181396484375,737.7131958007812
1176,1115.087887807299,386.14166426775773,442.4518737792969,397.87432861328125,748.8961181640625
1177,1102.4495685509194,392.34011052792334,442.5491638183594,399.6225280761719,737.0296020507812
1178,1133.6869042880908,397.3982061359083,427.8302307128906,402.0713806152344,759.607177734375
1179,1109.6387792827236,410.81035507114154,427.745849609375,407.00762939453125,736.3521118164062
1180,1149.0144934884086,365.83840281658166,445.0190124511719,390.1116638183594,782.1719360351562
1181,1127.0127834776213,379.5818649301249,442.8660888671875,395.58416748046875,760.3178100585938
1182,1120.9509601582904,361.5382773190835,457.2511901855469,388.1795654296875,761.0505981445312
1183,1074.6738144212559,359.65401267751866,470.3092346191406,381.6598205566406,725.8612670898438
1184,1058.7314616230215,363.4940712854043,471.7283630371094,380.8983154296875,712.7322998046875
1185,1068.0606355524183,340.2772582592164,482.4107971191406,370.6286926269531,726.44970703125
1186,988.0384617330187,280.84335515051316,518.0451049804688,317.0435791015625,684.7999877929688
1187,994.8208494957963,298.5390077347677,511.89385986328125,330.3761291503906,684.7999877929688
1188,996.5315878562903,302.95160838087133,510.1939392089844,333.6305847167969,684.7999877929688
1189,981.3488287226327,263.0718389120612,523.13134765625,303.2694396972656,684.7999877929688
1190,999.5329493258091,258.0378686441346,521.98583984375,303.84954833984375,699.01611328125
1191,1018.1464108724364,256.3895747505327,520.7003784179688,307.0656433105469,712.7279052734375
1192,1035.5108328550239,253.62117679245142,520.318603515625,309.3742980957031,725.9192504882812
1193,1025.1692586977535,231.7470267801636,525.9295043945312,291.6374206542969,724.0626220703125
1194,1041.0065085926317,227.95739687279436,526.5673217773438,292.9768981933594,736.4000854492188
1195,1029.5528244212487,205.38474538789467,530.9349365234375,274.0663146972656,733.7444458007812
1196,971.4798497616786,236.29642537750078,528.697021484375,281.9668273925781,684.7999877929688
1197,968.2300586867334,227.3364912356821,529.9900512695312,274.7386169433594,684.7999877929688
1198,990.3724809878855,235.8896098639474,526.9508056640625,286.11065673828125,698.2428588867188
1199,980.9980590242241,213.39110359112723,530.2003173828125,267.7334289550781,697.294677734375
1200,1008.283690768073,234.3853381551901,526.0432739257812,289.3452453613281,711.3374633789062
1201,997.9144865816183,211.8526649174812,529.7522583007812,270.76495361328125,709.6358642578125
1202,1014.1130712359701,209.19019516186344,530.010009765625,272.8785400390625,721.79443359375
1203,1003.0081514333875,186.41588751095316,532.139404296875,253.6845703125,719.5187377929688
1204,1018.0135221024077,182.57762864401616,533.3138427734375,254.67218017578125,731.0870971679688
1205,1006.8985844611168,160.15878937885137,533.492919921875,235.5638427734375,728.6632080078125
1206,1035.517623513268,149.70128655845087,537.5241088867188,234.9579315185547,751.5509643554688
1207,1024.5732128326922,127.77521073723292,535.4344482421875,216.05174255371094,749.1634521484375
1208,1048.5869285213269,104.21073913845574,538.5941162109375,204.08119201660156,772.4135131835938
1209,1074.5183260094377,79.9958163993294,541.8004150390625,191.6307830810547,798.0436401367188
1210,1102.794779395332,56.3897799816263,544.9043579101562,179.84298706054688,826.4573364257812
1211,1089.34409201952,354.92141853680295,469.75787353515625,381.7468566894531,738.3980102539062
1212,1083.2764323062486,336.037612921614,482.0426025390625,371.44024658203125,739.0784301757812
1213,1097.1742020073864,330.86208241197477,482.5708312988281,371.5077819824219,751.0848999023438
1214,1094.3592523463346,321.2005062591256,488.64605712890625,366.1025695800781,751.4982299804688
1215,1107.3591727812272,315.2747283256724,490.1941833496094,365.80511474609375,762.9937744140625
1216,1108.760754121949,367.8659084405939,456.6078796386719,389.9588317871094,749.6194458007812
1217,1102.826420774288,349.4307786999269,469.9950866699219,381.14190673828125,750.35107421875
1218,1109.9782213748817,324.8781508876064,483.9029846191406,370.9259338378906,762.5579833984375
1219,1121.9641036626676,318.24718041485073,485.9482727050781,369.87066650390625,773.6238403320312
1220,1104.6018191189326,304.67299968324534,496.4546813964844,359.534423828125,763.5809326171875
1221,1116.9450115075256,298.06366105609305,498.958984375,358.9071044921875,774.6887817382812
1222,1119.5151343767136,308.65113044976255,492.487548828125,365.0121154785156,774.071044921875
1223,1101.722355688609,293.1097620208082,502.5089111328125,352.1295166015625,764.343505859375
1224,1126.2497955086394,279.4169179171456,508.49835205078125,350.716796875,786.2885131835938
1225,1128.7258649840733,290.91764798670033,502.129638671875,357.9589538574219,785.4446411132812
1226,1123.6293206204034,267.0516376247174,514.3304443359375,342.27117919921875,787.3899536132812
1227,1106.6397365908929,225.05184388471977,530.0581665039062,309.041259765625,785.1134643554688
1228,1116.4972286130203,244.54906168611478,523.2489624023438,325.2252502441406,787.7262573242188
1229,1091.0974742903604,258.26270483883934,517.1073608398438,326.8746032714844,765.402587890625
1230,1095.4448941290148,268.71765673283375,513.0812377929688,334.9552307128906,765.9553833007812
1231,1081.6820126604414,274.75832331871186,511.03125,335.11102294921875,754.1947021484375
1232,1085.1847312392226,286.74422217406453,506.1588439941406,343.7481994628906,753.6532592773438
1233,1070.3919199623501,291.9209674809859,504.970703125,343.1900329589844,741.3522338867188
1234,1073.7477826554857,304.13762551203644,499.54248046875,351.5751647949219,740.5504760742188
1235,1061.3011215510978,319.5951081802306,493.87713623046875,357.7702941894531,727.1716918945312
1236,1032.1133652225953,389.9691038050096,463.8893127441406,390.0184631347656,684.800048828125
1237,1022.9446174732531,368.43907250629644,477.4904479980469,377.6985778808594,684.7999877929688
1238,1041.4937262573255,366.448144469903,474.0948486328125,379.5454406738281,699.036865234375
1239,1033.434165590417,345.64821181141355,486.20501708984375,366.8775939941406,699.291748046875
1240,1051.4573685684366,343.4882491277399,483.76739501953125,369.08270263671875,713.1812744140625
1241,1044.1026720781551,322.4772632640434,494.98773193359375,355.65606689453125,713.7186889648438
1242,1054.2273548042044,296.1666032174437,504.693115234375,341.8809509277344,728.3345336914062
1243,1066.748193766641,280.0187074599113,509.780517578125,334.6353759765625,741.8134155273438
1244,1077.2409247086582,264.28153708920735,515.0779418945312,327.0812683105469,753.6224975585938
1245,1080.5554432036158,238.82750034564833,524.0457763671875,311.006103515625,762.4539184570312
1246,1096.6666994585746,203.60111078128253,535.8206176757812,290.91058349609375,782.989013671875
1247,1077.027699137719,315.6008830189415,493.81658935546875,359.1046447753906,739.9375610351562
1248,1088.305807034916,299.07121183499777,500.60205078125,352.1876220703125,752.7393188476562
1249,1098.8050225840984,280.74235765675934,508.1707458496094,343.6617431640625,765.3424682617188
1250,1120.550740923047,255.0173483042421,519.2808227539062,333.474365234375,788.1257934570312
1251,1046.7876760516347,171.95201402836113,537.289794921875,254.2856903076172,754.208740234375
1252,1115.3260929745525,343.29753477436674,470.9413146972656,379.9348449707031,761.799560546875
1253,1126.9493317969946,336.63133905883626,472.51849365234375,378.3024597167969,772.86083984375
1254,1109.5324483098966,480.9242323766483,380.24713134765625,426.26470947265625,709.945556640625
1255,1135.3124337583681,465.13188260774723,379.5196533203125,421.91973876953125,734.3861083984375
1256,1158.275841494932,449.18032340407416,379.4330139160156,415.2752685546875,757.6484375
1257,1179.0243245595013,434.0083482464932,379.8774719238281,407.2754821777344,779.7538452148438
1258,1198.0481989105394,420.3120845757797,380.7589416503906,399.20947265625,800.8148193359375
1259,1125.9089919045357,447.19433453334045,396.134033203125,418.2353210449219,735.02880859375
1260,1149.2029993340227,432.2800910166466,396.0402526855469,411.98895263671875,758.2701416015625
1261,1170.337400992085,417.67650447437336,396.77850341796875,404.4119567871094,780.2940063476562
1262,1189.7377404193433,404.0633422614305,398.1938781738281,396.75439453125,801.2498168945312
1263,1163.6062083021206,333.7599424575439,464.6734924316406,378.7061462402344,803.5004272460938
1264,1169.1150196761562,352.05377022114783,448.6170654296875,384.3620300292969,802.8660888671875
1265,1182.3744420866735,319.92031253846494,470.46502685546875,373.9031982421875,822.9730834960938
1266,1187.561037204804,338.796143979916,453.28131103515625,378.8567810058594,822.3988037109375
1267,1196.0821136237655,332.5053076053623,455.8916931152344,376.3017272949219,831.712646484375
1268,1200.278258453871,374.8471468206046,418.0922546386719,386.7095642089844,821.4266967773438
1269,1193.5169856500688,357.00567361007177,435.8159484863281,383.1353759765625,821.8825073242188
1270,1182.1819078954911,387.2886081286081,415.34393310546875,393.4318542480469,801.7376708984375
1271,1175.297802444319,369.895311432885,432.1640625,389.2857971191406,802.2772827148438
1272,1162.497916297767,400.8177749685894,413.3075256347656,400.557373046875,780.8783569335938
1273,1155.4106177721985,383.50835675588695,429.4043273925781,395.7701721191406,781.50537109375
1274,1141.059085333151,415.00110354927796,412.19915771484375,407.5643615722656,758.9235229492188
1275,1117.4078638644119,429.09000846222335,412.24383544921875,413.2395324707031,735.684326171875
1276,1090.6916059864259,442.19491226318326,413.69476318359375,416.63330078125,710.8778686523438
1277,1060.9658176360592,453.6671077206789,416.8111267089844,418.2168884277344,684.800048828125
1278,1177.829002994607,300.79803332644605,487.34796142578125,368.3031921386719,823.6022338867188
1279,1152.5372919089389,286.3942911066277,502.94195556640625,361.1789245605469,805.32958984375
1280,1133.3430540097838,311.1798988827437,488.620361328125,368.52362060546875,784.3567504882812
1281,1135.1497830885971,259.7142789160002,518.3211669921875,341.2735290527344,797.8593139648438
1282,1137.5591132259624,271.96439782575186,512.408447265625,349.6656799316406,796.7335815429688
1283,1150.5696261749138,275.715499858745,510.11749267578125,355.54241943359375,805.9857177734375
1284,1144.0940700300525,303.8109402604527,491.8363342285156,366.99853515625,794.7705688476562
1285,1154.4995673304347,296.25624694141715,495.5133056640625,365.3749084472656,804.8865356445312
1286,1173.9393592979538,281.12379669440617,503.9153137207031,362.0838317871094,824.28271484375
1287,1112.8572842302058,166.46268952278527,548.49267578125,268.43743896484375,803.8054809570312
1288,1122.3579497601772,188.66468956476803,543.9625854492188,287.8408203125,805.5846557617188
1289,1131.216819250028,210.0057651295832,538.4486694335938,306.236328125,806.9761352539062
1290,1154.9909596855846,194.90176355661924,548.8602905273438,303.5709533691406,828.2096557617188
1291,1139.9268874344466,229.85567769923352,531.7664184570312,322.9510192871094,808.7420654296875
1292,1162.1566557119029,215.2025532103537,542.1873779296875,320.8927001953125,828.6964111328125
1293,1143.5808503472426,240.4245800677455,527.8212280273438,331.41033935546875,808.8504028320312
1294,1165.2141697516179,225.82303951541817,538.1608276367188,329.5316162109375,828.3902587890625
1295,1132.1925659898138,306.46718912117257,492.0311584472656,366.37579345703125,784.55908203125
1296,1143.0376340598054,299.06809546688214,495.4029846191406,364.9689636230469,794.9699096679688
1297,1153.5025678816355,291.4244371301461,499.2457275390625,363.4531555175781,805.0819091796875
1298,1173.1164465061331,276.1388393471207,507.99761962890625,360.3528137207031,824.4739990234375
1299,1191.570239163769,261.58734375991935,517.581298828125,357.4984130859375,842.8135986328125
1300,1192.2504848928338,266.7773223103654,513.1439819335938,359.0613708496094,842.6128540039062
1301,1208.7082550676062,248.33281055259988,527.2728271484375,355.1978759765625,860.1287231445312
1302,1209.1373149229416,253.63830227700836,522.498779296875,356.6063537597656,859.8949584960938
1303,1224.8521053221004,237.02607985868147,536.4386596679688,353.73199462890625,876.5166625976562
1304,1225.056874236525,242.43543729985504,531.3654174804688,354.9920349121094,876.2222900390625
1305,1240.2499653738753,233.14752522862202,539.481201171875,354.4320068359375,892.060791015625
1306,1151.5646516009278,281.15760167343717,506.57513427734375,358.53961181640625,805.6307373046875
1307,1171.5994083777905,265.73477022322993,515.9241333007812,355.784423828125,825.0263061523438
1308,1172.3444428910755,271.00990091363025,512.0106201171875,358.2566223144531,824.721435546875
1309,1190.4557768254151,250.99425834441408,526.1296997070312,353.28497314453125,843.3885498046875
1310,1190.9816844762556,256.3264991959249,521.92041015625,355.5756530761719,843.0718383789062
1311,1208.1301536106482,237.67908996186185,536.4458618164062,351.37298583984375,860.763671875
1312,1208.3805081241321,243.0110947326647,531.9320678710938,353.45538330078125,860.41796875
1313,1224.783029986871,226.33609684632623,546.217529296875,350.342529296875,877.2574462890625
1314,1224.7749674041183,231.6708019352014,541.3984375,352.1833801269531,876.8615112304688
1315,1240.7206400185264,217.17522009085098,555.1593017578125,350.3966064453125,893.2930297851562
1316,1240.4785750698957,222.49046478173318,550.0454711914062,351.9725341796875,892.8388671875
1317,1248.1384563679728,218.59004320076158,554.0045166015625,352.25823974609375,900.8443603515625
1318,1255.2703835976379,225.60490694811577,546.6699829101562,354.88873291015625,908.0816650390625
1319,1226.6735723334596,263.71950913097123,510.91046142578125,359.438232421875,875.1652221679688
1320,1241.059185539364,254.5209793362973,518.0259399414062,358.3844909667969,890.7213134765625
1321,1255.3655004317498,246.8073980253367,524.3822631835938,358.3889465332031,906.4724731445312
1322,1270.7256467736008,219.8513183324074,552.7587280273438,356.1315002441406,925.170654296875
1323,1270.3051077468874,240.49644096009158,529.8050537109375,359.2602233886719,923.3384399414062
1324,1149.5725907982924,270.1110203164167,513.54052734375,352.19671630859375,806.3960571289062
1325,1170.1028219057143,254.7688044895846,523.3391723632812,349.7525329589844,825.8068237304688
1326,1170.8592061646937,260.3186675426606,519.7099609375,352.9459228515625,825.3880615234375
1327,1189.468871735376,240.12395482793076,534.0493774414062,347.6470031738281,844.1920166015625
1328,1189.962136732988,245.59314493406075,530.1819458007812,350.63775634765625,843.7623901367188
1329,1207.7357661210483,226.98455721648054,544.9374389648438,346.2376708984375,861.6162109375
1330,1207.9296973604105,232.34362601071663,540.7892456054688,348.9627380371094,861.1637573242188
1331,1224.8562938047305,221.03616371431963,550.875,348.2206115722656,877.702392578125
1332,1224.9860122631264,215.84072605117254,555.349853515625,345.8294982910156,878.1939086914062
1333,1216.4072107560644,221.1393517007205,550.2280883789062,345.8916320800781,869.99169921875
1334,1216.406879584053,215.84562148550305,554.3218383789062,343.047119140625,870.5087280273438
1335,1207.5187625644771,221.60282714431946,548.8671264648438,343.2135314941406,862.1182861328125
1336,1207.27989258579,216.2264267520376,552.5560913085938,339.90704345703125,862.6672973632812
1337,1188.946340450168,234.58787241726156,537.7060546875,344.3283386230469,844.6766357421875
1338,1188.3707785597467,228.99152869434957,541.1266479492188,340.69940185546875,845.21533203125
1339,1169.3076787858722,249.08916681040208,526.7840576171875,346.2193603515625,826.2838134765625
1340,1168.4560350490183,243.28761761037637,530.017578125,342.3629150390625,826.821044921875
1341,1148.5382895938612,264.32384356173526,516.8162231445312,348.515625,806.865478515625
1342,1147.452895256899,258.3558278028799,519.917236328125,344.51416015625,807.3986206054688
1343,1233.2445911390491,211.10294604904908,560.2717895507812,346.0640869140625,886.282470703125
1344,1225.1145942081146,210.65113169992807,559.622802734375,343.18316650390625,878.7286987304688
1345,1216.3629418838543,210.59387533990682,558.18212890625,339.9397888183594,871.0689086914062
1346,1206.9866718370715,210.8598832147852,555.9839477539062,336.3368835449219,863.2601318359375
1347,1206.6140954077694,205.50789515157157,559.1310424804688,332.52349853515625,863.89306640625
1348,1187.7200907133772,223.34194905032618,544.2876586914062,336.77972412109375,845.807861328125
1349,1186.955060298223,217.711244341589,547.1636352539062,332.64801025390625,846.4037475585938
1350,1167.5346858198602,237.37477931140464,533.01416015625,338.2025451660156,827.4218139648438
1351,1146.3260392671307,252.2394034947472,522.8170776367188,340.2101745605469,808.0027465820312
1352,1091.3903551963413,310.5880859017958,494.70843505859375,359.65924072265625,752.04150390625
1353,1080.2474396483094,326.2501140323693,487.9388732910156,365.72821044921875,739.454833984375
1354,1098.4657007579717,133.17022265919377,551.0029296875,238.72494506835938,801.2841796875
1355,1123.8080845580168,108.62079581617674,559.0545043945312,225.96018981933594,826.7507934570312
1356,1127.9022345219423,119.27426637193103,559.8825073242188,235.71163940429688,826.8998413085938
1357,1139.0261261759676,102.2261745164248,563.79638671875,224.82957458496094,840.2442626953125
1358,1146.3846187969605,123.41058004409793,565.1007080078125,244.42807006835938,839.79833984375
1359,1160.959850850803,117.29307579235352,570.4749145507812,243.65530395507812,852.6544189453125
1360,1167.0772416503307,138.5899580274636,569.4087524414062,263.4464111328125,851.3903198242188
1361,1180.622924943422,132.67148055040929,575.5120239257812,263.04681396484375,863.3826904296875
1362,1196.350170830771,137.76093185916787,580.9107055664062,272.92626953125,873.75830078125
1363,1131.9382444315997,130.04796647237626,560.019775390625,245.56100463867188,827.068115234375
1364,1153.4154860091292,144.99329451823294,563.6224975585938,264.2667541503906,839.4202270507812
1365,1309.6641592273868,160.95866733341094,629.6505737304688,345.7621765136719,970.7996215820312
1366,1305.5348555668197,161.20445237565966,628.133056640625,344.5209045410156,965.259521484375
1367,1301.414199233577,161.53489190548004,626.4423828125,343.2282409667969,959.8910522460938
1368,1297.2965316422262,161.94576471537948,624.5875244140625,341.8892822265625,954.6873168945312
1369,1293.1748152790867,162.43224877499642,622.5773315429688,340.5101013183594,949.639404296875
1370,1289.0400881651142,162.9858772443286,620.4207763671875,339.09783935546875,944.7366333007812
1371,1013.9687289082132,346.75343420055816,489.8185119628906,364.1048583984375,684.7999877929688
1372,1025.4052925488054,324.2392819903479,497.2467346191406,352.82763671875,699.5905151367188
1373,1036.5432562346782,299.40294111888085,505.4125671386719,339.8113708496094,714.5665283203125
1374,1050.4216770926741,284.3837286378877,509.4065246582031,333.4179382324219,728.7039794921875
1375,1062.2528287160048,269.49171638423667,513.8306884765625,326.62725830078125,741.2634887695312
1376,1066.5673305411565,244.7401895819812,522.0457153320312,311.2564697265625,750.7235717773438
1377,1069.9582522484864,217.25632114866872,529.9326782226562,293.0859069824219,760.0529174804688
1378,1085.878394018928,181.19344097232894,540.568603515625,271.62298583984375,780.3736572265625
1379,1103.2231081730117,144.12864739555414,550.8570556640625,248.5568084716797,802.0782470703125
1380,1117.4409774185617,136.96074847997522,555.26220703125,246.96978759765625,814.4885864257812
1381,1008.6669175529489,333.6663337208065,496.5543518066406,355.3912048339844,684.7999877929688
1382,1017.3063952768191,301.6462428352841,507.2162780761719,337.03631591796875,700.0530395507812
1383,1032.5821161514066,287.7992677517687,509.98651123046875,331.4427490234375,714.8303833007812
1384,1045.9099508740917,273.7694933672463,513.4345092773438,325.3943786621094,728.2206420898438
1385,1051.6220360390982,249.71723022541593,520.78515625,310.7566223144531,738.5764770507812
1386,1055.8749069112632,223.09167090772385,527.91552734375,293.4147033691406,748.3682250976562
1387,1058.4413033426042,194.7310248664766,534.6363525390625,273.95196533203125,757.12255859375
1388,1074.9571592145205,158.5932865296261,543.211669921875,251.80844116210938,777.794677734375
1389,963.3941447196562,213.872942597159,531.3951416015625,263.8149108886719,684.800048828125
1390,955.4386410607159,191.37806274454422,532.3010864257812,245.48605346679688,684.7999877929688
1391,947.608916364508,168.82290538340408,531.4061279296875,227.15655517578125,684.800048828125
1392,942.9711040315207,155.2649725747139,530.007568359375,216.23211669921875,684.7999877929688
1393,932.3469927467534,123.60868677569704,524.2651977539062,191.20037841796875,684.800048828125
1394,1105.211167767942,-223.7138228795991,345.3484191894531,87.4711685180664,910.1253662109375
1395,1067.9579331432324,-215.67338206619394,345.3519287109375,75.78633117675781,876.0875244140625
1396,1031.4478304787976,-207.91789473659856,345.3543395996094,67.7617416381836,842.3408203125
1397,997.4016974471041,-200.74680898484044,345.35565185546875,63.36251449584961,810.977783203125
1398,956.6079479175206,-192.23724189863137,345.35626220703125,61.29011535644531,774.2738037109375
1399,905.6756744131425,-181.7732971961511,345.3564453125,60.70658874511719,729.8947143554688
1400,825.8936101173078,-331.3537842686296,226.71286010742188,100.84148406982422,684.800048828125
1401,827.6612302359982,-317.4220781732126,235.43057250976562,94.11088562011719,684.7999877929688
1402,117.48010186115594,-218.0715976205642,205.46588134765625,52.842037200927734,126.29976654052734
1403,808.8047697027758,-519.6132959083186,159.20704650878906,227.04502868652344,684.800048828125
1404,809.7242794947922,-505.3716224394411,160.61215209960938,216.12142944335938,684.7999877929688
1405,92.60478906265328,-455.5289756981222,110.24240112304688,208.1281280517578,126.29972076416016
1406,801.9980155806683,-708.9708480680555,200.71258544921875,364.01824951171875,684.7999877929688
1407,802.1109064409732,-694.8584543532774,193.9819793701172,355.3005676269531,684.7999877929688
1408,84.28317406747608,-694.0325980841535,152.713134765625,385.2651672363281,126.29988861083984
1409,95.53330714117149,-978.2823861945021,343.48382568359375,483.4230651855469,126.30014038085938
1410,810.8196303789607,-916.8518529827898,343.4991149902344,432.42132568359375,684.7999877929688
1411,93.70343346731794,-954.3870076843408,324.83935546875,482.548828125,126.30008697509766
1412,807.900543362076,-881.6474270697485,315.9925231933594,430.11895751953125,684.7999877929688
1413,804.3778544865789,-825.7475552765885,273.6875305175781,418.17401123046875,684.800048828125
1414,89.21261380901889,-882.9170388690375,270.1997375488281,471.2702331542969,126.3000259399414
1415,805.3792510231286,-844.3676669039421,287.4616394042969,423.26025390625,684.7999877929688
1416,89.31858709246426,-884.9171695980305,271.6872253417969,471.75946044921875,126.30003356933594
1417,805.6571772056656,-849.0257079446022,290.9642333984375,424.361572265625,684.7999877929688
1418,90.5462543158645,-906.7083740140939,288.0848083496094,476.4501037597656,126.30003356933594
1419,92.04468438624781,-930.568498854656,306.3647155761719,480.2234191894531,126.30010986328125
1420,802.6558178532233,-779.182760660479,241.3628692626953,400.88372802734375,684.7999877929688
1421,87.02245711615724,-835.301800548105,235.87513732910156,456.78271484375,126.30001068115234
1422,803.5556345524076,-807.1290000618995,260.3549499511719,412.0227966308594,684.7999877929688
1423,87.09696665941587,-837.1859062140267,237.1878204345703,457.45721435546875,126.29996490478516
1424,88.04215449911432,-859.1923928725031,252.8153076171875,464.72515869140625,126.30004119873047
1425,802.1960624415834,-755.8330264846121,226.62625122070312,389.9473876953125,684.800048828125
1426,85.47078993127008,-787.6962370638404,204.23202514648438,437.1159973144531,126.29993438720703
1427,802.4414245885725,-769.8487962073657,235.3399200439453,396.6831970214844,684.800048828125
1428,85.5171056182982,-789.4650242120808,205.3505096435547,437.93414306640625,126.2999496459961
1429,86.16618800288377,-811.4438466004453,219.63406372070312,447.54833984375,126.29993438720703
1430,84.3404121847602,-716.2200894109575,163.4314422607422,398.9469299316406,126.29985046386719
1431,84.55633412494021,-740.1003186212683,176.0458221435547,412.7520446777344,126.29988098144531
1432,801.9801955718475,-732.433424046499,213.03250122070312,377.61932373046875,684.7999877929688
1433,84.57746050259887,-741.7541351968088,176.95925903320312,413.67095947265625,126.2999496459961
1434,84.93572654905137,-763.9906497537329,189.71588134765625,425.53338623046875,126.29991149902344
1435,803.2647548054206,-638.2277434392155,172.51417541503906,316.9400634765625,684.7999877929688
1436,84.65724229836209,-644.8917253199617,132.705322265625,352.42083740234375,126.2998275756836
1437,802.7610917968536,-657.1430555155548,178.65745544433594,330.2762756347656,684.7999877929688
1438,84.6366612999525,-646.3158620356376,133.2091522216797,353.41619873046875,126.29981994628906
1439,802.6533701828644,-661.8683582075097,180.35540771484375,333.5317687988281,684.7999877929688
1440,84.38954893741777,-668.7659026671606,141.76124572753906,368.78125,126.2998275756836
1441,84.28432504371378,-692.4936469342992,152.00723266601562,384.287841796875,126.29981231689453
1442,805.0070806438536,-590.8409216480215,161.88333129882812,281.85693359375,684.7999877929688
1443,85.68074273522613,-597.2826628871854,118.61308288574219,317.9320983886719,126.29979705810547
1444,803.8812413273866,-619.2854882940127,167.43621826171875,303.1628723144531,684.7999877929688
1445,85.64391266483818,-598.5917006964319,118.92759704589844,318.9082336425781,126.29978942871094
1446,85.09073172516543,-620.9903617133186,124.95599365234375,335.3857727050781,126.29979705810547
1447,806.1218015832732,-567.099994209432,159.19606018066406,263.7033996582031,684.800048828125
1448,87.35513516663364,-549.6909307686645,110.07585906982422,281.6666259765625,126.29978942871094
1449,805.4343222606192,-581.3460460117906,160.59461975097656,274.6279296875,684.7999877929688
1450,87.30504852324076,-550.8847332273436,110.22010803222656,282.5909729003906,126.29972839355469
1451,86.4347488386601,-573.5357075043406,113.64276885986328,300.0050354003906,126.29973602294922
1452,91.09530118738205,-478.36153699710803,108.1029281616211,225.90960693359375,126.2996826171875
1453,89.68596826944811,-502.109398934924,107.30282592773438,244.5133056640625,126.29969787597656
1454,807.3891792031585,-543.3553458703053,158.30108642578125,245.37399291992188,684.7999877929688
1455,89.62593902555793,-503.1875990217978,107.30107879638672,245.35867309570312,126.29972839355469
1456,88.4440139146881,-525.8084623553056,107.956298828125,263.0782470703125,126.29973602294922
1457,813.9397666857204,-448.5567074603913,172.55706787109375,173.81646728515625,684.7999877929688
1458,96.31895017611497,-407.0561437273802,119.17832946777344,171.1837615966797,126.29969787597656
1459,812.4377315041609,-467.4722715696151,167.47085571289062,187.59051513671875,684.800048828125
1460,96.248150463038,-407.90318227026677,118.97166442871094,171.81613159179688,126.29971313476562
1461,812.07665043857,-472.2071233208772,166.36952209472656,191.0931396484375,684.800048828125
1462,94.41789873757811,-430.7536668933502,114.06952667236328,189.0741729736328,126.29972839355469
1463,92.6718409396845,-454.5662929760291,110.36198425292969,207.38229370117188,126.29975128173828
1464,818.1650755655677,-401.4527036206038,189.847412109375,141.49183654785156,684.7999877929688
1465,100.62504338451848,-359.607754144475,133.5358428955078,136.80453491210938,126.29975128173828
1466,815.5475487908066,-429.679177757115,178.7083282470703,160.4838409423828,684.800048828125
1467,100.55349212970295,-360.33931724524734,133.27389526367188,137.31674194335938,126.2996826171875
1468,98.3892189850064,-383.3303588400651,125.68167877197266,153.7167205810547,126.29974365234375
1469,820.5475484365737,-377.99944216120304,200.78367614746094,126.75518798828125,684.7999877929688
1470,105.59416884477228,-312.2239814873254,153.08267211914062,105.08721923828125,126.29973602294922
1471,819.0957673769343,-392.0614869849088,194.0478515625,135.46884155273438,684.7999877929688
1472,105.52522833240059,-312.8400653301928,152.7969512939453,105.47937774658203,126.29972839355469
1473,103.02488222290657,-335.92513723694753,142.68026733398438,120.5748062133789,126.29973602294922
1474,114.29038617869291,-241.35491957363854,191.0113983154297,64.21549224853516,126.29969787597656
1475,111.23168099384777,-264.9075868654326,177.33982849121094,76.80903625488281,126.29974365234375
1476,823.1189532555459,-354.6349352883797,213.1117401123047,113.161376953125,684.800048828125
1477,111.16844022078885,-265.4084987079596,177.06008911132812,77.08816528320312,126.29972076416016
1478,108.333430281212,-288.53460166293655,164.6656494140625,90.4627456665039,126.29974365234375
1479,169.5536200937031,63.39011209521502,418.69122314453125,19.027908325195312,126.29996490478516
1480,164.31520307779655,40.273917185860846,400.843017578125,14.001577377319336,126.29995727539062
1481,159.1847025590658,16.862292333997072,382.45953369140625,10.34866714477539,126.29991912841797
1482,154.26786773038245,-6.395207318666036,363.98968505859375,8.16484546661377,126.29991912841797
1483,149.5067714117249,-29.73745423011326,345.37237548828125,7.430004119873047,126.29988861083984
1484,851.8395466118988,-170.8037062557022,345.2450866699219,58.4300537109375,684.7999877929688
1485,149.47103766453506,-29.916078282213018,345.2298278808594,7.429961204528809,126.29988861083984
1486,847.3956782936933,-193.40879746238758,327.02764892578125,59.324951171875,684.800048828125
1487,144.87942307907787,-53.333529090110765,326.5794982910156,8.167466163635254,126.29988861083984
1488,844.8384768117444,-207.08653724162716,316.1031799316406,60.723548889160156,684.7999877929688
1489,140.48783721532692,-76.60639559330396,308.17462158203125,10.343579292297363,126.29981994628906
1490,843.185948435928,-216.21865219249756,308.8741455078125,62.01219177246094,684.800048828125
1491,136.25146996449442,-99.98652251368472,289.93511962890625,13.959406852722168,126.29981994628906
1492,838.4796804677444,-243.66551578352187,287.5682067871094,67.56517028808594,684.7999877929688
1493,132.15939516637195,-123.5264948609007,271.9417419433594,19.01797866821289,126.29976654052734
1494,835.5437103659826,-262.02973107994137,273.7910461425781,72.64306640625,684.800048828125
1495,128.23651558484642,-147.11580184292745,254.37872314453125,25.481998443603516,126.29975128173828
1496,832.7655276937005,-280.44468128024886,260.4548034667969,78.78636932373047,684.7999877929688
1497,124.51127395620217,-170.5499381554002,237.50656127929688,33.24059295654297,126.29979705810547
1498,832.0944162596171,-285.05827305269156,257.1993103027344,80.48434448242188,684.7999877929688
1499,120.94620102761252,-194.0620173678124,221.2552947998047,42.312660217285156,126.29977416992188
1500,117.53438851002554,-217.68560181032876,205.71287536621094,52.66292953491211,126.29976654052734
1501,192.42711302667698,156.49879941771877,485.2516784667969,52.92591094970703,126.30003356933594
1502,192.29311593967688,155.98491065293155,484.9154968261719,52.68197250366211,126.3000717163086
1503,186.42561031518227,133.15378409763193,469.57733154296875,42.45358657836914,126.30006408691406
1504,180.6922485211957,110.17351847761175,453.41436767578125,33.40283966064453,126.30001068115234
1505,180.59309204935738,109.76967707063307,453.1244812011719,33.255271911621094,126.30004119873047
1506,175.0064898261412,86.66207181394391,436.2303466796875,25.48480987548828,126.30001831054688
1507,169.62127515381042,63.68333095159506,418.9149475097656,19.100605010986328,126.2999496459961
1508,198.43734089023968,179.20426133790508,499.68017578125,64.29161834716797,126.30009460449219
1509,204.65163755343642,202.03615735928108,513.2852783203125,76.83198547363281,126.3000717163086
1510,204.8236164165368,202.6590231927637,513.6428833007812,77.18899536132812,126.30009460449219
1511,211.1853423699267,225.38303336727418,526.1701049804688,90.7354965209961,126.30014038085938
1512,217.66116648563306,247.9142581046792,537.53857421875,105.11341857910156,126.3001480102539
1513,217.87415401766964,248.64536737454233,537.8890380859375,105.59477996826172,126.30016326904297
1514,224.49875975972066,271.0883326958426,548.0609741210938,120.80087280273438,126.30013275146484
1515,231.31502831022283,293.6099992294389,557.0811157226562,136.83343505859375,126.3001480102539
1516,231.57202500989396,294.4482385921249,557.3930053710938,137.44386291503906,126.30016326904297
1517,238.5403071124921,316.89102307709487,565.0903930664062,154.12469482421875,126.30020141601562
1518,245.60569733705418,339.11294606037933,571.4338989257812,171.2145538330078,126.30017852783203
1519,245.9096427809358,340.0572021519163,571.674560546875,171.9518280029297,126.3001937866211
1520,253.12985091830475,362.21919380255775,576.632568359375,189.4860076904297,126.30020141601562
1521,260.5267028181743,384.41250053675157,580.245361328125,207.41427612304688,126.30026245117188
1522,276.07156334006976,429.49801102869395,583.2994384765625,244.54568481445312,126.30028533935547
1523,268.42749476580565,407.57837607321596,582.5399780273438,226.41127014160156,126.30025482177734
1524,260.8805124886383,385.46161564002534,580.3820190429688,208.2690887451172,126.30024719238281
1525,292.2333257107736,474.3584285589835,580.5213623046875,281.6987609863281,126.30026245117188
1526,284.2760057888331,452.5114697975457,582.6036987304688,263.6362609863281,126.30030059814453
1527,276.47805239095504,430.65059461987835,583.3010864257812,245.50137329101562,126.30025482177734
1528,309.0061509961749,518.98363208274,571.9791870117188,317.96295166015625,126.30033111572266
1529,300.7913771213106,497.35862315100337,576.8343505859375,300.5330810546875,126.30028533935547
1530,292.6953433784647,475.61293887364934,580.3597412109375,282.7317810058594,126.30027770996094
1531,345.00654542901276,609.048649272662,537.80517578125,385.38055419921875,126.3002700805664
1532,344.3613315947777,607.4959975866625,538.5759887695312,384.3141174316406,126.3003158569336
1533,335.5823002800547,586.1591477770091,548.5477294921875,369.26373291015625,126.30027770996094
1534,326.96533610213766,564.8197092634236,557.3282470703125,353.5433044433594,126.30029296875
1535,326.38387298973026,563.365000029491,557.8822631835938,352.4498291015625,126.30028533935547
1536,317.8847608467863,541.8805157075167,565.3912353515625,336.00762939453125,126.30032348632812
1537,309.52652619881883,520.338976382508,571.6304931640625,319.0438232421875,126.30033874511719
1538,353.9094129007308,630.2589729962585,526.6771850585938,399.5296630859375,126.3002700805664
1539,362.9336643253335,651.3738486325343,514.5335083007812,412.7750549316406,126.30026245117188
1540,363.6454628162589,653.023115728326,513.5420532226562,413.7717590332031,126.30028533935547
1541,372.7738038486998,673.9728911659529,500.4273986816406,425.9288024902344,126.30025482177734
1542,382.09730118392037,695.0000044095228,486.343994140625,437.13519287109375,126.30024719238281
1543,382.8784377418038,696.7449530823932,485.1362609863281,438.0179138183594,126.30028533935547
1544,392.31378083228736,717.6270253870415,470.2438659667969,447.99676513671875,126.30026245117188
1545,401.8515104104184,738.3811969138237,454.69818115234375,456.797607421875,126.30021667480469
1546,402.7048484175817,740.2209369905129,453.28729248046875,457.5218811035156,126.30025482177734
1547,412.3468900388719,760.8217274593358,437.15087890625,464.9922790527344,126.30023193359375
1548,422.2002214635568,781.5299561591796,420.3716125488281,471.2804260253906,126.3001937866211
1549,423.12896000973984,783.4641584629607,418.779296875,471.8034973144531,126.30020141601562
1550,433.09820833249904,804.0411077509181,401.6046447753906,476.6742858886719,126.3001480102539
1551,443.1550825638991,824.4637650818192,384.2054138183594,480.228759765625,126.30011749267578
1552,454.3441484966897,846.800962299024,364.8858337402344,482.62286376953125,126.30010223388672
1553,464.73976078683665,867.2012809976401,347.08587646484375,483.4232482910156,126.30012512207031
1554,1035.297527757737,-572.5798587901094,115.07947540283203,262.9088134765625,863.383056640625
1555,1020.860605144951,-573.191594771515,121.18251037597656,263.31207275390625,851.3906860351562
1556,1047.862161451261,-582.7595735244045,109.6748275756836,272.7850341796875,873.7586669921875
1557,930.9548293097047,-582.792746332087,150.0178985595703,271.5059509277344,780.3738403320312
1558,932.5864605384921,-607.431398942431,154.75428771972656,290.79638671875,782.9891967773438
1559,961.7597153638075,-603.0333018975507,146.61410522460938,287.7217712402344,805.5848388671875
1560,933.8589026258965,-630.9685256854632,160.5059051513672,308.93048095703125,785.1135864257812
1561,935.7768378609044,-652.7164313450453,167.3053741455078,325.11859130859375,787.7264404296875
1562,962.9347919044845,-647.6436430092834,158.78921508789062,322.8392639160156,808.7422485351562
1563,916.181711224188,-702.684018793345,191.5751953125,358.8149719238281,774.68896484375
1564,929.8288562426427,-700.4086147802591,188.4050750732422,357.8649597167969,785.44482421875
1565,931.832183667782,-688.7505352139611,182.0406951904297,350.61895751953125,786.2886962890625
1566,841.0007218481878,-673.6734649307577,185.13308715820312,339.71533203125,714.566650390625
1567,839.2158230613552,-697.9079474217094,195.5484161376953,355.5663757324219,713.71875
1568,856.2676282956455,-701.7365549556212,196.6577606201172,357.6811828613281,727.1718139648438
1569,836.0169266855723,-784.0403941635576,246.01214599609375,401.21661376953125,711.8110961914062
1570,965.803434069432,-356.52576828855103,213.356201171875,102.66156005859375,800.5708618164062
1571,967.8921554721168,-344.7020463724532,221.7812957763672,96.64000701904297,801.7285766601562
1572,935.0284785253269,-340.1699745669782,224.7032470703125,97.33667755126953,773.3123168945312
1573,937.4832209712824,-328.42191529493795,233.0852508544922,91.76667785644531,774.5350952148438
1574,862.6289059894492,-263.4584949103943,275.9073791503906,73.22692108154297,706.6080932617188
1575,858.0268253637358,-285.90746690511367,259.3175964355469,80.70840454101562,705.505615234375
1576,853.5247936831313,-308.8697982544096,243.27073669433594,89.92310333251953,704.330810546875
1577,880.4390976528961,-310.60857065694546,243.79490661621094,89.21513366699219,726.0316772460938
1578,1007.437671273198,-551.9520584336495,125.50196075439453,244.2963104248047,839.7986450195312
1579,1022.874737926979,-551.6259808116266,120.12822723388672,243.5203399658203,852.65478515625
1580,1024.6258039868626,-530.3158456209445,121.80792236328125,223.9394073486328,853.9515991210938
1581,992.1638518047771,-541.4884585381443,130.72544860839844,235.58299255371094,826.900146484375
1582,991.8800786013976,-552.7398403977065,130.582275390625,245.43228149414062,827.0684204101562
1583,1291.8182676921,-416.47443999614336,200.35482788085938,200.3306121826172,1099.9747314453125
1584,1302.3076615402538,-419.6506437106392,199.8769073486328,206.80433654785156,1109.132568359375
1585,1314.2144946251208,-373.0196274137405,248.2571258544922,211.3303985595703,1105.8211669921875
1586,1281.322182694628,-510.6810655901048,103.06218719482422,196.44203186035156,1123.070068359375
1587,1286.0068460858736,-512.1123208493515,103.30847930908203,199.6962432861328,1127.166748046875
1588,1289.7078077600288,-501.26754541440414,115.3801498413086,201.20518493652344,1126.1021728515625
1589,1253.2597626901913,-523.4271178243075,79.50112915039062,191.55340576171875,1098.451904296875
1590,1251.983208583994,-525.5312270044192,77.14624786376953,193.0260009765625,1097.3497314453125
1591,1256.713386326546,-527.8487347784645,76.04063415527344,194.64151000976562,1103.4703369140625
1592,1239.0810274044525,-473.56982389243717,128.7316131591797,171.44467163085938,1071.884765625
1593,1237.906635040405,-478.61641588073223,122.96223449707031,171.20765686035156,1072.1253662109375
1594,1249.8097737277292,-484.56404370897155,120.00135040283203,176.7903594970703,1085.577392578125
1595,1223.2634005167422,-479.6856076219691,117.98368835449219,166.64175415039062,1057.1241455078125
1596,1222.5632117465093,-482.1622853182725,115.17365264892578,167.2740020751953,1056.760986328125
1597,1235.1588258855643,-488.59845999825086,111.3566665649414,172.3232879638672,1071.480712890625
1598,1209.7075849782173,-472.9809706361484,122.19081115722656,161.51776123046875,1041.5560302734375
1599,1209.0552121038622,-475.45318994291716,119.47357940673828,162.2915802001953,1041.1536865234375
1600,1179.3185009653428,-332.34723081183034,257.6937255859375,132.01507568359375,990.321044921875
1601,1160.3875412056484,-326.75656306080157,259.3277282714844,122.43986511230469,973.5756225585938
1602,1154.0711543965601,-369.56196987720193,217.02120971679688,126.16629028320312,973.8697509765625
1603,1173.9392749130036,-439.40201723644077,151.1491241455078,145.3709259033203,1000.2237548828125
1604,1182.2079382099032,-442.6791798122051,149.05416870117188,148.0835418701172,1008.928955078125
1605,1184.4808213041435,-423.2306540529063,169.36773681640625,145.93685913085938,1008.5955810546875
1606,1162.8284512780153,-455.20652326444974,134.18711853027344,149.02276611328125,989.7404174804688
1607,1145.508583353672,-448.93736776630567,139.3355712890625,145.62107849121094,971.3458862304688
1608,1144.469659094573,-454.02282454059707,134.84378051757812,148.51258850097656,970.32275390625
1609,1138.3717324992847,-431.5300043199064,155.22398376464844,137.5470733642578,963.6648559570312
1610,1137.895839896792,-436.2430851124665,150.77639770507812,139.39198303222656,963.305419921875
1611,1146.9751290663505,-439.19130936884807,148.44781494140625,141.1113739013672,972.6702880859375
1612,1066.13385746335,-461.3050528449259,138.58551025390625,161.1561279296875,892.2310791015625
1613,1064.8549327464941,-471.53700225827356,132.9884033203125,169.29315185546875,890.8839111328125
1614,1100.5431526290665,-478.9928785395859,121.9305419921875,171.285400390625,925.2789916992188
1615,1202.6790280736789,-615.6392287569719,30.371732711791992,306.8295593261719,1047.912353515625
1616,1194.658139958583,-612.1159377353364,31.653242111206055,303.61395263671875,1036.28076171875
1617,1188.9122366665913,-618.4412715406081,28.327392578125,313.0606994628906,1029.25146484375
1618,1174.83247172058,-622.2630147881513,29.786592483520508,321.85211181640625,1008.7162475585938
1619,1176.1735246785283,-620.9101219695809,29.40700912475586,319.4380187988281,1010.5165405273438
1620,1168.8515854844086,-617.945167639907,32.958988189697266,316.0905456542969,999.1694946289062
1621,1168.5690166746394,-623.5069320394811,33.01130676269531,324.8890075683594,999.5387573242188
1622,1167.245059684617,-624.8448082828747,34.092899322509766,327.15948486328125,997.8516845703125
1623,1170.7917832301707,-626.1786894317469,32.42015838623047,328.8302001953125,1003.5092163085938
1624,1149.445682413438,-639.135793512436,57.017616271972656,345.4759826660156,977.46484375
1625,1148.223261114508,-640.6918415131009,59.5552864074707,346.76593017578125,976.50439453125
1626,1152.1137595459231,-641.6722092030103,58.410247802734375,347.87066650390625,982.3679809570312
1627,1173.8353996947042,-611.8925616689717,33.72681427001953,306.4500732421875,1006.2711181640625
1628,1178.7320763042776,-605.3097151011249,36.907894134521484,297.0653076171875,1013.178955078125
1629,1170.541693194801,-601.9005031344385,40.71379470825195,293.6051025390625,1001.6787109375
1630,1158.720099924134,-618.0784789532523,38.41660690307617,317.3531799316406,984.6087646484375
1631,1161.2478948558298,-615.0812670486682,37.29356002807617,312.6009826660156,988.0227661132812
1632,1153.3181315783552,-612.2271915574794,42.322120666503906,308.97625732421875,977.135986328125
1633,1159.9226482649328,-622.252452471845,38.02682113647461,323.7249450683594,986.7472534179688
1634,1156.1462185528342,-620.9963088698988,40.266998291015625,321.953369140625,981.3047485351562
1635,1153.5313651584431,-623.8867153242746,42.755096435546875,326.35321044921875,978.1463012695312
1636,1146.9354510741666,-631.1867665290781,51.27693176269531,336.2720031738281,971.03564453125
1637,1148.251686837517,-629.7105621383929,49.340721130371094,334.4236755371094,972.3596801757812
1638,1144.4123351356538,-628.68987922633,51.45024108886719,332.75531005859375,967.0888671875
1639,1134.0388389685138,-609.9997247432428,55.25689697265625,306.2823791503906,953.1904296875
1640,1131.6839195532625,-613.4907508830856,56.872039794921875,310.93194580078125,950.3590087890625
1641,1148.3708328927385,-618.4972972504105,45.2413444519043,318.32867431640625,970.682861328125
1642,1125.8873840725603,-634.1561413460794,67.99592590332031,337.22528076171875,945.8119506835938
1643,1124.5644786130624,-635.8723230489929,70.12509155273438,338.9330139160156,944.7371215820312
1644,1128.5650874882158,-636.5589668074813,67.96769714355469,340.3440246582031,949.6399536132812
1645,1124.221855930746,-623.8780801319881,64.23377990722656,324.154052734375,942.371337890625
1646,1121.66856437348,-627.3789896170491,67.42752838134766,328.2935485839844,939.8953247070312
1647,1129.8808763013367,-629.0686075450567,62.157310485839844,331.60369873046875,949.4014892578125
1648,1149.754998559991,-652.8445124442869,74.54402923583984,353.95843505859375,984.463623046875
1649,1151.7210514178528,-649.3016318068838,68.67158508300781,352.61651611328125,985.521484375
1650,1143.564420436154,-647.2907910878773,70.3800048828125,351.00146484375,973.3345336914062
1651,1090.0353868070883,-631.8249826973706,91.57946014404297,327.6684875488281,909.0585327148438
1652,1080.5147774548593,-631.4317188195497,97.78128051757812,325.2865295410156,900.58203125
1653,1078.4657537982955,-635.8722265123802,100.88233184814453,329.3587341308594,899.1294555664062
1654,1063.7822430326012,-647.2668612200565,115.57279205322266,336.4794921875,888.3809814453125
1655,1064.739481376973,-645.0204328727057,113.70718383789062,334.86279296875,888.7675170898438
1656,1054.8393839402315,-645.9287306960664,119.50086212158203,333.67108154296875,880.6024780273438
1657,1147.797623955604,-766.6389668804039,217.94398498535156,373.9928283691406,1009.7742919921875
1658,1148.2272669532706,-763.3602779636974,213.955322265625,373.68255615234375,1009.9986572265625
1659,1130.0241950508357,-748.9048074394174,199.9312744140625,370.0514831542969,986.4099731445312
1660,1198.425962134961,-629.5564620755652,24.685871124267578,325.91485595703125,1045.38232421875
1661,1195.8478038343312,-628.4127597757561,24.76059913635254,325.07000732421875,1041.58935546875
1662,1195.0091335359673,-629.1134484776475,24.591344833374023,326.2860412597656,1040.698486328125
1663,1274.6401238520637,-546.7128496569475,65.72238159179688,209.8553466796875,1129.8140869140625
1664,1275.6624819858496,-545.5950528530973,67.0284652709961,208.7749786376953,1130.6053466796875
1665,1273.3353309514066,-544.3321619866307,66.92010498046875,207.6802978515625,1127.531982421875
1666,1276.6873658879963,-544.4212591057634,68.46133422851562,207.76199340820312,1131.3441162109375
1667,1277.5347437408643,-543.4281468153968,69.71624755859375,206.99461364746094,1131.9012451171875
1668,1274.9233181660586,-542.4510170426512,69.19026947021484,206.0692596435547,1128.7152099609375
1669,1281.7184862187064,-537.9775367523665,76.82791137695312,204.1241912841797,1133.952392578125
1670,1282.0633400712532,-537.4900399427561,77.46131896972656,203.9627227783203,1134.064697265625
1671,1279.5367120934045,-536.2879649269465,77.13162231445312,202.64744567871094,1131.2386474609375
1672,1290.8102271008802,-513.2204293863552,103.83798217773438,203.15768432617188,1130.951171875
1673,1288.7513583229538,-518.7061638012389,97.87666320800781,202.33639526367188,1131.5355224609375
1674,1294.595887363714,-510.21581989406207,107.95003509521484,205.698974609375,1132.413818359375
1675,1353.092888922249,-295.03746128569446,332.3542785644531,225.7576141357422,1118.1160888671875
1676,1343.8487127114395,-331.7474716603162,295.1173095703125,224.91546630859375,1118.70703125
1677,1334.4845627901632,-368.1088506191829,257.92779541015625,223.0930938720703,1119.9951171875
1678,1326.0945143669521,-325.5790628953548,296.7541809082031,214.0248260498047,1103.773681640625
1679,1340.2136936939871,-345.7287944745398,280.830078125,224.33163452148438,1119.119140625
1680,1313.1043166163297,-448.28920044009175,174.17898559570312,215.35719299316406,1125.4815673828125
1681,1319.6479100628999,-423.8940703700439,200.0620574951172,218.29351806640625,1123.399658203125
1682,1312.1963790497014,-422.25826497662746,199.8088836669922,213.2257843017578,1117.433837890625
1683,1322.495986451212,-413.53510759328344,210.87449645996094,219.37318420410156,1122.6329345703125
1684,1325.369267077294,-402.6559073825986,222.1740264892578,220.4113006591797,1121.89599609375
1685,1331.8879112890727,-377.8544939627258,247.9160919189453,222.4342803955078,1120.461669921875
1686,1293.3909120400428,-490.2072767122473,127.44998168945312,203.15086364746094,1124.70068359375
1687,1298.1476906026842,-491.189532589453,127.8040542602539,206.85040283203125,1128.2884521484375
1688,1303.5629628043087,-482.73427734449155,137.66981506347656,210.36114501953125,1129.018310546875
1689,1289.4933526581417,-524.1736424091387,93.10767364501953,203.4003448486328,1134.2962646484375
1690,1288.8473443387138,-524.7506610497821,92.3414077758789,203.07789611816406,1134.093505859375
1691,1288.6146239459567,-526.1316442412493,91.01757049560547,203.13343811035156,1134.518310546875
1692,1287.5363036838041,-527.484825434914,89.34776306152344,202.7693328857422,1134.3135986328125
1693,1287.9168906343955,-527.607517844699,89.41615295410156,202.99684143066406,1134.638427734375
1694,1286.1313306335999,-530.0950666904881,86.33206939697266,202.6706085205078,1134.380859375
1695,1286.1214954274653,-530.9921818676764,85.52155303955078,202.91416931152344,1134.74609375
1696,1282.8357011082087,-536.3582141252108,78.9202651977539,203.63858032226562,1134.287841796875
1697,1283.613363745312,-535.198524426515,80.39720153808594,203.3748016357422,1134.4659423828125
1698,1283.1884223127074,-535.0101857350463,80.32860565185547,203.14503479003906,1134.0272216796875
1699,1281.278131749225,-538.5924459436079,76.02449035644531,204.34791564941406,1133.7957763671875
1700,1278.786340610759,-537.372721663567,75.72017669677734,203.0674591064453,1130.9273681640625
1701,1275.3699075131801,-534.2920010132987,76.83094024658203,200.5709228515625,1126.36328125
1702,1279.7036497069485,-540.7163011580797,73.23777770996094,205.30465698242188,1133.11767578125
1703,1279.7489517626393,-540.6579200170924,73.31452941894531,205.27420043945312,1133.1395263671875
1704,1277.2642224876556,-539.471715288876,72.98792266845703,204.0880584716797,1130.173583984375
1705,1278.0295696596947,-538.4337774094723,74.33735656738281,203.54754638671875,1130.572509765625
1706,1273.9506383332287,-536.4060306382706,74.1222915649414,201.58868408203125,1125.5992431640625
1707,1278.1035713908393,-542.7380309941623,70.60151672363281,206.51058959960938,1132.25146484375
1708,1278.9066787327092,-541.7395115367167,71.89796447753906,205.87669372558594,1132.7080078125
1709,1275.7101427035327,-541.4793923413918,70.40916442871094,205.34957885742188,1129.244384765625
1710,1276.492217003724,-540.4871268153565,71.67682647705078,204.68893432617188,1129.730712890625
1711,1272.4914692735642,-538.4400490491831,71.55164337158203,202.8304443359375,1124.671875
1712,1271.7220963371333,-546.1345831032129,64.9068603515625,209.50588989257812,1126.19287109375
1713,1274.0021120183467,-547.3921776163326,64.96587371826172,210.56707763671875,1129.2911376953125
1714,1270.0904145816023,-547.8720474456057,63.18838882446289,211.5226287841797,1124.715087890625
1715,1272.1348822777243,-549.2935382579371,63.03217315673828,212.79005432128906,1127.6514892578125
1716,1272.5435110438264,-548.8889181005935,63.41829299926758,212.28805541992188,1128.0224609375
1717,1268.4414180683502,-549.5516057883636,61.79376220703125,213.6996612548828,1123.120849609375
1718,1270.6374023523194,-550.7572219381312,61.78413009643555,214.71519470214844,1126.22509765625
1719,1266.7833888200369,-551.1859028115646,60.74286651611328,216.00172424316406,1121.4359130859375
1720,1270.1046451623824,-551.2695360455951,61.40709686279297,215.42747497558594,1125.696044921875
1721,1265.1200532845596,-552.802286045433,59.95567321777344,218.37408447265625,1119.69970703125
1722,1267.5539813937028,-553.6942419273529,60.04546356201172,218.9923553466797,1123.0692138671875
1723,1260.3806905702008,-560.9230091819136,56.54324722290039,229.6167755126953,1115.3721923828125
1724,1206.2660801436386,-598.6957759785595,38.221397399902344,284.7403259277344,1050.3411865234375
1725,1211.9171125658072,-615.5016199578436,31.46722984313965,305.2571105957031,1060.412353515625
1726,1240.285722306836,-582.8312646663388,46.38629150390625,260.3380432128906,1093.0828857421875
1727,1193.5293899096193,-624.9849779109784,25.69553565979004,321.06646728515625,1037.409912109375
1728,1203.1748337120925,-624.9053850239654,26.9317684173584,318.8713073730469,1050.494873046875
1729,1196.6216909949926,-622.0126912048086,27.100444793701172,316.2992248535156,1040.929443359375
1730,1196.6258526495653,-631.0586765758824,24.381391525268555,328.361328125,1043.55029296875
1731,1194.1795229462973,-629.7882286341924,24.532835006713867,327.509765625,1039.802001953125
1732,1194.7041300937897,-632.3884662121114,24.545669555664062,330.9248962402344,1041.6297607421875
1733,1187.4078362760874,-630.189911961399,25.839799880981445,330.74468994140625,1030.2581787109375
1734,1192.982993118217,-633.5940392574116,25.10928726196289,333.32269287109375,1039.83349609375
1735,1188.9459719972383,-628.9718708678618,25.245574951171875,328.34271240234375,1032.0328369140625
1736,1194.3305732302313,-632.6554892180524,24.636051177978516,331.449951171875,1041.236328125
1737,1191.2885534820994,-634.7456239681518,26.020570755004883,335.650390625,1038.0902099609375
1738,1191.8730924446875,-634.3538478414654,25.668872833251953,334.8549499511719,1038.6859130859375
1739,1192.2105098265379,-634.1253485693552,25.48373031616211,334.3927001953125,1039.0322265625
1740,1182.9309359344666,-633.6458951535958,29.372243881225586,337.4956359863281,1025.26611328125
1741,1181.5278379216402,-634.779018808756,31.03173828125,339.54608154296875,1023.7482299804688
1742,1184.6667349093202,-636.773354285528,30.588848114013672,341.124755859375,1029.8258056640625
1743,1185.893790543341,-631.3697791752213,26.74789047241211,333.0821533203125,1028.5303955078125
1744,1184.394422093252,-632.5190640598355,27.935762405395508,335.3374938964844,1026.862548828125
1745,1189.4131807184592,-636.0375589692532,27.44992446899414,338.2204895019531,1036.1654052734375
1746,1188.0675880374627,-636.9690949308044,28.725940704345703,340.01470947265625,1034.8212890625
1747,1184.8717428360605,-639.0590949175375,32.392696380615234,343.8989562988281,1031.908935546875
1748,1185.2983574220216,-638.7989331863968,31.838882446289062,343.3961181640625,1032.286376953125
1749,1186.846917246091,-637.8076212490752,30.018959045410156,341.5528869628906,1033.6685791015625
1750,1165.4788581306968,-661.012517479241,79.59844207763672,357.049560546875,1010.5350952148438
1751,1173.6506248415703,-657.9720962767695,72.10686492919922,356.3981628417969,1022.4661865234375
1752,1168.1730577132748,-653.9071194355317,67.60542297363281,355.0450744628906,1012.0939331054688
1753,1177.2748299616771,-647.9248943141062,53.70891189575195,353.11151123046875,1024.921630859375
1754,1155.0397533704672,-730.5445063004872,173.76487731933594,370.0186767578125,1012.6497802734375
1755,1158.4411826871842,-713.1489928182505,151.79217529296875,367.5997619628906,1014.4005737304688
1756,1139.1671242106727,-709.5862950148361,151.81866455078125,365.238037109375,989.8160400390625
1757,1161.8100861053222,-699.5409895721715,133.26910400390625,365.3305358886719,1016.0430297851562
1758,1150.524494487712,-674.4940205660895,103.8771743774414,359.2344665527344,994.2140502929688
1759,1168.3559013282581,-676.7420987056573,101.24996185302734,360.92669677734375,1019.2186889648438
1760,1172.409418294396,-662.7500590982393,80.00904083251953,357.68603515625,1021.5372924804688
1761,1118.850505514289,-832.0102060633288,296.7121887207031,375.6339111328125,982.6604614257812
1762,1139.7090380276245,-833.3642562389564,296.73297119140625,378.160400390625,1006.7642211914062
1763,1139.838281076752,-831.6380460975097,294.6774597167969,378.09893798828125,1006.8084106445312
1764,1137.6838607817128,-866.3635658482409,335.1432189941406,378.84466552734375,1006.275390625
1765,1085.8241290543529,-871.0926918896045,343.51702880859375,372.65069580078125,946.96337890625
1766,1137.316767585872,-873.5939738575107,343.5151672363281,378.8768005371094,1006.2538452148438
1767,971.0291581369598,-877.7062547795429,343.5108642578125,393.15704345703125,820.82568359375
1768,947.3975862432773,-866.3145834712091,327.4169006347656,400.7449035644531,800.4326171875
1769,939.153970411439,-884.8165192013391,343.5071105957031,405.7104187011719,789.1765747070312
1770,924.6840668573764,-872.032973682306,327.8290100097656,409.08319091796875,779.2578125
1771,930.4247962350007,-887.7447486175602,343.506103515625,409.0987243652344,780.6221923828125
1772,899.5089061526215,-879.0123648249369,328.0305480957031,417.34991455078125,757.057861328125
1773,902.9404783324984,-896.419626559588,343.5033264160156,418.32415771484375,756.0868530273438
1774,883.3669497010286,-902.5664831242317,343.5018005371094,423.4057312011719,739.7354736328125
1775,871.6399285034843,-886.0418394865342,327.97955322265625,424.2160949707031,733.7554321289062
1776,875.1183035441013,-905.1167022887901,343.5013122558594,425.0779113769531,733.1956787109375
1777,840.9569472192491,-891.7973576527851,327.62554931640625,428.7490234375,709.479248046875
1778,838.3108947292629,-913.1311005679436,343.4997863769531,430.1782531738281,705.0833740234375
1779,862.5522654008163,-908.2696461414789,343.5007019042969,427.1533508300781,723.6609497070312
1780,1076.8953275582662,-830.5990628855741,297.9515686035156,370.9020690917969,935.23046875
1781,1096.4907053302152,-830.9743953794043,297.1322021484375,372.9766845703125,957.1734008789062
1782,1100.8474564625926,-788.4911864028886,249.07049560546875,370.93316650390625,958.615478515625
1783,1123.1640024659516,-790.0535377032413,248.2480010986328,373.5236511230469,984.0236206054688
1784,1143.2458587182748,-797.2105560897563,254.26332092285156,376.3768615722656,1008.0509033203125
1785,1060.1768636094948,-830.9232184673313,299.09515380859375,370.0544128417969,916.76171875
1786,1081.0014490962055,-787.9176724562135,250.66848754882812,368.8714599609375,936.6817016601562
1787,1108.1744308039933,-746.5296038967307,201.13612365722656,367.5511779785156,961.0476684570312
1788,1031.6259837057892,-833.2161161625751,302.0544738769531,372.0045166015625,885.9400024414062
1789,1045.4228313681135,-831.8273474012464,300.4877014160156,370.4165344238281,900.69580078125
1790,1048.259303881076,-789.7385656285837,255.666748046875,368.034912109375,901.8807983398438
1791,1063.7367581286685,-788.3758620094809,252.91099548339844,367.90509033203125,918.1109008789062
1792,1070.831596756895,-745.531371027818,206.76551818847656,364.2826843261719,920.3041381835938
1793,1088.4235714361134,-745.3656233262914,203.4690704345703,365.4751892089844,939.0596313476562
1794,1099.56120600602,-704.339700561738,156.41424560546875,360.69970703125,942.3619384765625
1795,1118.6310814561841,-706.3033534971846,153.38539123535156,362.841552734375,964.4669189453125
1796,1106.778557735382,-685.3960787233761,132.96153259277344,357.79180908203125,944.3588256835938
1797,1025.5505914612866,-674.384235541732,149.750732421875,348.8454895019531,861.1640625
1798,1037.503707911228,-666.8650830063835,140.313720703125,345.76885986328125,869.991943359375
1799,1027.2651291755556,-669.2728524649987,145.60423278808594,346.1180419921875,861.616455078125
1800,1039.3351517563754,-661.901785595977,136.22174072265625,342.921875,870.5089721679688
1801,1028.97430166085,-664.1681387317751,141.67636108398438,343.091552734375,862.1185302734375
1802,1041.1167693831735,-656.9732952031467,132.36325073242188,339.8121337890625,871.0692138671875
1803,1030.645913629247,-659.0640648182736,137.98934936523438,339.7827453613281,862.6676025390625
1804,1042.8229240480805,-652.0751881239189,128.7569580078125,336.4574890136719,871.668701171875
1805,1032.2524945249043,-653.9553723853404,134.5636444091797,336.2106628417969,863.2603759765625
1806,1035.199522658837,-643.6891202618648,128.5723114013672,328.35906982421875,864.5625
1807,1033.7711112790587,-648.8376437986482,131.4187774658203,332.3953857421875,863.893310546875
1808,1044.4430895013643,-647.1621001441455,125.4227523803711,332.8462219238281,872.3281860351562
1809,1049.3133189289078,-660.0481881190549,130.92066955566406,343.0546569824219,878.7290649414062
1810,1051.2045414960266,-655.29359993857,126.86959838867188,340.1654052734375,879.303466796875
1811,1053.0397485675096,-650.6013399215338,123.05554962158203,337.05230712890625,879.9130249023438
1812,1060.8682445042032,-654.0138474313663,121.54879760742188,340.8462829589844,887.4259643554688
1813,1062.8234192858845,-649.5016497991376,117.5063705444336,337.9931640625,888.0470581054688
1814,1053.9405366814638,-648.2639080823694,121.24337768554688,335.4060363769531,880.2384033203125
1815,1041.6766186739287,-679.721992606028,149.1396484375,352.0658874511719,876.8617553710938
1816,1059.7144855920578,-676.4687891962365,140.49276733398438,351.84979248046875,892.8391723632812
1817,1043.5584074166834,-674.6891538989726,144.3216552734375,350.22216796875,877.2576904296875
1818,1061.7726646768097,-671.5611121612068,135.37986755371094,350.2709045410156,893.2933349609375
1819,1045.4858899786163,-669.7214381332018,139.6654510498047,348.09735107421875,877.7026977539062
1820,1055.809123799575,-686.4867580704564,151.05552673339844,354.3155822753906,892.0611572265625
1821,1068.338825328333,-675.3540151195173,136.53355407714844,352.1332092285156,900.8446655273438
1822,1063.878050573569,-666.7826788096012,130.4027557373047,348.4696960449219,893.7892456054688
1823,1056.8178948344055,-663.2878688142298,130.26992797851562,345.935302734375,886.28271484375
1824,1047.3923364212017,-664.8690738363954,135.1920623779297,345.70355224609375,878.1942749023438
1825,1058.859809216592,-658.6081891062016,125.80821228027344,343.4986267089844,886.8363037109375
1826,1002.5999811553937,-837.3370114568748,305.4122314453125,379.2068786621094,856.1371459960938
1827,1017.7141724493576,-835.0409462296033,303.7210998535156,374.9075012207031,871.432861328125
1828,1018.8017506135876,-794.607625731989,262.1968078613281,371.8251953125,872.1787109375
1829,1033.6181978858554,-791.8566491733214,258.8052673339844,369.3070373535156,886.912353515625
1830,1039.197913304085,-749.4499868360188,215.58981323242188,364.7506103515625,888.5069580078125
1831,1054.7105497890557,-746.9452847468448,210.86041259765625,364.0077209472656,903.8074340820312
1832,1065.3746136818772,-704.7709337876721,166.15213012695312,358.2815856933594,906.4728393554688
1833,1081.994570097743,-703.7928682155728,160.7288360595703,359.149658203125,923.3388671875
1834,1072.7179141789784,-684.508102999532,143.86648559570312,354.7680358886719,908.08203125
1835,1089.4340882025947,-684.1597762007042,137.77700805664062,356.0071716308594,925.1710815429688
1836,1076.7910641063982,-674.8022203951396,132.84710693359375,352.6412048339844,908.9903564453125
1837,1093.5297972385963,-674.7921111180134,126.38214111328125,354.1753845214844,926.1852416992188
1838,1072.5752017572654,-665.9764679408217,126.1469497680664,349.0552978515625,901.845703125
1839,1074.753475101809,-661.409814968424,121.1449203491211,347.239013671875,902.4005737304688
1840,1065.9582415920554,-662.160233792458,125.57756805419922,346.45611572265625,894.3245849609375
1841,1068.0728082679366,-657.5978731589227,120.91898345947266,344.24114990234375,894.896240234375
1842,1072.243124955717,-648.7982024506515,112.15592193603516,339.2558898925781,896.1329956054688
1843,1070.1739800738121,-653.1464917734219,116.44090270996094,341.83673095703125,895.50048828125
1844,1079.1096842202646,-652.6729669288906,111.58556365966797,343.09857177734375,903.6052856445312
1845,1081.0960440993558,-665.4887910005216,122.17674255371094,349.8612365722656,910.0367431640625
1846,1076.935553188226,-656.9880133284089,116.28724670410156,345.2500305175781,902.9882202148438
1847,1096.1362223535396,-652.7373008110883,102.790283203125,346.2003479003906,920.3106689453125
1848,1098.3771251156895,-648.7731334354006,97.75767517089844,344.4402770996094,920.966064453125
1849,1089.956535698854,-648.4752610022299,102.23566436767578,342.548583984375,912.4866943359375
1850,1091.0663179386443,-646.4858294108968,99.90227508544922,341.4601745605469,912.84228515625
1851,1082.336809694069,-646.4328091878209,104.85260772705078,339.564453125,904.5972900390625
1852,1083.4271648151157,-644.3802445962531,102.7185287475586,338.20587158203125,905.0240478515625
1853,1074.2929022770904,-644.5433826739983,108.09530639648438,336.3915100097656,896.8829956054688
1854,1075.3326112844675,-642.407776771681,106.17042541503906,334.7883605957031,897.3554077148438
1855,1065.6947380532918,-642.7509628027457,111.9149398803711,333.14630126953125,889.2057495117188
1856,1066.628219401402,-640.4685142112461,110.20077514648438,331.3350524902344,889.693359375
1857,1056.6154934696033,-641.2092594396021,116.24170684814453,329.9489440917969,881.4427490234375
1858,1073.2613519466365,-646.6734909375517,110.09261322021484,337.8817138671875,896.4752197265625
1859,1081.2647009874913,-648.4865858633799,107.05036926269531,340.795654296875,904.2476806640625
1860,1087.7340351020403,-652.5465063056713,107.0222396850586,344.5753173828125,911.8366088867188
1861,1097.693712068182,-665.8486771471045,115.19841003417969,351.94256591796875,927.303466796875
1862,1102.1457030921797,-657.2961511324231,104.27742004394531,349.3363037109375,928.5184936523438
1863,1089.4381340295447,-665.4517005847346,118.51842498779297,350.83990478515625,918.4793701171875
1864,1093.8805827768042,-656.8461284444187,107.93241119384766,347.8582763671875,919.6759033203125
1865,1085.493124725539,-656.7629370081576,111.94706726074219,346.4755554199219,911.2093505859375
1866,1099.5065200966042,-646.8298171044307,95.29108428955078,343.4903564453125,921.325927734375
1867,1092.2005959182734,-644.5067026787364,97.62987518310547,340.2353515625,913.28466796875
1868,1084.529526858364,-642.3229845803729,100.65548706054688,336.7230529785156,905.52685546875
1869,1076.3775127586316,-640.2675586057966,104.32340240478516,333.078125,897.8892211914062
1870,1058.3401490866079,-636.378146191437,113.30776977539062,325.9193115234375,882.4208984375
1871,1105.5225204586993,-637.3253746139021,83.98014068603516,336.69720458984375,924.4849243164062
1872,1096.87312645115,-636.6031046935473,89.29480743408203,334.0685119628906,915.8704223632812
1873,1104.2887952299852,-639.2149140079708,86.08299255371094,338.308349609375,923.6842041015625
1874,1095.6939542824805,-638.5842841240406,91.25334930419922,335.787353515625,915.1094360351562
1875,1103.065572136109,-641.1051620395006,88.2715835571289,339.7996520996094,922.9638671875
1876,1094.5198245988772,-640.5596115630204,93.29906463623047,337.3921203613281,914.4224853515625
1877,1101.8570906591128,-643.0011236560898,90.54020690917969,341.1650390625,922.3277587890625
1878,1093.3537841268171,-642.532613141724,95.42660522460938,338.8770446777344,913.8128662109375
1879,1100.6686745294974,-644.9076254289713,92.88232421875,342.3976745605469,921.7802734375
1880,1106.7626389959385,-635.4332751568212,81.96831512451172,334.97216796875,925.3624877929688
1881,1098.0590097619565,-634.6021656527377,87.42835998535156,332.24139404296875,916.7021484375
1882,1087.8424682535594,-636.0849607014145,94.95083618164062,331.5917053222656,907.455078125
1883,1086.7431669790074,-638.1769652868863,96.76638793945312,333.41009521484375,906.74560546875
1884,1085.6369989275775,-640.2555089732944,98.6695556640625,335.1224060058594,906.1018676757812
1885,1099.2498948104328,-632.6030571589778,85.64171600341797,330.3193664550781,917.6007690429688
1886,1077.424108818227,-638.0808289047708,102.55927276611328,331.2665100097656,898.4814453125
1887,1082.625283004635,-626.8613578311007,94.94377899169922,320.9416198730469,902.2264404296875
1888,1063.1381646004502,-621.8550579610979,106.07418060302734,312.5987243652344,885.9974975585938
1889,1059.9451035805478,-631.5500203337689,110.69190979003906,321.6307373046875,883.5223388671875
1890,1066.2068904842922,-612.3113020951618,102.2352066040039,303.344970703125,888.5460205078125
1891,1084.6540047706505,-622.3584563959163,92.36791229248047,316.438232421875,903.978515625
1892,1074.5532821425957,-583.8785554119718,95.53692626953125,274.566162109375,896.5198364257812
1893,1087.1104864186493,-585.4392326490192,88.27278137207031,276.3309631347656,907.7398681640625
1894,1089.6925895773636,-576.3954566673663,88.41210174560547,266.68768310546875,911.0349731445312
1895,1069.1420851659352,-602.8260014365868,99.17363739013672,293.9166259765625,891.1422729492188
1896,1092.3212149624537,-604.871861158091,84.5085220336914,297.9662780761719,911.1737060546875
1897,1084.087984198968,-594.5449759433163,89.5079345703125,286.0945129394531,904.4290161132812
1898,1101.6739648898013,-628.5376223264781,82.3024673461914,326.2154541015625,919.5894165039062
1899,1104.0676150524894,-624.4580282783567,79.28018951416016,321.8960266113281,921.733154296875
1900,1113.0600044998157,-625.8411222842644,73.16095733642578,325.02630615234375,930.7106323242188
1901,1115.5322435508456,-622.0472401779793,70.20552062988281,320.7542724609375,933.05712890625
1902,1088.5720152169345,-613.5524554010626,87.9422836303711,307.3092346191406,907.5247802734375
1903,1108.6949371139192,-616.5114252748615,74.11276245117188,313.04986572265625,926.1434326171875
1904,1117.9165260122109,-618.3110607823436,67.57331848144531,316.37860107421875,935.4725341796875
1905,1108.0125374053669,-633.5325930352922,80.03916931152344,333.1449279785156,926.3131103515625
1906,1109.2784790985384,-631.610972618184,78.1915512084961,331.2224426269531,927.333984375
1907,1110.5437190906448,-629.6830624455733,76.4305419921875,329.2078552246094,928.4230346679688
1908,1095.8230645694814,-596.2994069086969,82.10261535644531,288.4085388183594,914.9285888671875
1909,1117.3044960894433,-600.9142868836957,67.60294342041016,294.39276123046875,935.5699462890625
1910,1108.586925440375,-594.2442133476441,73.9793930053711,286.3195495605469,927.513916015625
1911,1101.925597347779,-578.7502201223348,81.55217742919922,269.0564270019531,922.6675415039062
1912,1099.0836751264749,-587.530528571713,81.00263977050781,278.64703369140625,918.8175659179688
1913,1110.297072187493,-590.0232977910415,73.81914520263672,281.45416259765625,929.7487182617188
1914,1136.3175968946957,-606.4452668648936,54.106727600097656,301.5318908691406,956.089599609375
1915,1129.0564736428123,-599.8258405384488,59.974796295166016,293.0086669921875,948.5436401367188
1916,1119.264710364317,-596.938842830634,66.84432220458984,289.51751708984375,938.0555419921875
1917,1124.3667409842674,-584.7147530209978,68.1848373413086,275.181640625,945.4470825195312
1918,1121.0610396244786,-592.8959929230766,66.81463623046875,284.6642150878906,940.5556030273438
1919,1130.9898811772946,-595.956576040196,60.081478118896484,288.1694030761719,951.2894897460938
1920,1130.0667516697445,-597.9007867568109,59.902748107910156,290.5724182128906,949.9232788085938
1921,1139.5390803437422,-601.0230384231241,53.45314025878906,294.2498779296875,960.5482177734375
1922,1138.5013740107772,-602.8628148825661,53.46323013305664,296.679443359375,959.05615234375
1923,1147.249276698683,-605.9268490897875,47.40234375,300.4208068847656,969.6768188476562
1924,1113.1472502928707,-608.7007519497708,70.18476867675781,303.875,930.760986328125
1925,1106.004503306795,-666.5134781598582,112.24333953857422,353.12567138671875,936.6415405273438
1926,1118.1794541299923,-644.6528792016364,82.02110290527344,345.79425048828125,940.5682983398438
1927,1116.9718598120924,-646.4824871419006,84.62323760986328,346.78515625,940.0027465820312
1928,1120.987242398918,-647.0376741502647,82.85486602783203,347.83984375,944.9102172851562
1929,1115.8070624979025,-648.343309532073,87.28466033935547,347.6329040527344,939.5374755859375
1930,1118.6997880429365,-650.793527615465,88.33824157714844,349.282470703125,944.0813598632812
1931,1123.2542504988626,-637.5958863655694,72.3403549194336,340.53759765625,943.7380981445312
1932,1127.2549435667836,-638.2461363108514,70.2529525756836,341.8868408203125,948.6420288085938
1933,1114.6793757628031,-650.2470365792839,89.9960708618164,348.3350830078125,939.173828125
1934,1110.355024227051,-658.162346717694,101.01641082763672,350.8534851074219,937.8703002929688
1935,1114.4036934005314,-667.5182088332976,109.67998504638672,354.3562316894531,946.6162719726562
1936,1120.6781541585024,-641.0815618800057,77.02274322509766,343.4119567871094,941.9801635742188
1937,1119.4169527826743,-642.85405903224,79.48538208007812,344.66754150390625,941.22900390625
1938,1123.4263912943748,-643.4301279538431,77.59700012207031,345.8359375,946.1356201171875
1939,1122.1932063247943,-645.2152963162196,80.1939468383789,346.90509033203125,945.4754028320312
1940,1126.218465111505,-645.8358105696415,78.5020751953125,347.98077392578125,950.550048828125
1941,1125.0280695641343,-647.6486728708998,81.21847534179688,348.8619079589844,949.9873046875
1942,1129.0910835474015,-648.3198582850293,79.72067260742188,349.8455505371094,955.246337890625
1943,1122.761387936802,-651.4091540072486,86.80502319335938,350.2054748535156,949.1602172851562
1944,1131.0198916587005,-652.8357801517478,84.1356430053711,351.9593505859375,959.87939453125
1945,1139.515726075995,-646.3744951910987,71.50171661376953,350.084228515625,967.51708984375
1946,1136.6706542463673,-643.8210242635519,70.09180450439453,348.0738220214844,962.6131591796875
1947,1135.4682268306058,-645.5379868253791,72.79176330566406,349.09722900390625,961.8882446289062
1948,1132.6675545810792,-643.0434071920998,71.59720611572266,346.9765319824219,957.1918334960938
1949,1131.4389295822875,-644.7687501301815,74.24267578125,348.0567321777344,956.4542846679688
1950,1128.6753697493932,-642.3300421909204,73.2594223022461,345.829833984375,951.9527587890625
1951,1127.4296585319366,-644.0677316245899,75.8469009399414,346.9679260253906,951.2066650390625
1952,1124.6827965797847,-641.6771117482124,75.07059478759766,344.63934326171875,946.8861083984375
1953,1121.958500244736,-639.330445756421,74.6391830444336,342.03338623046875,942.8178100585938
1954,1125.9602775561834,-639.9505079585009,72.6207046508789,343.32110595703125,947.7228393554688
1955,1129.9434334504303,-640.6235831859627,70.74549102783203,344.57232666015625,952.7840576171875
1956,1133.9187611075579,-641.3528431445422,69.0218734741211,345.7799987792969,958.0130004882812
1957,1147.9424167101117,-656.5473263589353,80.54646301269531,354.9168701171875,983.6890869140625
1958,1141.4042240085346,-650.8392297320864,76.12559509277344,352.5065002441406,972.1974487304688
1959,1139.4183666551098,-654.5657216446282,82.03407287597656,353.55133056640625,971.3970947265625
1960,1137.2750470059523,-649.9208152454385,77.1675796508789,351.67852783203125,966.3497924804688
1961,1133.1606460980904,-649.0932504518984,78.3681411743164,350.785888671875,960.6975708007812
1962,1122.9205225193055,-668.9207968074809,107.53508758544922,355.6147766113281,957.3319091796875
1963,1131.8572067373786,-670.5611588208811,105.83523559570312,356.87493896484375,968.8583374023438
1964,1145.85203890928,-643.9051060709485,64.84331512451172,349.07586669921875,974.7792358398438
1965,1149.8255426926626,-644.8755906280252,63.80876541137695,350.03546142578125,980.7218627929688
1966,1141.8672757428255,-642.9971323730301,66.06253814697266,348.042236328125,969.0101928710938
1967,1137.8902656783184,-642.144098686482,67.45812225341797,346.9383239746094,963.419189453125
1968,1156.624714302228,-658.7236918663357,79.71916198730469,356.0743103027344,996.7393188476562
1969,1159.9151783766447,-651.5187633018154,67.7266845703125,353.9573059082031,998.4421997070312
1970,1155.8074176466716,-650.3816931956499,68.09994506835938,353.31982421875,991.8901977539062
1971,1157.7726447753707,-647.0317833035498,62.326839447021484,351.7438049316406,993.1279296875
1972,1153.7943478538366,-645.9268517806253,62.96718215942383,350.9238586425781,986.838134765625
1973,1141.082833654987,-672.4190120702145,104.6070327758789,358.07232666015625,981.1658935546875
1974,1171.1048810293196,-647.4486212894009,55.86396026611328,352.4607849121094,1014.0845947265625
1975,1163.5979519945397,-645.0042007104012,56.210880279541016,350.7994079589844,1000.9173583984375
1976,1159.7926954929972,-643.8394111076192,56.72909164428711,349.8844299316406,994.5740966796875
1977,1155.9816930775676,-642.7186962057538,57.46520233154297,348.9091491699219,988.3911743164062
1978,1143.0897548043918,-641.3606871053975,63.441001892089844,346.8658142089844,969.8698120117188
1979,1139.1395103487282,-640.4982476002214,64.89606475830078,345.6959533691406,964.3025512695312
1980,1135.1893833376491,-639.6937361016123,66.52214813232422,344.4724426269531,958.9141845703125
1981,1131.2300746270134,-638.9444490100849,68.3106689453125,343.20074462890625,953.6970825195312
1982,1123.1620749435501,-631.6914427613339,68.3940200805664,333.8662109375,942.1799926757812
1983,1119.034640540689,-631.0079966359717,70.95748901367188,332.30657958984375,937.5067138671875
1984,1121.836427486088,-633.4641267926005,70.36127471923828,335.7312316894531,941.037353515625
1985,1117.7244540144973,-632.8199586377914,72.85517120361328,334.22552490234375,936.3758544921875
1986,1120.5207130922988,-635.2285760020627,72.41988372802734,337.49761962890625,939.9674072265625
1987,1116.4229109227633,-634.6269687358896,74.84312438964844,336.0472717285156,935.3167724609375
1988,1119.217253572929,-636.992087745989,74.56422424316406,339.1615905761719,938.9728393554688
1989,1115.1319195474202,-636.4320541089206,76.91595458984375,337.76824951171875,934.3319702148438
1990,1117.927238848886,-638.7604014476378,76.79267883300781,340.71734619140625,938.0565185546875
1991,1113.853406037207,-638.237365467547,79.07286071777344,339.3823547363281,933.4241943359375
1992,1116.6509505360536,-640.5393920297413,79.10800170898438,342.1555480957031,937.2222900390625
1993,1112.5864951718286,-640.0481897175922,81.31840515136719,340.87939453125,932.5973510742188
1994,1115.3925839421045,-642.3338778103115,81.50458526611328,343.470458984375,936.473876953125
1995,1111.3351767606648,-641.8693892816927,83.64701843261719,342.2535095214844,931.855224609375
1996,1114.157406245873,-644.1485802399811,83.9764175415039,344.6559753417969,935.8154296875
1997,1110.103962810559,-643.7059620089655,86.05276489257812,343.49859619140625,931.2017211914062
1998,1112.9520838158314,-645.9876254407769,86.51683807373047,345.70501708984375,935.2516479492188
1999,1108.8980862692954,-645.5630870605725,88.52900695800781,344.607666015625,930.6415405273438
2000,1111.7833390927476,-647.8558297227423,89.11869812011719,346.6105041503906,934.787353515625
2001,1107.7228592812273,-647.446588681533,91.06861877441406,345.57342529296875,930.1795043945312
2002,1110.6601705882135,-649.7557096848384,91.7727279663086,347.3696594238281,934.424072265625
2003,1106.5815890356366,-649.3631984532672,93.66239929199219,346.3932189941406,929.8169555664062
2004,1127.2202176768164,-632.446414492134,65.95843505859375,335.4179992675781,946.9600830078125
2005,1129.8883030289576,-634.8852638525816,65.76824188232422,338.6980895996094,950.7134399414062
2006,1131.221959983143,-633.2209010928352,63.660186767578125,336.952392578125,951.8601684570312
2007,1133.8928682937922,-629.931362546108,59.72005844116211,333.24884033203125,954.3080444335938
2008,1137.8526812622042,-630.8200591545461,57.42768478393555,334.875732421875,959.3316040039062
2009,1143.1374415319292,-624.6366439725434,50.424644470214844,327.0220947265625,964.7045288085938
2010,1145.7583647599918,-621.5691308041409,47.580360412597656,322.77154541015625,967.6238403320312
2011,1135.0876546416957,-622.4884836440326,55.64830017089844,323.4545593261719,954.6546630859375
2012,1137.6105119554534,-619.2289136149342,52.998653411865234,319.1219787597656,957.4644775390625
2013,1126.7426123580153,-620.4422514489204,61.391536712646484,319.8790283203125,944.9414672851562
2014,1129.2281151449145,-616.9792293136159,58.9273681640625,315.46856689453125,947.6055908203125
2015,1140.5041349510261,-627.6991220992779,53.722042083740234,331.0606384277344,961.9375610351562
2016,1136.5315434582142,-626.7120947254773,56.14623260498047,329.345458984375,956.8992919921875
2017,1132.5008887379022,-625.7661889502555,58.71284866333008,327.61676025390625,951.9656982421875
2018,1146.8524118496023,-636.6553214086966,56.02821731567383,342.7653503417969,972.863525390625
2019,1144.2995852541696,-634.2001503090632,55.45315933227539,339.7489929199219,968.5471801757812
2020,1142.9913043593353,-635.7370612694403,57.68328857421875,341.3729248046875,967.3861694335938
2021,1140.4306380398666,-633.2897641180722,57.35547637939453,338.24053955078125,963.2483520507812
2022,1139.0994788147495,-634.8650586244921,59.5131950378418,339.9363708496094,962.0642700195312
2023,1135.1764107658946,-634.0293621435934,61.50863265991211,338.4609375,956.8915405273438
2024,1141.753660802212,-631.7440863849365,55.28984069824219,336.4773254394531,964.4812622070312
2025,1132.5328401694292,-637.2880312521783,65.95669555664062,341.72198486328125,954.6878051757812
2026,1133.8493483948228,-635.650668563975,63.68748474121094,340.1408996582031,955.7534790039062
2027,1136.4781865513396,-638.0616024409325,64.10101318359375,343.0598449707031,959.8916015625
2028,1137.782363913982,-636.4532008606393,61.76287841796875,341.5466613769531,960.9424438476562
2029,1140.407905155006,-638.8839591183357,62.409610748291016,344.3515319824219,965.2600708007812
2030,1141.692226996774,-637.2981745367443,60.00356674194336,342.909423828125,966.2887573242188
2031,1144.3228609990556,-639.762499775397,60.89140701293945,345.5918884277344,970.8002319335938
2032,1145.5805261932435,-638.1936199116674,58.41876220703125,344.2239685058594,971.7990112304688
2033,1152.03841497657,-630.7478098348909,47.40334701538086,336.06109619140625,977.7543334960938
2034,1150.7314980542023,-632.193388081742,49.407012939453125,337.8624572753906,976.4404907226562
2035,1154.4743836999996,-633.2243198205947,47.719886779785156,339.4078674316406,981.9659423828125
2036,1147.0556720896107,-625.6961707584852,48.03298568725586,328.7823486328125,969.8779907226562
2037,1149.6845693793332,-622.7143630285758,45.08846664428711,324.5739440917969,972.8369140625
2038,1150.902935692954,-615.3649783197809,43.4676399230957,313.71905517578125,973.8619995117188
2039,1144.927910226843,-609.3435820962023,47.95610809326172,305.2635498046875,966.5077514648438
2040,1170.1271439226778,-616.4920645264177,32.77657699584961,313.67047119140625,1000.9526977539062
2041,1162.4801772902185,-613.5461343939402,37.03705978393555,310.1876220703125,989.7566528320312
2042,1163.6910889942378,-611.9846921760693,37.003841400146484,307.76434326171875,991.4976806640625
2043,1155.685236277826,-608.9711375077815,41.88493728637695,304.13934326171875,980.4761352539062
2044,1156.8182032411391,-607.3006417485949,42.02019119262695,301.7212219238281,982.1484985351562
2045,1148.340147769132,-604.172547292946,47.461063385009766,297.9975891113281,971.2671508789062
2046,1149.3592556565545,-602.3843494777559,47.79914093017578,295.60791015625,972.839111328125
2047,1140.5104226994945,-599.1567899899511,53.712093353271484,291.8543395996094,962.0240478515625
2048,1144.2801177069803,-591.5107078212569,55.842796325683594,282.46270751953125,967.81005859375
2049,1171.3821930191082,-615.0025768572048,32.851688385009766,311.2493896484375,1002.73681640625
2050,1172.6198828645518,-613.471199522602,33.166351318359375,308.8370056152344,1004.5137939453125
2051,1164.871092646395,-610.3841779019809,37.224117279052734,305.3497009277344,993.2332153320312
2052,1166.0126767660788,-608.7388474849528,37.713768005371094,302.9644470214844,994.9483032226562
2053,1157.9009160708065,-605.5908094637988,42.4354248046875,299.3351135253906,983.8009643554688
2054,1162.163552687866,-598.4960270199426,45.1939582824707,289.98345947265625,990.2791748046875
2055,1162.514702146184,-619.412750661594,36.1395378112793,319.12640380859375,990.0992431640625
2056,1166.2531033509479,-620.7784960946299,34.042423248291016,320.8616638183594,995.6539306640625
2057,1167.5601073720063,-619.3673184224393,33.38703536987305,318.4922790527344,997.3998413085938
2058,1153.288512001057,-640.1287329480638,55.80934143066406,346.6626892089844,983.2818603515625
2059,1150.6813064407002,-637.6153235762094,54.557430267333984,344.1000061035156,978.4876098632812
2060,1148.1362364690644,-635.1447091940483,53.725379943847656,341.2178649902344,973.9927368164062
2061,1145.6128169634019,-632.6865625706017,53.31618881225586,338.04791259765625,969.7642822265625
2062,1163.6263649271834,-623.5429467977676,35.965293884277344,325.4597473144531,992.2646484375
2063,1169.8862731239449,-622.1675984891367,32.13599395751953,322.5614929199219,1001.2675170898438
2064,1172.132970530793,-624.8776663885292,31.31576919555664,326.5618591308594,1005.2026977539062
2065,1174.256209291265,-627.5984948639127,30.957565307617188,330.4775085449219,1009.2380981445312
2066,1150.898678358419,-626.7795200550277,45.80158233642578,330.5189514160156,975.1586303710938
2067,1157.3004908974233,-625.0708188711013,40.5905647277832,328.1046447753906,983.5547485351562
2068,1162.3115891547852,-624.9044636110866,37.20240783691406,327.6722717285156,990.6331787109375
2069,1165.92373951312,-626.169996871866,35.36387252807617,329.3645935058594,996.2124633789062
2070,1169.461603491952,-627.4697322500966,33.7248420715332,331.0273132324219,1001.867919921875
2071,1172.9211165849904,-628.8399068254804,32.2957763671875,332.6661376953125,1007.60009765625
2072,1176.320278761916,-630.2815451115076,31.087047576904297,334.2867126464844,1013.41015625
2073,1151.9302736316056,-636.1264521509938,52.181610107421875,342.63409423828125,979.5755615234375
2074,1154.4698695544257,-638.6246386535106,53.28025817871094,345.3747863769531,984.2534790039062
2075,1155.6768010562805,-637.1516667867654,50.83139419555664,343.9960632324219,985.2909545898438
2076,1158.216782922993,-639.6889744877461,52.20611572265625,346.5931091308594,990.1616821289062
2077,1159.3747919207547,-638.2268098490728,49.68423843383789,345.3075256347656,991.1390991210938
2078,1161.9218200232187,-640.8083989987575,51.34438705444336,347.75848388671875,996.2122802734375
2079,1163.0219836630663,-639.3554084693054,48.74973678588867,346.5724182128906,997.1202392578125
2080,1165.5796285745803,-641.9803732349868,50.7044677734375,348.8746337890625,1002.4057006835938
2081,1166.610269745726,-640.5386322506799,48.03742218017578,347.7945251464844,1003.23486328125
2082,1169.1698816694116,-643.1915024320932,50.29579544067383,349.9449768066406,1008.7420654296875
2083,1170.1211437829884,-641.7752651447842,47.55683135986328,348.9776306152344,1009.4830932617188
2084,1172.6779669890939,-644.4749074998023,50.12770080566406,350.9730224609375,1015.2215576171875
2085,1173.531163782296,-643.0655773177114,47.3175048828125,350.1257019042969,1015.8649291992188
2086,1149.4303028344998,-633.6579808563517,51.51638412475586,339.58245849609375,975.185791015625
2087,1153.1955680531946,-634.663667665586,49.90008544921875,341.06866455078125,980.7360229492188
2088,1156.9069562696159,-635.7075190288878,48.476951599121094,342.50518798828125,986.4100341796875
2089,1160.5630290198728,-636.7979056138912,47.25663757324219,343.89630126953125,992.2080688476562
2090,1164.1603298807663,-637.94113866122,46.24885559082031,345.2459411621094,998.1304321289062
2091,1167.689392626791,-639.142810621431,45.463260650634766,346.5585021972656,1004.177490234375
2092,1171.1309838377592,-640.4073220686173,44.9095344543457,347.8379211425781,1010.3494262695312
2093,1174.4527770268758,-641.7283903521786,44.59737014770508,349.08831787109375,1016.6464233398438
2094,1176.1233172268815,-645.6648478733277,50.209598541259766,351.96234130859375,1021.844482421875
2095,1176.7933655148236,-644.3244375092005,47.32891082763672,351.2425537109375,1022.3807373046875
2096,1177.563154061364,-643.0938030190349,44.536354064941406,350.3138122558594,1023.06884765625
2097,1178.4590388466067,-641.9440166661698,41.85171127319336,349.1900939941406,1023.8985595703125
2098,1158.1566979232791,-634.2899884432264,46.22538757324219,340.907470703125,987.6069946289062
2099,1161.777412900559,-635.3999703303309,44.93328857421875,342.3658142089844,993.3638916015625
2100,1165.3325883420641,-636.5632961851117,43.8533935546875,343.787109375,999.237060546875
2101,1168.812191859237,-637.7896109480728,42.995506286621094,345.1758117675781,1005.2269287109375
2102,1172.195560005581,-639.0890240850496,42.3693962097168,346.53631591796875,1011.3336181640625
2103,1175.440041794253,-640.4682292606014,41.9848747253418,347.8728942871094,1017.557373046875
2104,1179.4799850428562,-640.8606179309756,39.290382385253906,347.88702392578125,1024.858642578125
2105,1155.76438370229,-631.8054561953254,45.648048400878906,337.65618896484375,983.2620239257812
2106,1159.4227930952352,-632.8965485148381,44.08469009399414,339.2086486816406,988.8776245117188
2107,1163.0145550582488,-634.0301878926299,42.72316360473633,340.7231140136719,994.6015014648438
2108,1166.535197377906,-635.2185711130953,41.57345199584961,342.20416259765625,1000.4340209960938
2109,1169.9749703807047,-636.4752201311303,40.645389556884766,343.656494140625,1006.3757934570312
2110,1173.3127156891078,-637.8173750467339,39.94892883300781,345.0846252441406,1012.427001953125
2111,1176.5054675696158,-639.265333796782,39.493961334228516,346.4932861328125,1018.5877685546875
2112,1180.6210524456174,-639.8313294092334,36.867149353027344,346.4188232421875,1025.9388427734375
2113,1153.3550396098897,-629.3117685566219,45.51197052001953,334.1816711425781,979.1249389648438
2114,1157.0623153470972,-630.4053240368304,43.691898345947266,335.8179016113281,984.62109375
2115,1160.7028053427832,-631.5240396974411,42.06304931640625,337.4139404296875,990.218017578125
2116,1164.2716702704909,-632.6853121912013,40.635498046875,338.9746398925781,995.9161376953125
2117,1167.7653268039,-633.9033000194349,39.419193267822266,340.50494384765625,1001.7156982421875
2118,1171.175159201643,-635.1952230134664,38.42420959472656,342.0096740722656,1007.6174926757812
2119,1174.481429556082,-636.5865513511802,37.66053009033203,343.49371337890625,1013.6217041015625
2120,1177.648905993229,-638.1098410657341,37.13819122314453,344.9617919921875,1019.7285766601562
2121,1181.8725922534552,-638.8115758503726,34.5978889465332,344.7961120605469,1027.13134765625
2122,1183.231814270117,-637.8035688665059,32.49908447265625,343.0282897949219,1028.4293212890625
2123,1180.1636211108514,-635.8812208628322,32.89112091064453,341.4797058105469,1022.3151245117188
2124,1178.8687941364767,-636.9857519169208,34.932159423828125,343.2877502441406,1020.97314453125
2125,1176.96701415344,-634.2176870529293,33.534332275390625,339.9259948730469,1016.291748046875
2126,1175.7003969093944,-635.3892934451069,35.517662048339844,341.7716979980469,1014.9117431640625
2127,1173.6813676570202,-632.7144054921654,34.41852951049805,338.36175537109375,1010.3585815429688
2128,1172.4110827546626,-633.9440076201561,36.344268798828125,340.24261474609375,1008.9467163085938
2129,1170.3000435082188,-631.3427820883679,35.53355026245117,336.7818603515625,1004.51513671875
2130,1169.0208317913468,-632.6131273596246,37.401939392089844,338.6956787109375,1003.0774536132812
2131,1166.8375693986652,-630.0545658071129,36.86911392211914,335.1810302734375,998.7610473632812
2132,1165.546584494551,-631.3615908549411,38.68051528930664,337.1256103515625,997.3038940429688
2133,1163.2967678654302,-628.8273970149647,38.415061950683594,333.5540466308594,993.0953369140625
2134,1161.9949583621087,-630.1686359785864,40.16988754272461,335.52764892578125,991.625
2135,1159.6813282126673,-627.6398541957711,40.16114044189453,331.8954772949219,987.5177612304688
2136,1158.3670520590001,-629.0203022740139,41.859928131103516,333.8963928222656,986.0406494140625
2137,1154.6660610046297,-627.8957052948197,43.74053955078125,332.22698974609375,980.5501098632812
2138,1160.9936068251657,-626.2738135534393,38.605186462402344,329.8191833496094,989.0496215820312
2139,1164.6069958284768,-627.4957136806923,36.809242248535156,331.4979553222656,994.6256713867188
2140,1168.1430121207957,-628.759268582384,35.2130126953125,333.1463317871094,1000.28369140625
2141,1171.6009438896224,-630.0868941829003,33.826839447021484,334.76995849609375,1006.024169921875
2142,1174.9846194813842,-631.4976737553396,32.66102600097656,336.3741149902344,1011.8480834960938
2143,1178.2755453480831,-633.0654032738006,31.725889205932617,337.96441650390625,1017.755859375
2144,1186.7177993512107,-608.7035596785696,33.8598518371582,300.380615234375,1024.7093505859375
2145,1181.423970346656,-615.0973357559204,30.567121505737305,309.7969970703125,1017.7032470703125
2146,1178.8141578878774,-618.0930472281422,29.5211124420166,314.5931396484375,1014.130615234375
2147,1186.1177752700785,-621.3702773201251,27.104808807373047,317.8472595214844,1025.684326171875
2148,1184.7248149620577,-622.7590408652825,26.746667861938477,320.2575988769531,1023.8847045898438
2149,1177.5025685277515,-619.5222364112992,29.316242218017578,317.0104675292969,1012.3270874023438
2150,1183.3162025623865,-624.0961303548511,26.726299285888672,322.6917724609375,1022.0680541992188
2151,1181.899673799909,-625.3893892409382,27.043710708618164,325.11883544921875,1020.25732421875
2152,1180.4853307196715,-626.6474681813711,27.66809844970703,327.5101013183594,1018.4729614257812
2153,1173.4810369179863,-623.5843195587776,30.430952072143555,324.2320861816406,1006.941162109375
2154,1179.080926245948,-627.878817419085,28.567726135253906,329.8443603515625,1016.7301635742188
2155,1190.4903751808517,-627.7086804133227,25.00553321838379,325.90350341796875,1033.834716796875
2156,1192.0216343237325,-626.3824862502212,25.15843391418457,323.4648132324219,1035.6368408203125
2157,1171.5130928708663,-583.9518160725778,50.93105697631836,271.2748718261719,1003.2193603515625
2158,1189.3848928556965,-591.5833020031272,43.27029037475586,278.312255859375,1026.9896240234375
2159,1197.9106905071862,-595.1888982823299,40.384029388427734,281.56890869140625,1038.720458984375
2160,1177.6877700261662,-629.0892163167259,29.71563148498535,332.1072692871094,1015.03955078125
2161,1114.131811871459,-543.3016216875382,87.98700714111328,230.56356811523438,937.9385986328125
2162,1107.8247475272146,-561.128246257294,83.92903137207031,249.77792358398438,930.334228515625
2163,1131.4409944237864,-568.1713208108113,71.82585906982422,256.1446838378906,955.1953735351562
2164,1102.7345696585867,-469.1489930035118,127.60063934326172,163.0348358154297,927.536865234375
2165,1104.8375077100693,-459.0181911608808,134.0850067138672,155.09767150878906,929.7115478515625
2166,1067.350526580352,-451.0067391867164,144.67909240722656,153.3759765625,893.5189819335938
2167,1106.7821588739635,-448.5570675331833,141.4072723388672,147.5994415283203,931.7807006835938
2168,1091.1490993860104,-413.74106590051684,169.87156677246094,128.22018432617188,916.6898193359375
2169,1090.2072458688153,-423.74304105955855,161.80487060546875,133.55491638183594,915.7702026367188
2170,1100.8414449956367,-416.1196096001008,167.92808532714844,129.40325927734375,926.137939453125
2171,1099.9488977704,-425.9189524190768,159.7215118408203,134.3574981689453,925.2744750976562
2172,1092.0612310610193,-403.6954796043601,178.27398681640625,123.35021209716797,917.5007934570312
2173,1111.323025414989,-408.84928618448254,174.5864715576172,126.64684295654297,936.2727661132812
2174,1110.4951437452037,-418.58821732299907,165.92604064941406,130.7677459716797,935.6112670898438
2175,1128.638832662555,-433.4205943521732,153.08016967773438,137.8548583984375,953.855712890625
2176,1129.4634048767266,-423.9869115730389,161.7880859375,134.05397033691406,954.5111083984375
2177,1119.214667156186,-430.7382566692739,155.34701538085938,136.5037078857422,944.347900390625
2178,1126.3426206842794,-448.42928323976014,140.17112731933594,145.9609375,951.6179809570312
2179,1136.4553104416077,-446.07321652219656,141.89471435546875,144.173095703125,961.986572265625
2180,1127.2731114066003,-443.2905794327189,144.42576599121094,142.90316772460938,952.5504760742188
2181,1152.5042026885594,-576.0003514252326,60.63832473754883,263.64141845703125,979.354736328125
2182,1139.187242902799,-551.4020586367225,76.624267578125,237.14437866210938,964.8909912109375
2183,1161.6702554576227,-560.2107166218954,66.0829086303711,244.8378143310547,990.8657836914062
2184,1140.4458402244566,-469.6310998601883,122.42278289794922,159.26869201660156,966.1781005859375
2185,1157.0331800574816,-475.7365004046853,116.47455596923828,162.22775268554688,984.0398559570312
2186,1160.2429680081407,-465.48332897469885,124.85646057128906,154.9315185546875,987.267333984375
2187,1137.4529526908207,-479.54538344800955,115.60372161865234,167.28111267089844,963.05224609375
2188,1169.081388037165,-491.5745019615086,103.43799591064453,173.5960693359375,997.4752197265625
2189,1171.0445129065781,-486.9227233288353,106.81405639648438,169.54373168945312,999.5187377929688
2190,1197.3697920543584,-504.36000923823104,91.94380187988281,181.04054260253906,1030.0709228515625
2191,1181.6851350569589,-447.3515858178899,144.11126708984375,148.67794799804688,1008.99365234375
2192,1173.4677996466987,-444.0460480223686,146.30885314941406,146.1530303955078,1000.2297973632812
2193,1181.0627019708666,-452.0862049851302,139.12672424316406,149.63328552246094,1008.8323364257812
2194,1172.8786431582116,-448.75085715945835,141.4338836669922,147.2816619873047,1000.0239868164062
2195,1180.6863565242045,-454.4844791950574,136.6175994873047,150.28970336914062,1008.6386108398438
2196,1195.1886143237978,-466.16387471646397,126.76225280761719,156.58273315429688,1025.1644287109375
2197,1194.5818009789423,-468.6412623505784,124.14798736572266,157.4932098388672,1024.73779296875
2198,1179.7533343481277,-459.3413659341303,131.59219360351562,151.98037719726562,1008.0120849609375
2199,1179.207072239779,-461.8216300955044,129.08856201171875,153.0217742919922,1007.5751953125
2200,1161.6580741458774,-460.27845708247946,129.4615936279297,151.72528076171875,988.6505737304688
2201,1143.2258984635062,-459.2342555188725,130.4593505859375,151.8450469970703,969.0584106445312
2202,1125.2169806596476,-453.70256461379626,136.01449584960938,149.3867645263672,950.5000610351562
2203,1180.2453640562828,-456.8990739731295,134.10414123535156,151.0708770751953,1008.3659057617188
2204,1172.0978306474526,-453.56976179748926,136.52540588378906,148.8721923828125,999.5322265625
2205,1163.749737770862,-450.2626002380031,138.97093200683594,146.81134033203125,990.5365600585938
2206,1195.7367027665068,-463.70819735751815,129.3857879638672,155.8125457763672,1025.4993896484375
2207,1198.0645128585593,-449.306706259093,144.9801483154297,153.8209228515625,1025.78662109375
2208,1189.6536066606366,-450.7446248287586,141.94862365722656,151.3194122314453,1017.5771484375
2209,1197.410432749524,-454.06720088944456,139.8321075439453,154.0576171875,1025.9700927734375
2210,1188.956176492881,-455.4881598109077,136.85507202148438,152.10501098632812,1017.4623413085938
2211,1196.6649314820017,-458.8585702462787,134.63101196289062,154.6780242919922,1025.9033203125
2212,1196.2303545381722,-461.2728951949961,132.0109405517578,155.17892456054688,1025.744873046875
2213,1213.0134544255432,-455.89615702150974,141.13003540039062,159.83522033691406,1041.8529052734375
2214,1204.9234491177435,-457.4636539294331,137.77296447753906,156.87266540527344,1034.164794921875
2215,1212.2192985735312,-460.76321145235636,135.78244018554688,159.744384765625,1042.1536865234375
2216,1204.1011406783439,-462.27784885288963,132.46658325195312,157.3330078125,1034.1475830078125
2217,1211.346688736935,-465.63047324595067,130.37387084960938,160.0504150390625,1042.1871337890625
2218,1210.8546743253537,-468.06782692166837,127.6488037109375,160.40101623535156,1042.0703125
2219,1176.0255709031264,-420.0744329124614,171.10366821289062,142.52850341796875,1000.1100463867188
2220,1165.4519039367806,-436.1635277721106,153.26889038085938,142.78819274902344,991.3495483398438
2221,1165.0212837442875,-440.78389159432226,148.53013610839844,143.76271057128906,991.2979125976562
2222,1164.4737778031097,-445.467584718864,143.7644805908203,145.0675811767578,991.0499267578125
2223,1155.1339414405168,-447.1003484289564,141.42788696289062,144.90347290039062,981.3946533203125
2224,1089.0546640288514,-433.93015063066457,153.99771118164062,139.62257385253906,914.5890502929688
2225,1109.6500311087282,-428.21139019035184,157.56483459472656,135.33877563476562,934.8108520507812
2226,1120.0439894994438,-421.2192913791469,163.87588500976562,132.3174285888672,945.0789184570312
2227,1120.8467480351512,-411.5826661485173,172.68374633789062,128.57699584960938,945.6553955078125
2228,1112.1801197777747,-398.88896935157175,183.5792694091797,122.85843658447266,936.8545532226562
2229,1121.678458844834,-401.7013146349624,181.81643676757812,125.12957000732422,946.1564331054688
2230,1113.0896604760605,-388.77868673141586,192.8650665283203,119.44844818115234,937.34033203125
2231,1123.5389141736266,-381.4383182938484,200.9013671875,119.29619598388672,946.87939453125
2232,1119.0081255982561,-336.7972942245783,242.31106567382812,108.36846923828125,938.551513671875
2233,1116.3061757856824,-357.78341318949236,222.1253662109375,111.79126739501953,938.2456665039062
2234,1125.80780613119,-360.6542300044893,220.84996032714844,115.07929229736328,947.2579345703125
2235,1115.1269567169354,-368.2065366375222,212.17166137695312,113.89156341552734,938.0304565429688
2236,1114.0572437009664,-378.54222268907455,202.407470703125,116.45024108886719,937.7307739257812
2237,1092.996623600973,-393.54118325266427,187.01568603515625,118.89798736572266,918.2268676757812
2238,1093.961445502255,-383.2959645664681,196.05953979492188,114.89901733398438,918.8571166992188
2239,1094.9770607764895,-372.9815531999268,205.36949157714844,111.38015747070312,919.3907470703125
2240,1096.068896373843,-362.6138898626701,214.91015625,108.36479949951172,919.8291625976562
2241,1097.2579119805814,-352.2013766619515,224.6471405029297,105.86932373046875,920.17529296875
2242,1099.9188555871156,-331.30272208872714,244.40863037109375,101.78714752197266,920.7161865234375
2243,1102.8897137105955,-310.3391277630467,264.3609313964844,98.41658020019531,921.14794921875
2244,1095.0838571510499,-243.04582053856652,325.4187316894531,85.83528900146484,904.7473754882812
2245,1109.8379815508185,-268.4014659781068,304.6981506347656,93.8737564086914,921.6915283203125
2246,1129.0686040556925,-273.26087191208535,303.8597412109375,101.65938568115234,939.0421752929688
2247,1148.5541121833662,-278.22817687146846,303.0215759277344,110.42831420898438,956.3320922851562
2248,1121.9978396456843,-315.6835935583093,262.6834411621094,105.5243911743164,938.7835693359375
2249,1141.2150348087725,-321.1897980075332,260.9983215332031,113.5611343383789,956.3338012695312
2250,1068.4586195949453,-440.72666773937783,151.24594116210938,145.9818572998047,894.7427978515625
2251,1087.5938635932855,-444.3393852688498,146.52279663085938,146.47914123535156,913.1173706054688
2252,1108.4380909337467,-438.2013562957656,149.34934997558594,140.90692138671875,933.5548706054688
2253,1131.0821546163,-404.6303021342037,180.0342254638672,127.59346771240234,955.4116821289062
2254,1132.969685732966,-384.39644967318674,199.38644409179688,122.34479522705078,955.9757690429688
2255,1135.2928614702837,-363.5954070292284,219.571044921875,118.57805633544922,956.2169189453125
2256,1169.6668445159992,-396.6036553235475,193.35630798339844,136.36692810058594,991.3346557617188
2257,1160.6824054226124,-393.53447586659854,194.84762573242188,132.61585998535156,982.693115234375
2258,1158.5346206048766,-413.768160722228,174.6488494873047,136.07977294921875,982.634521484375
2259,1149.5309759256124,-410.6692419784341,176.44268798828125,133.078125,973.6748657226562
2260,1147.8422546036038,-429.8885965223632,157.541259765625,138.07778930664062,973.1575927734375
2261,1138.7415160204152,-426.8874673575019,159.67306518554688,135.9756317138672,963.8795166015625
2262,1147.4627033307197,-434.5050250961742,152.99891662597656,139.44775390625,972.9953002929688
2263,1172.4698927282202,-375.5781901222827,214.51280212402344,134.43724060058594,991.0182495117188
2264,1151.55913191111,-390.45593012136976,196.3536834716797,129.0171356201172,973.9061279296875
2265,1140.3737956473349,-407.6186871563409,178.24038696289062,130.2455596923828,964.5929565429688
2266,1216.293201894197,-435.7716368245939,162.84854125976562,160.25123596191406,1040.638671875
2267,1224.0620987172003,-393.1263904421442,207.60382080078125,161.3607177734375,1038.3203125
2268,1204.0172177825202,-408.8024008045984,187.65554809570312,152.42860412597656,1024.176513671875
2269,1207.5687718435663,-387.4022921093304,209.767333984375,152.27261352539062,1023.3053588867188
2270,1190.3406705279488,-381.544164085712,212.0825958251953,143.21414184570312,1007.5247802734375
2271,1197.8319885778542,-337.89909353572295,256.1181945800781,142.08013916015625,1006.4325561523438
2272,1142.315180049369,-387.41955444118474,197.8685760498047,125.58868408203125,964.992919921875
2273,1206.61448774946,-293.25776583770926,300.6114196777344,141.3038787841797,1005.7385864257812
2274,1187.5161801380473,-288.2959006113528,301.38714599609375,130.44595336914062,989.8471069335938
2275,1168.1023874893374,-283.2640522336831,302.1939392089844,120.07817840576172,973.3314208984375
2276,1095.894345323124,-498.37385469901545,112.500732421875,188.67776489257812,920.4634399414062
2277,1127.467168071654,-507.1185672359795,101.04237365722656,193.28094482421875,952.7521362304688
2278,1130.8761194260258,-498.03049081320034,105.2841567993164,184.35618591308594,956.306640625
2279,1156.0794239675217,-517.5319633843733,89.62809753417969,199.93637084960938,983.9647827148438
2280,1160.4967548122129,-509.0280805601634,93.5528793334961,190.9100341796875,988.6119384765625
2281,1181.684167862865,-528.6757350844852,78.88541412353516,207.67730712890625,1013.6909790039062
2282,1187.001480217668,-520.7383427696026,82.46412658691406,198.54315185546875,1019.3211669921875
2283,1204.674501655457,-539.3825110462982,69.44275665283203,215.3166961669922,1041.9320068359375
2284,1210.7172931821062,-531.9573798135556,72.70915985107422,206.05575561523438,1048.3505859375
2285,1164.917362298536,-500.48869556553916,97.85426330566406,182.05601501464844,993.16650390625
2286,1192.3602127436793,-512.7773431333782,86.36199188232422,189.5327911376953,1024.8751220703125
2287,1194.9183231486882,-508.6442315814324,88.90653228759766,185.204833984375,1027.53076171875
2288,1216.8207196883575,-524.4915305042075,76.25000762939453,196.87818908691406,1054.7119140625
2289,1219.7179640490049,-520.5630254648908,78.78764343261719,192.5200653076172,1057.7271728515625
2290,1222.4582781122522,-516.4568694581368,81.96234130859375,188.4197235107422,1060.5560302734375
2291,1225.0216903637502,-512.2179129517904,85.74452209472656,184.6378173828125,1063.15576171875
2292,1212.6622824605197,-506.22490621311385,90.36046600341797,180.920166015625,1048.1195068359375
2293,1134.251250853739,-488.91767266658997,109.96431732177734,175.65321350097656,959.7626342773438
2294,1203.9310823091585,-490.38242597379235,104.00942993164062,169.95504760742188,1036.735107421875
2295,1201.8764981340871,-495.21725336485093,99.517333984375,173.36346435546875,1034.7044677734375
2296,1217.1809502130998,-496.94429756638533,99.19182586669922,174.1283416748047,1052.4864501953125
2297,1215.008319983553,-501.66696932765564,94.53743743896484,177.34336853027344,1050.4278564453125
2298,1229.6305776864222,-503.1746879942305,94.90567016601562,178.2546844482422,1067.51318359375
2299,1227.4204980180195,-507.7861546794519,90.08252716064453,181.2329864501953,1065.48583984375
2300,1235.5066576539773,-506.1582500787276,92.99781036376953,180.27284240722656,1074.724609375
2301,1199.684505726319,-499.87975109767945,95.48397064208984,177.0764617919922,1032.4725341796875
2302,1172.933754767518,-482.1150646159507,110.59896850585938,165.65516662597656,1001.4661865234375
2303,1210.3060566384177,-470.51940941625173,124.91867065429688,160.88880920410156,1041.86083984375
2304,1200.8155404883275,-429.5517586671188,166.00778198242188,153.0077667236328,1025.0096435546875
2305,1187.1956231363795,-402.7666473163704,190.4412841796875,144.238037109375,1008.1207885742188
2306,1167.3693102462755,-416.9011880924189,172.86660766601562,139.23587036132812,991.4518432617188
2307,1156.7488574522174,-432.98720247551034,155.40306091308594,140.35238647460938,982.3214111328125
2308,1156.3471724012097,-437.6007511186382,150.76390075683594,141.5231475830078,982.2135009765625
2309,1155.8300767899066,-442.28502852453397,146.10647583007812,143.006591796875,981.9257202148438
2310,1146.3299955899008,-444.00340971016374,143.88340759277344,143.16078186035156,972.1254272460938
2311,1137.2656309729334,-441.0882078852881,146.32464599609375,141.5930633544922,962.7504272460938
2312,1128.0370394700883,-438.29140038782407,148.73876953125,140.20651245117188,953.2942504882812
2313,1117.9189867607047,-440.6689138776089,146.9151611328125,141.8144073486328,943.0637817382812
2314,1235.905387013955,-486.1175013792984,114.24675750732422,171.8367156982422,1071.788818359375
2315,1236.6064376083013,-483.6238015804797,117.15010070800781,171.49081420898438,1071.9974365234375
2316,1223.9136032834558,-477.20944228922406,120.80574798583984,166.1545867919922,1057.386962890625
2317,1224.5180879143686,-474.73348506512315,123.63111114501953,165.80908203125,1057.5517578125
2318,1226.1183576992225,-467.31246299749716,132.05224609375,165.5828399658203,1057.4844970703125
2319,1227.0688105534778,-462.3306320945178,137.58712768554688,165.96356201171875,1057.0716552734375
2320,1219.2820623355747,-464.0990545913834,133.8717803955078,162.65353393554688,1049.929931640625
2321,1205.8382550797337,-485.4459040231358,108.90518951416016,166.89256286621094,1038.5406494140625
2322,1219.185256970915,-492.0749850747669,104.25541687011719,171.31275939941406,1054.2723388671875
2323,1231.6699509960156,-498.4066857034463,100.13040161132812,175.73399353027344,1069.21728515625
2324,1237.5660996593112,-501.43165612910866,98.30052947998047,177.9186553955078,1076.3621826171875
2325,1239.4358221943844,-496.59170443231454,103.89305114746094,176.0940399169922,1077.622802734375
2326,1233.522095299722,-493.527349481744,105.65460968017578,173.73104858398438,1070.55810546875
2327,1232.6245536087667,-495.9742688900891,102.86410522460938,174.65785217285156,1069.93994140625
2328,1220.9968681370135,-487.1184461306084,109.62789154052734,168.9870147705078,1055.7259521484375
2329,1220.1229459047113,-489.59766265068777,106.91366577148438,170.0734405517578,1055.0511474609375
2330,1207.5737494081425,-480.4309222252522,114.10763549804688,164.2868194580078,1040.04931640625
2331,1206.7382439051523,-482.9357041337343,111.47970581054688,165.51373291015625,1039.3448486328125
2332,1193.17488346975,-473.66253135292266,118.98137664794922,159.7476043701172,1023.6034545898438
2333,1191.49014572202,-478.7717343889226,113.9649887084961,162.59237670898438,1022.0919799804688
2334,1176.4108601512628,-472.0307587117403,119.3202133178711,158.556396484375,1004.9791259765625
2335,1174.7403706093064,-477.15675365988903,114.77922058105469,161.97889709472656,1003.293212890625
2336,1177.9343860381744,-466.8696948180707,124.13676452636719,155.51197814941406,1006.4468994140625
2337,1193.9121096559168,-471.14106652948374,121.55123138427734,158.54721069335938,1024.2177734375
2338,1208.3450103925713,-477.9365888597348,116.77581787109375,163.21360778808594,1040.65185546875
2339,1221.8089740269709,-484.6399501462699,112.38490295410156,168.05479431152344,1056.29541015625
2340,1234.3663155679478,-491.06888282565706,108.4891357421875,172.9538116455078,1071.071044921875
2341,1241.1087765714447,-491.6805930951715,109.66316986083984,174.84765625,1078.4720458984375
2342,1233.832038348592,-522.0555925723281,77.80223846435547,191.7914581298828,1074.8748779296875
2343,1230.9793209451723,-526.0346399682392,74.51704406738281,195.83700561523438,1071.9686279296875
2344,1242.9420205347678,-529.1333297711205,72.52598571777344,196.83401489257812,1086.9827880859375
2345,1241.4617826334459,-531.0610650132203,70.906005859375,198.8751678466797,1085.47802734375
2346,1251.0384622972258,-535.682918962583,68.0545654296875,201.7873992919922,1098.1187744140625
2347,1260.722596532637,-507.51015952072476,98.67499542236328,185.53407287597656,1103.019775390625
2348,1255.7517160181635,-505.00099306153373,99.67721557617188,183.132080078125,1097.152587890625
2349,1253.863880233399,-509.7587401766473,93.91336822509766,184.34877014160156,1096.2364501953125
2350,1248.6735587479286,-507.11780338460665,95.17768859863281,182.2117462158203,1089.903564453125
2351,1252.8561912404305,-512.0811104786249,91.11516571044922,185.16107177734375,1095.62841796875
2352,1246.6111592904524,-511.7562713831431,89.7243423461914,184.1923065185547,1088.455322265625
2353,1241.8799096217613,-520.549238982307,80.0126724243164,189.79940795898438,1084.3612060546875
2354,1249.5326677098828,-518.8154790978842,83.20054626464844,188.479736328125,1093.1590576171875
2355,1244.3517278267643,-516.2374928821572,84.6321792602539,186.72679138183594,1086.60400390625
2356,1250.692465344941,-516.6118050431569,85.7441635131836,187.2266082763672,1094.0897216796875
2357,1251.7993903932054,-514.3665251933486,88.38739776611328,186.12013244628906,1094.9129638671875
2358,1242.615156611742,-486.7141227220845,115.5259780883789,174.15957641601562,1078.9229736328125
2359,1218.3185735770405,-469.0017388895507,128.364990234375,162.8120574951172,1050.0146484375
2360,1225.082160480365,-472.25788004965744,126.4520034790039,165.60118103027344,1057.6212158203125
2361,1237.2742579719509,-481.1251127132315,120.0578842163086,171.2823944091797,1072.1087646484375
2362,1260.723034112739,-489.9322938249454,117.66608428955078,182.3588409423828,1097.784423828125
2363,1253.896015726525,-492.4509473162304,112.74951171875,179.47621154785156,1091.9136962890625
2364,1259.1556557259837,-495.0717688250048,111.62289428710938,182.15704345703125,1097.91162109375
2365,1252.289782972211,-497.44499826892854,106.77388763427734,179.8739471435547,1091.6180419921875
2366,1257.510588943456,-500.09911231575063,105.60517883300781,182.40789794921875,1097.7060546875
2367,1250.5577344291721,-502.3411553302245,100.89031219482422,180.77923583984375,1090.9527587890625
2368,1238.35728861989,-534.7662325284646,68.2823257446289,203.24087524414062,1082.2626953125
2369,1227.942812192759,-529.8373473245578,71.9504165649414,200.20294189453125,1068.829833984375
2370,1231.8052221506248,-541.8012547078905,64.9807357788086,212.59033203125,1075.38232421875
2371,1225.30355303194,-548.8843487062547,61.93024444580078,221.99778747558594,1068.458984375
2372,1238.8844719934086,-574.4429894324355,49.49365234375,250.02322387695312,1089.840576171875
2373,1230.5470065632842,-570.8632037147056,50.88032150268555,246.95486450195312,1078.498291015625
2374,1221.8688402066246,-567.1016708879001,52.998565673828125,243.91114807128906,1066.774658203125
2375,1212.7414766183385,-563.1144022889576,55.780120849609375,240.78945922851562,1054.6260986328125
2376,1193.0016423129346,-554.2960297675174,63.059669494628906,233.90855407714844,1029.05615234375
2377,1171.3798502914046,-544.6109550956279,72.17247772216797,226.15264892578125,1002.3240356445312
2378,1147.4384296185294,-534.5179428941,82.57108306884766,218.35491943359375,974.5013427734375
2379,1120.7062447256196,-525.2541967542707,93.7097396850586,211.65602111816406,945.4364624023438
2380,1091.1293134116067,-517.6242746175762,105.04364776611328,206.99880981445312,915.3632202148438
2381,1243.3681298998306,-557.0936508226284,56.9769401550293,227.993896484375,1092.611572265625
2382,1251.5440630153475,-560.867611442002,55.65665054321289,231.0370635986328,1103.8448486328125
2383,1249.9510401506482,-550.300096229153,59.9706916809082,218.48733520507812,1099.6842041015625
2384,1258.0410574372938,-554.1557253867414,58.70130157470703,221.52635192871094,1110.858154296875
2385,1257.3911814986907,-548.9113082697388,60.71857452392578,215.2225341796875,1108.8792724609375
2386,1261.3361524191373,-550.8703277181428,60.215049743652344,216.7659454345703,1114.368408203125
2387,1264.6546511162512,-547.5579743631514,62.020565032958984,212.07960510253906,1117.82421875
2388,1260.714259008381,-545.5714652401638,62.5006103515625,210.53091430664062,1112.3580322265625
2389,1256.6287852218945,-543.5407267795046,63.22197341918945,209.03578186035156,1106.7156982421875
2390,1253.2950895212466,-546.9226797041532,61.454872131347656,213.7266845703125,1103.2259521484375
2391,1247.884006854108,-539.3132925445525,65.3410415649414,206.1363983154297,1094.878662109375
2392,1241.2244795540457,-546.2017261997391,62.092689514160156,215.55189514160156,1087.8756103515625
2393,1255.3824629100754,-529.8735796783561,73.77095794677734,196.20211791992188,1102.2969970703125
2394,1241.1775209877521,-509.0133210479953,91.26590728759766,182.25254821777344,1081.71240234375
2395,1238.9273998501017,-513.5258579082943,86.26582336425781,184.94752502441406,1079.7838134765625
2396,1236.4799774861972,-517.8840283493207,81.74605560302734,188.14146423339844,1077.494384765625
2397,1244.371234192493,-527.1602261968347,74.3362808227539,194.9040985107422,1088.4066162109375
2398,1252.5404584666665,-533.7971066139203,69.75780487060547,199.78561401367188,1099.6134033203125
2399,1259.8155380177511,-539.9876413035685,66.06295013427734,204.72633361816406,1109.9283447265625
2400,1261.5063900830812,-519.2122700015897,86.38487243652344,190.05023193359375,1106.954833984375
2401,1262.5727653953572,-516.9369280476077,89.19083404541016,189.3183135986328,1107.520263671875
2402,1257.813347663002,-514.5763695617057,90.0364761352539,187.21543884277344,1101.723388671875
2403,1268.2097631491256,-516.8373459412584,91.48049926757812,191.05870056152344,1113.3729248046875
2404,1263.5896353829987,-514.621000480708,92.05044555664062,188.74900817871094,1107.9658203125
2405,1267.1766750876363,-519.165904757866,88.59261322021484,191.49244689941406,1113.0244140625
2406,1266.0939582487867,-521.4512343722407,85.74797821044922,192.09710693359375,1112.5496826171875
2407,1264.9591784530685,-523.6899961874168,82.96370697021484,192.87655639648438,1111.9461669921875
2408,1272.732728338113,-518.9051387174791,91.17070007324219,193.47267150878906,1118.482177734375
2409,1271.6722489819954,-521.2613016707561,88.25621032714844,193.76077270507812,1118.2412109375
2410,1270.5617289420356,-523.5703231154953,85.3731460571289,194.2281494140625,1117.8680419921875
2411,1269.3992467553435,-525.8274138431268,82.53973388671875,194.88006591796875,1117.3590087890625
2412,1268.1838501694765,-528.0284372872187,79.77650451660156,195.7206573486328,1116.7113037109375
2413,1264.2226326179175,-497.54620438836076,110.68781280517578,184.89781188964844,1103.555419921875
2414,1270.7749371559873,-494.590753409405,116.05301666259766,188.14291381835938,1108.57763671875
2415,1262.201308709078,-484.7079095370095,123.67924499511719,182.99119567871094,1097.3411865234375
2416,1273.990785665197,-483.8817753531991,128.1555633544922,189.94686889648438,1107.3096923828125
2417,1263.621111360044,-479.4110016608178,129.63580322265625,183.9453582763672,1096.661865234375
2418,1278.5108307756473,-503.7509246051499,109.16056823730469,193.73374938964844,1118.42529296875
2419,1276.6808327158978,-508.9703407310954,103.08557891845703,193.37013244628906,1118.6553955078125
2420,1273.8436428472594,-501.8880093064023,109.44377899169922,190.66073608398438,1113.8060302734375
2421,1272.045494937534,-507.0390303043265,103.36510467529297,190.45578002929688,1113.9171142578125
2422,1269.0930751714081,-499.8127304024611,109.9571533203125,187.72390747070312,1108.8516845703125
2423,1267.3414741544734,-504.9090314529998,103.88723754882812,187.6739044189453,1108.8499755859375
2424,1262.5160473124388,-502.5930374170669,104.6384506225586,184.99957275390625,1103.4481201171875
2425,1275.59370545813,-496.6160183130284,115.5475082397461,191.18328857421875,1113.4560546875
2426,1283.799480517123,-487.5143744087129,127.39918518066406,196.28094482421875,1116.6314697265625
2427,1234.6420582034796,-553.1213492275934,59.094390869140625,225.02072143554688,1080.83251953125
2428,1249.4852813653201,-537.5200982110447,66.57770538330078,203.91026306152344,1096.5362548828125
2429,1258.2433687404136,-541.7823264007945,64.50672912597656,206.81910705566406,1108.3670654296875
2430,1266.291097060901,-545.851333575828,63.373146057128906,209.88548278808594,1119.44384765625
2431,1269.4595541146475,-542.2799308599217,66.9697036743164,205.96737670898438,1122.3416748046875
2432,1267.8877040795658,-544.0869559869366,65.03136444091797,207.8388214111328,1120.956298828125
2433,1265.453969070067,-540.2396760793015,67.29109954833984,204.34027099609375,1116.9608154296875
2434,1261.3341345920664,-538.1393074923607,67.8714599609375,202.78004455566406,1111.3831787109375
2435,1253.9889921452,-531.8610953768857,71.66958618164062,197.91964721679688,1101.00927734375
2436,1245.7473852164214,-525.1478583780123,76.32424926757812,193.09616088867188,1089.7418212890625
2437,1247.0621241481788,-523.0885716427266,78.47483825683594,191.4187469482422,1090.98193359375
2438,1272.4906246529936,-530.0984452190066,79.56687927246094,197.69415283203125,1121.9605712890625
2439,1273.7500487416908,-527.8701312239282,82.39098358154297,196.97979736328125,1122.51123046875
2440,1274.9578539618185,-525.5772312230273,85.27471923828125,196.465576171875,1122.9150390625
2441,1276.1137005772557,-523.2247769954888,88.19595336914062,196.14590454101562,1123.176025390625
2442,1277.2176484833792,-520.8188018443408,91.13530731201172,196.0141143798828,1123.2987060546875
2443,1258.824049001459,-512.2623475545183,92.86618041992188,186.52008056640625,1102.25537109375
2444,1264.564830021366,-512.2631629115542,94.9523696899414,188.326904296875,1108.3021240234375
2445,1269.201981359982,-514.4650263995238,94.40079498291016,190.77479553222656,1113.610107421875
2446,1273.7535332315292,-516.5026728866277,94.1063232421875,193.3366241455078,1118.610107421875
2447,1278.277341919321,-518.364476404924,94.08313751220703,196.03611755371094,1123.3072509765625
2448,1281.7509277326235,-522.5614063276442,91.38865661621094,198.70620727539062,1127.8275146484375
2449,1280.5787425392587,-525.0463442158531,88.42622375488281,198.67062377929688,1127.8338623046875
2450,1279.3524744838442,-527.4699811356012,85.467041015625,198.83168029785156,1127.696044921875
2451,1278.0743839403713,-529.822954756901,82.53173065185547,199.19735717773438,1127.4083251953125
2452,1276.7478570895378,-532.0956993771471,79.64410400390625,199.77517700195312,1126.9654541015625
2453,1270.995539461083,-540.3970800333475,69.15498352050781,204.29273986816406,1123.583984375
2454,1266.9574705099515,-538.3385815036628,69.39840698242188,202.6087646484375,1118.25390625
2455,1268.4122267056343,-536.3771942137162,71.7119140625,201.0722198486328,1119.4051513671875
2456,1262.8040417830848,-536.2312397162211,69.90740203857422,200.99801635742188,1112.71875
2457,1264.220489263123,-534.2625089410975,72.14419555664062,199.39443969726562,1113.9244384765625
2458,1261.2254015370895,-530.1072776535151,75.17169952392578,196.28538513183594,1109.349609375
2459,1257.9915864060679,-525.7654278956861,78.45712280273438,193.24380493164062,1104.524658203125
2460,1254.4787852506524,-521.2797097934339,81.98501586914062,190.23440551757812,1099.441650390625
2461,1269.820277088856,-534.352521448626,74.19881439208984,199.7388916015625,1120.4083251953125
2462,1265.5936823132076,-532.2494303860698,74.55318450927734,197.97784423828125,1114.99365234375
2463,1262.526626989275,-528.0182280645901,77.6541519165039,194.969970703125,1110.346435546875
2464,1259.2168156553453,-523.6294310503686,80.99971771240234,192.01205444335938,1105.45751953125
2465,1255.6429418864984,-519.0875953634599,84.58019256591797,189.07151794433594,1100.317138671875
2466,1271.1800605734018,-532.2598047543011,76.82711791992188,198.61300659179688,1121.2601318359375
2467,1266.915163143412,-530.1700661397516,77.10614776611328,196.75283813476562,1115.9229736328125
2468,1263.7705696359099,-525.879469832293,80.25885772705078,193.83367919921875,1111.2120361328125
2469,1260.3882256331106,-521.4441055397245,83.64860534667969,190.94766235351562,1106.267578125
2470,1256.7538870052244,-516.8523716357003,87.26946258544922,188.06532287597656,1101.0777587890625
2471,1280.2771617058868,-535.177293784864,78.56707000732422,202.28689575195312,1131.506591796875
2472,1281.0074191562162,-534.0421072601309,80.02225494384766,201.98513793945312,1131.7318115234375
2473,1280.2483870335368,-530.7735757105969,82.71511840820312,200.35720825195312,1129.762939453125
2474,1281.5754591742257,-528.3743333949329,85.67671966552734,200.0699005126953,1129.988525390625
2475,1282.8498538634346,-525.8993289249543,88.65480041503906,199.992431640625,1130.060791015625
2476,1284.066455261503,-523.3545553435806,91.62811279296875,200.11602783203125,1129.98583984375
2477,1284.2023345616376,-534.260663984432,81.55253601074219,203.21096801757812,1134.5736083984375
2478,1284.6833945629728,-532.5928599485562,83.31684112548828,202.7925262451172,1134.2879638671875
2479,1282.448488633514,-531.6911261315568,82.97624206542969,201.55467224121094,1132.0560302734375
2480,1283.8310796867725,-529.2472579420573,85.96449279785156,201.34866333007812,1132.216552734375
2481,1285.1632518373012,-526.7107865123772,88.96138000488281,201.3577880859375,1132.220458984375
2482,1286.4290651693345,-524.0842049342851,91.94509887695312,201.57229614257812,1132.0743408203125
2483,1291.456088899077,-519.2284129704642,98.32130432128906,204.207275390625,1133.615966796875
2484,1265.5142544219427,-509.8569892324129,97.897705078125,188.00958251953125,1108.5596923828125
2485,1270.1721350823439,-512.0385394293037,97.35939025878906,190.5825958251953,1113.777587890625
2486,1274.7542258301985,-514.042067202486,97.07408905029297,193.2777099609375,1118.6788330078125
2487,1279.3303820729268,-515.8452850447676,97.05584716796875,196.11888122558594,1123.268798828125
2488,1283.9601405474382,-517.4192368569829,97.31869506835938,199.1303253173828,1127.5526123046875
2489,1280.3280958239257,-498.40921561212724,115.25881958007812,194.35670471191406,1117.9984130859375
2490,1285.0159679264384,-499.97207034497666,115.19900512695312,197.68882751464844,1122.2115478515625
2491,1300.0001951248998,-467.81534625960654,151.55606079101562,206.9785614013672,1121.9415283203125
2492,1290.2468324477184,-465.22533422872476,151.57644653320312,200.29019165039062,1113.77587890625
2493,1280.0967956414393,-461.83190872456646,152.23086547851562,193.89959716796875,1104.5172119140625
2494,1269.2760504609787,-457.6943209861423,153.45745849609375,187.61216735839844,1094.05419921875
2495,1243.2383496980353,-504.3384152983409,96.64483642578125,180.07818603515625,1083.2650146484375
2496,1245.11587954852,-499.53352927670744,102.30026245117188,178.4435577392578,1084.4288330078125
2497,1246.8183341032584,-494.6297308970098,108.13105010986328,177.36456298828125,1085.1925048828125
2498,1248.368215956053,-489.6351498021832,114.05482482910156,176.82147216796875,1085.5697021484375
2499,1230.9634432561256,-441.8125963782057,159.95187377929688,167.47186279296875,1055.44189453125
2500,1239.709406350624,-398.56231131231107,205.6289520263672,170.22793579101562,1052.545166015625
2501,1233.0382770407439,-348.5624605109375,253.23037719726562,162.61302185058594,1036.4771728515625
2502,1215.7665463530534,-343.36350765564293,254.62310791015625,152.37579345703125,1021.8294677734375
2503,1264.8030117597907,-358.25792037959053,250.84011840820312,181.78790283203125,1063.4324951171875
2504,1275.6798101786092,-311.9249177301044,298.02392578125,183.6714630126953,1061.942626953125
2505,1242.959540952658,-303.0362203769718,299.19403076171875,163.32395935058594,1035.3680419921875
2506,1303.3806471069524,-319.49816856374815,297.1834411621094,200.41156005859375,1084.900146484375
2507,1291.8355117726298,-366.5269315528993,249.1238250732422,197.86251831054688,1086.7431640625
2508,1280.4856556975662,-412.7358223427325,201.20579528808594,193.61849975585938,1089.78564453125
2509,1257.5217433316152,-452.8900334038868,155.19439697265625,181.22296142578125,1082.2896728515625
2510,1252.393576356114,-474.2224504752582,131.75665283203125,178.0636749267578,1084.6287841796875
2511,1251.1343695134515,-479.4264627330977,125.91061401367188,177.24542236328125,1085.234130859375
2512,1254.4025720461198,-403.6929812552935,203.8796844482422,178.6538848876953,1065.93701171875
2513,1244.7202666095227,-447.5542685203919,157.3798370361328,174.5025634765625,1069.3599853515625
2514,1240.173322616955,-468.47196632181993,134.4348602294922,172.07012939453125,1071.3692626953125
2515,836.8480715806976,-480.5250482785358,165.3741912841797,196.3311309814453,703.898681640625
2516,837.8654902453306,-456.6311991620412,171.24362182617188,178.8104248046875,703.3929443359375
2517,894.7780609940224,-510.93897214284567,155.1853485107422,215.93777465820312,749.16357421875
2518,864.9755358472876,-509.5773353693961,159.0646514892578,216.69606018066406,726.4938354492188
2519,896.5349646190348,-535.1451115969816,153.08436584472656,234.8426971435547,751.5510864257812
2520,866.3969844593848,-534.0259032075547,157.1151885986328,235.45111083984375,728.6632080078125
2521,898.5146029459831,-559.7884477706305,153.3070831298828,254.17062377929688,754.2089233398438
2522,864.4857705755894,-461.50647461810854,169.12246704101562,180.81849670410156,723.9342651367188
2523,864.1529300041447,-485.3976300270603,163.0853729248047,198.42117309570312,724.7822875976562
2524,893.5469850219977,-487.0020884696165,159.5529022216797,197.60433959960938,747.2614135742188
2525,957.2871649413553,-422.6976176391647,175.0531768798828,144.77891540527344,796.1419677734375
2526,924.3788418569499,-409.4193316553446,184.33226013183594,138.98831176757812,768.5103759765625
2527,923.5473359933967,-422.653896185173,178.32656860351562,148.1340789794922,768.4390258789062
2528,893.2574706874985,-408.2363568220777,186.9468536376953,141.27362060546875,743.5025634765625
2529,892.4650619598053,-421.87352917748495,181.07861328125,150.53341674804688,743.6193237304688
2530,865.1728612928193,-405.22659798402185,189.42001342773438,141.7173614501953,721.2928466796875
2531,864.3719232087133,-418.8287039166857,183.68902587890625,150.77703857421875,721.5121459960938
2532,840.3591417639706,-399.20053469050004,192.05450439453125,139.3943328857422,701.6721801757812
2533,839.4447795109251,-412.19036883902953,186.50311279296875,147.88023376464844,701.86181640625
2534,895.2239104928965,-392.21396718182467,194.59646606445312,130.79193115234375,744.1400756835938
2535,867.0134024216683,-389.4877364551523,196.7806854248047,131.63018798828125,721.700927734375
2536,841.95639947132,-384.8426299609584,198.78466796875,130.36215209960938,701.8619995117188
2537,976.1770456875661,-553.836056767099,135.33897399902344,246.84397888183594,814.4888305664062
2538,960.2293180418301,-543.3799421939152,139.60324096679688,238.60159301757812,801.284423828125
2539,960.5466516394312,-555.1755280545403,139.74322509765625,248.4336395263672,802.0784912109375
2540,959.4193504585047,-520.2357277831741,141.33856201171875,219.26934814453125,799.8085327148438
2541,926.2174764006681,-510.10784033341656,149.86279296875,213.2280731201172,773.3342895507812
2542,927.733235243048,-533.8215536366985,147.3668670654297,232.22100830078125,775.4478149414062
2543,1008.4655435489769,-530.0899230753731,126.81804656982422,224.6986083984375,840.24462890625
2544,992.313887060747,-530.3349755096934,131.55926513671875,225.83204650878906,826.7510986328125
2545,959.8373543246307,-531.7648246548868,140.13848876953125,228.8722381591797,800.52783203125
2546,1025.4773656317425,-519.7004465336466,123.65660095214844,214.3203582763672,854.5966186523438
2547,1040.4823544640276,-531.0377271810021,116.55416870117188,223.6271514892578,867.8357543945312
2548,1057.8039508162515,-522.2420204933441,113.24720764160156,214.22938537597656,883.447021484375
2549,1056.1875980554125,-532.3332158774496,111.08255004882812,223.82888793945312,881.8585205078125
2550,1071.4387069778727,-534.199288111967,105.4269790649414,224.6067352294922,895.9705810546875
2551,1038.0544996825618,-551.7729120431269,114.49215698242188,243.17800903320312,865.6088256835938
2552,1052.9669845248964,-552.4924346832219,108.62532806396484,243.33773803710938,878.6304931640625
2553,1067.4771728916548,-553.7964638410909,102.56736755371094,244.06227111816406,891.681640625
2554,1086.3188355816976,-536.6595909522254,99.6484146118164,225.9929656982422,910.0818481445312
2555,1081.5250506984098,-555.7017791558707,96.38446807861328,245.38206481933594,904.69384765625
2556,1094.9655465779247,-558.1480177567795,90.14802551269531,247.29750061035156,917.5972900390625
2557,1062.1621928802983,-491.9076392472879,123.37259674072266,186.51193237304688,888.0338134765625
2558,1027.4545718162287,-487.92482165280387,133.1175079345703,186.6024169921875,856.508544921875
2559,1026.8428003866902,-498.5181003254036,129.32382202148438,195.6133575439453,855.871826171875
2560,992.5745566443157,-486.15615954290246,141.60745239257812,188.47164916992188,826.4029541015625
2561,992.5440306431831,-497.1418186200124,138.11019897460938,197.494140625,826.4290161132812
2562,958.2106587451336,-486.0447878791606,148.83399963378906,191.5130615234375,798.0438842773438
2563,958.5634037301643,-497.38967960058415,145.69622802734375,200.5569305419922,798.5388793945312
2564,925.0178358356369,-486.7060606726102,154.8066864013672,194.89871215820312,771.6406860351562
2565,925.5545257374603,-498.3790655569745,152.03280639648438,203.96536254882812,772.4136962890625
2566,958.9816842919296,-508.7830462151312,143.19424438476562,209.8208770751953,799.1390380859375
2567,992.4559281839395,-519.1831391579435,133.07461547851562,216.21092224121094,826.6184692382812
2568,992.5146642031127,-508.1473277922987,135.26174926757812,206.75328063964844,826.5077514648438
2569,1026.1858137562376,-509.1049735700832,126.16556549072266,204.86561584472656,855.2364501953125
2570,1059.304189028785,-512.1255354166922,116.02484893798828,204.7848663330078,885.0098266601562
2571,924.6549316587572,-463.55698746970927,162.08743286132812,177.47491455078125,770.7631225585938
2572,957.9974196117187,-474.69806908829094,152.59388732910156,182.7254638671875,797.700927734375
2573,957.9464859357533,-463.4233701925861,156.91900634765625,174.2154998779297,797.5427856445312
2574,992.6460362346238,-475.1802805313787,145.737060546875,179.72335815429688,826.4577026367188
2575,992.7940581869769,-464.2089625025425,150.43959045410156,171.27223205566406,826.6144409179688
2576,1028.6423287366938,-466.7687627762418,142.50502014160156,169.44183349609375,857.8213500976562
2577,961.9075305540748,-381.8449678654079,196.92820739746094,117.36419677734375,798.461669921875
2578,926.3364132178676,-393.9556577806836,192.0387420654297,128.66641235351562,769.3523559570312
2579,960.011583075293,-395.75905534940114,188.8830108642578,126.2937240600586,797.4546508789062
2580,958.1734955949868,-410.1320674379398,181.24058532714844,136.00497436523438,796.4552612304688
2581,994.1322317543934,-411.55337284082,177.32437133789062,133.3826446533203,827.3223876953125
2582,993.1905211296028,-423.336470846147,170.86643981933594,141.57086181640625,826.7398071289062
2583,1011.749962232382,-424.2458910658825,168.3122100830078,140.31626892089844,843.0845336914062
2584,993.1819598741542,-443.2511100540265,160.5,155.74549865722656,826.930419921875
2585,957.9926604454746,-442.29680599170155,166.01773071289062,158.7640838623047,797.2775268554688
2586,924.7318557313548,-442.19259753770143,170.2943115234375,161.99925231933594,770.2131958007812
2587,893.7668726651453,-441.6830042747704,173.61575317382812,164.4435577392578,745.6721801757812
2588,865.2767541686635,-439.3110681545146,176.2548370361328,164.96554565429688,723.4195556640625
2589,839.2243688941063,-433.8412463735902,178.44696044921875,162.64170837402344,703.1043090820312
2590,1048.3986384274635,-448.23379554402663,149.3113555908203,153.3349151611328,876.031982421875
2591,1052.2996565681117,-405.9648544710489,176.865234375,125.14598846435547,879.7491455078125
2592,1034.4766637214798,-391.4747063598939,187.8475341796875,117.55687713623047,863.1048583984375
2593,1033.1275133588454,-402.96018524799854,179.84849548339844,124.4865951538086,862.0388793945312
2594,1015.7546711513378,-388.4233775383199,190.48899841308594,116.81310272216797,846.0009765625
2595,1014.2364753154823,-400.5312545698265,182.51602172851562,124.33839416503906,844.9126586914062
2596,997.39670433279,-385.81635762340943,192.8739471435547,116.57902526855469,829.4993896484375
2597,995.7443549798027,-398.53891916206265,184.89337158203125,124.64147186279297,828.4152221679688
2598,1029.7739563557554,-445.9334859910368,153.47158813476562,153.75613403320312,859.0831298828125
2599,1030.8093582846893,-425.5776300301041,165.38986206054688,139.41961669921875,860.0853271484375
2600,1050.0701438159535,-427.63787777002165,162.0546417236328,138.95733642578125,877.7040405273438
2601,1051.11294308469,-416.95115887652963,169.1810760498047,131.95547485351562,878.677978515625
2602,1069.5512911208132,-430.37009612942256,158.26202392578125,138.9994659423828,895.89892578125
2603,1070.625403379364,-419.97339646938417,165.70306396484375,132.45352172851562,896.9844970703125
2604,893.4156437664507,-463.3987031040157,166.1061553955078,180.05787658691406,746.2843017578125
2605,1017.2494468691442,-376.75967746577874,198.70448303222656,110.11320495605469,847.0371704101562
2606,999.040991263667,-373.69304938188657,201.0513153076172,109.44442749023438,830.5493774414062
2607,963.7984332726306,-368.84233608751225,205.07435607910156,109.53794860839844,799.474609375
2608,930.4247550119187,-365.33553965793834,208.2375030517578,110.9421615600586,771.1087036132812
2609,899.3304146400225,-362.71233665473846,210.59336853027344,112.78510284423828,745.5150146484375
2610,870.8579056154421,-360.3356948712841,212.18429565429688,114.14437866210938,722.6177978515625
2611,845.2891457409198,-357.6627503039724,213.02464294433594,114.32231140136719,702.3110961914062
2612,904.080317655397,-336.8993463828563,226.7300262451172,98.8573226928711,747.4737548828125
2613,875.3908802798106,-334.48503499852615,227.8004150390625,100.30963897705078,724.1265869140625
2614,849.1828656587671,-332.61978772644176,227.82855224609375,101.02826690673828,703.1759643554688
2615,885.5804691564359,-287.9409521476054,260.158203125,80.27658081054688,727.93017578125
2616,909.2973464647944,-313.29465740709327,243.17514038085938,88.00054168701172,749.7973022460938
2617,932.674936178626,-352.4141194794859,216.42193603515625,103.69703674316406,772.1521606445312
2618,1000.7472778639693,-362.02428800964054,209.43504333496094,103.14570617675781,831.6142578125
2619,872.0824598511813,-219.7302477068023,310.2049560546875,63.34796142578125,708.4957275390625
2620,867.3112113520139,-241.44050224581363,292.9066162109375,67.44963836669922,707.6117553710938
2621,895.8645713483522,-244.71825054984825,293.7832946777344,67.663818359375,731.2783203125
2622,890.728203198902,-266.02621468305284,276.85809326171875,73.12276458740234,729.6926879882812
2623,919.7585903522722,-269.64152710476907,276.796630859375,72.65345764160156,754.134521484375
2624,914.5405433107375,-291.05787236913716,259.88006591796875,79.44877624511719,752.0585327148438
2625,944.8800757675377,-295.3520803613429,258.6296081542969,78.88972473144531,778.071533203125
2626,939.9494132011316,-317.1159270700096,241.54376220703125,86.93897247314453,775.7565307617188
2627,972.2619762338863,-322.2640768201484,239.01197814941406,86.91522979736328,804.0469970703125
2628,970.0645924679942,-333.3050132126756,230.3429412841797,91.4027099609375,802.9043579101562
2629,986.9237345344437,-336.3351613143699,228.65721130371094,91.85197448730469,818.01123046875
2630,984.899328584142,-347.5164738379396,220.00051879882812,96.87519073486328,816.8959350585938
2631,1002.5121447655055,-350.709153970795,218.01629638671875,97.6279067993164,832.6785888671875
2632,976.6230070646101,-300.94766157487976,256.53564453125,79.48566436767578,806.1705322265625
2633,949.8246913742224,-274.3601355369973,275.8658447265625,72.50408172607422,780.1724243164062
2634,924.9181677197203,-248.88604077656038,293.8320617675781,67.49999237060547,755.9793090820312
2635,900.9932821767445,-223.85137162187732,310.86181640625,63.82062530517578,732.654296875
2636,876.9537564810354,-198.24155545604006,327.7133483886719,60.90156555175781,709.2471313476562
2637,1071.6773874862035,-409.54219256508986,173.54086303710938,126.36980438232422,897.9950561523438
2638,1053.487014968443,-395.02913694210054,184.93679809570312,118.86256408691406,880.76318359375
2639,1035.8108722458292,-380.2615274538431,196.12916564941406,111.34624481201172,864.1033935546875
2640,1018.7797110356629,-365.43738440743243,207.15943908691406,104.17874908447266,848.0553588867188
2641,1072.7164019320535,-399.0967654002458,181.74423217773438,120.77565002441406,898.9246215820312
2642,1073.7597494315808,-388.646791636453,190.2811737060547,115.6927261352539,899.7695922851562
2643,1054.6674378952225,-384.2217219999358,193.3223419189453,113.19200897216797,881.6986694335938
2644,1055.8691420243736,-373.5192707524083,201.99720764160156,108.13169860839844,882.5629272460938
2645,1037.1710005230914,-369.2659773871956,204.67872619628906,105.82487487792969,865.0546875
2646,1038.5671265695798,-358.45022165384694,213.472412109375,100.97806549072266,865.9501342773438
2647,1020.3494211310347,-354.390608339654,215.837158203125,98.975341796875,849.0437622070312
2648,1021.9466166908073,-343.57659050910814,224.7139129638672,94.47937774658203,849.9803466796875
2649,1004.2890895790357,-339.72575226864865,226.77676391601562,92.85157012939453,833.7130126953125
2650,1006.1172240474283,-328.9722092727179,235.6830291748047,88.79907989501953,834.6835327148438
2651,988.9160006937797,-325.47851773353926,237.44033813476562,87.56980895996094,819.0774536132812
2652,1009.8366064320538,-307.97696220041917,253.72030639648438,82.11988067626953,836.4400634765625
2653,1074.8254252640534,-378.19769128101194,199.119384765625,111.14071655273438,900.526611328125
2654,1075.932659499713,-367.7535061196333,208.2250213623047,107.13622283935547,901.1930541992188
2655,1057.1071248360008,-362.9059401917685,210.93174743652344,103.68425750732422,883.3504638671875
2656,1058.3934881073567,-352.3686411120081,220.09378051757812,99.85437774658203,884.0531616210938
2657,1040.0028051414254,-347.7846557889298,222.48178100585938,96.79721069335938,866.7750244140625
2658,1041.4811473760392,-337.2490082485502,231.67086791992188,93.28177642822266,867.5127563476562
2659,1023.5601064209642,-332.9646030024348,233.7547607421875,90.68212127685547,850.8399047851562
2660,1044.6214193262085,-316.3972265182445,250.31492614746094,87.50330352783203,868.7982788085938
2661,1077.1001851954707,-357.31615842820656,217.56353759765625,103.69489288330078,901.7660522460938
2662,1059.7391621665308,-341.8980536688968,229.44705200195312,96.64892578125,884.6622314453125
2663,1062.6255110054224,-321.07448164444105,248.43443298339844,91.3858642578125,885.696044921875
2664,1065.7657155943368,-300.37924206504334,267.60504150390625,87.09535217285156,886.563720703125
2665,1047.9944752778704,-295.717169072768,269.13165283203125,82.8219223022461,869.8967895507812
2666,1013.7092647524921,-287.38350092307195,271.9061584472656,76.76634216308594,837.982421875
2667,1017.7281393918151,-267.16202060895137,290.1862487792969,72.68218994140625,839.2882690429688
2668,985.5822587672534,-260.06834625669285,291.9238586425781,69.08954620361328,809.7139282226562
2669,990.1505487770524,-240.27908719151546,309.6918640136719,65.95679473876953,811.0726318359375
2670,959.6750835845786,-234.1131577931891,310.5212097167969,64.29243469238281,783.569091796875
2671,964.6135141307561,-214.52569477218506,327.90618896484375,62.300071716308594,784.809326171875
2672,1055.3953790713597,-255.03105193228006,307.1109313964844,76.66759490966797,871.4921264648438
2673,1059.4635842866178,-234.88308039887846,326.2103576660156,75.16242218017578,871.97509765625
2674,1026.208075500885,-227.4687884546881,326.91741943359375,68.1410140991211,841.125
2675,1051.5754185824362,-275.29028498156896,288.07562255859375,79.21627044677734,870.797607421875
2676,1087.4640994105487,-284.4740121018989,285.71044921875,89.27161407470703,904.171875
2677,1091.1025907178737,-263.7291886260447,305.5264892578125,87.12328338623047,904.53125
2678,1021.8924853058395,-247.22460753588234,308.5278015136719,69.81881713867188,840.3395385742188
2679,994.7869435231474,-220.74575023637402,327.49658203125,64.1195297241211,812.1299438476562
2680,1078.345902901797,-346.88502492247534,227.09913635253906,100.82929992675781,902.2435302734375
2681,1081.071851214015,-326.0519044032438,246.45899963378906,96.13088989257812,903.0269165039062
2682,1084.0986525822925,-305.2392864321188,266.0086669921875,92.27596282958984,903.670166015625
2683,981.0708990579244,-280.2512894100512,274.1945495605469,73.57347869873047,808.0708618164062
2684,954.7581559559834,-253.9980024159224,293.17498779296875,67.67041778564453,782.016357421875
2685,929.981917371582,-228.60761696367717,310.9380798339844,63.88886642456055,757.5562133789062
2686,906.1656984014927,-203.2454688592786,328.0572204589844,61.53594970703125,733.8003540039062
2687,836.3876462131759,-826.6856610727644,276.8048400878906,416.59228515625,710.8779296875
2688,866.630987853799,-784.9694880893621,247.9606475830078,399.56427001953125,737.0296630859375
2689,867.5483728754211,-765.057714142011,233.9396209716797,391.10516357421875,737.7132568359375
2690,836.4277903762908,-762.7757580388777,231.90518188476562,391.5973205566406,712.2745361328125
2691,866.2025390554838,-804.9294733304503,262.759521484375,406.958251953125,736.3521728515625
2692,835.9923305167503,-805.3517231018793,261.0153503417969,409.579345703125,711.3449096679688
2693,881.9639439477335,-764.6518595200357,233.90771484375,389.8920593261719,749.6195678710938
2694,880.8534130287052,-784.1362393512699,248.05897521972656,397.8160400390625,748.896240234375
2695,895.7568403783263,-763.4026045249444,233.2654571533203,388.1125183105469,761.0506591796875
2696,821.2176493673234,-692.4731493120697,193.2911376953125,352.736572265625,699.5905151367188
2697,822.3573029009643,-668.5048033495202,183.3310546875,336.9393005371094,700.0530395507812
2698,822.88553862342,-656.4414786547744,178.95375061035156,328.65869140625,700.1945190429688
2699,819.9618704926062,-737.6630442940748,216.42701721191406,379.46826171875,699.0369262695312
2700,820.4514236143361,-715.3332606102607,204.32444763183594,366.79315185546875,699.2918090820312
2701,837.0845222900374,-741.4824945921896,218.7926788330078,380.8225402832031,712.7323608398438
2702,838.0050575824696,-720.1703512838076,206.76071166992188,368.9997253417969,713.1812744140625
2703,853.3940046964127,-744.0276710997204,220.21133422851562,381.5849304199219,725.861328125
2704,854.6619644777941,-723.4995187942013,208.11639404296875,370.54644775390625,726.4498291015625
2705,858.6070781940134,-677.3326563458122,185.85128784179688,341.78546142578125,728.3345947265625
2706,841.7462377296804,-661.4357000252685,180.56414794921875,331.3440856933594,714.8303833007812
2707,822.980026219922,-644.7221626898768,175.0862579345703,320.45172119140625,699.9841918945312
2708,822.5596071991232,-621.4849781319805,168.58140563964844,303.7436828613281,699.01611328125
2709,822.552506669911,-597.5781948748669,163.6270294189453,286.0018005371094,698.2428588867188
2710,822.4716591494263,-573.2987828055043,160.38856506347656,267.62261962890625,697.294677734375
2711,822.5115026188118,-548.927755343382,159.00473022460938,248.96144104003906,696.3394775390625
2712,822.775944716899,-524.7424836581599,159.50714111328125,230.39865112304688,695.4708862304688
2713,823.2689396589111,-500.6961528409731,161.86154174804688,212.06089782714844,694.6995239257812
2714,824.1179367475708,-476.785911903324,166.03773498535156,194.0963897705078,694.1032104492188
2715,836.7217979840754,-504.6230924328219,161.35862731933594,214.4303436279297,704.979248046875
2716,837.0752787982162,-528.8939393253096,159.23687744140625,232.93209838867188,706.3668823242188
2717,852.9145069035078,-556.7144650312626,158.45782470703125,253.5725555419922,719.5188598632812
2718,837.7012746583631,-553.4100220568946,159.04396057128906,251.70449829101562,707.9248046875
2719,854.5036162652983,-581.8622710462988,160.5757598876953,272.76788330078125,721.7944946289062
2720,838.6097735394289,-578.2469025276149,160.83474731445312,270.6544494628906,709.6358642578125
2721,856.156004677468,-606.8257056974409,164.64500427246094,291.5292053222656,724.0626831054688
2722,839.6099882232236,-602.9310522170641,164.5326385498047,289.2369384765625,711.3374633789062
2723,857.4218566672923,-630.9166201819456,170.2452850341797,309.2693786621094,725.9193725585938
2724,840.3508435566573,-626.9636706850671,169.86488342285156,306.9605712890625,712.7279052734375
2725,859.4016366259658,-653.4584381500631,177.1197967529297,325.29364013671875,728.220703125
2726,841.6806214988769,-649.8144059704874,176.59744262695312,323.2559814453125,714.4596557617188
2727,859.5557225646867,-664.9842343508061,181.14295959472656,333.3196105957031,728.7040405273438
2728,897.4369340439711,-744.1977639466279,219.5802764892578,379.8595886230469,761.7996826171875
2729,885.3151909813434,-725.7694752355164,207.95582580566406,371.4254455566406,751.0850219726562
2730,883.4698785240117,-745.1929749971165,220.52578735351562,381.0671081542969,750.3511962890625
2731,870.4065598731456,-725.3160734930544,208.4840850830078,371.35821533203125,739.0785522460938
2732,868.8156955485363,-745.1623829586147,220.76266479492188,381.67230224609375,738.3980712890625
2733,899.5337302486255,-725.0473532723912,206.62400817871094,370.8429260253906,762.55810546875
2734,913.2306227720958,-723.4090823903783,204.579345703125,369.7863464355469,773.6240234375
2735,914.576027777529,-713.525717748629,198.04295349121094,364.9238586425781,774.0711669921875
2736,926.513665209805,-721.0742182492817,201.90802001953125,368.43768310546875,784.3568725585938
2737,923.9864525422595,-740.142889735925,215.87081909179688,376.3506774902344,783.6039428710938
2738,910.9011172407897,-742.4492856013662,218.0040740966797,378.2261657714844,772.8610229492188
2739,887.6505303120817,-704.7356285541297,195.82530212402344,359.5697326660156,752.0415649414062
2740,902.1925163349954,-704.2151118054766,194.0791473388672,359.4438781738281,763.5809936523438
2741,889.1428430355755,-692.869784188071,189.9361572265625,352.094482421875,752.7394409179688
2742,903.8780868866803,-692.3755650911302,188.02931213378906,352.0353698730469,764.3436279296875
2743,890.9047085876811,-680.2428348106293,184.3844451904297,343.6517333984375,753.6533813476562
2744,905.8182995559835,-679.769540181244,182.37258911132812,343.5640869140625,765.3426513671875
2745,892.1715548818936,-667.7984746464876,179.51719665527344,335.01165771484375,754.19482421875
2746,907.2119085209381,-667.3355201587503,177.46728515625,334.854736328125,765.9555053710938
2747,891.996631910462,-656.4170473467561,175.47532653808594,326.9795837402344,753.62255859375
2748,907.0986528723364,-656.0067489339606,173.44601440429688,326.7716064453125,765.4027709960938
2749,889.4573442646146,-634.3223222693231,168.51702880859375,311.1505126953125,750.7237548828125
2750,904.6054502856409,-634.062444169405,166.5171356201172,310.8989562988281,762.4541015625
2751,887.7088256009262,-610.3065720064737,162.65794372558594,293.3052978515625,748.3682861328125
2752,902.8782597922558,-610.1571563043246,160.64096069335938,292.9752197265625,760.0530395507812
2753,900.6933298467245,-585.1032625120861,155.94871520996094,273.8384704589844,757.1226806640625
2754,868.128547929752,-558.8005532916881,157.28280639648438,254.55955505371094,731.087158203125
2755,870.131653914239,-584.1256292413809,159.65013122558594,273.95501708984375,733.7445678710938
2756,872.1794863007717,-609.2553145921069,164.00637817382812,292.8683166503906,736.400146484375
2757,873.7749388619324,-633.3412511737547,169.7779083251953,310.6513977050781,738.5765991210938
2758,876.1502607245163,-655.6330897052349,176.72288513183594,326.5262145996094,741.2636108398438
2759,876.3412950682861,-667.0795605265675,180.76824951171875,334.5368347167969,741.8134765625
2760,875.2261171060197,-679.4965199866482,185.57293701171875,343.0943908691406,741.352294921875
2761,873.6876749137866,-692.0832244955552,190.99612426757812,351.4827575683594,740.5505981445312
2762,872.3981219140136,-703.9776088716645,196.71751403808594,359.0156555175781,739.9376220703125
2763,966.3027960780523,-843.9670563722635,308.5262145996094,391.60614013671875,820.7021484375
2764,943.7126027910826,-829.81599260053,292.317626953125,396.72265625,801.25
2765,945.1836009189252,-848.4479432422701,309.7510681152344,399.1880798339844,800.8150024414062
2766,920.1902402753084,-835.0131048820034,293.7284240722656,404.38104248046875,780.294189453125
2767,921.8866972122477,-853.6923549612454,310.6277160644531,407.25469970703125,779.7540283203125
2768,894.6990084474804,-840.3554776982171,294.4621276855469,411.9584655761719,758.270263671875
2769,896.5043300360622,-859.6683817225648,311.0673828125,415.2547302246094,757.6485595703125
2770,867.1500526157961,-845.0662050285607,294.3646240234375,418.20477294921875,735.0289306640625
2771,868.8407958156026,-865.393475343384,310.976806640625,421.8991394042969,734.3862915039062
2772,837.2945385647877,-848.1128917893806,293.25927734375,422.17138671875,710.4114990234375
2773,838.7628773530245,-869.779887039536,310.2467041015625,426.2437744140625,709.9456176757812
2774,996.6920344075398,-873.8699336082419,343.5137939453125,383.3984375,847.0574340820312
2775,985.4908956605934,-840.2893092064735,307.0467224121094,384.85186767578125,839.2185668945312
2776,1009.9428647898657,-872.4437961554115,343.5151672363281,378.78515625,861.0617065429688
2777,1022.6926113159725,-871.4564982781654,343.51629638671875,375.02099609375,874.9144287109375
2778,1034.971308345242,-870.8506517039967,343.51708984375,372.4391784667969,888.6084594726562
2779,1047.2402223529405,-870.5499908656307,343.5174865722656,371.0638122558594,902.544677734375
2780,1052.3136967174075,-870.4999430934824,343.517578125,370.8254089355469,908.3667602539062
2781,1067.005097478894,-870.588336710939,343.51751708984375,371.0226135253906,925.2697143554688
2782,984.8545514897962,-801.8635609871764,269.19354248046875,380.66650390625,839.8111572265625
2783,965.5742641268309,-786.8738901514636,254.70370483398438,383.08099365234375,821.8828125
2784,965.0182631826308,-806.2979507983572,272.42523193359375,386.6658020019531,821.4269409179688
2785,943.4920835903426,-792.1295750148183,258.3518981933594,389.2336120605469,802.2775268554688
2786,943.2581548542173,-811.1970149478511,275.1695556640625,393.3898010253906,801.7378540039062
2787,919.5588005781535,-797.2407870821875,261.1077575683594,395.7196044921875,781.505615234375
2788,919.4612147126782,-816.1857389311444,277.2016906738281,400.5164489746094,780.8785400390625
2789,893.8483856930192,-801.8086158028065,262.6781005859375,402.0218505859375,759.6072998046875
2790,893.8693033725515,-821.0734875031711,278.3058776855469,407.5242004394531,758.9237060546875
2791,866.3219626865671,-824.9382883562339,278.2578125,413.1993103027344,735.6844482421875
2792,946.3714816688732,-753.7111425984052,225.8488006591797,378.63458251953125,803.5006103515625
2793,921.8992296463831,-759.1664398311237,230.4073944091797,383.57501220703125,782.87353515625
2794,1039.8527261809188,-684.8413143575663,154.0984649658203,353.61737060546875,876.5169677734375
2795,1038.1249324967023,-690.0114942008693,159.17098999023438,354.88043212890625,876.2225952148438
2796,1048.962190309458,-707.1988533568498,172.50845336914062,358.2809143066406,890.7216186523438
2797,1032.0148741489695,-710.9506431907363,179.623291015625,359.3388977050781,875.16552734375
2798,1023.3875717016132,-752.8811982898607,220.79078674316406,366.6463928222656,873.4235229492188
2799,1006.4024708213836,-757.0945373295306,226.29803466796875,369.73077392578125,857.7044677734375
2800,1002.7995251353201,-797.9218868691405,265.7099914550781,375.64471435546875,856.7258911132812
2801,987.6099138919947,-762.1033208992851,231.90444946289062,373.8543395996094,840.710205078125
2802,998.2993481744543,-701.2002427453777,177.38998413085938,358.9607849121094,842.613037109375
2803,983.2501935340417,-724.8559742224238,199.32717895507812,366.3083801269531,832.895751953125
2804,993.8671186652663,-721.6597456811918,195.34881591796875,364.52972412109375,841.9071044921875
2805,977.4430445690932,-764.709303259799,234.63201904296875,376.2353210449219,831.712890625
2806,941.0490154205087,-708.3705357228472,191.58287048339844,362.5076904296875,795.2186279296875
2807,928.0230376120705,-711.190330399792,195.09608459472656,363.8150939941406,784.8072509765625
2808,940.1715032449014,-713.4009666201267,195.12754821777344,364.87896728515625,794.9700927734375
2809,927.2271060645536,-716.2426423999533,198.49851989746094,366.2878112792969,784.5592651367188
2810,939.3726952424333,-718.2389846733375,198.69296264648438,366.91070556640625,794.770751953125
2811,953.7976154291744,-705.0904488367192,187.59080505371094,361.0843200683594,805.329833984375
2812,952.8192069209766,-710.1572373198389,191.2856903076172,363.36077880859375,805.0821533203125
2813,951.9351603385074,-715.0464549467316,195.01695251464844,365.28485107421875,804.88671875
2814,948.8606206981057,-734.3905272068746,210.21522521972656,372.2820739746094,804.1758422851562
2815,928.8886235062566,-705.8921250185953,191.72305297851562,361.00592041015625,785.1019897460938
2816,954.8476724104518,-699.8247750226143,183.95921325683594,358.44293212890625,805.6309204101562
2817,945.197824845326,-686.0369892302405,178.13124084472656,349.56549072265625,796.7337646484375
2818,947.4963946737361,-673.7029364752023,172.22352600097656,341.1698303222656,797.8594970703125
2819,955.9471435001019,-694.365818299119,180.4186248779297,355.443603515625,805.9859008789062
2820,957.0925651792841,-688.7481557772531,176.9976348876953,352.0958557128906,806.396240234375
2821,958.266243914067,-682.9490905408451,173.72409057617188,348.4128112792969,806.8656616210938
2822,959.4565116353538,-676.9662774625318,170.62554931640625,344.4095153808594,807.3988037109375
2823,960.6577789929906,-670.8369156815764,167.72825622558594,340.103759765625,808.0029296875
2824,962.4493391926775,-658.8041212495967,162.72940063476562,331.3009338378906,808.8505859375
2825,871.3165945256711,-715.0729695634169,202.5912628173828,365.64276123046875,739.4548950195312
2826,886.3772767839818,-715.7202958255864,201.8838348388672,366.0166320800781,751.4983520507812
2827,900.7402063882578,-715.1148601152468,200.3358917236328,365.71832275390625,762.9938354492188
2828,935.6577169474384,-663.9561538813006,171.26856994628906,333.3700866699219,788.1259765625
2829,934.0345025858236,-676.2902025402668,176.21368408203125,342.169921875,787.3900146484375
2830,990.4884704101087,-598.372417665994,136.4717254638672,284.7832336425781,827.9715576171875
2831,976.2079249938291,-577.2616406488954,137.45645141601562,266.7301025390625,815.615966796875
2832,961.1638354101148,-579.1475503211211,142.09567260742188,268.3155822753906,803.8057250976562
2833,929.3201858351443,-557.9825944466298,147.3866729736328,251.68983459472656,777.7948608398438
2834,988.9183598190968,-642.0885588464714,148.3695068359375,320.77471923828125,828.6965942382812
2835,987.9244995460904,-653.0946020545565,152.39088439941406,329.41595458984375,828.3905029296875
2836,985.8931029218747,-664.6629731845884,157.53231811523438,338.0900573730469,827.4219970703125
2837,984.6041036998367,-670.5341422542778,160.52642822265625,342.25213623046875,826.8212890625
2838,983.2867247396916,-676.2815974219363,163.7576446533203,346.110595703125,826.2840576171875
2839,981.9581114155908,-681.9025782705918,167.20040893554688,349.6457214355469,825.80712890625
2840,980.6384096524769,-687.3951098905051,170.82769775390625,352.8412780761719,825.3883666992188
2841,979.3498849669686,-692.7598306474111,174.61181640625,355.6821594238281,825.0265502929688
2842,978.1176882069985,-698.0018199303129,178.52386474609375,358.1565856933594,824.7216796875
2843,976.9666023767314,-703.1256861295939,182.53562927246094,360.2552795410156,824.4741821289062
2844,975.920241721502,-708.1430957384042,186.6168975830078,361.98876953125,824.282958984375
2845,972.2280355433876,-728.120382788454,203.18052673339844,368.2180480957031,823.6024169921875
2846,969.2484601778567,-747.6769389242655,220.06011962890625,373.82806396484375,822.9733276367188
2847,894.5156434118314,-782.6173353073247,247.6461181640625,395.525634765625,760.3179321289062
2848,920.3972898607992,-778.2272724840483,245.4964599609375,390.0518493652344,782.172119140625
2849,944.5564314868201,-772.9715085708972,241.90185546875,384.2999572753906,802.8663330078125
2850,967.0013308806393,-767.4995332550917,237.24087524414062,378.79193115234375,822.3991088867188
2851,999.5710065382239,-696.0765974100576,172.95362854003906,357.3950500488281,842.8139038085938
2852,1000.9447957799441,-690.9163606207237,168.61566162109375,355.4696960449219,843.0721435546875
2853,1002.3954029463913,-685.7114333492242,164.40773010253906,353.1766052246094,843.3887939453125
2854,1003.8943069384013,-680.4548819465923,160.35708618164062,350.5269470214844,843.7626342773438
2855,1005.4122064387002,-675.1412951153396,156.49142456054688,347.5337829589844,844.1923217773438
2856,1006.9206037723114,-669.7653431806343,152.83677673339844,344.2130432128906,844.6768798828125
2857,1008.394712403547,-664.3238385712231,149.4183349609375,340.5819396972656,845.2156372070312
2858,1013.8515328391212,-637.0919059473629,136.53646850585938,319.57220458984375,847.7493286132812
2859,1012.2075212572245,-647.8146810290954,140.8121795654297,328.2908020019531,846.9235229492188
2860,1011.1065802316208,-653.2711805948574,143.38616943359375,332.52703857421875,846.4039306640625
2861,1009.8112920700873,-658.8161975988636,146.2596435546875,336.660400390625,845.8081665039062
2862,962.1314548736128,-626.0248368905686,152.11705017089844,306.1204833984375,806.9763793945312
2863,989.613079661481,-620.6604318729724,141.70692443847656,303.4488525390625,828.2098999023438
2864,1016.2798908796594,-616.0556984779731,129.6505889892578,301.7015380859375,848.8875732421875
2865,1039.840806834258,-623.2167631899705,119.77914428710938,310.7348327636719,867.4797973632812
2866,1041.959304023116,-613.0638093221066,116.34331512451172,301.50421142578125,869.0070190429688
2867,1120.196526271862,-594.9209831814737,66.71640014648438,287.07525634765625,939.3106689453125
2868,1109.4827769804092,-592.1327124676199,73.8008041381836,283.8727722167969,928.6348876953125
2869,1097.5218657124108,-591.9210346607539,81.28764343261719,283.5209655761719,916.862548828125
2870,1085.6717025212818,-589.982700747157,88.67671966552734,281.2090759277344,906.0739135742188
2871,1071.90495419516,-593.3943978948239,96.89881134033203,284.3207702636719,893.7908325195312
2872,1045.9516405611932,-592.8834070975877,111.28118896484375,282.49078369140625,872.1530151367188
2873,1018.6446456591722,-594.6853399777398,124.59727478027344,282.81787109375,850.1788330078125
2874,1006.1034762233268,-574.1568080184547,126.96829986572266,264.1359558105469,839.4204711914062
2875,991.2266601517806,-575.5782382516363,132.4036865234375,265.30401611328125,827.4905395507812
2876,1076.8519334063315,-574.5512672600544,95.27820587158203,264.8730163574219,899.2506103515625
2877,1063.3940520360984,-573.2868761544212,102.06658935546875,263.642578125,887.3494262695312
2878,1049.5791593116528,-572.6567138860329,108.69287109375,262.9974670410156,875.3778076171875
2879,1013.8708710384725,-715.9164492019528,187.3193359375,361.4867248535156,859.0693969726562
2880,1019.084282002751,-694.9956248846424,168.03663635253906,356.5001525878906,859.8951416015625
2881,1020.5794256480522,-689.8044217700314,163.26344299316406,355.0888366699219,860.1289672851562
2882,1022.1732097991887,-684.6412646311347,158.60523986816406,353.34356689453125,860.4181518554688
2883,1023.8404436393796,-679.5020483397466,154.09274291992188,351.2584533691406,860.7638549804688
2884,1037.6136363363346,-633.4821319261565,123.80035400390625,319.73162841796875,865.9913330078125
2885,1178.4480088179653,-644.8549033076896,47.271202087402344,351.7822570800781,1025.9483642578125
2886,1179.0724946114694,-643.7872052986799,44.610694885253906,350.9643249511719,1026.575927734375
2887,1179.7381623179672,-642.9504544306162,42.37989044189453,350.108642578125,1027.2279052734375
2888,1180.4167823788541,-642.2826780519499,40.50361251831055,349.2607727050781,1027.8709716796875
2889,1182.0991662738807,-640.9104198905494,36.828731536865234,347.2202453613281,1029.4117431640625
2890,1182.6561067118562,-640.5307815440726,35.81705093383789,346.5571594238281,1029.9110107421875
2891,32.738318972894064,146.04006325716549,453.1244812011719,33.25529479980469,9.999951362609863
2892,-9.288885971300845,-49.016886053495824,308.17462158203125,10.343514442443848,10.000020980834961
2893,0.0,0.0,345.3172912597656,7.430018901824951,10.000012397766113
2894,10.238479858725542,48.878821885716704,382.45953369140625,10.348664283752441,10.0
2895,-17.897261111414124,-98.10281378137122,271.9417419433594,19.0179500579834,10.000011444091797
2896,-25.82097637740008,-147.3216501295267,237.50656127929688,33.240562438964844,10.000041007995605
2897,-33.053467853933775,-196.56894707666743,205.71287536621094,52.662899017333984,10.000012397766113
2898,-39.60539509152409,-245.9521551801663,177.33982849121094,76.80904388427734,10.000040054321289
2899,-50.63925080306791,-344.9013153731932,133.5358428955078,136.80453491210938,10.000045776367188
2900,-45.46570915554677,-295.36271658234995,153.08267211914062,105.08722686767578,10.000030517578125
2901,-55.10059479482644,-394.5077259125055,119.17832946777344,171.1837615966797,9.999991416931152
2902,-58.85841026780732,-444.11331505805975,110.36198425292969,207.38230895996094,10.000041961669922
2903,-61.909965795874605,-493.8089487617751,107.30282592773438,244.5133056640625,9.999990463256836
2904,-64.25041199124453,-543.4701338933187,110.07585906982422,281.6667175292969,9.99996566772461
2905,-65.8752587912904,-593.1778730608819,118.61308288574219,317.9321594238281,9.999977111816406
2906,-66.79239740270405,-642.8003750065669,132.705322265625,352.4208984375,10.000000953674316
2907,-67.00442348735314,-692.4055420706908,152.00723266601562,384.2877502441406,10.000012397766113
2908,-66.54393836134814,-741.8592810965783,176.0458221435547,412.7520446777344,9.999961853027344
2909,-65.4392638738304,-791.2167535975229,204.23202514648438,437.1159973144531,10.00001049041748
2910,-63.764370694752365,-840.3592229556182,235.87513732910156,456.78277587890625,9.999971389770508
2911,-61.60524849330674,-889.3459124667052,270.1997375488281,471.270263671875,9.999942779541016
2912,-59.085175047785995,-938.148383493571,306.3647155761719,480.2235412597656,9.999951362609863
2913,-56.37133583639852,-986.8265003058905,343.48382568359375,483.4230651855469,10.000005722045898
2914,327.6403914692095,933.4052835051108,347.2215270996094,483.42218017578125,10.000070571899414
2915,306.4733844774069,889.6465032344861,384.2054138183594,480.2286682128906,10.000056266784668
2916,285.35884183514906,845.5405144011432,420.3716125488281,471.2804870605469,9.99993896484375
2917,264.503410117069,801.1272799657188,454.69818115234375,456.7976379394531,9.999964714050293
2918,244.0214013655281,756.3485993409549,486.343994140625,437.1352233886719,9.99999713897705
2919,224.0057928440374,711.1863280916644,514.5335083007812,412.7751159667969,10.000011444091797
2920,204.5271925986119,665.6466354280396,538.5759887695312,384.31414794921875,10.00001335144043
2921,185.63631509393542,619.7492370528709,557.8822631835938,352.4498596191406,9.999984741210938
2922,167.36756125704065,573.5194556682459,571.9791870117188,317.96295166015625,10.000027656555176
2923,149.74269581654477,526.984285279726,580.5213623046875,281.6987609863281,9.999958038330078
2924,132.77494219834145,480.1684589035669,583.2994384765625,244.5457000732422,9.999985694885254
2925,116.47143845732874,433.09440015226596,580.245361328125,207.41432189941406,10.000012397766113
2926,100.83580861078322,385.78084716997796,571.4338989257812,171.21450805664062,9.999998092651367
2927,85.86994675938101,338.24321060624135,557.0811157226562,136.8334197998047,10.000012397766113
2928,71.5748966308884,290.4930539158021,537.53857421875,105.11341094970703,10.000014305114746
2929,57.95231019754801,242.53931481525817,513.2852783203125,76.83200073242188,9.999980926513672
2930,45.005078408238745,194.387267458843,484.9154968261719,52.6819953918457,9.999985694885254
2931,21.15576692183038,97.55525594079401,418.69122314453125,19.027999877929688,9.99997329711914
