vertex_index,u,v,x,y,z
0,932.8277679806154,330.1049497547327,458.62066650390625,373.9222412109375,840.7100219726562
1,933.0913826155457,292.3233383520243,495.181884765625,364.6195373535156,841.9068603515625
2,950.6134368968171,286.37650467852677,503.2131652832031,361.58148193359375,859.069091796875
3,937.0551069323291,223.70033237939634,549.7401733398438,328.4132995605469,846.92333984375
4,936.3801539516361,213.68530337175375,554.0210571289062,319.6972961425781,847.7491455078125
5,958.1916193038279,207.08041852926462,566.757080078125,319.86431884765625,865.9910888671875
6,934.03075493692,193.97750300025334,560.9176635742188,301.8307189941406,848.8873291015625
7,931.3063443547239,173.97860731105456,565.9822998046875,282.9500732421875,850.1785278320312
8,956.9714114123265,166.92278171397248,579.2985229492188,282.6310119628906,872.1526489257812
9,888.6836725119747,166.21048558712326,553.1328125,266.854736328125,815.6156616210938
10,901.6414511025605,161.94462815683926,558.1864013671875,265.43157958984375,827.4902954101562
11,906.3675353043915,182.23474871312578,554.106689453125,284.9083557128906,827.9713745117188
12,884.4488708317815,282.8415836003324,498.9490661621094,362.59979248046875,795.2184448242188
13,873.7747227992378,286.0613865221477,495.4350891113281,363.90509033203125,784.8070678710938
14,873.6583800974801,281.5649299828919,498.8097839355469,361.0979309082031,785.101806640625
15,923.8960281765978,295.4042139770369,491.20245361328125,366.3958435058594,832.8955688476562
16,875.283492212497,326.89174852613655,460.1119384765625,383.6439514160156,782.873291015625
17,874.6156882843242,310.68788777725854,474.6528625488281,376.4282531738281,783.603759765625
18,894.9483594335761,304.8187492082544,480.31085205078125,372.36309814453125,804.1755981445312
19,777.9031905759472,254.99641399085743,511.5985412597656,328.7583312988281,700.1944580078125
20,775.6855242498318,245.8340793433063,515.470947265625,320.5536804199219,699.9841918945312
21,791.6950755770968,246.7516730018785,513.9580688476562,323.3570251464844,714.4595947265625
22,808.1049314554293,-67.83988734807073,434.16595458984375,79.53884887695312,806.1702880859375
23,811.5144059075092,-48.62349947200511,451.6851501464844,86.97900390625,804.0466918945312
24,783.5323879538196,-43.03457957039288,449.1533508300781,87.00118255615234,775.7562866210938
25,785.126021528618,-32.965574655094755,457.6089782714844,91.83395385742188,774.534912109375
26,699.233244991016,-0.26454562622761657,463.9759521484375,100.91256713867188,684.800048828125
27,696.4489594136352,-11.679711586782714,455.26226806640625,94.1767578125,684.7999877929688
28,713.5421964577181,-25.302995870889184,447.42462158203125,89.9842529296875,704.330810546875
29,887.0570419381878,-10.066730300642858,502.8311767578125,117.65130615234375,863.1043090820312
30,889.5986350460364,0.20891243412990784,510.8260498046875,124.58582305908203,862.038330078125
31,872.2428828951008,4.182397150972436,508.15863037109375,124.43594360351562,844.9122314453125
32,836.7100817141095,55.73244332345797,524.6362915039062,158.87161254882812,797.2772216796875
33,842.734799055216,73.43236121148477,533.7257690429688,174.32847595214844,797.54248046875
34,814.9987116462185,81.68334643460904,528.5553588867188,177.58473205566406,770.762939453125
35,913.2962090447243,85.38471086755808,561.3080444335938,195.74278259277344,855.8714599609375
36,915.7403087554901,94.95938846971286,564.4607543945312,204.99693298339844,855.236083984375
37,885.1227722514843,102.84303505240914,555.3634643554688,206.8791961669922,826.5073852539062
38,719.1168388585528,79.3371851027248,511.9447326660156,160.58367919921875,684.800048828125
39,713.4172499649748,56.64599587852676,500.8170166015625,141.5850067138672,684.7999877929688
40,732.8751905273373,60.17921986121418,504.157470703125,147.9753875732422,701.8617553710938
41,1101.4989703519868,-176.0033388960813,393.4456787109375,200.4399871826172,1084.8995361328125
42,1091.7523848784979,-218.75498910539488,345.3144836425781,200.76878356933594,1083.5928955078125
43,1115.1583572048073,-223.43982772549592,345.31024169921875,214.85877990722656,1102.986083984375
44,1040.8065338426754,-164.60232377164166,391.45733642578125,163.3511199951172,1035.3673095703125
45,1006.9034210697315,-201.77937462053845,345.330322265625,147.88243103027344,1014.7286987304688
46,1064.7437915761745,-213.34810580066767,345.31939697265625,184.33084106445312,1061.4766845703125
47,1192.0515019517181,17.47248570329195,617.6390380859375,204.25106811523438,1130.1728515625
48,1192.129941933328,18.979880264147145,618.9497680664062,204.85263061523438,1129.7301025390625
49,1186.8651682356094,20.053525605648396,619.0759887695312,202.9942169189453,1124.6712646484375
50,1174.6978447078964,33.11674913262388,626.1184692382812,206.98727416992188,1108.3663330078125
51,1175.1260372338836,30.283241512083976,624.5634765625,204.89349365234375,1109.9276123046875
52,1186.5231459828503,28.881294444861215,625.59326171875,208.00648498535156,1120.955810546875
53,1156.338935314141,7.374537443097931,600.6004028320312,187.3681182861328,1101.7227783203125
54,1156.704374478868,10.074648229325302,603.366943359375,188.21974182128906,1101.0770263671875
55,1150.1507979602457,10.618181727398747,602.2501220703125,186.27389526367188,1094.912353515625
56,1134.267686903951,38.59428928106082,618.6785888671875,200.36663818359375,1068.8291015625
57,1148.5499114156896,37.89146709766822,622.3449096679688,203.40667724609375,1082.2620849609375
58,1145.5831397018358,48.604049449277326,625.640869140625,212.75811767578125,1075.3817138671875
59,1112.725711521623,-24.667292939788354,556.2111206054688,172.19615173339844,1071.3685302734375
60,1106.372478680677,-44.95581699737555,533.2647094726562,174.61483764648438,1069.3592529296875
61,1121.187606085391,-46.520925961166526,535.4461059570312,181.33656311035156,1082.2890625
62,1142.6072978924199,5.671210451755265,595.462158203125,182.36143493652344,1089.90283203125
63,1135.4680338618818,6.04833541092837,593.9962768554688,180.2269744873047,1083.2642822265625
64,1134.5916184465466,0.6408187791138547,588.3418579101562,178.58895874023438,1084.4281005859375
65,1149.6460621397564,32.47571077352988,619.723876953125,199.03939819335938,1085.477294921875
66,1121.0408498940535,22.99250100665019,604.8938598632812,184.79322814941406,1063.155029296875
67,1121.0886568773756,17.54427854696102,600.557861328125,181.38580322265625,1065.485107421875
68,1136.4012242767922,16.951504232787457,604.3723754882812,185.10263061523438,1079.782958984375
69,1113.6997947452278,59.69001506730879,621.1771850585938,215.48179626464844,1041.931396484375
70,1108.2700737127109,80.3240043374258,627.5491333007812,234.07749938964844,1029.0555419921875
71,1078.3708095380666,79.67097414475678,618.4409790039062,226.3160400390625,1002.323486328125
72,927.7436245932394,-185.85763284537558,345.3434753417969,103.93340301513672,946.1785888671875
73,957.8277194083571,-191.93025280389773,345.3388977050781,119.23384857177734,973.166015625
74,966.6339665963262,-151.55881156526877,388.4833068847656,120.10368347167969,973.3307495117188
75,985.7464260100799,-154.87492143611306,389.2839050292969,130.47181701660156,989.8464965820312
76,1004.6413568919734,-158.20504617990528,390.0531311035156,141.3302001953125,1005.7379760742188
77,1014.4921875041376,-117.30224979163256,434.54583740234375,142.1331329345703,1006.431884765625
78,1008.7625104972348,-36.4624839470976,516.0186767578125,136.18182373046875,982.6337890625
79,999.0273404074416,-35.52138894983901,514.2266235351562,133.17910766601562,973.6741333007812
80,993.0799763013632,-53.826383173433435,494.318115234375,129.10618591308594,973.9054565429688
81,901.651508815216,-180.62432736821978,345.3469543457031,92.33306884765625,921.8145141601562
82,928.5562815120151,-145.1211674698026,386.82855224609375,101.68394470214844,939.0415649414062
83,905.7621321175468,-82.3299369624053,444.2325744628906,96.18993377685547,903.0264282226562
84,901.0132561302752,-101.21076813039168,424.6852111816406,92.32337188720703,903.6695556640625
85,919.3210808465216,-103.7577492877817,426.3292541503906,98.46495819091797,921.1473388671875
86,1054.3838756736118,-17.107553895525676,548.709716796875,151.4410400390625,1017.576416015625
87,1063.5573588715079,-17.541997979632992,550.8246459960938,154.18051147460938,1025.9693603515625
88,1065.0161736180476,-12.929691900622194,556.0253295898438,154.8040313720703,1025.902587890625
89,1000.2155560990591,0.8734416967810399,548.7678833007812,144.294921875,961.98583984375
90,1010.1398984110119,-0.09110808248508806,551.326171875,145.7444305419922,971.3451538085938
91,1011.1285023130542,4.913374836456458,555.8162231445312,148.63851928710938,970.3220825195312
92,989.1127308518749,-2.7661323142572805,541.92626953125,140.3241424560547,953.2935791015625
93,987.866639499342,-7.316245877086449,537.5863037109375,137.96998596191406,953.8550415039062
94,997.8238754257454,-8.4408472815294,539.8890991210938,139.5083770751953,963.3047485351562
95,948.173497794956,-1.4109018699666858,528.8641967773438,133.6648712158203,915.76953125
96,950.6050295210491,7.9355270333678,536.6676635742188,139.73721313476562,914.5884399414062
97,931.3078257950056,11.72402361351689,532.4037475585938,139.11148071289062,895.8983764648438
98,949.4118138027987,97.91655785978182,577.3734741210938,214.36842346191406,883.4465942382812
99,947.7691971513497,88.23739329328704,574.6015014648438,204.92222595214844,885.0093994140625
100,966.4232988612504,104.90742586739844,585.1874389648438,224.7504425048828,895.9701538085938
101,1102.1849584636918,178.59783718486304,650.3889770507812,332.07806396484375,987.5172119140625
102,1103.5818067353387,176.38673396520795,651.9461669921875,330.0027770996094,989.0490112304688
103,1109.532576039755,176.97272298072667,653.7411499023438,331.6826477050781,994.6250610351562
104,1107.6672490512578,200.80199963876808,633.8103637695312,350.0571594238281,994.5734252929688
105,1101.4634695169716,199.81500062233638,633.0748291015625,349.08154296875,988.3904418945312
106,1104.150498488549,195.33432341481543,638.3353271484375,346.7685546875,990.1610107421875
107,1076.0362197561483,155.02604596617033,643.1665649414062,300.59918212890625,969.6762084960938
108,1088.6195826529784,155.92708184552455,648.6817626953125,304.3209228515625,980.4755859375
109,1086.7110932095934,160.67499814919805,648.2416381835938,309.1575622558594,977.135498046875
110,1097.6360809053197,175.84222659105822,649.9617919921875,328.2870788574219,983.5541381835938
111,1091.6904218563343,175.33023820375647,647.7982788085938,326.5342712402344,978.145751953125
112,1094.3044737596047,170.864875760439,650.2890625,322.1358947753906,981.30419921875
113,1063.1053844823225,182.63560045766116,631.8397827148438,327.78826904296875,951.9652709960938
114,1060.5819997893486,187.14589398074202,628.3929443359375,331.7731628417969,949.4010009765625
115,1049.3625187506427,186.80599639835026,623.1246948242188,328.45989990234375,939.8948974609375
116,1094.051058093075,213.77864677242968,615.9929809570312,354.1205749511719,984.462890625
117,1091.9320624379097,218.60108222010908,609.989990234375,355.0754089355469,983.6884155273438
118,1079.6001241113947,216.72723694557664,608.503173828125,353.7090148925781,971.3964233398438
119,1075.8103628671763,211.26837519199404,613.3707885742188,351.83905029296875,966.3491821289062
120,1070.0024938788285,210.7155775837238,612.1707153320312,350.9457092285156,960.6969604492188
121,1072.3991502596818,206.13229742706068,617.7481079101562,349.2603759765625,961.8876953125
122,1066.737966915407,205.71870592584065,616.2977905273438,348.2190246582031,956.4537353515625
123,918.4878459980263,442.3587726303094,346.3029479980469,393.1555480957031,820.8377075195312
124,918.0212283446626,406.73552051121146,381.9883728027344,391.6282653808594,820.701904296875
125,935.0698161208948,406.03460849872397,383.4718933105469,384.8748779296875,839.2183227539062
126,1165.7872429152246,138.4470588555124,658.9027099609375,304.8542785644531,1060.8426513671875
127,1165.3024511930203,140.22694382837253,659.4180908203125,306.4052429199219,1059.71337890625
128,1148.7552572961436,122.68913918631068,652.3570556640625,284.92413330078125,1050.3404541015625
129,1113.2422052234751,269.9226476679498,557.3802490234375,365.4423828125,1016.0541381835938
130,1108.8592872333302,284.3345886860676,538.7367553710938,367.7156982421875,1014.4005737304688
131,1084.3404905038215,279.4263368604958,538.711669921875,365.35394287109375,989.815185546875
132,1098.6805090082657,360.02951727387835,448.101318359375,375.7485046386719,1008.5494995117188
133,1098.061829331229,370.75265833312056,436.2889404296875,376.4298400878906,1008.052001953125
134,1073.9997087557633,364.0892134915733,442.27740478515625,373.5817565917969,984.0228271484375
135,1072.3360435921072,410.03452497941083,393.8119812011719,375.6629638671875,982.65966796875
136,1096.513040089673,408.9956505084469,395.87371826171875,378.1283874511719,1006.80908203125
137,1095.9669173336063,420.38117556328496,384.2753601074219,378.4354553222656,1006.5833740234375
138,1094.6352431682678,449.09859094964975,355.3847351074219,378.8507385253906,1006.275390625
139,1094.2663530004174,458.38264665546404,346.0909729003906,378.8783264160156,1006.2532958984375
140,1047.0053101140402,408.68451112966295,393.3935241699219,373.0054931640625,957.1727294921875
141,1100.2705522864699,334.8437422752349,476.5985412597656,373.7590026855469,1010.0004272460938
142,1121.812555606753,244.4462759089426,589.3731689453125,361.0596618652344,1019.2282104492188
143,1126.9225624047733,204.96518979927447,634.6740112304688,352.6340637207031,1014.0838012695312
144,1137.933462566703,205.77653540769597,636.9906005859375,353.25567626953125,1024.945068359375
145,1131.442727858623,221.3901867313028,618.499755859375,356.5499267578125,1022.4749145507812
146,1140.2690688169655,200.13564920181506,643.410400390625,351.9222717285156,1025.9781494140625
147,1137.9120814013584,196.84286418065287,646.0029296875,350.493896484375,1023.0680541992188
148,1141.3316775871888,197.8411101438951,645.92822265625,351.1445007324219,1026.575927734375
149,1139.1613146431444,194.32301788036153,648.688232421875,349.37176513671875,1023.8977661132812
150,1142.423034557839,195.60519286617958,648.3004760742188,350.2306823730469,1027.2730712890625
151,1140.4627675712989,191.80540483687946,651.2503662109375,348.07025146484375,1024.85791015625
152,1143.2979699226012,193.87597273843235,650.0721435546875,349.426025390625,1027.8841552734375
153,1141.803907327465,189.28185770556044,653.6744384765625,346.6034851074219,1025.93798828125
154,1145.2703893365979,190.09814873738233,653.71240234375,347.4050598144531,1029.4117431640625
155,1143.1574763421784,186.74991552824582,655.9446411132812,344.9820556640625,1027.130615234375
156,1145.88270344009,188.9411880840544,654.7550048828125,346.72186279296875,1029.9267578125
157,1144.5274698146868,184.20017691491577,658.0445556640625,343.2154846191406,1028.4285888671875
158,1148.0401278904214,184.85188742679932,658.1504516601562,344.0864562988281,1031.908935546875
159,1148.449003277814,184.08850251720972,658.7315673828125,343.55877685546875,1032.30517578125
160,1145.8843330123675,181.6362821639715,659.9559326171875,341.3132019042969,1029.824951171875
161,1149.7103552650751,181.62432807791106,660.4699096679688,341.8031005859375,1033.62255859375
162,1143.7102351756137,173.25326439361743,663.8016357421875,333.2729187011719,1028.529541015625
163,1153.4926289593234,174.26358522196495,664.5274658203125,335.8417053222656,1038.0902099609375
164,1152.1657907194067,176.93064445763264,663.3082275390625,338.0774230957031,1036.415283203125
165,1153.9204369335116,173.4107114684372,664.855712890625,335.1037292480469,1038.64306640625
166,1144.9900176219307,170.73356811433413,664.7111206054688,330.9358825683594,1030.2574462890625
167,1154.1792721751483,172.8715409453058,665.0440673828125,334.6385192871094,1038.9915771484375
168,1147.3831216764045,165.60578243951477,665.5482788085938,326.0953063964844,1033.833984375
169,1156.076584549804,168.90361508719252,666.0052490234375,331.1170654296875,1041.6297607421875
170,1146.2140221443851,168.18041124151586,665.3067626953125,328.5342712402344,1032.0321044921875
171,1155.7789527357152,169.5464482135408,665.9049682617188,331.69171142578125,1041.1990966796875
172,1154.79720460824,171.5867427409385,665.440185546875,333.5145568847656,1039.83349609375
173,1153.5097445876363,165.97763033473169,666.0200805664062,327.70172119140625,1039.80126953125
174,1154.0576834957578,164.62349390141208,665.9622802734375,326.47796630859375,1040.69775390625
175,1157.3133665307764,166.01084713413576,666.1722412109375,328.5981750488281,1043.516845703125
176,1154.5805464763512,163.2562424524924,665.7937622070312,325.2619323730469,1041.588623046875
177,1158.4191239466395,163.16810022300047,665.8760375976562,326.1430358886719,1045.3553466796875
178,1159.411639755784,160.12779236369158,665.0970458984375,323.5547790527344,1047.2471923828125
179,1158.5032985069956,162.9395288234172,665.8306884765625,325.94586181640625,1045.5029296875
180,1151.2784441868491,155.02660000123524,663.4591674804688,316.4896545410156,1040.9287109375
181,1149.4294882217987,160.38313480304905,664.8612060546875,321.2577819824219,1037.4091796875
182,1179.094644176774,91.22569175216488,645.1218872070312,263.2842102050781,1091.0733642578125
183,1173.0807200576467,112.38598061959586,651.302490234375,281.95196533203125,1077.507080078125
184,1169.1533550926486,126.26875099110576,655.359619140625,294.1847839355469,1068.6087646484375
185,1184.3649614786818,40.472379685631125,630.4041748046875,216.9365997314453,1114.3677978515625
186,1192.5602101131078,42.38785239696081,631.4012451171875,221.68399047851562,1121.243896484375
187,1182.9142804990815,46.21287481342505,631.9151000976562,221.69781494140625,1110.8575439453125
188,1190.9267100739726,49.02725876680489,633.1771850585938,227.08262634277344,1117.3336181640625
189,1179.7551642670999,57.43318776507328,634.9540405273438,231.21044921875,1103.84423828125
190,1186.1507872829427,66.38566289772587,637.994384765625,241.70391845703125,1106.7354736328125
191,1173.2924346482919,79.41225733931165,641.1056518554688,250.20028686523438,1089.83984375
192,1195.3265747908117,19.775925011289196,620.0239868164062,206.67530822753906,1132.2513427734375
193,1195.3707717473437,21.61527676282069,621.5010986328125,207.50970458984375,1131.647705078125
194,1192.1814854250874,20.491290443858748,620.217041015625,205.5140380859375,1129.2437744140625
195,1192.194883076201,22.003584792686624,621.4354248046875,206.2344512939453,1128.714599609375
196,1186.87956809773,22.99273401997635,621.4718017578125,204.45803833007812,1123.5833740234375
197,1195.2514619764045,18.2326649877133,618.7278442382812,206.04052734375,1132.7080078125
198,1195.1992788405719,17.35962105387056,617.9737548828125,205.70823669433594,1132.946044921875
199,1195.1498595652888,16.692333841062457,617.3884887695312,205.4676971435547,1133.1177978515625
200,1191.806377422533,14.468025720027333,614.9073486328125,203.22874450683594,1130.9268798828125
201,1194.8434397417127,13.62635300027445,614.602294921875,204.50938415527344,1133.7957763671875
202,1195.0113689689413,15.157073197160425,616.0116577148438,204.9573516845703,1133.480224609375
203,1194.734597074418,12.718870897985415,613.75146484375,204.27244567871094,1133.961181640625
204,1191.6391191058005,12.972705226241292,613.4962158203125,202.80787658691406,1131.238037109375
205,1194.6536075188853,12.100373736222606,613.1656494140625,204.12322998046875,1134.064697265625
206,1191.4541178079662,11.482606327143559,612.0609741210938,202.44647216796875,1131.5059814453125
207,1194.43425787638,10.580023266018323,611.7069091796875,203.7982177734375,1134.287841796875
208,1191.2417504358605,9.998145721469312,610.60595703125,202.14382934570312,1131.731201171875
209,1191.938499773274,-1.4400470785137756,599.6136474609375,203.2854461669922,1134.5185546875
210,1192.324977085844,0.1252283161270685,601.21142578125,203.1501922607422,1134.638427734375
211,1191.9521601428003,0.2779047667301484,601.280029296875,202.92234802246094,1134.3131103515625
212,1193.1924718212974,3.9508390535616362,605.1098022460938,203.06997680664062,1134.74609375
213,1191.26030657149,-2.659416008857984,598.2861938476562,203.2291259765625,1134.093017578125
214,1191.4248268745098,-3.494364959396475,597.5237426757812,203.55084228515625,1134.2967529296875
215,1145.4433051191832,-95.45997086260236,490.7483825683594,206.89111328125,1109.1319580078125
216,1134.2647357551423,-138.00785176345832,442.365478515625,211.38818359375,1105.8206787109375
217,1156.7113554654134,-124.5389878613214,463.0196533203125,220.94747924804688,1121.5655517578125
218,1160.5534146450261,-109.96758075348463,479.7497863769531,219.45301818847656,1122.63330078125
219,1163.0390272624604,-100.65958623458593,490.5563659667969,218.38052368164062,1123.399658203125
220,1155.5987418994653,-98.21696992833574,490.8125915527344,213.31260681152344,1117.433349609375
221,1133.5052178417013,-227.10762876601467,345.3069763183594,225.8207550048828,1118.073974609375
222,1135.8144293302541,-215.82267912326324,358.2728271484375,225.76528930664062,1118.1162109375
223,1142.6602416586682,-183.18544326240558,395.5102844238281,224.94505310058594,1118.7073974609375
224,1124.2893699975816,-180.6571127563195,393.8668212890625,214.05355834960938,1103.773193359375
225,1150.1177024429705,-150.7805560303819,432.70086669921875,223.14466857910156,1119.99560546875
226,1152.2238956623125,-142.1444494621344,442.7070007324219,222.49215698242188,1120.4619140625
227,807.3695075164449,431.58679222858274,374.4989929199219,430.1365051269531,684.7999877929688
228,828.80313306297,436.20274653111295,362.86676025390625,428.7595520019531,709.479248046875
229,817.796987816345,457.71639407571905,346.4498291015625,432.4264831542969,684.7999877929688
230,830.9637889645818,452.96072150292014,346.4268493652344,430.1833801269531,705.0847778320312
231,843.1302050297286,449.29938867631967,346.40606689453125,427.1575012207031,723.666259765625
232,846.7847754450585,432.177972107365,362.5155029296875,424.22650146484375,733.7553100585938
233,849.694530449052,447.9948497016057,346.3955993652344,425.088134765625,733.17431640625
234,854.2933394166942,447.0089519377212,346.3884582519531,423.40948486328125,739.7400512695312
235,864.809239230975,429.1101337024531,362.4685974121094,417.36029052734375,757.0577392578125
236,866.3128530163733,445.0752863765938,346.37091064453125,418.32708740234375,756.0921630859375
237,882.7991000150365,426.8414924040314,362.67510986328125,409.0937805175781,779.257568359375
238,885.3332583573879,442.97647168092345,346.34503173828125,409.0914611816406,780.6511840820312
239,900.6612728944743,425.5975797086776,363.09222412109375,400.7557067871094,800.432373046875
240,892.2782125822677,442.70806736767463,346.3359680175781,405.6702880859375,789.2874755859375
241,941.6538029410965,443.8231855703225,346.2751159667969,383.3438415527344,847.2208862304688
242,950.8862484728722,405.73445990602715,385.1097412109375,379.2308654785156,856.1369018554688
243,954.2594974145896,445.03625814987174,346.2601623535156,378.73626708984375,861.228759765625
244,1035.2977356161316,454.5955773819342,346.1614685058594,372.69482421875,947.3858642578125
245,1013.9502730079431,452.2916071403098,346.18743896484375,371.0369567871094,925.5548095703125
246,1025.5920130203328,407.2013101654541,392.57537841796875,370.93035888671875,935.22998046875
247,997.8060234529139,450.2950251424152,346.207275390625,370.82098388671875,908.6021118164062
248,1007.8726636074994,406.1583628040825,391.43231201171875,370.0820617675781,916.7612915039062
249,992.3102440797995,449.5892298256857,346.21405029296875,371.05462646484375,902.7365112304688
250,992.669114565593,405.58130312410674,390.0395202636719,370.44342041015625,900.6954345703125
251,979.3971678844091,447.95736095844853,346.22991943359375,372.4156799316406,888.7857666015625
252,978.8216411093844,405.3941425456418,388.4718017578125,372.0303649902344,885.9397583007812
253,966.8628782893468,446.43625839875807,346.2451171875,374.9815368652344,875.0924072265625
254,965.2280930456297,405.4739348994967,386.803466796875,374.9324951171875,871.4326171875
255,1048.8050943828075,362.42981561993935,441.4564208984375,370.9907531738281,958.6148071289062
256,1027.2414279199886,361.1752169696195,439.8596496582031,368.9281005859375,936.68115234375
257,1009.1609757784618,360.7596562086052,437.6177062988281,367.96044921875,918.1104736328125
258,993.501185155328,361.1810402704863,434.86187744140625,368.088623046875,901.8804931640625
259,979.1470198481549,362.28815585339777,431.7226257324219,369.3589172363281,886.9120483398438
260,965.034182973538,363.8964471767572,428.3295593261719,371.87506103515625,872.1784057617188
261,950.2000084398055,365.83748462787577,424.8140869140625,375.6924743652344,856.7256469726562
262,1104.9356129355508,301.5722953512664,516.79248046875,370.118408203125,1012.6520385742188
263,1077.1636076890334,320.5037240572035,490.5961608886719,370.1384582519531,986.4092407226562
264,1052.02407463667,318.0690590505942,489.3927917480469,367.6374816894531,961.0469970703125
265,1030.170581484522,316.5973263229693,487.06109619140625,365.5600891113281,939.0591430664062
266,1011.5131973844177,316.4110537193202,483.76531982421875,364.3656921386719,920.3037109375
267,995.1239593047418,317.4618278358638,479.67059326171875,364.08819580078125,903.80712890625
268,979.9677656468195,319.55799052585115,474.94073486328125,364.8282775878906,888.5067138671875
269,965.070220280797,322.4915730040838,469.7386474609375,366.7210693359375,873.4232788085938
270,949.5931444761659,326.10312885292745,464.22955322265625,369.8020324707031,857.7042846679688
271,933.9299944095129,367.96622972755705,421.3275451660156,380.71209716796875,839.8109741210938
272,977.9907674138699,216.869007321369,571.0482177734375,333.8064270019531,880.6021728515625
273,967.8736371471916,219.31191013271732,565.1268310546875,332.9779052734375,872.3279418945312
274,958.0187239566108,217.139313166689,561.9799194335938,328.4888916015625,864.5621948242188
275,967.2501532894995,224.20658184731306,561.7904663085938,336.58721923828125,871.66845703125
276,977.1386810668439,221.6469982561469,567.4915161132812,337.1855163574219,879.9127197265625
277,976.2250724031696,226.42155061043374,563.6755981445312,340.29632568359375,879.3031005859375
278,985.8276736399664,224.1357228792289,568.9959716796875,340.9803771972656,887.4255981445312
279,984.6721384193661,228.88213644053167,564.7349853515625,343.6300964355469,886.8359985351562
280,994.0431813909332,226.9539148550972,569.623779296875,344.3756103515625,894.8958740234375
281,992.7088748601107,231.70947283027294,564.9638671875,346.58770751953125,894.3242797851562
282,1003.395511808175,225.4474712332492,574.2548828125,345.3871765136719,902.9879150390625
283,986.9390596144987,219.44296329556443,573.0401000976562,338.12957763671875,888.0467529296875
284,995.3742324395636,222.2687245494752,574.103271484375,341.9739074707031,895.5001220703125
285,1004.8889171175548,220.79188592369522,578.9578857421875,343.238525390625,903.60498046875
286,1014.4286383354898,219.7015536728089,583.5203247070312,344.71807861328125,911.8362426757812
287,1018.8820301227164,233.09602039925406,572.0203857421875,350.97576904296875,918.4789428710938
288,1009.6098298681615,233.8896159536039,568.3626708984375,349.9948425292969,910.0364379882812
289,1012.7819147727139,224.33392579071062,578.5943603515625,346.6153869628906,911.2089233398438
290,1001.9200399424898,230.18559345423174,569.3960571289062,347.3732604980469,902.4002685546875
291,1025.8699235865554,214.45398357456838,592.784912109375,344.5884704589844,920.9656982421875
292,1016.0814455185503,215.15655279669997,588.30810546875,342.6942138671875,912.4862670898438
293,1006.3766658437983,216.2175934217696,583.494384765625,340.93829345703125,904.2473754882812
294,996.6831951404548,217.65523259537784,578.3897705078125,339.3955078125,896.1326904296875
295,991.3856639201819,236.53200217484303,560.1375122070312,348.598388671875,893.7890014648438
296,1000.4717628327327,235.01160730989108,564.3929443359375,349.1866455078125,901.8453369140625
297,1006.6817909357951,243.76085304880667,557.6906127929688,352.7684020996094,908.9900512695312
298,1025.1969193396608,242.59191090814753,564.1547241210938,354.3065185546875,926.184814453125
299,1010.9947138951194,202.32517011196987,595.5994262695312,331.7416076660156,907.4547729492188
300,1000.5630309373977,203.5518904330066,589.6692504882812,329.5050964355469,899.129150390625
301,1001.7720335896071,198.60980773101107,592.7727661132812,325.43475341796875,900.5817260742188
302,979.4629186110624,207.03458671997612,577.2459106445312,326.058349609375,882.4205322265625
303,981.1449220171489,191.81954771346938,584.4874877929688,312.7420959472656,885.9971313476562
304,958.1093732703695,197.02157185025177,570.7836303710938,310.8700256347656,867.4794921875
305,982.0929876600667,181.7376918838653,588.3319702148438,303.4906311035156,888.545654296875
306,957.932273138027,186.9948805519711,574.2249755859375,301.6414489746094,869.0066528320312
307,982.8295394518634,171.73939865060464,591.399169921875,294.0639953613281,891.1419677734375
308,1002.9687037970509,193.5417411295497,595.6128540039062,321.091552734375,902.22607421875
309,980.0689333768087,202.02620757403693,579.8643188476562,321.771240234375,883.5220336914062
310,983.5979588178843,151.78143881150098,595.0474853515625,274.7157897949219,896.5194091796875
311,997.3806564672012,150.05543194064634,602.310546875,276.48486328125,907.739501953125
312,997.0715507729798,154.99030263258115,601.9036865234375,281.36273193359375,906.0735473632812
313,997.6244551091396,140.31118676938013,602.177001953125,266.841552734375,911.0345458984375
314,1011.6508469987531,139.18747044320884,609.0355224609375,269.2143249511719,922.6671142578125
315,1011.1051961110726,148.94179810338565,609.5792846679688,278.8052673339844,918.817138671875
316,983.3653124912166,161.789311838887,593.6797485351562,284.4695129394531,893.7904663085938
317,996.6128124034776,159.97206405001512,601.069580078125,286.2476806640625,904.4286499023438
318,1008.2288298313549,168.64283660674147,606.0618896484375,298.1224060058594,911.17333984375
319,1006.3317608984269,178.5192292764994,602.6224975585938,307.4633483886719,907.5244140625
320,1033.3907937795184,167.6610686999481,620.3820190429688,304.039794921875,930.760498046875
321,1046.9853503023005,191.4550406639858,619.5923461914062,332.4709167480469,937.5061645507812
322,1036.0579231346653,191.54057745187868,614.1211547851562,329.3688049316406,928.422607421875
323,1038.1498622376355,186.7354683915934,617.3931884765625,325.189208984375,930.710205078125
324,1058.068971310204,168.33499046424208,633.6905517578125,311.10467529296875,950.3585205078125
325,1056.0288855987671,172.98943352838606,631.6325073242188,315.6399841308594,947.6051635742188
326,1004.1658357583369,188.48757869574814,598.19140625,316.5896911621094,903.9781494140625
327,1030.3097936346749,177.30625158596698,616.4485473632812,313.21221923828125,926.14306640625
328,1042.1277506593094,177.28481353826828,622.9860229492188,316.54486083984375,935.4721069335938
329,1026.916836130098,187.00971419488303,611.27587890625,322.0552978515625,921.7327880859375
330,1040.1726256522625,181.98964030308866,620.3511962890625,320.9189758300781,933.0567016601562
331,1051.6586757892187,182.19597984282024,626.3209228515625,324.3222961425781,942.3709106445312
332,1053.8889662150896,177.60141966437936,629.1657104492188,320.0489807128906,944.9409790039062
333,1065.5580108354409,178.12953502698454,634.9067993164062,323.6278991699219,954.6541748046875
334,1036.0907468620323,158.03382075066068,622.9695434570312,294.55908203125,935.5694580078125
335,1009.9180824094824,158.85964154590457,608.4734497070312,288.5661315917969,914.9281616210938
336,1010.6168716035578,153.89463664881603,609.2913818359375,283.67901611328125,916.8621826171875
337,1024.7061679512772,148.35133896642205,616.7611083984375,281.61669921875,929.7483520507812
338,1038.2301775393607,148.32118763225012,623.763671875,284.8309020996094,940.5551147460938
339,1024.3929134383266,150.79585519782597,616.7780151367188,284.035400390625,928.6343994140625
340,1037.8232597111778,150.7475901180776,623.8604736328125,287.24200439453125,939.3102416992188
341,1023.9905899027216,153.26576184756058,616.5979614257812,286.4819641113281,927.5134887695312
342,1037.3176991343616,153.189519488694,623.7310791015625,289.6842041015625,938.0551147460938
343,1051.4766290896516,148.6828349218361,630.4947509765625,288.3402099609375,951.2889404296875
344,1050.9944578099933,151.11293006770177,630.6720581054688,290.74334716796875,949.9227294921875
345,1050.3922830112854,153.5509936704856,630.5985107421875,293.1795654296875,948.5431518554688
346,1041.9630611226378,119.04908689484188,618.7695922851562,256.3084411621094,955.1947631835938
347,1039.4585715568069,138.59282245760417,622.399169921875,275.34759521484375,945.446533203125
348,1061.737530840501,158.95631522395243,636.4614868164062,301.7061767578125,956.0891723632812
349,1059.9692003473426,163.67081617152368,635.3084716796875,306.4559631347656,953.1900024414062
350,997.9254068681482,120.72947026083858,600.4527587890625,247.45034790039062,917.5967407226562
351,1012.756157977376,119.74036010917008,606.6702270507812,249.93446350097656,930.3336791992188
352,977.5670916010904,219.26495996201956,569.3046875,335.5402526855469,880.2381591796875
353,988.0058279683216,214.7485390670803,576.8411254882812,335.0015869140625,888.7671508789062
354,987.4735812609384,217.10642127625005,574.974609375,336.6170654296875,888.3806762695312
355,997.9733526977268,213.04631777178471,582.4520874023438,336.5335388183594,896.8826904296875
356,997.3229403633865,215.35978260974778,580.4539184570312,338.0225830078125,896.4749145507812
357,1007.8852258675137,211.67038337407283,587.8278198242188,338.3511047363281,905.0237426757812
358,1007.120779560417,213.95108235816542,585.6929321289062,339.70843505859375,904.5969848632812
359,1017.7860718437637,210.65830858046357,592.9152221679688,340.3836669921875,913.2843627929688
360,1016.9184572410537,212.91048091642247,590.64208984375,341.6070861816406,912.8419189453125
361,1027.739106985938,209.9696988197702,597.6614990234375,342.5488586425781,921.7798461914062
362,1026.7834790645268,212.21078476577551,595.2520751953125,343.64013671875,921.3255004882812
363,1037.8184541403602,209.61211907344992,602.0134887695312,344.7613830566406,930.64111328125
364,1036.7920754043255,211.85979356847207,599.4733276367188,345.7257080078125,930.1790161132812
365,1042.9403969827074,209.55487680403596,604.0250244140625,345.8600158691406,935.2511596679688
366,1041.8862119763405,211.80836503186288,601.422607421875,346.7639465332031,934.786865234375
367,1048.1366597327199,209.59443168717442,605.91796875,346.9411926269531,940.0023193359375
368,1047.0590585442142,211.8625873644211,603.2560424804688,347.7874450683594,939.5369873046875
369,1053.4267669670849,209.72017970645376,607.6857299804688,347.99700927734375,944.90966796875
370,1051.3070411127915,214.29696051420746,602.2015380859375,349.43634033203125,944.0808715820312
371,1048.8577870344034,233.56561878599697,580.8567504882812,354.497314453125,946.6157836914062
372,1038.4302167723329,232.97101609329832,578.2941284179688,353.2652587890625,936.64111328125
373,1042.1873446938712,223.4201675744794,589.5223999023438,350.99981689453125,937.8698120117188
374,1028.47719390301,232.816124535948,575.3397827148438,352.0804138183594,927.3030395507812
375,1032.0759645850571,223.32712298733696,586.2622680664062,349.4806823730469,928.5180053710938
376,1022.3192627226592,223.62660206013032,582.608154296875,348.0003967285156,919.675537109375
377,1024.08403405438,218.9955141653409,587.7512817382812,346.3455505371094,920.310302734375
378,1035.8173135515187,214.11985765311601,596.8790893554688,346.5438537597656,929.8165283203125
379,1040.886951793997,214.07613898490897,598.7681274414062,347.52142333984375,934.4237060546875
380,1046.034133141768,214.1518889274586,600.5442504882812,348.4880065917969,939.17333984375
381,1056.6837882469554,214.5534447114157,603.7341918945312,350.36029052734375,949.1597290039062
382,1058.823752321587,209.9470387680216,609.321533203125,349.0200500488281,949.98681640625
383,1067.8472338830202,215.39770978212002,606.4025268554688,352.11572265625,959.8788452148438
384,978.7793338317222,211.9958092151783,574.3095703125,330.08612060546875,881.4425048828125
385,989.0376468305013,209.9617958493142,580.3496704101562,331.475830078125,889.6930541992188
386,988.528262670943,212.36620904581855,578.6343994140625,333.28607177734375,889.2054443359375
387,999.2814855792967,208.35411326568172,586.2260131835938,333.222412109375,897.888916015625
388,998.6280279376009,210.71159181274854,584.3779296875,334.9315490722656,897.3551025390625
389,1009.4444049257721,207.04858265934612,591.8786010742188,335.27008056640625,906.1015014648438
390,1008.662356526858,209.37068485845379,589.8917236328125,336.8695373535156,905.5264892578125
391,1019.5818211283263,206.11586359492694,597.2477416992188,337.5430908203125,914.4220581054688
392,1018.6765219608199,208.39465196924573,595.1193237304688,339.0266418457031,913.8125
393,1029.743974720357,205.47273432123947,602.2738037109375,339.95355224609375,922.9635009765625
394,1028.7287523441676,207.7252826443282,600.0043334960938,341.31756591796875,922.327392578125
395,1039.9925968959424,205.13179463425658,606.8969116210938,342.4101257324219,931.8547973632812
396,1038.8882177601413,207.37118685945237,604.4904174804688,343.6537780761719,931.2012939453125
397,1045.1817284603253,205.07396877116668,609.0386352539062,343.6283874511719,936.4734497070312
398,1044.0417672573274,207.31155227282446,606.5661010742188,344.8124084472656,935.8150024414062
399,1050.4340746497303,205.1022008471972,611.0570678710938,344.82666015625,941.2285766601562
400,1049.264274315345,207.3425339552589,608.5206909179688,345.9519348144531,940.5678100585938
401,1055.7674544864874,205.21453801048247,612.9447631835938,345.9962463378906,946.1351318359375
402,1054.5741972067624,207.4594573075296,610.3472290039062,347.0637512207031,945.4749145507812
403,1061.1969277348774,205.41807354922685,614.6942138671875,347.1291809082031,951.2062377929688
404,1059.9863799320126,207.67190557372797,612.0384521484375,348.1405334472656,950.5494995117188
405,1064.3542088421937,210.26023396107993,610.8187255859375,350.00457763671875,955.2457885742188
406,999.9292807059089,205.97259662179047,587.9912109375,331.411865234375,898.4811401367188
407,1010.2241483811841,204.70112274009603,593.7827758789062,333.55889892578125,906.7453002929688
408,1020.4951239763386,203.81867645569253,599.29443359375,335.939453125,915.109130859375
409,1030.7770741352206,203.20777432095582,604.4632568359375,338.4635314941406,923.6837768554688
410,1041.1235388697235,202.88919914380884,609.226318359375,341.03741455078125,932.596923828125
411,1046.3523838715073,202.83787801823516,611.4359741210938,342.3149719238281,937.2218017578125
412,1051.6384176006652,202.86935610158736,613.5204467773438,343.5725402832031,941.979736328125
413,1056.9990508452513,202.98161360825256,615.471923828125,344.8011779785156,946.8855590820312
414,1062.448636993926,203.1805835888399,617.2823486328125,345.99273681640625,951.9522094726562
415,1068.0014175290098,203.47383491253214,618.9439086914062,347.1404113769531,957.1912841796875
416,1073.668689745788,203.8746363283523,620.4486694335938,348.23858642578125,962.6126098632812
417,1078.1980439111496,206.6593815121697,619.0375366210938,350.2481384277344,967.5164794921875
418,1021.4108304843941,201.50032208386634,601.2539672851562,334.2218017578125,915.8700561523438
419,1031.8217764461092,200.92595312198932,606.5670776367188,336.8536376953125,924.4845581054688
420,1042.274133934273,200.63853819971933,611.4727783203125,339.5417175292969,933.4237670898438
421,1047.5466946915774,200.59869006452305,613.7521362304688,340.8780822753906,938.0560913085938
422,1052.8706147707007,200.63968530355984,615.9048461914062,342.19537353515625,942.8173828125
423,1058.2625686696026,200.75691489099208,617.922607421875,343.4844055175781,947.7223510742188
424,1063.735573543933,200.95562461925346,619.7970581054688,344.7366638183594,952.7836303710938
425,1069.3031366097564,201.24490706955638,621.5199584960938,345.9454345703125,958.012451171875
426,1074.977801319564,201.63658554209374,623.0830078125,347.1047668457031,963.4185180664062
427,1080.7725050470767,202.139227946758,624.4779663085938,348.20941162109375,969.0095825195312
428,1012.5136978597928,197.48769732825428,598.97314453125,327.8204040527344,909.0581665039062
429,1022.3251609135473,199.15848663853978,603.1215209960938,332.3957824707031,916.7017822265625
430,1032.8722070512374,198.62320305868124,608.5798950195312,335.12982177734375,925.3621215820312
431,1043.4378923548554,198.37541248639687,613.630615234375,337.92889404296875,934.33154296875
432,1048.7579611249248,198.35215279092125,615.9815063476562,339.3236389160156,938.972412109375
433,1054.1244010119517,198.40937102967015,618.20458984375,340.70098876953125,943.7376708984375
434,1059.5517387253008,198.53650292549347,620.2911987304688,342.05145263671875,948.6415405273438
435,1065.0514928786745,198.739598089906,622.2327270507812,343.3666076660156,953.696533203125
436,1070.6367830599597,199.02895173593294,624.0204467773438,344.6393737792969,958.9136352539062
437,1076.3204716835246,199.41531057201126,625.6458129882812,345.86383056640625,964.302001953125
438,1082.1150243728691,199.90795910430828,627.1002197265625,347.0346374511719,969.869140625
439,1059.0198279652823,275.7308279524448,537.1463012695312,362.95648193359375,964.4662475585938
440,1036.8653009997124,273.8539692789531,534.1187133789062,360.81280517578125,942.3614501953125
441,1042.3441848272512,253.17330988809934,557.5731811523438,357.9189453125,944.3583374023438
442,1059.979460896289,234.55878386312392,583.0009155273438,355.7572326660156,957.331298828125
443,1071.7246002698698,236.04321950233307,584.7000122070312,357.01837158203125,968.8577270507812
444,1084.0625675053454,237.97737106383238,585.9275512695312,358.2164611816406,981.1651611328125
445,1097.0221418441831,240.56326848641604,586.65673828125,359.3790283203125,994.2132568359375
446,1118.178651445387,224.47205315535808,610.9368286132812,357.208740234375,1010.5342407226562
447,1128.6823783108575,227.87093240853886,610.5258178710938,357.844970703125,1021.5372924804688
448,1089.3787268948847,198.2829183785966,630.9859619140625,346.93701171875,976.5037841796875
449,1095.3701617892873,198.98316021702743,632.13037109375,348.04248046875,982.3672485351562
450,1092.7150637639004,203.49806504031173,626.7305908203125,350.2040710449219,980.7211303710938
451,1081.7479932089996,211.9697684702268,614.4122924804688,352.667724609375,972.1967163085938
452,1084.1230784507811,207.3144113117911,620.1587524414062,351.166015625,973.3339233398438
453,1096.3758362768153,209.04367358726535,621.8662109375,352.7821960449219,985.520751953125
454,1086.6838886994353,202.75816871959054,625.6965942382812,349.2437744140625,974.778564453125
455,1098.8606991175475,204.38764241909,627.5716552734375,351.0929260253906,986.8374633789062
456,1105.1290073820546,205.43669047087403,628.2114868164062,351.91326904296875,993.127197265625
457,1104.8148446665077,221.1254699510574,610.816650390625,356.2334289550781,996.738525390625
458,1102.7017758246304,210.14424736205055,622.4375,353.4859313964844,991.889404296875
459,1109.1629389015516,211.44344146940534,622.8103637695312,354.12359619140625,998.4413452148438
460,1122.4321752657638,214.73168858037613,622.9310302734375,355.21142578125,1012.093017578125
461,1025.1142868334755,191.93524225081907,608.2509765625,326.3729248046875,919.5890502929688
462,1023.2524090088264,196.7958737981537,604.9093017578125,330.4748229980469,917.6004028320312
463,1034.9925186275418,193.93189984568352,612.3589477539062,331.38232421875,927.3336181640625
464,1033.9306649239763,196.2936941208639,610.5101928710938,333.3038330078125,926.3126831054688
465,1045.7975817469767,193.78699978438024,617.6935424804688,334.38861083984375,936.3754272460938
466,1044.6141877770644,196.09386768895263,615.7044677734375,336.20916748046875,935.31640625
467,1049.9838141560333,196.0924023839433,618.1268920898438,337.66094970703125,939.9669799804688
468,1069.1244256662003,192.0979383270265,629.0375366210938,338.63079833984375,956.8910522460938
469,1062.1921836434722,194.08810400288255,624.7777709960938,338.8653869628906,950.7129516601562
470,1063.5334942023978,191.85124980577368,626.8869018554688,337.1209716796875,951.8597412109375
471,1056.6858737014943,193.92776778487308,622.5509643554688,337.391357421875,945.8114624023438
472,1057.9841968259432,191.6688693537196,624.5895385742188,335.5851745605469,946.9595947265625
473,1051.225423802724,193.8205815300891,620.1865234375,335.8959045410156,941.0368041992188
474,1052.4777480953428,191.5312210434515,622.1549072265625,334.0319519042969,942.1795654296875
475,1068.837703286691,182.92263123426915,634.4053955078125,329.51849365234375,956.8988647460938
476,1074.7747846900627,192.41973321924124,631.0321044921875,340.10748291015625,962.0636596679688
477,1073.378021961627,194.6198664342369,628.781494140625,341.7164306640625,960.94189453125
478,1067.7514454801094,194.31494937036513,626.857666015625,340.3095397949219,955.7529296875
479,1079.0837468993864,195.00993040081983,630.5399780273438,343.08026123046875,966.2881469726562
480,1080.4935608969772,192.8197530758171,632.8611450195312,341.5451354980469,967.3856201171875
481,1081.913622265874,190.6351688353865,635.0922241210938,339.9225158691406,968.546630859375
482,1084.8799119707464,195.4930845546492,632.1240234375,344.3957214355469,971.7984008789062
483,1086.2913621200792,193.30498158170758,634.515380859375,342.93853759765625,972.8629760742188
484,1087.7156902721083,191.1256011644065,636.8191528320312,341.3924255371094,973.9921264648438
485,1089.1483881728159,188.95110359125712,639.0291748046875,339.75836181640625,975.1851806640625
486,1090.76245698025,196.07210299524664,633.5244140625,345.6485595703125,977.4642333984375
487,1092.1641282707565,193.8776208808756,635.9854125976562,344.2740478515625,978.4869995117188
488,1093.5809970001856,191.69483047942566,638.3621215820312,342.8095703125,979.574951171875
489,1095.0128340050992,189.51688724455514,640.64453125,341.2455139160156,980.7354125976562
490,1096.4533490767153,187.34069967822066,642.8257446289062,339.58599853515625,981.96533203125
491,1082.2884273332604,169.8909838426536,645.3168334960938,318.5082702636719,970.682373046875
492,1085.7543000059566,174.84757868558128,645.4660034179688,324.75360107421875,972.83642578125
493,1079.826845346642,174.40502079151207,642.9751586914062,322.94970703125,967.6233520507812
494,1067.9272348936638,173.62859779920336,637.5590209960938,319.29693603515625,957.4639892578125
495,1094.8597350732282,180.2417676306587,646.8093872070312,332.4074401855469,980.549560546875
496,1088.9689693375203,179.73423798295173,644.7493286132812,330.69818115234375,975.1580810546875
497,1083.1016752962807,179.2719039087926,642.5189819335938,328.9603576660156,969.87744140625
498,1077.2492947192325,178.8526259498957,640.1282958984375,327.1985778808594,964.7040405273438
499,1084.5825655914214,165.30578415443978,647.09326171875,313.8996887207031,973.8615112304688
500,1064.5943903515365,149.3118156307529,636.8619384765625,292.02886962890625,962.0236206054688
501,1064.0213028634316,151.7379978584811,637.1194458007812,294.424560546875,960.5477294921875
502,1063.336423759857,154.15983050710827,637.10791015625,296.8542175292969,959.0556030273438
503,1074.2602455890105,159.79199016240966,642.60986328125,305.4415283203125,966.5072631835938
504,1076.791174551418,152.61347139232714,643.1092529296875,298.1758117675781,971.2666625976562
505,1089.4483130826975,153.50926918409837,648.5479125976562,301.9027099609375,982.1480102539062
506,1077.423791729894,150.1896885206583,642.7726440429688,295.78594970703125,972.838623046875
507,1090.170696154813,151.06826502608843,648.1341552734375,299.5164489746094,983.8003540039062
508,1066.4473063892558,139.51888529357603,634.7368774414062,282.6359558105469,967.8095703125
509,1099.0144421010243,161.66477931394573,653.26806640625,312.7852783203125,988.0222778320312
510,1100.054914236391,159.30098849184049,653.5260009765625,310.3721618652344,989.7560424804688
511,1101.0260752774902,156.90785896648586,653.5606689453125,307.9489440917969,991.4970703125
512,1113.284874799656,157.8854333938864,657.7108154296875,311.43646240234375,1002.7362060546875
513,1112.2890287820187,160.30132083324338,657.784423828125,313.8575744628906,1000.9520263671875
514,1111.2149749173188,162.68500891716727,657.6005859375,316.2774353027344,999.1688842773438
515,1110.0703422225642,165.03661265092313,657.1710815429688,318.67901611328125,997.3992309570312
516,1102.8160881599376,166.83635440368445,654.418212890625,319.3114013671875,990.0986938476562
517,1096.7334548793872,196.756395373012,634.7319946289062,346.8360595703125,983.2811889648438
518,1098.114410358465,194.54793890190442,637.2618408203125,345.5495910644531,984.2528686523438
519,1099.5121741152118,192.35295883033982,639.7115478515625,344.1723327636719,985.290283203125
520,1100.9323170987716,190.16295526713742,642.0668334960938,342.682861328125,986.409423828125
521,1102.3674524981568,187.97521325663175,644.3193969726562,341.0865173339844,987.6063232421875
522,1103.8105442384276,185.7871376930608,646.4611206054688,339.3889465332031,988.876953125
523,1105.5170836063467,193.11642312538876,640.85791015625,345.4844665527344,991.1384887695312
524,1106.9147713902946,190.90450533825424,643.2863159179688,344.07470703125,992.2073974609375
525,1108.3350193184338,188.69590447558085,645.6106567382812,342.5456237792969,993.36328125
526,1109.769184452288,186.4879412075233,647.8217163085938,340.90423583984375,994.600830078125
527,1111.209670269819,184.2777235882436,649.910400390625,339.1570129394531,995.91552734375
528,1113.982520418949,201.95882315416407,634.3280639648438,350.9725341796875,1000.9166259765625
529,1110.27615098411,196.25199366642838,639.1963500976562,347.9345397949219,996.2115478515625
530,1111.601649136274,194.0010739191622,641.7916870117188,346.7499084472656,997.1195678710938
531,1112.9675396397065,191.7574229012219,644.2933349609375,345.4249572753906,998.1297607421875
532,1114.3638618901682,189.51842876844785,646.689697265625,343.967529296875,999.2363891601562
533,1115.7808826113246,187.28112500080172,648.9705810546875,342.3859558105469,1000.433349609375
534,1117.2096193388295,185.04256573225518,651.1258544921875,340.68804931640625,1001.715087890625
535,1118.6415940060983,182.79950364908822,653.1441650390625,338.8799743652344,1003.0767822265625
536,1120.069386234992,180.54812431989285,655.0137329101562,336.96728515625,1004.5144653320312
537,1112.6490660893046,182.06202147186715,651.8665161132812,337.3091735839844,997.30322265625
538,1105.2548693196386,183.59598720224292,648.4837646484375,337.595458984375,990.2174072265625
539,1097.8964127556687,185.16363136357361,644.8986206054688,337.8356018066406,983.2613525390625
540,1090.5841812621868,186.77836753844912,641.1395263671875,338.03948974609375,976.43994140625
541,1083.336473667489,188.4562051871405,637.230224609375,338.2226257324219,969.7637329101562
542,1076.1793277699217,190.22199917848073,633.1908569335938,338.4129333496094,963.247802734375
543,1074.5892391646432,183.2694069859732,636.8285522460938,331.2351379394531,961.9370727539062
544,1080.3661759614367,183.65840042803472,639.0993041992188,332.93115234375,967.08837890625
545,1086.1722536490904,184.10192626550983,641.2078857421875,334.60089111328125,972.3590698242188
546,1093.4450468238572,182.42682431471366,645.0367431640625,334.3610534667969,979.1243896484375
547,1100.7676394088594,180.79517406133027,648.68896484375,334.07806396484375,986.0400390625
548,1108.122083559186,179.19188307602988,652.1340942382812,333.7376708984375,993.0947875976562
549,1115.497697717322,177.60034069390016,655.3363647460938,333.33197021484375,1000.2830810546875
550,1066.212480703914,187.37612239490218,630.8292236328125,333.4197692871094,954.3075561523438
551,1071.8758570750624,187.67339173180616,633.12060546875,335.048095703125,959.3310546875
552,1077.5816583305302,188.03210745085335,635.2575073242188,336.6509704589844,964.480712890625
553,1084.7575076719731,186.2793377325702,639.2705688476562,336.4480285644531,971.0350952148438
554,1092.0179663234683,184.60463456671937,643.144287109375,336.23944091796875,977.7537231445312
555,1099.3364325308141,182.98272035181188,646.8558959960938,335.9983825683594,984.6205444335938
556,1106.6940669896392,181.398661107108,650.3780517578125,335.7102966308594,991.6243896484375
557,1114.0806486344864,179.8373688603652,653.6790771484375,335.36566162109375,998.7603759765625
558,1121.4853998529088,178.28511314221208,656.7216186523438,334.9563903808594,1006.0234985351562
559,1112.2778221897959,172.48542076704706,656.4600219726562,327.3457946777344,997.8510131835938
560,1106.2954282053083,171.91505859825338,654.5886840820312,325.64483642578125,992.2640380859375
561,1113.6001220982434,170.2120089850198,657.54296875,325.0759582519531,999.5381469726562
562,1108.8605691049945,167.35934757183728,656.5142822265625,321.0480041503906,995.6533203125
563,1114.873573346058,167.91101866296535,658.419677734375,322.74896240234375,1001.2669067382812
564,1120.8832523294543,168.44791370920333,660.123779296875,324.42059326171875,1006.9404907226562
565,1119.5988481851832,170.7830673958723,659.237548828125,326.74981689453125,1005.2020874023438
566,1130.2668818453951,174.352633525891,660.8344116210938,332.2961730957031,1015.038818359375
567,1124.2552525690915,173.71013102067798,659.5934448242188,330.6656494140625,1009.2374267578125
568,1118.2620715821931,173.0752365798222,658.1318359375,329.0174865722656,1003.508544921875
569,1127.5064733476652,179.02468640352922,657.886474609375,336.56134033203125,1011.8473510742188
570,1126.0993087146178,181.32863789229285,656.1278076171875,338.5479431152344,1010.3578491210938
571,1124.6822256957203,183.6204052941981,654.200927734375,340.4275207519531,1008.946044921875
572,1123.2640516145339,185.90401455293159,652.1199340820312,342.193359375,1007.6168212890625
573,1121.8537355238045,188.18341023354662,649.8977661132812,343.8388366699219,1006.3751220703125
574,1120.4608923693534,190.46205129862983,647.5468139648438,345.35675048828125,1005.2262573242188
575,1119.0963160312745,192.74308272725048,645.0781860351562,346.73797607421875,1004.1768188476562
576,1117.7720617878895,195.02922937028032,642.5032958984375,347.9724426269531,1003.2341918945312
577,1116.5000566202975,197.32178127338287,639.8356323242188,349.051025390625,1002.4049682617188
578,1130.3452151069291,197.6460429448909,643.2218627929688,350.3041076660156,1015.8641357421875
579,1136.7211643336564,199.3632326916063,643.2098388671875,351.42095947265625,1022.3799438476562
580,1141.0484814037193,178.23018821097244,661.1746215820312,337.6847229003906,1025.265380859375
581,1139.698686592178,180.6838539995444,659.513916015625,339.7342529296875,1023.7474365234375
582,1128.9065073102688,176.71593536000432,659.4617309570312,334.47479248046875,1013.4094848632812
583,1133.5792844684515,179.8352214769006,658.8206787109375,338.152099609375,1017.7551879882812
584,1132.1825795216882,182.19479994596117,657.0111083984375,340.11260986328125,1016.291015625
585,1138.3233271582774,183.13411945818217,657.6533813476562,341.666748046875,1022.3143310546875
586,1130.7798337960585,184.5423533898935,655.0266723632812,341.95709228515625,1014.9110717773438
587,1136.9400996155719,185.56684252597975,655.6112670898438,343.47357177734375,1020.9723510742188
588,1129.379825234063,186.8819105299067,652.8827514648438,343.67791748046875,1013.6209106445312
589,1135.5623340900638,187.9872600463602,653.4042358398438,345.14630126953125,1019.7278442382812
590,1127.9920299140722,189.21766479410792,650.5934448242188,345.2674865722656,1012.4262084960938
591,1134.2000598573695,190.40059316690963,651.0475463867188,346.6763000488281,1018.5870361328125
592,1126.6269882080571,191.55393675471646,648.1720581054688,346.71759033203125,1011.3329467773438
593,1132.866010305855,192.81118462061625,648.5558471679688,348.05450439453125,1017.5565795898438
594,1125.2969796021823,193.89491891250947,645.6311645507812,348.0177001953125,1010.3487548828125
595,1131.572521223234,195.22221052979705,645.942626953125,349.26837158203125,1016.6456298828125
596,1124.0167767555351,196.2460663584704,642.9832153320312,349.1559143066406,1009.4822998046875
597,1150.7870832440985,179.54699660717705,661.8195190429688,340.2043762207031,1034.8212890625
598,1101.9071826648378,154.48075746662542,653.3418579101562,305.5341491699219,993.2326049804688
599,1114.2049928133613,155.43283841992525,657.3975830078125,309.02386474609375,1004.5131225585938
600,1125.379327752984,158.82248554058026,661.0394287109375,314.7820739746094,1014.1300048828125
601,1124.371919040991,161.27681058666045,661.2427978515625,317.1996154785156,1012.3264770507812
602,1123.2801711438185,163.69857492237622,661.1505737304688,319.6271057128906,1010.515869140625
603,1122.1124957822103,166.08783361791632,660.76953125,322.0409851074219,1008.7156372070312
604,1102.6906827830655,152.0228690739838,652.8536376953125,303.14849853515625,994.94775390625
605,1115.0420171763294,152.94466788818076,656.8385620117188,306.6365966796875,1006.2704467773438
606,1127.194258341548,153.79757007848562,659.9962768554688,309.9853820800781,1017.7025756835938
607,1148.4544338255962,163.01067215062108,665.3968505859375,323.65643310546875,1035.6361083984375
608,1131.5926357626242,171.97497052229548,661.9837036132812,330.033935546875,1016.7294921875
609,1132.8832531130722,169.57860845744605,662.8847045898438,327.7002258300781,1018.4722900390625
610,1134.1200501129595,167.15222364504356,663.510498046875,325.3093566894531,1020.2566528320312
611,1135.292025474447,164.69509244911424,663.8294067382812,322.8824768066406,1022.0673828125
612,1136.3836860008996,162.2060369466602,663.8104858398438,320.4482727050781,1023.884033203125
613,1137.3859858261917,159.684135823013,663.4537963867188,318.0378112792969,1025.68359375
614,1139.221109731576,154.52733219961897,662.2340698242188,313.25042724609375,1029.250732421875
615,1142.534883526209,144.03040650733348,658.9139404296875,303.80169677734375,1036.2801513671875
616,1154.5430496754163,144.12362660127565,660.1935424804688,307.0181579589844,1047.9114990234375
617,1092.6341728315483,141.20537205606328,645.3812255859375,290.1631164550781,990.278564453125
618,1097.638928951255,121.12609088246816,639.6553955078125,271.4510192871094,1003.2188110351562
619,1105.426587039288,142.03259208758402,649.8592529296875,293.7874755859375,1001.6780395507812
620,1123.9351384476647,122.24000841213112,647.3119506835938,278.4930725097656,1026.9888916015625
621,1118.0249981291636,142.80838552212035,653.6630859375,297.2499084472656,1013.1783447265625
622,1130.3763821133527,143.48910904206923,656.709228515625,300.5670471191406,1024.7086181640625
623,1070.2995168177106,119.8094220069024,629.95263671875,263.811767578125,979.3541870117188
624,1096.7543950432187,166.31088219662504,652.1422119140625,317.5368957519531,984.608154296875
625,1100.3031034333571,171.3788186613621,652.5281982421875,323.9088134765625,986.7467041015625
626,1104.954198927939,174.16046382286723,653.3502197265625,327.8567199707031,990.6325073242188
627,1110.9202691993896,174.73834938322216,655.1878051757812,329.5501403808594,996.2117919921875
628,1116.8947160041998,175.34805257322708,656.8258056640625,331.2138366699219,1001.8672485351562
629,1122.8862836079554,176.00956717552728,658.25390625,332.853515625,1007.5994262695312
630,1142.3865450523654,175.74507630038576,662.6124267578125,335.5274353027344,1026.86181640625
631,1151.9188432257743,177.4092121235404,663.057373046875,338.471435546875,1036.1199951171875
632,940.3229553933071,49.757672492039625,557.6591796875,169.4203338623047,890.8833618164062
633,938.2086502866548,40.20209165610036,552.0669555664062,161.28004455566406,892.23046875
634,975.779944429636,34.56170447667035,563.0506591796875,163.165283203125,927.5361938476562
635,974.2209997404543,24.63971845048155,556.571044921875,155.22421264648438,929.7109375
636,936.0076950933058,30.703237448593647,545.9780883789062,153.4961395263672,893.5184936523438
637,952.8172480416712,17.616861071199928,544.1384887695312,146.5982666015625,913.1167602539062
638,933.6988807793814,21.201854912203967,539.4156494140625,146.09817504882812,894.7421875
639,972.4198151775569,14.550349489732277,549.2532958984375,147.72158813476562,931.780029296875
640,977.8964154649196,-6.0476885424281495,535.3202514648438,136.61749267578125,944.3472290039062
641,980.2928689444707,3.250803049274637,543.7489013671875,141.93324279785156,943.0631103515625
642,967.9340124010336,-4.637424701651762,533.1031494140625,135.45123291015625,934.8101806640625
643,970.3475850435947,4.646632942725343,541.3152465820312,141.02430725097656,933.55419921875
644,958.009571056657,-3.0828156645136002,530.9470825195312,134.4686737060547,925.2738647460938
645,979.3999298661604,-33.46033750249483,510.638427734375,127.69232940673828,955.4110107421875
646,972.4048152135633,-23.4532196481658,517.98828125,128.68026733398438,945.6547241210938
647,969.5705195850836,-32.365287722443504,508.8576965332031,125.22737121582031,946.15576171875
648,962.5354074459881,-22.21863550825052,516.0867309570312,126.74899291992188,936.2721557617188
649,990.2563085750692,1.9740488696483547,546.2376098632812,143.0234832763672,952.5497436523438
650,999.0792608880994,-3.8888960730091355,544.3395385742188,141.71212768554688,962.749755859375
651,1007.7370273114295,-9.430617280996566,542.2166748046875,141.22926330566406,972.6695556640625
652,1032.5601343257229,19.494240709979668,574.1771850585938,162.3647918701172,984.0390625
653,1013.2608782129632,20.692972113678017,568.2307739257812,159.40219116210938,966.1773681640625
654,1011.9647044977302,10.152297528504327,560.1986694335938,151.9737091064453,969.0576782226562
655,992.1922211052415,12.070014629962714,554.64501953125,149.5121307373047,950.4993896484375
656,991.2956054570886,6.926790006483303,550.4904174804688,146.08380126953125,951.6173095703125
657,977.1022369523665,44.30799976271416,568.7158203125,171.4192352294922,925.2783203125
658,1014.1304158481715,30.94730135980816,575.0449829101562,167.418701171875,963.051513671875
659,1014.5604286015098,40.89319628621426,580.6793823242188,175.79417419433594,959.7619018554688
660,1051.6910214059546,29.30114100748329,587.2069091796875,173.74090576171875,997.4744873046875
661,1031.4873626428302,8.797433862477435,565.7996826171875,155.0635223388672,987.2665405273438
662,1030.7165460286424,3.479571379084554,561.1964721679688,151.85443115234375,988.64990234375
663,1029.7553934063938,-1.596501780700379,556.4725952148438,149.14906311035156,989.73974609375
664,1009.0034941009393,-4.870754767325832,546.7798461914062,143.28140258789062,972.1246948242188
665,1018.8553929552487,-5.705809379787816,549.2343139648438,145.02545166015625,981.3939819335938
666,1028.6211047594572,-6.423381965193764,551.6901245117188,146.9348907470703,990.5357666015625
667,1038.2676965833184,-6.989904084475252,554.1343994140625,148.99717712402344,999.5314331054688
668,1048.3720860179235,-5.04643703083367,559.0657348632812,152.1083221435547,1008.0112915039062
669,1047.779161481038,-7.469857991439105,556.5543212890625,151.1972198486328,1008.365234375
670,1047.1488867054645,-9.835647981690819,554.0413208007812,150.41464233398438,1008.6378173828125
671,1046.4803611595744,-12.150319663169197,551.5326538085938,149.75662231445312,1008.8316040039062
672,1036.9779682239705,-11.6345253792911,549.2268676757812,147.40362548828125,1000.0233154296875
673,1027.3393618131254,-11.025964752699174,546.8975830078125,145.18824768066406,991.0491333007812
674,1017.5833651671467,-10.286436593473756,544.5568237304688,143.1258544921875,981.9249267578125
675,1024.4339823712335,-19.689809260175622,537.3945922851562,142.90306091308594,991.3488159179688
676,1014.7181434130753,-18.903310779519746,535.2618408203125,140.4659881591797,982.3207397460938
677,1087.4814910312853,28.839867509756235,598.6966552734375,181.19215393066406,1030.0701904296875
678,1087.7228176301187,23.527778692167505,595.1588745117188,177.22604370117188,1032.4716796875
679,1051.6853401963224,24.090313322358888,583.8333129882812,169.68653869628906,999.5179443359375
680,1051.4977969126535,18.784945768935785,580.0507202148438,165.79571533203125,1001.4654541015625
681,1051.127899628679,13.402279059114584,575.8726806640625,162.11692810058594,1003.2924194335938
682,1087.478423146069,12.659528645127862,586.6376953125,170.0994110107422,1036.734375
683,1050.5857778869163,7.9649180615800494,571.333740234375,158.69171142578125,1004.9783325195312
684,1066.3355890597418,-8.146934232426396,561.2698364257812,155.9416961669922,1025.4986572265625
685,1065.695496297285,-10.562571278205688,558.6450805664062,155.30650329589844,1025.744140625
686,1083.5237407076813,-11.072454394258468,563.0040893554688,160.5312042236328,1042.069580078125
687,996.4683878173417,-12.800022980289935,535.442626953125,137.66090393066406,963.6641235351562
688,1006.3630471107627,-13.790491462555186,537.6665649414062,139.5629119873047,972.9945678710938
689,1016.1906804123851,-14.660153149668606,539.9003295898438,141.63963317871094,982.2127685546875
690,1025.9280520552697,-15.421792586614625,542.1327514648438,143.88050842285156,991.297119140625
691,1035.5535650006514,-16.07411412062813,544.3526000976562,146.27206420898438,1000.2290649414062
692,1045.0427580794258,-16.637974944640032,546.5486450195312,148.7982940673828,1008.992919921875
693,1055.8307208893566,-12.559648666533413,553.8027954101562,152.2297821044922,1017.4614868164062
694,1062.0094453611396,-22.058451440149824,545.6766967773438,153.9407196044922,1025.785888671875
695,1079.7850645494884,-22.939479480418832,549.523193359375,159.95733642578125,1041.8521728515625
696,1081.3538329419114,-18.257214487910346,554.870849609375,159.86959838867188,1042.153076171875
697,1072.5526586564524,-17.90295499489417,552.882080078125,156.99679565429688,1034.1640625
698,1082.8338850818247,-13.500179992390319,560.2792358398438,160.17897033691406,1042.1864013671875
699,1074.021613990735,-13.219014060074352,558.1881713867188,157.4603271484375,1034.1468505859375
700,1004.914366114398,-18.02215081329613,533.1250610351562,138.1901092529297,973.1569213867188
701,989.2319044662115,-34.52081139855342,512.4306640625,130.34547424316406,964.59228515625
702,995.0470558948169,-17.038479044637754,530.9945068359375,136.08668518066406,963.8787841796875
703,959.7451239735717,-31.191848325901457,507.0962219238281,122.9552993774414,936.8538818359375
704,956.9090690292197,-40.27553403343351,497.8124694824219,119.53974151611328,937.339599609375
705,963.8264883610407,-50.60126840720168,489.7762756347656,119.38255310058594,946.8787231445312
706,983.34232412707,-52.76839776083533,492.8052673339844,125.67683410644531,964.9922485351562
707,973.5865212791576,-51.70085646008657,491.28936767578125,122.43204498291016,955.97509765625
708,942.9297502263914,-19.529300064838786,512.4011840820312,123.45018005371094,917.5001831054688
709,909.9907736762847,-142.00937504801436,385.99481201171875,93.8978500366211,921.69091796875
710,910.6983365271592,-63.482031855860065,463.589599609375,100.90003967285156,902.242919921875
711,924.259302744481,-84.73429663148104,446.279541015625,101.84737396240234,920.7156372070312
712,938.1139886785003,-106.34946451429451,428.0025329589844,105.57372283935547,938.7828369140625
713,1043.5173950780222,-21.0092071454346,541.6061401367188,148.20091247558594,1008.92822265625
714,1034.040901966972,-20.385721096708544,539.5128173828125,145.487060546875,1000.2230224609375
715,1027.9685370002355,-38.20068529871305,519.5599975585938,142.63265991210938,1000.1093139648438
716,1018.416563190422,-37.35577092229747,517.7990112304688,139.33897399902344,991.4510498046875
717,1012.3759156283741,-55.85647456004584,497.3110656738281,136.4576416015625,991.3339233398438
718,1002.7606305910945,-54.84391993324895,495.822021484375,132.70570373535156,982.6924438476562
719,1006.5296093252994,-75.03178209514405,476.15576171875,134.51527404785156,991.017578125
720,987.3098690349324,-72.77776542947588,473.6523132324219,126.2429428100586,973.8690185546875
721,976.4672040154967,-111.74278303883686,431.3480529785156,122.49097442626953,973.5750122070312
722,957.2157199167199,-108.9940332846062,429.68280029296875,113.6113510131836,956.3331298828125
723,947.5095053754027,-148.33004733288294,387.6614685058594,110.4533462524414,956.3314208984375
724,995.6262071161439,-114.51796376538634,432.9763488769531,132.06723022460938,990.3203125
725,1025.40790994724,-77.26430230958155,478.5807189941406,143.2936248779297,1007.5240478515625
726,1043.7775464099323,-79.49121210064976,480.8905334472656,152.35337829589844,1023.3046875
727,1031.305424633589,-57.811437480628435,500.22137451171875,144.33050537109375,1008.1200561523438
728,1049.7052681076748,-59.72555562424847,503.0022277832031,152.52272033691406,1024.17578125
729,1037.4048384285188,-39.018732162461674,521.2938842773438,146.04205322265625,1008.5947875976562
730,967.4584734007955,-193.86064079661247,345.3373107910156,124.53864288330078,981.5615844726562
731,995.6354902469419,-199.53859230459065,345.3323669433594,141.01553344726562,1005.4701538085938
732,1061.4702037322493,-81.70915122132044,483.0486145019531,161.44277954101562,1038.319580078125
733,1073.5591272677652,-42.028214152256176,527.8045043945312,160.3602294921875,1040.637939453125
734,1055.8363846525092,-40.57518416072775,524.6495971679688,153.1148681640625,1025.0089111328125
735,1044.4795031484814,99.26056615618249,613.9826049804688,237.3052520751953,964.890380859375
736,1074.3104610533007,99.80753804354151,624.5193481445312,245.00497436523438,990.8651733398438
737,1136.1780594513357,80.39880073206537,634.8246459960938,240.96275329589844,1054.6253662109375
738,1142.4513945943313,59.22638785930599,628.6857299804688,222.1674041748047,1068.4583740234375
739,1119.0243970623783,38.99282188956177,614.3809814453125,197.03919982910156,1054.711181640625
740,1116.4066156401689,49.3498576512442,617.9163208007812,206.21890258789062,1048.349853515625
741,1084.4148985495667,49.32249819917741,608.1658325195312,198.70045471191406,1019.3204345703125
742,1082.4169868297358,59.43895590765686,611.7391357421875,207.83676147460938,1013.6903076171875
743,1049.2108350800956,59.36057748848958,601.0010375976562,200.08941650390625,983.9641723632812
744,1046.913507064273,79.32864564982992,608.0470581054688,218.51220703125,974.5006713867188
745,1014.2456476004076,80.30359189083005,596.9124145507812,211.80667114257812,945.4359130859375
746,1013.6621431007279,100.05772953450979,602.6238403320312,230.71766662597656,937.9380493164062
747,982.1346037421665,102.8213261580634,590.9651489257812,226.14010620117188,910.0813598632812
748,944.2595518603198,68.9425892130144,567.2647094726562,186.64486694335938,888.0333251953125
749,979.244271159315,63.713323886023865,578.1351928710938,188.8171844482422,920.462890625
750,1014.6121144402704,50.71301497791262,585.3543701171875,184.4999542236328,956.305908203125
751,1051.2577219175575,39.444753237628966,592.7855834960938,182.20420837402344,993.165771484375
752,1087.0016788753428,34.06127240489252,601.7314453125,185.3583526611328,1027.5299072265625
753,1120.6820910510298,28.39332513989208,608.6737670898438,188.57730102539062,1060.5552978515625
754,1117.886644423075,-6.809160252354377,576.3992919921875,171.97494506835938,1071.7880859375
755,1118.4806876727437,-4.182374535848195,579.2891235351562,172.4632568359375,1071.47998046875
756,1102.3806936731592,-3.8297066254713035,575.4751586914062,167.4116668701172,1056.76025390625
757,1102.9015913193923,-1.200343657557859,578.263427734375,168.1941375732422,1056.294677734375
758,1085.845398411823,-0.9386483054705168,573.8753662109375,163.35032653808594,1040.651123046875
759,1086.2947714532518,1.7110688374365015,576.5429077148438,164.42514038085938,1040.048583984375
760,1068.4222479221014,2.039458637705351,571.671875,159.88299560546875,1023.6027221679688
761,1104.8164470282238,17.906644703314427,596.1052856445312,177.49351501464844,1050.427001953125
762,1104.7696442029942,23.337601546303134,600.2800903320312,181.07281494140625,1048.11865234375
763,1087.7237029268465,18.12641107544053,591.1277465820312,173.5105438232422,1034.7037353515625
764,1067.9789628649253,-0.5901007216931361,569.1027221679688,158.6810760498047,1024.217041015625
765,1067.4821139638473,-3.1635108166892665,566.5066528320312,157.62550354003906,1024.737060546875
766,1085.3393091493203,-3.539738329256621,571.1781616210938,162.4266815185547,1041.1529541015625
767,1084.7807845003292,-6.093973289403644,568.46142578125,161.65122985839844,1041.5552978515625
768,1101.8076832504757,-6.422219700765724,572.6654663085938,166.77774047851562,1057.1234130859375
769,1101.1872357951538,-8.98025892397894,569.8436889648438,166.28887939453125,1057.38623046875
770,1117.2486415422181,-9.412842393476957,573.4961547851562,171.62730407714844,1071.9967041015625
771,1116.5701190145446,-11.995362299642691,570.5885009765625,171.41705322265625,1072.1080322265625
772,1119.023688329682,-1.5302306545137534,582.15625,173.09539794921875,1071.0704345703125
773,1103.365581923202,1.4676862066680352,581.0198364257812,169.1280059814453,1055.7252197265625
774,1086.6811394108354,4.411596621941134,579.1701049804688,165.65371704101562,1039.3441162109375
775,1128.0269911395621,6.3517805621356676,592.3419189453125,178.0664520263672,1076.3614501953125
776,1128.5946905672117,11.817114357062312,597.6431884765625,180.42381286621094,1074.723876953125
777,1120.306509303683,6.588161223431382,590.5133056640625,175.88067626953125,1069.216552734375
778,1120.8371842065387,12.069606096613214,595.7365112304688,178.40451049804688,1067.512451171875
779,1104.1034245787093,6.923234832236665,586.3909301757812,171.4569854736328,1054.2716064453125
780,1104.588866359867,12.427835304269996,591.4528198242188,174.27569580078125,1052.485595703125
781,1087.00435384392,7.1589558051905335,581.7437744140625,167.0339813232422,1038.5399169921875
782,1069.1249727399506,7.4686017176536525,576.6865844726562,162.7307891845703,1022.0912475585938
783,1049.8591260191213,2.5788699384773546,566.51904296875,155.64439392089844,1006.4461059570312
784,1126.132165697335,-4.415940131567004,580.9810791015625,174.98854064941406,1078.471435546875
785,1127.1962921354989,0.9267099467873575,586.75048828125,176.2384796142578,1077.6220703125
786,1119.5134858846934,1.1482751281107837,584.9902954101562,173.8744354248047,1070.557373046875
787,1119.941410025686,3.8548361395981106,587.7802734375,174.80291748046875,1069.939208984375
788,1103.7676650452204,4.1760335288914945,583.7333984375,170.216064453125,1055.0504150390625
789,1150.3438817562137,27.008387236472938,616.2959594726562,195.06626892089844,1088.406005859375
790,1150.0448732302455,29.745958615347387,618.1051025390625,196.99737548828125,1086.9820556640625
791,1136.0309299250555,27.85161218830714,612.8318481445312,191.95155334472656,1074.8741455078125
792,1135.3191536601005,33.25175778712398,616.1146240234375,195.9990692138672,1071.9678955078125
793,1120.0042728364972,33.72897108556761,611.845947265625,192.67965698242188,1057.7264404296875
794,1086.306451387961,39.19765667998405,604.2733764648438,189.687744140625,1024.8743896484375
795,1050.2921275150336,49.39701023364311,597.0816650390625,191.0607147216797,988.6112670898438
796,1014.5682470939976,60.55342269619045,589.5908203125,193.42727661132812,952.75146484375
797,980.937467763636,83.2238728169668,585.581298828125,207.1427001953125,915.3626708984375
798,1136.0827722646743,11.491748854331272,599.3739013671875,182.40455627441406,1081.711669921875
799,1143.6436999510258,16.53863747927671,606.0049438476562,186.8828887939453,1086.603271484375
800,1143.2780247858086,11.09030452069688,600.9143676757812,184.3452606201172,1088.45458984375
801,1149.4163171603595,5.220124039952306,596.7252807617188,184.49920654296875,1096.2357177734375
802,1141.6773542616027,0.2835410436742471,589.7504272460938,180.92547607421875,1090.9520263671875
803,1136.390179370437,22.409904198469246,608.8902587890625,188.29917907714844,1077.4937744140625
804,1143.6679641228873,22.004216644509395,610.6226196289062,189.95826721191406,1084.3604736328125
805,1150.648439836826,21.522483428658376,612.1594848632812,191.5784454345703,1090.9813232421875
806,1124.8769163986506,-9.683327899563572,575.1187133789062,174.29702758789062,1078.9222412109375
807,1130.7792560703242,-15.27101488646118,570.6417846679688,176.92506408691406,1085.5767822265625
808,1133.4905046630083,-4.711192046219863,582.51171875,177.50637817382812,1085.1917724609375
809,1140.5339758116452,-5.075587804718311,583.8673706054688,180.01657104492188,1091.617431640625
810,1132.207242384551,-10.012303687267547,576.5882568359375,176.95973205566406,1085.569091796875
811,1139.2192967577698,-10.407241691941977,577.8920288085938,179.61526489257812,1091.9130859375
812,1141.2109103081593,-26.916741687781705,561.0030517578125,184.0742950439453,1096.6612548828125
813,1142.8379263923846,-21.580580240417515,566.960205078125,183.1237030029297,1097.340576171875
814,1129.231889763968,-20.489733408343213,564.7322387695312,177.3766632080078,1085.2333984375
815,1115.8558899378634,-14.558512057699435,567.6842041015625,171.34056091308594,1072.1246337890625
816,1100.523847232804,-11.506286546337165,567.0185546875,165.94158935546875,1057.551025390625
817,1084.1741502405291,-8.603963173974943,565.7339477539062,161.0206298828125,1041.860107421875
818,1066.9324160194549,-5.68141372019485,563.8929443359375,156.71356201171875,1025.16357421875
819,1048.9182249260032,-2.565046707875565,561.5687255859375,153.151123046875,1007.574462890625
820,1099.8231969281505,-14.002284958774586,564.19775390625,165.73208618164062,1057.6204833984375
821,1098.321114247497,-18.916383388553484,558.5975952148438,165.71038818359375,1057.4837646484375
822,1114.331848436292,-19.632157379568973,561.9147338867188,171.57420349121094,1071.884033203125
823,1127.6131974821956,-25.686443633374964,558.8857421875,178.19140625,1084.6280517578125
824,1134.719409484063,-48.23017243059877,537.1792602539062,187.72682189941406,1094.0535888671875
825,1148.4266615991241,-0.14857699561898483,590.962158203125,183.2789764404297,1097.1519775390625
826,1147.236213197381,-5.515979133204905,585.0346069335938,182.55123901367188,1097.7054443359375
827,1145.8850073044853,-10.878055069357499,579.01708984375,182.29676818847656,1097.9110107421875
828,1161.4703965333956,79.81082465559521,639.7208251953125,247.13108825683594,1078.49755859375
829,1149.133793006373,80.16168495828146,637.6043090820312,244.08612060546875,1066.7740478515625
830,1168.0141853237615,58.04065077720671,633.635498046875,228.16648864746094,1092.61083984375
831,1155.614583380235,58.67917157241159,631.5198364257812,225.19203186035156,1080.8319091796875
832,1171.2094827865878,47.025114561989405,630.6474609375,218.6581268310547,1099.68359375
833,1136.521859641394,122.58337264832788,650.1963500976562,281.7514343261719,1038.7197265625
834,1179.9907590281296,35.33782487590416,628.1223754882812,210.7001953125,1112.3572998046875
835,1174.1460142158628,35.92400349604732,627.40185546875,209.2046356201172,1106.715087890625
836,1178.6535132899664,41.010829185892256,629.901611328125,215.39288330078125,1108.878662109375
837,1158.8081545796263,47.862165232247136,628.5272216796875,215.72142028808594,1087.875
838,1161.8371965448116,37.003725716128976,625.2844848632812,206.30397033691406,1094.8780517578125
839,1172.765102946478,41.49601548107133,629.1661987304688,213.89669799804688,1103.2252197265625
840,1150.5423261097305,24.265483555247375,614.30908203125,193.2571563720703,1089.7412109375
841,1163.6704652764624,23.16313925435848,616.8605346679688,196.36463928222656,1102.29638671875
842,1163.5176181018187,25.93578959964471,618.9608764648438,198.0834197998047,1101.008544921875
843,983.0406360096275,122.38701161799413,594.2174682617188,245.53118896484375,904.693359375
844,1157.3265520535238,20.997231613283066,613.4871215820312,193.1865997314453,1097.3489990234375
845,1150.4045809161562,13.333333501678293,604.8927001953125,187.38194274902344,1094.0889892578125
846,1156.9916846199815,12.788145265709296,606.0556030273438,189.22755432128906,1100.3165283203125
847,1150.5747500133034,16.057963559054276,607.435546875,188.6365966796875,1093.158447265625
848,1157.1944826375586,15.514057097426528,608.6500854492188,190.3920135498047,1099.4410400390625
849,1157.309229314708,18.250607741861533,611.1331787109375,191.71249389648438,1098.451171875
850,1155.90192127159,4.688003259877748,597.7711791992188,186.67105102539062,1102.2547607421875
851,1149.8200460570852,7.913273607317423,599.52294921875,185.3131866455078,1095.6278076171875
852,1153.6060931020859,-6.051063932589451,585.9998168945312,185.14349365234375,1103.447509765625
853,1154.8457173305053,-0.6688577465859221,591.9629516601562,185.68157958984375,1103.0191650390625
854,1162.41705162564,34.251453127354395,624.0491333007812,204.0771026611328,1096.5355224609375
855,1181.327505529752,18.118731118676475,616.4307250976562,199.9011688232422,1120.40771484375
856,1175.7021219241556,18.981410103114126,616.0773315429688,198.1398162841797,1114.9930419921875
857,1175.5656244661668,16.174466098708226,613.5250854492188,196.9133758544922,1115.92236328125
858,1169.8422257211062,19.739542857210832,615.4597778320312,196.4470672607422,1109.3489990234375
859,1169.7493094334704,16.95902674204388,612.9781494140625,195.1301727294922,1110.345703125
860,1160.9522334494243,-1.3026770413319,592.73876953125,188.1575469970703,1108.55908203125
861,1161.5386080008602,1.3833501595884259,595.6839599609375,188.4766387939453,1108.301513671875
862,1162.0746593938825,4.059276646284391,598.5855712890625,188.90049743652344,1107.9652099609375
863,1162.548797080919,6.744452333445837,601.44482421875,189.47149658203125,1107.519775390625
864,1162.9519109084551,9.445556597269215,604.2503662109375,190.2052001953125,1106.9542236328125
865,1163.2771871638197,12.1623541763703,606.986083984375,191.10426330566406,1106.266845703125
866,1163.5180951527104,14.893561856832921,609.6343383789062,192.17015075683594,1105.4569091796875
867,1163.6680402309703,17.637736177446907,612.1761474609375,193.4035186767578,1104.52392578125
868,1163.7212701670835,20.391924673191532,614.591796875,194.8027801513672,1103.4696044921875
869,1175.738280545346,21.80273513674883,618.4854736328125,199.5579376220703,1113.9237060546875
870,1144.4130010250187,-16.235415056636025,572.9737548828125,182.4949493408203,1097.7838134765625
871,1156.7030743263645,-17.58923255800972,574.5833740234375,188.28001403808594,1108.5770263671875
872,1152.2167937869312,-11.446687246544892,579.9505004882812,185.03811645507812,1103.5548095703125
873,1158.2301778546741,-12.138806324190679,580.6795043945312,187.86465454101562,1108.85107421875
874,1159.664145869548,-6.706397438805193,586.7494506835938,187.8182830810547,1108.849365234375
875,1153.4816085506634,-28.503911921859792,562.479736328125,190.0766143798828,1107.3092041015625
876,1162.4049669195235,-18.4884725271024,575.0870971679688,191.32058715820312,1113.4554443359375
877,1163.9539295540553,-12.985880377304362,581.191162109375,190.80169677734375,1113.8055419921875
878,1165.4257263874358,-7.511572375032907,587.2699584960938,190.60037231445312,1113.9166259765625
879,1166.7681569212605,-2.0754713064378523,593.2755737304688,190.73089599609375,1113.7769775390625
880,1172.3123568287183,-3.0266077842966226,593.5592651367188,193.42608642578125,1118.6783447265625
881,1167.3847623584707,0.6228577380169682,596.2340087890625,190.92486572265625,1113.6094970703125
882,1172.9589732266568,-0.306138029714531,596.5269775390625,193.48687744140625,1118.6094970703125
883,1167.9555515878137,3.3073890064255926,599.1541748046875,191.2105255126953,1113.372314453125
884,1173.564427696106,2.3996678529245536,599.4625854492188,193.6246795654297,1118.4815673828125
885,1168.4666654782732,6.001862422934207,602.0418090820312,191.64599609375,1113.0238037109375
886,1174.1098176109776,5.1182333179567525,602.3768920898438,193.91452026367188,1118.24072265625
887,1168.9090229002256,8.71460522261078,604.8860473632812,192.2523651123047,1112.549072265625
888,1174.5921864215718,7.8546218963256775,605.2596435546875,194.38363647460938,1117.867431640625
889,1169.2754112262155,11.445507531029433,607.6698608398438,193.0335693359375,1111.945556640625
890,1175.0019086548912,10.609680815883662,608.0926513671875,195.03724670410156,1117.3583984375
891,1162.88803189771,31.483754900519205,622.5736083984375,201.95333862304688,1098.1180419921875
892,1175.448589727216,27.447674714922645,622.7561645507812,202.9461212158203,1111.382568359375
893,1181.2106085821829,26.74081499926413,623.3355712890625,204.50669860839844,1116.960205078125
894,1186.7637871553356,25.937149598970542,623.6560668945312,206.1339874267578,1122.3409423828125
895,1185.6444653055983,34.69396821489974,628.6015014648438,212.24917602539062,1117.823486328125
896,1186.1382498166013,31.792037880199576,627.250244140625,210.0542449951172,1119.443115234375
897,1186.733016946237,17.126123228426714,616.506103515625,201.75100708007812,1125.5986328125
898,1181.1399280209716,15.2688536019172,613.8031005859375,198.7736053466797,1121.259521484375
899,1175.3292973832608,13.383357684668894,610.8553466796875,195.8795928955078,1116.7105712890625
900,1169.5580138552423,14.19392088163217,610.3741455078125,193.9922332763672,1111.21142578125
901,1179.493607545735,4.055633165472685,602.4357299804688,196.29971313476562,1123.1754150390625
902,1180.019244319347,6.829159199112142,605.3568115234375,196.6212158203125,1122.9144287109375
903,1180.4759319864359,9.62257071362358,608.2401733398438,197.1370849609375,1122.5106201171875
904,1180.8527022337864,12.4363409089748,611.0638427734375,197.85311889648438,1121.9599609375
905,1186.4905947526388,14.214768958537345,613.798095703125,200.73153686523438,1126.36279296875
906,1186.1464522031383,11.321908469677128,610.9854125976562,199.93418884277344,1126.96484375
907,1185.7169887145537,8.447071358665358,608.09814453125,199.35455322265625,1127.40771484375
908,1185.2122742025542,5.5986737849036645,605.1630249023438,198.98703002929688,1127.695556640625
909,1184.0202883928991,-0.04115963953266799,599.2415161132812,198.85800170898438,1127.8270263671875
910,1178.9077837643895,1.3011022351968846,599.4964599609375,196.16615295410156,1123.298095703125
911,1178.278939039298,-1.4450052004519756,596.5486450195312,196.18638610839844,1123.306640625
912,1195.3727214316161,22.894936437016078,622.4816284179688,208.13958740234375,1131.1900634765625
913,1195.3371408283506,24.417579411293893,623.5956420898438,208.94163513183594,1130.6053466796875
914,1192.1391894634282,25.033107524203057,623.7046508789062,207.84693908691406,1127.53125
915,1195.2311583512621,26.729001493372724,625.1604614257812,210.25929260253906,1129.640625
916,1191.9438867568078,28.058734443286635,625.716796875,209.67364501953125,1126.1922607421875
917,1194.862841036178,30.57266237705873,627.4002685546875,212.7084503173828,1127.8367919921875
918,1191.6152025176161,31.074236908731674,627.43408203125,211.69149780273438,1124.71435546875
919,1194.5268194969658,32.91687281512075,628.518310546875,214.3394317626953,1126.6297607421875
920,1191.1546565089984,34.067574030000586,628.8273315429688,213.86936950683594,1123.1201171875
921,1193.8347443692983,36.619236443348235,629.8740234375,217.1003875732422,1124.578369140625
922,1190.5798044418682,37.038180740523636,629.8768920898438,216.17196655273438,1121.435302734375
923,1189.9114288047865,39.98769700616547,630.6626586914062,218.5447998046875,1119.69921875
924,1181.3704243917034,23.858993727055747,621.2293701171875,202.77392578125,1118.2532958984375
925,1175.6528570186283,24.623045812302927,620.7212524414062,201.16287231445312,1112.7181396484375
926,1163.2566644114315,28.71078642585678,620.8715209960938,199.95054626464844,1099.6126708984375
927,1160.971057426604,155.10159512269811,663.6975708007812,319.2772216796875,1050.3385009765625
928,1160.7797520219115,155.72425153660814,663.872802734375,319.8079833984375,1049.9530029296875
929,1181.4071900928295,20.983212755166253,618.916748046875,201.2358856201172,1119.4046630859375
930,1191.9403287603761,15.96790394255875,616.2899169921875,203.7096405029297,1130.5718994140625
931,1188.2594596700105,7.7851990940882745,607.9140625,200.51429748535156,1129.762451171875
932,1184.6424507482886,2.7688851262763303,602.2039794921875,198.82427978515625,1127.8333740234375
933,1187.132739602224,2.022069331122855,601.974609375,200.14596557617188,1130.0601806640625
934,1187.725613241418,4.8922686503207276,604.95263671875,200.22520446777344,1129.9879150390625
935,1190.1845240212563,4.108334687288255,604.6641235351562,201.5037078857422,1132.216064453125
936,1190.7457364009324,7.0433614511449525,607.6522827148438,201.71160888671875,1132.055419921875
937,1193.1783221083097,6.220648817236958,607.3109130859375,202.94915771484375,1134.2874755859375
938,1193.7153876500813,9.222970033297845,610.2989501953125,203.30355834960938,1134.026611328125
939,1188.9025446686921,-1.6973381177902367,598.6834106445312,201.72377014160156,1132.0738525390625
940,1187.4950930433072,-7.449455704075587,592.7514038085938,202.4842071533203,1131.53515625
941,1190.0889395262896,-8.611863984898093,592.3055419921875,204.3552703857422,1133.615966796875
942,1185.9953950667978,-13.175885915898489,586.78955078125,203.3019256591797,1130.95068359375
943,1187.4761228126756,-17.848478118529258,582.6808471679688,205.8404541015625,1132.4144287109375
944,1179.5023592492364,-35.47705325552933,562.8212890625,206.98028564453125,1128.2880859375
945,1179.3653318996626,-45.41952673507675,552.9598388671875,210.48460388183594,1129.01904296875
946,1182.6712882065651,-5.653492417867988,593.3112182617188,199.27857971191406,1127.552001953125
947,1186.4925606622253,-0.8279868145342009,599.0012817382812,200.26776123046875,1129.9853515625
948,1189.568379682607,1.1953737432608718,601.667236328125,201.51104736328125,1132.2198486328125
949,1192.5927335053284,3.2407828126673146,604.2957763671875,202.82553100585938,1134.38037109375
950,1177.6068419296464,-4.201233918544156,593.5758666992188,196.2672882080078,1123.268310546875
951,1170.9168068103422,-8.50733654392316,587.5477294921875,193.51499938964844,1118.65478515625
952,1176.1700996692787,-9.740394098317815,587.5693359375,196.5868377685547,1123.069580078125
953,1169.406275588644,-14.020648597029602,581.4725341796875,193.87489318847656,1118.4246826171875
954,1173.0145931009215,-20.881620494567642,575.4317626953125,197.82635498046875,1122.2109375
955,1167.8290185178864,-19.566323736496066,575.3739013671875,194.4941864013672,1117.997802734375
956,1164.5819218693618,-30.662292224514943,563.2323608398438,196.41114807128906,1116.6309814453125
957,1181.1811325135611,-11.274750947035269,587.3211059570312,199.84078979492188,1127.166259765625
958,1177.972397360145,-22.442379119994015,575.24853515625,201.34251403808594,1126.1016845703125
959,1174.724536868983,-33.63499392173092,563.1775512695312,203.2810516357422,1124.7001953125
960,1168.1874904202093,-55.50352546602241,539.0691528320312,207.09420776367188,1121.941162109375
961,1169.7915988770726,-77.87372027345413,516.4476318359375,215.4590301513672,1125.4822998046875
962,1094.2797287400717,-86.26124230851003,486.76239013671875,178.73818969726562,1065.9364013671875
963,1122.4092285900747,-90.72334868615242,489.4273681640625,193.7045440673828,1089.7850341796875
964,1146.9309843938368,-50.18301617149472,538.402099609375,194.01492309570312,1104.5167236328125
965,1111.3790740747888,-133.2701464471472,441.5068054199219,197.9197540283203,1086.74267578125
966,1134.4627418962739,-93.00360327261963,490.2743225097656,200.41709899902344,1099.9742431640625
967,1158.0145078771798,-52.55489916181257,539.052734375,200.40589904785156,1113.7752685546875
968,1194.1891754144567,9.062728855803389,610.2301635742188,203.53353881835938,1134.4659423828125
969,1193.9675833438587,7.841921016856381,609.0244140625,203.36260986328125,1134.5777587890625
970,1091.4396740125837,-13.740935903283466,562.2864990234375,162.9418182373047,1050.013916015625
971,1089.9491770551538,-18.577229616737238,556.77978515625,162.77999877929688,1049.92919921875
972,1096.7332036776013,-23.774082426654154,553.0624389648438,166.08778381347656,1057.0709228515625
973,1090.4434156730222,-43.46854185630233,530.6968383789062,167.5825958251953,1055.441162109375
974,1078.3667260881202,-83.98307396753441,485.0181884765625,170.31117248535156,1052.5445556640625
975,1083.453050781024,-128.26761121929277,439.8001403808594,181.84405517578125,1063.4317626953125
976,1032.921431533087,-120.07676998166448,436.0347595214844,152.4297637939453,1021.8287353515625
977,1050.6639361569069,-122.8718090817124,437.4213562011719,162.667724609375,1036.4764404296875
978,1073.6841768680806,-170.68292916082416,392.615234375,183.69932556152344,1061.94189453125
979,761.4745664189538,152.60559928929712,531.3727416992188,233.0436553955078,706.3667602539062
980,767.7913634536159,171.7234210977705,531.554443359375,251.81607055664062,707.9248046875
981,749.1732376876294,152.1488115643596,531.10400390625,230.5099639892578,695.4708251953125
982,754.6920497640392,171.08472318755167,531.5953369140625,249.07305908203125,696.3394775390625
983,750.9343058590172,48.60931962143895,501.2442626953125,141.81076049804688,721.2927856445312
984,729.9436717174433,49.70295416064728,498.6112060546875,139.48617553710938,701.672119140625
985,711.5172296048302,49.069734071013585,496.6202087402344,135.5594940185547,684.7999877929688
986,770.8237128013599,30.74958232754028,496.0743713378906,130.88230895996094,744.139892578125
987,747.855830796365,35.5854366428449,493.8896484375,131.71926879882812,721.7008056640625
988,727.1015270576537,37.96867050668464,491.8864440917969,130.449951171875,701.8619995117188
989,708.6600327664943,37.70024958327892,489.88958740234375,126.84181213378906,684.7999877929688
990,790.9364446718645,-0.5388678401664813,482.4452209472656,111.02433013916016,771.1085205078125
991,765.3017251744487,5.762871869910326,480.0882568359375,112.86587524414062,745.514892578125
992,742.3104231555602,11.263061510551447,478.49652099609375,114.22413635253906,722.6177368164062
993,721.7961942586638,15.602299694544906,477.65606689453125,114.40158081054688,702.3110961914062
994,703.918830625963,18.732923690145736,477.5696716308594,113.24061584472656,684.800048828125
995,821.6403523845286,100.62172802330207,535.82568359375,195.0128936767578,771.6405029296875
996,795.992528471471,107.80427058614221,531.077880859375,197.7156982421875,747.26123046875
997,888.0973902198913,112.43422774234435,557.544921875,216.33816528320312,826.6181030273438
998,859.557047357538,120.88306793442096,549.2791748046875,219.39166259765625,799.8082275390625
999,862.9471037989332,130.54210076668568,550.4735107421875,228.99526977539062,800.5275268554688
1000,836.2358790909649,138.85017160204825,543.2431640625,232.3396453857422,775.4476318359375
1001,983.5223866885441,141.98534462966816,595.31201171875,265.0227966308594,899.2501831054688
1002,969.4406178616446,144.1751716694136,588.5244140625,263.7882995605469,887.3489990234375
1003,968.188325119089,124.53453949683248,588.035400390625,244.20770263671875,891.68115234375
1004,953.4331375045654,127.23148328502515,581.9778442382812,243.4795684814453,878.6300659179688
1005,950.8617496825767,107.67735042682439,579.5323486328125,223.96923828125,881.8580932617188
1006,935.458902714064,110.71851508293591,574.0608520507812,223.7643280029297,867.8352661132812
1007,918.1112937757415,104.59149766066213,566.9640502929688,214.4532012939453,854.59619140625
1008,920.3603348256195,114.30072631562463,568.8069458007812,224.0733642578125,853.9512329101562
1009,938.8696540767296,130.34291849551542,576.1111450195312,243.3163299560547,865.6083984375
1010,955.5130585868143,147.01101246849967,581.8985595703125,263.1392517089844,875.37744140625
1011,905.4521067744283,56.858617864672055,548.1425170898438,169.5633544921875,857.8209228515625
1012,910.740743275822,75.84526176286398,557.519775390625,186.7295684814453,856.5081176757812
1013,879.0038711973126,83.83157118321779,549.0287475585938,188.59376525878906,826.402587890625
1014,882.0836068200849,93.31485690002809,552.5205688476562,197.61834716796875,826.4286499023438
1015,852.6951403763953,101.79956925458906,544.9327392578125,200.67652893066406,798.5386352539062
1016,856.139641518797,111.30524890040309,547.4291381835938,209.9419708251953,799.1387939453125
1017,828.8493850496005,119.62703459974773,540.7586059570312,213.34519958496094,773.3341064453125
1018,1122.797389232945,198.60963864390257,640.24365234375,350.1216125488281,1008.7413330078125
1019,1129.192465287812,200.0789531777432,640.4111328125,351.1497497558594,1015.2207641601562
1020,1135.6141744402446,201.90660024756755,640.3287353515625,352.1390075683594,1021.8436889648438
1021,917.6860769393876,34.36206206305091,541.3458251953125,153.45233154296875,876.0315551757812
1022,867.0395700150667,46.91966549594737,530.1558227539062,155.85629272460938,826.9300537109375
1023,861.0774634101223,29.978406922554917,519.7979125976562,141.67543029785156,826.7394409179688
1024,877.5089554440241,25.124739204316764,522.3528442382812,140.42234802246094,843.0841064453125
1025,845.9400389176902,82.88840581011263,538.0457763671875,182.8410186767578,797.7006225585938
1026,872.8899806185428,64.92987098342421,540.2069091796875,171.3890380859375,826.6140747070312
1027,900.1212809616186,38.318240908092925,537.1853637695312,153.87109375,859.0827026367188
1028,894.7103602699074,20.424796985060418,525.2756958007812,139.5274200439453,860.0848999023438
1029,940.2287437387226,-28.668892184447905,503.66217041015625,118.99272155761719,918.2262573242188
1030,923.7112329524404,-16.562842470151853,508.9325256347656,120.87358093261719,898.924072265625
1031,926.298879188126,-7.156287900910352,517.1325073242188,126.47274017333984,897.9944458007812
1032,907.6139778820128,-3.5734740881643368,513.8088989257812,125.24687957763672,879.7486572265625
1033,910.1518601954236,6.318435021228059,521.4889526367188,132.06106567382812,878.6773681640625
1034,905.0676108310414,-13.395876549196661,505.7411193847656,118.9586181640625,880.7626953125
1035,902.5174719613389,-23.089817581601835,497.3589782714844,113.28302764892578,881.6981201171875
1036,921.0940657383242,-25.953639784977522,500.39862060546875,115.78563690185547,899.7689819335938
1037,918.4664291065745,-35.33525979098692,491.5631408691406,111.22822570800781,900.5260620117188
1038,937.5014600521005,-37.876224394802115,494.6207275390625,114.98832702636719,918.8565063476562
1039,934.7751005593284,-47.14329543683767,485.3128967285156,111.4638900756836,919.39013671875
1040,954.0927132141294,-49.48660572141968,488.2718811035156,116.53570556640625,937.7301025390625
1041,951.2962487292684,-58.79230093247063,478.50921630859375,113.97117614746094,938.02978515625
1042,958.2382446958347,-69.35400213650416,469.8302307128906,115.15359497070312,947.25732421875
1043,912.6649119943838,15.917652884917876,528.6112060546875,139.06710815429688,877.7035522460938
1044,928.8401172079058,2.2729246111022485,524.9666748046875,132.5610809326172,896.9839477539062
1045,945.5834545864077,-10.464091779309868,520.8006591796875,128.32521057128906,916.689208984375
1046,955.3902299029792,-11.987837798837068,522.7434692382812,129.50950622558594,926.1372680664062
1047,965.279125812549,-13.415146381324382,524.7446899414062,130.8751983642578,935.610595703125
1048,975.204575244638,-14.742772615438847,526.7938842773438,132.42608642578125,945.0781860351562
1049,985.1388495400676,-15.948822870266111,528.8806762695312,134.1637725830078,954.5104370117188
1050,709.9652535050341,-44.81383752145617,431.3832702636719,80.75992584228516,705.5055541992188
1051,690.0217094738258,-38.330889382641686,433.5016784667969,80.53717041015625,684.7999877929688
1052,689.1192824626111,-42.14585051684241,430.2472229003906,78.83724212646484,684.7999877929688
1053,717.3814770815603,-5.266401981452406,462.8601379394531,101.09866333007812,703.1759643554688
1054,734.6963517454342,-31.252407306402837,446.90087890625,89.27593994140625,726.0315551757812
1055,738.0844139909625,-10.673838075950469,462.8887023925781,100.38011932373047,724.12646484375
1056,757.966744844664,-37.19689640492541,447.5213623046875,88.06181335449219,749.7971801757812
1057,761.1943870233974,-16.508009539375657,463.9599609375,98.92842864990234,747.4736328125
1058,780.4882346668848,-62.512773265423476,432.0723571777344,78.94168090820312,778.0713500976562
1059,755.0678928728765,-56.88697120257012,430.8215637207031,79.5000228881836,752.058349609375
1060,731.6307052236629,-50.97337211574282,430.5429382324219,80.32767486572266,727.9299926757812
1061,669.0799149918765,-134.07450285269547,345.35711669921875,58.42997360229492,684.800048828125
1062,693.3764278884934,-138.94161155478304,345.35662841796875,60.10423278808594,709.86328125
1063,673.0024064430747,-114.86631465995539,363.6860656738281,59.335933685302734,684.800048828125
1064,696.586407068764,-120.32547449757583,362.9994201660156,60.91210174560547,709.2470703125
1065,675.425761832881,-103.35333789694062,374.60968017578125,60.7410774230957,684.7999877929688
1066,772.0494311982401,-117.86380947328911,380.1894836425781,64.31330108642578,783.56884765625
1067,746.9658744449872,-112.83069077510449,379.77288818359375,63.90950012207031,757.5560302734375
1068,720.1893712473658,-125.57366933277,362.6551818847656,61.54627990722656,733.80029296875
1069,723.0404443339753,-107.36209933850758,379.84918212890625,63.841243743896484,732.6541748046875
1070,699.8335515269581,-101.68560890237798,380.5063171386719,63.36908721923828,708.49560546875
1071,677.0617984574642,-95.6825583855077,381.8379211425781,62.034053802490234,684.800048828125
1072,804.8632191534492,-86.58651342493535,416.5105895996094,73.61617279052734,808.0704956054688
1073,777.5974612778997,-81.41536088339005,414.8399353027344,72.54573059082031,780.1721801757812
1074,752.2988291391027,-75.97633626556743,413.9090576171875,72.69457244873047,754.1343383789062
1075,728.6874363188108,-70.16716414533097,413.8473205566406,73.16387176513672,729.6925659179688
1076,706.4786626211572,-64.00919796709925,414.7980041503906,73.26850128173828,706.6080322265625
1077,685.5737368822453,-57.41873316086227,416.9146423339844,72.68594360351562,684.800048828125
1078,848.2966140776787,-24.20341981386551,481.2523193359375,103.2271499633789,831.6138305664062
1079,819.3763004561179,-7.185052485593753,485.60919189453125,109.62205505371094,799.4742431640625
1080,817.1492251833,-18.051807363453626,477.3314514160156,102.74070739746094,800.5704956054688
1081,788.7565091772393,-11.785537556811569,474.26513671875,103.77428436279297,772.1519775390625
1082,838.1238125437176,-72.80779922662653,436.97967529296875,82.17478942871094,836.4396362304688
1083,842.022331111859,-53.86236105017139,455.012939453125,88.86479187011719,834.6831665039062
1084,826.4220586141572,-51.293769049024746,453.2563781738281,87.63441467285156,819.0771484375
1085,828.3145665163083,-41.52290640144171,462.03692626953125,91.92193603515625,818.0108642578125
1086,813.2774558755144,-38.73330773693107,460.35150146484375,91.4716796875,802.904052734375
1087,815.1384237087439,-28.555312236558603,468.9100036621094,96.71400451660156,801.7283325195312
1088,786.8533433170476,-22.568252878926646,465.9876403808594,97.40896606445312,773.3121337890625
1089,743.6577954509738,133.23497913452942,528.7606201171875,212.17091369628906,694.6994018554688
1090,738.2549881414409,114.36494890948917,524.5951538085938,194.2038116455078,694.1032104492188
1091,755.2291869665955,133.5961030461319,529.2620849609375,214.54055786132812,704.979248046875
1092,749.2124038181589,114.62356450009118,525.2573852539062,196.43894958496094,703.898681640625
1093,772.0305737969777,112.75775234091853,527.5449829101562,198.53033447265625,724.7822265625
1094,765.9740661439363,93.67142554281985,521.5183715820312,180.9240264892578,723.9342041015625
1095,789.5493549316959,88.76814946571585,524.53515625,180.16529846191406,746.2841186523438
1096,783.842211410332,71.13345470665163,517.034912109375,164.5465087890625,745.6719970703125
1097,809.0647635812873,64.10929616516567,520.3577880859375,162.10415649414062,770.2129516601562
1098,802.4803001931606,48.36771270433825,512.3338623046875,148.2341766357422,768.4388427734375
1099,830.3627767771171,39.56202661983271,515.6092529296875,144.8810272216797,796.1416625976562
1100,827.3544946177659,28.84433804490159,509.4271240234375,136.10328674316406,796.4550170898438
1101,858.2734785688359,19.71772717695373,513.3448486328125,133.48333740234375,827.3219604492188
1102,855.6263835311837,8.216064388777061,505.7810974121094,124.73763275146484,828.414794921875
1103,869.7052685149137,-6.598366070278039,500.1901550292969,116.90587615966797,846.0005493164062
1104,884.5567923495213,-20.09997359293653,494.5532531738281,111.43561553955078,864.1029052734375
1105,899.9854950252351,-32.69177292272769,488.6871337890625,108.2175064086914,882.5623779296875
1106,915.8475044071772,-44.71395761107778,482.4599304199219,107.21826171875,901.1924438476562
1107,932.0742265569323,-56.46852073783451,475.7740478515625,108.44280242919922,919.8285522460938
1108,948.5740108859576,-68.21208037895676,468.5567932128906,111.86482238769531,938.2450561523438
1109,967.937062574185,-70.52094314547136,471.1070556640625,118.65310668945312,956.2162475585938
1110,870.6559480870123,-77.56130876338237,440.3818359375,87.5601806640625,868.7977905273438
1111,875.111452294077,-58.76706078096596,459.02239990234375,93.34974670410156,867.5123901367188
1112,858.2306509378478,-56.344892691058924,456.9400939941406,90.7488784790039,850.8395385742188
1113,860.3904086606293,-46.767306800545235,465.9786376953125,94.55162811279297,849.9798583984375
1114,844.0342866881806,-44.18939852036656,463.9167785644531,92.92263793945312,833.7125854492188
1115,846.1211198758479,-34.31760472997948,472.6744079589844,97.70420837402344,832.6781616210938
1116,830.2745603701422,-31.50856282008009,470.6906433105469,96.95032501220703,816.8955688476562
1117,866.3576415944707,-96.26826753209411,421.5679016113281,82.86753845214844,869.8963012695312
1118,726.6904214602336,109.53465578988653,523.1659545898438,187.69708251953125,684.800048828125
1119,722.9144914162746,94.44549019047227,518.0880126953125,173.9199981689453,684.7999877929688
1120,743.7364304452652,95.59932442486631,519.3984375,178.9147186279297,703.3929443359375
1121,738.6701079601364,77.32514809752871,512.2047729492188,162.74168395996094,703.1043090820312
1122,760.5663128668349,75.79918651007799,514.3955688476562,165.06690979003906,723.41943359375
1123,754.1549112475263,59.65794558309158,506.9698486328125,150.8738555908203,721.5120849609375
1124,777.2090388322407,55.425662534389026,509.58038330078125,150.63186645507812,743.6192016601562
1125,773.9268050721664,44.207049714573095,503.71771240234375,141.36854553222656,743.5023803710938
1126,799.2924422686666,37.294826317318474,506.3336486816406,139.08480834960938,768.5101928710938
1127,796.3013765248376,24.080978248098578,498.6333312988281,128.75828552246094,769.3521728515625
1128,824.5363919442665,16.35035154953625,501.7904968261719,126.3875503540039,797.454345703125
1129,821.835081267956,4.220571237266888,493.75067138671875,117.45318603515625,798.4613037109375
1130,853.0449458120204,-3.0460243088093786,497.8053894042969,116.67040252685547,829.4989624023438
1131,850.5945431456164,-13.80378924192987,489.63226318359375,109.53089141845703,830.5489501953125
1132,867.2407658112893,-16.996881471339286,491.9786682128906,110.20096588134766,847.0368041992188
1133,864.876184188355,-27.12163416926664,483.5273132324219,104.26143646240234,848.0550537109375
1134,882.1137763102136,-29.95392627937847,486.00701904296875,105.90911102294922,865.05419921875
1135,879.7266698572848,-39.66677559068454,477.21624755859375,101.05703735351562,865.9496459960938
1136,897.4817960265067,-42.223370614668205,479.7552795410156,103.76471710205078,883.3499145507812
1137,895.0147491757248,-51.7011884385731,470.5955505371094,99.9293441772461,884.0526733398438
1138,913.25377002381,-54.09483878392755,473.12347412109375,103.77134704589844,901.7655029296875
1139,929.4185655967988,-65.84749185416932,466.03857421875,105.94149017333984,920.1746826171875
1140,943.2211375351949,-87.16921251996486,448.3731689453125,108.42992401123047,938.5509033203125
1141,834.3777055527934,-91.48401964485242,418.79705810546875,76.81035614013672,837.9820556640625
1142,862.2364294795325,-114.87900687974603,402.6261291503906,79.25042724609375,870.7971801757812
1143,830.778152593462,-109.91231943192744,400.5194091796875,72.71514892578125,839.2879638671875
1144,801.7401291122604,-104.95489955745302,398.7839660644531,69.12152099609375,809.7136840820312
1145,774.803749710735,-99.83251979159124,397.53369140625,67.7016830444336,782.0161743164062
1146,749.6137481157438,-94.57728825126105,396.8767395019531,67.53079986572266,755.9791870117188
1147,725.8400638072295,-88.92764964048514,396.9253845214844,67.69468688964844,731.2782592773438
1148,703.1132622433829,-82.94368733734237,397.8022155761719,67.4810562133789,707.6117553710938
1149,682.1008560841553,-72.71134900116124,403.14056396484375,67.59980010986328,684.7999877929688
1150,858.2894651793258,-133.41823374525865,383.59234619140625,76.69036102294922,871.4917602539062
1151,827.3044143855641,-128.1583725513466,382.1795654296875,69.84078979492188,840.3391723632812
1152,798.6964195971317,-123.03885255603939,381.0178527832031,65.97811889648438,811.0723876953125
1153,892.0332951811679,-139.02022042159973,385.1705322265625,87.14701843261719,904.5307006835938
1154,896.401630589827,-120.05697564715373,404.9852600097656,89.30712890625,904.17138671875
1155,883.3281674285757,-98.70526836973688,423.09197998046875,87.14185333251953,886.563232421875
1156,887.8814566965142,-79.94185018035522,442.2599792480469,91.4437484741211,885.6956176757812
1157,892.5943144544534,-61.13756484764466,461.24420166015625,96.71829223632812,884.6616821289062
1158,877.3923086262275,-49.26603770783479,468.2093811035156,96.87068939208984,866.7745971679688
1159,862.599088957491,-37.032130239157866,474.8526916503906,99.05292510986328,849.0433349609375
1160,887.8772393427314,-158.01819691076025,365.2790832519531,85.84701538085938,904.7468872070312
1161,854.5091290200927,-151.9310553749476,364.49383544921875,75.17374420166016,871.9746704101562
1162,823.935948452411,-146.29895467226086,363.7909851074219,68.15198516845703,841.1246948242188
1163,795.7027091360623,-140.95539122682104,363.2142639160156,64.13018798828125,812.1296997070312
1164,769.3583468314487,-135.78664849035758,362.80572509765625,62.310516357421875,784.8091430664062
1165,778.88271043708,131.80602933100732,531.5546875,216.80763244628906,726.4937744140625
1166,799.1182425783226,407.25462736823766,399.53070068359375,424.39410400390625,684.7999877929688
1167,820.2086267915988,403.02228355516104,397.23699951171875,422.2025146484375,710.4114379882812
1168,798.0115730110225,403.7427318565774,403.0339660644531,423.2948913574219,684.7999877929688
1169,782.32050090588,346.68417297164694,455.1716003417969,396.7490539550781,684.800048828125
1170,807.0488984750021,336.0938407221951,458.6094055175781,391.6651916503906,712.2744750976562
1171,809.9598080634815,352.87149306189417,444.4966735839844,401.27606201171875,711.8110961914062
1172,813.1567750307283,369.66079704651247,429.48846435546875,409.6297912597656,711.3448486328125
1173,789.7639983323473,375.402750367805,430.14739990234375,412.07366943359375,684.7999877929688
1174,784.1254503038149,353.90006328908987,449.1461486816406,400.94598388671875,684.7999877929688
1175,831.7377196782118,334.5790086937944,456.57525634765625,391.17181396484375,737.7131958007812
1176,844.7789451825573,349.2758545687705,442.4518737792969,397.87432861328125,748.8961181640625
1177,833.7106275710674,350.72556718233034,442.5491638183594,399.6225280761719,737.0296020507812
1178,856.994136893002,363.3832859888397,427.8302307128906,402.0713806152344,759.607177734375
1179,835.8475321978285,366.9340994305754,427.745849609375,407.00762939453125,736.3521118164062
1180,876.2239488313801,343.25822499111126,445.0190124511719,390.1116638183594,782.1719360351562
1181,855.5274642604144,347.4070047008742,442.8660888671875,395.58416748046875,760.3178100585938
1182,854.2860184742482,331.4628192755713,457.2511901855469,388.1795654296875,761.0505981445312
1183,817.483894458101,319.2647148156678,470.3092346191406,381.6598205566406,725.8612670898438
1184,804.2248422041636,319.3450614051249,471.7283630371094,380.8983154296875,712.7322998046875
1185,815.2840002868419,302.8901669538538,482.4107971191406,370.6286926269531,726.44970703125
1186,758.684083049258,244.21180929137995,518.0451049804688,317.0435791015625,684.7999877929688
1187,762.0271422866092,259.00895363366993,511.89385986328125,330.3761291503906,684.7999877929688
1188,762.8618723973891,262.69901947953434,510.1939392089844,333.6305847167969,684.7999877929688
1189,755.3176007531225,229.36960905936883,523.13134765625,303.2694396972656,684.7999877929688
1190,770.657212165452,227.76302329953262,521.98583984375,303.84954833984375,699.01611328125
1191,786.0282523910851,229.03307914946626,520.7003784179688,307.0656433105469,712.7279052734375
1192,800.605578626971,229.40373652202192,520.318603515625,309.3742980957031,725.9192504882812
1193,794.5393375779064,210.55160294734213,525.9295043945312,291.6374206542969,724.0626220703125
1194,808.0564503765647,209.87206484944906,526.5673217773438,292.9768981933594,736.4000854492188
1195,800.8675494641631,190.17799621841317,530.9349365234375,274.0663146972656,733.7444458007812
1196,750.2027148405851,207.03670794331768,528.697021484375,281.9668273925781,684.7999877929688
1197,748.4744209449796,199.57159105576756,529.9900512695312,274.7386169433594,684.7999877929688
1198,765.6082084254521,209.09830318196194,526.9508056640625,286.11065673828125,698.2428588867188
1199,760.2412098426408,190.11658305229025,530.2003173828125,267.7334289550781,697.294677734375
1200,780.3890609674924,210.28432256005436,526.0432739257812,289.3452453613281,711.3374633789062
1201,774.1956882721097,191.0575155797215,529.7522583007812,270.76495361328125,709.6358642578125
1202,787.741389419165,191.0874700070685,530.010009765625,272.8785400390625,721.79443359375
1203,780.7111027823211,171.48597370546105,532.139404296875,253.6845703125,719.5187377929688
1204,793.4187221369737,170.35305733070427,533.3138427734375,254.67218017578125,731.0870971679688
1205,786.0822463472261,150.9512161780919,533.492919921875,235.5638427734375,728.6632080078125
1206,810.7676138140946,146.0499539008916,537.5241088867188,234.9579315185547,751.5509643554688
1207,803.2271453663438,126.83963201612248,535.4344482421875,216.05174255371094,749.1634521484375
1208,825.201047477269,110.10931908738,538.5941162109375,204.08119201660156,772.4135131835938
1209,849.2785033736736,92.33494985745683,541.8004150390625,191.6307830810547,798.0436401367188
1210,875.9383800731771,74.37668208986933,544.9043579101562,179.84298706054688,826.4573364257812
1211,830.0070410044859,318.56835357273474,469.75787353515625,381.7468566894531,738.3980102539062
1212,828.2622071986129,302.52930769949904,482.0426025390625,371.44024658203125,739.0784301757812
1213,840.4696320378248,301.4214352444952,482.5708312988281,371.5077819824219,751.0848999023438
1214,839.7663244317733,293.20902209536445,488.64605712890625,366.1025695800781,751.4982299804688
1215,851.513432051461,291.40369948852657,490.1941833496094,365.80511474609375,762.9937744140625
1216,843.2492000098518,333.2472414055782,456.6078796386719,389.9588317871094,749.6194458007812
1217,841.8567540309898,317.3184768617344,469.9950866699219,381.14190673828125,750.35107421875
1218,852.046723648414,299.6175261559413,483.9029846191406,370.9259338378906,762.5579833984375
1219,863.187907325653,297.2625595588427,485.9482727050781,369.87066650390625,773.6238403320312
1220,850.9591000578391,282.38259252527206,496.4546813964844,359.534423828125,763.5809326171875
1221,862.4274027369125,279.94105147692346,498.958984375,358.9071044921875,774.6887817382812
1222,862.8077329105649,288.9949004624175,492.487548828125,365.0121154785156,774.071044921875
1223,850.3722023468168,272.57961426882537,502.5089111328125,352.1295166015625,764.343505859375
1224,873.3341993337516,266.98505700385397,508.49835205078125,350.716796875,786.2885131835938
1225,873.5845454076033,276.88983191529684,502.129638671875,357.9589538574219,785.4446411132812
1226,872.9945018438539,256.37822528618653,514.3304443359375,342.27117919921875,787.3899536132812
1227,863.9983181475747,218.52867433717478,530.0581665039062,309.041259765625,785.1134643554688
1228,870.0293448523374,236.48560091452384,523.2489624023438,325.2252502441406,787.7262573242188
1229,846.4399111049167,242.5886259507283,517.1073608398438,326.8746032714844,765.402587890625
1230,848.6899772894483,251.8226457153536,513.0812377929688,334.9552307128906,765.9553833007812
1231,836.2598962644794,253.97494535266506,511.03125,335.11102294921875,754.1947021484375
1232,837.4845409550647,264.15491620268193,506.1588439941406,343.7481994628906,753.6532592773438
1233,824.4431862646127,265.4509337713243,504.970703125,343.1900329589844,741.3522338867188
1234,825.4369250164517,275.6690243464218,499.54248046875,351.5751647949219,740.5504760742188
1235,812.9664260599249,285.5123487784422,493.87713623046875,357.7702941894531,727.1716918945312
1236,779.6717792693009,335.83816136774345,463.8893127441406,390.0184631347656,684.800048828125
1237,775.3720323119087,317.68341265280617,477.4904479980469,377.6985778808594,684.7999877929688
1238,790.207063229869,318.8205385019872,474.0948486328125,379.5454406738281,699.036865234375
1239,786.7819801261535,301.3166933110176,486.20501708984375,366.8775939941406,699.291748046875
1240,801.4656897249859,302.4792785147797,483.76739501953125,369.08270263671875,713.1812744140625
1241,798.6154772039422,284.8589523976594,494.98773193359375,355.65606689453125,713.7186889648438
1242,810.5435513994498,265.93183018801204,504.693115234375,341.8809509277344,728.3345336914062
1243,823.0887044656802,255.40237270605505,509.780517578125,334.6353759765625,741.8134155273438
1244,833.9578977212499,244.8147607601181,515.0779418945312,327.0812683105469,753.6224975585938
1245,839.9809756965366,225.01268776341632,524.0457763671875,311.006103515625,762.4539184570312
1246,857.8639529359848,199.06079029885043,535.8206176757812,290.91058349609375,782.989013671875
1247,826.3978102312052,285.29541272108605,493.81658935546875,359.1046447753906,739.9375610351562
1248,838.2500785173454,274.5195979069159,500.60205078125,352.1876220703125,752.7393188476562
1249,849.7956221130132,262.11356765201776,508.1707458496094,343.6617431640625,765.3424682617188
1250,872.0885022328105,245.91556748651297,519.2808227539062,333.474365234375,788.1257934570312
1251,818.3938914011395,165.6199055821761,537.289794921875,254.2856903076172,754.208740234375
1252,853.1606276373226,315.517842589911,470.9413146972656,379.9348449707031,761.799560546875
1253,864.0004660655609,313.3009619442115,472.51849365234375,378.3024597167969,772.86083984375
1254,824.5167004216539,419.6605718892618,380.24713134765625,426.26470947265625,709.945556640625
1255,843.7304956888747,415.65602445473485,379.5196533203125,421.91973876953125,734.3861083984375
1256,862.693038925312,412.38469076855347,379.4330139160156,415.2752685546875,757.6484375
1257,881.4796703213376,409.7683223557677,379.8774719238281,407.2754821777344,779.7538452148438
1258,900.003916178982,407.974278489903,380.7589416503906,399.20947265625,800.8148193359375
1259,840.7865584745861,399.3169018849438,396.134033203125,418.2353210449219,735.02880859375
1260,860.6197878986649,395.9011812969041,396.0402526855469,411.98895263671875,758.2701416015625
1261,880.0167764869994,392.9064942604782,396.77850341796875,404.4119567871094,780.2940063476562
1262,898.9393016323571,390.46144477290477,398.1938781738281,396.75439453125,801.2498168945312
1263,895.376090231437,321.81912874464973,464.6734924316406,378.7061462402344,803.5004272460938
1264,896.0417970611518,338.87928881276815,448.6170654296875,384.3620300292969,802.8660888671875
1265,914.5842471805965,316.4813723658057,470.46502685546875,373.9031982421875,822.9730834960938
1266,914.9744633286492,334.4719271636574,453.28131103515625,378.8567810058594,822.3988037109375
1267,924.0261168299186,332.26542970792383,455.8916931152344,376.3017272949219,831.712646484375
1268,916.5659389741684,370.5123096267853,418.0922546386719,386.7095642089844,821.4266967773438
1269,915.6010413046646,352.446318104812,435.8159484863281,383.1353759765625,821.8825073242188
1270,897.9563991130428,373.1818332138679,415.34393310546875,393.4318542480469,801.7376708984375
1271,896.9051888119247,355.9919191502896,432.1640625,389.2857971191406,802.2772827148438
1272,878.6315086074109,376.2298788700602,413.3075256347656,400.557373046875,780.8783569335938
1273,877.3317987370147,359.68815662298914,429.4043273925781,395.7701721191406,781.50537109375
1274,858.7243162403123,379.58987231306514,412.19915771484375,407.5643615722656,758.9235229492188
1275,838.1879891622239,383.09579255716443,412.24383544921875,413.2395324707031,735.684326171875
1276,816.5526655120998,386.37592426614424,413.69476318359375,416.63330078125,710.8778686523438
1277,793.7653231576945,389.6240184844017,416.8111267089844,418.2168884277344,684.800048828125
1278,914.5052777237972,298.58993378342655,487.34796142578125,368.3031921386719,823.6022338867188
1279,894.8910338604651,279.1965340636621,502.94195556640625,361.1789245605469,805.32958984375
1280,874.0134950906287,294.4426114238573,488.620361328125,368.52362060546875,784.3567504882812
1281,884.11343943981,252.9690410057278,518.3211669921875,341.2735290527344,797.8593139648438
1282,884.3066336381147,263.60157996594455,512.408447265625,349.6656799316406,796.7335815429688
1283,894.9946645402307,269.8483676885598,510.11749267578125,355.54241943359375,805.9857177734375
1284,884.5354656874051,291.35219355751366,491.8363342285156,366.99853515625,794.7705688476562
1285,894.8565111278592,287.9084864150381,495.5133056640625,365.3749084472656,804.8865356445312
1286,914.748881242993,280.6466817346466,503.9153137207031,362.0838317871094,824.28271484375
1287,875.9505659329282,170.54137748687788,548.49267578125,268.43743896484375,803.8054809570312
1288,882.0057429242871,190.89482413277537,543.9625854492188,287.8408203125,805.5846557617188
1289,887.3691482365209,210.5879877419759,538.4486694335938,306.236328125,806.9761352539062
1290,910.5967341305235,202.11435858683208,548.8602905273438,303.5709533691406,828.2096557617188
1291,892.5398684739628,229.0853997494794,531.7664184570312,322.9510192871094,808.7420654296875
1292,914.5231670555696,221.21775133321609,542.1873779296875,320.8927001953125,828.6964111328125
1293,894.3089517071377,238.74321812148523,527.8212280273438,331.41033935546875,808.8504028320312
1294,915.8337978156601,231.0853192402579,538.1608276367188,329.5316162109375,828.3902587890625
1295,873.8780026186278,290.345986795416,492.0311584472656,366.37579345703125,784.55908203125
1296,884.4796041440296,287.1781025561003,495.4029846191406,364.9689636230469,794.9699096679688
1297,894.8511875509392,283.62951990683905,499.2457275390625,363.4531555175781,805.0819091796875
1298,914.9086496880702,276.15397682790456,507.99761962890625,360.3528137207031,824.4739990234375
1299,934.3033712853577,268.7007192197723,517.581298828125,357.4984130859375,842.8135986328125
1300,934.0070467821298,273.4425689746877,513.1439819335938,359.0613708496094,842.6128540039062
1301,952.8038851308662,261.7274570849512,527.2728271484375,355.1978759765625,860.1287231445312
1302,952.2745090374415,266.65795788827364,522.498779296875,356.6063537597656,859.8949584960938
1303,970.5374293193767,255.94214901425423,536.4386596679688,353.73199462890625,876.5166625976562
1304,969.7887896300474,261.03511155810986,531.3654174804688,354.9920349121094,876.2222900390625
1305,986.8279251976346,256.73739175190553,539.481201171875,354.4320068359375,892.060791015625
1306,894.9458814856392,274.6062570168537,506.57513427734375,358.53961181640625,805.6307373046875
1307,915.3598786126545,266.8590974814926,515.9241333007812,355.784423828125,825.0263061523438
1308,915.1193034321265,271.5621507653834,512.0106201171875,358.2566223144531,824.721435546875
1309,935.1086138027509,259.091295171894,526.1296997070312,353.28497314453125,843.3885498046875
1310,934.6798445405369,263.9202224572455,521.92041015625,355.5756530761719,843.0718383789062
1311,954.0915344913225,251.894676798388,536.4458618164062,351.37298583984375,860.763671875
1312,953.4182951755082,256.8080772881749,531.9320678710938,353.45538330078125,860.41796875
1313,972.324126611531,245.9234055345809,546.217529296875,350.342529296875,877.2574462890625
1314,971.4038702488716,250.91204043515143,541.3984375,352.1833801269531,876.8615112304688
1315,990.1485494854398,241.4811685953022,555.1593017578125,350.3966064453125,893.2930297851562
1316,988.9946671523957,246.52434902516885,550.0454711914062,351.9725341796875,892.8388671875
1317,997.7350304153238,244.88322580706014,554.0045166015625,352.25823974609375,900.8443603515625
1318,1004.0406732789521,253.87800137501793,546.6699829101562,354.88873291015625,908.0816650390625
1319,967.3260243018095,281.410292253296,510.91046142578125,359.438232421875,875.1652221679688
1320,983.5201054328876,277.47751904566024,518.0259399414062,358.3844909667969,890.7213134765625
1321,999.913937764755,274.76277439755984,524.3822631835938,358.3889465332031,906.4724731445312
1322,1022.268976257543,252.72901878419052,552.7587280273438,356.1315002441406,925.170654296875
1323,1017.3902109028872,273.5127862831184,529.8050537109375,359.2602233886719,923.3384399414062
1324,895.0533339385446,264.9435748413513,513.54052734375,352.19671630859375,806.3960571289062
1325,915.8440359011179,257.0994449624772,523.3391723632812,349.7525329589844,825.8068237304688
1326,915.6084006810033,262.0392059025131,519.7099609375,352.9459228515625,825.3880615234375
1327,936.001516695003,249.25788785975996,534.0493774414062,347.6470031738281,844.1920166015625
1328,935.5601545531672,254.2062526445189,530.1819458007812,350.63775634765625,843.7623901367188
1329,955.4854422832343,242.0532855554046,544.9374389648438,346.2376708984375,861.6162109375
1330,954.7963142072982,246.98145596641876,540.7892456054688,348.9627380371094,861.1637573242188
1331,973.2834315316086,240.9777014576079,550.875,348.2206115722656,877.702392578125
1332,974.2823026521147,236.09870392031962,555.349853515625,345.8294982910156,878.1939086914062
1333,964.9337550249812,238.89416390958849,550.2280883789062,345.8916320800781,869.99169921875
1334,965.7636771776091,233.98632665019093,554.3218383789062,343.047119140625,870.5087280273438
1335,956.1409362268333,237.1051686784923,548.8671264648438,343.2135314941406,862.1182861328125
1336,956.7498612121257,232.14172460657014,552.5560913085938,339.90704345703125,862.6672973632812
1337,936.4036681336827,244.240228768998,537.7060546875,344.3283386230469,844.6766357421875
1338,936.7425455857597,239.15081273715293,541.1266479492188,340.69940185546875,845.21533203125
1339,916.0412315117479,252.03726078907482,526.7840576171875,346.2193603515625,826.2838134765625
1340,916.1812885496839,246.85350572332456,530.017578125,342.3629150390625,826.821044921875
1341,895.0821700025006,259.87241647025047,516.8162231445312,348.515625,806.865478515625
1342,895.0657179389905,254.64058037713508,519.917236328125,344.51416015625,807.3986206054688
1343,983.4963828912132,233.68914166095053,560.2717895507812,346.0640869140625,886.282470703125
1344,975.2620688973076,231.23758359348432,559.622802734375,343.18316650390625,878.7286987304688
1345,966.5428327094739,229.09149601536768,558.18212890625,339.9397888183594,871.0689086914062
1346,957.2818545468242,227.15987820353772,555.9839477539062,336.3368835449219,863.2601318359375
1347,957.7113685001781,222.15884483894524,559.1310424804688,332.52349853515625,863.89306640625
1348,936.9954132016677,233.98886619681488,544.2876586914062,336.77972412109375,845.807861328125
1349,937.1135921969445,228.80854284264015,547.1636352539062,332.64801025390625,846.4037475585938
1350,916.2495897359906,241.55133699834624,533.01416015625,338.2025451660156,827.4218139648438
1351,895.0061359186307,249.25837720728072,522.8170776367188,340.2101745605469,808.0027465820312
1352,839.0220645160017,284.22896147093644,494.70843505859375,359.65924072265625,752.04150390625
1353,827.3744958149593,294.2598414555921,487.9388732910156,365.72821044921875,739.454833984375
1354,866.2658052448835,140.31491429357197,551.0029296875,238.72494506835938,801.2841796875
1355,891.0078808091301,122.10324482206249,559.0545043945312,225.96018981933594,826.7507934570312
1356,893.8239330526975,131.87646807254262,559.8825073242188,235.71163940429688,826.8998413085938
1357,905.4937300334101,118.02393779840301,563.79638671875,224.82957458496094,840.2442626953125
1358,910.382447607904,137.67938007565914,565.1007080078125,244.42807006835938,839.79833984375
1359,924.505750788923,133.87512092166384,570.4749145507812,243.65530395507812,852.6544189453125
1360,928.1581674902733,153.87040759658646,569.4087524414062,263.4464111328125,851.3903198242188
1361,941.7103471300724,150.18219911002288,575.5120239257812,263.04681396484375,863.3826904296875
1362,956.3228944841064,156.94067427935923,580.9107055664062,272.92626953125,873.75830078125
1363,896.5179596827862,141.77315310288864,560.019775390625,245.56100463867188,827.068115234375
1364,914.7722647071719,157.77123128216883,563.6224975585938,264.2667541503906,839.4202270507812
1365,1083.4860486424823,197.69325700318578,629.6505737304688,345.7621765136719,970.7996215820312
1366,1077.6909722958017,197.20742847857449,628.133056640625,344.5209045410156,965.259521484375
1367,1071.9968461956523,196.8218527248679,626.4423828125,343.2282409667969,959.8910522460938
1368,1066.3918591328963,196.52749187386195,624.5875244140625,341.8892822265625,954.6873168945312
1369,1060.8630677024223,196.3150848900387,622.5773315429688,340.5101013183594,949.639404296875
1370,1055.3970544748265,196.1732274348544,620.4207763671875,339.09783935546875,944.7366333007812
1371,771.1721308587468,299.42541670877654,489.8185119628906,364.1048583984375,684.7999877929688
1372,783.327016181061,283.3698599703043,497.2467346191406,352.82763671875,699.5905151367188
1373,795.6705495532124,265.59040516606177,505.4125671386719,339.8113708496094,714.5665283203125
1374,809.0217807187335,256.0363201945665,509.4065246582031,333.4179382324219,728.7039794921875
1375,820.7630033032714,246.29142974172186,513.8306884765625,326.62725830078125,741.2634887695312
1376,827.4755466374016,227.3398932413222,522.0457153320312,311.2564697265625,750.7235717773438
1377,833.4990002031922,205.79471347295913,529.9326782226562,293.0859069824219,760.0529174804688
1378,850.8872704143714,178.80376232819881,540.568603515625,271.62298583984375,780.3736572265625
1379,869.5357695108104,150.22480841664353,550.8570556640625,248.5568084716797,802.0782470703125
1380,882.8747396277338,145.93392087054312,555.26220703125,246.96978759765625,814.4885864257812
1381,768.6780795960375,288.42588470306714,496.5543518066406,355.3912048339844,684.7999877929688
1382,779.7810742829911,264.49107232746894,507.2162780761719,337.03631591796875,700.0530395507812
1383,793.9738972470366,255.87395883553987,509.98651123046875,331.4427490234375,714.8303833007812
1384,806.6987174777156,246.9412559771471,513.4345092773438,325.3943786621094,728.2206420898438
1385,814.3998941803985,228.83582212581393,520.78515625,310.7566223144531,738.5764770507812
1386,820.9997061591346,208.250501039201,527.91552734375,293.4147033691406,748.3682250976562
1387,826.094566211246,185.75840455280292,534.6363525390625,273.95196533203125,757.12255859375
1388,843.589394039419,158.50706630879563,543.211669921875,251.80844116210938,777.794677734375
1389,745.8507187827073,188.3670150548742,531.3951416015625,263.8149108886719,684.800048828125
1390,741.419686892053,169.65589005882748,532.3010864257812,245.48605346679688,684.7999877929688
1391,736.9137327192685,150.89838373393343,531.4061279296875,227.15655517578125,684.800048828125
1392,734.1712828152774,139.62377413210623,530.007568359375,216.23211669921875,684.7999877929688
1393,727.6344923197782,113.30308751752754,524.2651977539062,191.20037841796875,684.800048828125
1394,889.4262043244992,-178.18699071442853,345.3484191894531,87.4711685180664,910.1253662109375
1395,854.7314074508253,-171.22478347844793,345.3519287109375,75.78633117675781,876.0875244140625
1396,821.3420980371218,-164.54340838407424,345.3543395996094,67.7617416381836,842.3408203125
1397,790.8935236469435,-158.44270160191118,345.35565185546875,63.36251449584961,810.977783203125
1398,755.5317610863934,-151.35313127418365,345.35626220703125,61.29011535644531,774.2738037109375
1399,712.7472749926867,-142.83120018727544,345.3564453125,60.70658874511719,729.8947143554688
1400,645.4160390197975,-269.17979614333643,226.71286010742188,100.84148406982422,684.800048828125
1401,647.2331879200237,-257.5722154010627,235.43057250976562,94.11088562011719,684.7999877929688
1402,87.42973105195514,-165.91742578191233,205.46588134765625,52.842037200927734,126.29976654052734
1403,621.9316278418075,-423.17103816994575,159.20704650878906,227.04502868652344,684.800048828125
1404,623.7269381203466,-411.7119923036921,160.61215209960938,216.12142944335938,684.7999877929688
1405,60.167959100178486,-345.8382201250057,110.24240112304688,208.1281280517578,126.29972076416016
1406,596.3372018459836,-573.393396075683,200.71258544921875,364.01824951171875,684.7999877929688
1407,598.2641008920859,-562.2935818827492,193.9819793701172,355.3005676269531,684.7999877929688
1408,40.27781697783649,-527.5980023257173,152.713134765625,385.2651672363281,126.29988861083984
1409,31.62688266268642,-748.070842901035,343.48382568359375,483.4230651855469,126.30014038085938
1410,578.4640352174744,-736.922114819233,343.4991149902344,432.42132568359375,684.7999877929688
1411,31.520925473557476,-729.4201954203529,324.83935546875,482.548828125,126.30008697509766
1412,578.9062147104177,-709.3079295972201,315.9925231933594,430.11895751953125,684.7999877929688
1413,582.4720697058497,-665.3108561496545,273.6875305175781,418.17401123046875,684.800048828125
1414,32.203860936294745,-673.6787091755034,270.1997375488281,471.2702331542969,126.3000259399414
1415,580.959315918301,-679.9785086025316,287.4616394042969,423.26025390625,684.7999877929688
1416,32.16559049327423,-675.2364789207314,271.6872253417969,471.75946044921875,126.30003356933594
1417,580.6287639931247,-683.6460044683166,290.9642333984375,424.361572265625,684.7999877929688
1418,31.8150616331668,-692.2157926370838,288.0848083496094,476.4501037597656,126.30003356933594
1419,31.588062269900806,-710.8295309175537,306.3647155761719,480.2234191894531,126.30010986328125
1420,587.3176139462189,-628.6182801224267,241.3628692626953,400.88372802734375,684.7999877929688
1421,33.42641205066167,-636.6509038356074,235.87513732910156,456.78271484375,126.30001068115234
1422,584.2425007073305,-650.6502363333931,260.3549499511719,412.0227966308594,684.7999877929688
1423,33.367039700118305,-638.1139526509864,237.1878204345703,457.45721435546875,126.29996490478516
1424,32.73273915095909,-655.2234685613352,252.8153076171875,464.72515869140625,126.30004119873047
1425,590.1585773391818,-610.2427530010975,226.62625122070312,389.9473876953125,684.800048828125
1426,35.23397471000127,-599.77671829784,204.23202514648438,437.1159973144531,126.29993438720703
1427,588.4264713847774,-621.2734997286019,235.3399200439453,396.6831970214844,684.800048828125
1428,35.15796358993187,-601.145189474526,205.3505096435547,437.93414306640625,126.2999496459961
1429,34.268890111327245,-618.1645491746281,219.63406372070312,447.54833984375,126.29993438720703
1430,38.91276920148662,-544.6514217591649,163.4314422607422,398.9469299316406,126.29985046386719
1431,37.55296156467136,-563.0178231134232,176.0458221435547,412.7520446777344,126.29988098144531
1432,593.1688916081515,-591.8631096752276,213.03250122070312,377.61932373046875,684.7999877929688
1433,37.46427843839099,-564.292504212928,176.95925903320312,413.67095947265625,126.2999496459961
1434,36.31280452357634,-581.4596348953805,189.71588134765625,425.53338623046875,126.29991149902344
1435,606.0987130439506,-517.6373017593011,172.51417541503906,316.9400634765625,684.7999877929688
1436,43.619991326840456,-489.93131858856145,132.705322265625,352.42083740234375,126.2998275756836
1437,603.4731122359373,-532.5812999782595,178.65745544433594,330.2762756347656,684.7999877929688
1438,43.51703926504887,-491.02098443850537,133.2091522216797,353.41619873046875,126.29981994628906
1439,602.819622161716,-536.3084387562794,180.35540771484375,333.5317687988281,684.7999877929688
1440,41.93906535334064,-508.2073765973898,141.76124572753906,368.78125,126.2998275756836
1441,40.37529605383202,-526.4164217828061,152.00723266601562,384.287841796875,126.29981231689453
1442,612.5824762684081,-480.0795401338719,161.88333129882812,281.85693359375,684.7999877929688
1443,47.292631013938994,-453.5743679765771,118.61308288574219,317.9320983886719,126.29979705810547
1444,608.6888719194733,-502.65784578347495,167.43621826171875,303.1628723144531,684.7999877929688
1445,47.18749908296142,-454.57284496262025,118.92759704589844,318.9082336425781,126.29978942871094
1446,45.413989864005075,-471.67368299871265,124.95599365234375,335.3857727050781,126.29979705810547
1447,615.7595482049538,-461.1790581896635,159.19606018066406,263.7033996582031,684.800048828125
1448,51.27027188301443,-417.33399788305496,110.07585906982422,281.6666259765625,126.29978942871094
1449,613.8545782943072,-472.52934911166307,160.59461975097656,274.6279296875,684.7999877929688
1450,51.16565020885614,-418.24231037465125,110.22010803222656,282.5909729003906,126.29972839355469
1451,49.21386728453207,-435.48438636062554,113.64276885986328,300.0050354003906,126.29973602294922
1452,57.89379933607496,-363.15613947309106,108.1029281616211,225.90960693359375,126.2996826171875
1453,55.64644187317031,-381.1786415623149,107.30282592773438,244.5133056640625,126.29969787597656
1454,618.8507481126062,-442.2142842398445,158.30108642578125,245.37399291992188,684.7999877929688
1455,55.544848525808526,-381.9973628834379,107.30107879638672,245.35867309570312,126.29972839355469
1456,53.421445302365186,-399.18352709472,107.956298828125,263.0782470703125,126.29973602294922
1457,630.7808622711763,-365.69153873980514,172.55706787109375,173.81646728515625,684.7999877929688
1458,65.21790640704542,-309.10766001451293,119.17832946777344,171.1837615966797,126.29969787597656
1459,628.4391066754349,-381.0678759241176,167.47085571289062,187.59051513671875,684.800048828125
1460,65.12781864912958,-309.7494541183959,118.97166442871094,171.81613159179688,126.29971313476562
1461,627.855100316834,-384.90821151603,166.36952209472656,191.0931396484375,684.800048828125
1462,62.73205300757808,-327.06412904283263,114.06952667236328,189.0741729736328,126.29972839355469
1463,60.264700280053574,-345.1081801999208,110.36198425292969,207.38229370117188,126.29975128173828
1464,636.5798879154955,-327.1559061676237,189.847412109375,141.49183654785156,684.7999877929688
1465,70.4034848543259,-273.1663173525579,133.5358428955078,136.80453491210938,126.29975128173828
1466,633.0752167849323,-350.28609558217795,178.7083282470703,160.4838409423828,684.800048828125
1467,70.32141167193141,-273.7204645207587,133.27389526367188,137.31674194335938,126.2996826171875
1468,67.75313362437768,-291.1321692932796,125.68167877197266,153.7167205810547,126.29974365234375
1469,639.4904774966125,-307.84149002182954,200.78367614746094,126.75518798828125,684.7999877929688
1470,75.81200698524505,-237.26969723728223,153.08267211914062,105.08721923828125,126.29973602294922
1471,637.7344404382505,-319.4308145628178,194.0478515625,135.46884155273438,684.7999877929688
1472,75.73954494693233,-237.7364497696613,152.7969512939453,105.47937774658203,126.29972839355469
1473,73.04957772440055,-255.22238860199704,142.68026733398438,120.5748062133789,126.29973602294922
1474,84.45042318115813,-183.57055052296826,191.0113983154297,64.21549224853516,126.29969787597656
1475,81.55163706891591,-201.4304980816678,177.33982849121094,76.80903625488281,126.29974365234375
1476,642.3968374958384,-288.5084567871129,213.1117401123047,113.161376953125,684.800048828125
1477,81.48995165569313,-201.8101639652842,177.06008911132812,77.08816528320312,126.29972076416016
1478,78.64244369265842,-219.32828246321424,164.6656494140625,90.4627456665039,126.29974365234375
1479,128.82098657681024,48.20165384932348,418.69122314453125,19.027908325195312,126.29996490478516
1480,125.02188201740631,30.551982303466136,400.843017578125,14.001577377319336,126.29995727539062
1481,121.25132512344899,12.694634191348444,382.45953369140625,10.34866714477539,126.29991912841797
1482,117.59731925904465,-5.04159716830509,363.98968505859375,8.16484546661377,126.29991912841797
1483,113.9763547199962,-22.820517636210507,345.37237548828125,7.430004119873047,126.29988861083984
1484,669.0562575400866,-134.19182292843212,345.2450866699219,58.4300537109375,684.7999877929688
1485,113.94918649799628,-22.956630068669725,345.2298278808594,7.429961204528809,126.29988861083984
1486,665.3176326803758,-153.31455661490617,327.02764892578125,59.324951171875,684.800048828125
1487,110.41497412961986,-40.78434962713202,326.5794982910156,8.167466163635254,126.29988861083984
1488,663.1295791860563,-164.8749566346889,316.1031799316406,60.723548889160156,684.7999877929688
1489,106.96675422445335,-58.49453085766195,308.17462158203125,10.343579292297363,126.29981994628906
1490,661.6919549564223,-172.58606665074734,308.8741455078125,62.01219177246094,684.800048828125
1491,103.57950289266473,-76.27727529851406,289.93511962890625,13.959406852722168,126.29981994628906
1492,657.5143095771484,-195.73009205600445,287.5682067871094,67.56517028808594,684.7999877929688
1493,100.2071714438836,-94.15980080097685,271.9417419433594,19.01797866821289,126.29976654052734
1494,654.842427493068,-211.18232780165047,273.7910461425781,72.64306640625,684.800048828125
1495,96.90954356940192,-112.07744201231445,254.37872314453125,25.481998443603516,126.29975128173828
1496,652.2486583080102,-226.64636798263385,260.4548034667969,78.78636932373047,684.7999877929688
1497,93.7141068968813,-129.86907794405516,237.50656127929688,33.24059295654297,126.29979705810547
1498,651.6071215421862,-230.5135210786741,257.1993103027344,80.48434448242188,684.7999877929688
1499,90.59116550322234,-147.71539658497514,221.2552947998047,42.312660217285156,126.29977416992188
1500,87.47940311428842,-165.6246327445618,205.71287536621094,52.66292953491211,126.29976654052734
1501,144.71920158873743,119.44718332337318,485.2516784667969,52.92591094970703,126.30003356933594
1502,144.62859599513763,119.05318466556537,484.9154968261719,52.68197250366211,126.3000717163086
1503,140.64953521283672,101.55586827866993,469.57733154296875,42.45358657836914,126.30006408691406
1504,136.69938947214914,83.96140835147212,453.41436767578125,33.40283966064453,126.30001068115234
1505,136.6306978375416,83.65231803112755,453.1244812011719,33.255271911621094,126.30004119873047
1506,132.71030611607767,65.9791924853384,436.2303466796875,25.48480987548828,126.30001831054688
1507,128.8694137489124,48.42554969328157,418.9149475097656,19.100605010986328,126.2999496459961
1508,148.77174393709504,136.86109752264957,499.68017578125,64.29161834716797,126.30009460449219
1509,152.93750322345596,154.38446638577295,513.2852783203125,76.83198547363281,126.3000717163086
1510,153.05122702110688,154.86297747986632,513.6428833007812,77.18899536132812,126.30009460449219
1511,157.24730789148362,172.32703456796497,526.1701049804688,90.7354965209961,126.30014038085938
1512,161.47982137327506,189.6606263154921,537.53857421875,105.11341857910156,126.3001480102539
1513,161.61785170942116,190.2235681198966,537.8890380859375,105.59477996826172,126.30016326904297
1514,165.90154166709695,207.5116533860825,548.0609741210938,120.80087280273438,126.30013275146484
1515,170.30093634566265,224.87471313899658,557.0811157226562,136.83343505859375,126.3001480102539
1516,170.46456247062008,225.52182615405158,557.3930053710938,137.44386291503906,126.30016326904297
1517,174.89301930305774,242.8557245006393,565.0903930664062,154.12469482421875,126.30020141601562
1518,179.36292014402747,260.0398157082945,571.4338989257812,171.2145538330078,126.30017852783203
1519,179.553557019774,260.77091452480033,571.674560546875,171.9518280029297,126.3001937866211
1520,184.06761477871876,277.94157884344474,576.632568359375,189.4860076904297,126.30020141601562
1521,188.6561628950377,295.1698720500695,580.245361328125,207.41427612304688,126.30026245117188
1522,198.27820303785458,330.2352323891994,583.2994384765625,244.54568481445312,126.30028533935547
1523,193.5469128719644,313.1750936888662,582.5399780273438,226.41127014160156,126.30025482177734
1524,188.87541284565555,295.98482841288484,580.3820190429688,208.2690887451172,126.30024719238281
1525,208.1949657814074,365.26620936186663,580.5213623046875,281.6987609863281,126.30026245117188
1526,203.3145128369298,348.1888982028795,582.6036987304688,263.6362609863281,126.30030059814453
1527,198.52787218962237,331.1338917240296,583.3010864257812,245.50137329101562,126.30025482177734
1528,218.4641693130289,400.2436101108642,571.9791870117188,317.96295166015625,126.30033111572266
1529,213.42413252465755,383.28216722666076,576.8343505859375,300.5330810546875,126.30028533935547
1530,208.47731359386967,366.24828715103484,580.3597412109375,282.7317810058594,126.30027770996094
1531,240.52775207745256,471.3481862853894,537.80517578125,385.38055419921875,126.3002700805664
1532,240.1301688590242,470.116703279515,538.5759887695312,384.3141174316406,126.3003158569336
1533,234.7292564444798,453.2042300697889,548.5477294921875,369.26373291015625,126.30027770996094
1534,229.4527087079803,436.33793924458803,557.3282470703125,353.5433044433594,126.30029296875
1535,229.0968009791698,435.18917968991116,557.8822631835938,352.4498291015625,126.30028533935547
1536,223.8854947511473,418.2556941827861,565.3912353515625,336.00762939453125,126.30032348632812
1537,218.78179140490025,401.309191820661,571.6304931640625,319.0438232421875,126.30033874511719
1538,246.02208831845707,488.18035363102956,526.6771850585938,399.5296630859375,126.3002700805664
1539,251.63392335791218,504.9617478274652,514.5335083007812,412.7750549316406,126.30026245117188
1540,252.0769584830634,506.27542678121307,513.5420532226562,413.7717590332031,126.30028533935547
1541,257.7701728038337,522.970097133087,500.4273986816406,425.9288024902344,126.30025482177734
1542,263.63481568853757,539.7587062154627,486.343994140625,437.13519287109375,126.30024719238281
1543,264.12734485848745,541.1538960604188,485.1362609863281,438.0179138183594,126.30028533935547
1544,270.0917174694572,557.8562564700912,470.2438659667969,447.99676513671875,126.30026245117188
1545,276.1751011074783,574.4685459601333,454.69818115234375,456.797607421875,126.30021667480469
1546,276.721255839171,575.9441284812484,453.28729248046875,457.5218811035156,126.30025482177734
1547,282.9106845859421,592.4707239489323,437.15087890625,464.9922790527344,126.30023193359375
1548,289.294584886262,609.0970596996567,420.3716125488281,471.2804260253906,126.3001937866211
1549,289.8986644905523,610.6516407393027,418.779296875,471.8034973144531,126.30020141601562
1550,296.40587785229746,627.1940096918441,401.6046447753906,476.6742858886719,126.3001480102539
1551,303.0297641502792,643.620076930176,384.2054138183594,480.228759765625,126.30011749267578
1552,310.4542808938164,661.5830377858462,364.8858337402344,482.62286376953125,126.30010223388672
1553,317.4098289103745,677.9734055895755,347.08587646484375,483.4232482910156,126.30012512207031
1554,811.1386421528167,-501.3947439933931,115.07947540283203,262.9088134765625,863.383056640625
1555,797.1938489665357,-499.56356769246634,121.18251037597656,263.31207275390625,851.3906860351562
1556,822.0288257288125,-513.2718147983037,109.6748275756836,272.7850341796875,873.7586669921875
1557,716.3064821059147,-492.8111470327367,150.0178985595703,271.5059509277344,780.3738403320312
1558,714.9429620107636,-514.1992604575736,154.75428771972656,290.79638671875,782.9891967773438
1559,740.3393696687497,-515.9377316600754,146.61410522460938,287.7217712402344,805.5848388671875
1560,713.1218696817133,-534.5365689186881,160.5059051513672,308.93048095703125,785.1135864257812
1561,711.7913049598415,-553.4316849630804,167.3053741455078,325.11859130859375,787.7264404296875
1562,735.3984013466497,-555.2669894314519,158.78921508789062,322.8392639160156,808.7422485351562
1563,688.048426212176,-590.5404122630282,191.5751953125,358.8149719238281,774.68896484375
1564,699.4991985919221,-592.0467801045071,188.4050750732422,357.8649597167969,785.44482421875
1565,703.0893486889462,-582.8174755036182,182.0406951904297,350.61895751953125,786.2886962890625
1566,631.9380635659483,-551.6351887125911,185.13308715820312,339.71533203125,714.566650390625
1567,627.254061528458,-570.5309251729582,195.5484161376953,355.5663757324219,713.71875
1568,640.243658092215,-576.6555919465072,196.6577606201172,357.6811828613281,727.1718139648438
1569,611.5442457226202,-637.6568963426578,246.01214599609375,401.21661376953125,711.8110961914062
1570,761.0410336512772,-298.147181610876,213.356201171875,102.66156005859375,800.5708618164062
1571,763.2445350936027,-287.6657386572026,221.7812957763672,96.64000701904297,801.7285766601562
1572,734.862377498456,-282.2992336073096,224.7032470703125,97.33667755126953,773.3123168945312
1573,737.2614480014108,-272.0403726471974,233.0852508544922,91.76667785644531,774.5350952148438
1574,676.6636252445008,-213.1460583203094,275.9073791503906,73.22692108154297,706.6080932617188
1575,672.4731367157523,-232.18818392005548,259.3175964355469,80.70840454101562,705.505615234375
1576,668.2734110992722,-251.59339759997272,243.27073669433594,89.92310333251953,704.330810546875
1577,690.0800280080182,-254.2333413019332,243.79490661621094,89.21513366699219,726.0316772460938
1578,787.014687240482,-477.78500512063346,125.50196075439453,244.2963104248047,839.7986450195312
1579,801.5310223248679,-479.7140133134327,120.12822723388672,243.5203399658203,852.65478515625
1580,805.2710148393345,-460.0274547719871,121.80792236328125,223.9394073486328,853.9515991210938
1581,774.0038876637477,-466.0512001720994,130.72544860839844,235.58299255371094,826.900146484375
1582,772.67584685523,-476.20756672023595,130.582275390625,245.43228149414062,827.0684204101562
1583,1082.6369291945596,-351.312083040177,200.35482788085938,200.3306121826172,1099.9747314453125
1584,1093.7105705315842,-353.2766207936184,199.8769073486328,206.80433654785156,1109.132568359375
1585,1099.8165142800387,-309.7035772806725,248.2571258544922,211.3303985595703,1105.8211669921875
1586,1089.1106814629427,-444.21416009962473,103.06218719482422,196.44203186035156,1123.070068359375
1587,1094.3245514127327,-444.735907986796,103.30847930908203,199.6962432861328,1127.166748046875
1588,1095.6556069011497,-433.1966910608653,115.3801498413086,201.20518493652344,1126.1021728515625
1589,1060.8969499421275,-462.75966232277887,79.50112915039062,191.55340576171875,1098.451904296875
1590,1059.8538312363844,-465.2987112702972,77.14624786376953,193.0260009765625,1097.3497314453125
1591,1065.9812171365818,-467.2080894779832,76.04063415527344,194.64151000976562,1103.4703369140625
1592,1035.8439149963547,-411.24712478003374,128.7316131591797,171.44467163085938,1071.884765625
1593,1035.2938458804329,-416.51517178534755,122.96223449707031,171.20765686035156,1072.1253662109375
1594,1049.3354129299323,-421.6092704153192,120.00135040283203,176.7903594970703,1085.577392578125
1595,1019.2029664429969,-418.60328194506707,117.98368835449219,166.64175415039062,1057.1241455078125
1596,1018.7322273200523,-421.216241237672,115.17365264892578,167.2740020751953,1056.760986328125
1597,1033.7205651936486,-427.10008334486105,111.3566665649414,172.3232879638672,1071.480712890625
1598,1003.3708623416373,-412.33583515827354,122.19081115722656,161.51776123046875,1041.5560302734375
1599,1002.9007080273954,-414.90806325194313,119.47357940673828,162.2915802001953,1041.1536865234375
1600,962.9145383119494,-277.88665293547405,257.6937255859375,132.01507568359375,990.321044921875
1601,944.1810402170398,-273.0425519638891,259.3277282714844,122.43986511230469,973.5756225585938
1602,939.1070776695449,-313.20186824743814,217.02120971679688,126.16629028320312,973.8697509765625
1603,962.0783395275297,-379.5666303012695,151.1491241455078,145.3709259033203,1000.2237548828125
1604,971.0578969513572,-382.65186070535447,149.05416870117188,148.0835418701172,1008.928955078125
1605,972.3444763678751,-363.66950083294455,169.36773681640625,145.93685913085938,1008.5955810546875
1606,950.8617755762511,-395.26011456672086,134.18711853027344,149.02276611328125,989.7404174804688
1607,932.1996657035199,-389.0435393589596,139.3355712890625,145.62107849121094,971.3458862304688
1608,931.1887989451454,-394.04636459855635,134.84378051757812,148.51258850097656,970.32275390625
1609,924.463444005509,-372.06854454909086,155.22398376464844,137.5470733642578,963.6648559570312
1610,924.0391929131739,-376.6140547808872,150.77639770507812,139.39198303222656,963.305419921875
1611,933.5785818470723,-379.5120015003055,148.44781494140625,141.1113739013672,972.6702880859375
1612,850.2699201219717,-398.5384816972019,138.58551025390625,161.1561279296875,892.2310791015625
1613,848.5474661868772,-408.1614316290892,132.9884033203125,169.29315185546875,890.8839111328125
1614,884.5977960766529,-417.30233514886953,121.9305419921875,171.285400390625,925.2789916992188
1615,1009.6879147824992,-577.7557780600081,30.371732711791992,306.8295593261719,1047.912353515625
1616,998.6505252126603,-572.9986172896429,31.653242111206055,303.61395263671875,1036.28076171875
1617,991.5940746364747,-581.5155517562358,28.327392578125,313.0606994628906,1029.25146484375
1618,971.350226058478,-585.5183134444187,29.786592483520508,321.85211181640625,1008.7162475585938
1619,973.346816767433,-583.7677405589615,29.40700912475586,319.4380187988281,1010.5165405273438
1620,962.6076010347435,-578.1634947781985,32.958988189697266,316.0905456542969,999.1694946289062
1621,961.913208328374,-586.0258262295457,33.01130676269531,324.8890075683594,999.5387573242188
1622,959.8188379919659,-587.6146942736493,34.092899322509766,327.15948486328125,997.8516845703125
1623,965.1074339536376,-590.4736985469048,32.42015838623047,328.8302001953125,1003.5092163085938
1624,930.8923103061485,-601.0648769650527,57.017616271972656,345.4759826660156,977.46484375
1625,928.7621919546829,-602.5652238141568,59.5552864074707,346.76593017578125,976.50439453125
1626,934.0192660413353,-605.5286514759861,58.410247802734375,347.87066650390625,982.3679809570312
1627,969.8888826170062,-570.6613975001346,33.72681427001953,306.4500732421875,1006.2711181640625
1628,976.558767329937,-562.5001550128843,36.907894134521484,297.0653076171875,1013.178955078125
1629,965.232008569151,-556.885435056862,40.71379470825195,293.6051025390625,1001.6787109375
1630,947.8857082869216,-575.9355119572399,38.41660690307617,317.3531799316406,984.6087646484375
1631,951.756555761084,-572.5172390439258,37.29356002807617,312.6009826660156,988.0227661132812
1632,940.7966424492917,-566.8615141811682,42.322120666503906,308.97625732421875,977.135986328125
1633,949.2008914608408,-581.9762839155301,38.02682113647461,323.7249450683594,986.7472534179688
1634,943.8669549605816,-579.1769970838013,40.266998291015625,321.953369140625,981.3047485351562
1635,939.7414208465658,-582.2918401584843,42.755096435546875,326.35321044921875,978.1463012695312
1636,929.1312324407968,-589.7285641752223,51.27693176269531,336.2720031738281,971.03564453125
1637,931.2759903229437,-588.2665696499789,49.340721130371094,334.4236755371094,972.3596801757812
1638,926.0935600522729,-585.620779814071,51.45024108886719,332.75531005859375,967.0888671875
1639,914.9960703839085,-559.3342396537945,55.25689697265625,306.2823791503906,953.1904296875
1640,911.4550112691358,-562.9238729656533,56.872039794921875,310.93194580078125,950.3590087890625
1641,933.1645734110712,-573.6508321461802,45.2413444519043,318.32867431640625,970.682861328125
1642,900.2891267283676,-585.9534853183203,67.99592590332031,337.22528076171875,945.8119506835938
1643,898.2349542367286,-587.5316877955112,70.12509155273438,338.9330139160156,944.7371215820312
1644,903.2191607684758,-589.7658042109025,67.96769714355469,340.3440246582031,949.6399536132812
1645,900.1691444226088,-573.2105009740894,64.23377990722656,324.154052734375,942.371337890625
1646,896.2663979989533,-576.5617380022219,67.42752838134766,328.2935485839844,939.8953247070312
1647,906.48857169218,-581.1972217262222,62.157310485839844,331.60369873046875,949.4014892578125
1648,927.0893810102552,-618.6264073041764,74.54402923583984,353.95843505859375,984.463623046875
1649,931.0651688133479,-615.1710674843424,68.67158508300781,352.61651611328125,985.521484375
1650,920.4237283529473,-608.8578335286516,70.3800048828125,351.00146484375,973.3345336914062
1651,858.1675543972804,-572.2936816378027,91.57946014404297,327.6684875488281,909.0585327148438
1652,847.8472416587983,-569.2157001175026,97.78128051757812,325.2865295410156,900.58203125
1653,844.8151118556112,-573.284147932457,100.88233184814453,329.3587341308594,899.1294555664062
1654,827.5320698470291,-580.7811240622332,115.57279205322266,336.4794921875,888.3809814453125
1655,828.9316575813818,-578.8056185128509,113.70718383789062,334.86279296875,888.7675170898438
1656,818.886548080982,-576.9146208818928,119.50086212158203,333.67108154296875,880.6024780273438
1657,884.9632411522769,-736.2514407182498,217.94398498535156,373.9928283691406,1009.7742919921875
1658,886.4851154507841,-733.1193237900706,213.955322265625,373.68255615234375,1009.9986572265625
1659,870.875842298168,-710.8879173044849,199.9312744140625,370.0514831542969,986.4099731445312
1660,1005.9934531023433,-596.7120207126418,24.685871124267578,325.91485595703125,1045.38232421875
1661,1002.3969703053211,-595.3885052777574,24.76059913635254,325.07000732421875,1041.58935546875
1662,1001.4022889873087,-596.4645266557433,24.591344833374023,326.2860412597656,1040.698486328125
1663,1092.7691060270658,-484.8831272306762,65.72238159179688,209.8553466796875,1129.8140869140625
1664,1093.5845110065939,-483.15029890679716,67.0284652709961,208.7749786376953,1130.6053466796875
1665,1090.3985310460066,-482.47660289524225,66.92010498046875,207.6802978515625,1127.531982421875
1666,1094.3743799688248,-481.3750425240653,68.46133422851562,207.76199340820312,1131.3441162109375
1667,1094.9791757487758,-479.88230838664464,69.71624755859375,206.99461364746094,1131.9012451171875
1668,1091.630435161443,-479.71197922623156,69.19026947021484,206.0692596435547,1128.7152099609375
1669,1097.5424014377102,-472.1735477706966,76.82791137695312,204.1241912841797,1133.952392578125
1670,1097.717137150292,-471.5209637756504,77.46131896972656,203.9627227783203,1134.064697265625
1671,1094.6061957029417,-471.1597608461376,77.13162231445312,202.64744567871094,1131.2386474609375
1672,1099.4846701055849,-444.82605605346487,103.83798217773438,203.15768432617188,1130.951171875
1673,1098.6893970130727,-450.70609875434076,97.87666320800781,202.33639526367188,1131.5355224609375
1674,1102.6601830769691,-441.08644694183016,107.95003509521484,205.698974609375,1132.413818359375
1675,1131.317745227334,-238.41124611012714,332.3542785644531,225.7576141357422,1118.1160888671875
1676,1125.137915452392,-271.2414620329377,295.1173095703125,224.91546630859375,1118.70703125
1677,1119.4053315412002,-304.05392581654,257.92779541015625,223.0930938720703,1119.9951171875
1678,1107.222507041384,-266.48592133653835,296.7541809082031,214.0248260498047,1103.773681640625
1679,1122.9464138281292,-283.80014697468243,280.830078125,224.33163452148438,1119.119140625
1680,1109.3974515349844,-378.8208930377683,174.17898559570312,215.35719299316406,1125.4815673828125
1681,1111.9546016020256,-355.3007171973972,200.0620574951172,218.29351806640625,1123.399658203125
1682,1104.1346456755252,-354.64179631454255,199.8088836669922,213.2257843017578,1117.433837890625
1683,1113.24470520285,-345.71885150041277,210.87449645996094,219.37318420410156,1122.6329345703125
1684,1114.6381924434297,-335.644893271389,222.1740264892578,220.4113006591797,1121.89599609375
1685,1117.9874577597586,-312.82842084012134,247.9160919189453,222.4342803955078,1120.461669921875
1686,1096.9950982778344,-421.5890927613431,127.44998168945312,203.15086364746094,1124.70068359375
1687,1102.104174169798,-421.7461754830697,127.8040542602539,206.85040283203125,1128.2884521484375
1688,1105.8121441471799,-412.5069526858619,137.66981506347656,210.36114501953125,1129.018310546875
1689,1100.7861417442598,-455.8763263961252,93.10767364501953,203.4003448486328,1134.2962646484375
1690,1100.3112544121952,-456.5884075433648,92.3414077758789,203.07789611816406,1134.093505859375
1691,1100.4626489368243,-457.9738356138208,91.01757049560547,203.13343811035156,1134.518310546875
1692,1099.8076247859535,-459.56767257131384,89.34776306152344,202.7693328857422,1134.3135986328125
1693,1100.2106734979982,-459.5710591314997,89.41615295410156,202.99684143066406,1134.638427734375
1694,1099.2502726281082,-462.5499649138761,86.33206939697266,202.6706085205078,1134.380859375
1695,1099.5269381779735,-463.4352985052403,85.52155303955078,202.91416931152344,1134.74609375
1696,1098.1045086949116,-470.03515186823176,78.9202651977539,203.63858032226562,1134.287841796875
1697,1098.464977980137,-468.53787871658983,80.39720153808594,203.3748016357422,1134.4659423828125
1698,1097.9668782340254,-468.50158148875596,80.32860565185547,203.14503479003906,1134.0272216796875
1699,1097.3083380351788,-473.0054717427069,76.02449035644531,204.34791564941406,1133.7957763671875
1700,1094.1799743360612,-472.60323018367393,75.72017669677734,203.0674591064453,1130.9273681640625
1701,1089.3789413307857,-470.30553509121955,76.83094024658203,200.5709228515625,1126.36328125
1702,1096.404909284665,-475.95341581065264,73.23777770996094,205.30465698242188,1133.11767578125
1703,1096.4321765381171,-475.87048289232723,73.31452941894531,205.27420043945312,1133.1395263671875
1704,1093.2445709682065,-475.4703221971009,72.98792266845703,204.0880584716797,1130.173583984375
1705,1093.7251914118424,-474.04010029490814,74.33735656738281,203.54754638671875,1130.572509765625
1706,1088.475293619384,-473.08306112902903,74.1222915649414,201.58868408203125,1125.5992431640625
1707,1095.3742703379812,-478.8660427725023,70.60151672363281,206.51058959960938,1132.25146484375
1708,1095.9037355222117,-477.4139613956566,71.89796447753906,205.87669372558594,1132.7080078125
1709,1092.1988454931843,-478.30857953609984,70.40916442871094,205.34957885742188,1129.244384765625
1710,1092.733697880443,-476.8920653145266,71.67682647705078,204.68893432617188,1129.730712890625
1711,1087.4628991834602,-475.83029870531766,71.55164337158203,202.8304443359375,1124.671875
1712,1089.0487417241832,-485.18795023874264,64.9068603515625,209.50588989257812,1126.19287109375
1713,1092.229321120664,-485.942478160143,64.96587371826172,210.56707763671875,1129.2911376953125
1714,1087.574447392322,-487.82749372445653,63.18838882446289,211.5226287841797,1124.715087890625
1715,1090.5750095465032,-488.9820002857519,63.03217315673828,212.79005432128906,1127.6514892578125
1716,1090.95121727776,-488.3289036687264,63.41829299926758,212.28805541992188,1128.0224609375
1717,1085.9865451140163,-490.40024531614915,61.79376220703125,213.6996612548828,1123.120849609375
1718,1089.129201566677,-491.32913791493144,61.78413009643555,214.71519470214844,1126.22509765625
1719,1084.3023858679078,-492.90963812566923,60.74286651611328,216.00172424316406,1121.4359130859375
1720,1088.5915004459403,-492.1467302141673,61.40709686279297,215.42747497558594,1125.696044921875
1721,1082.5615459992173,-495.3713338094565,59.95567321777344,218.37408447265625,1119.69970703125
1722,1085.9259141268067,-495.99445673627,60.04546356201172,218.9923553466797,1123.0692138671875
1723,1077.9280337574842,-506.83533197204366,56.54324722290039,229.6167755126953,1115.3721923828125
1724,1012.7110221477025,-555.8534688811081,38.221397399902344,284.7403259277344,1050.3411865234375
1725,1021.8260470268457,-577.4885593556279,31.46722984313965,305.2571105957031,1060.412353515625
1726,1054.908613989484,-536.0152412171968,46.38629150390625,260.3380432128906,1093.0828857421875
1727,998.7512795747454,-590.8031640569023,25.69553565979004,321.06646728515625,1037.409912109375
1728,1011.5555304731823,-590.1175143933142,26.9317684173584,318.8713073730469,1050.494873046875
1729,1002.470265495763,-586.4923958509538,27.100444793701172,316.2992248535156,1040.929443359375
1730,1003.9143429406296,-598.9317241271029,24.381391525268555,328.361328125,1043.55029296875
1731,1000.3834022479675,-597.507181161986,24.532835006713867,327.509765625,1039.802001953125
1732,1001.6122667737131,-601.1914396230948,24.545669555664062,330.9248962402344,1041.6297607421875
1733,990.6774739619502,-598.6386455629857,25.839799880981445,330.74468994140625,1030.2581787109375
1734,999.4134397254351,-603.2158594943941,25.10928726196289,333.32269287109375,1039.83349609375
1735,992.7950376812677,-596.7639422719312,25.245574951171875,328.34271240234375,1032.0328369140625
1736,1001.1361845539664,-601.6305483328546,24.636051177978516,331.449951171875,1041.236328125
1737,997.1796980877909,-605.204759762213,26.020570755004883,335.650390625,1038.0902099609375
1738,997.9521826358723,-604.5146582425623,25.668872833251953,334.8549499511719,1038.6859130859375
1739,998.3966617532215,-604.1189086100029,25.48373031616211,334.3927001953125,1039.0322265625
1740,984.1541891067772,-604.0523556101967,29.372243881225586,337.4956359863281,1025.26611328125
1741,981.9439359793756,-605.7689208612461,31.03173828125,339.54608154296875,1023.7482299804688
1742,987.305559529051,-609.062204435847,30.588848114013672,341.124755859375,1029.8258056640625
1743,988.5206238421047,-600.4616289709725,26.74789047241211,333.0821533203125,1028.5303955078125
1744,986.345574624262,-602.27141828253,27.935762405395508,335.3374938964844,1026.862548828125
1745,994.5604736029804,-607.4088720580802,27.44992446899414,338.2204895019531,1036.1654052734375
1746,992.6327993751662,-609.0081316460526,28.725940704345703,340.01470947265625,1034.8212890625
1747,988.0450493568118,-612.8686168258233,32.392696380615234,343.8989562988281,1031.908935546875
1748,988.6791423868412,-612.3375789132343,31.838882446289062,343.3961181640625,1032.286376953125
1749,990.8967058278339,-610.4668008235524,30.018959045410156,341.5528869628906,1033.6685791015625
1750,945.2037091301898,-637.9035991706388,79.59844207763672,357.049560546875,1010.5350952148438
1751,958.5883638595062,-640.2031558261531,72.10686492919922,356.3981628417969,1022.4661865234375
1752,952.9010239313014,-630.5576123935026,67.60542297363281,355.0450744628906,1012.0939331054688
1753,970.5583586913623,-628.3612840230198,53.70891189575195,353.11151123046875,1024.921630859375
1754,904.0004513577645,-703.6518391437048,173.76487731933594,370.0186767578125,1012.6497802734375
1755,913.6930438739015,-688.9395540856085,151.79217529296875,367.5997619628906,1014.4005737304688
1756,892.6203360595033,-675.3412091071486,151.81866455078125,365.238037109375,989.8160400390625
1757,922.8735991755035,-677.3819186419984,133.26910400390625,365.3305358886719,1016.0430297851562
1758,919.4329602916615,-644.3096829447079,103.8771743774414,359.2344665527344,994.2140502929688
1759,940.7170206009719,-657.8694850128066,101.24996185302734,360.92669677734375,1019.2186889648438
1760,953.571944291901,-645.098088824459,80.00904083251953,357.68603515625,1021.5372924804688
1761,831.3580978251169,-791.7807068088097,296.7121887207031,375.6339111328125,982.6604614257812
1762,853.2068165418965,-801.9929700303297,296.73297119140625,378.160400390625,1006.7642211914062
1763,854.0494981359653,-800.1763046818062,294.6774597167969,378.09893798828125,1006.8084106445312
1764,836.8773507914246,-836.3896805299563,335.1432189941406,378.84466552734375,1006.275390625
1765,779.8243747208556,-817.4843291178502,343.51702880859375,372.65069580078125,946.96337890625
1766,833.287143052212,-843.9300509672845,343.5151672363281,378.8768005371094,1006.2538452148438
1767,677.3436232370927,-761.2440088378621,343.5108642578125,393.15704345703125,820.82568359375
1768,666.9566411778045,-739.5183443782187,327.4169006347656,400.7449035644531,800.4326171875
1769,652.8170640374973,-751.2645698955853,343.5071105957031,405.7104187011719,789.1765747070312
1770,650.101046811668,-733.7726370844964,327.8290100097656,409.08319091796875,779.2578125
1771,646.4594222123717,-748.9963392296675,343.506103515625,409.0987243652344,780.6221923828125
1772,632.739409857797,-728.9117616109643,328.0305480957031,417.34991455078125,757.057861328125
1773,628.1334605577479,-743.7783102158239,343.5033264160156,418.32415771484375,756.0868530273438
1774,616.4250478584847,-740.8885505548311,343.5018005371094,423.4057312011719,739.7354736328125
1775,614.9194368351955,-724.8624204104068,327.97955322265625,424.2160949707031,733.7554321289062
1776,611.883162552717,-740.1554315702233,343.5013122558594,425.0779113769531,733.1956787109375
1777,596.9007241061908,-722.0338266485503,327.62554931640625,428.7490234375,709.479248046875
1778,592.4748084634473,-737.1884610275193,343.4997863769531,430.1782531738281,705.0833740234375
1779,605.2899136457903,-739.1456686840747,343.5007019042969,427.1533508300781,723.6609497070312
1780,789.3802087278078,-770.952837303986,297.9515686035156,370.9020690917969,935.23046875
1781,808.5909767078068,-780.6138503780968,297.1322021484375,372.9766845703125,957.1734008789062
1782,828.266124606042,-738.6784509319223,249.07049560546875,370.93316650390625,958.615478515625
1783,850.882081149884,-750.0016650501155,248.2480010986328,373.5236511230469,984.0236206054688
1784,870.2908465618502,-765.5022131499787,254.26332092285156,376.3768615722656,1008.0509033203125
1785,773.4287081609519,-763.062800424077,299.09515380859375,370.0544128417969,916.76171875
1786,808.8242778563106,-729.1778607707395,250.66848754882812,368.8714599609375,936.6817016601562
1787,848.4508477267566,-698.9412193028279,201.13612365722656,367.5511779785156,961.0476684570312
1788,746.9121121020394,-750.993684256516,302.0544738769531,372.0045166015625,885.9400024414062
1789,759.6206835796396,-756.5849179684423,300.4877014160156,370.4165344238281,900.69580078125
1790,777.6465361211125,-716.0717469937179,255.666748046875,368.034912109375,901.8807983398438
1791,792.2802958916857,-721.7791860898042,252.91099548339844,367.90509033203125,918.1109008789062
1792,811.625456530973,-681.8307445955892,206.76551818847656,364.2826843261719,920.3041381835938
1793,828.7940602691111,-689.1858110415162,203.4690704345703,365.4751892089844,939.0596313476562
1794,851.143005588868,-652.0022411990763,156.41424560546875,360.69970703125,942.3619384765625
1795,870.8436000116898,-662.3147955698944,153.38539123535156,362.841552734375,964.4669189453125
1796,864.1705831726011,-635.2190154997509,132.96153259277344,357.79180908203125,944.3588256835938
1797,785.8919229959918,-595.7837684824627,149.750732421875,348.8454895019531,861.1640625
1798,798.3753399231445,-592.2382668745398,140.313720703125,345.76885986328125,869.991943359375
1799,788.4303059276417,-591.4989475901713,145.60423278808594,346.1180419921875,861.616455078125
1800,801.0309396137394,-588.0323383782651,136.22174072265625,342.921875,870.5089721679688
1801,790.9528179201292,-587.1953554994249,141.67636108398438,343.091552734375,862.1185302734375
1802,803.6356013062019,-583.8207363598177,132.36325073242188,339.8121337890625,871.0692138671875
1803,793.4317371422927,-582.8567702362315,137.98934936523438,339.7827453613281,862.6676025390625
1804,806.167175257264,-579.5894996385242,128.7569580078125,336.4574890136719,871.668701171875
1805,795.8421248078445,-578.4692341377051,134.5636444091797,336.2106628417969,863.2603759765625
1806,800.3710218216969,-569.5008445424312,128.5723114013672,328.35906982421875,864.5625
1807,798.1615028515057,-574.0211878879835,131.4187774658203,332.3953857421875,863.893310546875
1808,808.6142057661624,-575.3015033791969,125.4227523803711,332.8462219238281,872.3281860351562
1809,810.8584562823345,-589.1579589948559,130.92066955566406,343.0546569824219,878.7290649414062
1810,813.5947944852917,-585.079906008203,126.86959838867188,340.1654052734375,879.303466796875
1811,816.2651664749018,-581.0118203285668,123.05554962158203,337.05230712890625,879.9130249023438
1812,823.3179446275943,-586.6556733599072,121.54879760742188,340.8462829589844,887.4259643554688
1813,826.1390865026235,-582.7368221625976,117.5063705444336,337.9931640625,888.0470581054688
1814,817.5740882730489,-578.9699950233918,121.24337768554688,335.4060363769531,880.2384033203125
1815,799.7042442691276,-605.8135833675799,149.1396484375,352.0658874511719,876.8617553710938
1816,817.6105492990321,-608.5302160098237,140.49276733398438,351.84979248046875,892.8391723632812
1817,802.4791021701553,-601.5658050221756,144.3216552734375,350.22216796875,877.2576904296875
1818,820.6327170361227,-604.348235493686,135.37986755371094,350.2709045410156,893.2933349609375
1819,805.2754133401459,-597.3736377709042,139.6654510498047,348.09735107421875,877.7026977539062
1820,811.6810692468255,-617.1016139947583,151.05552673339844,354.3155822753906,892.0611572265625
1821,826.3026662954942,-610.3480095534785,136.53355407714844,352.1332092285156,900.8446655273438
1822,823.6967877020596,-600.2740378881944,130.4027557373047,348.4696960449219,893.7892456054688
1823,817.5115585443087,-594.6054114439423,130.26992797851562,345.935302734375,886.28271484375
1824,808.0809657605556,-593.2588177091285,135.1920623779297,345.70355224609375,878.1942749023438
1825,820.43588763453,-590.6081343938251,125.80821228027344,343.4986267089844,886.8363037109375
1826,721.0099781285869,-740.3473424425341,305.4122314453125,379.2068786621094,856.1371459960938
1827,734.3373411937162,-745.7428758985924,303.7210998535156,374.9075012207031,871.432861328125
1828,750.2765492431281,-707.451221319771,262.1968078613281,371.8251953125,872.1787109375
1829,763.9494924419514,-711.4887759553662,258.8052673339844,369.3070373535156,886.912353515625
1830,781.269127763395,-672.540157703769,215.58981323242188,364.7506103515625,888.5069580078125
1831,796.0809906298007,-676.4736855612948,210.86041259765625,364.0077209472656,903.8074340820312
1832,816.7853233933807,-638.8015591040814,166.15213012695312,358.2815856933594,906.4728393554688
1833,833.3440840437864,-644.2777196972286,160.7288360595703,359.149658203125,923.3388671875
1834,828.6591838718531,-621.1017517532712,143.86648559570312,354.7680358886719,908.08203125
1835,845.8772622844795,-627.0052078425623,137.77700805664062,356.0071716308594,925.1710815429688
1836,834.9825792393674,-612.727113666047,132.84710693359375,352.6412048339844,908.9903564453125
1837,852.5253094201585,-618.8551756495219,126.38214111328125,354.1753845214844,926.1852416992188
1838,832.6492394643776,-602.3297436373523,126.1469497680664,349.0552978515625,901.845703125
1839,835.8315481929786,-598.4158886436444,121.1449203491211,347.239013671875,902.4005737304688
1840,826.7670280935024,-596.3272182364474,125.57756805419922,346.45611572265625,894.3245849609375
1841,829.8115202818766,-592.4194276542452,120.91898345947266,344.24114990234375,894.896240234375
1842,835.802449401571,-584.8013049330834,112.15592193603516,339.2558898925781,896.1329956054688
1843,832.8313208962403,-588.5813634935917,116.44090270996094,341.83673095703125,895.50048828125
1844,842.173100424998,-590.8754928373608,111.58556365966797,343.09857177734375,903.6052856445312
1845,841.4969835804751,-604.7343417629279,122.17674255371094,349.8612365722656,910.0367431640625
1846,839.0108518736783,-594.6044673422199,116.28724670410156,345.2500305175781,902.9882202148438
1847,860.5677552861168,-596.5669953797241,102.790283203125,346.2003479003906,920.3106689453125
1848,863.9606263267893,-593.0653366645354,97.75767517089844,344.4402770996094,920.966064453125
1849,854.6658913539086,-589.9674784319928,102.23566436767578,342.548583984375,912.4866943359375
1850,856.3028735170675,-588.2134546095832,99.90227508544922,341.4601745605469,912.84228515625
1851,846.8625574806528,-585.4200530230893,104.85260772705078,339.564453125,904.5972900390625
1852,848.4458877615915,-583.6100239441599,102.7185287475586,338.20587158203125,905.0240478515625
1853,838.7714354933108,-581.0546022219404,108.09530639648438,336.3915100097656,896.8829956054688
1854,840.2742785155699,-579.1563059954976,106.17042541503906,334.7883605957031,897.3554077148438
1855,830.3306724312083,-576.8024221164753,111.9149398803711,333.14630126953125,889.2057495117188
1856,831.7255872540296,-574.7725978956025,110.20077514648438,331.3350524902344,889.693359375
1857,821.4832998287709,-572.7244427606398,116.24170684814453,329.9489440917969,881.4427490234375
1858,837.2797787726964,-582.9349747751147,110.09261322021484,337.8817138671875,896.4752197265625
1859,845.3036038312149,-587.2246674515973,107.05036926269531,340.795654296875,904.2476806640625
1860,851.3918646933876,-593.533110238583,107.0222396850586,344.5753173828125,911.8366088867188
1861,859.3118846469094,-611.071390279657,115.19841003417969,351.94256591796875,927.303466796875
1862,866.2567150746307,-603.6018083696064,104.27742004394531,349.3363037109375,928.5184936523438
1863,850.3587642568531,-607.6339255967398,118.51842498779297,350.83990478515625,918.4793701171875
1864,857.1526648068873,-600.1598169473444,107.93241119384766,347.8582763671875,919.6759033203125
1865,848.1023127639028,-597.1952959961384,111.94706726074219,346.4755554199219,911.2093505859375
1866,865.6684872292604,-591.3445824807367,95.29108428955078,343.4903564453125,921.325927734375
1867,857.9707361842484,-586.4652350487057,97.62987518310547,340.2353515625,913.28466796875
1868,850.0481909093478,-581.7869260412987,100.65548706054688,336.7230529785156,905.52685546875
1869,841.7846029443061,-577.2374501227814,104.32340240478516,333.078125,897.8892211914062
1870,824.0225906491187,-568.4032877963705,113.30776977539062,325.9193115234375,882.4208984375
1871,874.6567911447703,-582.85627314507,83.98014068603516,336.69720458984375,924.4849243164062
1872,864.8448933677496,-579.3883895581695,89.29480743408203,334.0685119628906,915.8704223632812
1873,872.8164342180564,-584.5624356246565,86.08299255371094,338.308349609375,923.6842041015625
1874,863.1057779629289,-581.1816949628278,91.25334930419922,335.787353515625,915.1094360351562
1875,870.9926100344402,-586.2576363754823,88.2715835571289,339.7996520996094,922.9638671875
1876,861.3776466350002,-582.955414544875,93.29906463623047,337.3921203613281,914.4224853515625
1877,869.1897315094426,-587.9484276213755,90.54020690917969,341.1650390625,922.3277587890625
1878,859.6642812662647,-584.7147489290471,95.42660522460938,338.8770446777344,913.8128662109375
1879,867.4131356419516,-589.6415865232468,92.88232421875,342.3976745605469,921.7802734375
1880,876.5110610537093,-581.1350164663853,81.96831512451172,334.97216796875,925.3624877929688
1881,866.587361379471,-577.5641840239971,87.42835998535156,332.24139404296875,916.7021484375
1882,854.9124486760774,-576.1841596832924,94.95083618164062,331.5917053222656,907.455078125
1883,853.2856030441422,-578.0775825830189,96.76638793945312,333.41009521484375,906.74560546875
1884,851.6629009581897,-579.9439401031474,98.6695556640625,335.1224060058594,906.1018676757812
1885,868.3498588361184,-575.7241695727831,85.64171600341797,330.3193664550781,917.6007690429688
1886,843.3028806836464,-575.278124717143,102.55927276611328,331.2665100097656,898.4814453125
1887,850.9070327661058,-565.0034912214063,94.94377899169922,320.9416198730469,902.2264404296875
1888,831.4526973696829,-555.0251468040766,106.07418060302734,312.5987243652344,885.9974975585938
1889,826.4960132257414,-563.9941391639263,110.69190979003906,321.6307373046875,883.5223388671875
1890,836.2116525159108,-546.0761295030909,102.2352066040039,303.344970703125,888.5460205078125
1891,853.9438226878899,-560.7789936914943,92.36791229248047,316.438232421875,903.978515625
1892,849.1929611826987,-518.9990109098587,95.53692626953125,274.566162109375,896.5198364257812
1893,862.5559933138045,-522.7379754359833,88.27278137207031,276.3309631347656,907.7398681640625
1894,866.5516276607127,-513.8569585086416,88.41210174560547,266.68768310546875,911.0349731445312
1895,840.7207549594425,-537.0969179445436,99.17363739013672,293.9166259765625,891.1422729492188
1896,865.386483878425,-544.0585960397165,84.5085220336914,297.9662780761719,911.1737060546875
1897,857.9833653581447,-531.5941887389737,89.5079345703125,286.0945129394531,904.4290161132812
1898,871.9110225547116,-571.9436419520923,82.3024673461914,326.2154541015625,919.5894165039062
1899,875.4808065376176,-568.109969950559,79.28018951416016,321.8960266113281,921.733154296875
1900,885.9603856305076,-572.2173104749061,73.16095733642578,325.02630615234375,930.7106323242188
1901,889.6605560697528,-568.6110238278056,70.20552062988281,320.7542724609375,933.05712890625
1902,859.7971013232395,-552.4153476575107,87.9422836303711,307.3092346191406,907.5247802734375
1903,882.3709617552674,-560.5049950882633,74.11276245117188,313.04986572265625,926.1434326171875
1904,893.2864943913727,-565.0180612449046,67.57331848144531,316.37860107421875,935.4725341796875
1905,878.382799243829,-579.3930102278003,80.03916931152344,333.1449279785156,926.3131103515625
1906,880.2686397016013,-577.6206499639146,78.1915512084961,331.2224426269531,927.333984375
1907,882.1738414211648,-575.8287642398348,76.4305419921875,329.2078552246094,928.4230346679688
1908,870.6783832839484,-535.6499359190545,82.10261535644531,288.4085388183594,914.9285888671875
1909,895.1836343540687,-545.0329853177253,67.60294342041016,294.39276123046875,935.5699462890625
1910,885.8482836916323,-535.987962816316,73.9793930053711,286.3195495605469,927.513916015625
1911,879.9594874792988,-518.2608352070873,81.55217742919922,269.0564270019531,922.6675415039062
1912,875.6672674998666,-527.0204864513132,81.00263977050781,278.64703369140625,918.8175659179688
1913,888.4012396484381,-531.7264521988651,73.81914520263672,281.45416259765625,929.7487182617188
1914,918.4447207318929,-555.6475952702501,54.106727600097656,301.5318908691406,956.089599609375
1915,910.0683101131978,-546.3400369718628,59.974796295166016,293.0086669921875,948.5436401367188
1916,898.1690950651247,-541.0005861689544,66.84432220458984,289.51751708984375,938.0555419921875
1917,905.7165954223306,-528.3228144043946,68.1848373413086,275.181640625,945.4470825195312
1918,900.8794227223476,-536.8416970588939,66.81463623046875,284.6642150878906,940.5556030273438
1919,912.9386652197537,-542.2551151978242,60.081478118896484,288.1694030761719,951.2894897460938
1920,911.5600860594915,-544.317148592306,59.902748107910156,290.5724182128906,949.9232788085938
1921,923.3256806816,-549.8740561812807,53.45314025878906,294.2498779296875,960.5482177734375
1922,921.7673402024682,-551.8501058797383,53.46323013305664,296.679443359375,959.05615234375
1923,933.1329371018371,-557.5303187638331,47.40234375,300.4208068847656,969.6768188476562
1924,888.9509694419095,-552.8339158058116,70.18476867675781,303.875,930.760986328125
1925,868.4291797492521,-614.9780475962099,112.24333953857422,353.12567138671875,936.6415405273438
1926,888.2762254338239,-595.4769984612961,82.02110290527344,345.79425048828125,940.5682983398438
1927,886.3718760221658,-597.1206701556199,84.62323760986328,346.78515625,940.0027465820312
1928,891.1947013171095,-599.2718767364115,82.85486602783203,347.83984375,944.9102172851562
1929,884.5096723364519,-598.798000835641,87.28466033935547,347.6329040527344,939.5374755859375
1930,887.466795226047,-602.6828374367884,88.33824157714844,349.282470703125,944.0813598632812
1931,896.1984534642482,-589.1059330701116,72.3403549194336,340.53759765625,943.7380981445312
1932,901.1530753159713,-591.3089703492127,70.2529525756836,341.8868408203125,948.6420288085938
1933,882.6951322781574,-600.5173708998797,89.9960708618164,348.3350830078125,939.173828125
1934,875.5500125570993,-607.6085565880844,101.01641082763672,350.8534851074219,937.8703002929688
1935,877.8377656747132,-619.5004723687989,109.67998504638672,354.3562316894531,946.6162719726562
1936,892.1864123286085,-592.2636998216706,77.02274322509766,343.4119567871094,941.9801635742188
1937,890.2162760406046,-593.8602024527521,79.48538208007812,344.66754150390625,941.22900390625
1938,895.088800434404,-596.0123900806784,77.59700012207031,345.8359375,946.1356201171875
1939,893.1236768830327,-597.6257027526962,80.1939468383789,346.90509033203125,945.4754028320312
1940,898.0318008673388,-599.8971384896819,78.5020751953125,347.98077392578125,950.550048828125
1941,896.086238697819,-601.5484215384246,81.21847534179688,348.8619079589844,949.9873046875
1942,901.0506231591014,-603.9654845587589,79.72067260742188,349.8455505371094,955.246337890625
1943,892.3318555006452,-604.9832317056621,86.80502319335938,350.2054748535156,949.1602172851562
1944,902.2912934205727,-610.0398133678888,84.1356430053711,351.9593505859375,959.87939453125
1945,915.2104760781674,-605.969674277586,71.50171661376953,350.084228515625,967.51708984375
1946,912.1105437099519,-601.6607301504388,70.09180450439453,348.0738220214844,962.6131591796875
1947,910.0683146563669,-603.2510912113386,72.79176330566406,349.09722900390625,961.8882446289062
1948,907.0379948913193,-599.1112876420606,71.59720611572266,346.9765319824219,957.1918334960938
1949,905.0058778906756,-600.693390731826,74.24267578125,348.0567321777344,956.4542846679688
1950,902.0323717621483,-596.7042082896428,73.2594223022461,345.829833984375,951.9527587890625
1951,900.0158101833573,-598.2853965569558,75.8469009399414,346.9679260253906,951.2066650390625
1952,897.085145428711,-594.4262429583313,75.07059478759766,344.63934326171875,946.8861083984375
1953,894.1819678573056,-590.6810618901409,74.6391830444336,342.03338623046875,942.8178100585938
1954,899.1079688233057,-592.860392214652,72.6207046508789,343.32110595703125,947.7228393554688
1955,904.0769374204464,-595.1490559797446,70.74549102783203,344.57232666015625,952.7840576171875
1956,909.0989927642358,-597.5593061147702,69.0218734741211,345.7799987792969,958.0130004882812
1957,923.2655613700102,-622.235148811026,80.54646301269531,354.9168701171875,983.6890869140625
1958,916.4324524437089,-612.2232972906901,76.12559509277344,352.5065002441406,972.1974487304688
1959,912.6146600834804,-615.7748133277149,82.03407287597656,353.55133056640625,971.3970947265625
1960,911.2222304815831,-609.2971877814797,77.1675796508789,351.67852783203125,966.3497924804688
1961,906.090890712319,-606.5494837141493,78.3681411743164,350.785888671875,960.6975708007812
1962,887.5931270394727,-624.694982911806,107.53508758544922,355.6147766113281,957.3319091796875
1963,897.8527016998172,-630.5305360968788,105.83523559570312,356.87493896484375,968.8583374023438
1964,924.5486680655963,-605.6481038366396,64.84331512451172,349.07586669921875,974.7792358398438
1965,929.8235515000637,-608.6595420867577,63.80876541137695,350.03546142578125,980.7218627929688
1966,919.3334058969448,-602.7991302403817,66.06253814697266,348.042236328125,969.0101928710938
1967,914.1823375810089,-600.1045113308246,67.45812225341797,346.9383239746094,963.419189453125
1968,934.1734212066136,-629.5605788938994,79.71916198730469,356.0743103027344,996.7393188476562
1969,941.9340814686283,-622.347315969406,67.7266845703125,353.9573059082031,998.4421997070312
1970,936.4737474101552,-618.6436501652853,68.09994506835938,353.31982421875,991.8901977539062
1971,940.5244829709368,-615.2483220688704,62.326839447021484,351.7438049316406,993.1279296875
1972,935.1518396331629,-611.8530323905707,62.96718215942383,350.9238586425781,986.838134765625
1973,908.4828718430928,-637.0097178060375,104.6070327758789,358.07232666015625,981.1658935546875
1974,960.7917485936647,-623.2334052741264,55.86396026611328,352.4607849121094,1014.0845947265625
1975,950.0451506038304,-615.4862569110918,56.210880279541016,350.7994079589844,1000.9173583984375
1976,944.6691226492793,-611.9691125417219,56.72909164428711,349.8844299316406,994.5740966796875
1977,939.323374545776,-608.6615596809689,57.46520233154297,348.9091491699219,988.3911743164062
1978,921.4338633461721,-601.2621993823167,63.441001892089844,346.8658142089844,969.8698120117188
1979,916.2784985678808,-598.5766885009982,64.89606475830078,345.6959533691406,964.3025512695312
1980,911.1845709650142,-596.0325511669688,66.52214813232422,344.4724426269531,958.9141845703125
1981,906.1453100862838,-593.6143320824422,68.3106689453125,343.20074462890625,953.6970825195312
1982,897.3248069119713,-582.1207420711193,68.3940200805664,333.8662109375,942.1799926757812
1983,892.2951565058193,-579.9725452421711,70.95748901367188,332.30657958984375,937.5067138671875
1984,895.2929147963235,-583.7639185320706,70.36127471923828,335.7312316894531,941.037353515625
1985,890.2969217272276,-581.6561188996976,72.85517120361328,334.22552490234375,936.3758544921875
1986,893.2721849810653,-585.3861169670973,72.41988372802734,337.49761962890625,939.9674072265625
1987,888.3146907081892,-583.3199765462055,74.84312438964844,336.0472717285156,935.3167724609375
1988,891.2693062837676,-586.9960251515531,74.56422424316406,339.1615905761719,938.9728393554688
1989,886.351790739719,-584.9699905265957,76.91595458984375,337.76824951171875,934.3319702148438
1990,889.2864428985946,-588.6004516034529,76.79267883300781,340.71734619140625,938.0565185546875
1991,884.4077523509147,-586.6086413621744,79.07286071777344,339.3823547363281,933.4241943359375
1992,887.323063368272,-590.2055178333586,79.10800170898438,342.1555480957031,937.2222900390625
1993,882.4810781430598,-588.2415596831397,81.31840515136719,340.87939453125,932.5973510742188
1994,885.383371897141,-591.8176247604504,81.50458526611328,343.470458984375,936.473876953125
1995,880.576160664327,-589.8755508682812,83.64701843261719,342.2535095214844,931.855224609375
1996,883.4722027764045,-593.4437086634317,83.9764175415039,344.6559753417969,935.8154296875
1997,878.6974456429468,-591.5174197882844,86.05276489257812,343.49859619140625,931.2017211914062
1998,881.5952028637442,-595.0907687680939,86.51683807373047,345.70501708984375,935.2516479492188
1999,876.8505211343349,-593.1744276806992,88.52900695800781,344.607666015625,930.6415405273438
2000,879.7587145806633,-596.7667385416381,89.11869812011719,346.6105041503906,934.787353515625
2001,875.0414152176769,-594.8544299180243,91.06861877441406,345.57342529296875,930.1795043945312
2002,877.9680525555884,-598.4782483614428,91.7727279663086,347.3696594238281,934.424072265625
2003,873.2753101229142,-596.5653209945517,93.66239929199219,346.3932189941406,929.8169555664062
2004,902.3593915278735,-584.370406633282,65.95843505859375,335.4179992675781,946.9600830078125
2005,905.304002522296,-588.2261183685705,65.76824188232422,338.6980895996094,950.7134399414062
2006,907.4044944169613,-586.6836624241549,63.660186767578125,336.952392578125,951.8601684570312
2007,911.5977825229625,-583.5935719492434,59.72005844116211,333.24884033203125,954.3080444335938
2008,916.7109821808328,-586.0516534124644,57.42768478393555,334.875732421875,959.3316040039062
2009,925.0728811812759,-579.9936146383327,50.424644470214844,327.0220947265625,964.7045288085938
2010,929.1602640777545,-576.8714055323258,47.580360412597656,322.77154541015625,967.6238403320312
2011,914.5755914079078,-574.8421023490491,55.64830017089844,323.4545593261719,954.6546630859375
2012,918.496465583194,-571.5909287920211,52.998653411865234,319.1219787597656,957.4644775390625
2013,903.9991889674558,-569.846943510818,61.391536712646484,319.8790283203125,944.9414672851562
2014,907.7824253910019,-566.433514862348,58.9273681640625,315.46856689453125,947.6055908203125
2015,920.9170580610752,-583.0384882769358,53.722042083740234,331.0606384277344,961.9375610351562
2016,915.7418469090268,-580.5088500209207,56.14623260498047,329.345458984375,956.8992919921875
2017,910.5654408383074,-578.036540938876,58.71284866333008,327.61676025390625,951.9656982421875
2018,927.8356666061352,-596.792139437339,56.02821731567383,342.7653503417969,972.863525390625
2019,924.8279267950371,-592.6472033134411,55.45315933227539,339.7489929199219,968.5471801757812
2020,922.6747521541389,-594.1115075761177,57.68328857421875,341.3729248046875,967.3861694335938
2021,919.6973626082213,-590.0582888727329,57.35547637939453,338.24053955078125,963.2483520507812
2022,917.5542853748516,-591.5436628310612,59.5131950378418,339.9363708496094,962.0642700195312
2023,912.4663973680524,-589.0727706455914,61.50863265991211,338.4609375,956.8915405273438
2024,921.8367878238382,-588.5819968181833,55.28984069824219,336.4773254394531,964.4812622070312
2025,908.2349978221731,-592.0938364696775,65.95669555664062,341.72198486328125,954.6878051757812
2026,910.3431744940699,-590.5818340451308,63.68748474121094,340.1408996582031,955.7534790039062
2027,913.2913201456112,-594.5248095461519,64.10101318359375,343.0598449707031,959.8916015625
2028,915.4158292199982,-593.0304905477101,61.76287841796875,341.5466613769531,960.9424438476562
2029,918.3953743319772,-597.0721231513617,62.409610748291016,344.3515319824219,965.2600708007812
2030,920.5288017682414,-595.5854245284331,60.00356674194336,342.909423828125,966.2887573242188
2031,923.5535538920893,-599.7508012415326,60.89140701293945,345.5918884277344,970.8002319335938
2032,925.6890170028471,-598.2625815411698,58.41876220703125,344.2239685058594,971.7990112304688
2033,936.4717922181069,-590.9813319630156,47.40334701538086,336.06109619140625,977.7543334960938
2034,934.3119700544015,-592.4331796194592,49.407012939453125,337.8624572753906,976.4404907226562
2035,939.5071993927766,-595.2142501262848,47.719886779785156,339.4078674316406,981.9659423828125
2036,930.3067656515829,-582.6263810562158,48.03298568725586,328.7823486328125,969.8779907226562
2037,934.4529222268835,-579.5602580180899,45.08846664428711,324.5739440917969,972.8369140625
2038,937.0556915212048,-570.3155968533006,43.4676399230957,313.71905517578125,973.8619995117188
2039,929.6557819640313,-561.2589737449204,47.95610809326172,305.2635498046875,966.5077514648438
2040,964.5159518134441,-576.3801811370873,32.77657699584961,313.67047119140625,1000.9526977539062
2041,953.621772511173,-570.7312486486138,37.03705978393555,310.1876220703125,989.7566528320312
2042,955.4354282060685,-568.893256028385,37.003841400146484,307.76434326171875,991.4976806640625
2043,944.3698990741987,-563.2007743860734,41.88493728637695,304.13934326171875,980.4761352539062
2044,946.0632129989687,-561.2917813961328,42.02019119262695,301.7212219238281,982.1484985351562
2045,934.7613945148239,-555.5869802462868,47.461063385009766,297.9975891113281,971.2671508789062
2046,936.2839582225529,-553.5864147848586,47.79914093017578,295.60791015625,972.839111328125
2047,924.780766654995,-547.85057242965,53.712093353271484,291.8543395996094,962.0240478515625
2048,930.2229126064811,-539.5020552636622,55.842796325683594,282.46270751953125,967.81005859375
2049,966.3639552475032,-574.5367394652951,32.851688385009766,311.2493896484375,1002.73681640625
2050,968.1557385906915,-572.6311022170958,33.166351318359375,308.8370056152344,1004.5137939453125
2051,957.1810660339696,-566.9923353808865,37.224117279052734,305.3497009277344,993.2332153320312
2052,958.8474636478537,-565.0239282354694,37.713768005371094,302.9644470214844,994.9483032226562
2053,947.6656442530389,-559.3200309776942,42.4354248046875,299.3351135253906,983.8009643554688
2054,953.7427660116115,-551.1110811477404,45.1939582824707,289.98345947265625,990.2791748046875
2055,953.2664187870894,-578.7548550828344,36.1395378112793,319.12640380859375,990.0992431640625
2056,958.6418375561485,-581.56685389365,34.042423248291016,320.8616638183594,995.6539306640625
2057,960.6463931529255,-579.8907050920064,33.38703536987305,318.4922790527344,997.3998413085938
2058,936.1362749857503,-604.0050172554319,55.80934143066406,346.6626892089844,983.2818603515625
2059,933.0316220560863,-599.5850988716297,54.557430267333984,344.1000061035156,978.4876098632812
2060,929.9904159655107,-595.3340742919148,53.725379943847656,341.2178649902344,973.9927368164062
2061,926.9811390683356,-591.1882460383952,53.31618881225586,338.04791259765625,969.7642822265625
2062,954.5217348405357,-584.7829273421366,35.965293884277344,325.4597473144531,992.2646484375
2063,963.9771768380663,-584.3972318044183,32.13599395751953,322.5614929199219,1001.2675170898438
2064,967.2173994867171,-588.8700538523108,31.31576919555664,326.5618591308594,1005.2026977539062
2065,970.3971818677066,-593.3677606265773,30.957565307617188,330.4775085449219,1009.2380981445312
2066,935.5379299511529,-585.3124266154609,45.80158233642578,330.5189514160156,975.1586303710938
2067,945.024331086703,-585.0624134505472,40.5905647277832,328.1046447753906,983.5547485351562
2068,952.4204373922767,-586.3371908702919,37.20240783691406,327.6722717285156,990.6331787109375
2069,957.6995076003718,-589.1705186094343,35.36387252807617,329.3645935058594,996.2124633789062
2070,962.9718533571939,-592.0413267077374,33.7248420715332,331.0273132324219,1001.867919921875
2071,968.2439852452694,-594.958045119866,32.2957763671875,332.6661376953125,1007.60009765625
2072,973.5138960675757,-597.9336611287317,31.087047576904297,334.2867126464844,1013.41015625
2073,935.1799166914212,-598.1199759400613,52.181610107421875,342.63409423828125,979.5755615234375
2074,938.2594241134951,-602.4982773194087,53.28025817871094,345.3747863769531,984.2534790039062
2075,940.3951871218105,-601.0150471611809,50.83139419555664,343.9960632324219,985.2909545898438
2076,943.5212040090237,-605.5531864203261,52.20611572265625,346.5931091308594,990.1616821289062
2077,945.6375105809896,-604.0382195153884,49.68423843383789,345.3075256347656,991.1390991210938
2078,948.8150470970882,-608.771277810425,51.34438705444336,347.75848388671875,996.2122802734375
2079,950.9056336119504,-607.2086768544314,48.74973678588867,346.5724182128906,997.1202392578125
2080,954.1324398776267,-612.1721380203034,50.7044677734375,348.8746337890625,1002.4057006835938
2081,956.19441810753,-610.5472210680895,48.03742218017578,347.7945251464844,1003.23486328125
2082,959.4578684191545,-615.7863728845739,50.29579544067383,349.9449768066406,1008.7420654296875
2083,961.491484226457,-614.0765118394215,47.55683135986328,348.9776306152344,1009.4830932617188
2084,964.7807746814896,-619.6164628158676,50.12770080566406,350.9730224609375,1015.2215576171875
2085,966.7853691401244,-617.8253311340657,47.3175048828125,350.1257019042969,1015.8649291992188
2086,932.1502742829371,-593.8823990790095,51.51638412475586,339.58245849609375,975.185791015625
2087,937.3400762889545,-596.6648363389673,49.90008544921875,341.06866455078125,980.7360229492188
2088,942.5492503846536,-599.544659831873,48.476951599121094,342.50518798828125,986.4100341796875
2089,947.7794510872988,-602.5395210626493,47.25663757324219,343.89630126953125,992.2080688476562
2090,953.0306150303288,-605.6673400232155,46.24885559082031,345.2459411621094,998.1304321289062
2091,958.2996289471434,-608.9478671115451,45.463260650634766,346.5585021972656,1004.177490234375
2092,963.5785440576115,-612.4036770446941,44.9095344543457,347.8379211425781,1010.3494262695312
2093,968.8547893884087,-616.0709984912705,44.59737014770508,349.08831787109375,1016.6464233398438
2094,970.0141029055317,-623.7869020223883,50.209598541259766,351.96234130859375,1021.844482421875
2095,972.0076101282746,-621.8545288543024,47.32891082763672,351.2425537109375,1022.3807373046875
2096,974.0704349815014,-619.9677045896176,44.536354064941406,350.3138122558594,1023.06884765625
2097,976.1973523930762,-618.1298257606089,41.85171127319336,349.1900939941406,1023.8985595703125
2098,944.7158663011708,-598.0816580896545,46.22538757324219,340.907470703125,987.6069946289062
2099,949.9402209791039,-601.0516291976385,44.93328857421875,342.3658142089844,993.3638916015625
2100,955.1814218324114,-604.1410467725003,43.8533935546875,343.787109375,999.237060546875
2101,960.4384534201333,-607.3688055712539,42.995506286621094,345.1758117675781,1005.2269287109375
2102,965.7064841008178,-610.7571635547756,42.3693962097168,346.53631591796875,1011.3336181640625
2103,970.9712650619457,-614.3339779459037,41.9848747253418,347.8728942871094,1017.557373046875
2104,978.3686454176199,-616.3146552021357,39.290382385253906,347.88702392578125,1024.858642578125
2105,941.6766497189592,-593.7632760393219,45.648048400878906,337.65618896484375,983.2620239257812
2106,946.8894972979264,-596.6208560977929,44.08469009399414,339.2086486816406,988.8776245117188
2107,952.1133337759624,-599.5689516146145,42.72316360473633,340.7231140136719,994.6015014648438
2108,957.3503449395057,-602.6235704220364,41.57345199584961,342.20416259765625,1000.4340209960938
2109,962.6015578242022,-605.8028480927137,40.645389556884766,343.656494140625,1006.3757934570312
2110,967.8651657765922,-609.1261639857308,39.94892883300781,345.0846252441406,1012.427001953125
2111,973.1294990937996,-612.619807802722,39.493961334228516,346.4932861328125,1018.5877685546875
2112,980.5748159186244,-614.5037474903925,36.867149353027344,346.4188232421875,1025.9388427734375
2113,938.6263743809983,-589.5225531770355,45.51197052001953,334.1816711425781,979.1249389648438
2114,943.8442145190822,-592.3072314302923,43.691898345947266,335.8179016113281,984.62109375
2115,949.0651067885232,-595.157116223449,42.06304931640625,337.4139404296875,990.218017578125
2116,954.2927620943063,-598.0860849507134,40.635498046875,338.9746398925781,995.9161376953125
2117,959.530293739738,-601.1090115734514,39.419193267822266,340.50494384765625,1001.7156982421875
2118,964.7805168523699,-604.2429894190277,38.42420959472656,342.0096740722656,1007.6174926757812
2119,970.0453747583999,-607.5041102206809,37.66053009033203,343.49371337890625,1013.6217041015625
2120,975.3157416660205,-610.915210080586,37.13819122314453,344.9617919921875,1019.7285766601562
2121,982.8057931563768,-612.7016642148762,34.5978889465332,344.7961120605469,1027.13134765625
2122,985.0511066145953,-610.8817273928951,32.49908447265625,343.0282897949219,1028.4293212890625
2123,979.733742125367,-607.4997762874939,32.89112091064453,341.4797058105469,1022.3151245117188
2124,977.5211117827098,-609.2132038337136,34.932159423828125,343.2877502441406,1020.97314453125
2125,974.4398840742745,-604.2561465629411,33.534332275390625,339.9259948730469,1016.291748046875
2126,972.2392150288878,-605.8832769081818,35.517662048339844,341.7716979980469,1014.9117431640625
2127,969.1577127586238,-601.1156311645735,34.41852951049805,338.36175537109375,1010.3585815429688
2128,966.9681195823109,-602.6828220854,36.344268798828125,340.24261474609375,1008.9467163085938
2129,963.8990176367339,-598.064334801054,35.53355026245117,336.7818603515625,1004.51513671875
2130,961.7149936888957,-599.5913792879113,37.401939392089844,338.6956787109375,1003.0774536132812
2131,958.649718892291,-595.0975689883932,36.86911392211914,335.1810302734375,998.7610473632812
2132,956.473200888834,-596.5975003527724,38.68051528930664,337.1256103515625,997.3038940429688
2133,953.4045413682827,-592.2006460343574,38.415061950683594,333.5540466308594,993.0953369140625
2134,951.2382354099133,-593.6855615425967,40.16988754272461,335.52764892578125,991.625
2135,948.1585047568989,-589.3611418544551,40.16114044189453,331.8954772949219,987.5177612304688
2136,946.0059726965304,-590.8409846886392,41.859928131103516,333.8963928222656,986.0406494140625
2137,940.7723077091797,-588.0528668223494,43.74053955078125,332.22698974609375,980.5501098632812
2138,950.297728182635,-587.8609014822837,38.605186462402344,329.8191833496094,989.0496215820312
2139,955.5597356524831,-590.6974406986169,36.809242248535156,331.4979553222656,994.6256713867188
2140,960.8174550892685,-593.5807067635538,35.2130126953125,333.1463317871094,1000.28369140625
2141,966.0768683982806,-596.521970682931,33.826839447021484,334.76995849609375,1006.024169921875
2142,971.3423798267049,-599.53504684996,32.66102600097656,336.3741149902344,1011.8480834960938
2143,976.641954406106,-602.6154939643939,31.725889205932617,337.96441650390625,1017.755859375
2144,987.6714553375538,-567.8952245899246,33.8598518371582,300.380615234375,1024.7093505859375
2145,980.7733853516,-576.1637839928079,30.567121505737305,309.7969970703125,1017.7032470703125
2146,977.1599401446691,-580.0846319006013,29.5211124420166,314.5931396484375,1014.130615234375
2147,987.9031961240674,-585.5364817360312,27.104808807373047,317.8472595214844,1025.684326171875
2148,986.0069308303301,-587.470898435961,26.746667861938477,320.2575988769531,1023.8847045898438
2149,975.2858954099227,-581.9575720071969,29.316242218017578,317.0104675292969,1012.3270874023438
2150,984.0423561895602,-589.3421190735444,26.726299285888672,322.6917724609375,1022.0680541992188
2151,982.0162672451409,-591.1524836634901,27.043710708618164,325.11883544921875,1020.25732421875
2152,979.9409660548596,-592.9085374036877,27.66809844970703,327.5101013183594,1018.4729614257812
2153,969.3020844925048,-587.2171908619358,30.430952072143555,324.2320861816406,1006.941162109375
2154,977.8291728406675,-594.6189131895877,28.567726135253906,329.8443603515625,1016.7301635742188
2155,994.8481543895855,-594.8334617550993,25.00553321838379,325.90350341796875,1033.834716796875
2156,996.8370412456437,-592.8499395866444,25.15843391418457,323.4648132324219,1035.6368408203125
2157,966.1266990417697,-534.6267495993918,50.93105697631836,271.2748718261719,1003.2193603515625
2158,989.9745996444077,-545.8281985655111,43.27029037475586,278.312255859375,1026.9896240234375
2159,1001.460043657988,-550.996547999181,40.384029388427734,281.56890869140625,1038.720458984375
2160,975.6821051132497,-596.291353003209,29.71563148498535,332.1072692871094,1015.03955078125
2161,896.7151074190596,-482.795827512977,87.98700714111328,230.56356811523438,937.9385986328125
2162,888.385288230589,-500.60677852619193,83.92903137207031,249.77792358398438,930.334228515625
2163,915.5710887786755,-511.2132153216326,71.82585906982422,256.1446838378906,955.1953735351562
2164,887.1274825430334,-407.7959824063184,127.60063934326172,163.0348358154297,927.536865234375
2165,889.5120675562496,-398.0415629119019,134.0850067138672,155.09767150878906,929.7115478515625
2166,851.86496856824,-388.89198652534515,144.67909240722656,153.3759765625,893.5189819335938
2167,891.7394681443213,-388.0214642900636,141.4072723388672,147.5994415283203,931.7807006835938
2168,876.600883117639,-354.6069189217095,169.87156677246094,128.22018432617188,916.6898193359375
2169,875.4820963543566,-363.96845046467024,161.80487060546875,133.55491638183594,915.7702026367188
2170,886.2259328351327,-357.0047449677243,167.92808532714844,129.40325927734375,926.137939453125
2171,885.207144215496,-366.22763469609106,159.7215118408203,134.3574981689453,925.2744750976562
2172,877.6564380223438,-345.21863424657636,178.27398681640625,123.35021209716797,917.5007934570312
2173,896.7497532897524,-350.3103351916347,174.5864715576172,126.64684295654297,936.2727661132812
2174,895.8960197631125,-359.4879241566083,165.92604064941406,130.7677459716797,935.6112670898438
2175,914.4086374731347,-373.81980712847854,153.08016967773438,137.8548583984375,953.855712890625
2176,915.1952282562755,-364.79935610749516,161.7880859375,134.05397033691406,954.5111083984375
2177,904.7068054094261,-371.1476324432612,155.34701538085938,136.5037078857422,944.347900390625
2178,912.0833296488792,-388.2842420221967,140.17112731933594,145.9609375,951.6179809570312
2179,922.6610556964233,-386.13397767451033,141.89471435546875,144.173095703125,961.986572265625
2180,913.0444402630353,-383.32213222327005,144.42576599121094,142.90316772460938,952.5504760742188
2181,941.4146401065743,-522.8087576071405,60.63832473754883,263.64141845703125,979.354736328125
2182,925.5265132772963,-493.9350493400401,76.624267578125,237.14437866210938,964.8909912109375
2183,952.8866124899205,-505.9693942536702,66.0829086303711,244.8378143310547,990.8657836914062
2184,927.0713146724377,-409.4469899188527,122.42278289794922,159.26869201660156,966.1781005859375
2185,945.2972757572146,-415.83112531343454,116.47455596923828,162.22775268554688,984.0398559570312
2186,948.4368558481818,-405.52734111301737,124.85646057128906,154.9315185546875,987.267333984375
2187,923.8572730704865,-419.2605002377943,115.60372161865234,167.28111267089844,963.05224609375
2188,959.2204150621271,-432.22453686131894,103.43799591064453,173.5960693359375,997.4752197265625
2189,961.2115626727057,-427.4165396753369,106.81405639648438,169.54373168945312,999.5187377929688
2190,992.3982324196835,-445.6223187608242,91.94380187988281,181.04054260253906,1030.0709228515625
2191,970.7754486219374,-387.2689984187266,144.11126708984375,148.67794799804688,1008.99365234375
2192,961.80353159682,-384.12951739913416,146.30885314941406,146.1530303955078,1000.2297973632812
2193,970.3668280104849,-391.9677187542676,139.12672424316406,149.63328552246094,1008.8323364257812
2194,961.4004158059375,-388.7765100433091,141.4338836669922,147.2816619873047,1000.0239868164062
2195,970.0902506356705,-394.3632729519385,136.6175994873047,150.28970336914062,1008.6386108398438
2196,986.7396145380394,-405.83676544833287,126.76225280761719,156.58273315429688,1025.1644287109375
2197,986.2738393101679,-408.3720703696575,124.14798736572266,157.4932098388672,1024.73779296875
2198,969.3678784837314,-399.25076904694754,131.59219360351562,151.98037719726562,1008.0120849609375
2199,968.9143287111885,-401.7514795959233,129.08856201171875,153.0217742919922,1007.5751953125
2200,949.7862682533374,-400.31829979027646,129.4615936279297,151.72528076171875,988.6505737304688
2201,929.9361092118827,-399.19538243032565,130.4593505859375,151.8450469970703,969.0584106445312
2202,910.9380516923103,-393.38303834208506,136.01449584960938,149.3867645263672,950.5000610351562
2203,969.7587460512428,-396.7897212071983,134.10414123535156,151.0708770751953,1008.3659057617188
2204,960.7967744013927,-393.5621327476463,136.52540588378906,148.8721923828125,999.5322265625
2205,951.6809789881173,-390.35729354763254,138.97093200683594,146.81134033203125,990.5365600585938
2206,987.1414187010945,-403.33185572201,129.3857879638672,155.8125457763672,1025.4993896484375
2207,988.5162075411395,-388.8269205768119,144.9801483154297,153.8209228515625,1025.78662109375
2208,979.5732414701018,-390.4573688366976,141.94862365722656,151.3194122314453,1017.5771484375
2209,988.2031670045925,-393.58683625378694,139.8321075439453,154.0576171875,1025.9700927734375
2210,979.1531924492409,-395.20620248094144,136.85507202148438,152.10501098632812,1017.4623413085938
2211,987.7710033137828,-398.4085092142325,134.63101196289062,154.6780242919922,1025.9033203125
2212,987.4841409543011,-400.85627793540067,132.0109405517578,155.17892456054688,1025.744873046875
2213,1005.2579749819298,-394.86138466233484,141.13003540039062,159.83522033691406,1041.8529052734375
2214,996.6436645426231,-396.730975804484,137.77296447753906,156.87266540527344,1034.164794921875
2215,1004.8999281944808,-399.7855159827339,135.78244018554688,159.744384765625,1042.1536865234375
2216,996.1928830344215,-401.6156811609501,132.46658325195312,157.3330078125,1034.1475830078125
2217,1004.4330091106812,-404.7494111449631,130.37387084960938,160.0504150390625,1042.1871337890625
2218,1004.1332321383602,-407.2572000612544,127.6488037109375,160.40101623535156,1042.0703125
2219,963.32762716179,-360.7881598442441,171.10366821289062,142.52850341796875,1000.1100463867188
2220,952.946782334793,-376.4976966836198,153.26889038085938,142.78819274902344,991.3495483398438
2221,952.6735550898526,-381.01307091739204,148.53013610839844,143.76271057128906,991.2979125976562
2222,952.2729476690383,-385.615137770244,143.7644805908203,145.0675811767578,991.0499267578125
2223,942.4007695125525,-387.24600309047554,141.42788696289062,144.90347290039062,981.3946533203125
2224,874.1096430251685,-373.5344488942684,153.99771118164062,139.62257385253906,914.5890502929688
2225,894.9667579497421,-368.603226537429,157.56483459472656,135.33877563476562,934.8108520507812
2226,905.5606263963598,-362.09196132063516,163.87588500976562,132.3174285888672,945.0789184570312
2227,906.3465752350844,-352.9697177819931,172.68374633789062,128.57699584960938,945.6553955078125
2228,897.6457854818382,-340.95324566391446,183.5792694091797,122.85843658447266,936.8545532226562
2229,907.1687238942017,-343.64720807997094,181.81643676757812,125.12957000732422,946.1564331054688
2230,898.5528261554241,-331.47150277265126,192.8650665283203,119.44844818115234,937.34033203125
2231,908.908819475355,-324.5936544229546,200.9013671875,119.29619598388672,946.87939453125
2232,904.0365527082336,-282.8915109513885,242.31106567382812,108.36846923828125,938.551513671875
2233,901.6177955852733,-302.47162524024435,222.1253662109375,111.79126739501953,938.2456665039062
2234,910.976360907019,-305.12219142056915,220.84996032714844,115.07929229736328,947.2579345703125
2235,900.5154833742946,-312.21259053908744,212.17166137695312,113.89156341552734,938.0304565429688
2236,899.5028079979314,-321.8803027350523,202.407470703125,116.45024108886719,937.7307739257812
2237,878.6913984521539,-335.74367137252545,187.01568603515625,118.89798736572266,918.2268676757812
2238,879.7280932469241,-326.19708965003383,196.05953979492188,114.89901733398438,918.8571166992188
2239,880.7888782609551,-316.593432340131,205.36949157714844,111.38015747070312,919.3907470703125
2240,881.8945326596363,-306.94576724081094,214.91015625,108.36479949951172,919.8291625976562
2241,883.0683634299646,-297.26212846427603,224.6471405029297,105.86932373046875,920.17529296875
2242,885.5800808270183,-277.84687516032085,244.40863037109375,101.78714752197266,920.7161865234375
2243,888.3115649034758,-258.39836996925123,264.3609313964844,98.41658020019531,921.14794921875
2244,880.2507193468907,-196.17333916636682,325.4187316894531,85.83528900146484,904.7473754882812
2245,894.4767203455898,-219.48106127870372,304.6981506347656,93.8737564086914,921.6915283203125
2246,912.8260176389693,-223.77931094099702,303.8597412109375,101.65938568115234,939.0421752929688
2247,931.5507393718767,-228.1412759157715,303.0215759277344,110.42831420898438,956.3320922851562
2248,906.7073928844518,-263.21750253547265,262.6834411621094,105.5243911743164,938.7835693359375
2249,925.3725058622495,-268.133050219018,260.9983215332031,113.5611343383789,956.3338012695312
2250,853.4011409556532,-379.2444328711672,151.24594116210938,145.9818572998047,894.7427978515625
2251,872.4356185092973,-383.3289111949524,146.52279663085938,146.47914123535156,913.1173706054688
2252,893.6139573722814,-378.1022071208925,149.34934997558594,140.90692138671875,933.5548706054688
2253,916.6691953871992,-346.4196251559939,180.0342254638672,127.59346771240234,955.4116821289062
2254,918.336441461927,-327.3448709348365,199.38644409179688,122.34479522705078,955.9757690429688
2255,920.3532342578898,-307.8112699174002,219.571044921875,118.57805633544922,956.2169189453125
2256,955.7401387687992,-338.481562465305,193.35630798339844,136.36692810058594,991.3346557617188
2257,946.473090136752,-335.7123857635753,194.84762573242188,132.61585998535156,982.693115234375
2258,944.9273455674648,-354.9771879271096,174.6488494873047,136.07977294921875,982.634521484375
2259,935.5753956629663,-352.0939466130029,176.44268798828125,133.078125,973.6748657226562
2260,934.2820632287007,-370.50256754061377,157.541259765625,138.07778930664062,973.1575927734375
2261,924.7801726850889,-367.61092117900785,159.67306518554688,135.9756317138672,963.8795166015625
2262,933.9884612111657,-374.9627297056216,152.99891662597656,139.44775390625,972.9953002929688
2263,957.7058617352606,-318.55491799319276,214.51280212402344,134.43724060058594,991.0182495117188
2264,937.1369309589878,-332.91598569615473,196.3536834716797,129.0171356201172,973.9061279296875
2265,926.149174351745,-349.23831751394795,178.24038696289062,130.2455596923828,964.5929565429688
2266,1006.8179935062363,-374.8390757986065,162.84854125976562,160.25123596191406,1040.638671875
2267,1011.0471485142687,-333.52905516283215,207.60382080078125,161.3607177734375,1038.3203125
2268,991.6863050867353,-349.3016732411992,187.65554809570312,152.42860412597656,1024.176513671875
2269,993.8608020074482,-328.7623904310923,209.767333984375,152.27261352539062,1023.3053588867188
2270,976.0146594594238,-323.764348854137,212.0825958251953,143.21414184570312,1007.5247802734375
2271,981.3754954429423,-282.6092847607317,256.1181945800781,142.08013916015625,1006.4325561523438
2272,927.7524160582285,-330.13108370257675,197.8685760498047,125.58868408203125,964.992919921875
2273,988.1802381678264,-241.06624072056405,300.6114196777344,141.3038787841797,1005.7385864257812
2274,969.4156623098539,-236.86130417087406,301.38714599609375,130.44595336914062,989.8471069335938
2275,950.4864555794943,-232.528255739456,302.1939392089844,120.07817840576172,973.3314208984375
2276,878.9921868423902,-436.0252068490705,112.500732421875,188.67776489257812,920.4634399414062
2277,912.8639191715437,-446.73002094028567,101.04237365722656,193.28094482421875,952.7521362304688
2278,916.6867825914463,-437.67442430636305,105.2841567993164,184.35618591308594,956.306640625
2279,945.3085056808211,-458.98821563760464,89.62809753417969,199.93637084960938,983.9647827148438
2280,950.1502613235152,-450.2180989799392,93.5528793334961,190.9100341796875,988.6119384765625
2281,975.9272122591757,-471.8963908059003,78.88541412353516,207.67730712890625,1013.6909790039062
2282,981.6755368163056,-463.3381556338823,82.46412658691406,198.54315185546875,1019.3211669921875
2283,1004.7030482583984,-484.2088407940424,69.44275665283203,215.3166961669922,1041.9320068359375
2284,1011.1876912565177,-475.7147134803886,72.70915985107422,206.05575561523438,1048.3505859375
2285,954.8832876076574,-441.4117246390011,97.85426330566406,182.05601501464844,993.16650390625
2286,987.3302422433809,-454.7299690214654,86.36199188232422,189.5327911376953,1024.8751220703125
2287,989.9469164690411,-450.25717431504665,88.90653228759766,185.204833984375,1027.53076171875
2288,1017.5897762068777,-467.1485828444671,76.25000762939453,196.87818908691406,1054.7119140625
2289,1020.5233119216415,-462.6690955960909,78.78764343261719,192.5200653076172,1057.7271728515625
2290,1023.2066445191513,-458.0063970895342,81.96234130859375,188.4197235107422,1060.5560302734375
2291,1025.6175684663704,-453.1611377112395,85.74452209472656,184.6378173828125,1063.15576171875
2292,1010.4674672742609,-447.20971070793206,90.36046600341797,180.920166015625,1048.1195068359375
2293,920.4138573773898,-428.5972709393277,109.96431732177734,175.65321350097656,959.7626342773438
2294,998.6434152351807,-430.6820305317103,104.00942993164062,169.95504760742188,1036.735107421875
2295,996.7592456519756,-435.8225031799804,99.517333984375,173.36346435546875,1034.7044677734375
2296,1014.5055390165226,-437.0702296140201,99.19182586669922,174.1283416748047,1052.4864501953125
2297,1012.6051223584066,-442.21502837382826,94.53743743896484,177.34336853027344,1050.4278564453125
2298,1029.634048458842,-443.004667702839,94.90567016601562,178.2546844482422,1067.51318359375
2299,1027.760822994304,-448.1530788020511,90.08252716064453,181.2329864501953,1065.48583984375
2300,1036.8912062636887,-445.7582619306742,92.99781036376953,180.27284240722656,1074.724609375
2301,994.6748096970495,-440.80899179969936,95.48397064208984,177.0764617919922,1032.4725341796875
2302,963.0725685837318,-422.45070416594893,110.59896850585938,165.65516662597656,1001.4661865234375
2303,1003.7800243039005,-409.7858359569888,124.91867065429688,160.88880920410156,1041.86083984375
2304,989.9126701805795,-369.3630287671462,166.00778198242188,153.0077667236328,1025.0096435546875
2305,973.9458867430394,-343.9878088215159,190.4412841796875,144.238037109375,1008.1207885742188
2306,954.1822415270093,-357.8750086450471,172.86660766601562,139.23587036132812,991.4518432617188
2307,943.6763623786487,-373.47191262134766,155.40306091308594,140.35238647460938,982.3214111328125
2308,943.396521149971,-377.95415052001556,150.76390075683594,141.5231475830078,982.2135009765625
2309,942.9935073556836,-382.526949629196,146.10647583007812,143.006591796875,981.9257202148438
2310,932.9894969067668,-384.2029584159077,143.88340759277344,143.16078186035156,972.1254272460938
2311,923.4441642684113,-381.2992063352062,146.32464599609375,141.5930633544922,962.7504272460938
2312,913.8102865802722,-378.50146052024195,148.73876953125,140.20651245117188,953.2942504882812
2313,903.3482672698312,-380.64257965932165,146.9151611328125,141.8144073486328,943.0637817382812
2314,1034.1853395763542,-424.4474217878826,114.24675750732422,171.8367156982422,1071.788818359375
2315,1034.5992660354507,-421.7988291630145,117.15010070800781,171.49081420898438,1071.9974365234375
2316,1019.6167069359261,-416.0037656698813,120.80574798583984,166.1545867919922,1057.386962890625
2317,1019.9786797772657,-413.4171468524307,123.63111114501953,165.80908203125,1057.5517578125
2318,1020.8060596566233,-405.7249869350911,132.05224609375,165.5828399658203,1057.4844970703125
2319,1021.2181159621576,-400.62553320427116,137.58712768554688,165.96356201171875,1057.0716552734375
2320,1012.9552241415148,-402.81284883442794,133.8717803955078,162.65353393554688,1049.929931640625
2321,1000.3177834033179,-425.42198570849973,108.90518951416016,166.89256286621094,1038.5406494140625
2322,1016.1761865749016,-431.80208079427837,104.25541687011719,171.31275939941406,1054.2723388671875
2323,1031.2518790682248,-437.74131757715696,100.13040161132812,175.73399353027344,1069.21728515625
2324,1038.4709380633137,-440.4962247191607,98.30052947998047,177.9186553955078,1076.3621826171875
2325,1039.794467174354,-435.1708017153429,103.89305114746094,176.0940399169922,1077.622802734375
2326,1032.6187143447723,-432.4166361166924,105.65460968017578,173.73104858398438,1070.55810546875
2327,1031.9707106229764,-435.0791508035581,102.86410522460938,174.65785217285156,1069.93994140625
2328,1017.5988471494687,-426.4837832266181,109.62789154052734,168.9870147705078,1055.7259521484375
2329,1016.9256656823734,-429.13781967925826,106.91366577148438,170.0734405517578,1055.0511474609375
2330,1001.7577137107397,-420.12137925641036,114.10763549804688,164.2868194580078,1040.04931640625
2331,1001.0754570378904,-422.76216640972854,111.47970581054688,165.51373291015625,1039.3448486328125
2332,985.1337750618856,-413.53643028846625,118.98137664794922,159.7476043701172,1023.6034545898438
2333,983.6906836497087,-418.81927227440593,113.9649887084961,162.59237670898438,1022.0919799804688
2334,966.4015452534808,-412.1101332816175,119.3202133178711,158.556396484375,1004.9791259765625
2335,964.796539358887,-417.3428475110313,114.77922058105469,161.97889709472656,1003.293212890625
2336,967.8037699073816,-406.86117411422487,124.13676452636719,155.51197814941406,1006.4468994140625
2337,985.739547400197,-410.9385600758109,121.55123138427734,158.54721069335938,1024.2177734375
2338,1002.3645030119447,-417.50325779390545,116.77581787109375,163.21360778808594,1040.65185546875
2339,1018.19922056895,-423.84314857027175,112.38490295410156,168.05479431152344,1056.29541015625
2340,1033.2001605779442,-429.7567411330055,108.4891357421875,172.9538116455078,1071.071044921875
2341,1040.870786922302,-429.83263090612206,109.66316986083984,174.84765625,1078.4720458984375
2342,1037.5698294325773,-463.4204330218084,77.80223846435547,191.7914581298828,1074.8748779296875
2343,1034.8312550910764,-468.1337196521845,74.51704406738281,195.83700561523438,1071.9686279296875
2344,1049.7578642255487,-470.57069217572194,72.52598571777344,196.83401489257812,1086.9827880859375
2345,1048.3355921927991,-472.93574009874504,70.906005859375,198.8751678466797,1085.47802734375
2346,1060.9323406186807,-477.1098167886762,68.0545654296875,201.7873992919922,1098.1187744140625
2347,1065.9304553427055,-444.3587122845663,98.67499542236328,185.53407287597656,1103.019775390625
2348,1059.803586468354,-442.3639039073805,99.67721557617188,183.132080078125,1097.152587890625
2349,1058.6503768021998,-447.6989325337588,93.91336822509766,184.34877014160156,1096.2364501953125
2350,1052.1917030245513,-445.490125860413,95.17768859863281,182.2117462158203,1089.903564453125
2351,1057.9807533168837,-450.3392948294838,91.11516571044922,185.16107177734375,1095.62841796875
2352,1050.7184421289874,-450.7480597402407,89.7243423461914,184.1923065185547,1088.455322265625
2353,1046.8685328057172,-460.967161669616,80.0126724243164,189.79940795898438,1084.3612060546875
2354,1055.529681503127,-458.14511065082985,83.20054626464844,188.479736328125,1093.1590576171875
2355,1048.952224037308,-455.91548228643956,84.6321792602539,186.72679138183594,1086.60400390625
2356,1056.4254931659582,-455.56556441443394,85.7441635131836,187.2266082763672,1094.0897216796875
2357,1057.2402939426988,-452.9625262840278,88.38739776611328,186.12013244628906,1094.9129638671875
2358,1041.7408194407258,-424.49232090897664,115.5259780883789,174.15957641601562,1078.9229736328125
2359,1012.463528036072,-407.8487334217113,128.364990234375,162.8120574951172,1050.0146484375
2360,1020.2937717680572,-410.84212423530295,126.4520034790039,165.60118103027344,1057.6212158203125
2361,1034.9664206510497,-419.1549229715005,120.0578842163086,171.2823944091797,1072.1087646484375
2362,1062.2899827017868,-425.97137068287196,117.66608428955078,182.3588409423828,1097.784423828125
2363,1055.2540389997637,-429.3512737600626,112.74951171875,179.47621154785156,1091.9136962890625
2364,1061.5885405864863,-431.48484711750945,111.62289428710938,182.15704345703125,1097.91162109375
2365,1054.4144173447098,-434.7762386290953,106.77388763427734,179.8739471435547,1091.6180419921875
2366,1060.7695775926886,-436.95236439306746,105.60517883300781,182.40789794921875,1097.7060546875
2367,1053.4070662778397,-440.16107691134175,100.89031219482422,180.77923583984375,1090.9527587890625
2368,1045.246681822583,-477.5267042652269,68.2823257446289,203.24087524414062,1082.2626953125
2369,1031.7985805706292,-472.65817807602707,71.9504165649414,200.20294189453125,1068.829833984375
2370,1038.3759685413377,-486.24573107959986,64.9807357788086,212.59033203125,1075.38232421875
2371,1031.393046202609,-494.8421086787778,61.93024444580078,221.99778747558594,1068.458984375
2372,1052.0775039749356,-525.4395369031238,49.49365234375,250.02322387695312,1089.840576171875
2373,1041.0136920033403,-521.208820447738,50.88032150268555,246.95486450195312,1078.498291015625
2374,1029.4894105344067,-516.7537923818387,52.998565673828125,243.91114807128906,1066.774658203125
2375,1017.4397125442398,-511.9543464779684,55.780120849609375,240.78945922851562,1054.6260986328125
2376,991.7317072758383,-501.1285726486577,63.059669494628906,233.90855407714844,1029.05615234375
2377,964.3537258926323,-488.9737030091709,72.17247772216797,226.15264892578125,1002.3240356445312
2378,935.4589907114179,-476.5064361828958,82.57108306884766,218.35491943359375,974.5013427734375
2379,904.9100488626208,-464.80403217338556,93.7097396850586,211.65602111816406,945.4364624023438
2380,873.0064382729283,-454.68776118430674,105.04364776611328,206.99880981445312,915.3632202148438
2381,1055.419948201166,-503.6034956949898,56.9769401550293,227.993896484375,1092.611572265625
2382,1066.4837095729577,-507.50593535313857,55.65665054321289,231.0370635986328,1103.8448486328125
2383,1062.6088636579684,-494.6559982223548,59.9706916809082,218.48733520507812,1099.6842041015625
2384,1073.6928206469013,-498.39055238184477,58.70130157470703,221.52635192871094,1110.858154296875
2385,1071.7894941691281,-491.9585810816857,60.71857452392578,215.2225341796875,1108.8792724609375
2386,1077.2433447056467,-493.66627490798925,60.215049743652344,216.7659454345703,1114.368408203125
2387,1080.6760280538736,-488.87311278923056,62.020565032958984,212.07960510253906,1117.82421875
2388,1075.2192494252288,-487.2493522209111,62.5006103515625,210.53091430664062,1112.3580322265625
2389,1069.5917594763937,-485.5339817049066,63.22197341918945,209.03578186035156,1106.7156982421875
2390,1066.1658070772,-490.1514885006383,61.454872131347656,213.7266845703125,1103.2259521484375
2391,1057.8233124645603,-481.7874516118679,65.3410415649414,206.1363983154297,1094.878662109375
2392,1050.8598723999794,-490.6802662692558,62.092689514160156,215.55189514160156,1087.8756103515625
2393,1064.8705870534964,-469.74056310116026,73.77095794677734,196.20211791992188,1102.2969970703125
2394,1043.9249753869738,-448.3440935831699,91.26590728759766,182.25254821777344,1081.71240234375
2395,1042.1125574962068,-453.5038619055741,86.26582336425781,184.94752502441406,1079.7838134765625
2396,1039.9976529305,-458.53755408410944,81.74605560302734,188.14146423339844,1077.494384765625
2397,1051.0911484223132,-468.1605206722588,74.3362808227539,194.9040985107422,1088.4066162109375
2398,1062.344421138108,-474.69608482238226,69.75780487060547,199.78561401367188,1099.6134033203125
2399,1072.6881433941628,-480.7202479760516,66.06295013427734,204.72633361816406,1109.9283447265625
2400,1069.5013478733972,-456.81359535974866,86.38487243652344,190.05023193359375,1106.954833984375
2401,1070.172148259305,-454.16672233065435,89.19083404541016,189.3183135986328,1107.520263671875
2402,1064.2013107264095,-452.35491246674127,90.0364761352539,187.21543884277344,1101.723388671875
2403,1076.4866661758556,-453.07881794539605,91.48049926757812,191.05870056152344,1113.3729248046875
2404,1070.7715847682261,-451.50684772799326,92.05044555664062,188.74900817871094,1107.9658203125
2405,1075.9181124960285,-455.7611705417411,88.59261322021484,191.49244689941406,1113.0244140625
2406,1075.2799729759276,-458.4331894622074,85.74797821044922,192.09710693359375,1112.5496826171875
2407,1074.5644825678064,-461.0921066541113,82.96370697021484,192.87655639648438,1111.9461669921875
2408,1082.0046935476976,-454.40375299426967,91.17070007324219,193.47267150878906,1118.482177734375
2409,1081.4653337586512,-457.1202874907583,88.25621032714844,193.76077270507812,1118.2412109375
2410,1080.85739246703,-459.82890750417005,85.3731460571289,194.2281494140625,1117.8680419921875
2411,1080.1730941600324,-462.5269530393597,82.53973388671875,194.88006591796875,1117.3590087890625
2412,1079.404621232663,-465.21068278400116,79.77650451660156,195.7206573486328,1116.7113037109375
2413,1067.6514205527797,-433.39744623256445,110.68781280517578,184.89781188964844,1103.555419921875
2414,1074.1673501609646,-429.46069267086926,116.05301666259766,188.14291381835938,1108.57763671875
2415,1062.9033856189758,-420.43569831377283,123.67924499511719,182.99119567871094,1097.3411865234375
2416,1075.392312546934,-418.14923990727533,128.1555633544922,189.94686889648438,1107.3096923828125
2417,1063.447459306593,-414.88775726078796,129.63580322265625,183.9453582763672,1096.661865234375
2418,1084.5050246577357,-437.6582102050299,109.16056823730469,193.73374938964844,1118.42529296875
2419,1083.7813991119406,-443.3260686273541,103.08557891845703,193.37013244628906,1118.6553955078125
2420,1079.07767324427,-436.50518383896207,109.44377899169922,190.66073608398438,1113.8060302734375
2421,1078.3236735352589,-442.12180179548415,103.36510467529297,190.45578002929688,1113.9171142578125
2422,1073.4697417370212,-435.08014071785635,109.9571533203125,187.72390747070312,1108.8516845703125
2423,1072.6910376836051,-440.6429251253433,103.88723754882812,187.6739044189453,1108.8499755859375
2424,1066.8527885273945,-438.9128034132438,104.6384506225586,184.99957275390625,1103.4481201171875
2425,1079.7743539310175,-430.8279795560979,115.5475082397461,191.18328857421875,1113.4560546875
2426,1086.4807016862158,-420.4307438988783,127.39918518066406,196.28094482421875,1116.6314697265625
2427,1043.7400417968317,-499.42427243319963,59.094390869140625,225.02072143554688,1080.83251953125
2428,1059.4239943010634,-479.4751021668806,66.57770538330078,203.91026306152344,1096.5362548828125
2429,1071.1880909948652,-483.16035189609,64.50672912597656,206.81910705566406,1108.3670654296875
2430,1082.2577752516174,-486.3753395162418,63.373146057128906,209.88548278808594,1119.44384765625
2431,1085.086971594537,-481.2054852203779,66.9697036743164,205.96737670898438,1122.3416748046875
2432,1083.7261964593524,-483.82910427070277,65.03136444091797,207.8388214111328,1120.956298828125
2433,1079.6676334537724,-479.7955314432849,67.29109954833984,204.34027099609375,1116.9608154296875
2434,1074.0771331533488,-478.23534349996083,67.8714599609375,202.78004455566406,1111.3831787109375
2435,1063.6576344007774,-472.2382386167963,71.66958618164062,197.91964721679688,1101.00927734375
2436,1052.3349963070136,-465.70656312190675,76.32424926757812,193.09616088867188,1089.7418212890625
2437,1053.4874472200154,-463.21758548149774,78.47483825683594,191.4187469482422,1090.98193359375
2438,1084.8664486340492,-466.4768114937348,79.56687927246094,197.69415283203125,1121.9605712890625
2439,1085.605992654569,-463.73706373363257,82.39098358154297,196.97979736328125,1122.51123046875
2440,1086.2634426471602,-460.98440366553905,85.27471923828125,196.465576171875,1122.9150390625
2441,1086.8482196373075,-458.2234503544202,88.19595336914062,196.14590454101562,1123.176025390625
2442,1087.3683762198993,-455.4579885469471,91.13530731201172,196.0141143798828,1123.2987060546875
2443,1064.8361204322377,-449.7083002111954,92.86618041992188,186.52008056640625,1102.25537109375
2444,1071.313085231292,-448.831548868642,94.9523696899414,188.326904296875,1108.3021240234375
2445,1077.0000989268576,-450.3827454485295,94.40079498291016,190.77479553222656,1113.610107421875
2446,1082.4986863299553,-451.6768728551042,94.1063232421875,193.3366241455078,1118.610107421875
2447,1087.841759144309,-452.68491247257805,94.08313751220703,196.03611755371094,1123.3072509765625
2448,1092.6141018003043,-456.19474038050146,91.38865661621094,198.70620727539062,1127.8275146484375
2449,1092.1001504255012,-459.0301326268951,88.42622375488281,198.67062377929688,1127.8338623046875
2450,1091.531061377506,-461.8633762926029,85.467041015625,198.83168029785156,1127.696044921875
2451,1090.8963254820546,-464.69015130109057,82.53173065185547,199.19735717773438,1127.4083251953125
2452,1090.182897333305,-467.5043171826971,79.64410400390625,199.77517700195312,1126.9654541015625
2453,1086.3328952665952,-478.53773517183964,69.15498352050781,204.29273986816406,1123.583984375
2454,1080.9245813060052,-477.2021159896527,69.39840698242188,202.6087646484375,1118.25390625
2455,1082.0708286177965,-474.56814517500965,71.7119140625,201.0722198486328,1119.4051513671875
2456,1075.3546792498605,-475.70376789934625,69.90740203857422,200.99801635742188,1112.71875
2457,1076.5208703987605,-473.1324152745989,72.14419555664062,199.39443969726562,1113.9244384765625
2458,1071.8873251893629,-468.95397344893405,75.17169952392578,196.28538513183594,1109.349609375
2459,1066.9981221439768,-464.64641847240046,78.45712280273438,193.24380493164062,1104.524658203125
2460,1061.8480765906654,-460.192048236654,81.98501586914062,190.23440551757812,1099.441650390625
2461,1083.1063551232967,-471.89812234019456,74.19881439208984,199.7388916015625,1120.4083251953125
2462,1077.585309777248,-470.518053889275,74.55318450927734,197.97784423828125,1114.99365234375
2463,1072.874057055128,-466.3564432343855,77.6541519165039,194.969970703125,1110.346435546875
2464,1067.9201706703511,-462.0571572369671,80.99971771240234,192.01205444335938,1105.45751953125
2465,1062.7128754626626,-457.59979337612214,84.58019256591797,189.07151794433594,1100.317138671875
2466,1084.0361463542035,-469.1990673237482,76.82711791992188,198.61300659179688,1121.2601318359375
2467,1078.5443683923381,-467.87587049935155,77.10614776611328,196.75283813476562,1115.9229736328125
2468,1073.7646245452893,-463.7344925774194,80.25885772705078,193.83367919921875,1111.2120361328125
2469,1068.752725002885,-459.4449053630422,83.64860534667969,190.94766235351562,1106.267578125
2470,1063.495557933566,-454.9863095148458,87.26946258544922,188.06532287597656,1101.0777587890625
2471,1095.0102534285272,-469.71242189372407,78.56707000732422,202.28689575195312,1131.506591796875
2472,1095.3872170210775,-468.2616006293682,80.02225494384766,201.98513793945312,1131.7318115234375
2473,1093.4995375890178,-465.05715056642504,82.71511840820312,200.35720825195312,1129.762939453125
2474,1094.1236219971636,-462.18287496331396,85.67671966552734,200.0699005126953,1129.988525390625
2475,1094.6869560801365,-459.30469598404426,88.65480041503906,199.992431640625,1130.060791015625
2476,1095.1993061371395,-456.42409855404844,91.62811279296875,200.11602783203125,1129.98583984375
2477,1098.7223197412975,-467.37761258231563,81.55253601074219,203.21096801757812,1134.5736083984375
2478,1098.6338897623116,-465.5265913696799,83.31684112548828,202.7925262451172,1134.2879638671875
2479,1096.0726783288708,-465.33742533004056,82.97624206542969,201.55467224121094,1132.0560302734375
2480,1096.694278521943,-462.4132891995116,85.96449279785156,201.34866333007812,1132.216552734375
2481,1097.2536746245705,-459.4864795924339,88.96138000488281,201.3577880859375,1132.220458984375
2482,1097.7608676447976,-456.5586222919853,91.94509887695312,201.57229614257812,1132.0743408203125
2483,1101.5122679007045,-450.6234239821222,98.32130432128906,204.207275390625,1133.615966796875
2484,1071.8116705693353,-446.12803598312985,97.897705078125,188.00958251953125,1108.5596923828125
2485,1077.4771570956107,-447.6566991935244,97.35939025878906,190.5825958251953,1113.777587890625
2486,1082.961116084298,-448.9193874458618,97.07408905029297,193.2777099609375,1118.6788330078125
2487,1088.2994613794576,-449.8811516914454,97.05584716796875,196.11888122558594,1123.268798828125
2488,1093.5184907046323,-450.4943791838015,97.31869506835938,199.1303253173828,1127.5526123046875
2489,1085.192492289567,-431.919978220791,115.25881958007812,194.35670471191406,1117.9984130859375
2490,1090.4776204089399,-432.71155371757175,115.19900512695312,197.68882751464844,1122.2115478515625
2491,1099.3534354000446,-398.9039003175781,151.55606079101562,206.9785614013672,1121.9415283203125
2492,1088.8268590442974,-397.70418398354747,151.57644653320312,200.29019165039062,1113.77587890625
2493,1077.686070101302,-395.6235847780332,152.23086547851562,193.89959716796875,1104.5172119140625
2494,1065.6652632000453,-392.7232071179993,153.45745849609375,187.61216735839844,1094.05419921875
2495,1045.4558495500632,-443.0853199519993,96.64483642578125,180.07818603515625,1083.2650146484375
2496,1046.7292956302804,-437.75883037801253,102.30026245117188,178.4435577392578,1084.4288330078125
2497,1047.7742644266289,-432.3969028713672,108.13105010986328,177.36456298828125,1085.1925048828125
2498,1048.631418352197,-427.01151473654784,114.05482482910156,176.82147216796875,1085.5697021484375
2499,1022.9753893534195,-380.0238283633047,159.95187377929688,167.47186279296875,1055.44189453125
2500,1027.4795308407402,-337.97812030095736,205.6289520263672,170.22793579101562,1052.545166015625
2501,1016.8599114690859,-291.42269381399177,253.23037719726562,162.61302185058594,1036.4771728515625
2502,999.3511351408534,-287.17745596762796,254.62310791015625,152.37579345703125,1021.8294677734375
2503,1049.1879547160722,-299.1027415262271,250.84011840820312,181.78790283203125,1063.4324951171875
2504,1056.6477030653512,-256.19109508861436,298.02392578125,183.6714630126953,1061.942626953125
2505,1023.9971091472682,-249.1468605543862,299.19403076171875,163.32395935058594,1035.3680419921875
2506,1084.3777993485144,-261.9830373610737,297.1834411621094,200.41156005859375,1084.900146484375
2507,1076.9141311475776,-305.2327319475557,249.1238250732422,197.86251831054688,1086.7431640625
2508,1070.6425445673442,-348.7669476743465,201.20579528808594,193.61849975585938,1089.78564453125
2509,1052.5276478965714,-389.0762771935583,155.19439697265625,181.22296142578125,1082.2896728515625
2510,1050.4240758727244,-410.78144753350915,131.75665283203125,178.0636749267578,1084.6287841796875
2511,1049.9191766920578,-416.1995933772651,125.91061401367188,177.24542236328125,1085.234130859375
2512,1043.0273171905285,-342.0194969532341,203.8796844482422,178.6538848876953,1065.93701171875
2513,1038.2603094433002,-384.7964847969573,157.3798370361328,174.5025634765625,1069.3599853515625
2514,1036.3040276754132,-405.98277840357173,134.4348602294922,172.07012939453125,1071.3692626953125
2515,647.2683927741513,-394.42377626235634,165.3741912841797,196.3311309814453,703.898681640625
2516,649.5510177294923,-374.7732734569485,171.24362182617188,178.8104248046875,703.3929443359375
2517,692.3731750809701,-426.5084448724905,155.1853485107422,215.93777465820312,749.16357421875
2518,668.0105935354775,-421.7042094869643,159.0646514892578,216.69606018066406,726.4938354492188
2519,691.932438724498,-447.134033190952,153.08436584472656,234.8426971435547,751.5510864257812
2520,667.2797591417068,-442.1405639774991,157.1151885986328,235.45111083984375,728.6632080078125
2521,691.4216680365101,-468.12622634320405,153.3070831298828,254.17062377929688,754.2089233398438
2522,670.8003194596948,-381.5537523181177,169.12246704101562,180.81849670410156,723.9342651367188
2523,669.034930477384,-401.49358949903603,163.0853729248047,198.42117309570312,724.7822875976562
2524,693.0543652951168,-406.14961596637016,159.5529022216797,197.60433959960938,747.2614135742188
2525,751.0399964936875,-356.3993654911627,175.0531768798828,144.77891540527344,796.1419677734375
2526,723.2422279784716,-342.36225679274867,184.33226013183594,138.98831176757812,768.5103759765625
2527,721.920443630864,-353.80711458545426,178.32656860351562,148.1340789794922,768.4390258789062
2528,697.1905654508363,-338.97671539501516,186.9468536376953,141.27362060546875,743.5025634765625
2529,695.893212633716,-350.5928518432708,181.07861328125,150.53341674804688,743.6193237304688
2530,674.2876951100677,-334.18789811368197,189.42001342773438,141.7173614501953,721.2928466796875
2531,672.9968479053675,-345.6215975618113,183.68902587890625,150.77703857421875,721.5121459960938
2532,654.4980068144018,-327.11303443910975,192.05450439453125,139.3943328857422,701.6721801757812
2533,653.1623029288875,-337.9079916876952,186.50311279296875,147.88023376464844,701.86181640625
2534,699.5163297802819,-325.3608810806174,194.59646606445312,130.79193115234375,744.1400756835938
2535,676.4728426823092,-320.9854166821675,196.7806854248047,131.63018798828125,721.700927734375
2536,656.4030042471157,-315.1920277434793,198.78466796875,130.36215209960938,701.8619995117188
2537,758.4958283970807,-474.82640408716884,135.33897399902344,246.84397888183594,814.4888305664062
2538,745.3592862685572,-463.23119488678157,139.60324096679688,238.60159301757812,801.284423828125
2539,744.5561245439028,-473.64321149025125,139.74322509765625,248.4336395263672,802.0784912109375
2540,746.6421507909673,-442.71367373829855,141.33856201171875,219.26934814453125,799.8085327148438
2541,718.8158916756581,-429.7184289911354,149.86279296875,213.2280731201172,773.3342895507812
2542,718.2020210007623,-450.30589959975623,147.3668670654297,232.22100830078125,775.4478149414062
2543,790.1232011789137,-457.7945144633898,126.81804656982422,224.6986083984375,840.24462890625
2544,775.1693389119048,-455.95372285900515,131.55926513671875,225.83204650878906,826.7510986328125
2545,746.0528231286748,-452.9330141648443,140.13848876953125,228.8722381591797,800.52783203125
2546,806.9324965827057,-450.2269547497222,123.65660095214844,214.3203582763672,854.5966186523438
2547,820.5483688529669,-462.5951455796728,116.55416870117188,223.6271514892578,867.8357543945312
2548,838.346588957552,-456.1162634533046,113.24720764160156,214.22938537597656,883.447021484375
2549,835.9344274677147,-465.65970694917297,111.08255004882812,223.82888793945312,881.8585205078125
2550,851.3120137168511,-469.17310069977685,105.4269790649414,224.6067352294922,895.9705810546875
2551,816.1353851520237,-481.98997637315193,114.49215698242188,243.17800903320312,865.6088256835938
2552,830.7866722522102,-484.7337809743462,108.62532806396484,243.33773803710938,878.6304931640625
2553,845.4269273000274,-487.94141530742036,102.56736755371094,244.06227111816406,891.681640625
2554,866.6937702313097,-473.20678728403817,99.6484146118164,225.9929656982422,910.0818481445312
2555,859.9749941558852,-491.6788954775847,96.38446807861328,245.38206481933594,904.69384765625
2556,874.287791494627,-495.8903861663398,90.14802551269531,247.29750061035156,917.5972900390625
2557,844.7594526661532,-427.37223931632565,123.37259674072266,186.51193237304688,888.0338134765625
2558,811.2065773849242,-420.8360465923479,133.1175079345703,186.6024169921875,856.508544921875
2559,809.8652528006425,-430.62856206973055,129.32382202148438,195.6133575439453,855.871826171875
2560,778.8378319051363,-416.0070704380802,141.60745239257812,188.47164916992188,826.4029541015625
2561,778.0334689889362,-425.9440899283432,138.11019897460938,197.494140625,826.4290161132812
2562,748.1395122832765,-412.40881883777797,148.83399963378906,191.5130615234375,798.0438842773438
2563,747.6502521258373,-422.4595062160752,145.69622802734375,200.5569305419922,798.5388793945312
2564,719.4605437748861,-409.407666231826,154.8066864013672,194.89871215820312,771.6406860351562
2565,719.1012568130459,-419.5334198973119,152.03280639648438,203.96536254882812,772.4136962890625
2566,747.1670678719032,-432.5593814357957,143.19424438476562,209.8208770751953,799.1390380859375
2567,776.2403105778459,-445.9035462135236,133.07461547851562,216.21092224121094,826.6184692382812
2568,777.1782396178818,-435.9076647958927,135.26174926757812,206.75328063964844,826.5077514648438
2569,808.4572695329975,-440.4236334158318,126.16556549072266,204.86561584472656,855.2364501953125
2570,840.6092944496938,-446.5322523176891,116.02484893798828,204.7848663330078,885.0098266601562
2571,720.6403726127809,-389.36964103612564,162.08743286132812,177.47491455078125,770.7631225585938
2572,748.7235338134769,-402.39163352425714,152.59388732910156,182.7254638671875,797.700927734375
2573,749.3888942674951,-392.4309047212452,156.91900634765625,174.2154998779297,797.5427856445312
2574,779.6267298585329,-406.0911313234995,145.737060546875,179.72335815429688,826.4577026367188
2575,780.4665960469525,-396.19263574704223,150.43959045410156,171.27223205566406,826.6144409179688
2576,813.5782454753563,-401.28180940017444,142.50502014160156,169.44183349609375,857.8213500976562
2577,756.7883591327923,-320.5072529152842,196.92820739746094,117.36419677734375,798.461669921875
2578,725.5593536420781,-329.01678944037405,192.0387420654297,128.66641235351562,769.3523559570312
2579,754.6234303783544,-332.73488918743556,188.8830108642578,126.2937240600586,797.4546508789062
2580,752.3996370445512,-345.349693339418,181.24058532714844,136.00497436523438,796.4552612304688
2581,784.4464129913665,-348.82475743335027,177.32437133789062,133.3826446533203,827.3223876953125
2582,783.0735728310418,-359.37270648881764,170.86643981933594,141.57086181640625,826.7398071289062
2583,800.087749108864,-361.25088879389904,168.3122100830078,140.31626892089844,843.0845336914062
2584,781.9971643730165,-377.3127408590816,160.5,155.74549865722656,826.930419921875
2585,750.6463256131516,-373.77063309689237,166.01773071289062,158.7640838623047,797.2775268554688
2586,721.9289310996232,-370.8668994682075,170.2943115234375,161.99925231933594,770.2131958007812
2587,695.9612436527282,-367.63718424280404,173.61575317382812,164.4435577392578,745.6721801757812
2588,672.6920527946443,-362.9791791479183,176.2548370361328,164.96554565429688,723.4195556640625
2589,651.8992980236524,-355.957526576688,178.44696044921875,162.64170837402344,703.1043090820312
2590,833.5933061720232,-385.2631691018481,149.3113555908203,153.3349151611328,876.031982421875
2591,838.9127534338281,-346.34890417085495,176.865234375,125.14598846435547,879.7491455078125
2592,822.4601279152325,-332.43896978576055,187.8475341796875,117.55687713623047,863.1048583984375
2593,820.8215078824952,-342.90423200574065,179.84849548339844,124.4865951538086,862.0388793945312
2594,805.1282589135654,-328.9470481606146,190.48899841308594,116.81310272216797,846.0009765625
2595,803.3201058467371,-339.86985573126304,182.51602172851562,124.33839416503906,844.9126586914062
2596,788.3948836103446,-325.80364571333234,192.8739471435547,116.57902526855469,829.4993896484375
2597,786.4444187957287,-337.1897010953656,184.89337158203125,124.64147186279297,828.4152221679688
2598,815.8732765027349,-382.12844890795634,153.47158813476562,153.75613403320312,859.0831298828125
2599,817.7880968674592,-363.51377856269573,165.38986206054688,139.41961669921875,860.0853271484375
2600,836.0462536658831,-366.2784817768638,162.0546417236328,138.95733642578125,877.7040405273438
2601,837.4206133671665,-356.444351707067,169.1810760498047,131.95547485351562,878.677978515625
2602,854.8636084554093,-369.581482470509,158.26202392578125,138.9994659423828,895.89892578125
2603,856.2310290179593,-359.9097954938364,165.70306396484375,132.45352172851562,896.9844970703125
2604,694.4367250919021,-386.10654646621697,166.1061553955078,180.05787658691406,746.2843017578125
2605,806.8610824598304,-318.4050971669039,198.70448303222656,110.11320495605469,847.0371704101562
2606,790.2778603293488,-314.93321337024815,201.0513153076172,109.44442749023438,830.5493774414062
2607,758.8997463512726,-309.0382868319782,205.07435607910156,109.53794860839844,799.474609375
2608,730.1359183260691,-304.20796957088766,208.2375030517578,110.9421615600586,771.1087036132812
2609,704.0525416791907,-300.1698286669888,210.59336853027344,112.78510284423828,745.5150146484375
2610,680.7202603107521,-296.4086573565609,212.18429565429688,114.14437866210938,722.6177978515625
2611,660.1144970132239,-292.51870150695305,213.02464294433594,114.32231140136719,702.3110961914062
2612,708.8280730116409,-278.03659567620645,226.7300262451172,98.8573226928711,747.4737548828125
2613,685.2700915924761,-274.5348869155957,227.8004150390625,100.30963897705078,724.1265869140625
2614,664.0899194061445,-271.5591024069761,227.82855224609375,101.02826690673828,703.1759643554688
2615,694.8392618203418,-234.8473646195461,260.158203125,80.27658081054688,727.93017578125
2616,713.8526159952324,-257.6902464863065,243.17514038085938,88.00054168701172,749.7973022460938
2617,732.4868270134644,-292.97945137981816,216.42193603515625,103.69703674316406,772.1521606445312
2618,792.1680411275647,-304.4535006123467,209.43504333496094,103.14570617675781,831.6142578125
2619,685.0070981676574,-175.78898940120035,310.2049560546875,63.34796142578125,708.4957275390625
2620,680.8335553412977,-194.36540620721024,292.9066162109375,67.44963836669922,707.6117553710938
2621,704.0943943300394,-197.57837509777576,293.7832946777344,67.663818359375,731.2783203125
2622,699.5115470887401,-215.99741911217689,276.85809326171875,73.12276458740234,729.6926879882812
2623,723.5344393886235,-219.7263830549905,276.796630859375,72.65345764160156,754.134521484375
2624,718.7463561504964,-238.40337985362254,259.88006591796875,79.44877624511719,752.0585327148438
2625,744.3684710941038,-242.9765531232322,258.6296081542969,78.88972473144531,778.071533203125
2626,739.6608986239008,-262.13064781274807,241.54376220703125,86.93897247314453,775.7565307617188
2627,767.6117452944227,-267.7341793471694,239.01197814941406,86.91522979736328,804.0469970703125
2628,765.4389834313455,-277.54831702871405,230.3429412841797,91.4027099609375,802.9043579101562
2629,780.3837716554499,-280.78451288834503,228.65721130371094,91.85197448730469,818.01123046875
2630,778.3256078988763,-290.7751570062312,220.00051879882812,96.87519073486328,816.8959350585938
2631,794.0420434583825,-294.28449416998586,218.01629638671875,97.6279067993164,832.6785888671875
2632,771.9169318394863,-248.69095334324106,256.53564453125,79.48566436767578,806.1705322265625
2633,748.9802274884381,-224.4138013725992,275.8658447265625,72.50408172607422,780.1724243164062
2634,728.2052245453738,-201.5391848510838,293.8320617675781,67.49999237060547,755.9793090820312
2635,708.596195444472,-179.47178344356465,310.86181640625,63.82062530517578,732.654296875
2636,689.186603026114,-157.3434676464681,327.7133483886719,60.90156555175781,709.2471313476562
2637,857.533929309605,-350.2323210195755,173.54086303710938,126.36980438232422,897.9950561523438
2638,840.3580945099887,-336.3028244072832,184.93679809570312,118.86256408691406,880.76318359375
2639,824.0282158982673,-322.2161579489964,196.12916564941406,111.34624481201172,864.1033935546875
2640,808.5805268626408,-308.1540870824758,207.15943908691406,104.17874908447266,848.0553588867188
2641,858.7814557645103,-340.5548231370231,181.74423217773438,120.77565002441406,898.9246215820312
2642,859.9924628364095,-330.8797298811505,190.2811737060547,115.6927261352539,899.7695922851562
2643,841.7496061296998,-326.3729096697644,193.3223419189453,113.19200897216797,881.6986694335938
2644,843.1198515539646,-316.53510992858924,201.99720764160156,108.13169860839844,882.5629272460938
2645,825.5743243675389,-312.18236236058965,204.67872619628906,105.82487487792969,865.0546875
2646,827.1122852461855,-302.3020306577401,213.472412109375,100.97806549072266,865.9501342773438
2647,810.2916622508671,-298.13620363500945,215.837158203125,98.975341796875,849.0437622070312
2648,811.9972758387858,-288.3078298255933,224.7139129638672,94.47937774658203,849.9803466796875
2649,795.9188117961004,-284.36873351831616,226.77676391601562,92.85157012939453,833.7130126953125
2650,797.7898847707621,-274.6638784483045,235.6830291748047,88.79907989501953,834.6835327148438
2651,782.4072753335139,-271.04552575600144,237.44033813476562,87.56980895996094,819.0774536132812
2652,801.4887884730471,-255.6666925929111,253.72030639648438,82.11988067626953,836.4400634765625
2653,861.1901616705587,-321.20789529038876,199.119384765625,111.14071655273438,900.526611328125
2654,862.395505275545,-311.5407824141871,208.2250213623047,107.13622283935547,901.1930541992188
2655,844.4864749063181,-306.7738722316305,210.93174743652344,103.68425750732422,883.3504638671875
2656,845.8629219873787,-297.0779904261788,220.09378051757812,99.85437774658203,884.0531616210938
2657,828.6492308764413,-292.5486448019893,222.48178100585938,96.79721069335938,866.7750244140625
2658,830.1881904272902,-282.9074020242095,231.67086791992188,93.28177642822266,867.5127563476562
2659,813.6918678222473,-278.64292815187673,233.7547607421875,90.68212127685547,850.8399047851562
2660,833.2928738384996,-263.83155603065615,250.31492614746094,87.50330352783203,868.7982788085938
2661,863.628058497559,-301.88018939128153,217.56353759765625,103.69489288330078,901.7660522460938
2662,847.2592938358613,-287.4415305404337,229.44705200195312,96.64892578125,884.6622314453125
2663,850.1255275215765,-268.2776356301415,248.43443298339844,91.3858642578125,885.696044921875
2664,853.1599704331346,-249.21785274650057,267.60504150390625,87.09535217285156,886.563720703125
2665,836.5979642040943,-244.8797473580986,269.13165283203125,82.8219223022461,869.8967895507812
2666,805.249272907143,-236.99012695130295,271.9061584472656,76.76634216308594,837.982421875
2667,809.0307835139124,-218.6025817146394,290.1862487792969,72.68218994140625,839.2882690429688
2668,780.3220349557884,-211.99928032726507,291.9238586425781,69.08954620361328,809.7139282226562
2669,784.4718908707843,-194.1485258625622,309.6918640136719,65.95679473876953,811.0726318359375
2670,757.9404992018532,-188.60318896721873,310.5212097167969,64.29243469238281,783.569091796875
2671,762.2584678674381,-171.08225397466404,327.90618896484375,62.300071716308594,784.809326171875
2672,843.4755104931321,-207.48984335481498,307.1109313964844,76.66759490966797,871.4921264648438
2673,847.1001634149984,-188.95177525041984,326.2103576660156,75.16242218017578,871.97509765625
2674,816.7046223536975,-182.39816232114404,326.91741943359375,68.1410140991211,841.125
2675,839.9890192536282,-226.11736213124553,288.07562255859375,79.21627044677734,870.797607421875
2676,873.4504112895436,-234.53327587147862,285.71044921875,89.27161407470703,904.171875
2677,876.7582657819776,-215.32238925693107,305.5264892578125,87.12328338623047,904.53125
2678,812.8442580821921,-200.43240708070837,308.5278015136719,69.81881713867188,840.3395385742188
2679,788.5827869309566,-176.4801953597928,327.49658203125,64.1195297241211,812.1299438476562
2680,864.9083732488681,-292.2283323301088,227.09913635253906,100.82929992675781,902.2435302734375
2681,867.558087679775,-272.9627590971496,246.45899963378906,96.13088989257812,903.0269165039062
2682,870.4076078972478,-253.72924072974806,266.0086669921875,92.27596282958984,903.670166015625
2683,776.1345540316509,-230.14498965989236,274.1945495605469,73.57347869873047,808.0708618164062
2684,753.5005688506197,-206.32783797775235,293.17498779296875,67.67041778564453,782.016357421875
2685,732.7471766276448,-183.70311805365313,310.9380798339844,63.88886642456055,757.5562133789062
2686,713.0462083637289,-161.5473979261236,328.0572204589844,61.53594970703125,733.8003540039062
2687,604.7398485710169,-671.0116453663796,276.8048400878906,416.59228515625,710.8779296875
2688,634.2884003636555,-644.8024822158076,247.9606475830078,399.56427001953125,737.0296630859375
2689,638.7038284538957,-629.2528902822254,233.9396209716797,391.10516357421875,737.7132568359375
2690,615.3371930486055,-621.0066726099092,231.90518188476562,391.5973205566406,712.2745361328125
2691,630.0628723562504,-660.4439033233865,262.759521484375,406.958251953125,736.3521728515625
2692,608.0412262211942,-654.304499749062,261.0153503417969,409.579345703125,711.3449096679688
2693,649.848287670295,-632.3213384072536,233.90771484375,389.8920593261719,749.6195678710938
2694,645.1346484790166,-647.6784612937315,248.05897521972656,397.8160400390625,748.896240234375
2695,660.7099384408892,-634.8388374146351,233.2654571533203,388.1125183105469,761.0506591796875
2696,613.7232658129329,-563.2719625123539,193.2911376953125,352.736572265625,699.5905151367188
2697,617.7217674825208,-544.4988451517876,183.3310546875,336.9393005371094,700.0530395507812
2698,619.6488871930572,-535.0081423106938,178.95375061035156,328.65869140625,700.1945190429688
2699,606.4550907904556,-598.6933489876777,216.42701721191406,379.46826171875,699.0369262695312
2700,609.9799526120025,-581.1712155525133,204.32444763183594,366.79315185546875,699.2918090820312
2701,619.1817475164521,-604.4365596078912,218.7926788330078,380.8225402832031,712.7323608398438
2702,623.1079943357995,-587.8705005385629,206.76071166992188,368.9997253417969,713.1812744140625
2703,631.4601012050709,-609.605080453653,220.21133422851562,381.5849304199219,725.861328125
2704,635.7054268542031,-593.5728551762725,208.11639404296875,370.54644775390625,726.4498291015625
2705,645.5263667423429,-557.6766030779914,185.85128784179688,341.78546142578125,728.3345947265625
2706,634.1116808340573,-542.0252429429971,180.56414794921875,331.3440856933594,714.8303833007812
2707,621.1321548131243,-525.6999055715435,175.0862579345703,320.45172119140625,699.9841918945312
2708,623.4629120381645,-507.0813751691345,168.58140563964844,303.7436828613281,699.01611328125
2709,626.0163098144515,-487.90687004931175,163.6270294189453,286.0018005371094,698.2428588867188
2710,628.3414053134039,-468.3400822136148,160.38856506347656,267.62261962890625,697.294677734375
2711,630.5626429687234,-448.63085860115905,159.00473022460938,248.96144104003906,696.3394775390625
2712,632.7662617804175,-429.0248246661754,159.50714111328125,230.39865112304688,695.4708862304688
2713,634.9522485512256,-409.4563610486501,161.86154174804688,212.06089782714844,694.6995239257812
2714,637.2545051447056,-389.9767679299884,166.03773498535156,194.0963897705078,694.1032104492188
2715,645.5002906104105,-414.23769845210023,161.35862731933594,214.4303436279297,704.979248046875
2716,643.9441933279873,-434.1796362534673,159.23687744140625,232.93209838867188,706.3668823242188
2717,654.4131559478623,-459.0202878438849,158.45782470703125,253.5725555419922,719.5188598632812
2718,642.4129103074349,-454.2552256882953,159.04396057128906,251.70449829101562,707.9248046875
2719,653.3464276524527,-479.8209044163639,160.5757598876953,272.76788330078125,721.7944946289062
2720,640.8655879499319,-474.57209931075084,160.83474731445312,270.6544494628906,709.6358642578125
2721,652.1237435896653,-500.40634878433275,164.64500427246094,291.5292053222656,724.0626831054688
2722,639.1863728005493,-494.7021712654045,164.5326385498047,289.2369384765625,711.3374633789062
2723,650.4434629869629,-520.1465939873639,170.2452850341797,309.2693786621094,725.9193725585938
2724,637.1459911482327,-514.1852304028084,169.86488342285156,306.9605712890625,712.7279052734375
2725,649.2959690516552,-538.6780506594118,177.1197967529297,325.29364013671875,728.220703125
2726,635.4983831692101,-532.742511807438,176.59744262695312,323.2559814453125,714.4596557617188
2727,647.9396248906081,-547.9626983387338,181.14295959472656,333.3196105957031,728.7040405273438
2728,665.744395540738,-619.6934627220944,219.5802764892578,379.8595886230469,761.7996826171875
2729,659.4918676780652,-601.8878656215782,207.95582580566406,371.4254455566406,751.0850219726562
2730,654.6360636429034,-617.0492183797289,220.52578735351562,381.0671081542969,750.3511962890625
2731,647.7996834187593,-598.2281106748088,208.4840850830078,371.35821533203125,739.0785522460938
2732,643.2178474079182,-613.6679608454202,220.76266479492188,381.67230224609375,738.3980712890625
2733,670.8853093948917,-604.6998875276752,206.62400817871094,370.8429260253906,762.55810546875
2734,682.0835961919713,-606.8197288841284,204.579345703125,369.7863464355469,773.6240234375
2735,684.9116504651265,-599.04460276317,198.04295349121094,364.9238586425781,774.0711669921875
2736,693.1434428985546,-608.3955337525507,201.90802001953125,368.43768310546875,784.3568725585938
2737,687.445267193503,-623.5727167762999,215.87081909179688,376.3506774902344,783.6039428710938
2738,676.6504584052763,-621.851609646274,218.0040740966797,378.2261657714844,772.8610229492188
2739,664.7887818663338,-585.5027823760947,195.82530212402344,359.5697326660156,752.0415649414062
2740,676.5234379799974,-588.4128337605897,194.0791473388672,359.4438781738281,763.5809936523438
2741,667.8116579854038,-576.2571169286678,189.9361572265625,352.094482421875,752.7394409179688
2742,679.7431485129462,-579.1473439955752,188.02931213378906,352.0353698730469,764.3436279296875
2743,671.0970398823403,-566.4074436153932,184.3844451904297,343.6517333984375,753.6533813476562
2744,683.2436697494635,-569.2737219644409,182.37258911132812,343.5640869140625,765.3426513671875
2745,673.8861032951461,-556.5483764261202,179.51719665527344,335.01165771484375,754.19482421875
2746,686.187615485131,-559.3588820545082,177.46728515625,334.854736328125,765.9555053710938
2747,675.2887460487918,-547.2139281551296,175.47532653808594,326.9795837402344,753.62255859375
2748,687.6672258440076,-549.9757858426077,173.44601440429688,326.7716064453125,765.4027709960938
2749,676.0320878997902,-528.5934404728007,168.51702880859375,311.1505126953125,750.7237548828125
2750,688.4679976518781,-531.2667939139459,166.5171356201172,310.8989562988281,762.4541015625
2751,677.4107673793646,-508.47985875101045,162.65794372558594,293.3052978515625,748.3682861328125
2752,689.882992251645,-511.0331288034909,160.64096069335938,292.9752197265625,760.0530395507812
2753,690.7718300665761,-489.6752465067206,155.94871520996094,273.8384704589844,757.1226806640625
2754,666.5667563509304,-462.87280003718337,157.28280639648438,254.55955505371094,731.087158203125
2755,665.7987758066681,-484.04505986696194,159.65013122558594,273.95501708984375,733.7445678710938
2756,664.852665378996,-504.9846671726954,164.00637817382812,292.8683166503906,736.400146484375
2757,663.3901118219665,-524.934929485497,169.7779083251953,310.6513977050781,738.5765991210938
2758,662.5374126456765,-543.4919293146535,176.72288513183594,326.5262145996094,741.2636108398438
2759,661.1778246475442,-552.7911815172515,180.76824951171875,334.5368347167969,741.8134765625
2760,658.5691334669604,-562.5801760886781,185.57293701171875,343.0943908691406,741.352294921875
2761,655.5323610343174,-572.3673722225362,190.99612426757812,351.4827575683594,740.5505981445312
2762,652.7333766270375,-581.630169353346,196.71751403808594,359.0156555175781,739.9376220703125
2763,690.3747996880376,-728.7962226034814,308.5262145996094,391.60614013671875,820.7021484375
2764,678.9933829969184,-706.498984358851,292.317626953125,396.72265625,801.25
2765,673.4310820519763,-723.0218799598168,309.7510681152344,399.1880798339844,800.8150024414062
2766,660.7068594620584,-701.4870390514434,293.7284240722656,404.38104248046875,780.294189453125
2767,655.566958026021,-717.5487596350907,310.6277160644531,407.25469970703125,779.7540283203125
2768,641.6831625479285,-696.7652392070482,294.4621276855469,411.9584655761719,758.270263671875
2769,637.2290890263666,-712.7048182173569,311.0673828125,415.2547302246094,757.6485595703125
2770,622.1002540178096,-692.2710273597377,294.3646240234375,418.20477294921875,735.0289306640625
2771,618.4673248441089,-708.4552999698575,310.976806640625,421.8991394042969,734.3862915039062
2772,601.7661915176213,-687.911629423814,293.25927734375,422.17138671875,710.4114990234375
2773,599.1885119830923,-704.8349104220106,310.2467041015625,426.2437744140625,709.9456176757812
2774,698.0659249262746,-771.2701195832789,343.5137939453125,383.3984375,847.0574340820312
2775,706.3071003675605,-734.6898427971169,307.0467224121094,384.85186767578125,839.2185668945312
2776,709.2253619807343,-777.1668237299934,343.5151672363281,378.78515625,861.0617065429688
2777,720.2562796722642,-783.3073717599048,343.51629638671875,375.02099609375,874.9144287109375
2778,731.1835132682118,-789.5787153399395,343.51708984375,372.4391784667969,888.6084594726562
2779,742.4069444302089,-796.1141359686494,343.5174865722656,371.0638122558594,902.544677734375
2780,747.151113369631,-798.8861989922241,343.517578125,370.8254089355469,908.3667602539062
2781,761.1894145688815,-807.0040249873585,343.51751708984375,371.0226135253906,925.2697143554688
2782,719.9922447780999,-699.2321052941367,269.19354248046875,380.66650390625,839.8111572265625
2783,709.0504571856924,-677.8187010106498,254.70370483398438,383.08099365234375,821.8828125
2784,702.964184924642,-694.7822678978708,272.42523193359375,386.6658020019531,821.4269409179688
2785,690.5358736740942,-673.939128693648,258.3518981933594,389.2336120605469,802.2775268554688
2786,684.9500649838564,-690.1906257691408,275.1695556640625,393.3898010253906,801.7378540039062
2787,671.0819643645267,-669.8634556466571,261.1077575683594,395.7196044921875,781.505615234375
2788,665.898978718394,-685.580099828,277.2016906738281,400.5164489746094,780.8785400390625
2789,650.8856719769476,-665.4961228954731,262.6781005859375,402.0218505859375,759.6072998046875
2790,646.23354609361,-681.0377671767272,278.3058776855469,407.5242004394531,758.9237060546875
2791,625.9656832421588,-676.2793418164729,278.2578125,413.1993103027344,735.6844482421875
2792,702.3129197770172,-641.8949184548806,225.8488006591797,378.63458251953125,803.5006103515625
2793,681.8197602179991,-638.8355356799733,230.4073944091797,383.57501220703125,782.87353515625
2794,796.9832957070785,-610.1509135862268,154.0984649658203,353.61737060546875,876.5169677734375
2795,794.3202033289896,-614.5505440227932,159.17098999023438,354.88043212890625,876.2225952148438
2796,800.6758723128281,-635.0646897558324,172.50845336914062,358.2809143066406,890.7216186523438
2797,784.3004228737964,-632.5536207147869,179.623291015625,359.3388977050781,875.16552734375
2798,766.3599443946655,-669.4490877038157,220.79078674316406,366.6463928222656,873.4235229492188
2799,750.6303814804801,-666.6835598244329,226.29803466796875,369.73077392578125,857.7044677734375
2800,735.8032648277435,-703.4503264196159,265.7099914550781,375.64471435546875,856.7258911132812
2801,733.6488478966818,-664.0031717120178,231.90444946289062,373.8543395996094,840.710205078125
2802,756.5534062564307,-612.1795038585295,177.38998413085938,358.9607849121094,842.613037109375
2803,738.8825360470457,-628.6574058751937,199.32717895507812,366.3083801269531,832.895751953125
2804,748.539968233277,-629.3099244954276,195.34881591796875,364.52972412109375,841.9071044921875
2805,724.6658855542873,-662.5085079911745,234.63201904296875,376.2353210449219,831.712890625
2806,707.2582505780119,-601.7243822150682,191.58287048339844,362.5076904296875,795.2186279296875
2807,696.1477215530198,-600.5714389251771,195.09608459472656,363.8150939941406,784.8072509765625
2808,705.6093996813663,-605.7228000736457,195.12754821777344,364.87896728515625,794.9700927734375
2809,694.5978165460725,-604.5679617458466,198.49851989746094,366.2878112792969,784.5592651367188
2810,704.0491238709417,-609.5810266716312,198.69296264648438,366.91070556640625,794.770751953125
2811,718.2900181459977,-602.4240124373295,187.59080505371094,361.0843200683594,805.329833984375
2812,716.545045777145,-606.4888583366147,191.2856903076172,363.36077880859375,805.0821533203125
2813,714.8906018997448,-610.4224848498478,195.01695251464844,365.28485107421875,804.88671875
2814,708.5059836291233,-626.0801251835774,210.21522521972656,372.2820739746094,804.1758422851562
2815,697.7743372237845,-596.3861263339601,191.72305297851562,361.00592041015625,785.1019897460938
2816,720.1085519523509,-598.205448170126,183.95921325683594,358.44293212890625,805.6309204101562
2817,714.5380751751811,-583.9344933500435,178.13124084472656,349.56549072265625,796.7337646484375
2818,718.4412742157594,-574.0504847891867,172.22352600097656,341.1698303222656,797.8594970703125
2819,721.983436512857,-593.8396827407064,180.4186248779297,355.443603515625,805.9859008789062
2820,723.9235951894581,-589.3353392626368,176.9976348876953,352.0958557128906,806.396240234375
2821,725.8988609938856,-584.6653235988782,173.72409057617188,348.4128112792969,806.8656616210938
2822,727.8934324178039,-579.8299309286034,170.62554931640625,344.4095153808594,807.3988037109375
2823,729.9088614275101,-574.8415486854199,167.72825622558594,340.103759765625,808.0029296875
2824,733.3116317471118,-564.8589364710815,162.72940063476562,331.3009338378906,808.8505859375
2825,650.1596094286862,-590.2467043955279,202.5912628173828,365.64276123046875,739.4548950195312
2826,662.012221818744,-594.0574064147322,201.8838348388672,366.0166320800781,751.4983520507812
2827,673.5559630458744,-596.9283586113704,200.3358917236328,365.71832275390625,762.9938354492188
2828,710.0631129006158,-562.9256955439087,171.26856994628906,333.3700866699219,788.1259765625
2829,706.8741156497906,-572.9218903653714,176.21368408203125,342.169921875,787.3900146484375
2830,766.1648948928131,-517.3468162142306,136.4717254638672,284.7832336425781,827.9715576171875
2831,756.0226896511737,-495.75265504103106,137.45645141601562,266.7301025390625,815.615966796875
2832,742.6001176611134,-494.83613588938937,142.09567260742188,268.3155822753906,803.8057250976562
2833,717.3940506252858,-471.2696108088851,147.3866729736328,251.68983459472656,777.7948608398438
2834,758.6927260202704,-556.4889971569928,148.3695068359375,320.77471923828125,828.6965942382812
2835,756.114043800516,-566.1105519116703,152.39088439941406,329.41595458984375,828.3905029296875
2836,752.4547166554833,-575.9198047914308,157.53231811523438,338.0900573730469,827.4219970703125
2837,750.3551003610645,-580.7922500718735,160.52642822265625,342.25213623046875,826.8212890625
2838,748.2342944854361,-585.5281055930179,163.7576446533203,346.110595703125,826.2840576171875
2839,746.1098820308508,-590.1316276562485,167.20040893554688,349.6457214355469,825.80712890625
2840,743.9994933997868,-594.6093283047281,170.82769775390625,352.8412780761719,825.3883666992188
2841,741.9225622157719,-598.9700251128857,174.61181640625,355.6821594238281,825.0265502929688
2842,739.9028599295011,-603.2286584993673,178.52386474609375,358.1565856933594,824.7216796875
2843,737.9603696593726,-607.3999310952009,182.53562927246094,360.2552795410156,824.4741821289062
2844,736.1117227674783,-611.5031777789669,186.6168975830078,361.98876953125,824.282958984375
2845,729.0030810007592,-627.9261342813262,203.18052673339844,368.2180480957031,823.6024169921875
2846,722.0379194691402,-644.3447667000772,220.06011962890625,373.82806396484375,822.9733276367188
2847,655.7381761278659,-650.1440567892607,247.6461181640625,395.525634765625,760.3179321289062
2848,676.3809037192358,-654.2744707354333,245.4964599609375,390.0518493652344,782.172119140625
2849,696.3378175811574,-657.8340883775185,241.90185546875,384.2999572753906,802.8663330078125
2850,715.521510418962,-661.0328308312023,237.24087524414062,378.79193115234375,822.3991088867188
2851,758.6578568227179,-607.9266932679785,172.95362854003906,357.3950500488281,842.8139038085938
2852,760.8458238051516,-603.6643006158848,168.61566162109375,355.4696960449219,843.0721435546875
2853,763.0981724549838,-599.3740180925039,164.40773010253906,353.1766052246094,843.3887939453125
2854,765.3914732023576,-595.0377751100878,160.35708618164062,350.5269470214844,843.7626342773438
2855,767.7019958401339,-590.6396086451412,156.49142456054688,347.5337829589844,844.1923217773438
2856,770.0060969020733,-586.1646008827045,152.83677673339844,344.2130432128906,844.6768798828125
2857,772.2812991011602,-581.600043292752,149.4183349609375,340.5819396972656,845.2156372070312
2858,781.7257160778126,-557.9327479886002,136.53646850585938,319.57220458984375,847.7493286132812
2859,778.5074760875258,-567.4498932890102,140.8121795654297,328.2908020019531,846.9235229492188
2860,776.6041270206968,-572.1952761045856,143.38616943359375,332.52703857421875,846.4039306640625
2861,774.5061965084698,-576.9362113247681,146.2596435546875,336.660400390625,845.8081665039062
2862,737.733716000465,-536.1988179837475,152.11705017089844,306.1204833984375,806.9763793945312
2863,762.4241334786919,-537.3376959192284,141.70692443847656,303.4488525390625,828.2098999023438
2864,787.1827022519487,-538.879038771468,129.6505889892578,301.7015380859375,848.8875732421875
2865,808.1998859149795,-550.9468233722697,119.77914428710938,310.7348327636719,867.4797973632812
2866,811.8507200468641,-541.5696894645267,116.34331512451172,301.50421142578125,869.0070190429688
2867,899.5726533641684,-538.9329822321749,66.71640014648438,287.07525634765625,939.3106689453125
2868,887.1717581583014,-533.8638461742366,73.8008041381836,283.8727722167969,928.6348876953125
2869,873.2748040448239,-531.3604588015309,81.28764343261719,283.5209655761719,916.862548828125
2870,860.3477736080094,-527.1689601180029,88.67671966552734,281.2090759277344,906.0739135742188
2871,845.0766592615529,-528.1068263030869,96.89881134033203,284.3207702636719,893.7908325195312
2872,818.7758073725587,-522.7410564751464,111.28118896484375,282.49078369140625,872.1530151367188
2873,792.3734523765597,-519.3520998024627,124.59727478027344,282.81787109375,850.1788330078125
2874,783.3447956488228,-498.01632693996413,126.96829986572266,264.1359558105469,839.4204711914062
2875,769.6248570699233,-496.8052156143486,132.4036865234375,265.30401611328125,827.4905395507812
2876,852.8999296944339,-509.9615183057395,95.27820587158203,264.8730163574219,899.2506103515625
2877,839.0356433768274,-506.57305217796363,102.06658935546875,263.642578125,887.3494262695312
2878,825.1037828591329,-503.7643884492282,108.69287109375,262.9974670410156,875.3778076171875
2879,767.0750573672108,-630.8537477258488,187.3193359375,361.4867248535156,859.0693969726562
2880,776.0270922920305,-613.059586080705,168.03663635253906,356.5001525878906,859.8951416015625
2881,778.4030801547581,-608.6881152873617,163.26344299316406,355.0888366699219,860.1289672851562
2882,780.8541042817579,-604.3618350448658,158.60523986816406,353.34356689453125,860.4181518554688
2883,783.3574303596021,-600.0648350798136,154.09274291992188,351.2584533691406,860.7638549804688
2884,804.4218796605743,-560.2989583988298,123.80035400390625,319.73162841796875,865.9913330078125
2885,974.8869607874092,-624.0134390921721,47.271202087402344,351.7822570800781,1025.9483642578125
2886,976.8418060773854,-622.2058626089065,44.610694885253906,350.9643249511719,1026.575927734375
2887,978.5929726096326,-620.6695680930845,42.37989044189453,350.108642578125,1027.2279052734375
2888,980.1515389460297,-619.3405146411047,40.50361251831055,349.2607727050781,1027.8709716796875
2889,983.4508128076466,-616.6000075710292,36.828731536865234,347.2202453613281,1029.4117431640625
2890,984.433880540844,-615.8008833220913,35.81705093383789,346.5571594238281,1029.9110107421875
2891,22.954855257538092,109.14945382622334,453.1244812011719,33.25529479980469,9.999951362609863
2892,-7.364289248226062,-36.45380584709334,308.17462158203125,10.343514442443848,10.000020980834961
2893,0.0,0.0,345.3172912597656,7.430018901824951,10.000012397766113
2894,7.38555517866376,36.429694920475214,382.45953369140625,10.348664283752441,10.0
2895,-14.205585861852796,-73.01030564369505,271.9417419433594,19.0179500579834,10.000011444091797
2896,-20.924182520736867,-109.60630326057166,237.50656127929688,33.240562438964844,10.000041007995605
2897,-27.242511399170514,-146.27090123533526,205.71287536621094,52.662899017333984,10.000012397766113
2898,-33.43226154148372,-182.9862123585955,177.33982849121094,76.80904388427734,10.000040054321289
2899,-44.86152437314741,-256.6320623960862,133.5358428955078,136.80453491210938,10.000045776367188
2900,-39.213025046769914,-219.7765849551322,153.08267211914062,105.08722686767578,10.000030517578125
2901,-50.2420789059179,-293.57942733209336,119.17832946777344,171.1837615966797,9.999991416931152
2902,-55.202219609296755,-330.6317757849851,110.36198425292969,207.38230895996094,10.000041961669922
2903,-60.023675964309,-367.78852976414635,107.30282592773438,244.5133056640625,9.999990463256836
2904,-64.36153198991947,-405.0764324955353,110.07585906982422,281.6667175292969,9.99996566772461
2905,-68.50972966907781,-442.4881185634575,118.61308288574219,317.9321594238281,9.999977111816406
2906,-72.09967841454265,-480.03518612474465,132.705322265625,352.4208984375,10.000000953674316
2907,-75.43456431455557,-517.6985193039551,152.00723266601562,384.2877502441406,10.000012397766113
2908,-78.14440464742532,-555.4652093926475,176.0458221435547,412.7520446777344,9.999961853027344
2909,-80.53252285407993,-593.2944507030383,204.23202514648438,437.1159973144531,10.00001049041748
2910,-82.28364823224484,-631.1215422909456,235.87513732910156,456.78277587890625,9.999971389770508
2911,-83.72277321998887,-668.8918288946428,270.1997375488281,471.270263671875,9.999942779541016
2912,-84.83770793259441,-706.5171471209294,306.3647155761719,480.2235412597656,9.999951362609863
2913,-85.93171348010303,-743.907699515268,343.48382568359375,483.4230651855469,10.000005722045898
2914,207.2822145955756,719.3151806191511,347.2215270996094,483.42218017578125,10.000070571899414
2915,193.92718330633025,684.523834923489,384.2054138183594,480.2286682128906,10.000056266784668
2916,180.4435427216579,649.3832690521798,420.3716125488281,471.2804870605469,9.99993896484375
2917,167.18508108359975,613.9892119451906,454.69818115234375,456.7976379394531,9.999964714050293
2918,154.30835938334891,578.3688833351771,486.343994140625,437.1352233886719,9.99999713897705
2919,141.88096771839514,542.5717109975593,514.5335083007812,412.7751159667969,10.000011444091797
2920,129.92506888005042,506.646322527426,538.5759887695312,384.31414794921875,10.00001335144043
2921,118.42892610556719,470.6399801132513,557.8822631835938,352.4498596191406,9.999984741210938
2922,107.36699070133783,434.5851251135281,571.9791870117188,317.96295166015625,10.000027656555176
2923,96.7114907095754,398.50009056631194,580.5213623046875,281.6987609863281,9.999958038330078
2924,86.43267217663522,362.399103334215,583.2994384765625,244.5457000732422,9.999985694885254
2925,76.49983942009818,326.28493806831233,580.245361328125,207.41432189941406,10.000012397766113
2926,66.88920915001657,290.16232931587183,571.4338989257812,171.21450805664062,9.999998092651367
2927,57.56813325469194,254.02562609393243,557.0811157226562,136.8334197998047,10.000012397766113
2928,48.52324581415115,217.8616972507797,537.53857421875,105.11341094970703,10.000014305114746
2929,39.74635192570576,181.66621151880244,513.2852783203125,76.83200073242188,9.999980926513672
2930,31.227050645886212,145.42840803149159,484.9154968261719,52.6819953918457,9.999985694885254
2931,15.047450975195833,72.8109936366466,418.69122314453125,19.027999877929688,9.99997329711914
