# Basic LSCM parameterized mesh
v 458.620666504 373.922241211 840.710021973
v 495.181884766 364.619537354 841.906860352
v 503.213165283 361.581481934 859.069091797
v 549.74017334 328.413299561 846.923339844
v 554.021057129 319.697296143 847.749145508
v 566.757080078 319.864318848 865.991088867
v 560.917663574 301.830718994 848.887329102
v 565.982299805 282.950073242 850.178527832
v 579.298522949 282.631011963 872.152648926
v 553.1328125 266.854736328 815.615661621
v 558.186401367 265.43157959 827.49029541
v 554.106689453 284.908355713 827.971374512
v 498.949066162 362.59979248 795.218444824
v 495.435089111 363.905090332 784.807067871
v 498.809783936 361.097930908 785.101806641
v 491.202453613 366.395843506 832.895568848
v 460.111938477 383.643951416 782.873291016
v 474.652862549 376.428253174 783.603759766
v 480.310852051 372.363098145 804.175598145
v 511.59854126 328.758331299 700.194458008
v 515.470947266 320.55368042 699.984191895
v 513.958068848 323.357025146 714.459594727
v 434.16595459 79.538848877 806.170288086
v 451.685150146 86.9790039062 804.046691895
v 449.15335083 87.0011825562 775.756286621
v 457.608978271 91.8339538574 774.534912109
v 463.975952148 100.912567139 684.800048828
v 455.262268066 94.1767578125 684.799987793
v 447.424621582 89.9842529297 704.330810547
v 502.831176758 117.651306152 863.104309082
v 510.826049805 124.585823059 862.038330078
v 508.158630371 124.435943604 844.912231445
v 524.636291504 158.871612549 797.27722168
v 533.725769043 174.328475952 797.542480469
v 528.555358887 177.584732056 770.762939453
v 561.308044434 195.742782593 855.871459961
v 564.460754395 204.996932983 855.236083984
v 555.363464355 206.879196167 826.507385254
v 511.944732666 160.583679199 684.800048828
v 500.817016602 141.585006714 684.799987793
v 504.157470703 147.975387573 701.861755371
v 393.445678711 200.439987183 1084.89953613
v 345.314483643 200.768783569 1083.59289551
v 345.310241699 214.858779907 1102.98608398
v 391.457336426 163.351119995 1035.36730957
v 345.330322266 147.88243103 1014.72869873
v 345.319396973 184.330841064 1061.47668457
v 617.639038086 204.251068115 1130.17285156
v 618.949768066 204.852630615 1129.73010254
v 619.07598877 202.994216919 1124.67126465
v 626.118469238 206.98727417 1108.36633301
v 624.563476562 204.893493652 1109.9276123
v 625.593261719 208.006484985 1120.95581055
v 600.600402832 187.368118286 1101.72277832
v 603.366943359 188.219741821 1101.07702637
v 602.25012207 186.273895264 1094.91235352
v 618.678588867 200.366638184 1068.82910156
v 622.344909668 203.406677246 1082.26208496
v 625.640869141 212.758117676 1075.38171387
v 556.211120605 172.196151733 1071.36853027
v 533.264709473 174.614837646 1069.35925293
v 535.446105957 181.33656311 1082.2890625
v 595.462158203 182.361434937 1089.90283203
v 593.996276855 180.226974487 1083.26428223
v 588.34185791 178.58895874 1084.42810059
v 619.723876953 199.039398193 1085.47729492
v 604.893859863 184.793228149 1063.1550293
v 600.557861328 181.385803223 1065.48510742
v 604.372375488 185.102630615 1079.78295898
v 621.177185059 215.481796265 1041.93139648
v 627.549133301 234.07749939 1029.05554199
v 618.440979004 226.316040039 1002.32348633
v 345.343475342 103.933403015 946.178588867
v 345.338897705 119.233848572 973.166015625
v 388.483306885 120.103683472 973.330749512
v 389.283905029 130.471817017 989.846496582
v 390.053131104 141.330200195 1005.73797607
v 434.545837402 142.133132935 1006.43188477
v 516.018676758 136.18182373 982.633789062
v 514.226623535 133.179107666 973.674133301
v 494.318115234 129.106185913 973.905456543
v 345.346954346 92.3330688477 921.81451416
v 386.828552246 101.683944702 939.041564941
v 444.232574463 96.1899337769 903.026428223
v 424.685211182 92.3233718872 903.669555664
v 426.32925415 98.4649581909 921.147338867
v 548.709716797 151.441040039 1017.57641602
v 550.824645996 154.180511475 1025.96936035
v 556.02532959 154.804031372 1025.90258789
v 548.767883301 144.294921875 961.985839844
v 551.326171875 145.744430542 971.345153809
v 555.816223145 148.638519287 970.32208252
v 541.926269531 140.324142456 953.293579102
v 537.586303711 137.969985962 953.855041504
v 539.889099121 139.508377075 963.304748535
v 528.864196777 133.664871216 915.76953125
v 536.667663574 139.737213135 914.588439941
v 532.403747559 139.111480713 895.898376465
v 577.373474121 214.368423462 883.446594238
v 574.601501465 204.922225952 885.009399414
v 585.187438965 224.750442505 895.970153809
v 650.388977051 332.078063965 987.517211914
v 651.946166992 330.0027771 989.04901123
v 653.741149902 331.682647705 994.625061035
v 633.81036377 350.057159424 994.573425293
v 633.074829102 349.081542969 988.390441895
v 638.335327148 346.768554688 990.161010742
v 643.166564941 300.599182129 969.676208496
v 648.681762695 304.320922852 980.475585938
v 648.241638184 309.157562256 977.135498047
v 649.961791992 328.287078857 983.554138184
v 647.798278809 326.53427124 978.145751953
v 650.2890625 322.135894775 981.304199219
v 631.839782715 327.788269043 951.965270996
v 628.392944336 331.773162842 949.401000977
v 623.124694824 328.459899902 939.894897461
v 615.992980957 354.120574951 984.462890625
v 609.989990234 355.075408936 983.688415527
v 608.503173828 353.709014893 971.39642334
v 613.370788574 351.839050293 966.349182129
v 612.170715332 350.945709229 960.696960449
v 617.74810791 349.260375977 961.887695312
v 616.297790527 348.219024658 956.453735352
v 346.302947998 393.155548096 820.83770752
v 381.988372803 391.628265381 820.701904297
v 383.471893311 384.87487793 839.218322754
v 658.902709961 304.854278564 1060.84265137
v 659.41809082 306.40524292 1059.71337891
v 652.357055664 284.924133301 1050.3404541
v 557.380249023 365.442382812 1016.05413818
v 538.736755371 367.715698242 1014.40057373
v 538.711669922 365.353942871 989.815185547
v 448.101318359 375.748504639 1008.54949951
v 436.28894043 376.429840088 1008.05200195
v 442.277404785 373.581756592 984.022827148
v 393.811981201 375.662963867 982.659667969
v 395.873718262 378.128387451 1006.80908203
v 384.275360107 378.435455322 1006.58337402
v 355.384735107 378.850738525 1006.27539062
v 346.0909729 378.878326416 1006.2532959
v 393.39352417 373.005493164 957.172729492
v 476.59854126 373.759002686 1010.00042725
v 589.373168945 361.059661865 1019.22821045
v 634.67401123 352.634063721 1014.08380127
v 636.990600586 353.25567627 1024.94506836
v 618.499755859 356.549926758 1022.47491455
v 643.410400391 351.922271729 1025.97814941
v 646.002929688 350.493896484 1023.0680542
v 645.928222656 351.144500732 1026.57592773
v 648.688232422 349.371765137 1023.89776611
v 648.300476074 350.230682373 1027.27307129
v 651.250366211 348.070251465 1024.85791016
v 650.072143555 349.426025391 1027.88415527
v 653.674438477 346.603485107 1025.93798828
v 653.712402344 347.405059814 1029.41174316
v 655.944641113 344.982055664 1027.13061523
v 654.755004883 346.721862793 1029.92675781
v 658.044555664 343.215484619 1028.42858887
v 658.15045166 344.086456299 1031.90893555
v 658.731567383 343.558776855 1032.30517578
v 659.955932617 341.313201904 1029.82495117
v 660.469909668 341.803100586 1033.62255859
v 663.801635742 333.272918701 1028.52954102
v 664.52746582 335.841705322 1038.09020996
v 663.308227539 338.077423096 1036.4152832
v 664.855712891 335.103729248 1038.64306641
v 664.711120605 330.935882568 1030.25744629
v 665.044067383 334.638519287 1038.99157715
v 665.548278809 326.095306396 1033.83398438
v 666.005249023 331.11706543 1041.62976074
v 665.306762695 328.53427124 1032.03210449
v 665.904968262 331.691711426 1041.19909668
v 665.440185547 333.514556885 1039.83349609
v 666.020080566 327.701721191 1039.80126953
v 665.962280273 326.477966309 1040.69775391
v 666.172241211 328.598175049 1043.5168457
v 665.793762207 325.261932373 1041.58862305
v 665.876037598 326.143035889 1045.35534668
v 665.097045898 323.554779053 1047.24719238
v 665.830688477 325.945861816 1045.50292969
v 663.45916748 316.489654541 1040.92871094
v 664.861206055 321.257781982 1037.40917969
v 645.121887207 263.284210205 1091.07336426
v 651.302490234 281.951965332 1077.50708008
v 655.359619141 294.184783936 1068.60876465
v 630.404174805 216.936599731 1114.36779785
v 631.401245117 221.683990479 1121.24389648
v 631.915100098 221.697814941 1110.85754395
v 633.177185059 227.082626343 1117.33361816
v 634.954040527 231.210449219 1103.84423828
v 637.994384766 241.703918457 1106.73547363
v 641.105651855 250.200286865 1089.83984375
v 620.023986816 206.675308228 1132.25134277
v 621.501098633 207.50970459 1131.64770508
v 620.217041016 205.514038086 1129.24377441
v 621.435424805 206.234451294 1128.71459961
v 621.471801758 204.45803833 1123.58337402
v 618.727844238 206.040527344 1132.70800781
v 617.973754883 205.708236694 1132.94604492
v 617.38848877 205.467697144 1133.11779785
v 614.907348633 203.228744507 1130.92687988
v 614.602294922 204.509384155 1133.79577637
v 616.011657715 204.957351685 1133.48022461
v 613.751464844 204.272445679 1133.96118164
v 613.49621582 202.807876587 1131.23803711
v 613.165649414 204.12322998 1134.06469727
v 612.060974121 202.446472168 1131.50598145
v 611.70690918 203.798217773 1134.2878418
v 610.605957031 202.143829346 1131.73120117
v 599.613647461 203.285446167 1134.51855469
v 601.211425781 203.150192261 1134.63842773
v 601.280029297 202.922348022 1134.31311035
v 605.109802246 203.069976807 1134.74609375
v 598.286193848 203.229125977 1134.09301758
v 597.523742676 203.550842285 1134.29675293
v 490.748382568 206.891113281 1109.13195801
v 442.365478516 211.388183594 1105.82067871
v 463.01965332 220.947479248 1121.56555176
v 479.749786377 219.453018188 1122.63330078
v 490.556365967 218.380523682 1123.3996582
v 490.812591553 213.312606812 1117.43334961
v 345.306976318 225.820755005 1118.07397461
v 358.272827148 225.765289307 1118.11621094
v 395.510284424 224.945053101 1118.70739746
v 393.866821289 214.05355835 1103.77319336
v 432.700866699 223.144668579 1119.99560547
v 442.707000732 222.492156982 1120.46191406
v 374.49899292 430.136505127 684.799987793
v 362.866760254 428.759552002 709.479248047
v 346.449829102 432.426483154 684.799987793
v 346.426849365 430.183380127 705.084777832
v 346.406066895 427.157501221 723.666259766
v 362.51550293 424.226501465 733.755310059
v 346.395599365 425.088134766 733.174316406
v 346.388458252 423.409484863 739.74005127
v 362.468597412 417.360290527 757.057739258
v 346.370910645 418.327087402 756.092163086
v 362.675109863 409.093780518 779.257568359
v 346.345031738 409.091461182 780.651184082
v 363.092224121 400.755706787 800.432373047
v 346.335968018 405.670288086 789.287475586
v 346.275115967 383.343841553 847.22088623
v 385.109741211 379.230865479 856.136901855
v 346.260162354 378.73626709 861.228759766
v 346.161468506 372.694824219 947.385864258
v 346.187438965 371.036956787 925.55480957
v 392.575378418 370.930358887 935.229980469
v 346.207275391 370.820983887 908.602111816
v 391.432312012 370.082061768 916.761291504
v 346.214050293 371.054626465 902.73651123
v 390.039520264 370.44342041 900.69543457
v 346.229919434 372.415679932 888.785766602
v 388.471801758 372.03036499 885.939758301
v 346.245117188 374.981536865 875.092407227
v 386.803466797 374.932495117 871.432617188
v 441.456420898 370.990753174 958.614807129
v 439.859649658 368.928100586 936.681152344
v 437.617706299 367.960449219 918.110473633
v 434.861877441 368.088623047 901.880493164
v 431.722625732 369.358917236 886.91204834
v 428.329559326 371.875061035 872.178405762
v 424.814086914 375.692474365 856.725646973
v 516.792480469 370.118408203 1012.65203857
v 490.596160889 370.138458252 986.409240723
v 489.392791748 367.637481689 961.04699707
v 487.061096191 365.560089111 939.059143066
v 483.765319824 364.365692139 920.303710938
v 479.670593262 364.088195801 903.807128906
v 474.940734863 364.828277588 888.506713867
v 469.738647461 366.721069336 873.423278809
v 464.229553223 369.802032471 857.704284668
v 421.327545166 380.712097168 839.810974121
v 571.048217773 333.806427002 880.602172852
v 565.126831055 332.977905273 872.327941895
v 561.979919434 328.488891602 864.562194824
v 561.790466309 336.587219238 871.668457031
v 567.491516113 337.185516357 879.912719727
v 563.675598145 340.296325684 879.303100586
v 568.99597168 340.980377197 887.425598145
v 564.734985352 343.630096436 886.835998535
v 569.623779297 344.375610352 894.895874023
v 564.963867188 346.58770752 894.324279785
v 574.254882812 345.387176514 902.987915039
v 573.040100098 338.129577637 888.04675293
v 574.103271484 341.973907471 895.50012207
v 578.957885742 343.238525391 903.604980469
v 583.520324707 344.718078613 911.836242676
v 572.020385742 350.975769043 918.478942871
v 568.362670898 349.994842529 910.036437988
v 578.594360352 346.615386963 911.20892334
v 569.396057129 347.373260498 902.400268555
v 592.784912109 344.588470459 920.965698242
v 588.308105469 342.694213867 912.48626709
v 583.494384766 340.938293457 904.247375488
v 578.389770508 339.395507812 896.13269043
v 560.137512207 348.598388672 893.789001465
v 564.392944336 349.186645508 901.845336914
v 557.690612793 352.7684021 908.99005127
v 564.154724121 354.306518555 926.184814453
v 595.59942627 331.741607666 907.454772949
v 589.669250488 329.505096436 899.129150391
v 592.772766113 325.434753418 900.581726074
v 577.245910645 326.058349609 882.420532227
v 584.487487793 312.742095947 885.997131348
v 570.783630371 310.870025635 867.479492188
v 588.331970215 303.490631104 888.545654297
v 574.224975586 301.641448975 869.006652832
v 591.399169922 294.063995361 891.141967773
v 595.612854004 321.091552734 902.226074219
v 579.864318848 321.771240234 883.522033691
v 595.047485352 274.715789795 896.51940918
v 602.310546875 276.484863281 907.739501953
v 601.903686523 281.362731934 906.073547363
v 602.177001953 266.841552734 911.034545898
v 609.035522461 269.214324951 922.667114258
v 609.579284668 278.805267334 918.817138672
v 593.679748535 284.469512939 893.790466309
v 601.069580078 286.247680664 904.428649902
v 606.061889648 298.122406006 911.173339844
v 602.622497559 307.463348389 907.524414062
v 620.382019043 304.039794922 930.760498047
v 619.592346191 332.470916748 937.506164551
v 614.121154785 329.368804932 928.422607422
v 617.393188477 325.189208984 930.710205078
v 633.690551758 311.104675293 950.358520508
v 631.632507324 315.639984131 947.605163574
v 598.19140625 316.589691162 903.978149414
v 616.448547363 313.212219238 926.143066406
v 622.986022949 316.54486084 935.472106934
v 611.275878906 322.055297852 921.732788086
v 620.351196289 320.91897583 933.05670166
v 626.320922852 324.322296143 942.370910645
v 629.165710449 320.048980713 944.940979004
v 634.906799316 323.62789917 954.654174805
v 622.969543457 294.559082031 935.569458008
v 608.473449707 288.566131592 914.928161621
v 609.291381836 283.679016113 916.862182617
v 616.761108398 281.616699219 929.748352051
v 623.763671875 284.8309021 940.555114746
v 616.778015137 284.035400391 928.634399414
v 623.860473633 287.242004395 939.310241699
v 616.597961426 286.481964111 927.51348877
v 623.731079102 289.684204102 938.055114746
v 630.494750977 288.340209961 951.28894043
v 630.672058105 290.743347168 949.922729492
v 630.598510742 293.17956543 948.543151855
v 618.769592285 256.308441162 955.194763184
v 622.399169922 275.347595215 945.446533203
v 636.461486816 301.706176758 956.089172363
v 635.30847168 306.455963135 953.190002441
v 600.452758789 247.4503479 917.596740723
v 606.670227051 249.934463501 930.333679199
v 569.3046875 335.540252686 880.23815918
v 576.841125488 335.001586914 888.767150879
v 574.974609375 336.61706543 888.38067627
v 582.452087402 336.533538818 896.88269043
v 580.453918457 338.022583008 896.474914551
v 587.827819824 338.351104736 905.023742676
v 585.692932129 339.708435059 904.596984863
v 592.915222168 340.383666992 913.284362793
v 590.642089844 341.607086182 912.841918945
v 597.661499023 342.548858643 921.779846191
v 595.252075195 343.640136719 921.325500488
v 602.01348877 344.761383057 930.641113281
v 599.473327637 345.725708008 930.179016113
v 604.025024414 345.860015869 935.251159668
v 601.422607422 346.763946533 934.786865234
v 605.91796875 346.941192627 940.002319336
v 603.25604248 347.787445068 939.536987305
v 607.68572998 347.997009277 944.909667969
v 602.201538086 349.436340332 944.080871582
v 580.856750488 354.497314453 946.615783691
v 578.294128418 353.265258789 936.641113281
v 589.522399902 350.999816895 937.869812012
v 575.339782715 352.080413818 927.303039551
v 586.262268066 349.480682373 928.518005371
v 582.608154297 348.000396729 919.675537109
v 587.751281738 346.345550537 920.310302734
v 596.879089355 346.54385376 929.81652832
v 598.768127441 347.52142334 934.423706055
v 600.544250488 348.488006592 939.173339844
v 603.734191895 350.360290527 949.159729004
v 609.321533203 349.020050049 949.986816406
v 606.402526855 352.115722656 959.878845215
v 574.309570312 330.086120605 881.442504883
v 580.34967041 331.475830078 889.693054199
v 578.634399414 333.286071777 889.205444336
v 586.226013184 333.222412109 897.888916016
v 584.377929688 334.931549072 897.355102539
v 591.878601074 335.270080566 906.101501465
v 589.891723633 336.869537354 905.526489258
v 597.247741699 337.54309082 914.422058105
v 595.11932373 339.026641846 913.8125
v 602.273803711 339.953552246 922.963500977
v 600.004333496 341.317565918 922.327392578
v 606.896911621 342.410125732 931.854797363
v 604.49041748 343.653778076 931.201293945
v 609.038635254 343.628387451 936.473449707
v 606.566101074 344.812408447 935.815002441
v 611.057067871 344.826660156 941.22857666
v 608.520690918 345.951934814 940.567810059
v 612.944763184 345.996246338 946.135131836
v 610.347229004 347.063751221 945.474914551
v 614.694213867 347.129180908 951.206237793
v 612.038452148 348.140533447 950.549499512
v 610.818725586 350.004577637 955.245788574
v 587.991210938 331.411865234 898.481140137
v 593.782775879 333.558898926 906.745300293
v 599.294433594 335.939453125 915.109130859
v 604.463256836 338.463531494 923.683776855
v 609.226318359 341.037414551 932.596923828
v 611.435974121 342.314971924 937.221801758
v 613.520446777 343.572540283 941.979736328
v 615.471923828 344.801177979 946.885559082
v 617.282348633 345.992736816 951.952209473
v 618.943908691 347.140411377 957.19128418
v 620.448669434 348.238586426 962.612609863
v 619.037536621 350.248138428 967.516479492
v 601.253967285 334.221801758 915.870056152
v 606.567077637 336.853637695 924.484558105
v 611.47277832 339.541717529 933.42376709
v 613.75213623 340.878082275 938.056091309
v 615.904846191 342.195373535 942.817382812
v 617.922607422 343.484405518 947.722351074
v 619.797058105 344.736663818 952.783630371
v 621.519958496 345.94543457 958.012451172
v 623.083007812 347.104766846 963.418518066
v 624.477966309 348.209411621 969.00958252
v 598.973144531 327.820404053 909.058166504
v 603.121520996 332.395782471 916.701782227
v 608.57989502 335.129821777 925.362121582
v 613.630615234 337.928894043 934.331542969
v 615.981506348 339.323638916 938.972412109
v 618.204589844 340.70098877 943.737670898
v 620.29119873 342.051452637 948.641540527
v 622.232727051 343.366607666 953.696533203
v 624.020446777 344.639373779 958.913635254
v 625.645812988 345.863830566 964.302001953
v 627.100219727 347.034637451 969.869140625
v 537.14630127 362.956481934 964.466247559
v 534.118713379 360.812805176 942.361450195
v 557.573181152 357.918945312 944.358337402
v 583.000915527 355.757232666 957.331298828
v 584.700012207 357.018371582 968.857727051
v 585.92755127 358.216461182 981.165161133
v 586.656738281 359.37902832 994.213256836
v 610.936828613 357.208740234 1010.53424072
v 610.525817871 357.844970703 1021.53729248
v 630.985961914 346.937011719 976.50378418
v 632.130371094 348.042480469 982.367248535
v 626.73059082 350.204071045 980.721130371
v 614.41229248 352.667724609 972.196716309
v 620.158752441 351.166015625 973.33392334
v 621.866210938 352.782196045 985.520751953
v 625.696594238 349.243774414 974.778564453
v 627.571655273 351.092926025 986.837463379
v 628.211486816 351.913269043 993.127197266
v 610.816650391 356.233428955 996.738525391
v 622.4375 353.485931396 991.889404297
v 622.81036377 354.123596191 998.441345215
v 622.931030273 355.211425781 1012.09301758
v 608.250976562 326.372924805 919.589050293
v 604.909301758 330.474822998 917.600402832
v 612.358947754 331.382324219 927.333618164
v 610.510192871 333.303833008 926.312683105
v 617.69354248 334.38861084 936.375427246
v 615.704467773 336.20916748 935.31640625
v 618.12689209 337.660949707 939.96697998
v 629.037536621 338.63079834 956.891052246
v 624.777770996 338.865386963 950.71295166
v 626.886901855 337.12097168 951.859741211
v 622.550964355 337.391357422 945.811462402
v 624.589538574 335.585174561 946.959594727
v 620.186523438 335.895904541 941.036804199
v 622.154907227 334.031951904 942.17956543
v 634.405395508 329.518493652 956.898864746
v 631.032104492 340.10748291 962.063659668
v 628.781494141 341.716430664 960.941894531
v 626.857666016 340.309539795 955.752929688
v 630.539978027 343.08026123 966.288146973
v 632.86114502 341.545135498 967.385620117
v 635.092224121 339.922515869 968.546630859
v 632.124023438 344.395721436 971.798400879
v 634.515380859 342.938537598 972.862976074
v 636.819152832 341.392425537 973.992126465
v 639.029174805 339.758361816 975.185180664
v 633.524414062 345.64855957 977.464233398
v 635.985412598 344.274047852 978.486999512
v 638.362121582 342.809570312 979.574951172
v 640.64453125 341.245513916 980.735412598
v 642.825744629 339.585998535 981.965332031
v 645.316833496 318.508270264 970.682373047
v 645.466003418 324.753601074 972.836425781
v 642.975158691 322.949707031 967.623352051
v 637.559020996 319.296936035 957.463989258
v 646.809387207 332.407440186 980.549560547
v 644.749328613 330.698181152 975.158081055
v 642.518981934 328.960357666 969.877441406
v 640.128295898 327.198577881 964.704040527
v 647.093261719 313.899688721 973.86151123
v 636.861938477 292.028869629 962.023620605
v 637.119445801 294.424560547 960.547729492
v 637.107910156 296.854217529 959.055603027
v 642.609863281 305.44152832 966.507263184
v 643.10925293 298.175811768 971.266662598
v 648.547912598 301.902709961 982.148010254
v 642.772644043 295.785949707 972.838623047
v 648.134155273 299.516448975 983.800354004
v 634.736877441 282.635955811 967.809570312
v 653.268066406 312.78527832 988.022277832
v 653.526000977 310.372161865 989.75604248
v 653.560668945 307.948944092 991.497070312
v 657.71081543 311.436462402 1002.73620605
v 657.784423828 313.857574463 1000.95202637
v 657.600585938 316.277435303 999.168884277
v 657.171081543 318.679016113 997.399230957
v 654.418212891 319.311401367 990.098693848
v 634.731994629 346.83605957 983.281188965
v 637.26184082 345.549591064 984.252868652
v 639.711547852 344.172332764 985.290283203
v 642.066833496 342.682861328 986.409423828
v 644.319396973 341.086517334 987.606323242
v 646.461120605 339.388946533 988.876953125
v 640.857910156 345.484466553 991.13848877
v 643.286315918 344.074707031 992.207397461
v 645.610656738 342.545623779 993.36328125
v 647.821716309 340.90423584 994.600830078
v 649.910400391 339.157012939 995.915527344
v 634.328063965 350.97253418 1000.91662598
v 639.196350098 347.934539795 996.211547852
v 641.791687012 346.749908447 997.119567871
v 644.293334961 345.424957275 998.129760742
v 646.689697266 343.967529297 999.23638916
v 648.970581055 342.385955811 1000.43334961
v 651.125854492 340.688049316 1001.71508789
v 653.144165039 338.879974365 1003.07678223
v 655.01373291 336.967285156 1004.51446533
v 651.866516113 337.309173584 997.303222656
v 648.483764648 337.595458984 990.217407227
v 644.898620605 337.835601807 983.261352539
v 641.139526367 338.039489746 976.439941406
v 637.230224609 338.222625732 969.76373291
v 633.190856934 338.41293335 963.247802734
v 636.828552246 331.235137939 961.937072754
v 639.099304199 332.931152344 967.088378906
v 641.207885742 334.600891113 972.359069824
v 645.036743164 334.361053467 979.124389648
v 648.688964844 334.078063965 986.040039062
v 652.134094238 333.737670898 993.094787598
v 655.336364746 333.331970215 1000.28308105
v 630.829223633 333.419769287 954.307556152
v 633.120605469 335.048095703 959.331054688
v 635.257507324 336.650970459 964.480712891
v 639.270568848 336.448028564 971.035095215
v 643.144287109 336.239440918 977.753723145
v 646.855895996 335.998382568 984.620544434
v 650.378051758 335.710296631 991.624389648
v 653.679077148 335.365661621 998.760375977
v 656.721618652 334.956390381 1006.02349854
v 656.460021973 327.345794678 997.851013184
v 654.588684082 325.644836426 992.264038086
v 657.54296875 325.075958252 999.538146973
v 656.514282227 321.04800415 995.653320312
v 658.419677734 322.748962402 1001.26690674
v 660.123779297 324.420593262 1006.94049072
v 659.237548828 326.749816895 1005.2020874
v 660.834411621 332.296173096 1015.03881836
v 659.593444824 330.665649414 1009.23742676
v 658.131835938 329.017486572 1003.50854492
v 657.886474609 336.561340332 1011.84735107
v 656.127807617 338.547943115 1010.35784912
v 654.200927734 340.427520752 1008.94604492
v 652.119934082 342.193359375 1007.61682129
v 649.897766113 343.83883667 1006.37512207
v 647.546813965 345.356750488 1005.22625732
v 645.078186035 346.737976074 1004.17681885
v 642.503295898 347.972442627 1003.23419189
v 639.835632324 349.051025391 1002.40496826
v 643.221862793 350.304107666 1015.86413574
v 643.209838867 351.420959473 1022.37994385
v 661.174621582 337.6847229 1025.26538086
v 659.513916016 339.73425293 1023.74743652
v 659.461730957 334.47479248 1013.40948486
v 658.820678711 338.152099609 1017.75518799
v 657.011108398 340.112609863 1016.29101562
v 657.653381348 341.666748047 1022.31433105
v 655.026672363 341.957092285 1014.91107178
v 655.61126709 343.473571777 1020.97235107
v 652.882751465 343.67791748 1013.62091064
v 653.40423584 345.14630127 1019.72784424
v 650.593444824 345.267486572 1012.4262085
v 651.047546387 346.676300049 1018.58703613
v 648.172058105 346.717590332 1011.33294678
v 648.555847168 348.054504395 1017.55657959
v 645.631164551 348.017700195 1010.34875488
v 645.942626953 349.268371582 1016.64562988
v 642.983215332 349.155914307 1009.4822998
v 661.819519043 340.204376221 1034.82128906
v 653.34185791 305.53414917 993.23260498
v 657.397583008 309.023864746 1004.51312256
v 661.039428711 314.782073975 1014.13000488
v 661.242797852 317.199615479 1012.32647705
v 661.15057373 319.627105713 1010.51586914
v 660.76953125 322.040985107 1008.71563721
v 652.853637695 303.148498535 994.947753906
v 656.838562012 306.63659668 1006.27044678
v 659.996276855 309.98538208 1017.70257568
v 665.396850586 323.656433105 1035.6361084
v 661.983703613 330.033935547 1016.72949219
v 662.88470459 327.70022583 1018.47229004
v 663.510498047 325.309356689 1020.25665283
v 663.829406738 322.882476807 1022.06738281
v 663.81048584 320.448272705 1023.8840332
v 663.453796387 318.037811279 1025.68359375
v 662.234069824 313.250427246 1029.25073242
v 658.91394043 303.801696777 1036.28015137
v 660.19354248 307.018157959 1047.91149902
v 645.381225586 290.163116455 990.278564453
v 639.655395508 271.451019287 1003.21881104
v 649.85925293 293.787475586 1001.67803955
v 647.311950684 278.49307251 1026.9888916
v 653.663085938 297.249908447 1013.17834473
v 656.709228516 300.567047119 1024.70861816
v 629.952636719 263.811767578 979.354187012
v 652.142211914 317.536895752 984.608154297
v 652.528198242 323.908813477 986.746704102
v 653.350219727 327.856719971 990.632507324
v 655.187805176 329.550140381 996.211791992
v 656.825805664 331.21383667 1001.86724854
v 658.25390625 332.853515625 1007.59942627
v 662.612426758 335.527435303 1026.86181641
v 663.057373047 338.471435547 1036.11999512
v 557.659179688 169.420333862 890.883361816
v 552.066955566 161.280044556 892.23046875
v 563.05065918 163.165283203 927.536193848
v 556.571044922 155.224212646 929.7109375
v 545.978088379 153.496139526 893.518493652
v 544.13848877 146.598266602 913.116760254
v 539.415649414 146.098175049 894.7421875
v 549.253295898 147.721588135 931.780029297
v 535.320251465 136.617492676 944.347229004
v 543.748901367 141.933242798 943.063110352
v 533.103149414 135.45123291 934.810180664
v 541.315246582 141.024307251 933.554199219
v 530.94708252 134.468673706 925.273864746
v 510.638427734 127.692329407 955.411010742
v 517.98828125 128.680267334 945.654724121
v 508.857696533 125.227371216 946.155761719
v 516.086730957 126.74899292 936.272155762
v 546.237609863 143.023483276 952.549743652
v 544.339538574 141.712127686 962.749755859
v 542.216674805 141.229263306 972.669555664
v 574.177185059 162.36479187 984.0390625
v 568.230773926 159.402191162 966.177368164
v 560.198669434 151.973709106 969.057678223
v 554.645019531 149.512130737 950.499389648
v 550.49041748 146.08380127 951.61730957
v 568.715820312 171.419235229 925.278320312
v 575.04498291 167.418701172 963.051513672
v 580.679382324 175.794174194 959.761901855
v 587.20690918 173.740905762 997.474487305
v 565.799682617 155.063522339 987.266540527
v 561.196472168 151.854431152 988.649902344
v 556.472595215 149.14906311 989.739746094
v 546.779846191 143.281402588 972.124694824
v 549.234313965 145.02545166 981.393981934
v 551.690124512 146.934890747 990.535766602
v 554.134399414 148.997177124 999.531433105
v 559.065734863 152.108322144 1008.0112915
v 556.554321289 151.197219849 1008.36523438
v 554.041320801 150.414642334 1008.63781738
v 551.532653809 149.756622314 1008.831604
v 549.226867676 147.403625488 1000.02331543
v 546.897583008 145.188247681 991.049133301
v 544.55682373 143.125854492 981.924926758
v 537.394592285 142.903060913 991.348815918
v 535.26184082 140.465988159 982.320739746
v 598.696655273 181.192153931 1030.07019043
v 595.158874512 177.226043701 1032.47167969
v 583.833312988 169.686538696 999.517944336
v 580.050720215 165.795715332 1001.4654541
v 575.872680664 162.116928101 1003.29241943
v 586.637695312 170.099411011 1036.734375
v 571.333740234 158.691711426 1004.97833252
v 561.269836426 155.941696167 1025.49865723
v 558.645080566 155.306503296 1025.74414062
v 563.004089355 160.531204224 1042.06958008
v 535.442626953 137.660903931 963.664123535
v 537.666564941 139.562911987 972.994567871
v 539.90032959 141.639633179 982.212768555
v 542.132751465 143.880508423 991.297119141
v 544.352600098 146.272064209 1000.22906494
v 546.54864502 148.798294067 1008.99291992
v 553.80279541 152.229782104 1017.46148682
v 545.676696777 153.940719604 1025.78588867
v 549.523193359 159.957336426 1041.85217285
v 554.870849609 159.869598389 1042.15307617
v 552.882080078 156.996795654 1034.1640625
v 560.27923584 160.178970337 1042.18640137
v 558.188171387 157.460327148 1034.14685059
v 533.125061035 138.190109253 973.156921387
v 512.430664062 130.345474243 964.592285156
v 530.994506836 136.086685181 963.87878418
v 507.096221924 122.955299377 936.853881836
v 497.812469482 119.539741516 937.339599609
v 489.776275635 119.382553101 946.878723145
v 492.805267334 125.676834106 964.992248535
v 491.289367676 122.432044983 955.975097656
v 512.401184082 123.450180054 917.500183105
v 385.994812012 93.8978500366 921.690917969
v 463.589599609 100.900039673 902.242919922
v 446.279541016 101.847373962 920.715637207
v 428.002532959 105.573722839 938.782836914
v 541.606140137 148.200912476 1008.92822266
v 539.512817383 145.487060547 1000.22302246
v 519.559997559 142.632659912 1000.10931396
v 517.79901123 139.338973999 991.451049805
v 497.311065674 136.457641602 991.33392334
v 495.822021484 132.705703735 982.692443848
v 476.155761719 134.515274048 991.017578125
v 473.652313232 126.24294281 973.869018555
v 431.348052979 122.490974426 973.575012207
v 429.682800293 113.611351013 956.333129883
v 387.661468506 110.453346252 956.331420898
v 432.976348877 132.067230225 990.3203125
v 478.580718994 143.293624878 1007.52404785
v 480.890533447 152.353378296 1023.3046875
v 500.221374512 144.330505371 1008.12005615
v 503.002227783 152.522720337 1024.17578125
v 521.293884277 146.042053223 1008.5947876
v 345.337310791 124.538642883 981.561584473
v 345.332366943 141.015533447 1005.47015381
v 483.048614502 161.442779541 1038.31958008
v 527.804504395 160.360229492 1040.63793945
v 524.649597168 153.114868164 1025.00891113
v 613.98260498 237.305252075 964.890380859
v 624.519348145 245.004974365 990.86517334
v 634.824645996 240.962753296 1054.62536621
v 628.68572998 222.167404175 1068.45837402
v 614.380981445 197.039199829 1054.71118164
v 617.916320801 206.218902588 1048.34985352
v 608.16583252 198.700454712 1019.32043457
v 611.739135742 207.836761475 1013.69030762
v 601.001037598 200.089416504 983.964172363
v 608.047058105 218.512207031 974.500671387
v 596.912414551 211.806671143 945.435913086
v 602.623840332 230.717666626 937.938049316
v 590.965148926 226.140106201 910.081359863
v 567.264709473 186.644866943 888.033325195
v 578.135192871 188.817184448 920.462890625
v 585.354370117 184.499954224 956.305908203
v 592.785583496 182.204208374 993.165771484
v 601.731445312 185.358352661 1027.52990723
v 608.67376709 188.577301025 1060.55529785
v 576.399291992 171.974945068 1071.78808594
v 579.289123535 172.463256836 1071.47998047
v 575.475158691 167.41166687 1056.76025391
v 578.263427734 168.194137573 1056.29467773
v 573.875366211 163.350326538 1040.65112305
v 576.542907715 164.425140381 1040.04858398
v 571.671875 159.882995605 1023.60272217
v 596.105285645 177.493515015 1050.42700195
v 600.280090332 181.072814941 1048.11865234
v 591.127746582 173.510543823 1034.70373535
v 569.102722168 158.68107605 1024.21704102
v 566.506652832 157.62550354 1024.73706055
v 571.178161621 162.426681519 1041.1529541
v 568.461425781 161.651229858 1041.55529785
v 572.665466309 166.777740479 1057.12341309
v 569.843688965 166.288879395 1057.38623047
v 573.496154785 171.627304077 1071.9967041
v 570.588500977 171.417053223 1072.10803223
v 582.15625 173.095397949 1071.07043457
v 581.019836426 169.128005981 1055.72521973
v 579.17010498 165.653717041 1039.34411621
v 592.341918945 178.066452026 1076.3614502
v 597.643188477 180.423812866 1074.72387695
v 590.513305664 175.88067627 1069.21655273
v 595.73651123 178.404510498 1067.51245117
v 586.390930176 171.456985474 1054.27160645
v 591.452819824 174.275695801 1052.4855957
v 581.743774414 167.033981323 1038.53991699
v 576.686584473 162.730789185 1022.09124756
v 566.519042969 155.644393921 1006.44610596
v 580.981079102 174.988540649 1078.47143555
v 586.750488281 176.238479614 1077.62207031
v 584.99029541 173.874435425 1070.55737305
v 587.780273438 174.80291748 1069.93920898
v 583.733398438 170.216064453 1055.05041504
v 616.295959473 195.066268921 1088.40600586
v 618.105102539 196.997375488 1086.98205566
v 612.831848145 191.951553345 1074.87414551
v 616.114624023 195.999069214 1071.96789551
v 611.845947266 192.679656982 1057.72644043
v 604.273376465 189.687744141 1024.87438965
v 597.081665039 191.060714722 988.61126709
v 589.590820312 193.427276611 952.751464844
v 585.581298828 207.142700195 915.362670898
v 599.373901367 182.404556274 1081.71166992
v 606.004943848 186.882888794 1086.60327148
v 600.914367676 184.34526062 1088.45458984
v 596.725280762 184.499206543 1096.23571777
v 589.750427246 180.925476074 1090.95202637
v 608.890258789 188.299179077 1077.49377441
v 610.622619629 189.958267212 1084.36047363
v 612.159484863 191.578445435 1090.98132324
v 575.118713379 174.297027588 1078.92224121
v 570.641784668 176.925064087 1085.57678223
v 582.51171875 177.506378174 1085.19177246
v 583.867370605 180.016571045 1091.61743164
v 576.588256836 176.959732056 1085.5690918
v 577.892028809 179.615264893 1091.91308594
v 561.003051758 184.074295044 1096.66125488
v 566.960205078 183.123703003 1097.34057617
v 564.73223877 177.376663208 1085.23339844
v 567.684204102 171.340560913 1072.12463379
v 567.018554688 165.941589355 1057.55102539
v 565.733947754 161.020629883 1041.86010742
v 563.892944336 156.713562012 1025.16357422
v 561.568725586 153.151123047 1007.57446289
v 564.197753906 165.732086182 1057.6204834
v 558.597595215 165.710388184 1057.48376465
v 561.914733887 171.574203491 1071.8840332
v 558.885742188 178.19140625 1084.62805176
v 537.179260254 187.726821899 1094.05358887
v 590.962158203 183.27897644 1097.15197754
v 585.034606934 182.551239014 1097.70544434
v 579.017089844 182.296768188 1097.91101074
v 639.720825195 247.131088257 1078.49755859
v 637.604309082 244.086120605 1066.77404785
v 633.635498047 228.166488647 1092.61083984
v 631.519836426 225.19203186 1080.83190918
v 630.647460938 218.658126831 1099.68359375
v 650.196350098 281.751434326 1038.71972656
v 628.122375488 210.700195312 1112.3572998
v 627.401855469 209.20463562 1106.71508789
v 629.901611328 215.392883301 1108.87866211
v 628.52722168 215.721420288 1087.875
v 625.284484863 206.303970337 1094.87805176
v 629.16619873 213.896697998 1103.22521973
v 614.309082031 193.257156372 1089.74121094
v 616.860534668 196.364639282 1102.29638672
v 618.960876465 198.0834198 1101.00854492
v 594.217468262 245.531188965 904.693359375
v 613.487121582 193.186599731 1097.34899902
v 604.892700195 187.381942749 1094.08898926
v 606.055603027 189.227554321 1100.31652832
v 607.435546875 188.63659668 1093.15844727
v 608.650085449 190.39201355 1099.44104004
v 611.133178711 191.712493896 1098.45117188
v 597.771179199 186.671051025 1102.25476074
v 599.522949219 185.313186646 1095.62780762
v 585.999816895 185.143493652 1103.44750977
v 591.96295166 185.68157959 1103.01916504
v 624.049133301 204.077102661 1096.53552246
v 616.430725098 199.901168823 1120.40771484
v 616.077331543 198.139816284 1114.99304199
v 613.525085449 196.913375854 1115.92236328
v 615.459777832 196.447067261 1109.34899902
v 612.978149414 195.130172729 1110.34570312
v 592.738769531 188.157546997 1108.55908203
v 595.683959961 188.476638794 1108.30151367
v 598.585571289 188.900497437 1107.96520996
v 601.444824219 189.471496582 1107.51977539
v 604.250366211 190.205200195 1106.95422363
v 606.986083984 191.104263306 1106.2668457
v 609.634338379 192.170150757 1105.45690918
v 612.176147461 193.403518677 1104.52392578
v 614.591796875 194.802780151 1103.46960449
v 618.485473633 199.557937622 1113.92370605
v 572.973754883 182.494949341 1097.78381348
v 574.583374023 188.280014038 1108.57702637
v 579.950500488 185.038116455 1103.55480957
v 580.679504395 187.864654541 1108.85107422
v 586.749450684 187.818283081 1108.84936523
v 562.479736328 190.07661438 1107.3092041
v 575.087097168 191.320587158 1113.45544434
v 581.191162109 190.801696777 1113.80554199
v 587.269958496 190.600372314 1113.91662598
v 593.27557373 190.730895996 1113.77697754
v 593.559265137 193.426086426 1118.67834473
v 596.234008789 190.924865723 1113.60949707
v 596.526977539 193.486877441 1118.60949707
v 599.154174805 191.210525513 1113.37231445
v 599.462585449 193.624679565 1118.48156738
v 602.041809082 191.645996094 1113.02380371
v 602.37689209 193.914520264 1118.24072266
v 604.886047363 192.252365112 1112.54907227
v 605.259643555 194.383636475 1117.86743164
v 607.66986084 193.033569336 1111.94555664
v 608.092651367 195.037246704 1117.35839844
v 622.573608398 201.953338623 1098.11804199
v 622.756164551 202.946121216 1111.38256836
v 623.335571289 204.506698608 1116.96020508
v 623.656066895 206.133987427 1122.34094238
v 628.601501465 212.249176025 1117.82348633
v 627.250244141 210.054244995 1119.44311523
v 616.506103516 201.75100708 1125.59863281
v 613.803100586 198.773605347 1121.25952148
v 610.85534668 195.879592896 1116.71057129
v 610.374145508 193.992233276 1111.21142578
v 602.43572998 196.299713135 1123.17541504
v 605.356811523 196.62121582 1122.91442871
v 608.24017334 197.137084961 1122.51062012
v 611.063842773 197.853118896 1121.95996094
v 613.798095703 200.731536865 1126.36279297
v 610.985412598 199.934188843 1126.96484375
v 608.098144531 199.354553223 1127.40771484
v 605.163024902 198.987030029 1127.69555664
v 599.241516113 198.858001709 1127.82702637
v 599.496459961 196.166152954 1123.2980957
v 596.54864502 196.186386108 1123.30664062
v 622.481628418 208.139587402 1131.19006348
v 623.59564209 208.941635132 1130.60534668
v 623.704650879 207.846939087 1127.53125
v 625.160461426 210.259292603 1129.640625
v 625.716796875 209.67364502 1126.19226074
v 627.400268555 212.708450317 1127.83679199
v 627.434082031 211.691497803 1124.71435547
v 628.518310547 214.339431763 1126.62976074
v 628.827331543 213.869369507 1123.12011719
v 629.874023438 217.100387573 1124.57836914
v 629.87689209 216.171966553 1121.43530273
v 630.662658691 218.544799805 1119.69921875
v 621.229370117 202.773925781 1118.2532959
v 620.721252441 201.162872314 1112.71813965
v 620.871520996 199.950546265 1099.6126709
v 663.697570801 319.27722168 1050.33850098
v 663.872802734 319.807983398 1049.95300293
v 618.916748047 201.23588562 1119.40466309
v 616.289916992 203.709640503 1130.57189941
v 607.9140625 200.514297485 1129.76245117
v 602.203979492 198.824279785 1127.83337402
v 601.974609375 200.145965576 1130.06018066
v 604.952636719 200.225204468 1129.98791504
v 604.664123535 201.503707886 1132.21606445
v 607.652282715 201.711608887 1132.05541992
v 607.310913086 202.949157715 1134.28747559
v 610.298950195 203.30355835 1134.02661133
v 598.683410645 201.723770142 1132.07385254
v 592.751403809 202.484207153 1131.53515625
v 592.305541992 204.355270386 1133.6159668
v 586.789550781 203.301925659 1130.95068359
v 582.680847168 205.840454102 1132.41442871
v 562.821289062 206.980285645 1128.28808594
v 552.959838867 210.484603882 1129.01904297
v 593.311218262 199.278579712 1127.55200195
v 599.001281738 200.26776123 1129.98535156
v 601.667236328 201.511047363 1132.21984863
v 604.295776367 202.825531006 1134.38037109
v 593.575866699 196.267288208 1123.26831055
v 587.547729492 193.51499939 1118.65478516
v 587.569335938 196.586837769 1123.06958008
v 581.47253418 193.874893188 1118.42468262
v 575.431762695 197.82635498 1122.2109375
v 575.373901367 194.494186401 1117.99780273
v 563.23236084 196.411148071 1116.63098145
v 587.321105957 199.840789795 1127.16625977
v 575.248535156 201.342514038 1126.10168457
v 563.17755127 203.281051636 1124.70019531
v 539.069152832 207.094207764 1121.94116211
v 516.447631836 215.459030151 1125.4822998
v 486.762390137 178.738189697 1065.93640137
v 489.427368164 193.704544067 1089.78503418
v 538.402099609 194.014923096 1104.51672363
v 441.50680542 197.919754028 1086.74267578
v 490.27432251 200.417098999 1099.97424316
v 539.052734375 200.405899048 1113.77526855
v 610.230163574 203.533538818 1134.46594238
v 609.024414062 203.362609863 1134.57775879
v 562.286499023 162.941818237 1050.01391602
v 556.779785156 162.779998779 1049.92919922
v 553.062438965 166.087783813 1057.07092285
v 530.696838379 167.582595825 1055.44116211
v 485.018188477 170.311172485 1052.54455566
v 439.800140381 181.844055176 1063.4317627
v 436.034759521 152.429763794 1021.82873535
v 437.421356201 162.667724609 1036.47644043
v 392.615234375 183.699325562 1061.94189453
v 531.372741699 233.043655396 706.366760254
v 531.554443359 251.816070557 707.924804688
v 531.104003906 230.509963989 695.470825195
v 531.595336914 249.073059082 696.339477539
v 501.244262695 141.810760498 721.292785645
v 498.611206055 139.486175537 701.672119141
v 496.62020874 135.559494019 684.799987793
v 496.074371338 130.88230896 744.139892578
v 493.889648438 131.719268799 721.700805664
v 491.886444092 130.449951172 701.861999512
v 489.889587402 126.841812134 684.799987793
v 482.445220947 111.024330139 771.108520508
v 480.088256836 112.865875244 745.514892578
v 478.496520996 114.224136353 722.617736816
v 477.656066895 114.401580811 702.311096191
v 477.569671631 113.240615845 684.800048828
v 535.825683594 195.012893677 771.64050293
v 531.077880859 197.715698242 747.261230469
v 557.544921875 216.338165283 826.618103027
v 549.279174805 219.391662598 799.808227539
v 550.473510742 228.995269775 800.527526855
v 543.243164062 232.339645386 775.447631836
v 595.312011719 265.022796631 899.250183105
v 588.524414062 263.788299561 887.348999023
v 588.035400391 244.207702637 891.681152344
v 581.977844238 243.479568481 878.630065918
v 579.532348633 223.969238281 881.858093262
v 574.060852051 223.764328003 867.835266113
v 566.964050293 214.453201294 854.596191406
v 568.806945801 224.073364258 853.95123291
v 576.11114502 243.316329956 865.608398438
v 581.89855957 263.139251709 875.377441406
v 548.14251709 169.563354492 857.820922852
v 557.519775391 186.729568481 856.508117676
v 549.028747559 188.593765259 826.402587891
v 552.520568848 197.618347168 826.428649902
v 544.932739258 200.676528931 798.538635254
v 547.429138184 209.941970825 799.138793945
v 540.758605957 213.345199585 773.334106445
v 640.243652344 350.121612549 1008.74133301
v 640.411132812 351.149749756 1015.22076416
v 640.328735352 352.139007568 1021.84368896
v 541.345825195 153.452331543 876.031555176
v 530.155822754 155.856292725 826.930053711
v 519.797912598 141.675430298 826.739440918
v 522.352844238 140.422348022 843.084106445
v 538.045776367 182.841018677 797.700622559
v 540.20690918 171.389038086 826.614074707
v 537.18536377 153.87109375 859.082702637
v 525.275695801 139.527420044 860.084899902
v 503.66217041 118.992721558 918.226257324
v 508.932525635 120.873580933 898.924072266
v 517.132507324 126.472740173 897.994445801
v 513.808898926 125.246879578 879.748657227
v 521.488952637 132.061065674 878.677368164
v 505.741119385 118.958618164 880.762695312
v 497.358978271 113.283027649 881.698120117
v 500.398620605 115.785636902 899.768981934
v 491.563140869 111.228225708 900.526062012
v 494.620727539 114.988327026 918.856506348
v 485.312896729 111.463890076 919.390136719
v 488.271881104 116.535705566 937.730102539
v 478.509216309 113.971176147 938.029785156
v 469.830230713 115.153594971 947.257324219
v 528.611206055 139.067108154 877.703552246
v 524.966674805 132.561080933 896.983947754
v 520.80065918 128.325210571 916.689208984
v 522.743469238 129.509506226 926.137268066
v 524.744689941 130.875198364 935.610595703
v 526.793884277 132.426086426 945.078186035
v 528.88067627 134.163772583 954.510437012
v 431.383270264 80.7599258423 705.505554199
v 433.501678467 80.5371704102 684.799987793
v 430.2472229 78.8372421265 684.799987793
v 462.860137939 101.09866333 703.175964355
v 446.900878906 89.2759399414 726.031555176
v 462.888702393 100.380119324 724.126464844
v 447.521362305 88.0618133545 749.797180176
v 463.959960938 98.9284286499 747.473632812
v 432.072357178 78.9416809082 778.071350098
v 430.821563721 79.5000228882 752.058349609
v 430.542938232 80.3276748657 727.929992676
v 345.357116699 58.4299736023 684.800048828
v 345.356628418 60.1042327881 709.86328125
v 363.686065674 59.3359336853 684.800048828
v 362.999420166 60.9121017456 709.247070312
v 374.609680176 60.7410774231 684.799987793
v 380.189483643 64.3133010864 783.568847656
v 379.772888184 63.9095001221 757.556030273
v 362.655181885 61.5462799072 733.800292969
v 379.849182129 63.8412437439 732.654174805
v 380.506317139 63.3690872192 708.495605469
v 381.837921143 62.0340538025 684.800048828
v 416.5105896 73.6161727905 808.070495605
v 414.839935303 72.5457305908 780.172180176
v 413.909057617 72.6945724487 754.134338379
v 413.847320557 73.1638717651 729.692565918
v 414.79800415 73.2685012817 706.608032227
v 416.914642334 72.6859436035 684.800048828
v 481.252319336 103.227149963 831.613830566
v 485.609191895 109.622055054 799.474243164
v 477.331451416 102.740707397 800.570495605
v 474.265136719 103.774284363 772.151977539
v 436.979675293 82.1747894287 836.43963623
v 455.012939453 88.8647918701 834.683166504
v 453.256378174 87.6344146729 819.077148438
v 462.03692627 91.9219360352 818.010864258
v 460.351501465 91.4716796875 802.904052734
v 468.910003662 96.7140045166 801.72833252
v 465.987640381 97.4089660645 773.312133789
v 528.760620117 212.170913696 694.699401855
v 524.595153809 194.203811646 694.103210449
v 529.262084961 214.540557861 704.979248047
v 525.257385254 196.438949585 703.898681641
v 527.54498291 198.530334473 724.782226562
v 521.518371582 180.924026489 723.934204102
v 524.53515625 180.165298462 746.284118652
v 517.034912109 164.546508789 745.67199707
v 520.357788086 162.104156494 770.21295166
v 512.333862305 148.234176636 768.438842773
v 515.60925293 144.881027222 796.141662598
v 509.427124023 136.103286743 796.45501709
v 513.344848633 133.483337402 827.321960449
v 505.781097412 124.737632751 828.414794922
v 500.190155029 116.90587616 846.000549316
v 494.553253174 111.43561554 864.102905273
v 488.687133789 108.217506409 882.56237793
v 482.45993042 107.218261719 901.192443848
v 475.774047852 108.442802429 919.828552246
v 468.556793213 111.864822388 938.245056152
v 471.107055664 118.653106689 956.216247559
v 440.381835938 87.5601806641 868.797790527
v 459.022399902 93.3497467041 867.512390137
v 456.940093994 90.748878479 850.839538574
v 465.978637695 94.5516281128 849.979858398
v 463.916778564 92.9226379395 833.712585449
v 472.674407959 97.704208374 832.678161621
v 470.690643311 96.9503250122 816.895568848
v 421.567901611 82.8675384521 869.89630127
v 523.16595459 187.69708252 684.800048828
v 518.088012695 173.919998169 684.799987793
v 519.3984375 178.914718628 703.392944336
v 512.204772949 162.74168396 703.104309082
v 514.395568848 165.06690979 723.419433594
v 506.969848633 150.873855591 721.512084961
v 509.580383301 150.631866455 743.61920166
v 503.717712402 141.368545532 743.502380371
v 506.333648682 139.08480835 768.510192871
v 498.633331299 128.758285522 769.352172852
v 501.790496826 126.387550354 797.454345703
v 493.750671387 117.453186035 798.461303711
v 497.805389404 116.670402527 829.498962402
v 489.632263184 109.530891418 830.548950195
v 491.978668213 110.200965881 847.036804199
v 483.527313232 104.261436462 848.055053711
v 486.007019043 105.909111023 865.054199219
v 477.216247559 101.057037354 865.949645996
v 479.755279541 103.764717102 883.349914551
v 470.595550537 99.9293441772 884.05267334
v 473.123474121 103.771347046 901.76550293
v 466.038574219 105.941490173 920.174682617
v 448.373168945 108.429924011 938.55090332
v 418.797058105 76.8103561401 837.982055664
v 402.62612915 79.2504272461 870.797180176
v 400.51940918 72.7151489258 839.287963867
v 398.783966064 69.1215209961 809.713684082
v 397.533691406 67.7016830444 782.016174316
v 396.876739502 67.5307998657 755.979187012
v 396.925384521 67.6946868896 731.278259277
v 397.802215576 67.4810562134 707.611755371
v 403.140563965 67.5998001099 684.799987793
v 383.592346191 76.6903610229 871.491760254
v 382.17956543 69.8407897949 840.339172363
v 381.017852783 65.9781188965 811.072387695
v 385.170532227 87.1470184326 904.530700684
v 404.98526001 89.3071289062 904.171386719
v 423.09197998 87.1418533325 886.563232422
v 442.259979248 91.4437484741 885.695617676
v 461.24420166 96.7182922363 884.661682129
v 468.209381104 96.8706893921 866.774597168
v 474.85269165 99.0529251099 849.043334961
v 365.279083252 85.8470153809 904.746887207
v 364.493835449 75.1737442017 871.97467041
v 363.790985107 68.1519851685 841.124694824
v 363.214263916 64.1301879883 812.129699707
v 362.805725098 62.3105163574 784.809143066
v 531.5546875 216.807632446 726.493774414
v 399.530700684 424.394104004 684.799987793
v 397.236999512 422.202514648 710.411437988
v 403.033966064 423.294891357 684.799987793
v 455.171600342 396.749053955 684.800048828
v 458.609405518 391.66519165 712.274475098
v 444.496673584 401.276062012 711.811096191
v 429.488464355 409.62979126 711.344848633
v 430.147399902 412.073669434 684.799987793
v 449.146148682 400.945983887 684.799987793
v 456.575256348 391.171813965 737.713195801
v 442.451873779 397.874328613 748.896118164
v 442.549163818 399.622528076 737.029602051
v 427.830230713 402.071380615 759.607177734
v 427.745849609 407.007629395 736.352111816
v 445.019012451 390.111663818 782.171936035
v 442.866088867 395.58416748 760.317810059
v 457.251190186 388.17956543 761.050598145
v 470.309234619 381.659820557 725.86126709
v 471.728363037 380.89831543 712.732299805
v 482.410797119 370.628692627 726.449707031
v 518.04510498 317.043579102 684.799987793
v 511.893859863 330.37612915 684.799987793
v 510.193939209 333.630584717 684.799987793
v 523.131347656 303.269439697 684.799987793
v 521.985839844 303.84954834 699.016113281
v 520.700378418 307.065643311 712.727905273
v 520.318603516 309.374298096 725.919250488
v 525.929504395 291.637420654 724.06262207
v 526.567321777 292.976898193 736.400085449
v 530.934936523 274.066314697 733.744445801
v 528.697021484 281.966827393 684.799987793
v 529.99005127 274.738616943 684.799987793
v 526.950805664 286.110656738 698.242858887
v 530.200317383 267.733428955 697.294677734
v 526.043273926 289.345245361 711.337463379
v 529.752258301 270.764953613 709.635864258
v 530.010009766 272.878540039 721.794433594
v 532.139404297 253.684570312 719.518737793
v 533.313842773 254.672180176 731.087097168
v 533.492919922 235.563842773 728.663208008
v 537.524108887 234.957931519 751.550964355
v 535.434448242 216.051742554 749.163452148
v 538.594116211 204.081192017 772.413513184
v 541.800415039 191.630783081 798.043640137
v 544.90435791 179.842987061 826.457336426
v 469.757873535 381.746856689 738.398010254
v 482.042602539 371.440246582 739.078430176
v 482.570831299 371.507781982 751.084899902
v 488.646057129 366.10256958 751.49822998
v 490.19418335 365.805114746 762.993774414
v 456.607879639 389.958831787 749.619445801
v 469.99508667 381.141906738 750.351074219
v 483.902984619 370.925933838 762.557983398
v 485.948272705 369.870666504 773.623840332
v 496.454681396 359.534423828 763.580932617
v 498.958984375 358.907104492 774.688781738
v 492.487548828 365.012115479 774.071044922
v 502.508911133 352.129516602 764.343505859
v 508.498352051 350.716796875 786.288513184
v 502.129638672 357.958953857 785.444641113
v 514.330444336 342.271179199 787.389953613
v 530.058166504 309.041259766 785.113464355
v 523.248962402 325.225250244 787.726257324
v 517.10736084 326.874603271 765.402587891
v 513.081237793 334.955230713 765.955383301
v 511.03125 335.111022949 754.194702148
v 506.158843994 343.748199463 753.653259277
v 504.970703125 343.190032959 741.352233887
v 499.542480469 351.575164795 740.550476074
v 493.87713623 357.770294189 727.171691895
v 463.889312744 390.018463135 684.800048828
v 477.490447998 377.698577881 684.799987793
v 474.094848633 379.545440674 699.036865234
v 486.20501709 366.877593994 699.291748047
v 483.76739502 369.082702637 713.181274414
v 494.987731934 355.656066895 713.718688965
v 504.693115234 341.880950928 728.334533691
v 509.780517578 334.635375977 741.813415527
v 515.077941895 327.081268311 753.622497559
v 524.045776367 311.006103516 762.453918457
v 535.820617676 290.910583496 782.989013672
v 493.816589355 359.104644775 739.937561035
v 500.602050781 352.18762207 752.739318848
v 508.17074585 343.661743164 765.342468262
v 519.280822754 333.474365234 788.125793457
v 537.289794922 254.285690308 754.208740234
v 470.941314697 379.934844971 761.799560547
v 472.518493652 378.302459717 772.860839844
v 380.247131348 426.264709473 709.945556641
v 379.51965332 421.91973877 734.386108398
v 379.433013916 415.275268555 757.6484375
v 379.877471924 407.275482178 779.753845215
v 380.75894165 399.209472656 800.814819336
v 396.134033203 418.235321045 735.028808594
v 396.040252686 411.988952637 758.270141602
v 396.778503418 404.411956787 780.294006348
v 398.193878174 396.754394531 801.249816895
v 464.673492432 378.70614624 803.500427246
v 448.61706543 384.362030029 802.866088867
v 470.465026855 373.903198242 822.973083496
v 453.281311035 378.856781006 822.398803711
v 455.891693115 376.301727295 831.712646484
v 418.092254639 386.709564209 821.426696777
v 435.815948486 383.135375977 821.882507324
v 415.343933105 393.431854248 801.737670898
v 432.1640625 389.285797119 802.277282715
v 413.307525635 400.557373047 780.878356934
v 429.404327393 395.770172119 781.505371094
v 412.199157715 407.564361572 758.923522949
v 412.243835449 413.239532471 735.684326172
v 413.694763184 416.633300781 710.877868652
v 416.811126709 418.216888428 684.800048828
v 487.347961426 368.303192139 823.602233887
v 502.941955566 361.178924561 805.329589844
v 488.620361328 368.523620605 784.356750488
v 518.321166992 341.273529053 797.859313965
v 512.408447266 349.665679932 796.733581543
v 510.117492676 355.542419434 805.985717773
v 491.836334229 366.998535156 794.770568848
v 495.513305664 365.374908447 804.886535645
v 503.915313721 362.083831787 824.282714844
v 548.492675781 268.437438965 803.805480957
v 543.962585449 287.840820312 805.584655762
v 538.448669434 306.236328125 806.976135254
v 548.860290527 303.570953369 828.209655762
v 531.766418457 322.951019287 808.74206543
v 542.18737793 320.892700195 828.696411133
v 527.821228027 331.410339355 808.850402832
v 538.160827637 329.531616211 828.390258789
v 492.031158447 366.375793457 784.559082031
v 495.402984619 364.968963623 794.969909668
v 499.245727539 363.453155518 805.08190918
v 507.997619629 360.352813721 824.473999023
v 517.581298828 357.498413086 842.813598633
v 513.143981934 359.06137085 842.612854004
v 527.272827148 355.197875977 860.128723145
v 522.498779297 356.60635376 859.894958496
v 536.438659668 353.731994629 876.516662598
v 531.36541748 354.992034912 876.222290039
v 539.481201172 354.432006836 892.060791016
v 506.575134277 358.539611816 805.630737305
v 515.924133301 355.784423828 825.026306152
v 512.010620117 358.256622314 824.721435547
v 526.129699707 353.284973145 843.388549805
v 521.920410156 355.575653076 843.071838379
v 536.445861816 351.37298584 860.763671875
v 531.932067871 353.455383301 860.41796875
v 546.217529297 350.342529297 877.257446289
v 541.3984375 352.183380127 876.86151123
v 555.159301758 350.396606445 893.293029785
v 550.045471191 351.97253418 892.838867188
v 554.004516602 352.258239746 900.844360352
v 546.66998291 354.88873291 908.081665039
v 510.910461426 359.438232422 875.165222168
v 518.025939941 358.384490967 890.721313477
v 524.382263184 358.388946533 906.472473145
v 552.758728027 356.131500244 925.170654297
v 529.805053711 359.260223389 923.338439941
v 513.540527344 352.196716309 806.396057129
v 523.339172363 349.752532959 825.80682373
v 519.709960938 352.945922852 825.388061523
v 534.049377441 347.647003174 844.192016602
v 530.181945801 350.637756348 843.762390137
v 544.937438965 346.237670898 861.616210938
v 540.789245605 348.962738037 861.163757324
v 550.875 348.220611572 877.702392578
v 555.349853516 345.829498291 878.193908691
v 550.228088379 345.89163208 869.991699219
v 554.321838379 343.047119141 870.508728027
v 548.867126465 343.213531494 862.118286133
v 552.556091309 339.907043457 862.667297363
v 537.706054688 344.328338623 844.676635742
v 541.126647949 340.699401855 845.215332031
v 526.784057617 346.219360352 826.283813477
v 530.017578125 342.362915039 826.821044922
v 516.816223145 348.515625 806.865478516
v 519.917236328 344.514160156 807.398620605
v 560.271789551 346.064086914 886.282470703
v 559.622802734 343.183166504 878.72869873
v 558.182128906 339.939788818 871.068908691
v 555.983947754 336.336883545 863.260131836
v 559.13104248 332.523498535 863.893066406
v 544.287658691 336.779724121 845.807861328
v 547.163635254 332.648010254 846.403747559
v 533.014160156 338.202545166 827.421813965
v 522.817077637 340.210174561 808.002746582
v 494.708435059 359.659240723 752.041503906
v 487.938873291 365.728210449 739.454833984
v 551.002929688 238.724945068 801.284179688
v 559.054504395 225.960189819 826.750793457
v 559.882507324 235.711639404 826.899841309
v 563.796386719 224.829574585 840.244262695
v 565.100708008 244.428070068 839.798339844
v 570.474914551 243.655303955 852.654418945
v 569.408752441 263.446411133 851.390319824
v 575.512023926 263.046813965 863.38269043
v 580.910705566 272.926269531 873.758300781
v 560.019775391 245.561004639 827.068115234
v 563.622497559 264.26675415 839.420227051
v 629.65057373 345.762176514 970.799621582
v 628.133056641 344.520904541 965.259521484
v 626.442382812 343.228240967 959.891052246
v 624.587524414 341.889282227 954.687316895
v 622.577331543 340.510101318 949.639404297
v 620.420776367 339.097839355 944.736633301
v 489.818511963 364.104858398 684.799987793
v 497.246734619 352.827636719 699.590515137
v 505.412567139 339.81137085 714.56652832
v 509.406524658 333.417938232 728.703979492
v 513.830688477 326.627258301 741.26348877
v 522.045715332 311.256469727 750.723571777
v 529.932678223 293.085906982 760.05291748
v 540.568603516 271.62298584 780.373657227
v 550.857055664 248.556808472 802.07824707
v 555.262207031 246.969787598 814.488586426
v 496.554351807 355.391204834 684.799987793
v 507.216278076 337.036315918 700.053039551
v 509.98651123 331.442749023 714.830383301
v 513.434509277 325.394378662 728.22064209
v 520.78515625 310.756622314 738.576477051
v 527.915527344 293.414703369 748.368225098
v 534.636352539 273.951965332 757.122558594
v 543.211669922 251.808441162 777.794677734
v 531.395141602 263.814910889 684.800048828
v 532.301086426 245.486053467 684.799987793
v 531.40612793 227.156555176 684.800048828
v 530.007568359 216.232116699 684.799987793
v 524.265197754 191.200378418 684.800048828
v 345.348419189 87.4711685181 910.125366211
v 345.351928711 75.7863311768 876.087524414
v 345.3543396 67.7617416382 842.340820312
v 345.355651855 63.3625144958 810.977783203
v 345.356262207 61.2901153564 774.273803711
v 345.356445312 60.7065887451 729.894714355
v 226.712860107 100.84148407 684.800048828
v 235.43057251 94.1108856201 684.799987793
v 205.465881348 52.8420372009 126.299766541
v 159.207046509 227.045028687 684.800048828
v 160.6121521 216.121429443 684.799987793
v 110.242401123 208.128128052 126.299720764
v 200.712585449 364.018249512 684.799987793
v 193.98197937 355.300567627 684.799987793
v 152.713134766 385.265167236 126.299888611
v 343.483825684 483.423065186 126.300140381
v 343.49911499 432.421325684 684.799987793
v 324.839355469 482.548828125 126.300086975
v 315.992523193 430.11895752 684.799987793
v 273.687530518 418.17401123 684.800048828
v 270.199737549 471.270233154 126.30002594
v 287.461639404 423.260253906 684.799987793
v 271.687225342 471.759460449 126.300033569
v 290.964233398 424.361572266 684.799987793
v 288.08480835 476.45010376 126.300033569
v 306.364715576 480.223419189 126.300109863
v 241.362869263 400.883728027 684.799987793
v 235.875137329 456.782714844 126.300010681
v 260.354949951 412.022796631 684.799987793
v 237.187820435 457.457214355 126.299964905
v 252.815307617 464.725158691 126.300041199
v 226.626251221 389.947387695 684.800048828
v 204.232025146 437.115997314 126.299934387
v 235.339920044 396.683197021 684.800048828
v 205.350509644 437.934143066 126.299949646
v 219.634063721 447.548339844 126.299934387
v 163.431442261 398.946929932 126.299850464
v 176.045822144 412.752044678 126.299880981
v 213.032501221 377.61932373 684.799987793
v 176.959259033 413.670959473 126.299949646
v 189.715881348 425.53338623 126.299911499
v 172.514175415 316.940063477 684.799987793
v 132.705322266 352.420837402 126.299827576
v 178.657455444 330.276275635 684.799987793
v 133.209152222 353.41619873 126.299819946
v 180.355407715 333.531768799 684.799987793
v 141.761245728 368.78125 126.299827576
v 152.007232666 384.287841797 126.299812317
v 161.883331299 281.856933594 684.799987793
v 118.613082886 317.932098389 126.299797058
v 167.436218262 303.162872314 684.799987793
v 118.927597046 318.908233643 126.299789429
v 124.955993652 335.385772705 126.299797058
v 159.196060181 263.703399658 684.800048828
v 110.07585907 281.666625977 126.299789429
v 160.594619751 274.627929688 684.799987793
v 110.220108032 282.5909729 126.299728394
v 113.64276886 300.0050354 126.299736023
v 108.102928162 225.909606934 126.299682617
v 107.302825928 244.513305664 126.299697876
v 158.301086426 245.37399292 684.799987793
v 107.301078796 245.358673096 126.299728394
v 107.956298828 263.07824707 126.299736023
v 172.557067871 173.816467285 684.799987793
v 119.178329468 171.183761597 126.299697876
v 167.470855713 187.590515137 684.800048828
v 118.971664429 171.816131592 126.299713135
v 166.369522095 191.093139648 684.800048828
v 114.069526672 189.074172974 126.299728394
v 110.361984253 207.382293701 126.299751282
v 189.847412109 141.491836548 684.799987793
v 133.535842896 136.804534912 126.299751282
v 178.708328247 160.483840942 684.800048828
v 133.273895264 137.316741943 126.299682617
v 125.681678772 153.716720581 126.299743652
v 200.783676147 126.755187988 684.799987793
v 153.082672119 105.087219238 126.299736023
v 194.047851562 135.468841553 684.799987793
v 152.796951294 105.479377747 126.299728394
v 142.680267334 120.574806213 126.299736023
v 191.011398315 64.2154922485 126.299697876
v 177.339828491 76.8090362549 126.299743652
v 213.111740112 113.161376953 684.800048828
v 177.060089111 77.0881652832 126.299720764
v 164.665649414 90.4627456665 126.299743652
v 418.691223145 19.0279083252 126.299964905
v 400.843017578 14.0015773773 126.299957275
v 382.459533691 10.3486671448 126.299919128
v 363.989685059 8.16484546661 126.299919128
v 345.372375488 7.43000411987 126.299888611
v 345.24508667 58.4300537109 684.799987793
v 345.229827881 7.42996120453 126.299888611
v 327.027648926 59.3249511719 684.800048828
v 326.579498291 8.16746616364 126.299888611
v 316.103179932 60.7235488892 684.799987793
v 308.174621582 10.3435792923 126.299819946
v 308.874145508 62.0121917725 684.800048828
v 289.935119629 13.9594068527 126.299819946
v 287.568206787 67.5651702881 684.799987793
v 271.941741943 19.0179786682 126.299766541
v 273.791046143 72.6430664062 684.800048828
v 254.378723145 25.4819984436 126.299751282
v 260.454803467 78.7863693237 684.799987793
v 237.506561279 33.2405929565 126.299797058
v 257.199310303 80.4843444824 684.799987793
v 221.2552948 42.3126602173 126.29977417
v 205.712875366 52.6629295349 126.299766541
v 485.251678467 52.9259109497 126.300033569
v 484.915496826 52.6819725037 126.300071716
v 469.577331543 42.4535865784 126.300064087
v 453.414367676 33.4028396606 126.300010681
v 453.124481201 33.2552719116 126.300041199
v 436.23034668 25.4848098755 126.300018311
v 418.91494751 19.100605011 126.299949646
v 499.680175781 64.2916183472 126.300094604
v 513.28527832 76.8319854736 126.300071716
v 513.642883301 77.1889953613 126.300094604
v 526.17010498 90.735496521 126.300140381
v 537.538574219 105.113418579 126.30014801
v 537.889038086 105.594779968 126.300163269
v 548.060974121 120.800872803 126.300132751
v 557.081115723 136.833435059 126.30014801
v 557.393005371 137.443862915 126.300163269
v 565.090393066 154.124694824 126.300201416
v 571.433898926 171.214553833 126.300178528
v 571.674560547 171.951828003 126.300193787
v 576.632568359 189.48600769 126.300201416
v 580.245361328 207.414276123 126.300262451
v 583.299438477 244.545684814 126.300285339
v 582.539978027 226.411270142 126.300254822
v 580.382019043 208.269088745 126.300247192
v 580.521362305 281.698760986 126.300262451
v 582.60369873 263.636260986 126.300300598
v 583.301086426 245.501373291 126.300254822
v 571.979187012 317.96295166 126.300331116
v 576.834350586 300.533081055 126.300285339
v 580.359741211 282.731781006 126.30027771
v 537.805175781 385.380554199 126.300270081
v 538.57598877 384.314117432 126.300315857
v 548.547729492 369.26373291 126.30027771
v 557.32824707 353.543304443 126.300292969
v 557.882263184 352.449829102 126.300285339
v 565.391235352 336.007629395 126.300323486
v 571.630493164 319.043823242 126.300338745
v 526.677185059 399.529663086 126.300270081
v 514.533508301 412.775054932 126.300262451
v 513.542053223 413.771759033 126.300285339
v 500.427398682 425.92880249 126.300254822
v 486.343994141 437.135192871 126.300247192
v 485.136260986 438.017913818 126.300285339
v 470.243865967 447.996765137 126.300262451
v 454.698181152 456.797607422 126.300216675
v 453.28729248 457.521881104 126.300254822
v 437.150878906 464.992279053 126.300231934
v 420.371612549 471.280426025 126.300193787
v 418.779296875 471.803497314 126.300201416
v 401.604644775 476.674285889 126.30014801
v 384.205413818 480.228759766 126.300117493
v 364.88583374 482.62286377 126.300102234
v 347.085876465 483.423248291 126.300125122
v 115.079475403 262.908813477 863.383056641
v 121.182510376 263.312072754 851.390686035
v 109.674827576 272.78503418 873.758666992
v 150.01789856 271.505950928 780.373840332
v 154.75428772 290.796386719 782.989196777
v 146.614105225 287.72177124 805.584838867
v 160.505905151 308.930480957 785.113586426
v 167.305374146 325.118591309 787.72644043
v 158.789215088 322.839263916 808.742248535
v 191.575195312 358.814971924 774.688964844
v 188.405075073 357.864959717 785.444824219
v 182.04069519 350.61895752 786.288696289
v 185.133087158 339.715332031 714.566650391
v 195.548416138 355.566375732 713.71875
v 196.65776062 357.681182861 727.171813965
v 246.012145996 401.21661377 711.811096191
v 213.356201172 102.661560059 800.570861816
v 221.781295776 96.640007019 801.72857666
v 224.70324707 97.3366775513 773.312316895
v 233.085250854 91.7666778564 774.535095215
v 275.90737915 73.2269210815 706.608093262
v 259.317596436 80.708404541 705.505615234
v 243.270736694 89.9231033325 704.330810547
v 243.794906616 89.215133667 726.031677246
v 125.501960754 244.296310425 839.79864502
v 120.128227234 243.520339966 852.654785156
v 121.807922363 223.939407349 853.951599121
v 130.725448608 235.582992554 826.900146484
v 130.582275391 245.432281494 827.06842041
v 200.354827881 200.330612183 1099.97473145
v 199.876907349 206.804336548 1109.13256836
v 248.257125854 211.33039856 1105.82116699
v 103.062187195 196.44203186 1123.07006836
v 103.308479309 199.696243286 1127.16674805
v 115.380149841 201.205184937 1126.10217285
v 79.5011291504 191.553405762 1098.4519043
v 77.1462478638 193.026000977 1097.34973145
v 76.0406341553 194.64151001 1103.47033691
v 128.731613159 171.444671631 1071.88476562
v 122.962234497 171.20765686 1072.12536621
v 120.001350403 176.790359497 1085.57739258
v 117.983688354 166.64175415 1057.12414551
v 115.173652649 167.274002075 1056.76098633
v 111.356666565 172.323287964 1071.48071289
v 122.190811157 161.51776123 1041.55603027
v 119.473579407 162.2915802 1041.15368652
v 257.693725586 132.015075684 990.321044922
v 259.327728271 122.439865112 973.575622559
v 217.021209717 126.166290283 973.869750977
v 151.149124146 145.370925903 1000.22375488
v 149.054168701 148.08354187 1008.92895508
v 169.367736816 145.936859131 1008.59558105
v 134.18711853 149.022766113 989.74041748
v 139.335571289 145.621078491 971.34588623
v 134.843780518 148.512588501 970.322753906
v 155.223983765 137.547073364 963.664855957
v 150.776397705 139.391983032 963.305419922
v 148.447814941 141.111373901 972.670288086
v 138.585510254 161.15612793 892.231079102
v 132.98840332 169.293151855 890.883911133
v 121.930541992 171.285400391 925.278991699
v 30.3717327118 306.829559326 1047.91235352
v 31.6532421112 303.613952637 1036.28076172
v 28.3273925781 313.060699463 1029.25146484
v 29.7865924835 321.852111816 1008.71624756
v 29.4070091248 319.438018799 1010.51654053
v 32.9589881897 316.090545654 999.169494629
v 33.0113067627 324.889007568 999.538757324
v 34.0928993225 327.159484863 997.85168457
v 32.4201583862 328.830200195 1003.50921631
v 57.017616272 345.475982666 977.46484375
v 59.5552864075 346.765930176 976.504394531
v 58.4102478027 347.870666504 982.367980957
v 33.72681427 306.450073242 1006.27111816
v 36.9078941345 297.065307617 1013.17895508
v 40.7137947083 293.605102539 1001.67871094
v 38.4166069031 317.353179932 984.608764648
v 37.2935600281 312.600982666 988.022766113
v 42.3221206665 308.976257324 977.135986328
v 38.0268211365 323.724945068 986.747253418
v 40.266998291 321.953369141 981.304748535
v 42.7550964355 326.353210449 978.14630127
v 51.2769317627 336.272003174 971.035644531
v 49.3407211304 334.423675537 972.359680176
v 51.4502410889 332.755310059 967.088867188
v 55.2568969727 306.28237915 953.190429688
v 56.8720397949 310.931945801 950.359008789
v 45.2413444519 318.328674316 970.682861328
v 67.9959259033 337.225280762 945.811950684
v 70.1250915527 338.933013916 944.737121582
v 67.9676971436 340.344024658 949.639953613
v 64.2337799072 324.154052734 942.371337891
v 67.4275283813 328.293548584 939.895324707
v 62.1573104858 331.60369873 949.401489258
v 74.5440292358 353.958435059 984.463623047
v 68.671585083 352.616516113 985.521484375
v 70.3800048828 351.001464844 973.334533691
v 91.579460144 327.668487549 909.058532715
v 97.7812805176 325.286529541 900.58203125
v 100.882331848 329.358734131 899.129455566
v 115.572792053 336.479492188 888.380981445
v 113.707183838 334.862792969 888.76751709
v 119.500862122 333.671081543 880.602478027
v 217.943984985 373.992828369 1009.77429199
v 213.955322266 373.682556152 1009.99865723
v 199.931274414 370.051483154 986.409973145
v 24.6858711243 325.914855957 1045.38232422
v 24.7605991364 325.070007324 1041.58935547
v 24.5913448334 326.28604126 1040.69848633
v 65.7223815918 209.85534668 1129.81408691
v 67.028465271 208.774978638 1130.60534668
v 66.9201049805 207.680297852 1127.53198242
v 68.4613342285 207.761993408 1131.34411621
v 69.7162475586 206.994613647 1131.90124512
v 69.1902694702 206.069259644 1128.71520996
v 76.827911377 204.124191284 1133.95239258
v 77.4613189697 203.962722778 1134.06469727
v 77.1316223145 202.647445679 1131.23864746
v 103.837982178 203.157684326 1130.95117188
v 97.876663208 202.336395264 1131.53552246
v 107.950035095 205.698974609 1132.41381836
v 332.354278564 225.757614136 1118.11608887
v 295.11730957 224.915466309 1118.70703125
v 257.92779541 223.093093872 1119.99511719
v 296.754180908 214.02482605 1103.77368164
v 280.830078125 224.331634521 1119.11914062
v 174.178985596 215.357192993 1125.48156738
v 200.062057495 218.293518066 1123.3996582
v 199.808883667 213.225784302 1117.43383789
v 210.87449646 219.373184204 1122.63293457
v 222.174026489 220.411300659 1121.89599609
v 247.916091919 222.434280396 1120.46166992
v 127.449981689 203.150863647 1124.70068359
v 127.80405426 206.850402832 1128.28845215
v 137.669815063 210.36114502 1129.01831055
v 93.107673645 203.400344849 1134.29626465
v 92.3414077759 203.077896118 1134.09350586
v 91.0175704956 203.13343811 1134.51831055
v 89.3477630615 202.769332886 1134.31359863
v 89.4161529541 202.996841431 1134.63842773
v 86.332069397 202.670608521 1134.38085938
v 85.5215530396 202.914169312 1134.74609375
v 78.9202651978 203.638580322 1134.2878418
v 80.3972015381 203.374801636 1134.46594238
v 80.3286056519 203.14503479 1134.02722168
v 76.0244903564 204.347915649 1133.79577637
v 75.7201766968 203.067459106 1130.92736816
v 76.8309402466 200.570922852 1126.36328125
v 73.23777771 205.304656982 1133.11767578
v 73.3145294189 205.274200439 1133.13952637
v 72.9879226685 204.088058472 1130.17358398
v 74.3373565674 203.547546387 1130.57250977
v 74.1222915649 201.588684082 1125.59924316
v 70.6015167236 206.5105896 1132.25146484
v 71.8979644775 205.876693726 1132.70800781
v 70.4091644287 205.349578857 1129.24438477
v 71.6768264771 204.688934326 1129.73071289
v 71.5516433716 202.830444336 1124.671875
v 64.9068603516 209.505889893 1126.19287109
v 64.9658737183 210.567077637 1129.2911377
v 63.1883888245 211.522628784 1124.71508789
v 63.0321731567 212.790054321 1127.65148926
v 63.4182929993 212.28805542 1128.02246094
v 61.793762207 213.699661255 1123.12084961
v 61.7841300964 214.715194702 1126.22509766
v 60.7428665161 216.001724243 1121.43591309
v 61.4070968628 215.427474976 1125.69604492
v 59.9556732178 218.374084473 1119.69970703
v 60.045463562 218.992355347 1123.06921387
v 56.5432472229 229.616775513 1115.37219238
v 38.2213973999 284.740325928 1050.34118652
v 31.4672298431 305.257110596 1060.41235352
v 46.3862915039 260.338043213 1093.08288574
v 25.6955356598 321.066467285 1037.40991211
v 26.9317684174 318.871307373 1050.49487305
v 27.1004447937 316.299224854 1040.92944336
v 24.3813915253 328.361328125 1043.55029297
v 24.5328350067 327.509765625 1039.80200195
v 24.5456695557 330.92489624 1041.62976074
v 25.839799881 330.744689941 1030.25817871
v 25.109287262 333.322692871 1039.83349609
v 25.2455749512 328.342712402 1032.03283691
v 24.636051178 331.449951172 1041.23632812
v 26.020570755 335.650390625 1038.09020996
v 25.6688728333 334.854949951 1038.68591309
v 25.4837303162 334.392700195 1039.03222656
v 29.3722438812 337.495635986 1025.26611328
v 31.0317382812 339.546081543 1023.74822998
v 30.588848114 341.124755859 1029.82580566
v 26.7478904724 333.08215332 1028.53039551
v 27.9357624054 335.337493896 1026.86254883
v 27.449924469 338.220489502 1036.16540527
v 28.7259407043 340.014709473 1034.82128906
v 32.3926963806 343.898956299 1031.90893555
v 31.8388824463 343.396118164 1032.28637695
v 30.0189590454 341.552886963 1033.6685791
v 79.5984420776 357.049560547 1010.53509521
v 72.1068649292 356.398162842 1022.46618652
v 67.6054229736 355.045074463 1012.09393311
v 53.7089118958 353.11151123 1024.92163086
v 173.764877319 370.018676758 1012.64978027
v 151.792175293 367.599761963 1014.40057373
v 151.818664551 365.238037109 989.816040039
v 133.269104004 365.330535889 1016.04302979
v 103.877174377 359.234466553 994.214050293
v 101.249961853 360.926696777 1019.21868896
v 80.0090408325 357.686035156 1021.53729248
v 296.712188721 375.633911133 982.660461426
v 296.732971191 378.160400391 1006.76422119
v 294.677459717 378.098937988 1006.80841064
v 335.143218994 378.844665527 1006.27539062
v 343.517028809 372.650695801 946.963378906
v 343.515167236 378.876800537 1006.25384521
v 343.510864258 393.157043457 820.825683594
v 327.416900635 400.744903564 800.432617188
v 343.507110596 405.710418701 789.176574707
v 327.82901001 409.083190918 779.2578125
v 343.506103516 409.098724365 780.622192383
v 328.030548096 417.349914551 757.057861328
v 343.503326416 418.324157715 756.086853027
v 343.501800537 423.405731201 739.735473633
v 327.979553223 424.216094971 733.755432129
v 343.501312256 425.077911377 733.195678711
v 327.625549316 428.749023438 709.479248047
v 343.499786377 430.178253174 705.083374023
v 343.500701904 427.15335083 723.660949707
v 297.951568604 370.902069092 935.23046875
v 297.132202148 372.97668457 957.173400879
v 249.070495605 370.933166504 958.615478516
v 248.248001099 373.523651123 984.023620605
v 254.263320923 376.376861572 1008.05090332
v 299.095153809 370.054412842 916.76171875
v 250.668487549 368.871459961 936.68170166
v 201.136123657 367.551177979 961.047668457
v 302.054473877 372.004516602 885.940002441
v 300.487701416 370.416534424 900.695800781
v 255.666748047 368.034912109 901.88079834
v 252.910995483 367.905090332 918.110900879
v 206.765518188 364.282684326 920.304138184
v 203.469070435 365.475189209 939.059631348
v 156.414245605 360.699707031 942.361938477
v 153.385391235 362.841552734 964.466918945
v 132.961532593 357.791809082 944.358825684
v 149.750732422 348.845489502 861.1640625
v 140.313720703 345.768859863 869.991943359
v 145.604232788 346.118041992 861.616455078
v 136.221740723 342.921875 870.508972168
v 141.676361084 343.091552734 862.118530273
v 132.363250732 339.812133789 871.069213867
v 137.989349365 339.782745361 862.667602539
v 128.756958008 336.457489014 871.668701172
v 134.563644409 336.210662842 863.260375977
v 128.572311401 328.359069824 864.5625
v 131.418777466 332.395385742 863.893310547
v 125.42275238 332.846221924 872.328186035
v 130.920669556 343.054656982 878.729064941
v 126.869598389 340.165405273 879.303466797
v 123.055549622 337.052307129 879.913024902
v 121.548797607 340.846282959 887.425964355
v 117.506370544 337.993164062 888.047058105
v 121.243377686 335.406036377 880.23840332
v 149.139648438 352.065887451 876.861755371
v 140.492767334 351.84979248 892.839172363
v 144.321655273 350.222167969 877.25769043
v 135.379867554 350.270904541 893.293334961
v 139.66545105 348.097351074 877.702697754
v 151.055526733 354.315582275 892.061157227
v 136.533554077 352.133209229 900.844665527
v 130.402755737 348.469696045 893.789245605
v 130.269927979 345.935302734 886.282714844
v 135.192062378 345.703552246 878.194274902
v 125.80821228 343.498626709 886.836303711
v 305.412231445 379.206878662 856.137145996
v 303.721099854 374.907501221 871.432861328
v 262.196807861 371.825195312 872.178710938
v 258.805267334 369.307037354 886.912353516
v 215.589813232 364.750610352 888.506958008
v 210.860412598 364.007720947 903.807434082
v 166.152130127 358.281585693 906.472839355
v 160.72883606 359.149658203 923.338867188
v 143.866485596 354.768035889 908.08203125
v 137.777008057 356.007171631 925.171081543
v 132.847106934 352.641204834 908.990356445
v 126.382141113 354.175384521 926.185241699
v 126.146949768 349.055297852 901.845703125
v 121.144920349 347.239013672 902.40057373
v 125.577568054 346.456115723 894.324584961
v 120.918983459 344.241149902 894.896240234
v 112.155921936 339.255889893 896.132995605
v 116.44090271 341.836730957 895.500488281
v 111.58556366 343.098571777 903.605285645
v 122.176742554 349.861236572 910.036743164
v 116.287246704 345.250030518 902.988220215
v 102.790283203 346.2003479 920.310668945
v 97.7576751709 344.4402771 920.966064453
v 102.235664368 342.548583984 912.486694336
v 99.9022750854 341.460174561 912.842285156
v 104.852607727 339.564453125 904.597290039
v 102.718528748 338.205871582 905.024047852
v 108.095306396 336.39151001 896.882995605
v 106.170425415 334.788360596 897.355407715
v 111.91493988 333.14630127 889.205749512
v 110.200775146 331.33505249 889.693359375
v 116.241706848 329.948944092 881.442749023
v 110.09261322 337.881713867 896.475219727
v 107.050369263 340.795654297 904.247680664
v 107.022239685 344.575317383 911.836608887
v 115.198410034 351.942565918 927.303466797
v 104.277420044 349.336303711 928.518493652
v 118.518424988 350.839904785 918.479370117
v 107.932411194 347.858276367 919.67590332
v 111.947067261 346.47555542 911.209350586
v 95.2910842896 343.490356445 921.325927734
v 97.6298751831 340.235351562 913.284667969
v 100.655487061 336.723052979 905.526855469
v 104.323402405 333.078125 897.889221191
v 113.307769775 325.919311523 882.420898438
v 83.980140686 336.69720459 924.484924316
v 89.2948074341 334.068511963 915.870422363
v 86.0829925537 338.308349609 923.684204102
v 91.2533493042 335.787353516 915.109436035
v 88.2715835571 339.7996521 922.963867188
v 93.2990646362 337.392120361 914.422485352
v 90.5402069092 341.165039062 922.327758789
v 95.4266052246 338.877044678 913.812866211
v 92.8823242188 342.397674561 921.780273438
v 81.9683151245 334.972167969 925.362487793
v 87.4283599854 332.241394043 916.702148438
v 94.9508361816 331.591705322 907.455078125
v 96.7663879395 333.410095215 906.745605469
v 98.6695556641 335.122406006 906.101867676
v 85.6417160034 330.319366455 917.600769043
v 102.559272766 331.26651001 898.481445312
v 94.9437789917 320.941619873 902.22644043
v 106.074180603 312.598724365 885.997497559
v 110.69190979 321.630737305 883.522338867
v 102.235206604 303.344970703 888.546020508
v 92.3679122925 316.438232422 903.978515625
v 95.5369262695 274.566162109 896.519836426
v 88.2727813721 276.330963135 907.739868164
v 88.4121017456 266.687683105 911.034973145
v 99.1736373901 293.916625977 891.142272949
v 84.5085220337 297.966278076 911.173706055
v 89.5079345703 286.094512939 904.429016113
v 82.3024673462 326.215454102 919.589416504
v 79.2801895142 321.896026611 921.733154297
v 73.1609573364 325.026306152 930.710632324
v 70.2055206299 320.754272461 933.057128906
v 87.9422836304 307.309234619 907.524780273
v 74.1127624512 313.049865723 926.143432617
v 67.5733184814 316.378601074 935.47253418
v 80.0391693115 333.144927979 926.313110352
v 78.1915512085 331.222442627 927.333984375
v 76.4305419922 329.207855225 928.423034668
v 82.1026153564 288.408538818 914.928588867
v 67.6029434204 294.39276123 935.569946289
v 73.9793930054 286.319549561 927.513916016
v 81.5521774292 269.056427002 922.667541504
v 81.0026397705 278.647033691 918.817565918
v 73.8191452026 281.454162598 929.748718262
v 54.1067276001 301.531890869 956.089599609
v 59.9747962952 293.008666992 948.543640137
v 66.8443222046 289.51751709 938.055541992
v 68.1848373413 275.181640625 945.44708252
v 66.8146362305 284.664215088 940.555603027
v 60.0814781189 288.169403076 951.289489746
v 59.9027481079 290.572418213 949.923278809
v 53.4531402588 294.24987793 960.548217773
v 53.4632301331 296.679443359 959.056152344
v 47.40234375 300.420806885 969.676818848
v 70.1847686768 303.875 930.760986328
v 112.243339539 353.125671387 936.641540527
v 82.0211029053 345.794250488 940.56829834
v 84.6232376099 346.78515625 940.002746582
v 82.8548660278 347.83984375 944.910217285
v 87.2846603394 347.632904053 939.537475586
v 88.3382415771 349.282470703 944.081359863
v 72.3403549194 340.537597656 943.738098145
v 70.2529525757 341.88684082 948.642028809
v 89.9960708618 348.335083008 939.173828125
v 101.016410828 350.853485107 937.870300293
v 109.679985046 354.356231689 946.616271973
v 77.0227432251 343.411956787 941.980163574
v 79.4853820801 344.667541504 941.229003906
v 77.5970001221 345.8359375 946.135620117
v 80.1939468384 346.905090332 945.475402832
v 78.5020751953 347.980773926 950.550048828
v 81.2184753418 348.861907959 949.987304688
v 79.7206726074 349.845550537 955.246337891
v 86.8050231934 350.205474854 949.160217285
v 84.1356430054 351.959350586 959.879394531
v 71.5017166138 350.084228516 967.517089844
v 70.0918045044 348.073822021 962.61315918
v 72.7917633057 349.097229004 961.888244629
v 71.5972061157 346.976531982 957.191833496
v 74.2426757812 348.056732178 956.454284668
v 73.2594223022 345.829833984 951.952758789
v 75.8469009399 346.967926025 951.206665039
v 75.0705947876 344.639343262 946.886108398
v 74.6391830444 342.03338623 942.817810059
v 72.6207046509 343.321105957 947.722839355
v 70.7454910278 344.57232666 952.784057617
v 69.0218734741 345.779998779 958.013000488
v 80.5464630127 354.916870117 983.689086914
v 76.1255950928 352.506500244 972.19744873
v 82.034072876 353.551330566 971.397094727
v 77.1675796509 351.678527832 966.34979248
v 78.3681411743 350.785888672 960.697570801
v 107.535087585 355.614776611 957.33190918
v 105.835235596 356.874938965 968.858337402
v 64.8433151245 349.075866699 974.77923584
v 63.8087654114 350.035461426 980.721862793
v 66.062538147 348.042236328 969.010192871
v 67.4581222534 346.938323975 963.419189453
v 79.7191619873 356.074310303 996.739318848
v 67.7266845703 353.957305908 998.442199707
v 68.0999450684 353.319824219 991.890197754
v 62.326839447 351.743804932 993.127929688
v 62.9671821594 350.923858643 986.838134766
v 104.607032776 358.07232666 981.165893555
v 55.8639602661 352.460784912 1014.08459473
v 56.2108802795 350.799407959 1000.9173584
v 56.7290916443 349.884429932 994.57409668
v 57.4652023315 348.90914917 988.391174316
v 63.4410018921 346.865814209 969.869812012
v 64.8960647583 345.695953369 964.30255127
v 66.5221481323 344.472442627 958.91418457
v 68.3106689453 343.200744629 953.69708252
v 68.3940200806 333.866210938 942.179992676
v 70.9574890137 332.30657959 937.506713867
v 70.3612747192 335.731231689 941.037353516
v 72.8551712036 334.225524902 936.375854492
v 72.419883728 337.497619629 939.967407227
v 74.8431243896 336.047271729 935.316772461
v 74.5642242432 339.161590576 938.972839355
v 76.9159545898 337.768249512 934.331970215
v 76.792678833 340.717346191 938.056518555
v 79.0728607178 339.382354736 933.424194336
v 79.108001709 342.155548096 937.222290039
v 81.3184051514 340.879394531 932.597351074
v 81.5045852661 343.470458984 936.473876953
v 83.6470184326 342.253509521 931.855224609
v 83.9764175415 344.655975342 935.815429688
v 86.0527648926 343.498596191 931.201721191
v 86.5168380737 345.70501709 935.251647949
v 88.529006958 344.607666016 930.641540527
v 89.1186981201 346.61050415 934.787353516
v 91.0686187744 345.573425293 930.179504395
v 91.7727279663 347.369659424 934.424072266
v 93.662399292 346.393218994 929.816955566
v 65.9584350586 335.417999268 946.960083008
v 65.7682418823 338.6980896 950.713439941
v 63.6601867676 336.952392578 951.860168457
v 59.7200584412 333.248840332 954.308044434
v 57.4276847839 334.875732422 959.331604004
v 50.4246444702 327.022094727 964.704528809
v 47.5803604126 322.77154541 967.623840332
v 55.6483001709 323.454559326 954.654663086
v 52.9986534119 319.12197876 957.464477539
v 61.3915367126 319.87902832 944.941467285
v 58.9273681641 315.468566895 947.60559082
v 53.7220420837 331.060638428 961.937561035
v 56.146232605 329.345458984 956.899291992
v 58.7128486633 327.616760254 951.965698242
v 56.0282173157 342.765350342 972.863525391
v 55.4531593323 339.74899292 968.547180176
v 57.6832885742 341.372924805 967.386169434
v 57.3554763794 338.240539551 963.248352051
v 59.5131950378 339.93637085 962.06427002
v 61.5086326599 338.4609375 956.891540527
v 55.2898406982 336.477325439 964.481262207
v 65.9566955566 341.721984863 954.687805176
v 63.6874847412 340.140899658 955.753479004
v 64.1010131836 343.059844971 959.891601562
v 61.762878418 341.546661377 960.942443848
v 62.4096107483 344.351531982 965.260070801
v 60.0035667419 342.909423828 966.288757324
v 60.8914070129 345.591888428 970.800231934
v 58.418762207 344.223968506 971.79901123
v 47.4033470154 336.061096191 977.754333496
v 49.4070129395 337.862457275 976.440490723
v 47.7198867798 339.407867432 981.965942383
v 48.0329856873 328.782348633 969.877990723
v 45.0884666443 324.573944092 972.836914062
v 43.4676399231 313.719055176 973.861999512
v 47.9561080933 305.263549805 966.507751465
v 32.7765769958 313.670471191 1000.95269775
v 37.0370597839 310.18762207 989.756652832
v 37.0038414001 307.764343262 991.497680664
v 41.8849372864 304.139343262 980.476135254
v 42.0201911926 301.721221924 982.148498535
v 47.461063385 297.997589111 971.267150879
v 47.7991409302 295.607910156 972.839111328
v 53.7120933533 291.8543396 962.024047852
v 55.8427963257 282.46270752 967.810058594
v 32.851688385 311.249389648 1002.73681641
v 33.1663513184 308.837005615 1004.51379395
v 37.2241172791 305.349700928 993.233215332
v 37.7137680054 302.964447021 994.948303223
v 42.4354248047 299.335113525 983.800964355
v 45.1939582825 289.983459473 990.279174805
v 36.1395378113 319.126403809 990.099243164
v 34.0424232483 320.861663818 995.653930664
v 33.3870353699 318.492279053 997.399841309
v 55.8093414307 346.662689209 983.281860352
v 54.5574302673 344.100006104 978.487609863
v 53.7253799438 341.21786499 973.992736816
v 53.3161888123 338.047912598 969.764282227
v 35.9652938843 325.459747314 992.264648438
v 32.1359939575 322.56149292 1001.26751709
v 31.3157691956 326.561859131 1005.20269775
v 30.9575653076 330.477508545 1009.23809814
v 45.8015823364 330.518951416 975.158630371
v 40.5905647278 328.104644775 983.554748535
v 37.2024078369 327.672271729 990.633178711
v 35.3638725281 329.364593506 996.212463379
v 33.7248420715 331.027313232 1001.86791992
v 32.2957763672 332.666137695 1007.60009766
v 31.0870475769 334.286712646 1013.41015625
v 52.1816101074 342.634094238 979.575561523
v 53.2802581787 345.374786377 984.253479004
v 50.8313941956 343.996063232 985.29095459
v 52.2061157227 346.593109131 990.161682129
v 49.6842384338 345.307525635 991.139099121
v 51.3443870544 347.758483887 996.212280273
v 48.7497367859 346.572418213 997.120239258
v 50.7044677734 348.874633789 1002.40570068
v 48.0374221802 347.794525146 1003.23486328
v 50.2957954407 349.944976807 1008.74206543
v 47.5568313599 348.977630615 1009.48309326
v 50.1277008057 350.973022461 1015.22155762
v 47.3175048828 350.125701904 1015.8649292
v 51.5163841248 339.582458496 975.185791016
v 49.9000854492 341.068664551 980.736022949
v 48.4769515991 342.505187988 986.41003418
v 47.2566375732 343.89630127 992.208068848
v 46.2488555908 345.245941162 998.130432129
v 45.4632606506 346.558502197 1004.17749023
v 44.9095344543 347.837921143 1010.34942627
v 44.5973701477 349.088317871 1016.64642334
v 50.2095985413 351.962341309 1021.84448242
v 47.3289108276 351.242553711 1022.3807373
v 44.5363540649 350.313812256 1023.06884766
v 41.8517112732 349.190093994 1023.89855957
v 46.2253875732 340.907470703 987.606994629
v 44.9332885742 342.365814209 993.363891602
v 43.8533935547 343.787109375 999.237060547
v 42.9955062866 345.175811768 1005.22692871
v 42.3693962097 346.536315918 1011.33361816
v 41.9848747253 347.872894287 1017.55737305
v 39.2903823853 347.887023926 1024.85864258
v 45.6480484009 337.656188965 983.262023926
v 44.084690094 339.208648682 988.877624512
v 42.7231636047 340.723114014 994.601501465
v 41.5734519958 342.204162598 1000.434021
v 40.6453895569 343.656494141 1006.37579346
v 39.948928833 345.084625244 1012.42700195
v 39.4939613342 346.493286133 1018.58776855
v 36.867149353 346.418823242 1025.93884277
v 45.51197052 334.181671143 979.124938965
v 43.6918983459 335.817901611 984.62109375
v 42.0630493164 337.41394043 990.218017578
v 40.6354980469 338.974639893 995.916137695
v 39.4191932678 340.504943848 1001.71569824
v 38.4242095947 342.009674072 1007.61749268
v 37.6605300903 343.493713379 1013.6217041
v 37.1381912231 344.961791992 1019.72857666
v 34.5978889465 344.796112061 1027.13134766
v 32.4990844727 343.028289795 1028.42932129
v 32.8911209106 341.479705811 1022.31512451
v 34.9321594238 343.287750244 1020.97314453
v 33.5343322754 339.925994873 1016.29174805
v 35.5176620483 341.771697998 1014.91174316
v 34.4185295105 338.361755371 1010.35858154
v 36.3442687988 340.242614746 1008.94671631
v 35.5335502625 336.781860352 1004.51513672
v 37.4019393921 338.695678711 1003.07745361
v 36.8691139221 335.181030273 998.761047363
v 38.6805152893 337.125610352 997.303894043
v 38.4150619507 333.554046631 993.095336914
v 40.1698875427 335.527648926 991.625
v 40.1611404419 331.895477295 987.51776123
v 41.8599281311 333.896392822 986.040649414
v 43.7405395508 332.226989746 980.550109863
v 38.6051864624 329.81918335 989.049621582
v 36.8092422485 331.497955322 994.625671387
v 35.2130126953 333.146331787 1000.28369141
v 33.826839447 334.769958496 1006.02416992
v 32.661026001 336.37411499 1011.8480835
v 31.7258892059 337.964416504 1017.75585938
v 33.8598518372 300.380615234 1024.70935059
v 30.5671215057 309.79699707 1017.70324707
v 29.521112442 314.593139648 1014.13061523
v 27.1048088074 317.847259521 1025.68432617
v 26.7466678619 320.257598877 1023.88470459
v 29.316242218 317.010467529 1012.3270874
v 26.7262992859 322.691772461 1022.0680542
v 27.0437107086 325.118835449 1020.25732422
v 27.6680984497 327.510101318 1018.47296143
v 30.4309520721 324.232086182 1006.94116211
v 28.5677261353 329.844360352 1016.73016357
v 25.0055332184 325.903503418 1033.8347168
v 25.1584339142 323.464813232 1035.63684082
v 50.9310569763 271.274871826 1003.21936035
v 43.2702903748 278.312255859 1026.98962402
v 40.3840293884 281.568908691 1038.72045898
v 29.715631485 332.107269287 1015.03955078
v 87.9870071411 230.563568115 937.938598633
v 83.9290313721 249.777923584 930.334228516
v 71.8258590698 256.144683838 955.195373535
v 127.600639343 163.034835815 927.536865234
v 134.085006714 155.097671509 929.711547852
v 144.679092407 153.375976562 893.518981934
v 141.407272339 147.599441528 931.780700684
v 169.871566772 128.220184326 916.689819336
v 161.804870605 133.554916382 915.770202637
v 167.928085327 129.403259277 926.137939453
v 159.721511841 134.357498169 925.274475098
v 178.273986816 123.350212097 917.500793457
v 174.586471558 126.646842957 936.272766113
v 165.926040649 130.767745972 935.61126709
v 153.080169678 137.854858398 953.855712891
v 161.788085938 134.053970337 954.511108398
v 155.347015381 136.503707886 944.347900391
v 140.171127319 145.9609375 951.617980957
v 141.894714355 144.173095703 961.986572266
v 144.425765991 142.903167725 952.550476074
v 60.6383247375 263.641418457 979.354736328
v 76.6242675781 237.144378662 964.890991211
v 66.0829086304 244.837814331 990.865783691
v 122.422782898 159.268692017 966.178100586
v 116.474555969 162.227752686 984.039855957
v 124.856460571 154.931518555 987.267333984
v 115.603721619 167.281112671 963.052246094
v 103.437995911 173.596069336 997.475219727
v 106.814056396 169.543731689 999.518737793
v 91.9438018799 181.040542603 1030.07092285
v 144.11126709 148.677947998 1008.99365234
v 146.308853149 146.153030396 1000.22979736
v 139.126724243 149.633285522 1008.83233643
v 141.433883667 147.281661987 1000.02398682
v 136.617599487 150.289703369 1008.63861084
v 126.762252808 156.582733154 1025.16442871
v 124.147987366 157.493209839 1024.73779297
v 131.592193604 151.980377197 1008.01208496
v 129.088562012 153.021774292 1007.57519531
v 129.461593628 151.725280762 988.65057373
v 130.459350586 151.845046997 969.058410645
v 136.01449585 149.386764526 950.500061035
v 134.104141235 151.070877075 1008.36590576
v 136.525405884 148.872192383 999.532226562
v 138.970932007 146.811340332 990.536560059
v 129.385787964 155.812545776 1025.49938965
v 144.980148315 153.820922852 1025.78662109
v 141.948623657 151.319412231 1017.57714844
v 139.832107544 154.057617188 1025.97009277
v 136.855072021 152.105010986 1017.46234131
v 134.631011963 154.678024292 1025.90332031
v 132.010940552 155.178924561 1025.74487305
v 141.1300354 159.835220337 1041.85290527
v 137.772964478 156.872665405 1034.16479492
v 135.782440186 159.744384766 1042.15368652
v 132.466583252 157.333007812 1034.14758301
v 130.37387085 160.050415039 1042.18713379
v 127.648803711 160.401016235 1042.0703125
v 171.103668213 142.528503418 1000.11004639
v 153.268890381 142.788192749 991.34954834
v 148.530136108 143.762710571 991.297912598
v 143.764480591 145.067581177 991.049926758
v 141.427886963 144.9034729 981.39465332
v 153.997711182 139.622573853 914.589050293
v 157.564834595 135.338775635 934.810852051
v 163.87588501 132.317428589 945.078918457
v 172.683746338 128.57699585 945.655395508
v 183.579269409 122.858436584 936.854553223
v 181.816436768 125.129570007 946.156433105
v 192.865066528 119.448448181 937.340332031
v 200.901367188 119.296195984 946.879394531
v 242.311065674 108.368469238 938.551513672
v 222.125366211 111.791267395 938.245666504
v 220.849960327 115.079292297 947.25793457
v 212.171661377 113.891563416 938.030456543
v 202.407470703 116.450241089 937.730773926
v 187.015686035 118.897987366 918.226867676
v 196.059539795 114.899017334 918.857116699
v 205.369491577 111.380157471 919.39074707
v 214.91015625 108.3647995 919.829162598
v 224.647140503 105.86932373 920.175292969
v 244.408630371 101.787147522 920.716186523
v 264.360931396 98.4165802002 921.147949219
v 325.418731689 85.8352890015 904.747375488
v 304.698150635 93.8737564087 921.69152832
v 303.859741211 101.659385681 939.042175293
v 303.021575928 110.428314209 956.332092285
v 262.683441162 105.524391174 938.783569336
v 260.998321533 113.561134338 956.33380127
v 151.245941162 145.9818573 894.742797852
v 146.522796631 146.479141235 913.117370605
v 149.349349976 140.906921387 933.554870605
v 180.034225464 127.593467712 955.411682129
v 199.386444092 122.344795227 955.975769043
v 219.571044922 118.578056335 956.216918945
v 193.356307983 136.366928101 991.334655762
v 194.847625732 132.615859985 982.693115234
v 174.648849487 136.079772949 982.634521484
v 176.442687988 133.078125 973.674865723
v 157.541259766 138.077789307 973.157592773
v 159.673065186 135.975631714 963.879516602
v 152.998916626 139.447753906 972.995300293
v 214.512802124 134.437240601 991.018249512
v 196.353683472 129.01713562 973.90612793
v 178.240386963 130.245559692 964.592956543
v 162.84854126 160.251235962 1040.63867188
v 207.603820801 161.360717773 1038.3203125
v 187.655548096 152.428604126 1024.17651367
v 209.767333984 152.272613525 1023.30535889
v 212.082595825 143.214141846 1007.52478027
v 256.11819458 142.08013916 1006.43255615
v 197.86857605 125.588684082 964.992919922
v 300.611419678 141.303878784 1005.73858643
v 301.387145996 130.445953369 989.847106934
v 302.193939209 120.078178406 973.331420898
v 112.500732422 188.677764893 920.463439941
v 101.042373657 193.280944824 952.75213623
v 105.284156799 184.356185913 956.306640625
v 89.6280975342 199.93637085 983.964782715
v 93.5528793335 190.91003418 988.611938477
v 78.8854141235 207.677307129 1013.690979
v 82.4641265869 198.543151855 1019.32116699
v 69.4427566528 215.316696167 1041.93200684
v 72.7091598511 206.055755615 1048.35058594
v 97.8542633057 182.056015015 993.166503906
v 86.3619918823 189.532791138 1024.87512207
v 88.9065322876 185.204833984 1027.53076172
v 76.2500076294 196.878189087 1054.71191406
v 78.7876434326 192.520065308 1057.72717285
v 81.9623413086 188.419723511 1060.55603027
v 85.7445220947 184.637817383 1063.15576172
v 90.3604660034 180.920166016 1048.11950684
v 109.964317322 175.653213501 959.762634277
v 104.009429932 169.955047607 1036.73510742
v 99.5173339844 173.363464355 1034.70446777
v 99.1918258667 174.128341675 1052.4864502
v 94.537437439 177.34336853 1050.42785645
v 94.905670166 178.254684448 1067.51318359
v 90.0825271606 181.23298645 1065.48583984
v 92.9978103638 180.272842407 1074.72460938
v 95.4839706421 177.076461792 1032.47253418
v 110.598968506 165.655166626 1001.46618652
v 124.918670654 160.888809204 1041.86083984
v 166.007781982 153.007766724 1025.00964355
v 190.44128418 144.238037109 1008.12078857
v 172.866607666 139.235870361 991.451843262
v 155.403060913 140.352386475 982.321411133
v 150.763900757 141.523147583 982.213500977
v 146.10647583 143.006591797 981.925720215
v 143.883407593 143.16078186 972.125427246
v 146.324645996 141.593063354 962.750427246
v 148.738769531 140.206512451 953.294250488
v 146.915161133 141.814407349 943.063781738
v 114.246757507 171.836715698 1071.78881836
v 117.150100708 171.490814209 1071.99743652
v 120.805747986 166.154586792 1057.38696289
v 123.631111145 165.809082031 1057.55175781
v 132.052246094 165.582839966 1057.48449707
v 137.587127686 165.963562012 1057.07165527
v 133.871780396 162.653533936 1049.92993164
v 108.905189514 166.892562866 1038.54064941
v 104.25541687 171.312759399 1054.27233887
v 100.130401611 175.73399353 1069.21728516
v 98.30052948 177.918655396 1076.36218262
v 103.893051147 176.094039917 1077.62280273
v 105.65460968 173.731048584 1070.55810547
v 102.864105225 174.657852173 1069.93994141
v 109.627891541 168.987014771 1055.72595215
v 106.913665771 170.073440552 1055.05114746
v 114.107635498 164.286819458 1040.04931641
v 111.479705811 165.51373291 1039.34484863
v 118.981376648 159.74760437 1023.60345459
v 113.964988708 162.592376709 1022.09197998
v 119.320213318 158.556396484 1004.97912598
v 114.779220581 161.978897095 1003.29321289
v 124.136764526 155.511978149 1006.44689941
v 121.551231384 158.547210693 1024.21777344
v 116.775817871 163.213607788 1040.65185547
v 112.384902954 168.054794312 1056.29541016
v 108.489135742 172.953811646 1071.07104492
v 109.663169861 174.84765625 1078.4720459
v 77.8022384644 191.79145813 1074.87487793
v 74.5170440674 195.837005615 1071.96862793
v 72.5259857178 196.834014893 1086.98278809
v 70.9060058594 198.875167847 1085.47802734
v 68.0545654297 201.787399292 1098.11877441
v 98.6749954224 185.534072876 1103.01977539
v 99.6772155762 183.132080078 1097.15258789
v 93.9133682251 184.348770142 1096.2364502
v 95.1776885986 182.211746216 1089.90356445
v 91.1151657104 185.161071777 1095.62841797
v 89.7243423462 184.192306519 1088.45532227
v 80.0126724243 189.799407959 1084.36120605
v 83.2005462646 188.479736328 1093.15905762
v 84.6321792603 186.726791382 1086.60400391
v 85.7441635132 187.226608276 1094.08972168
v 88.3873977661 186.120132446 1094.91296387
v 115.525978088 174.159576416 1078.92297363
v 128.364990234 162.812057495 1050.01464844
v 126.452003479 165.60118103 1057.62121582
v 120.057884216 171.282394409 1072.10876465
v 117.66608429 182.358840942 1097.78442383
v 112.749511719 179.476211548 1091.91369629
v 111.622894287 182.157043457 1097.91162109
v 106.773887634 179.873947144 1091.61804199
v 105.605178833 182.407897949 1097.70605469
v 100.890312195 180.77923584 1090.95275879
v 68.2823257446 203.240875244 1082.26269531
v 71.9504165649 200.202941895 1068.82983398
v 64.9807357788 212.590332031 1075.38232422
v 61.9302444458 221.997787476 1068.45898438
v 49.4936523438 250.023223877 1089.84057617
v 50.8803215027 246.954864502 1078.49829102
v 52.9985656738 243.911148071 1066.7746582
v 55.7801208496 240.789459229 1054.62609863
v 63.0596694946 233.908554077 1029.05615234
v 72.1724777222 226.152648926 1002.32403564
v 82.5710830688 218.354919434 974.501342773
v 93.7097396851 211.656021118 945.436462402
v 105.043647766 206.998809814 915.363220215
v 56.976940155 227.993896484 1092.61157227
v 55.6566505432 231.037063599 1103.84484863
v 59.9706916809 218.487335205 1099.6842041
v 58.7013015747 221.526351929 1110.8581543
v 60.7185745239 215.22253418 1108.87927246
v 60.2150497437 216.765945435 1114.3684082
v 62.020565033 212.079605103 1117.82421875
v 62.5006103516 210.530914307 1112.35803223
v 63.2219734192 209.03578186 1106.71569824
v 61.4548721313 213.72668457 1103.22595215
v 65.3410415649 206.136398315 1094.87866211
v 62.0926895142 215.551895142 1087.87561035
v 73.7709579468 196.20211792 1102.29699707
v 91.2659072876 182.252548218 1081.71240234
v 86.2658233643 184.947525024 1079.78381348
v 81.746055603 188.141464233 1077.49438477
v 74.3362808228 194.904098511 1088.40661621
v 69.7578048706 199.785614014 1099.61340332
v 66.0629501343 204.726333618 1109.92834473
v 86.3848724365 190.050231934 1106.95483398
v 89.1908340454 189.318313599 1107.52026367
v 90.0364761353 187.215438843 1101.72338867
v 91.4804992676 191.058700562 1113.3729248
v 92.0504455566 188.749008179 1107.96582031
v 88.5926132202 191.492446899 1113.02441406
v 85.7479782104 192.097106934 1112.54968262
v 82.9637069702 192.876556396 1111.94616699
v 91.1707000732 193.472671509 1118.48217773
v 88.2562103271 193.760772705 1118.24121094
v 85.3731460571 194.228149414 1117.86804199
v 82.5397338867 194.880065918 1117.35900879
v 79.7765045166 195.720657349 1116.71130371
v 110.687812805 184.89781189 1103.55541992
v 116.053016663 188.142913818 1108.57763672
v 123.679244995 182.991195679 1097.34118652
v 128.155563354 189.946868896 1107.30969238
v 129.635803223 183.945358276 1096.66186523
v 109.160568237 193.73374939 1118.42529297
v 103.085578918 193.370132446 1118.65539551
v 109.443778992 190.660736084 1113.80603027
v 103.365104675 190.455780029 1113.91711426
v 109.95715332 187.723907471 1108.85168457
v 103.887237549 187.673904419 1108.84997559
v 104.638450623 184.999572754 1103.44812012
v 115.54750824 191.183288574 1113.45605469
v 127.399185181 196.280944824 1116.63146973
v 59.0943908691 225.020721436 1080.83251953
v 66.5777053833 203.910263062 1096.53625488
v 64.506729126 206.819107056 1108.36706543
v 63.3731460571 209.885482788 1119.44384766
v 66.9697036743 205.967376709 1122.3416748
v 65.0313644409 207.838821411 1120.95629883
v 67.2910995483 204.340270996 1116.96081543
v 67.8714599609 202.780044556 1111.38317871
v 71.6695861816 197.919647217 1101.00927734
v 76.3242492676 193.096160889 1089.74182129
v 78.4748382568 191.418746948 1090.98193359
v 79.5668792725 197.694152832 1121.96057129
v 82.3909835815 196.979797363 1122.51123047
v 85.2747192383 196.465576172 1122.91503906
v 88.1959533691 196.145904541 1123.17602539
v 91.135307312 196.01411438 1123.29870605
v 92.8661804199 186.520080566 1102.25537109
v 94.9523696899 188.326904297 1108.30212402
v 94.4007949829 190.774795532 1113.61010742
v 94.1063232422 193.336624146 1118.61010742
v 94.0831375122 196.036117554 1123.30725098
v 91.3886566162 198.706207275 1127.82751465
v 88.4262237549 198.670623779 1127.8338623
v 85.4670410156 198.831680298 1127.69604492
v 82.5317306519 199.197357178 1127.4083252
v 79.6441040039 199.775177002 1126.9654541
v 69.1549835205 204.292739868 1123.58398438
v 69.3984069824 202.608764648 1118.25390625
v 71.7119140625 201.072219849 1119.40515137
v 69.9074020386 200.998016357 1112.71875
v 72.1441955566 199.394439697 1113.92443848
v 75.1716995239 196.285385132 1109.34960938
v 78.4571228027 193.243804932 1104.5246582
v 81.9850158691 190.234405518 1099.44165039
v 74.1988143921 199.738891602 1120.4083252
v 74.5531845093 197.977844238 1114.99365234
v 77.6541519165 194.969970703 1110.34643555
v 80.9997177124 192.012054443 1105.45751953
v 84.5801925659 189.071517944 1100.31713867
v 76.8271179199 198.613006592 1121.26013184
v 77.1061477661 196.752838135 1115.92297363
v 80.2588577271 193.833679199 1111.21203613
v 83.6486053467 190.947662354 1106.26757812
v 87.2694625854 188.065322876 1101.07775879
v 78.5670700073 202.286895752 1131.5065918
v 80.0222549438 201.985137939 1131.73181152
v 82.7151184082 200.357208252 1129.76293945
v 85.6767196655 200.069900513 1129.98852539
v 88.654800415 199.992431641 1130.06079102
v 91.628112793 200.116027832 1129.98583984
v 81.5525360107 203.210968018 1134.5736084
v 83.3168411255 202.792526245 1134.28796387
v 82.9762420654 201.554672241 1132.05603027
v 85.9644927979 201.34866333 1132.21655273
v 88.9613800049 201.357788086 1132.22045898
v 91.945098877 201.572296143 1132.07434082
v 98.3213043213 204.207275391 1133.6159668
v 97.8977050781 188.00958252 1108.55969238
v 97.3593902588 190.582595825 1113.77758789
v 97.0740890503 193.277709961 1118.67883301
v 97.055847168 196.118881226 1123.26879883
v 97.3186950684 199.130325317 1127.5526123
v 115.25881958 194.356704712 1117.99841309
v 115.199005127 197.688827515 1122.21154785
v 151.556060791 206.978561401 1121.94152832
v 151.576446533 200.29019165 1113.77587891
v 152.230865479 193.899597168 1104.51721191
v 153.457458496 187.612167358 1094.05419922
v 96.6448364258 180.078186035 1083.26501465
v 102.300262451 178.443557739 1084.42883301
v 108.13105011 177.364562988 1085.19250488
v 114.054824829 176.821472168 1085.56970215
v 159.951873779 167.471862793 1055.44189453
v 205.628952026 170.227935791 1052.54516602
v 253.230377197 162.613021851 1036.47717285
v 254.62310791 152.375793457 1021.82946777
v 250.840118408 181.787902832 1063.43249512
v 298.023925781 183.671463013 1061.94262695
v 299.194030762 163.323959351 1035.36804199
v 297.183441162 200.411560059 1084.90014648
v 249.123825073 197.862518311 1086.74316406
v 201.205795288 193.618499756 1089.78564453
v 155.194396973 181.222961426 1082.28967285
v 131.756652832 178.063674927 1084.62878418
v 125.910614014 177.245422363 1085.23413086
v 203.879684448 178.653884888 1065.93701172
v 157.379837036 174.502563477 1069.35998535
v 134.434860229 172.070129395 1071.3692627
v 165.374191284 196.331130981 703.898681641
v 171.243621826 178.810424805 703.392944336
v 155.185348511 215.937774658 749.163574219
v 159.064651489 216.696060181 726.493835449
v 153.084365845 234.842697144 751.551086426
v 157.115188599 235.45111084 728.663208008
v 153.30708313 254.170623779 754.20892334
v 169.122467041 180.818496704 723.934265137
v 163.085372925 198.421173096 724.782287598
v 159.552902222 197.6043396 747.261413574
v 175.05317688 144.778915405 796.141967773
v 184.332260132 138.988311768 768.510375977
v 178.326568604 148.134078979 768.439025879
v 186.946853638 141.273620605 743.502563477
v 181.078613281 150.533416748 743.61932373
v 189.420013428 141.71736145 721.29284668
v 183.689025879 150.777038574 721.512145996
v 192.054504395 139.394332886 701.672180176
v 186.503112793 147.880233765 701.861816406
v 194.596466064 130.791931152 744.140075684
v 196.780685425 131.630187988 721.700927734
v 198.784667969 130.3621521 701.861999512
v 135.338973999 246.843978882 814.488830566
v 139.603240967 238.601593018 801.284423828
v 139.743225098 248.433639526 802.078491211
v 141.338562012 219.269348145 799.808532715
v 149.862792969 213.22807312 773.334289551
v 147.366867065 232.221008301 775.447814941
v 126.81804657 224.698608398 840.244628906
v 131.559265137 225.832046509 826.751098633
v 140.13848877 228.872238159 800.527832031
v 123.656600952 214.320358276 854.596618652
v 116.554168701 223.627151489 867.835754395
v 113.247207642 214.229385376 883.447021484
v 111.082550049 223.828887939 881.858520508
v 105.426979065 224.606735229 895.970581055
v 114.492156982 243.178009033 865.608825684
v 108.625328064 243.337738037 878.630493164
v 102.567367554 244.062271118 891.681640625
v 99.6484146118 225.992965698 910.081848145
v 96.3844680786 245.382064819 904.693847656
v 90.1480255127 247.29750061 917.597290039
v 123.372596741 186.511932373 888.033813477
v 133.117507935 186.602416992 856.508544922
v 129.323822021 195.613357544 855.871826172
v 141.607452393 188.47164917 826.402954102
v 138.110198975 197.494140625 826.429016113
v 148.833999634 191.513061523 798.043884277
v 145.696228027 200.556930542 798.538879395
v 154.806686401 194.898712158 771.640686035
v 152.032806396 203.965362549 772.413696289
v 143.194244385 209.820877075 799.139038086
v 133.074615479 216.210922241 826.618469238
v 135.261749268 206.75328064 826.507751465
v 126.165565491 204.865615845 855.236450195
v 116.024848938 204.784866333 885.00982666
v 162.087432861 177.474914551 770.763122559
v 152.593887329 182.725463867 797.700927734
v 156.919006348 174.215499878 797.542785645
v 145.737060547 179.723358154 826.457702637
v 150.439590454 171.272232056 826.614440918
v 142.505020142 169.441833496 857.821350098
v 196.928207397 117.364196777 798.461669922
v 192.038742065 128.666412354 769.352355957
v 188.883010864 126.29372406 797.454650879
v 181.240585327 136.004974365 796.45526123
v 177.324371338 133.382644653 827.322387695
v 170.866439819 141.570861816 826.739807129
v 168.312210083 140.316268921 843.084533691
v 160.5 155.745498657 826.930419922
v 166.017730713 158.764083862 797.277526855
v 170.294311523 161.999252319 770.213195801
v 173.615753174 164.443557739 745.672180176
v 176.254837036 164.965545654 723.419555664
v 178.446960449 162.641708374 703.104309082
v 149.311355591 153.334915161 876.031982422
v 176.865234375 125.145988464 879.749145508
v 187.84753418 117.556877136 863.104858398
v 179.848495483 124.486595154 862.038879395
v 190.488998413 116.813102722 846.000976562
v 182.516021729 124.338394165 844.912658691
v 192.873947144 116.579025269 829.499389648
v 184.893371582 124.641471863 828.415222168
v 153.471588135 153.756134033 859.083129883
v 165.389862061 139.419616699 860.085327148
v 162.054641724 138.957336426 877.704040527
v 169.18107605 131.955474854 878.677978516
v 158.262023926 138.999465942 895.898925781
v 165.703063965 132.453521729 896.98449707
v 166.106155396 180.057876587 746.284301758
v 198.704483032 110.113204956 847.03717041
v 201.051315308 109.44442749 830.549377441
v 205.074356079 109.537948608 799.474609375
v 208.237503052 110.94216156 771.108703613
v 210.59336853 112.785102844 745.515014648
v 212.184295654 114.144378662 722.617797852
v 213.024642944 114.322311401 702.311096191
v 226.730026245 98.8573226929 747.473754883
v 227.800415039 100.309638977 724.126586914
v 227.828552246 101.028266907 703.175964355
v 260.158203125 80.2765808105 727.930175781
v 243.175140381 88.000541687 749.797302246
v 216.421936035 103.697036743 772.152160645
v 209.435043335 103.145706177 831.614257812
v 310.204956055 63.3479614258 708.495727539
v 292.906616211 67.4496383667 707.611755371
v 293.783294678 67.6638183594 731.278320312
v 276.858093262 73.1227645874 729.692687988
v 276.796630859 72.6534576416 754.134521484
v 259.880065918 79.4487762451 752.058532715
v 258.629608154 78.8897247314 778.071533203
v 241.543762207 86.9389724731 775.756530762
v 239.011978149 86.9152297974 804.04699707
v 230.342941284 91.4027099609 802.90435791
v 228.657211304 91.8519744873 818.011230469
v 220.000518799 96.8751907349 816.895935059
v 218.016296387 97.6279067993 832.678588867
v 256.535644531 79.4856643677 806.170532227
v 275.865844727 72.5040817261 780.172424316
v 293.832061768 67.4999923706 755.979309082
v 310.861816406 63.8206253052 732.654296875
v 327.713348389 60.9015655518 709.247131348
v 173.540863037 126.369804382 897.995056152
v 184.936798096 118.862564087 880.763183594
v 196.129165649 111.346244812 864.103393555
v 207.159439087 104.178749084 848.055358887
v 181.744232178 120.775650024 898.924621582
v 190.281173706 115.692726135 899.769592285
v 193.322341919 113.192008972 881.698669434
v 201.997207642 108.131698608 882.562927246
v 204.678726196 105.824874878 865.0546875
v 213.472412109 100.978065491 865.950134277
v 215.837158203 98.9753417969 849.043762207
v 224.713912964 94.4793777466 849.98034668
v 226.776763916 92.8515701294 833.713012695
v 235.683029175 88.799079895 834.683532715
v 237.440338135 87.56980896 819.077453613
v 253.720306396 82.1198806763 836.440063477
v 199.119384766 111.140716553 900.526611328
v 208.225021362 107.136222839 901.193054199
v 210.931747437 103.684257507 883.350463867
v 220.093780518 99.8543777466 884.053161621
v 222.481781006 96.7972106934 866.775024414
v 231.67086792 93.2817764282 867.512756348
v 233.754760742 90.6821212769 850.839904785
v 250.314926147 87.5033035278 868.798278809
v 217.563537598 103.694892883 901.766052246
v 229.447052002 96.6489257812 884.662231445
v 248.434432983 91.3858642578 885.696044922
v 267.605041504 87.0953521729 886.563720703
v 269.131652832 82.8219223022 869.896789551
v 271.906158447 76.7663421631 837.982421875
v 290.186248779 72.6821899414 839.288269043
v 291.923858643 69.0895462036 809.713928223
v 309.691864014 65.9567947388 811.072631836
v 310.521209717 64.2924346924 783.569091797
v 327.906188965 62.3000717163 784.809326172
v 307.110931396 76.6675949097 871.492126465
v 326.210357666 75.1624221802 871.975097656
v 326.917419434 68.1410140991 841.125
v 288.075622559 79.2162704468 870.797607422
v 285.710449219 89.2716140747 904.171875
v 305.526489258 87.1232833862 904.53125
v 308.527801514 69.8188171387 840.339538574
v 327.496582031 64.1195297241 812.129943848
v 227.099136353 100.829299927 902.243530273
v 246.458999634 96.1308898926 903.026916504
v 266.008666992 92.2759628296 903.670166016
v 274.194549561 73.5734786987 808.070861816
v 293.174987793 67.6704177856 782.016357422
v 310.938079834 63.8888664246 757.556213379
v 328.057220459 61.535949707 733.800354004
v 276.804840088 416.592285156 710.877929688
v 247.960647583 399.56427002 737.029663086
v 233.939620972 391.105163574 737.713256836
v 231.905181885 391.597320557 712.274536133
v 262.759521484 406.958251953 736.352172852
v 261.015350342 409.579345703 711.344909668
v 233.907714844 389.892059326 749.619567871
v 248.05897522 397.816040039 748.896240234
v 233.265457153 388.112518311 761.05065918
v 193.291137695 352.736572266 699.590515137
v 183.331054688 336.939300537 700.053039551
v 178.95375061 328.658691406 700.194519043
v 216.427017212 379.468261719 699.03692627
v 204.324447632 366.793151855 699.291809082
v 218.792678833 380.822540283 712.73236084
v 206.76071167 368.999725342 713.181274414
v 220.211334229 381.58493042 725.861328125
v 208.116394043 370.546447754 726.449829102
v 185.851287842 341.785461426 728.334594727
v 180.564147949 331.344085693 714.830383301
v 175.086257935 320.451721191 699.984191895
v 168.58140564 303.743682861 699.016113281
v 163.627029419 286.001800537 698.242858887
v 160.388565063 267.622619629 697.294677734
v 159.004730225 248.96144104 696.339477539
v 159.507141113 230.398651123 695.47088623
v 161.861541748 212.060897827 694.699523926
v 166.037734985 194.096389771 694.103210449
v 161.358627319 214.430343628 704.979248047
v 159.236877441 232.932098389 706.366882324
v 158.457824707 253.572555542 719.518859863
v 159.043960571 251.704498291 707.924804688
v 160.575759888 272.767883301 721.794494629
v 160.834747314 270.654449463 709.635864258
v 164.645004272 291.529205322 724.062683105
v 164.53263855 289.236938477 711.337463379
v 170.245285034 309.269378662 725.919372559
v 169.864883423 306.960571289 712.727905273
v 177.119796753 325.293640137 728.220703125
v 176.597442627 323.255981445 714.459655762
v 181.142959595 333.319610596 728.704040527
v 219.580276489 379.859588623 761.799682617
v 207.955825806 371.425445557 751.085021973
v 220.525787354 381.067108154 750.351196289
v 208.484085083 371.358215332 739.078552246
v 220.762664795 381.672302246 738.398071289
v 206.624008179 370.842926025 762.558105469
v 204.579345703 369.786346436 773.624023438
v 198.042953491 364.923858643 774.071166992
v 201.90802002 368.437683105 784.356872559
v 215.870819092 376.35067749 783.603942871
v 218.004074097 378.226165771 772.861022949
v 195.825302124 359.569732666 752.041564941
v 194.079147339 359.443878174 763.580993652
v 189.936157227 352.094482422 752.739440918
v 188.029312134 352.035369873 764.34362793
v 184.38444519 343.651733398 753.653381348
v 182.372589111 343.564086914 765.342651367
v 179.517196655 335.011657715 754.194824219
v 177.467285156 334.854736328 765.955505371
v 175.475326538 326.97958374 753.622558594
v 173.446014404 326.771606445 765.402770996
v 168.517028809 311.150512695 750.723754883
v 166.51713562 310.898956299 762.454101562
v 162.657943726 293.305297852 748.368286133
v 160.640960693 292.975219727 760.053039551
v 155.94871521 273.838470459 757.122680664
v 157.282806396 254.559555054 731.087158203
v 159.650131226 273.95501709 733.744567871
v 164.006378174 292.86831665 736.400146484
v 169.777908325 310.651397705 738.576599121
v 176.722885132 326.5262146 741.26361084
v 180.768249512 334.536834717 741.813476562
v 185.572937012 343.094390869 741.352294922
v 190.996124268 351.482757568 740.550598145
v 196.717514038 359.015655518 739.93762207
v 308.5262146 391.606140137 820.702148438
v 292.317626953 396.72265625 801.25
v 309.751068115 399.188079834 800.815002441
v 293.728424072 404.38104248 780.294189453
v 310.627716064 407.254699707 779.75402832
v 294.462127686 411.958465576 758.270263672
v 311.067382812 415.254730225 757.64855957
v 294.364624023 418.204772949 735.028930664
v 310.976806641 421.899139404 734.386291504
v 293.259277344 422.171386719 710.411499023
v 310.246704102 426.243774414 709.945617676
v 343.513793945 383.3984375 847.057434082
v 307.046722412 384.851867676 839.218566895
v 343.515167236 378.78515625 861.061706543
v 343.516296387 375.020996094 874.914428711
v 343.517089844 372.439178467 888.608459473
v 343.517486572 371.063812256 902.544677734
v 343.517578125 370.825408936 908.366760254
v 343.51751709 371.022613525 925.269714355
v 269.19354248 380.666503906 839.811157227
v 254.703704834 383.080993652 821.8828125
v 272.425231934 386.665802002 821.426940918
v 258.351898193 389.233612061 802.277526855
v 275.169555664 393.389801025 801.737854004
v 261.107757568 395.719604492 781.505615234
v 277.201690674 400.516448975 780.878540039
v 262.678100586 402.021850586 759.607299805
v 278.305877686 407.524200439 758.923706055
v 278.2578125 413.199310303 735.684448242
v 225.848800659 378.63458252 803.500610352
v 230.407394409 383.575012207 782.873535156
v 154.098464966 353.617370605 876.516967773
v 159.17098999 354.880432129 876.222595215
v 172.508453369 358.280914307 890.721618652
v 179.623291016 359.338897705 875.165527344
v 220.790786743 366.646392822 873.423522949
v 226.298034668 369.730773926 857.704467773
v 265.709991455 375.644714355 856.725891113
v 231.904449463 373.8543396 840.710205078
v 177.389984131 358.960784912 842.613037109
v 199.327178955 366.308380127 832.895751953
v 195.348815918 364.529724121 841.907104492
v 234.632019043 376.235321045 831.712890625
v 191.582870483 362.50769043 795.21862793
v 195.096084595 363.815093994 784.807250977
v 195.127548218 364.878967285 794.970092773
v 198.498519897 366.287811279 784.559265137
v 198.692962646 366.910705566 794.770751953
v 187.590805054 361.084320068 805.329833984
v 191.285690308 363.360778809 805.08215332
v 195.016952515 365.284851074 804.88671875
v 210.21522522 372.282073975 804.175842285
v 191.723052979 361.00592041 785.101989746
v 183.959213257 358.442932129 805.63092041
v 178.131240845 349.565490723 796.733764648
v 172.223526001 341.169830322 797.85949707
v 180.418624878 355.443603516 805.985900879
v 176.997634888 352.095855713 806.396240234
v 173.724090576 348.412811279 806.865661621
v 170.625549316 344.409515381 807.398803711
v 167.728256226 340.103759766 808.002929688
v 162.729400635 331.300933838 808.850585938
v 202.591262817 365.64276123 739.45489502
v 201.883834839 366.01663208 751.498352051
v 200.335891724 365.718322754 762.993835449
v 171.268569946 333.37008667 788.125976562
v 176.213684082 342.169921875 787.390014648
v 136.471725464 284.783233643 827.971557617
v 137.456451416 266.730102539 815.615966797
v 142.095672607 268.315582275 803.805725098
v 147.386672974 251.689834595 777.79486084
v 148.369506836 320.774719238 828.696594238
v 152.390884399 329.41595459 828.39050293
v 157.532318115 338.090057373 827.42199707
v 160.526428223 342.25213623 826.821289062
v 163.757644653 346.110595703 826.284057617
v 167.200408936 349.645721436 825.807128906
v 170.827697754 352.841278076 825.388366699
v 174.611816406 355.682159424 825.026550293
v 178.523864746 358.156585693 824.721679688
v 182.535629272 360.255279541 824.474182129
v 186.616897583 361.988769531 824.282958984
v 203.180526733 368.218048096 823.602416992
v 220.060119629 373.828063965 822.973327637
v 247.646118164 395.525634766 760.317932129
v 245.496459961 390.051849365 782.172119141
v 241.901855469 384.299957275 802.866333008
v 237.240875244 378.791931152 822.399108887
v 172.95362854 357.395050049 842.813903809
v 168.615661621 355.469696045 843.072143555
v 164.407730103 353.176605225 843.388793945
v 160.357086182 350.526947021 843.762634277
v 156.491424561 347.533782959 844.192321777
v 152.836776733 344.213043213 844.676879883
v 149.418334961 340.581939697 845.215637207
v 136.536468506 319.57220459 847.749328613
v 140.812179565 328.290802002 846.923522949
v 143.386169434 332.527038574 846.403930664
v 146.259643555 336.660400391 845.808166504
v 152.117050171 306.120483398 806.976379395
v 141.706924438 303.448852539 828.209899902
v 129.650588989 301.701538086 848.887573242
v 119.779144287 310.734832764 867.479797363
v 116.343315125 301.504211426 869.007019043
v 66.7164001465 287.075256348 939.310668945
v 73.8008041382 283.872772217 928.634887695
v 81.2876434326 283.520965576 916.862548828
v 88.6767196655 281.209075928 906.073913574
v 96.8988113403 284.320770264 893.79083252
v 111.281188965 282.490783691 872.153015137
v 124.59727478 282.817871094 850.178833008
v 126.968299866 264.135955811 839.420471191
v 132.403686523 265.304016113 827.490539551
v 95.2782058716 264.873016357 899.250610352
v 102.066589355 263.642578125 887.34942627
v 108.692871094 262.997467041 875.377807617
v 187.319335938 361.486724854 859.069396973
v 168.036636353 356.500152588 859.895141602
v 163.263442993 355.08883667 860.128967285
v 158.605239868 353.343566895 860.418151855
v 154.09274292 351.258453369 860.76385498
v 123.800354004 319.731628418 865.991333008
v 47.2712020874 351.78225708 1025.94836426
v 44.6106948853 350.964324951 1026.57592773
v 42.3798904419 350.108642578 1027.22790527
v 40.5036125183 349.260772705 1027.87097168
v 36.8287315369 347.220245361 1029.41174316
v 35.8170509338 346.557159424 1029.91101074
v 453.124481201 33.2552947998 9.99995136261
v 308.174621582 10.3435144424 10.0000209808
v 345.31729126 7.43001890182 10.0000123978
v 382.459533691 10.3486642838 10
v 271.941741943 19.017950058 10.0000114441
v 237.506561279 33.240562439 10.000041008
v 205.712875366 52.6628990173 10.0000123978
v 177.339828491 76.8090438843 10.0000400543
v 133.535842896 136.804534912 10.0000457764
v 153.082672119 105.087226868 10.0000305176
v 119.178329468 171.183761597 9.99999141693
v 110.361984253 207.38230896 10.0000419617
v 107.302825928 244.513305664 9.99999046326
v 110.07585907 281.666717529 9.99996566772
v 118.613082886 317.932159424 9.99997711182
v 132.705322266 352.420898438 10.0000009537
v 152.007232666 384.287750244 10.0000123978
v 176.045822144 412.752044678 9.99996185303
v 204.232025146 437.115997314 10.0000104904
v 235.875137329 456.782775879 9.99997138977
v 270.199737549 471.270263672 9.99994277954
v 306.364715576 480.22354126 9.99995136261
v 343.483825684 483.423065186 10.000005722
v 347.2215271 483.422180176 10.0000705719
v 384.205413818 480.228668213 10.0000562668
v 420.371612549 471.280487061 9.99993896484
v 454.698181152 456.797637939 9.99996471405
v 486.343994141 437.135223389 9.99999713898
v 514.533508301 412.775115967 10.0000114441
v 538.57598877 384.314147949 10.0000133514
v 557.882263184 352.449859619 9.99998474121
v 571.979187012 317.96295166 10.0000276566
v 580.521362305 281.698760986 9.99995803833
v 583.299438477 244.545700073 9.99998569489
v 580.245361328 207.414321899 10.0000123978
v 571.433898926 171.214508057 9.99999809265
v 557.081115723 136.8334198 10.0000123978
v 537.538574219 105.11341095 10.0000143051
v 513.28527832 76.8320007324 9.99998092651
v 484.915496826 52.6819953918 9.99998569489
v 418.691223145 19.0279998779 9.99997329712
vt 0.662058178797 0.683880847646
vt 0.657434642287 0.663426666273
vt 0.665826239386 0.656875315202
vt 0.652552283167 0.624431214281
vt 0.651359855216 0.618900902081
vt 0.662323431361 0.612669622142
vt 0.648577480116 0.608090736645
vt 0.64569025038 0.597135923664
vt 0.65888486112 0.591038229404
vt 0.62144344728 0.596747067136
vt 0.628499891146 0.593003192345
vt 0.632540490948 0.604345166158
vt 0.62960465236 0.667075524482
vt 0.62391238764 0.670933908056
vt 0.623301110156 0.668221708945
vt 0.652924835523 0.666937648947
vt 0.630254823651 0.69505246898
vt 0.62758325747 0.68557814484
vt 0.638310352194 0.678028304392
vt 0.56253460603 0.665082149075
vt 0.560247642565 0.659412277479
vt 0.570302826116 0.658196870119
vt 0.565241501667 0.46175280261
vt 0.567563227384 0.472981837197
vt 0.550869249557 0.477214465377
vt 0.552011984939 0.48318208378
vt 0.498640810785 0.507541707902
vt 0.496667088106 0.500474056621
vt 0.507418386643 0.491063001245
vt 0.612379059782 0.493472682213
vt 0.614147269158 0.499383143561
vt 0.604372970558 0.502163195796
vt 0.585459583841 0.534232087277
vt 0.589753934894 0.544569381955
vt 0.573491792596 0.551378226541
vt 0.630863724192 0.54784798759
vt 0.632673797276 0.553214883924
vt 0.615809549515 0.559518746813
vt 0.513539204829 0.557052158954
vt 0.509102897552 0.54290235895
vt 0.521594536313 0.543761707272
vt 0.725832587755 0.397164520119
vt 0.719280787254 0.372372435673
vt 0.731629662838 0.369319055888
vt 0.693448488996 0.40398098854
vt 0.674309274434 0.383083145782
vt 0.705069575457 0.375833598811
vt 0.775129055881 0.512914205508
vt 0.774996961295 0.514017224396
vt 0.771277603282 0.5140948361
vt 0.762829478424 0.520509886216
vt 0.763353730333 0.518960093349
vt 0.769772442852 0.519483955228
vt 0.754758169056 0.504616647062
vt 0.754842585314 0.50619005885
vt 0.751379648365 0.506237250717
vt 0.742077051848 0.521161370748
vt 0.749198873196 0.521391531413
vt 0.747104420996 0.527014119914
vt 0.732863700996 0.485169912123
vt 0.729725363543 0.473415027049
vt 0.737503600461 0.472760537759
vt 0.747641790695 0.503150036839
vt 0.74394787711 0.503134439034
vt 0.743654711272 0.500049085056
vt 0.750044232242 0.518479198975
vt 0.736108754226 0.512140696411
vt 0.736295723659 0.50912893943
vt 0.744052034783 0.509291818353
vt 0.731367584919 0.531852718422
vt 0.728187823683 0.542622832895
vt 0.714321338539 0.541811964409
vt 0.631541014028 0.392798857745
vt 0.64790509094 0.38913540045
vt 0.653417417515 0.41184725319
vt 0.66378839102 0.409852689751
vt 0.673987375769 0.40786287439
vt 0.680148302766 0.43112237509
vt 0.678494564491 0.477322097761
vt 0.673314878421 0.477837088438
vt 0.669730151995 0.46739230103
vt 0.617208075519 0.395945550708
vt 0.632589789168 0.415767136175
vt 0.621055034746 0.451633663112
vt 0.618009066925 0.440918909661
vt 0.62818135211 0.439303900446
vt 0.70268896474 0.488618814191
vt 0.707428647924 0.488471409639
vt 0.708191386538 0.491085573904
vt 0.674730971275 0.498441060681
vt 0.679932225506 0.497896263889
vt 0.680543734372 0.500695757989
vt 0.668773782405 0.496408415272
vt 0.667996517736 0.493844143442
vt 0.673261469515 0.493198207873
vt 0.646742987326 0.497436005063
vt 0.648365468439 0.502728565573
vt 0.637922111248 0.505153530958
vt 0.65110739273 0.553406745223
vt 0.649831829076 0.548050885446
vt 0.660363112365 0.55667084828
vt 0.72326333629 0.589086040796
vt 0.723772462179 0.58815230198
vt 0.725920881471 0.588283760921
vt 0.725528681848 0.597712868124
vt 0.723381650726 0.59763540832
vt 0.724163958955 0.595737377761
vt 0.713084888474 0.579432621129
vt 0.718150905253 0.579644881797
vt 0.717410226513 0.581781660645
vt 0.721597573787 0.588063204167
vt 0.719397129303 0.58801399265
vt 0.720351462764 0.586053237195
vt 0.70863584407 0.592304022094
vt 0.707815482763 0.594452936456
vt 0.703316760037 0.594926125199
vt 0.721540733372 0.603674586372
vt 0.721125398761 0.605801416063
vt 0.716578139821 0.606002153123
vt 0.71481948785 0.603968449202
vt 0.712621066913 0.604168853737
vt 0.713251278089 0.602015913222
vt 0.711093629916 0.602232464984
vt 0.676976958966 0.74157967186
vt 0.667847991665 0.726543460262
vt 0.676134838721 0.721073589984
vt 0.751073408376 0.573063932558
vt 0.750710566734 0.573880605893
vt 0.74456688189 0.564844753731
vt 0.733641073878 0.624890448895
vt 0.733803947933 0.631650223751
vt 0.724408450936 0.632705910298
vt 0.739590473691 0.667003006021
vt 0.740838013781 0.671592771221
vt 0.730369370991 0.672094129116
vt 0.736130479858 0.691990289999
vt 0.745655198004 0.687915645776
vt 0.747205776204 0.692513228377
vt 0.751270545105 0.704195750254
vt 0.752600529093 0.707966960397
vt 0.725691096941 0.695695214913
vt 0.737103766128 0.655638427546
vt 0.733868304862 0.612908252786
vt 0.731872922701 0.598299241039
vt 0.735101074559 0.597974652021
vt 0.734142266965 0.603346080934
vt 0.73558421026 0.596343452735
vt 0.735008819812 0.595431216994
vt 0.735901419221 0.595776516427
vt 0.735468028628 0.594709482031
vt 0.736321527437 0.595230206441
vt 0.736010558938 0.593980351498
vt 0.736710888604 0.594794153006
vt 0.736627803184 0.593232389608
vt 0.737686599476 0.593770325935
vt 0.737297590732 0.592448637354
vt 0.7380253057 0.593443106093
vt 0.7380188884 0.591628699504
vt 0.739249335366 0.592174938139
vt 0.739490379611 0.591920175763
vt 0.738761546595 0.590774252139
vt 0.740235751599 0.591053458023
vt 0.738620793973 0.587320681301
vt 0.742416404709 0.588415637693
vt 0.741622384701 0.589382477827
vt 0.742669177353 0.588101034353
vt 0.739323137386 0.586373803614
vt 0.742829573138 0.587902045285
vt 0.740716852876 0.584388852545
vt 0.743993017449 0.586407524681
vt 0.740026415931 0.585396207647
vt 0.743805346547 0.586652337601
vt 0.743209662253 0.587422901012
vt 0.743224200009 0.584975411657
vt 0.743590055964 0.58443399128
vt 0.74485542932 0.585310823033
vt 0.743953990793 0.583881119203
vt 0.745638056792 0.584122511153
vt 0.746383097093 0.58284428047
vt 0.745697835965 0.584026772647
vt 0.743258833825 0.580008336876
vt 0.742014745313 0.582269545765
vt 0.760271407998 0.550463728839
vt 0.756283396894 0.560655895323
vt 0.753564112087 0.56735353471
vt 0.767000851745 0.525577493888
vt 0.770801694427 0.527609304373
vt 0.765578737855 0.528350691119
vt 0.769147610606 0.530597896912
vt 0.763011381293 0.533785954064
vt 0.765314923959 0.538667294951
vt 0.758384383718 0.544410595592
vt 0.777328757142 0.515184583325
vt 0.776886282179 0.516574837933
vt 0.774788377071 0.515104453261
vt 0.774527398206 0.516152021964
vt 0.770893872012 0.515980612563
vt 0.777633690478 0.513910095972
vt 0.777659763439 0.513175697864
vt 0.77765920927 0.512620481284
vt 0.775194806983 0.510712091145
vt 0.777519380327 0.51020306433
vt 0.777614935799 0.511387225312
vt 0.77744524435 0.509520041092
vt 0.775148379628 0.509630138208
vt 0.777385227216 0.509058670716
vt 0.775064080913 0.508573364827
vt 0.777218227288 0.507947850586
vt 0.774945048942 0.507534516674
vt 0.775152882303 0.500006945984
vt 0.775477737253 0.500949141844
vt 0.775245308605 0.501063435648
vt 0.776206944408 0.503399024754
vt 0.774679587385 0.49929589514
vt 0.774737916513 0.498792967548
vt 0.750587158063 0.444760848508
vt 0.744229561354 0.419571423352
vt 0.756416382707 0.427888438982
vt 0.758596170157 0.436583816843
vt 0.760004953125 0.442187354227
vt 0.756012352068 0.443392708845
vt 0.741235671731 0.366921834331
vt 0.742923188725 0.373619838563
vt 0.747701883342 0.392878984622
vt 0.737930665191 0.39440473189
vt 0.752490514732 0.412163828599
vt 0.753776738869 0.417350616842
vt 0.600311529798 0.77632882342
vt 0.618268793197 0.774437178031
vt 0.608940030092 0.793001049783
vt 0.6215304369 0.785670192688
vt 0.632361244048 0.778071744363
vt 0.631643686355 0.765380300421
vt 0.637522945859 0.773937346096
vt 0.640846575491 0.771028876108
vt 0.64340323622 0.756376127089
vt 0.648771149191 0.764146587342
vt 0.65390558802 0.748055266191
vt 0.659924563693 0.754543319335
vt 0.663502598957 0.740800263404
vt 0.663651978957 0.751463078227
vt 0.688151639794 0.734691985755
vt 0.683592967244 0.716397602438
vt 0.693943299568 0.731451512562
vt 0.728660858135 0.716433439802
vt 0.719831519411 0.719745772602
vt 0.716615198622 0.699182950866
vt 0.713012569273 0.722459009099
vt 0.708977508414 0.70246608035
vt 0.710671717808 0.723442802913
vt 0.702330391723 0.705659341544
vt 0.705108693521 0.725907636242
vt 0.696216570695 0.708916421949
vt 0.699600946298 0.728534043687
vt 0.690136101155 0.7124192123
vt 0.719885588993 0.675381724479
vt 0.710628294045 0.678704947189
vt 0.702704901473 0.682071624391
vt 0.695754714646 0.685564491754
vt 0.689324760385 0.689285142105
vt 0.68292933692 0.69336319747
vt 0.676084595189 0.697957544923
vt 0.734671924298 0.639915968257
vt 0.726348392103 0.652194277364
vt 0.715907878555 0.654772870613
vt 0.706519359551 0.657619061704
vt 0.698302979503 0.660776242214
vt 0.690966170332 0.66431701802
vt 0.684101486635 0.668313361231
vt 0.67727057085 0.672851904031
vt 0.670056706677 0.6780376593
vt 0.668361624324 0.703186579454
vt 0.673089266991 0.615715354673
vt 0.66818536789 0.618179717858
vt 0.663018559425 0.618154317048
vt 0.668284798946 0.620869729836
vt 0.673040135173 0.618319722601
vt 0.672973268178 0.620945463467
vt 0.677489835231 0.618599724841
vt 0.677312824264 0.621199664149
vt 0.681658144648 0.619083326731
vt 0.681416482545 0.621668058299
vt 0.685910899701 0.617252485668
vt 0.677654031331 0.616045286215
vt 0.681913397015 0.61654744062
vt 0.686236826003 0.614760546474
vt 0.69048080054 0.613222383733
vt 0.693498800765 0.619285561294
vt 0.689415376789 0.620755515359
vt 0.690097629307 0.615670980828
vt 0.685606833041 0.619799182085
vt 0.695119792654 0.609568087246
vt 0.690883603595 0.610834638321
vt 0.686575051606 0.612325949236
vt 0.682172132362 0.614067307814
vt 0.681200003592 0.624292254488
vt 0.685331095376 0.622406108562
vt 0.688914715307 0.626019716437
vt 0.697069810243 0.623129433916
vt 0.687696715569 0.605021143194
vt 0.682982133737 0.606571845852
vt 0.683221159052 0.60396807844
vt 0.673083172433 0.610370974338
vt 0.672834995301 0.602283137116
vt 0.661534957359 0.607240716639
vt 0.672622692172 0.596974509181
vt 0.660716355226 0.601870374398
vt 0.672352515726 0.591716788069
vt 0.683462890281 0.601311934421
vt 0.673010768277 0.607712819518
vt 0.671551139167 0.581182784895
vt 0.678197390926 0.57960505775
vt 0.678310163335 0.582175848666
vt 0.677817820136 0.574515204054
vt 0.68452537836 0.573406553264
vt 0.684699500626 0.578437920879
vt 0.672015303658 0.586490735664
vt 0.67834645988 0.584769311117
vt 0.684414184353 0.588506535107
vt 0.684083143307 0.593578753534
vt 0.695732018924 0.586746486799
vt 0.702573492676 0.597191644835
vt 0.698030737713 0.597950214616
vt 0.698660698876 0.595564120671
vt 0.706170430295 0.586047749185
vt 0.705486789984 0.588280857614
vt 0.683683713519 0.598710753391
vt 0.694829489993 0.591548441728
vt 0.699866336691 0.590914084162
vt 0.693855421905 0.596414487564
vt 0.699276325652 0.5932194989
vt 0.704046945161 0.592694605815
vt 0.704769460263 0.590487679191
vt 0.709446021348 0.590174210059
vt 0.696494512469 0.581987833066
vt 0.684641524486 0.583526350752
vt 0.684721210398 0.580987199715
vt 0.690895313807 0.57763741406
vt 0.697040548713 0.577203424204
vt 0.690864559878 0.578873126852
vt 0.696951695829 0.578402788071
vt 0.690789327667 0.580120732347
vt 0.696827622397 0.579609959024
vt 0.702729462946 0.577001147698
vt 0.702598739024 0.578186113609
vt 0.702415746403 0.57937283704
vt 0.697823472938 0.562365177453
vt 0.69724271013 0.572326162445
vt 0.707406614544 0.581599831624
vt 0.706808960769 0.583835407262
vt 0.677016619274 0.564191871506
vt 0.684220910446 0.563262040979
vt 0.67306421206 0.617017583015
vt 0.677802108595 0.613506424832
vt 0.677728782143 0.614779853591
vt 0.682437317801 0.611596627916
vt 0.682301764528 0.612834542877
vt 0.686934655093 0.60991809112
vt 0.68674984554 0.61112421278
vt 0.691322415412 0.608484670538
vt 0.691095332722 0.609659923086
vt 0.695615813791 0.607261922551
vt 0.695357419317 0.608413580554
vt 0.699844801722 0.606232149464
vt 0.699565307373 0.607369492121
vt 0.701950288358 0.605779413068
vt 0.701666027814 0.606907960159
vt 0.704055641734 0.605374035552
vt 0.703766522859 0.606500170889
vt 0.706172008456 0.605006314457
vt 0.705622086703 0.607255427505
vt 0.706065396998 0.616311467297
vt 0.701804228646 0.617113690814
vt 0.702611785262 0.612271254103
vt 0.697626407426 0.618091205281
vt 0.6983964245 0.613209374234
vt 0.694247388571 0.614333140379
vt 0.694674020266 0.611915382017
vt 0.69931031655 0.608515647081
vt 0.701409546246 0.608043864968
vt 0.703501857328 0.607643088608
vt 0.707763220266 0.606911695698
vt 0.708299507707 0.604686090882
vt 0.71211498514 0.606371237929
vt 0.673105835327 0.613063761966
vt 0.677927524578 0.61093889659
vt 0.677869747808 0.612223648764
vt 0.682715454575 0.60910349808
vt 0.682575964776 0.610352853734
vt 0.687318659061 0.607486841036
vt 0.687125566561 0.60870601978
vt 0.691807432089 0.606126800945
vt 0.691561021541 0.607307251732
vt 0.696179036466 0.604961147715
vt 0.69589101284 0.606111588841
vt 0.700462912421 0.603974872117
vt 0.70014529503 0.605101258882
vt 0.702585254483 0.603542743514
vt 0.702258088595 0.604658029254
vt 0.704703028291 0.603153341866
vt 0.704368951358 0.604259082583
vt 0.706823688285 0.602804195085
vt 0.706486521284 0.60389979027
vt 0.708952139511 0.602496757752
vt 0.708614861251 0.603583035481
vt 0.710448795576 0.60439421255
vt 0.682854702974 0.607848052313
vt 0.687510260912 0.606259175291
vt 0.69205855261 0.604942497461
vt 0.696476326124 0.603809148739
vt 0.700794084714 0.602851180747
vt 0.702928176098 0.602432113561
vt 0.705054615544 0.602055157657
vt 0.707180328695 0.601718045462
vt 0.709310546674 0.601421543133
vt 0.71145041598 0.601167439719
vt 0.713604174999 0.60095836917
vt 0.715428756193 0.60184248965
vt 0.692311953576 0.60375372655
vt 0.696779971274 0.602653747088
vt 0.701135752469 0.601728162469
vt 0.703283755428 0.601324234758
vt 0.705420851831 0.600962724923
vt 0.707553693845 0.600639817234
vt 0.709687467356 0.600355887256
vt 0.711827123878 0.600113415053
vt 0.713976569249 0.599915395369
vt 0.716137636974 0.599765417037
vt 0.688044323341 0.602522735502
vt 0.692566098939 0.602560164979
vt 0.697087301802 0.601493014888
vt 0.701485127714 0.600603911679
vt 0.703649213369 0.60021713275
vt 0.705799084966 0.599874505438
vt 0.707941155515 0.599567920194
vt 0.710080421207 0.599298327321
vt 0.712221648438 0.599069045442
vt 0.71436864492 0.598882992037
vt 0.716524449937 0.598742445031
vt 0.714219846707 0.634331245472
vt 0.704890902357 0.636498557037
vt 0.705269868284 0.626073803235
vt 0.710537788784 0.615603435208
vt 0.715168617378 0.615063501702
vt 0.71994814374 0.614629757054
vt 0.724843517322 0.614334674169
vt 0.730438062173 0.6057420775
vt 0.734003197505 0.605770028717
vt 0.719080101348 0.597648506725
vt 0.721232216896 0.597613298292
vt 0.720489026577 0.599586720125
vt 0.717041049435 0.603831882458
vt 0.717621650642 0.601721423972
vt 0.722066477518 0.601594462136
vt 0.718306688845 0.599661649801
vt 0.72268045266 0.599583585481
vt 0.724871998726 0.599632044152
vt 0.725755218705 0.605723508336
vt 0.724289455566 0.60161196669
vt 0.726526866049 0.60166479833
vt 0.7309932252 0.601909296273
vt 0.693344502703 0.598902972217
vt 0.692826707479 0.601366716864
vt 0.697714262859 0.599140315875
vt 0.697399086858 0.600323299502
vt 0.702205411506 0.598337290788
vt 0.701841838429 0.599475390904
vt 0.704023631906 0.599107567063
vt 0.711337501281 0.596153502593
vt 0.708752040299 0.597434111408
vt 0.709171974487 0.59636805241
vt 0.706585802398 0.597703322228
vt 0.70699109133 0.596617876686
vt 0.704404557668 0.597998813614
vt 0.704790374932 0.596885955693
vt 0.710878291101 0.592152065741
vt 0.713492839421 0.595978586459
vt 0.713056360942 0.597002936635
vt 0.710907292408 0.597199006117
vt 0.715202497439 0.596847387111
vt 0.715640548812 0.595842335135
vt 0.716089709774 0.594845124995
vt 0.717348729801 0.596734305944
vt 0.717783675447 0.595746643043
vt 0.718231580906 0.594768373504
vt 0.718690988177 0.593797973598
vt 0.719492023811 0.596664472609
vt 0.71991930278 0.595693083887
vt 0.720361381281 0.59473243353
vt 0.720818399496 0.593779610941
vt 0.72128844401 0.592833391004
vt 0.715784962999 0.585938041674
vt 0.717160638489 0.587981282886
vt 0.714911859007 0.587998936396
vt 0.710220272365 0.588070655761
vt 0.720611000026 0.589969787201
vt 0.718435060791 0.589953115783
vt 0.71623677716 0.589969555782
vt 0.714007359537 0.590017269199
vt 0.716620230409 0.583855026636
vt 0.708359798607 0.577026618939
vt 0.708166449311 0.578178777399
vt 0.707934400076 0.579327858144
vt 0.712429198141 0.58164141528
vt 0.713361861219 0.578311171432
vt 0.718486629356 0.578552276396
vt 0.713590874034 0.577179979075
vt 0.718789280679 0.577444919452
vt 0.708963812753 0.572283373394
vt 0.722159712096 0.582017286632
vt 0.722586588443 0.580985220566
vt 0.722996131094 0.579936505962
vt 0.727742320318 0.580327933201
vt 0.727285785691 0.581360506316
vt 0.726810452003 0.582372524167
vt 0.726317142429 0.583363617467
vt 0.723551439694 0.584187337739
vt 0.721631852266 0.596642678216
vt 0.722046532777 0.595687227291
vt 0.722478392327 0.594743171371
vt 0.722929383155 0.593806905746
vt 0.72339724925 0.592877501332
vt 0.723879917584 0.591953837748
vt 0.72458219804 0.59480847061
vt 0.7250242973 0.593887816407
vt 0.72548785478 0.592974631443
vt 0.72597045636 0.592067796065
vt 0.726470042488 0.591165740686
vt 0.727657933682 0.597860251136
vt 0.726269148395 0.595849231802
vt 0.72667079602 0.594935151742
vt 0.727101910283 0.594030114381
vt 0.727559747924 0.593133718929
vt 0.728041763365 0.592244585315
vt 0.728545640563 0.591360792875
vt 0.72906906884 0.590479925893
vt 0.729609813524 0.589599083828
vt 0.726984559846 0.590266451113
vt 0.724375447211 0.591034498417
vt 0.721769643401 0.591892589647
vt 0.719160257262 0.592834072825
vt 0.716547467401 0.593856165243
vt 0.713938722416 0.594960333259
vt 0.713108118174 0.592046323582
vt 0.715306812445 0.591954843751
vt 0.717482844169 0.591897760013
vt 0.72012196716 0.590920187028
vt 0.722758762138 0.590021108792
vt 0.725397785949 0.589201394111
vt 0.728050549809 0.588466335109
vt 0.710025581726 0.594247336407
vt 0.712215167382 0.594083117682
vt 0.714389864845 0.593953660636
vt 0.717012712945 0.592873012687
vt 0.719637655522 0.59187562338
vt 0.722260350659 0.590955626738
vt 0.724881994466 0.590117719279
vt 0.72751208795 0.589367524105
vt 0.730165160084 0.5887154537
vt 0.726980651843 0.58643324591
vt 0.724796173244 0.586266879899
vt 0.727511571297 0.585494838849
vt 0.72581522367 0.584347677543
vt 0.728042077515 0.584551520917
vt 0.730272819261 0.584779210222
vt 0.7297053931 0.585713206848
vt 0.733488321378 0.587261504224
vt 0.731308005502 0.586929369979
vt 0.72915144888 0.586644882594
vt 0.732277718846 0.589037816315
vt 0.731698871954 0.589908211997
vt 0.731139725133 0.590771979054
vt 0.730603412418 0.591633485791
vt 0.730092697572 0.59249673628
vt 0.72961005787 0.593365240918
vt 0.729157933277 0.594242139331
vt 0.72873893305 0.595130378943
vt 0.728355818798 0.596033131406
vt 0.732765524769 0.595747336197
vt 0.734634463266 0.596175179744
vt 0.737225726245 0.589140573409
vt 0.736552089286 0.590017193589
vt 0.732866470767 0.588150137963
vt 0.734392599033 0.589485108532
vt 0.733783377866 0.590332352927
vt 0.735886336879 0.590871821881
vt 0.733197795194 0.591172764769
vt 0.73525213468 0.591702037833
vt 0.732641136745 0.592008949149
vt 0.734656206107 0.592515009491
vt 0.732117673476 0.592844752563
vt 0.734104985159 0.593318390568
vt 0.731630677639 0.593684247949
vt 0.733603843902 0.594120464134
vt 0.731182774372 0.594530802884
vt 0.733156607944 0.594929803842
vt 0.730776024505 0.595386374669
vt 0.740848959929 0.590319677944
vt 0.723377340749 0.578865249897
vt 0.728176225512 0.579270326209
vt 0.732410803589 0.580825541801
vt 0.731902973847 0.581849138795
vt 0.731374773505 0.582848245924
vt 0.730830720978 0.583824784815
vt 0.723727328032 0.577772505386
vt 0.728592985169 0.578188641046
vt 0.733399532692 0.57869179989
vt 0.741380450427 0.583349481716
vt 0.734112285523 0.586354688335
vt 0.734733961215 0.585427132463
vt 0.735353073733 0.584476411728
vt 0.735963265575 0.583500132595
vt 0.736557174928 0.582496074896
vt 0.737129688278 0.581461533718
vt 0.738249174188 0.579290479692
vt 0.740348375676 0.574681144775
vt 0.745634084778 0.575224355292
vt 0.719848943825 0.572853629271
vt 0.722212464633 0.563172454324
vt 0.725043501097 0.573231119166
vt 0.733638806359 0.564046461858
vt 0.730209750717 0.573665904268
vt 0.735270627089 0.574147946333
vt 0.710471659737 0.562508432557
vt 0.72127586792 0.584052718598
vt 0.722584278449 0.586141227875
vt 0.724283511628 0.58721099696
vt 0.726449200057 0.587361492546
vt 0.728597574506 0.587559618255
vt 0.730731026783 0.587825133818
vt 0.737922751907 0.588241130364
vt 0.741479810332 0.589554508129
vt 0.644246724014 0.526593396071
vt 0.642741162452 0.521221818759
vt 0.662744315914 0.517406984543
vt 0.661631324182 0.511866948852
vt 0.641192386214 0.515882220084
vt 0.649874707301 0.508199391728
vt 0.639572666367 0.510519828942
vt 0.660358829801 0.506232305476
vt 0.662696402284 0.49458961357
vt 0.664232297474 0.499832016726
vt 0.657378825256 0.495438184642
vt 0.65894502357 0.500673443502
vt 0.652050480893 0.496394276006
vt 0.662811943086 0.479010160655
vt 0.659281580556 0.484722693155
vt 0.657510254973 0.479659850752
vt 0.653963204021 0.485465399753
vt 0.66949413766 0.49907379976
vt 0.674027211194 0.495763238611
vt 0.678480893845 0.492649206426
vt 0.691776415683 0.508876170053
vt 0.681963302764 0.509476114015
vt 0.681078287239 0.503620372446
vt 0.670760532503 0.504737231705
vt 0.67016629565 0.501854645951
vt 0.66373257522 0.522831346578
vt 0.682583469211 0.515161732523
vt 0.682987136472 0.520651677278
vt 0.701562508479 0.514368883755
vt 0.691117269407 0.502930944664
vt 0.690660724315 0.499964531854
vt 0.690102477664 0.497124580375
vt 0.679237111693 0.495215855215
vt 0.684374810865 0.494777488717
vt 0.689448569669 0.494418645562
vt 0.694441910135 0.494163282558
vt 0.69967254492 0.495324954199
vt 0.699348829229 0.493964256371
vt 0.699006941031 0.492633471219
vt 0.698639770057 0.491330039975
vt 0.693721614057 0.491545762074
vt 0.688717602785 0.491827054233
vt 0.683633142491 0.492196799161
vt 0.687071200433 0.486921318332
vt 0.681975136297 0.487320943012
vt 0.719344655624 0.514569383497
vt 0.719533478579 0.511655651994
vt 0.701527972263 0.511506332676
vt 0.701408207713 0.508582169046
vt 0.701199183232 0.505604107196
vt 0.719517173064 0.505658038447
vt 0.700903218215 0.502585369015
vt 0.708874470188 0.493784245073
vt 0.708544327515 0.492421573231
vt 0.717692494554 0.492371094836
vt 0.672443058625 0.49073572634
vt 0.677665573663 0.490187300964
vt 0.682826375804 0.489725455627
vt 0.687917838359 0.489342136371
vt 0.69293010421 0.489035089877
vt 0.697855828205 0.488793165116
vt 0.703460978201 0.491194120883
vt 0.706613622966 0.485898976716
vt 0.715811872728 0.485618445427
vt 0.716608067803 0.48829322203
vt 0.712070941698 0.488377147329
vt 0.717350474493 0.490997468316
vt 0.712822062089 0.491036711008
vt 0.676810361236 0.48779115947
vt 0.668083594161 0.478398570421
vt 0.671586191645 0.488336869918
vt 0.652193213055 0.480363010636
vt 0.650408252636 0.475197221949
vt 0.653927021481 0.469279759613
vt 0.664491776819 0.467994521697
vt 0.659220337646 0.46862285795
vt 0.643320126504 0.487138776492
vt 0.622345813516 0.417673313707
vt 0.62424777123 0.462334951255
vt 0.631328354615 0.450077174853
vt 0.638564601765 0.437675925053
vt 0.697020921439 0.486310092931
vt 0.692089440787 0.48658718008
vt 0.688660903154 0.47641468211
vt 0.683612715368 0.476849284695
vt 0.680063682873 0.466262075203
vt 0.674924348782 0.46681655497
vt 0.676570376339 0.455294400781
vt 0.666206794141 0.456582397628
vt 0.659552305474 0.434392972413
vt 0.649053102594 0.436041684308
vt 0.64298333969 0.413815621512
vt 0.669949770387 0.432752113023
vt 0.686700824615 0.454052418909
vt 0.696520571789 0.452845935361
vt 0.690140930025 0.465218123654
vt 0.699890607 0.464229922804
vt 0.6936285325 0.476012535303
vt 0.653119301439 0.387955667509
vt 0.668306189994 0.384464616218
vt 0.705956604565 0.451669328859
vt 0.712551608942 0.474651900016
vt 0.703277581247 0.47529035811
vt 0.698602488417 0.552045815132
vt 0.71228841021 0.552273064031
vt 0.741011346663 0.543357640878
vt 0.745032322409 0.532545584722
vt 0.734618442833 0.520843194583
vt 0.733009927524 0.526382339236
vt 0.717566908032 0.525671297653
vt 0.716472276255 0.531092799675
vt 0.700474648785 0.530754761137
vt 0.699509963207 0.541485494533
vt 0.683686325218 0.542179213083
vt 0.683950303473 0.552813246918
vt 0.668421046558 0.555002413186
vt 0.64712287992 0.537326710589
vt 0.665448803464 0.533593857709
vt 0.683216439047 0.52604798066
vt 0.701384143272 0.519929545538
vt 0.719039559654 0.517417524096
vt 0.735757242638 0.515096204026
vt 0.73524104183 0.495413528958
vt 0.735494297583 0.49690838945
vt 0.727260318561 0.496760975481
vt 0.727488183519 0.498244678792
vt 0.718810820674 0.498082191329
vt 0.719017665827 0.499566583253
vt 0.70993062333 0.499504406163
vt 0.728123716715 0.508928707813
vt 0.727985956195 0.511936459181
vt 0.71958793622 0.508682905528
vt 0.709710656458 0.498031251001
vt 0.709459531652 0.496587514187
vt 0.718572770591 0.496621382187
vt 0.718305573989 0.495183472828
vt 0.72700268292 0.4952948504
vt 0.726717680798 0.493845061867
vt 0.734961177703 0.493929311168
vt 0.734656868082 0.492454051487
vt 0.735717949579 0.498414072631
vt 0.727683856315 0.499746783699
vt 0.719191264841 0.501075368598
vt 0.740127818026 0.503085021626
vt 0.740259176175 0.506171375374
vt 0.736188106074 0.503001981145
vt 0.736320978988 0.506076317868
vt 0.727968827428 0.502807660762
vt 0.728115772521 0.505881910496
vt 0.719329800189 0.502606160645
vt 0.710272057961 0.502539176777
vt 0.700493740355 0.499588991819
vt 0.73942811888 0.496961643848
vt 0.739846182517 0.500006331454
vt 0.735910150546 0.499931821661
vt 0.736067340925 0.501461132935
vt 0.727844779381 0.501268137516
vt 0.75069980576 0.515486158188
vt 0.750397463232 0.516991633894
vt 0.743433099559 0.515333571401
vt 0.742842704928 0.518278569127
vt 0.735261513927 0.518001314124
vt 0.718628308961 0.520207009295
vt 0.700950281062 0.525352999553
vt 0.683395008552 0.531437949145
vt 0.666995375377 0.544325342565
vt 0.744086626312 0.506222164233
vt 0.747772620804 0.509335369194
vt 0.747798038853 0.506246492803
vt 0.751198644617 0.503124054477
vt 0.747328785488 0.50005422843
vt 0.743840596604 0.512332200329
vt 0.747549589237 0.512405642921
vt 0.751149091696 0.512432750257
vt 0.738896855582 0.49394960046
vt 0.742058262734 0.490910068248
vt 0.743227256801 0.496983636247
vt 0.746885890386 0.496966452867
vt 0.742688787881 0.493939060052
vt 0.746337895724 0.493889858599
vt 0.74772213088 0.484477726939
vt 0.748469810208 0.487579570144
vt 0.741355240954 0.487897593795
vt 0.734332235255 0.490986305044
vt 0.72640767681 0.492410323895
vt 0.718011424219 0.493767169637
vt 0.709180211018 0.495172406725
vt 0.699971982458 0.496715325791
vt 0.726077282464 0.490989577353
vt 0.725354441096 0.4881821349
vt 0.733624678627 0.488072524245
vt 0.740602342052 0.484888846764
vt 0.744627695018 0.472034844334
vt 0.750857841387 0.500014252004
vt 0.750391607745 0.496900941561
vt 0.74982590302 0.493791385306
vt 0.752810950668 0.544054749106
vt 0.747041833172 0.543706160515
vt 0.757349606185 0.53329527207
vt 0.751361770461 0.532896950928
vt 0.759786925221 0.527769133282
vt 0.739128725454 0.56445469466
vt 0.765381807879 0.522330192439
vt 0.762277408792 0.522023333104
vt 0.764037547689 0.525223486479
vt 0.753631714334 0.527352660399
vt 0.75588908585 0.521669542201
vt 0.761039166912 0.524936894646
vt 0.750951472937 0.513966634179
vt 0.75782815944 0.514054821472
vt 0.757561900595 0.515620984993
vt 0.669703886487 0.565566849261
vt 0.754646159552 0.512483468374
vt 0.75139995525 0.507794711709
vt 0.754876577655 0.507765536479
vt 0.751369963134 0.509349676907
vt 0.754856659074 0.509340694932
vt 0.7547797838 0.510913789311
vt 0.754627515101 0.503047226845
vt 0.751311194473 0.504679451792
vt 0.753754020685 0.496771100539
vt 0.754250917807 0.499916374089
vt 0.756387305625 0.520194271422
vt 0.768046098051 0.512338287759
vt 0.764693794012 0.512432648015
vt 0.764823058099 0.510731895929
vt 0.76140030127 0.512497468818
vt 0.761523413802 0.510848804618
vt 0.757521092795 0.499737094307
vt 0.757747756165 0.501322852959
vt 0.757943695155 0.50290514271
vt 0.758098053093 0.504493214632
vt 0.75820377428 0.506088720831
vt 0.75825544963 0.507688952718
vt 0.758248163437 0.509289872253
vt 0.758177231437 0.510886090273
vt 0.758038833826 0.512469708534
vt 0.764466292008 0.514116188671
vt 0.749179259505 0.490685395776
vt 0.755687940068 0.490195607248
vt 0.753166792448 0.493625013886
vt 0.756367189054 0.493376112688
vt 0.756985045117 0.496556400426
vt 0.754208229819 0.483836193822
vt 0.758739134767 0.489806080581
vt 0.759442808991 0.493019460754
vt 0.760100347503 0.496234362385
vt 0.760685261243 0.499453710833
vt 0.763754641225 0.499032955189
vt 0.760941268448 0.501062758834
vt 0.764047726143 0.500668890433
vt 0.761167063079 0.502669292888
vt 0.764313274694 0.502306503427
vt 0.761351639884 0.504285538848
vt 0.76453808395 0.503959845832
vt 0.761486089682 0.505914386316
vt 0.764711565972 0.505632666685
vt 0.761563410075 0.507553622381
vt 0.764823558014 0.507322708459
vt 0.756838421905 0.518692562743
vt 0.7638093897 0.517371386018
vt 0.767078844823 0.517599033112
vt 0.770384220305 0.51778218557
vt 0.768466019153 0.522651985946
vt 0.769148491794 0.52110197838
vt 0.771506153017 0.512155544128
vt 0.768157237903 0.510536915984
vt 0.764863799706 0.509025080828
vt 0.761577344466 0.509199747935
vt 0.767673719866 0.503467956791
vt 0.767905264342 0.505195957803
vt 0.768072822578 0.506953800542
vt 0.768162106744 0.508737451637
vt 0.771577389206 0.51020477642
vt 0.77151183851 0.508274505519
vt 0.771334066418 0.506381112498
vt 0.771082561155 0.504543056782
vt 0.770404407458 0.501005309961
vt 0.767392552036 0.501771203673
vt 0.767074693253 0.500100630619
vt 0.776538115384 0.517473607538
vt 0.776121071942 0.518481942153
vt 0.773872827096 0.51813317629
vt 0.775438745066 0.519913103072
vt 0.773120628548 0.519949902048
vt 0.774276114861 0.522071525454
vt 0.77231456794 0.52162987998
vt 0.773530802327 0.523268468549
vt 0.771488802642 0.523184520942
vt 0.772386718607 0.525014121044
vt 0.77066341284 0.524649578406
vt 0.769857600671 0.526052860146
vt 0.767496454587 0.515879780149
vt 0.76417806247 0.515762275901
vt 0.757230890148 0.517167570953
vt 0.74756717004 0.580643314471
vt 0.747423340296 0.580921591949
vt 0.767823493606 0.514124456848
vt 0.775191064818 0.51180493185
vt 0.772998475757 0.505995951871
vt 0.770764280912 0.502750926762
vt 0.772284314485 0.502281443247
vt 0.772666451054 0.504107653735
vt 0.774233097999 0.503582747907
vt 0.774630096025 0.505516648999
vt 0.776257851936 0.504930853632
vt 0.77668367737 0.506980259582
vt 0.773293612849 0.499947641264
vt 0.772348689968 0.496559410784
vt 0.773790672659 0.49585358322
vt 0.771471989742 0.49327436978
vt 0.772326295539 0.490657887099
vt 0.768242684849 0.480447866127
vt 0.768312225454 0.474792717541
vt 0.769609414761 0.497621269244
vt 0.771867619414 0.500514153405
vt 0.773779725128 0.501724915197
vt 0.775784598082 0.502955520886
vt 0.766733251794 0.498435948189
vt 0.763108802149 0.495773913012
vt 0.766015998829 0.495140052244
vt 0.76240418389 0.492535277872
vt 0.764491583598 0.488643470348
vt 0.761670154154 0.489295809219
vt 0.760144108038 0.482840301327
vt 0.76880129886 0.494314494485
vt 0.767217945029 0.487840851961
vt 0.765629708129 0.481378220714
vt 0.762446807466 0.468616794151
vt 0.76346653319 0.455670321541
vt 0.723360185571 0.449340118022
vt 0.738297779406 0.447111135466
vt 0.751092678135 0.471157795848
vt 0.732020461629 0.422139552793
vt 0.744725269202 0.445979629767
vt 0.756995333783 0.470045837582
vt 0.777020538759 0.506859207856
vt 0.77683540331 0.506017797963
vt 0.721771020829 0.490997268972
vt 0.721039919983 0.488240162703
vt 0.724577817589 0.485394655939
vt 0.721387359343 0.474034027363
vt 0.714924763469 0.450492037391
vt 0.717102410976 0.42489620415
vt 0.690049666847 0.429520423343
vt 0.699570710423 0.4279327838
vt 0.711000330944 0.400349839019
vt 0.543970630523 0.600681548443
vt 0.549177955247 0.612406500074
vt 0.536195817428 0.601524402663
vt 0.540911726816 0.613259225036
vt 0.53267044979 0.535164879051
vt 0.519407593522 0.53730152571
vt 0.507653790242 0.538183871027
vt 0.544614786535 0.522741751037
vt 0.530364131374 0.527181732804
vt 0.517270307389 0.530045191378
vt 0.505510141595 0.531108057841
vt 0.556206284883 0.502477996927
vt 0.540573287697 0.507639092345
vt 0.526289002602 0.512319019678
vt 0.513363008886 0.516253747916
vt 0.502020784907 0.519322446563
vt 0.578353300476 0.562598077021
vt 0.563050844252 0.569068081244
vt 0.617995957138 0.564969173346
vt 0.601939904698 0.572079708317
vt 0.60444373182 0.577646166009
vt 0.58912765868 0.585029520422
vt 0.670942291029 0.576015329336
vt 0.663898372349 0.577936636593
vt 0.662226083679 0.567344774712
vt 0.654678606559 0.569534476859
vt 0.652341314302 0.558804087507
vt 0.644185077489 0.561250641779
vt 0.634451734254 0.5586174312
vt 0.636169275171 0.564074493763
vt 0.647076717705 0.572092034494
vt 0.656887116819 0.580299323783
vt 0.625249197259 0.531736582819
vt 0.629013467358 0.542473257262
vt 0.611392525958 0.548674904379
vt 0.613604201114 0.554091461323
vt 0.596935035984 0.561056375768
vt 0.599431813559 0.56655469093
vt 0.583647748277 0.573768217075
vt 0.730411844769 0.596251966983
vt 0.732433053683 0.596585654398
vt 0.734352719328 0.5969322725
vt 0.631189253077 0.518421829121
vt 0.602908602402 0.527487002108
vt 0.598801999133 0.517721883657
vt 0.60810970179 0.514272316345
vt 0.592069652619 0.550078003902
vt 0.607028994092 0.53785353308
vt 0.621493013387 0.521193439209
vt 0.617761308387 0.510985280814
vt 0.641566072002 0.481937438817
vt 0.632782905006 0.489053632579
vt 0.634517278281 0.49441581159
vt 0.624200617739 0.496788778123
vt 0.625959582079 0.502453194136
vt 0.622455618691 0.491172216253
vt 0.620726787503 0.485629388927
vt 0.631042985323 0.483700203628
vt 0.629309046202 0.478354225005
vt 0.639803365587 0.476698926854
vt 0.63804772023 0.471428037827
vt 0.648625754111 0.46995797918
vt 0.646861437682 0.464668677393
vt 0.650414843155 0.458615404737
vt 0.627700597771 0.5079294886
vt 0.636234552509 0.499784855685
vt 0.645048752349 0.492296365951
vt 0.65036291806 0.491344658463
vt 0.655694766993 0.490465926567
vt 0.661014473864 0.489667460417
vt 0.666315608224 0.488962211816
vt 0.504918182219 0.479075358954
vt 0.492235134568 0.483998194193
vt 0.491621999519 0.481642252395
vt 0.510154518113 0.503389602118
vt 0.520773163991 0.486364686539
vt 0.523210588415 0.498913448647
vt 0.535268702695 0.481702606344
vt 0.537590175058 0.494174246528
vt 0.548750428228 0.46568749606
vt 0.533225077836 0.469906054577
vt 0.518618056705 0.474389159119
vt 0.478521475066 0.425032799129
vt 0.494181863033 0.421812354432
vt 0.480988881611 0.436852753329
vt 0.496153692266 0.433102805607
vt 0.482536392295 0.443937542255
vt 0.543198657928 0.433214898621
vt 0.527783480119 0.43664749728
vt 0.511201239961 0.429512577302
vt 0.512917830227 0.44042794202
vt 0.498191816923 0.444401559344
vt 0.483595925503 0.448658107297
vt 0.563060393651 0.450855968986
vt 0.546787689908 0.454553690449
vt 0.531330506795 0.458517464131
vt 0.51661226938 0.462789209658
vt 0.502555932634 0.46734868793
vt 0.489221393405 0.472221178032
vt 0.589709418527 0.486229566928
vt 0.57314090902 0.497278532259
vt 0.571555766679 0.490892263309
vt 0.554631162285 0.495776892251
vt 0.582751110669 0.458165979271
vt 0.585358841998 0.469100993019
vt 0.576309259136 0.470992911106
vt 0.577615322913 0.476673235762
vt 0.5688018525 0.478763514897
vt 0.570119602549 0.484726075739
vt 0.553247773807 0.489366575795
vt 0.531606586594 0.589798155824
vt 0.527207499545 0.578073267666
vt 0.538930269132 0.58900367508
vt 0.53415276598 0.577319957589
vt 0.54840848883 0.574191166593
vt 0.54374724304 0.562547211991
vt 0.558216553027 0.557624136428
vt 0.553982894988 0.547011382281
vt 0.569182072343 0.540963318815
vt 0.564613879627 0.53170809896
vt 0.58108986067 0.524816877211
vt 0.578937763076 0.518511134453
vt 0.596819282254 0.511759120647
vt 0.594901302988 0.505062816188
vt 0.602572084904 0.495930435935
vt 0.610655223088 0.487709933465
vt 0.619024764474 0.480143293781
vt 0.627592031566 0.473013492561
vt 0.636314071068 0.466127375944
vt 0.645133234178 0.459311511699
vt 0.655696209987 0.457920866054
vt 0.60133871917 0.454837067509
vt 0.604266001132 0.465576980783
vt 0.594666076592 0.467298423541
vt 0.596126606132 0.472796888558
vt 0.586737380388 0.4746832839
vt 0.588179585054 0.480388118996
vt 0.578978610545 0.482504885907
vt 0.598553945573 0.444160586937
vt 0.519653747091 0.57592315496
vt 0.516569742076 0.566488641591
vt 0.529817724473 0.565561147491
vt 0.52587562254 0.554269968867
vt 0.539640349975 0.551639886573
vt 0.535043022547 0.541907727477
vt 0.549319489975 0.537668343198
vt 0.546927715705 0.530899516583
vt 0.562312639858 0.52511125468
vt 0.560096706952 0.517206613702
vt 0.576870115268 0.511133613212
vt 0.574916404235 0.503980534757
vt 0.593053879745 0.498512526047
vt 0.591321103476 0.492264116144
vt 0.600847180218 0.489927142492
vt 0.599205900111 0.484090997891
vt 0.608984743319 0.482057869357
vt 0.607365182127 0.476494930758
vt 0.617354494714 0.474702999488
vt 0.615719724633 0.469299247847
vt 0.625901984854 0.467674953417
vt 0.634615796986 0.460796565271
vt 0.64178641869 0.448547609252
vt 0.580274216115 0.447422748439
vt 0.595927005779 0.433564069975
vt 0.577943316017 0.436850804272
vt 0.56101331119 0.440211388184
vt 0.544946124373 0.443749691321
vt 0.529536079174 0.447462993986
vt 0.514722146186 0.451493128758
vt 0.500322019961 0.455808170285
vt 0.486905411288 0.462798190331
vt 0.593435842181 0.423039239733
vt 0.575738460575 0.426409059923
vt 0.559070082645 0.429760222758
vt 0.612375770087 0.41953044836
vt 0.615115722712 0.430253281237
vt 0.608120252011 0.442547006166
vt 0.611051439219 0.453219643631
vt 0.614123974099 0.463924933416
vt 0.605792986536 0.47100467025
vt 0.597635874765 0.478389764855
vt 0.609809851075 0.408813081693
vt 0.591091659767 0.412545969285
vt 0.573644501651 0.416045061012
vt 0.557201513416 0.419420042838
vt 0.541484110333 0.422751390198
vt 0.553668415621 0.585748042851
vt 0.592690843271 0.761098716456
vt 0.607634035541 0.754261627436
vt 0.591623944676 0.758915398719
vt 0.575304860603 0.723684586997
vt 0.590161572343 0.713560586631
vt 0.594203178846 0.723841825869
vt 0.598437235817 0.734055986822
vt 0.583292559874 0.74138250085
vt 0.577272583131 0.728129023484
vt 0.605490573783 0.708509388947
vt 0.615598763264 0.715001270237
vt 0.609017099861 0.718229237981
vt 0.625284581735 0.720863344786
vt 0.612761028481 0.727847995831
vt 0.633266737499 0.704427931319
vt 0.621808896734 0.711585120482
vt 0.618652078182 0.702188552962
vt 0.594552307453 0.701207283587
vt 0.586250000964 0.703207072696
vt 0.591108359214 0.691116442168
vt 0.549435174501 0.660165020777
vt 0.552967241734 0.669380394011
vt 0.553858143746 0.671678346104
vt 0.545951411204 0.650910139992
vt 0.555421164156 0.648288596952
vt 0.565114505191 0.647430214174
vt 0.57415738331 0.645988514281
vt 0.568771796922 0.634597102995
vt 0.577019368923 0.632623575664
vt 0.571054628485 0.620868405442
vt 0.540811938436 0.636966295421
vt 0.539119543225 0.632300226347
vt 0.550650662795 0.636754437916
vt 0.545768740705 0.625037880331
vt 0.55997829185 0.635971057638
vt 0.554578316559 0.624236706906
vt 0.563014061031 0.622850171292
vt 0.557230946775 0.610989984495
vt 0.565045300644 0.608991132638
vt 0.559256969394 0.597316063277
vt 0.574160919685 0.591870104665
vt 0.568461393839 0.580451651952
vt 0.580967027738 0.568179971107
vt 0.59447133368 0.555569554519
vt 0.609196875474 0.543276227944
vt 0.602192154747 0.698742688333
vt 0.599032296773 0.688908560092
vt 0.606269844771 0.686213296659
vt 0.604803902125 0.681181833148
vt 0.611573876742 0.678095863015
vt 0.612303778909 0.705483796366
vt 0.609213353369 0.695883325269
vt 0.612937799897 0.683097041853
vt 0.619179693396 0.679643828273
vt 0.610137928392 0.672574795854
vt 0.616565898438 0.6691328475
vt 0.617904342521 0.674646488865
vt 0.608638388881 0.666553003193
vt 0.621411555134 0.659422174395
vt 0.622701018988 0.665411414947
vt 0.620046889207 0.652982701621
vt 0.611199215622 0.631110449482
vt 0.616332706332 0.641264024673
vt 0.603105264448 0.648405685002
vt 0.605369272302 0.653850315167
vt 0.598201970112 0.656996115917
vt 0.600026082497 0.663238018044
vt 0.592322423282 0.665933914107
vt 0.594070057459 0.672295988798
vt 0.587588203961 0.680345789243
vt 0.57238808251 0.716994487706
vt 0.567613269476 0.705782283284
vt 0.577273097493 0.704745466763
vt 0.573075916332 0.69391347615
vt 0.582461868138 0.692788631377
vt 0.578631759422 0.681846730488
vt 0.583904395159 0.668144915806
vt 0.590424878295 0.659735568615
vt 0.595889182672 0.651540115075
vt 0.597615286012 0.63828440451
vt 0.606005552432 0.619939541218
vt 0.595778141092 0.678265714746
vt 0.601651446592 0.669657550188
vt 0.607119127962 0.660112424265
vt 0.618443655824 0.646715599169
vt 0.580030030192 0.603457626368
vt 0.61572281348 0.692689312975
vt 0.621775852973 0.689217755129
vt 0.612705654451 0.764361232356
vt 0.626131109474 0.756137043015
vt 0.638089774012 0.747829942102
vt 0.648894971197 0.739928825536
vt 0.658802043099 0.732796215928
vt 0.621234074683 0.746795697753
vt 0.633364905776 0.739028800214
vt 0.644371077966 0.731423683652
vt 0.654474201761 0.724334350829
vt 0.640865671616 0.687722416584
vt 0.643734497879 0.697249301785
vt 0.650639613461 0.680515146068
vt 0.653340639015 0.690345121595
vt 0.657778163949 0.687069039808
vt 0.659963392245 0.709119419128
vt 0.65644232106 0.699828106818
vt 0.65053934734 0.715598564725
vt 0.64695430854 0.706540649508
vt 0.640288505872 0.722644155239
vt 0.63659765012 0.713629921458
vt 0.62912379589 0.730030413867
vt 0.616806938275 0.737367499437
vt 0.602893900223 0.74419214629
vt 0.587413587585 0.750166526859
vt 0.648272483029 0.67055682782
vt 0.635101306872 0.663055784279
vt 0.625105514666 0.675963396779
vt 0.626046405809 0.64916162191
vt 0.627301113787 0.655541122038
vt 0.634076604672 0.65749458519
vt 0.630704326284 0.672125860767
vt 0.636123201957 0.66819159961
vt 0.64624687147 0.66031106645
vt 0.614437130801 0.600598948289
vt 0.619384796812 0.612161094187
vt 0.6239982344 0.623274896044
vt 0.636379104583 0.615409178113
vt 0.628534180664 0.633612144254
vt 0.640110787438 0.625981229792
vt 0.630437056631 0.639116116461
vt 0.641703050448 0.63151206539
vt 0.624506374484 0.673509156723
vt 0.630154165632 0.669655927276
vt 0.63560399409 0.665675335766
vt 0.645818322792 0.657715047892
vt 0.655428512986 0.650137058761
vt 0.655782764871 0.652839846307
vt 0.664353485506 0.643234489332
vt 0.664576927207 0.645997432727
vt 0.672760725919 0.637346277925
vt 0.672867363522 0.640163311518
vt 0.680779476666 0.635326441224
vt 0.634594784526 0.660328671085
vt 0.64502829414 0.652296915971
vt 0.64541628611 0.655044048236
vt 0.654848133915 0.644620492737
vt 0.655122011087 0.647397366288
vt 0.664052427342 0.6376863463
vt 0.664182804578 0.640463096907
vt 0.672724753525 0.631779250495
vt 0.67272055477 0.634557407347
vt 0.68102459012 0.627008536442
vt 0.680898529844 0.629776558894
vt 0.684887569794 0.627745334532
vt 0.688601666857 0.631398468391
vt 0.673709292142 0.651247427514
vt 0.681200894629 0.64645710487
vt 0.688651200895 0.64244009954
vt 0.696650311457 0.628402169369
vt 0.696431307152 0.639153539491
vt 0.633557378095 0.654575937769
vt 0.644248916106 0.646586164891
vt 0.644642818689 0.649476369656
vt 0.654334182892 0.638959559715
vt 0.654591060734 0.641807752392
vt 0.663847041985 0.632116949504
vt 0.663948035647 0.634907794254
vt 0.672762907157 0.62901920185
vt 0.672830460699 0.62631357136
vt 0.668362874244 0.629072939106
vt 0.66836270178 0.626316120757
vt 0.663734032942 0.629314303428
vt 0.663609636512 0.626514432893
vt 0.654062064031 0.6360765315
vt 0.653762328397 0.633162120974
vt 0.643834829054 0.643628377332
vt 0.643391318148 0.640607101855
vt 0.633018744575 0.651562147037
vt 0.632453503261 0.648454180691
vt 0.677131284665 0.623846275462
vt 0.672897422378 0.623610983893
vt 0.668339820323 0.623581166472
vt 0.663456935806 0.623719695517
vt 0.663262909005 0.620932538202
vt 0.653423469385 0.630219986753
vt 0.653025064139 0.627287682041
vt 0.642911506681 0.637527870301
vt 0.631866669943 0.645268927557
vt 0.603257788174 0.675655198058
vt 0.597454886857 0.683811519739
vt 0.606942419176 0.583261214822
vt 0.620139984186 0.570476598376
vt 0.622272096568 0.576024611197
vt 0.628065090804 0.567146468465
vt 0.631897176432 0.578178681194
vt 0.639487526814 0.574992865657
vt 0.642673283268 0.586083652933
vt 0.649727475063 0.583001484662
vt 0.657917760225 0.585651920589
vt 0.624373931328 0.581635236014
vt 0.635558644423 0.589418321458
vt 0.716928338715 0.597732616091
vt 0.714777919325 0.597860613682
vt 0.712632003208 0.59803269683
vt 0.71048764354 0.598246667255
vt 0.70834117539 0.598500013785
vt 0.706187931626 0.598788327141
vt 0.562938891809 0.694489043328
vt 0.568894716381 0.6827643378
vt 0.574695038914 0.669830305002
vt 0.581922510606 0.662008742726
vt 0.588083824944 0.654253422572
vt 0.590330690068 0.641363558436
vt 0.592096581945 0.627050771478
vt 0.600387321586 0.608270288579
vt 0.609419936451 0.588968038773
vt 0.616824182837 0.585235208718
vt 0.560177865042 0.687673667918
vt 0.564677049878 0.670998550281
vt 0.572632194149 0.663787454621
vt 0.579572936842 0.656481162483
vt 0.582547622093 0.643955454209
vt 0.584762391637 0.630089649288
vt 0.586098895101 0.615320262446
vt 0.594699865052 0.596500795629
vt 0.536601142057 0.625288807854
vt 0.532458150713 0.613574138801
vt 0.528380661338 0.601828079002
vt 0.52596542565 0.594767508021
vt 0.52043270227 0.578281849328
vt 0.610455259171 0.397406544283
vt 0.591054874833 0.401593768388
vt 0.572041491671 0.405632597135
vt 0.554311271123 0.409367086801
vt 0.533067091189 0.413798618014
vt 0.506543067405 0.419247931368
vt 0.46499492464 0.34135083148
vt 0.465915448992 0.348606052549
vt 0.0960740921507 0.400344848558
vt 0.456095561262 0.243310837961
vt 0.456574414804 0.250727480883
vt 0.0831197639241 0.27668405923
vt 0.452550804749 0.144699017369
vt 0.452609594975 0.152048335214
vt 0.0787861126091 0.152478416767
vt 0.0846448496472 0.00444952228341
vt 0.457144841194 0.0364407296624
vt 0.0836919054822 0.0168935296744
vt 0.455624666889 0.0547741549343
vt 0.453790154564 0.0838851571916
vt 0.0813532192381 0.0541129786065
vt 0.454311652304 0.074188352991
vt 0.0814084069943 0.0530713695956
vt 0.454456388052 0.0717625827898
vt 0.0820477398257 0.0417231539272
vt 0.0828280779511 0.0292975056061
vt 0.452893368745 0.108134726962
vt 0.0802126503176 0.0789095884337
vt 0.453361966706 0.0935811508584
vt 0.0802514526871 0.0779284018489
vt 0.0807436785984 0.0664680735469
vt 0.452653941705 0.120294578899
vt 0.0794045878753 0.103701159892
vt 0.452781719064 0.112995579975
vt 0.0794287077172 0.102780027785
vt 0.0797667306528 0.0913341062178
vt 0.07881592053 0.14092382658
vt 0.0789283662994 0.128487708497
vt 0.452541524615 0.132480400754
vt 0.0789393682929 0.127626449669
vt 0.0791259426687 0.116046329631
vt 0.453210485125 0.1815399369
vt 0.0789809162958 0.178069531954
vt 0.452948192305 0.171689401024
vt 0.0789701983197 0.177327883613
vt 0.45289209407 0.169228602942
vt 0.0788415094996 0.165636565502
vt 0.0787867120035 0.153279857074
vt 0.454117836963 0.206217594145
vt 0.0795139250948 0.202862925561
vt 0.453531533098 0.19140450393
vt 0.0794947450819 0.202181217331
vt 0.0792066647864 0.190516656206
vt 0.454698350705 0.218581167979
vt 0.0803858992208 0.227647294052
vt 0.454340331778 0.21116224495
vt 0.0803598155762 0.22702559699
vt 0.0799065892043 0.215229638571
vt 0.0823336672206 0.264793535653
vt 0.0815997282608 0.252426350536
vt 0.455358363538 0.230946679549
vt 0.0815684668036 0.251864855775
vt 0.0809529551133 0.240084578246
vt 0.458769716031 0.280315010606
vt 0.0850539893363 0.301927278502
vt 0.45798750047 0.270464343479
vt 0.0850171189368 0.301486165845
vt 0.457799460116 0.267998572528
vt 0.0840639778936 0.28958630833
vt 0.0831546825614 0.27718539596
vt 0.460970132104 0.304845384615
vt 0.0872964755011 0.326636998434
vt 0.459607001467 0.290145870538
vt 0.0872592137208 0.326256021977
vt 0.0861321241877 0.314282966543
vt 0.46221085361 0.317059150503
vt 0.0898842492804 0.35131306778
vt 0.461454808911 0.309736052874
vt 0.0898483470976 0.35099222951
vt 0.0885462406902 0.338970205866
vt 0.0944129824298 0.388219582145
vt 0.0928200991067 0.375954048635
vt 0.463549965294 0.329226695625
vt 0.0927871651799 0.375693188541
vt 0.0913107757338 0.363649797139
vt 0.123192442483 0.546921794158
vt 0.120464429615 0.534883562574
vt 0.117792616471 0.5226914798
vt 0.115232074109 0.510579660879
vt 0.112752635762 0.498423708088
vt 0.478506802067 0.424960570349
vt 0.112734026682 0.498330685957
vt 0.476192566694 0.413188506478
vt 0.110342849417 0.486135569198
vt 0.474860851688 0.406065543565
vt 0.108055841202 0.474015747675
vt 0.474000263717 0.401309807811
vt 0.105849666257 0.461840068094
vt 0.471549378356 0.387016291881
vt 0.103718634559 0.449581145736
vt 0.470020411839 0.377452750932
vt 0.101675714733 0.437296531357
vt 0.468573616355 0.367862788743
vt 0.0997357189159 0.425092725281
vt 0.468224121342 0.365460166408
vt 0.0978791342272 0.412848328843
vt 0.0961023630341 0.400545863775
vt 0.135104282046 0.595410048601
vt 0.135034500321 0.595142430509
vt 0.131978876685 0.583252654104
vt 0.128993111195 0.571285210479
vt 0.128941473433 0.571074901802
vt 0.126032135992 0.559041143455
vt 0.12322767524 0.547074493878
vt 0.138234231209 0.607234382575
vt 0.141470453375 0.619124559695
vt 0.141560014888 0.619448929826
vt 0.144873013874 0.631282923183
vt 0.148245431813 0.643016519579
vt 0.14835634943 0.643397259694
vt 0.151806248446 0.655084893192
vt 0.155355959792 0.666813511957
vt 0.155489796083 0.667250042261
vt 0.159118671598 0.678937581585
vt 0.162798118154 0.690510102762
vt 0.162956403965 0.691001843446
vt 0.166716475118 0.702543154156
vt 0.170568537125 0.714100772835
vt 0.178663841376 0.737579975123
vt 0.174683036226 0.726164876623
vt 0.170752790752 0.714647120996
vt 0.187080409889 0.760941955645
vt 0.182936472689 0.74956470476
vt 0.178875528868 0.738180206617
vt 0.195815201922 0.784181443659
vt 0.191537190307 0.77291977769
vt 0.187321015045 0.761595267566
vt 0.21456314409 0.83108464459
vt 0.214227135781 0.830276069448
vt 0.209655275557 0.81916446824
vt 0.20516781511 0.808051518911
vt 0.204865006294 0.807293949306
vt 0.200438919707 0.796105464404
vt 0.196086197958 0.784887266941
vt 0.219199494528 0.84213035475
vt 0.223899058144 0.853126358364
vt 0.224269741775 0.853985247958
vt 0.229023512184 0.864895272265
vt 0.233878914232 0.875845571818
vt 0.234285707081 0.876754289551
vt 0.239199355095 0.887629056066
vt 0.244166322967 0.898437215634
vt 0.244610716198 0.899395297931
vt 0.249632006702 0.910123581173
vt 0.254763330695 0.920907815074
vt 0.2552469903 0.921915090508
vt 0.260438680391 0.932630957968
vt 0.265676003466 0.943266474734
vt 0.271502938541 0.954899027328
vt 0.276916666393 0.965522910794
vt 0.574046300316 0.215727416351
vt 0.566527977406 0.215408842319
vt 0.580589590453 0.210426121569
vt 0.519707704669 0.210408846151
vt 0.520557410024 0.197577763561
vt 0.53574997952 0.199868162606
vt 0.521220060282 0.185320323109
vt 0.522218864307 0.173994656154
vt 0.536361924678 0.176636414498
vt 0.512014301086 0.147973012377
vt 0.519121331151 0.149157975584
vt 0.520164604907 0.155229159107
vt 0.472862262249 0.163080852018
vt 0.471932739677 0.150460249289
vt 0.480812816227 0.148466423561
vt 0.470266848922 0.105605014901
vt 0.537855828793 0.328242005643
vt 0.53894357321 0.33439945081
vt 0.521829140868 0.336759619954
vt 0.523107498234 0.34287766225
vt 0.484125581773 0.376708692927
vt 0.481728954103 0.36501793133
vt 0.479384428969 0.353059827343
vt 0.493400603577 0.35215432603
vt 0.559537709884 0.226469765545
vt 0.567576878272 0.22663957714
vt 0.568488781759 0.237737266164
vt 0.551583555809 0.231918899334
vt 0.551435775106 0.226059511965
vt 0.707634725472 0.297022507969
vt 0.713097291989 0.295368434882
vt 0.719298018998 0.319652490948
vt 0.702168674401 0.247962479702
vt 0.704608308737 0.247217124234
vt 0.706535660271 0.252864762986
vt 0.687554594871 0.241324712146
vt 0.686889803195 0.240228954229
vt 0.68935314006 0.239022064626
vt 0.680170728296 0.267288918317
vt 0.679559139438 0.264660802258
vt 0.685757942513 0.261563453345
vt 0.671933375378 0.264103998777
vt 0.671568737746 0.26281421818
vt 0.678128161585 0.259462448496
vt 0.664873907009 0.267595575702
vt 0.664534170484 0.266308116902
vt 0.64904816958 0.340833473861
vt 0.639189484853 0.343744928508
vt 0.635900097154 0.321453136873
vt 0.646246827525 0.285082502896
vt 0.650552903159 0.283375853416
vt 0.651736553547 0.29350407123
vt 0.640460638728 0.276851982934
vt 0.631440963046 0.280116773962
vt 0.630899921976 0.27746841827
vt 0.627724301904 0.289182014727
vt 0.627476471092 0.286727581449
vt 0.632204696739 0.28519223333
vt 0.590104950092 0.273676048846
vt 0.589438923872 0.268347551786
vt 0.608024294754 0.264464751624
vt 0.661213642158 0.193303368207
vt 0.65703660052 0.195138194113
vt 0.654044303788 0.191844147082
vt 0.646711978042 0.189853896072
vt 0.647410358815 0.190558442695
vt 0.643597309133 0.192102503341
vt 0.643450155642 0.189206100706
vt 0.642760677944 0.188509374272
vt 0.644607706816 0.187814728365
vt 0.633491287956 0.181067051241
vt 0.632854687047 0.180256707399
vt 0.634880743727 0.179746160861
vt 0.646192732379 0.195254521771
vt 0.648742776937 0.198682673842
vt 0.644477467312 0.200458090745
vt 0.638321130681 0.192033078747
vt 0.639637531624 0.193593938186
vt 0.635507945111 0.195080256408
vt 0.63894738234 0.189859396614
vt 0.636980729281 0.190513559103
vt 0.635618990861 0.189008320788
vt 0.632184033613 0.185206669723
vt 0.632869490324 0.185975433371
vt 0.630870069351 0.186506974887
vt 0.625467858923 0.196240255338
vt 0.624241486443 0.19442223203
vt 0.632931538071 0.191814970547
vt 0.621222821962 0.183660307018
vt 0.62053389187 0.182766570273
vt 0.622617290816 0.182408986484
vt 0.620355464096 0.189012817741
vt 0.619025785263 0.187189647479
vt 0.623302514769 0.186309744364
vt 0.63365237067 0.173927955301
vt 0.634676232932 0.1757729829
vt 0.630428500418 0.176820169357
vt 0.602552160655 0.184874305592
vt 0.597594108491 0.185079105805
vt 0.596527037487 0.182766620547
vt 0.58888029875 0.176832631325
vt 0.589378800208 0.178002504862
vt 0.584223121857 0.177529490181
vt 0.632633027786 0.114667164288
vt 0.63285677317 0.116374608642
vt 0.623377150941 0.123902590756
vt 0.658998771029 0.186055684133
vt 0.657656142331 0.186651290512
vt 0.657219387609 0.18628639253
vt 0.698688855507 0.229198190739
vt 0.699221269428 0.229780306301
vt 0.698009357901 0.230437982565
vt 0.699754998695 0.230391583417
vt 0.700196288054 0.230908766967
vt 0.698836334742 0.231417627294
vt 0.702375057572 0.233747283707
vt 0.702554647273 0.234001157647
vt 0.701238854045 0.234627162813
vt 0.707109767704 0.246640054035
vt 0.706037569652 0.24378324557
vt 0.709081227761 0.248204765919
vt 0.739544738496 0.360263299906
vt 0.734730644547 0.341145810713
vt 0.729854071833 0.322209878465
vt 0.72548478241 0.344358135817
vt 0.732837634001 0.333864750722
vt 0.71871987108 0.280454320362
vt 0.722127581285 0.293158583605
vt 0.71824704401 0.294010462742
vt 0.723610775352 0.298553225473
vt 0.725107095041 0.304218791631
vt 0.728501812422 0.317134635244
vt 0.708453712201 0.258624624267
vt 0.710930901988 0.258113094417
vt 0.713751015813 0.262516341627
vt 0.706423978387 0.24093594419
vt 0.706087556334 0.240635449924
vt 0.705966362427 0.239916274665
vt 0.705404805082 0.239211577864
vt 0.705603003525 0.239147683281
vt 0.704673136612 0.237852241311
vt 0.704668014728 0.237385050222
vt 0.70295687009 0.234590579105
vt 0.703361853824 0.23519451125
vt 0.703140556876 0.235292592478
vt 0.70214573397 0.233427057161
vt 0.700848082739 0.234062253542
vt 0.699068905284 0.23566660187
vt 0.701325790224 0.232321016092
vt 0.701349382197 0.232351419266
vt 0.700055408575 0.232969159655
vt 0.700453978778 0.233509687048
vt 0.698329791813 0.234565677678
vt 0.700492516694 0.231268158904
vt 0.700910751279 0.231788158347
vt 0.699246089723 0.231923620742
vt 0.69965337092 0.232440363322
vt 0.697569899662 0.233506420963
vt 0.69716923296 0.229499334881
vt 0.698356597788 0.228844416801
vt 0.696319501292 0.228594514767
vt 0.697384199686 0.227854244335
vt 0.697597001479 0.228064958563
vt 0.69546075261 0.227719850387
vt 0.696604356368 0.227092001103
vt 0.694597299947 0.226868756765
vt 0.696326912159 0.226825203047
vt 0.693731083926 0.226026992116
vt 0.6949986018 0.225562487836
vt 0.691262963799 0.221797959348
vt 0.663081672934 0.202127017998
vt 0.66602456372 0.193375030805
vt 0.680798097821 0.21038878694
vt 0.656448780832 0.188436378069
vt 0.661471843091 0.188477827694
vt 0.658059159907 0.189984257201
vt 0.658061327174 0.185273375188
vt 0.656787350916 0.185934986954
vt 0.657060550824 0.18458086002
vt 0.653260856496 0.185725802141
vt 0.65616423352 0.183953033184
vt 0.654061872152 0.186360121968
vt 0.656866013443 0.184441802325
vt 0.655281819402 0.183353321878
vt 0.65558623003 0.183557347314
vt 0.655761947037 0.183676342986
vt 0.650929419021 0.183926028165
vt 0.650198727016 0.183335930831
vt 0.651833371861 0.182297339817
vt 0.652472386195 0.185111362143
vt 0.651691559389 0.184512848518
vt 0.654305180655 0.182680520286
vt 0.653604435728 0.18219540387
vt 0.651940133935 0.181106993604
vt 0.652162302211 0.18124247815
vt 0.652968746432 0.181758724129
vt 0.641840892339 0.169674299516
vt 0.646096507093 0.171257661081
vt 0.643243951909 0.173374580963
vt 0.64798388608 0.176489947125
vt 0.636404514893 0.133464093328
vt 0.638175878821 0.142523162982
vt 0.628138518416 0.144378510776
vt 0.639930304223 0.149609809168
vt 0.634053101422 0.162653530877
vt 0.643339171464 0.161482798178
vt 0.645450123381 0.168769439158
vt 0.617558223439 0.0806237536259
vt 0.628420731127 0.0799186042856
vt 0.628488037089 0.0808175635445
vt 0.627366078629 0.0627335384578
vt 0.600359061995 0.0602707492877
vt 0.627174907335 0.0589681555128
vt 0.540577231549 0.0568266010626
vt 0.528270606852 0.0627590470331
vt 0.523977575198 0.0531237853495
vt 0.516442076788 0.0597810783007
vt 0.519431679098 0.0515988499533
vt 0.503331596627 0.0561464175262
vt 0.505118658069 0.0470812297289
vt 0.494925342451 0.0438801283741
vt 0.488818256163 0.0524856747342
vt 0.490629691152 0.0425520495525
vt 0.472839465715 0.0494883708593
vt 0.471461479728 0.0383783876297
vt 0.484085669618 0.0409100895146
vt 0.595709205883 0.0813586353155
vt 0.605913899888 0.081163173238
vt 0.608182767203 0.103287173754
vt 0.619804565255 0.10247354734
vt 0.630262602884 0.0987463835432
vt 0.587002723629 0.0811898246623
vt 0.597847552708 0.103585842879
vt 0.611998439042 0.125139526611
vt 0.57213426861 0.0799957512621
vt 0.57931925939 0.0807189810165
vt 0.580796410502 0.102637575494
vt 0.588856611555 0.103347231292
vt 0.592551393971 0.125659376807
vt 0.601712774814 0.125745693314
vt 0.607512925954 0.147110782212
vt 0.61744395387 0.146088169758
vt 0.611271509574 0.156976060975
vt 0.568970383763 0.162710703676
vt 0.575195213781 0.166626456242
vt 0.569863264367 0.16537256102
vt 0.576148975645 0.169211194945
vt 0.570753350917 0.168030945167
vt 0.577076789486 0.171777807181
vt 0.57162387706 0.170688996115
vt 0.577965304445 0.174328596685
vt 0.572460536941 0.173349452252
vt 0.573995262155 0.17869581315
vt 0.573251387695 0.176014614151
vt 0.578809038762 0.1768871878
vt 0.581345310409 0.170176493766
vt 0.582330203265 0.172652542866
vt 0.583285924906 0.1750961333
vt 0.58736277438 0.173319000175
vt 0.588380971661 0.175668819437
vt 0.583755028752 0.176313398767
vt 0.577368342462 0.159930957444
vt 0.586761930814 0.161625129699
vt 0.578348322461 0.162551911201
vt 0.587833769694 0.164180902953
vt 0.579352098452 0.165138950853
vt 0.584728133735 0.156408067384
vt 0.591253232233 0.162205671113
vt 0.588930192488 0.166669369914
vt 0.585253471897 0.168489363742
vt 0.580344919454 0.167665918867
vt 0.5863168406 0.170926402722
vt 0.557018383749 0.0778497107012
vt 0.564889408186 0.0790454336586
vt 0.565455786773 0.100101912797
vt 0.573171754916 0.101534540141
vt 0.576077505912 0.123618677428
vt 0.584156028836 0.124923052301
vt 0.589709558354 0.146886208684
vt 0.598364740794 0.147395556347
vt 0.593533732373 0.157438492507
vt 0.602239022101 0.157619890816
vt 0.595654908557 0.162493029509
vt 0.604371946403 0.162498294122
vt 0.593459411959 0.167089220723
vt 0.594593792382 0.169467398718
vt 0.590013494533 0.169076602757
vt 0.591114698405 0.171452545428
vt 0.593286476168 0.17603515404
vt 0.592208926625 0.173770693385
vt 0.596862377433 0.174017291139
vt 0.597896814992 0.167343188471
vt 0.595730154203 0.171770142416
vt 0.605729295623 0.173983787953
vt 0.606896291598 0.176048209243
vt 0.602511097327 0.176203332408
vt 0.603089039141 0.177239369624
vt 0.598542969068 0.17726698099
vt 0.599110793812 0.178335896008
vt 0.594353939658 0.178250938516
vt 0.594895389402 0.179363098996
vt 0.589876269672 0.179184377846
vt 0.590362399189 0.180373009662
vt 0.585148067244 0.179987251425
vt 0.593816738712 0.177141641044
vt 0.597984646518 0.176197434755
vt 0.601353684657 0.174083148096
vt 0.606540390267 0.167155770394
vt 0.608858855705 0.171609673349
vt 0.602241129048 0.167362504064
vt 0.604554625151 0.171844031873
vt 0.600186684717 0.171887355516
vt 0.607484447148 0.177060230993
vt 0.603679737612 0.178270040374
vt 0.599684871407 0.179407256265
vt 0.595439543229 0.180477661406
vt 0.586046216952 0.18250315252
vt 0.610617402457 0.182009863933
vt 0.606113053513 0.182386000776
vt 0.609974914795 0.181025847623
vt 0.605498975474 0.181354261042
vt 0.609337896335 0.180041462276
vt 0.604887523412 0.180325568852
vt 0.608708554874 0.179054101462
vt 0.604280283972 0.179298087901
vt 0.608089662853 0.178061251647
vt 0.611263219565 0.182995213448
vt 0.606730626517 0.183428030732
vt 0.601410153439 0.182655834864
vt 0.600837669803 0.181566380662
vt 0.600261610152 0.180483936499
vt 0.607350804278 0.184469107393
vt 0.595984579546 0.181616445651
vt 0.598693197448 0.187459214825
vt 0.588544881725 0.190066347939
vt 0.586882029851 0.185017497871
vt 0.590142983532 0.195036454124
vt 0.599749695827 0.189804192901
vt 0.594489537802 0.209843388851
vt 0.601028958918 0.20903063424
vt 0.602373641982 0.213740365668
vt 0.591671546233 0.199976118564
vt 0.603742552448 0.198910695244
vt 0.59945492903 0.204288632065
vt 0.608613188382 0.186586265783
vt 0.609859730691 0.188710797875
vt 0.61454270153 0.187990523365
vt 0.615830170612 0.189966265116
vt 0.601790079951 0.194390098139
vt 0.612269503355 0.19284915402
vt 0.617071834499 0.191911956999
vt 0.611914129742 0.183985032562
vt 0.612573394786 0.184985755721
vt 0.613232294406 0.185989754399
vt 0.605566212298 0.203374976234
vt 0.616753107391 0.200971683041
vt 0.612213254066 0.204445260342
vt 0.608744231134 0.212514074407
vt 0.607264241976 0.207941549088
vt 0.613103847984 0.206643388501
vt 0.626654568749 0.198091312022
vt 0.622873190213 0.201538513751
vt 0.617773929092 0.203041976892
vt 0.620430915953 0.209407921833
vt 0.618709404317 0.20514737372
vt 0.623880051755 0.203553512425
vt 0.623399313171 0.202541024905
vt 0.628332222184 0.200915048452
vt 0.627791815374 0.199956947208
vt 0.63234746473 0.198361288688
vt 0.614588136562 0.196916722004
vt 0.610868404889 0.166809561662
vt 0.617208759697 0.178193915958
vt 0.616579880242 0.177241110179
vt 0.618670972901 0.176951985182
vt 0.615973288203 0.176272048837
vt 0.617479734231 0.174996047625
vt 0.619851563765 0.181868989403
vt 0.621935006556 0.181530358436
vt 0.615386022257 0.175280644016
vt 0.613134027694 0.17115858427
vt 0.615242455024 0.166286327601
vt 0.618510008874 0.180053752542
vt 0.617853212447 0.179130688375
vt 0.619941209607 0.178830688695
vt 0.619299003296 0.177901025735
vt 0.621395239189 0.177577880239
vt 0.620775316345 0.176633795094
vt 0.622891214029 0.176284261554
vt 0.619594895499 0.174675447582
vt 0.623895680327 0.173932502821
vt 0.628320059972 0.177297349198
vt 0.62683843059 0.178627121441
vt 0.626212241905 0.177732978049
vt 0.624753734514 0.179032081446
vt 0.624113902901 0.178133573801
vt 0.622674722561 0.179403580869
vt 0.62202599295 0.178498643534
vt 0.620595508372 0.17974360776
vt 0.619176775302 0.180965682101
vt 0.621260782735 0.180642772019
vt 0.623335092685 0.18029225432
vt 0.625405325919 0.179912477272
vt 0.632708431576 0.171999639175
vt 0.629303533919 0.174972247312
vt 0.628269358061 0.173031600384
vt 0.627153180489 0.175450530452
vt 0.625010522013 0.175881501755
vt 0.61967776809 0.165555901209
vt 0.62433172929 0.164701649119
vt 0.631619824556 0.178583334119
vt 0.633689107971 0.178077934425
vt 0.629544677586 0.179056180005
vt 0.627473568204 0.179500414755
vt 0.637229915735 0.170866252296
vt 0.638943492243 0.174618366299
vt 0.636804291775 0.175210518827
vt 0.637827724022 0.176955052961
vt 0.635755944482 0.177530468665
vt 0.629136163315 0.163734134018
vt 0.644770758903 0.176737976049
vt 0.640861371974 0.178010958092
vt 0.638879706775 0.178617546116
vt 0.636895049272 0.179201181337
vt 0.630181308576 0.179908392369
vt 0.628124137932 0.180357525391
vt 0.62606702845 0.180776491219
vt 0.624005137409 0.181166697806
vt 0.619803561458 0.184943849247
vt 0.617654115523 0.185299767804
vt 0.619113203414 0.184020687759
vt 0.616971809075 0.184356151509
vt 0.618428018217 0.183101814723
vt 0.616294003874 0.183415114019
vt 0.617749214996 0.182183429891
vt 0.615621693694 0.182475078869
vt 0.617077413428 0.181262544341
vt 0.614955881618 0.181534926032
vt 0.616412760169 0.180336098587
vt 0.614296111857 0.180591902244
vt 0.615757440012 0.179401583392
vt 0.613644462185 0.179643475299
vt 0.615114195948 0.178456539963
vt 0.613003282323 0.178687042465
vt 0.614486499625 0.177498819538
vt 0.612375297436 0.177719906588
vt 0.613877851892 0.176525913924
vt 0.61176327393 0.176739034572
vt 0.613292938907 0.175536512552
vt 0.611168934093 0.175740920808
vt 0.621916922338 0.184550682267
vt 0.623306382389 0.183280601551
vt 0.624000911542 0.18414735252
vt 0.625391841707 0.18586044704
vt 0.62745399535 0.185397640094
vt 0.630206142416 0.188617780097
vt 0.631571041825 0.190215250357
vt 0.626014051149 0.189736478551
vt 0.627327880727 0.191433966352
vt 0.621668199594 0.190802095844
vt 0.622962576038 0.192605535493
vt 0.628834794122 0.187022931937
vt 0.6267659858 0.187536946642
vt 0.624666939865 0.188029546433
vt 0.632140789237 0.182358807853
vt 0.630811352543 0.18363738845
vt 0.630130038492 0.182837010613
vt 0.628796519101 0.18411149069
vt 0.628103290692 0.183291123837
vt 0.626060272717 0.183726329882
vt 0.629485510281 0.184916434003
vt 0.624683579227 0.182029311253
vt 0.625369177829 0.182882001383
vt 0.626738199099 0.181626458225
vt 0.627417376151 0.182464066265
vt 0.628784680486 0.181198199155
vt 0.629453517369 0.18202402893
vt 0.630823473863 0.180740681128
vt 0.631478428752 0.181557707425
vt 0.6348415065 0.185435265405
vt 0.634160902766 0.184682450949
vt 0.636110087066 0.184145572147
vt 0.632246641167 0.188066009839
vt 0.633615693233 0.189618847239
vt 0.634250182425 0.193446189735
vt 0.631138565631 0.196581955049
vt 0.644261582294 0.192859236526
vt 0.640279267921 0.194393389933
vt 0.640909874973 0.195206542924
vt 0.636740663327 0.196775913191
vt 0.63733067906 0.197645858045
vt 0.632915558165 0.199274877251
vt 0.633446279454 0.20020611786
vt 0.628838068595 0.201886935517
vt 0.630801214419 0.205868789288
vt 0.644915174797 0.193634917713
vt 0.645559727114 0.194432413801
vt 0.641524386024 0.196040043487
vt 0.642118889318 0.196896882974
vt 0.637894523924 0.1985362882
vt 0.64011437918 0.202231041356
vt 0.640297247447 0.191338229448
vt 0.642244096382 0.190626989563
vt 0.642924745475 0.191361889216
vt 0.635492520109 0.180549957709
vt 0.634134764456 0.181858867077
vt 0.632809367182 0.183145490079
vt 0.631495244831 0.184425620241
vt 0.640876168591 0.189187345283
vt 0.644136143896 0.189903586062
vt 0.645306157551 0.188492262741
vt 0.646411877589 0.187075335629
vt 0.634247965331 0.187501833522
vt 0.637581840227 0.188391674633
vt 0.640191472199 0.188478307539
vt 0.642072573423 0.187819255193
vt 0.643914988494 0.187142391395
vt 0.645716600738 0.186428844944
vt 0.647486784008 0.185678082303
vt 0.634785189682 0.182634227343
vt 0.636107736233 0.181333245595
vt 0.636736270513 0.182100325839
vt 0.638059018052 0.180778970927
vt 0.638662074937 0.181540423086
vt 0.639988491947 0.180196007703
vt 0.640561424678 0.180952682257
vt 0.641893370609 0.179585678134
vt 0.642430098092 0.180336494258
vt 0.643763068385 0.178954957819
vt 0.644258457599 0.17969249237
vt 0.64558997561 0.178286598364
vt 0.646034295301 0.179020535899
vt 0.633483278726 0.183919734288
vt 0.635444117647 0.1833960023
vt 0.637376899016 0.18285239534
vt 0.639280873724 0.18228455421
vt 0.641154241768 0.181689192204
vt 0.642992073417 0.181063396938
vt 0.644784352474 0.180404876723
vt 0.64651424426 0.179716903378
vt 0.647384212257 0.177666912562
vt 0.647733153616 0.178364958691
vt 0.648134036756 0.179005836787
vt 0.648600587093 0.179604611562
vt 0.638027727559 0.183590603403
vt 0.639913288983 0.183012557618
vt 0.641764719353 0.182406731872
vt 0.643576794096 0.181768103362
vt 0.645338752301 0.181091407377
vt 0.647028382592 0.180373158056
vt 0.649132265719 0.180168813625
vt 0.636781880968 0.184884474418
vt 0.638687072531 0.184316265763
vt 0.64055755608 0.183725899856
vt 0.64239100262 0.183107024973
vt 0.644182334808 0.182452599279
vt 0.645920533986 0.181753644639
vt 0.647583224869 0.180999590487
vt 0.649726499921 0.180704836688
vt 0.635527165723 0.18618311329
vt 0.637457805435 0.185613621894
vt 0.639353665105 0.185031027819
vt 0.641212224555 0.184426271401
vt 0.643031617694 0.183791979313
vt 0.644807357699 0.183119183974
vt 0.646529165651 0.182394621268
vt 0.64817869383 0.181601336974
vt 0.65037826489 0.181235894224
vt 0.651086107572 0.18176083449
vt 0.649488283192 0.182761936555
vt 0.648813975546 0.182186729403
vt 0.647823584699 0.183628255831
vt 0.647163967847 0.183018117825
vt 0.646112517043 0.184411120469
vt 0.645450990183 0.183770779997
vt 0.644351623292 0.185125421428
vt 0.643685447611 0.18446386313
vt 0.642548469038 0.185796286421
vt 0.641876162229 0.185115626378
vt 0.640704524175 0.186435359684
vt 0.640026580234 0.185736882044
vt 0.638821709984 0.187053796911
vt 0.63813727378 0.186334900322
vt 0.636209906945 0.186920557215
vt 0.639505105928 0.187765190532
vt 0.641386852202 0.187128861034
vt 0.643228305052 0.186470838959
vt 0.645029093789 0.185779450757
vt 0.646791212102 0.185044758423
vt 0.648505029098 0.184228331191
vt 0.652901505646 0.196915259822
vt 0.65014463585 0.193585570077
vt 0.648785522601 0.192025492019
vt 0.652589030825 0.190318807379
vt 0.651863618237 0.189595580341
vt 0.6481024856 0.191281212503
vt 0.651130054502 0.188899263625
vt 0.650392368159 0.188225772593
vt 0.649655820055 0.187570602237
vt 0.646008190711 0.189165799571
vt 0.648924447683 0.186929351921
vt 0.654866151717 0.187017954249
vt 0.655663586253 0.187708597001
vt 0.644983343573 0.209805236862
vt 0.654290449171 0.205830984382
vt 0.658730432784 0.203953296329
vt 0.64819893307 0.186299011924
vt 0.615100867154 0.230974657517
vt 0.611816334319 0.22169107794
vt 0.62411497821 0.218023252726
vt 0.609165520021 0.269591156477
vt 0.610260668049 0.274866978869
vt 0.590738555434 0.279039106444
vt 0.611273384941 0.280314823091
vt 0.603132149274 0.298445968469
vt 0.602641659779 0.29323723521
vt 0.608179636609 0.29720729316
vt 0.607714824375 0.292104084838
vt 0.603607160511 0.303677413122
vt 0.613638134123 0.30099346287
vt 0.613206997801 0.295921715167
vt 0.622655695125 0.288197451276
vt 0.623085107981 0.293110234649
vt 0.617747868067 0.28959433352
vt 0.621459895744 0.280381369377
vt 0.626726285897 0.281608339338
vt 0.621944467831 0.283057454551
vt 0.635084074984 0.213946124809
vt 0.628148995636 0.226756189196
vt 0.639857484551 0.222168900276
vt 0.62880443595 0.269340089465
vt 0.637442632637 0.266160577181
vt 0.639114195402 0.27150012604
vt 0.627245828515 0.264177023386
vt 0.643716983515 0.257912613737
vt 0.644739320967 0.260335122662
vt 0.658448748844 0.251254299161
vt 0.650280642718 0.280942602365
vt 0.646001297131 0.282664028822
vt 0.64995649795 0.278476952537
vt 0.645694481832 0.280213903177
vt 0.649760508357 0.27722800216
vt 0.657312855902 0.271145717917
vt 0.656996845434 0.269855567606
vt 0.649274617964 0.274698678992
vt 0.648990140791 0.27340703067
vt 0.639851140884 0.274210669599
vt 0.630252208173 0.274754458933
vt 0.620873695664 0.277635200181
vt 0.649530852504 0.275970552514
vt 0.645287857737 0.277704359965
vt 0.640940417524 0.27942663203
vt 0.657598284176 0.272424562159
vt 0.658810538921 0.279924433383
vt 0.654430387385 0.27917560786
vt 0.658469913318 0.277445308378
vt 0.654067186352 0.276705314939
vt 0.658081678276 0.274950104727
vt 0.657855363439 0.2736927956
vt 0.66659550618 0.276492842042
vt 0.66238247035 0.275676535947
vt 0.666181933267 0.27395822384
vt 0.661954236401 0.273169445416
vt 0.665727503837 0.27142349765
vt 0.665471277262 0.270154195841
vt 0.647333308859 0.295147737982
vt 0.64182685539 0.286769012562
vt 0.641602601112 0.284362863543
vt 0.641317476188 0.281923734494
vt 0.636453565258 0.281073439377
vt 0.602041429198 0.287932089416
vt 0.6127668881 0.290910250953
vt 0.61817975465 0.294551529506
vt 0.618597807586 0.299569999313
vt 0.614084483554 0.306180501704
vt 0.619030938012 0.304715915341
vt 0.614558145487 0.31144563829
vt 0.619999808199 0.315268285379
vt 0.617640307324 0.338516012266
vt 0.616233211662 0.327587061322
vt 0.62118138012 0.326092024713
vt 0.615619109198 0.322159006472
vt 0.615062034253 0.316776486435
vt 0.604094285319 0.30896547076
vt 0.60459673607 0.314300878065
vt 0.605125638509 0.319672318874
vt 0.605694234241 0.325071491736
vt 0.606313438452 0.330494021083
vt 0.607699179293 0.341377423155
vt 0.609246314461 0.352294643931
vt 0.605181254907 0.387339010862
vt 0.612864767139 0.374134539582
vt 0.622879507373 0.371603904492
vt 0.633026984512 0.369017078776
vt 0.6191972621 0.349511403991
vt 0.629205009771 0.346643935336
vt 0.591315617549 0.284392664037
vt 0.601280687475 0.282511267447
vt 0.612135745451 0.285707771653
vt 0.623928105036 0.303190585157
vt 0.624911075495 0.313727777923
vt 0.626120916805 0.324560346585
vt 0.644021871958 0.307370625754
vt 0.639343041429 0.308968963768
vt 0.638224538529 0.298431858287
vt 0.633535706298 0.300045683643
vt 0.632656270109 0.29003681143
vt 0.62791687424 0.291599710863
vt 0.632458611016 0.287632711773
vt 0.64548161668 0.318320067055
vt 0.634591910035 0.310572179469
vt 0.628766917262 0.301634322498
vt 0.668303501796 0.286973097793
vt 0.672349313812 0.309181482605
vt 0.661910531836 0.301017879391
vt 0.663760076297 0.312162423958
vt 0.654788189955 0.315213164017
vt 0.658689447143 0.337942227725
vt 0.62977793292 0.312153434246
vt 0.663263113325 0.361190112733
vt 0.65331727878 0.363774105597
vt 0.643207148944 0.366394543619
vt 0.605603333209 0.254371711647
vt 0.622045526811 0.249817723628
vt 0.623820807994 0.254550525418
vt 0.636945944634 0.244394734468
vt 0.639246360074 0.248823305485
vt 0.650280139032 0.238591387292
vt 0.653049238262 0.242724946783
vt 0.662252825864 0.23301561459
vt 0.665399733221 0.236882403639
vt 0.641548481893 0.253270364984
vt 0.655839907895 0.24687080027
vt 0.657172096241 0.249023202697
vt 0.668578217484 0.240770397459
vt 0.670087016778 0.242816246857
vt 0.671514091409 0.244954611632
vt 0.6728490408 0.247162134986
vt 0.666412626193 0.250283115895
vt 0.625578476759 0.259296211966
vt 0.661865675025 0.258533411705
vt 0.660795708268 0.256015576393
vt 0.668765814902 0.25511618278
vt 0.667634373246 0.252656754809
vt 0.675249213197 0.251871579457
vt 0.674098268979 0.249470063804
vt 0.678309302097 0.250317828441
vt 0.659654183361 0.253587485278
vt 0.645723182331 0.262838809328
vt 0.665185573374 0.268877484084
vt 0.660243192861 0.290212226637
vt 0.653150342161 0.304161121545
vt 0.642825383967 0.296800270164
vt 0.637294565821 0.288423148965
vt 0.63708538011 0.286020549091
vt 0.636816091988 0.283581115765
vt 0.631868730279 0.282686233595
vt 0.627148276897 0.284204384607
vt 0.622342299004 0.285660879349
vt 0.617073115984 0.284422740542
vt 0.678516948571 0.260754458471
vt 0.678882035016 0.262053103676
vt 0.672271981775 0.26539351255
vt 0.672586779518 0.266682917947
vt 0.673420152759 0.270547567064
vt 0.673915120534 0.273141957462
vt 0.66986001204 0.272221015255
vt 0.662858874277 0.261104206539
vt 0.669809598665 0.257651976914
vt 0.676311258585 0.254354614229
vt 0.679381798669 0.252779298973
vt 0.680355494944 0.255299802871
vt 0.677275800636 0.256895628425
vt 0.676808387432 0.255621345066
vt 0.670753032255 0.260233196007
vt 0.670297919368 0.258942093266
vt 0.663762668466 0.263715860944
vt 0.663327561876 0.262411444504
vt 0.656264164348 0.26724063901
vt 0.655386802687 0.264579916966
vt 0.64753395612 0.268090418008
vt 0.646664014504 0.265420951233
vt 0.648327363405 0.270778147655
vt 0.656648089972 0.26855374342
vt 0.664164318408 0.265014836092
vt 0.671175953018 0.261523923515
vt 0.677715445618 0.25817592525
vt 0.681226720174 0.257857364608
vt 0.677437209822 0.24203896199
vt 0.675951598852 0.239966791625
vt 0.682181419486 0.238353085494
vt 0.681410555305 0.237349177914
vt 0.686397807232 0.234942252882
vt 0.691441018326 0.249613793932
vt 0.688852330566 0.250920493717
vt 0.687869201446 0.248442799537
vt 0.685166235309 0.249818121419
vt 0.68734442678 0.247233377673
vt 0.684092198584 0.24740254428
vt 0.681628303491 0.24282342645
vt 0.685613633883 0.243726317392
vt 0.682915553409 0.245068856474
vt 0.686217622238 0.244873925756
vt 0.686794076111 0.246043201188
vt 0.682011198409 0.260443755697
vt 0.669358255551 0.269667842071
vt 0.672880531851 0.267972139923
vt 0.679229816137 0.263354347041
vt 0.691441246205 0.258767827233
vt 0.687885936661 0.257456186882
vt 0.690625001833 0.256091340445
vt 0.687049458082 0.254855432642
vt 0.689768299638 0.253473248435
vt 0.686147458356 0.25230565865
vt 0.679793826512 0.235419636103
vt 0.674370274775 0.237986453945
vt 0.676381703807 0.231756004327
vt 0.672995826553 0.228067338168
vt 0.680068368043 0.214757152939
vt 0.67572646229 0.216621399613
vt 0.671207129556 0.218580294815
vt 0.666453868171 0.220656746539
vt 0.65617394547 0.225249094503
vt 0.644913954773 0.230292795348
vt 0.632445969984 0.235548938011
vt 0.618524637612 0.240373223401
vt 0.603121845322 0.244346661504
vt 0.682403324658 0.223792176083
vt 0.686661109153 0.221826808855
vt 0.685831509894 0.227330058672
vt 0.690044551963 0.22532216088
vt 0.689706115768 0.228053298424
vt 0.691760540111 0.227033098954
vt 0.693488716222 0.228758074752
vt 0.691436676389 0.229792590033
vt 0.689309082304 0.230850138647
vt 0.687572992042 0.229088917448
vt 0.684755060002 0.233051661541
vt 0.68128697487 0.22946436874
vt 0.688660034453 0.237967585205
vt 0.681262520235 0.248830991803
vt 0.680090723603 0.246480995882
vt 0.678816178319 0.244211389432
vt 0.682925711748 0.239380619561
vt 0.687180002476 0.235924328256
vt 0.690968649041 0.232700480624
vt 0.691849194858 0.243519680409
vt 0.692404531626 0.244704611297
vt 0.689925967438 0.245933920439
vt 0.69534011357 0.244756470717
vt 0.692934087483 0.245910677975
vt 0.69480211182 0.243543826058
vt 0.694238264867 0.242353693891
vt 0.693647305065 0.241187812858
vt 0.697695540257 0.243679625311
vt 0.697143273929 0.242452605232
vt 0.696564947891 0.24125013506
vt 0.695959561502 0.240074708871
vt 0.695326618856 0.238928480867
vt 0.693263733747 0.254802727485
vt 0.696675980432 0.256341839067
vt 0.692211087954 0.261488532271
vt 0.698350699357 0.261918758555
vt 0.692950479242 0.264247005452
vt 0.700704605354 0.251571492449
vt 0.699751596412 0.248853374683
vt 0.698274071724 0.252541643716
vt 0.697337649399 0.249859144113
vt 0.695800116383 0.253622387677
vt 0.694887934306 0.250968384606
vt 0.692374994523 0.252174485899
vt 0.699185452644 0.25528714092
vt 0.703458777942 0.260027008253
vt 0.677859044239 0.225860833434
vt 0.685588956475 0.233985504189
vt 0.690149909714 0.23176586163
vt 0.694340928938 0.22964684287
vt 0.695990967793 0.231506723925
vt 0.695172394719 0.230565678608
vt 0.693904977405 0.232569228357
vt 0.691759489286 0.233663038283
vt 0.687934356034 0.236932545729
vt 0.683642370557 0.240428601287
vt 0.684327047763 0.241501016998
vt 0.697569459809 0.237850481873
vt 0.698225330678 0.239010921989
vt 0.698854319964 0.24020499659
vt 0.699456250744 0.241430085274
vt 0.700031154209 0.242683046073
vt 0.690452310844 0.247138994757
vt 0.693441940049 0.247138570143
vt 0.69585683151 0.245991904669
vt 0.698227145297 0.24493075856
vt 0.700583011253 0.243961186275
vt 0.702391952154 0.241775549125
vt 0.701781512726 0.240481466864
vt 0.701142908539 0.239219308337
vt 0.700477316732 0.237993949169
vt 0.699786500726 0.236810370895
vt 0.696790863597 0.232487257026
vt 0.69468795655 0.233559262264
vt 0.695445550611 0.234580694836
vt 0.692524973538 0.234656703627
vt 0.693262617552 0.23568196047
vt 0.691702864322 0.237845882202
vt 0.690018788911 0.240106989321
vt 0.688189425818 0.242443018826
vt 0.696178821664 0.235635084614
vt 0.693977735936 0.236730312326
vt 0.692380504107 0.238933797529
vt 0.690656852117 0.241219353393
vt 0.688795684211 0.243584607278
vt 0.696886956743 0.236724909661
vt 0.694665924123 0.237813183813
vt 0.693028312698 0.240047599649
vt 0.691266887837 0.242357406377
vt 0.689374231618 0.244748645779
vt 0.701624458335 0.235205567541
vt 0.702004754847 0.235796739156
vt 0.701609473335 0.237498893852
vt 0.702300573312 0.23874834839
vt 0.702964240427 0.24003725762
vt 0.703597810504 0.241362500543
vt 0.70366857243 0.235682921269
vt 0.703919094271 0.236551464353
vt 0.70275522127 0.237021060692
vt 0.703475233856 0.238293755067
vt 0.704168989767 0.239614674475
vt 0.704828187965 0.240982520586
vt 0.707446113453 0.243511273627
vt 0.693936372236 0.24839163433
vt 0.696362058916 0.247255547418
vt 0.698748276447 0.246212169327
vt 0.701131403464 0.245273106732
vt 0.70354244494 0.244453439114
vt 0.701650983319 0.254353296728
vt 0.704092288656 0.253539408141
vt 0.71189563163 0.270285680313
vt 0.706816368408 0.271634482084
vt 0.701530529015 0.273401677864
vt 0.69589540451 0.275556411357
vt 0.682335738962 0.251265544647
vt 0.683313501057 0.253767787377
vt 0.684200089108 0.256321540742
vt 0.685007221802 0.258922571064
vt 0.67594333022 0.283827144474
vt 0.680497969492 0.306350615563
vt 0.677023842376 0.332389061141
vt 0.668029235145 0.33509652224
vt 0.693565978063 0.327339951992
vt 0.699230293439 0.351468811352
vt 0.682190543602 0.35609778241
vt 0.713656071182 0.347524885989
vt 0.70764370568 0.323033695194
vt 0.701733035848 0.298969469625
vt 0.689774108514 0.278058342437
vt 0.687103510611 0.266949049668
vt 0.686447752877 0.264238953782
vt 0.688149736232 0.303678714188
vt 0.683107477522 0.2808370512
vt 0.680739563382 0.269943731978
vt 0.470699684636 0.263666842876
vt 0.471229526228 0.276110053804
vt 0.500867912192 0.247828169586
vt 0.485347637297 0.248537269803
vt 0.50178285571 0.235222327074
vt 0.486087885752 0.235805177748
vt 0.502813792883 0.222388805422
vt 0.485092582008 0.273571154335
vt 0.484919248469 0.26112934621
vt 0.500226804185 0.26029379164
vt 0.533420807355 0.293781660851
vt 0.516283124622 0.300696600024
vt 0.515850100926 0.293804429693
vt 0.50007603367 0.301312658379
vt 0.499663370608 0.294210821783
vt 0.485450398561 0.30288005189
vt 0.485033293662 0.295796476851
vt 0.47252814629 0.306018247677
vt 0.472051973434 0.2992535257
vt 0.501100097443 0.309656645691
vt 0.486408898021 0.311076386136
vt 0.47335995093 0.313495420407
vt 0.543258099345 0.225488634856
vt 0.534952993795 0.23093387051
vt 0.53511825176 0.22479107777
vt 0.534531186599 0.242986693823
vt 0.517240631189 0.248260998485
vt 0.518029993627 0.235911596969
vt 0.560072995408 0.237854919953
vt 0.551661689739 0.237727303883
vt 0.534748870667 0.236982680678
vt 0.568932249914 0.243265452489
vt 0.576746404933 0.237361331568
vt 0.585766980729 0.241941875835
vt 0.58492523195 0.236686679317
vt 0.592867559043 0.23571488401
vt 0.575482049868 0.226563059694
vt 0.583248031542 0.226188353554
vt 0.590804509093 0.225509253683
vt 0.600616690544 0.234433630955
vt 0.598120228958 0.224517021739
vt 0.605119642254 0.223243092924
vt 0.588036624478 0.257739125678
vt 0.569961920499 0.259813259451
vt 0.569643328007 0.254296592785
vt 0.55179743876 0.260734326441
vt 0.55178154172 0.255013319649
vt 0.533901735653 0.260792325514
vt 0.534085434823 0.254884240971
vt 0.516615893814 0.260447954174
vt 0.516895386064 0.254368997986
vt 0.534303262986 0.248950912135
vt 0.551735660561 0.243534850892
vt 0.551766248545 0.249281975514
vt 0.569301188773 0.248783261877
vt 0.586548260482 0.247210242478
vt 0.516426904037 0.272503307803
vt 0.53379068701 0.266701361541
vt 0.533764162256 0.272572891734
vt 0.551834663219 0.266450240064
vt 0.55191174868 0.272163778461
vt 0.570580469223 0.270830710081
vt 0.535826957306 0.315056514292
vt 0.517302569971 0.308749624667
vt 0.534839603855 0.307810468476
vt 0.533882382182 0.300325428279
vt 0.552608629952 0.299585254403
vt 0.552118214871 0.293448964969
vt 0.561783423655 0.292975365778
vt 0.552113756422 0.283078009038
vt 0.533788208577 0.283574982408
vt 0.516466963822 0.283629251093
vt 0.500341315175 0.283894632214
vt 0.485504502902 0.285129866492
vt 0.471937190094 0.287978388127
vt 0.580868971818 0.280483173595
vt 0.582900506851 0.302495589716
vt 0.573618818569 0.310041630893
vt 0.572916220907 0.304060332706
vt 0.563868957783 0.311630672824
vt 0.56307832623 0.305325248066
vt 0.554308670856 0.312988331799
vt 0.553448176114 0.306362797504
vt 0.571169787465 0.281681106872
vt 0.57170899421 0.292281835457
vt 0.581739442457 0.291208919283
vt 0.582282501518 0.296774246856
vt 0.591884648609 0.289786060656
vt 0.59244401455 0.295200354778
vt 0.500158405538 0.272585737625
vt 0.564647392829 0.317704783341
vt 0.555164966927 0.319301792676
vt 0.536811683595 0.321827900896
vt 0.51943165763 0.323654136906
vt 0.503238643519 0.325020223555
vt 0.488411001739 0.326257908403
vt 0.475095546756 0.327649898989
vt 0.505712252724 0.338462866516
vt 0.490771641066 0.339720168579
vt 0.47712328109 0.340691534269
vt 0.496078078008 0.363958952274
vt 0.508429127246 0.350755491382
vt 0.520603485524 0.330383230907
vt 0.556053550594 0.325378538968
vt 0.489048713419 0.39948107258
vt 0.486563988117 0.388175013217
vt 0.501433734695 0.386468058707
vt 0.498758865862 0.375371500305
vt 0.513877034095 0.373488752372
vt 0.511159629308 0.362335752279
vt 0.52695956175 0.360099455584
vt 0.52439181831 0.348765487001
vt 0.541219246803 0.346084482659
vt 0.540074914236 0.340334689074
vt 0.548854657499 0.338756677436
vt 0.54780040667 0.332933780108
vt 0.556972641152 0.331271126589
vt 0.543490342859 0.35718544215
vt 0.529534571521 0.371031440462
vt 0.516563989603 0.38429759665
vt 0.50410461582 0.39733491296
vt 0.491585540832 0.410671748847
vt 0.592991856803 0.300632617691
vt 0.583518848038 0.308190588424
vt 0.574313634964 0.315881123292
vt 0.565444309212 0.323601099168
vt 0.593532944839 0.306072287659
vt 0.594076289402 0.31151432536
vt 0.584133577435 0.313818770935
vt 0.584759389454 0.319392291454
vt 0.5750219496 0.32160728102
vt 0.575749010811 0.327239807168
vt 0.566261767869 0.329353933883
vt 0.567093540144 0.334985554983
vt 0.55789802153 0.336990957807
vt 0.558850059968 0.342591085399
vt 0.549892170874 0.344410496768
vt 0.560787004464 0.353524789991
vt 0.594631261902 0.316955908217
vt 0.59520787679 0.322394931386
vt 0.585404094339 0.324919400551
vt 0.586073994339 0.330406914698
vt 0.576496669809 0.332794118869
vt 0.577266546783 0.338280772943
vt 0.567933797942 0.340511964658
vt 0.578901907668 0.349139765022
vt 0.59581588969 0.327830393802
vt 0.586774781645 0.335859687395
vt 0.588277906874 0.346703988693
vt 0.589913232679 0.357481458243
vt 0.580658495587 0.359909328165
vt 0.56280377054 0.364249256407
vt 0.564896681757 0.374780006124
vt 0.548156056539 0.378474182219
vt 0.550535087054 0.388779843875
vt 0.534664364858 0.391990877799
vt 0.537236153633 0.402191450035
vt 0.584512667701 0.38109745633
vt 0.586631268824 0.391589924845
vt 0.569312782032 0.395451069112
vt 0.582523345098 0.370547046103
vt 0.601213110121 0.365764432255
vt 0.603107928933 0.376567723634
vt 0.567065350117 0.385162822012
vt 0.552949584504 0.398952228855
vt 0.59646462268 0.333262620054
vt 0.597884216052 0.344111893925
vt 0.599460484809 0.354950490675
vt 0.545806673643 0.367963501517
vt 0.532103774168 0.381635438007
vt 0.519201040866 0.394858000859
vt 0.506798257426 0.408065858535
vt 0.470459908703 0.0833966193994
vt 0.486209747809 0.105121170225
vt 0.486687494834 0.115490634013
vt 0.470480814598 0.116679009355
vt 0.485986624329 0.0947265994183
vt 0.470254039964 0.0945067042083
vt 0.494194698492 0.115701991113
vt 0.493616366788 0.105555101558
vt 0.501377631587 0.116352566219
vt 0.462559822383 0.15329053163
vt 0.463153320285 0.165772538315
vt 0.463428409848 0.172054761533
vt 0.461905849834 0.129756968983
vt 0.462160794641 0.141385660827
vt 0.470822821182 0.127767912073
vt 0.471302208775 0.138866646865
vt 0.479316317928 0.126442459318
vt 0.479976633933 0.137132914751
vt 0.48203113264 0.161175253201
vt 0.473250504902 0.169453918545
vt 0.463477616197 0.178157835164
vt 0.463258674388 0.190259074584
vt 0.463254976642 0.20270902123
vt 0.463212873641 0.215353021956
vt 0.463233622944 0.228044733274
vt 0.463371336578 0.240639708468
vt 0.463628073784 0.253162327362
vt 0.464070206393 0.265614074667
vt 0.470633925076 0.251117293203
vt 0.470818007445 0.238477752968
vt 0.479066609639 0.223989644844
vt 0.4711440076 0.22571050115
vt 0.479894170861 0.210893410199
vt 0.471617126985 0.212776187345
vt 0.480754685944 0.197893190714
vt 0.472138009252 0.19992141122
vt 0.481413904274 0.185347353962
vt 0.472523824829 0.187405933312
vt 0.482444915204 0.173608240925
vt 0.473216333907 0.17550594526
vt 0.48252515861 0.167605946672
vt 0.502252574748 0.126353879987
vt 0.49593992897 0.135950788478
vt 0.494978944742 0.125835603465
vt 0.488175954207 0.136186906715
vt 0.487347479052 0.125851534895
vt 0.503344524283 0.136326848269
vt 0.510477461379 0.137180011359
vt 0.51117810857 0.142326975765
vt 0.517394877573 0.138395939645
vt 0.516078779856 0.128465538718
vt 0.509264323699 0.127264435869
vt 0.49715610472 0.146904594607
vt 0.504729141551 0.147175664356
vt 0.497933257112 0.153083975901
vt 0.505606936912 0.15334135061
vt 0.498850784656 0.159659718207
vt 0.506617342367 0.159906196071
vt 0.49951052079 0.166140373443
vt 0.507343092757 0.166381466467
vt 0.499419426073 0.172067484636
vt 0.50728411256 0.172281155932
vt 0.498097040063 0.183573764901
vt 0.505985726288 0.18370910174
vt 0.497186463185 0.196080458346
vt 0.505086256491 0.19615826963
vt 0.503948409506 0.209205597564
vt 0.486989632867 0.22290327169
vt 0.488032791303 0.209714720098
vt 0.489099241928 0.196627922159
vt 0.489930106501 0.184084677752
vt 0.491167103973 0.172475746622
vt 0.491266589017 0.166514762684
vt 0.490685837271 0.160048376925
vt 0.489884662014 0.153493592959
vt 0.489213100898 0.14729934887
vt 0.538115881779 0.0743969791241
vt 0.526351576304 0.0817664351924
vt 0.527117628684 0.0720634655828
vt 0.514101824626 0.0790599326101
vt 0.514985289295 0.0693323308504
vt 0.50082674396 0.0762777826315
vt 0.501766902124 0.0662201926118
vt 0.486480061407 0.0738245749667
vt 0.48736055053 0.0632387329417
vt 0.470932191455 0.0722379504839
vt 0.47169685893 0.0609544192806
vt 0.553941699571 0.0588244438249
vt 0.548108477331 0.0763122412278
vt 0.560842340678 0.0595671340902
vt 0.567482032112 0.0600812896653
vt 0.57387641488 0.0603967966678
vt 0.58026570294 0.0605533719526
vt 0.582907818546 0.0605794353542
vt 0.59055866616 0.0605334025689
vt 0.547777088081 0.0963232360167
vt 0.537736483856 0.104129413876
vt 0.537446934985 0.0940139367703
vt 0.526236736417 0.101392408423
vt 0.526114913241 0.0914626488525
vt 0.513772989481 0.0987306401352
vt 0.513722169645 0.0888646687412
vt 0.500383764752 0.0963518498459
vt 0.500394658062 0.0863192736419
vt 0.486048816629 0.0843065995025
vt 0.527736241895 0.121399593358
vt 0.514991815817 0.118558635678
vt 0.576418513119 0.157264965872
vt 0.575518729198 0.154572488909
vt 0.581162452994 0.14562181988
vt 0.572336791268 0.143667998541
vt 0.567843946956 0.121831803842
vt 0.558998608063 0.119637621309
vt 0.557122300361 0.0983759434821
vt 0.549211999442 0.117029194757
vt 0.55477874111 0.14874571912
vt 0.546941585842 0.136426512826
vt 0.552470566885 0.138091014252
vt 0.543917394172 0.11567207611
vt 0.524964458669 0.145011642308
vt 0.518180914142 0.143543176522
vt 0.524507476245 0.142391942468
vt 0.517766416499 0.140912081649
vt 0.52409148063 0.139872445554
vt 0.531603553031 0.146719814683
vt 0.531094026776 0.144081180886
vt 0.530633641426 0.141535020746
vt 0.529032511986 0.13146119923
vt 0.518631685711 0.146302325405
vt 0.532150391694 0.149462022087
vt 0.527125036085 0.156642293712
vt 0.528322063364 0.163065504108
vt 0.532722963765 0.152304885521
vt 0.533319465546 0.155230398248
vt 0.533930682767 0.15825038015
vt 0.534550539042 0.161366052502
vt 0.535176123604 0.164558043091
vt 0.536109115243 0.170824367049
vt 0.488649873377 0.141521212717
vt 0.496493031888 0.141184104318
vt 0.503972821424 0.141499397355
vt 0.522156829654 0.168141340617
vt 0.521311507555 0.161718132354
vt 0.55071106666 0.202295413457
vt 0.543274180376 0.213289282632
vt 0.53543966284 0.212307156574
vt 0.518856430626 0.223329240498
vt 0.549893399437 0.179529338263
vt 0.54937582636 0.173797716018
vt 0.548317934994 0.167773249999
vt 0.547646662269 0.164715718549
vt 0.546960610215 0.161722613646
vt 0.546268707635 0.158795372833
vt 0.545581445934 0.155935024584
vt 0.544910420334 0.153141236458
vt 0.544268728653 0.150411363259
vt 0.54366927715 0.147743005073
vt 0.543124363424 0.145130086335
vt 0.541201571494 0.134726505258
vt 0.539649896644 0.124542028414
vt 0.500731252865 0.106346101924
vt 0.514209649935 0.108632316984
vt 0.526791017367 0.111369363604
vt 0.538479658073 0.114219006737
vt 0.555440983228 0.151413962287
vt 0.556156412091 0.154101261202
vt 0.55691184546 0.1568118336
vt 0.55769243039 0.159549290321
vt 0.558482907619 0.162316449409
vt 0.559268436401 0.165116086401
vt 0.560036108639 0.167949861289
vt 0.562877859558 0.18213144752
vt 0.562021706881 0.176547342948
vt 0.561448369311 0.173705759129
vt 0.560773821492 0.170818078043
vt 0.535943570478 0.187894850224
vt 0.550255189013 0.190688473923
vt 0.564142476705 0.193086483077
vt 0.576412305875 0.189357212073
vt 0.577515556643 0.194644570585
vt 0.618259191296 0.204092818601
vt 0.612679787089 0.205544867638
vt 0.60645089776 0.205655103188
vt 0.600279682758 0.206664530243
vt 0.593110366824 0.204887819131
vt 0.5795946476 0.205153928046
vt 0.565373971153 0.204215534621
vt 0.558842900507 0.214906187767
vt 0.551095494076 0.214165948883
vt 0.59568660749 0.214700765044
vt 0.588678140344 0.215359222589
vt 0.581483752229 0.215687392486
vt 0.562887930321 0.141081953433
vt 0.565602920776 0.151976900852
vt 0.566381547428 0.154680326115
vt 0.567211543142 0.157369145862
vt 0.568079789286 0.160045497922
vt 0.575252461258 0.184011311217
vt 0.64859484298 0.17808870777
vt 0.648920056737 0.178644733359
vt 0.649266716818 0.179080488499
vt 0.649620122103 0.179428246714
vt 0.650496257948 0.180142878236
vt 0.650786296079 0.180340582674
vt 0.0519430744253 0.589963447701
vt 0.0300565473411 0.488383549402
vt 0.0348939248127 0.513910095972
vt 0.0402258227352 0.5393647428
vt 0.0255735598119 0.462821047968
vt 0.021447122924 0.437189331649
vt 0.0176806549707 0.411542793892
vt 0.014268604773 0.385825477618
vt 0.00852249859744 0.334295677399
vt 0.0112167262897 0.360093916554
vt 0.00619916240992 0.308462123889
vt 0.00424220309664 0.282628998136
vt 0.00265304310367 0.256748979837
vt 0.00143420784893 0.230886901337
vt 0.00058803562444 0.20500057887
vt 0.000110416922809 0.17915864543
vt 0 0.153325739485
vt 0.000239807053444 0.12757169279
vt 0.000815088900579 0.101867778857
vt 0.00168732380118 0.0762758322121
vt 0.00281173087518 0.0507650111101
vt 0.0041241106966 0.025350125554
vt 0.00553739800612 0
vt 0.205519364008 1
vt 0.194496211923 0.977211719627
vt 0.183500381721 0.954242623289
vt 0.172639488836 0.931113522516
vt 0.161973063604 0.907794108161
vt 0.151549525836 0.884274931138
vt 0.141405646118 0.860559204189
vt 0.131567835045 0.83665719467
vt 0.122054007605 0.812582089896
vt 0.112875498224 0.788347947549
vt 0.104039193273 0.763967647852
vt 0.0955488100403 0.739452868362
vt 0.0874062358061 0.714813367349
vt 0.0796124569625 0.690057170225
vt 0.0721680170522 0.665190298895
vt 0.0650737763734 0.64021740786
vt 0.0583312404471 0.615141243741
vt 0.0459112234015 0.564713992024
f 1/1 2/2 3/3
f 4/4 5/5 6/6
f 7/7 8/8 9/9
f 10/10 11/11 12/12
f 13/13 14/14 15/15
f 2/2 1/1 16/16
f 17/17 18/18 19/19
f 20/20 21/21 22/22
f 23/23 24/24 25/25
f 25/25 24/24 26/26
f 27/27 28/28 29/29
f 30/30 31/31 32/32
f 33/33 34/34 35/35
f 36/36 37/37 38/38
f 39/39 40/40 41/41
f 42/42 43/43 44/44
f 45/45 46/46 47/47
f 48/48 49/49 50/50
f 51/51 52/52 53/53
f 54/54 55/55 56/56
f 57/57 58/58 59/59
f 60/60 61/61 62/62
f 63/63 64/64 65/65
f 58/58 57/57 66/66
f 67/67 68/68 69/69
f 70/70 71/71 72/72
f 73/73 74/74 75/75
f 76/76 77/77 78/78
f 79/79 80/80 81/81
f 82/82 73/73 83/83
f 84/84 85/85 86/86
f 87/87 88/88 89/89
f 90/90 91/91 92/92
f 93/93 94/94 95/95
f 96/96 97/97 98/98
f 99/99 100/100 101/101
f 102/102 103/103 104/104
f 105/105 106/106 107/107
f 108/108 109/109 110/110
f 111/111 112/112 113/113
f 114/114 115/115 116/116
f 117/117 118/118 119/119
f 120/120 121/121 122/122
f 122/122 121/121 123/123
f 124/124 125/125 126/126
f 127/127 128/128 129/129
f 130/130 131/131 132/132
f 133/133 134/134 135/135
f 136/136 137/137 138/138
f 138/138 139/139 136/136
f 136/136 139/139 140/140
f 136/136 140/140 141/141
f 133/133 135/135 142/142
f 130/130 132/132 143/143
f 144/144 145/145 146/146
f 147/147 148/148 149/149
f 149/149 148/148 150/150
f 149/149 150/150 151/151
f 151/151 150/150 152/152
f 151/151 152/152 153/153
f 153/153 152/152 154/154
f 153/153 154/154 155/155
f 155/155 154/154 156/156
f 155/155 156/156 157/157
f 157/157 156/156 158/158
f 157/157 158/158 159/159
f 159/159 158/158 160/160
f 160/160 158/158 161/161
f 160/160 161/161 162/162
f 163/163 164/164 165/165
f 164/164 163/163 166/166
f 166/166 163/163 167/167
f 166/166 167/167 168/168
f 169/169 170/170 171/171
f 171/171 170/170 172/172
f 171/171 172/172 167/167
f 167/167 172/172 173/173
f 167/167 173/173 168/168
f 174/174 175/175 176/176
f 176/176 175/175 177/177
f 176/176 177/177 178/178
f 179/179 180/180 181/181
f 181/181 180/180 182/182
f 183/183 184/184 129/129
f 129/129 184/184 185/185
f 129/129 185/185 127/127
f 186/186 187/187 188/188
f 188/188 187/187 189/189
f 188/188 189/189 190/190
f 190/190 189/189 191/191
f 190/190 191/191 192/192
f 193/193 194/194 195/195
f 195/195 194/194 196/196
f 195/195 196/196 197/197
f 198/198 49/49 199/199
f 199/199 49/49 48/48
f 199/199 48/48 200/200
f 201/201 202/202 203/203
f 204/204 205/205 206/206
f 206/206 205/205 207/207
f 206/206 207/207 208/208
f 208/208 207/207 209/209
f 210/210 211/211 212/212
f 212/212 211/211 213/213
f 214/214 215/215 210/210
f 216/216 217/217 218/218
f 219/219 220/220 221/221
f 222/222 223/223 44/44
f 44/44 223/223 224/224
f 44/44 224/224 225/225
f 225/225 224/224 226/226
f 225/225 226/226 217/217
f 217/217 226/226 227/227
f 217/217 227/227 218/218
f 228/228 229/229 230/230
f 230/230 229/229 231/231
f 231/231 229/229 232/232
f 232/232 229/229 233/233
f 232/232 233/233 234/234
f 234/234 233/233 235/235
f 235/235 233/233 236/236
f 235/235 236/236 237/237
f 237/237 236/236 238/238
f 237/237 238/238 239/239
f 239/239 238/238 240/240
f 239/239 240/240 241/241
f 124/124 126/126 242/242
f 242/242 126/126 243/243
f 242/242 243/243 244/244
f 140/140 245/245 141/141
f 141/141 245/245 246/246
f 141/141 246/246 247/247
f 247/247 246/246 248/248
f 247/247 248/248 249/249
f 249/249 248/248 250/250
f 249/249 250/250 251/251
f 251/251 250/250 252/252
f 251/251 252/252 253/253
f 253/253 252/252 254/254
f 253/253 254/254 255/255
f 134/134 137/137 135/135
f 135/135 137/137 136/136
f 135/135 136/136 256/256
f 256/256 136/136 141/141
f 256/256 141/141 257/257
f 257/257 141/141 247/247
f 257/257 247/247 258/258
f 258/258 247/247 249/249
f 258/258 249/249 259/259
f 259/259 249/249 251/251
f 259/259 251/251 260/260
f 260/260 251/251 253/253
f 260/260 253/253 261/261
f 261/261 253/253 255/255
f 261/261 255/255 262/262
f 263/263 142/142 264/264
f 264/264 142/142 135/135
f 264/264 135/135 265/265
f 265/265 135/135 256/256
f 265/265 256/256 266/266
f 266/266 256/256 257/257
f 266/266 257/257 267/267
f 267/267 257/257 258/258
f 267/267 258/258 268/268
f 268/268 258/258 259/259
f 268/268 259/259 269/269
f 269/269 259/259 260/260
f 269/269 260/260 270/270
f 270/270 260/260 261/261
f 270/270 261/261 271/271
f 271/271 261/261 262/262
f 271/271 262/262 272/272
f 273/273 274/274 275/275
f 276/276 277/277 278/278
f 278/278 277/277 279/279
f 278/278 279/279 280/280
f 280/280 279/279 281/281
f 280/280 281/281 282/282
f 282/282 281/281 283/283
f 277/277 284/284 279/279
f 279/279 284/284 285/285
f 279/279 285/285 281/281
f 281/281 285/285 286/286
f 281/281 286/286 283/283
f 283/283 286/286 287/287
f 288/288 289/289 290/290
f 290/290 289/289 291/291
f 292/292 287/287 293/293
f 293/293 287/287 286/286
f 293/293 286/286 294/294
f 294/294 286/286 285/285
f 294/294 285/285 295/295
f 295/295 285/285 284/284
f 296/296 291/291 297/297
f 297/297 291/291 289/289
f 297/297 289/289 298/298
f 298/298 289/289 288/288
f 298/298 288/288 299/299
f 300/300 301/301 302/302
f 302/302 301/301 303/303
f 304/304 305/305 306/306
f 306/306 305/305 307/307
f 306/306 307/307 308/308
f 309/309 310/310 304/304
f 304/304 310/310 6/6
f 304/304 6/6 305/305
f 311/311 312/312 313/313
f 314/314 315/315 316/316
f 311/311 313/313 317/317
f 317/317 313/313 318/318
f 317/317 318/318 319/319
f 320/320 319/319 321/321
f 322/322 323/323 324/324
f 321/321 325/325 326/326
f 327/327 320/320 328/328
f 328/328 320/320 321/321
f 328/328 321/321 329/329
f 329/329 321/321 326/326
f 323/323 330/330 324/324
f 324/324 330/330 331/331
f 324/324 331/331 332/332
f 332/332 331/331 333/333
f 332/332 333/333 334/334
f 335/335 336/336 337/337
f 338/338 339/339 340/340
f 340/340 339/339 341/341
f 340/340 341/341 342/342
f 342/342 341/341 343/343
f 339/339 344/344 341/341
f 341/341 344/344 345/345
f 341/341 345/345 343/343
f 343/343 345/345 346/346
f 347/347 348/348 315/315
f 335/335 349/349 350/350
f 314/314 351/351 315/315
f 315/315 351/351 352/352
f 315/315 352/352 347/347
f 274/274 273/273 353/353
f 353/353 273/273 354/354
f 353/353 354/354 355/355
f 355/355 354/354 356/356
f 355/355 356/356 357/357
f 357/357 356/356 358/358
f 357/357 358/358 359/359
f 359/359 358/358 360/360
f 359/359 360/360 361/361
f 361/361 360/360 362/362
f 361/361 362/362 363/363
f 363/363 362/362 364/364
f 363/363 364/364 365/365
f 365/365 364/364 366/366
f 365/365 366/366 367/367
f 367/367 366/366 368/368
f 367/367 368/368 369/369
f 369/369 368/368 370/370
f 369/369 370/370 371/371
f 372/372 373/373 374/374
f 374/374 373/373 375/375
f 374/374 375/375 376/376
f 376/376 375/375 377/377
f 376/376 377/377 378/378
f 378/378 379/379 376/376
f 376/376 379/379 380/380
f 376/376 380/380 374/374
f 374/374 380/380 381/381
f 374/374 381/381 372/372
f 371/371 370/370 382/382
f 382/382 370/370 383/383
f 382/382 383/383 384/384
f 385/385 386/386 387/387
f 387/387 386/386 388/388
f 387/387 388/388 389/389
f 389/389 388/388 390/390
f 389/389 390/390 391/391
f 391/391 390/390 392/392
f 391/391 392/392 393/393
f 393/393 392/392 394/394
f 393/393 394/394 395/395
f 395/395 394/394 396/396
f 395/395 396/396 397/397
f 397/397 396/396 398/398
f 397/397 398/398 399/399
f 399/399 398/398 400/400
f 399/399 400/400 401/401
f 401/401 400/400 402/402
f 401/401 402/402 403/403
f 403/403 402/402 404/404
f 403/403 404/404 405/405
f 405/405 404/404 123/123
f 405/405 123/123 406/406
f 406/406 123/123 121/121
f 385/385 303/303 386/386
f 386/386 303/303 407/407
f 386/386 407/407 388/388
f 388/388 407/407 408/408
f 388/388 408/408 390/390
f 390/390 408/408 409/409
f 390/390 409/409 392/392
f 392/392 409/409 410/410
f 392/392 410/410 394/394
f 394/394 410/410 411/411
f 394/394 411/411 396/396
f 396/396 411/411 412/412
f 396/396 412/412 398/398
f 398/398 412/412 413/413
f 398/398 413/413 400/400
f 400/400 413/413 414/414
f 400/400 414/414 402/402
f 402/402 414/414 415/415
f 402/402 415/415 404/404
f 404/404 415/415 416/416
f 404/404 416/416 123/123
f 123/123 416/416 417/417
f 123/123 417/417 122/122
f 122/122 417/417 418/418
f 122/122 418/418 120/120
f 303/303 301/301 407/407
f 407/407 301/301 300/300
f 407/407 300/300 408/408
f 408/408 300/300 419/419
f 408/408 419/419 409/409
f 409/409 419/419 420/420
f 409/409 420/420 410/410
f 410/410 420/420 421/421
f 410/410 421/421 411/411
f 411/411 421/421 422/422
f 411/411 422/422 412/412
f 412/412 422/422 423/423
f 412/412 423/423 413/413
f 413/413 423/423 424/424
f 413/413 424/424 414/414
f 414/414 424/424 425/425
f 414/414 425/425 415/415
f 415/415 425/425 426/426
f 415/415 426/426 416/416
f 416/416 426/426 427/427
f 416/416 427/427 417/417
f 417/417 427/427 428/428
f 417/417 428/428 418/418
f 302/302 429/429 300/300
f 300/300 429/429 430/430
f 300/300 430/430 419/419
f 419/419 430/430 431/431
f 419/419 431/431 420/420
f 420/420 431/431 432/432
f 420/420 432/432 421/421
f 421/421 432/432 433/433
f 421/421 433/433 422/422
f 422/422 433/433 434/434
f 422/422 434/434 423/423
f 423/423 434/434 435/435
f 423/423 435/435 424/424
f 424/424 435/435 436/436
f 424/424 436/436 425/425
f 425/425 436/436 437/437
f 425/425 437/437 426/426
f 426/426 437/437 438/438
f 426/426 438/438 427/427
f 427/427 438/438 439/439
f 427/427 439/439 428/428
f 440/440 441/441 442/442
f 443/443 440/440 372/372
f 372/372 440/440 442/442
f 372/372 442/442 373/373
f 373/373 442/442 299/299
f 373/373 299/299 375/375
f 375/375 299/299 288/288
f 375/375 288/288 377/377
f 377/377 288/288 290/290
f 377/377 290/290 378/378
f 443/443 444/444 440/440
f 440/440 444/444 445/445
f 440/440 445/445 132/132
f 132/132 445/445 446/446
f 132/132 446/446 143/143
f 143/143 446/446 447/447
f 143/143 447/447 448/448
f 449/449 450/450 451/451
f 452/452 453/453 454/454
f 454/454 453/453 455/455
f 454/454 456/456 457/457
f 118/118 117/117 458/458
f 451/451 450/450 456/456
f 117/117 459/459 458/458
f 458/458 459/459 460/460
f 458/458 460/460 461/461
f 119/119 452/452 117/117
f 117/117 452/452 454/454
f 117/117 454/454 459/459
f 459/459 454/454 457/457
f 459/459 457/457 460/460
f 439/439 455/455 428/428
f 428/428 455/455 453/453
f 428/428 453/453 418/418
f 418/418 453/453 452/452
f 418/418 452/452 120/120
f 120/120 452/452 119/119
f 120/120 119/119 121/121
f 121/121 119/119 384/384
f 121/121 384/384 406/406
f 406/406 384/384 383/383
f 406/406 383/383 405/405
f 405/405 383/383 370/370
f 405/405 370/370 403/403
f 403/403 370/370 368/368
f 403/403 368/368 401/401
f 401/401 368/368 366/366
f 401/401 366/366 399/399
f 399/399 366/366 364/364
f 399/399 364/364 397/397
f 397/397 364/364 362/362
f 397/397 362/362 395/395
f 395/395 362/362 360/360
f 395/395 360/360 393/393
f 393/393 360/360 358/358
f 393/393 358/358 391/391
f 391/391 358/358 356/356
f 391/391 356/356 389/389
f 389/389 356/356 354/354
f 389/389 354/354 387/387
f 387/387 354/354 273/273
f 387/387 273/273 385/385
f 385/385 273/273 275/275
f 385/385 275/275 303/303
f 309/309 462/462 463/463
f 463/463 462/462 464/464
f 463/463 464/464 465/465
f 465/465 464/464 466/466
f 465/465 466/466 467/467
f 467/467 466/466 468/468
f 469/469 470/470 471/471
f 471/471 470/470 472/472
f 471/471 472/472 473/473
f 473/473 472/472 474/474
f 473/473 474/474 475/475
f 322/322 324/324 116/116
f 116/116 324/324 332/332
f 116/116 332/332 114/114
f 114/114 332/332 334/334
f 114/114 334/334 476/476
f 477/477 478/478 479/479
f 480/480 478/478 481/481
f 481/481 478/478 477/477
f 481/481 477/477 482/482
f 483/483 480/480 484/484
f 484/484 480/480 481/481
f 484/484 481/481 485/485
f 485/485 481/481 482/482
f 485/485 482/482 486/486
f 487/487 483/483 488/488
f 488/488 483/483 484/484
f 488/488 484/484 489/489
f 489/489 484/484 485/485
f 489/489 485/485 490/490
f 490/490 485/485 486/486
f 490/490 486/486 491/491
f 113/113 112/112 492/492
f 112/112 493/493 492/492
f 492/492 493/493 494/494
f 492/492 494/494 325/325
f 325/325 494/494 495/495
f 325/325 495/495 326/326
f 103/103 102/102 111/111
f 111/111 102/102 496/496
f 111/111 496/496 112/112
f 112/112 496/496 497/497
f 112/112 497/497 493/493
f 493/493 497/497 498/498
f 493/493 498/498 494/494
f 494/494 498/498 499/499
f 494/494 499/499 495/495
f 495/495 499/499 334/334
f 495/495 334/334 326/326
f 326/326 334/334 333/333
f 326/326 333/333 329/329
f 329/329 333/333 331/331
f 329/329 331/331 328/328
f 328/328 331/331 330/330
f 328/328 330/330 327/327
f 350/350 349/349 500/500
f 346/346 349/349 343/343
f 343/343 349/349 335/335
f 343/343 335/335 342/342
f 342/342 335/335 337/337
f 342/342 337/337 340/340
f 340/340 337/337 316/316
f 340/340 316/316 338/338
f 338/338 316/316 315/315
f 338/338 315/315 339/339
f 339/339 315/315 348/348
f 339/339 348/348 344/344
f 344/344 348/348 501/501
f 344/344 501/501 345/345
f 345/345 501/501 502/502
f 345/345 502/502 346/346
f 346/346 502/502 503/503
f 346/346 503/503 349/349
f 349/349 503/503 504/504
f 349/349 504/504 500/500
f 108/108 505/505 506/506
f 505/505 507/507 508/508
f 508/508 507/507 509/509
f 510/510 110/110 511/511
f 511/511 110/110 109/109
f 511/511 109/109 512/512
f 512/512 513/513 511/511
f 511/511 513/513 514/514
f 511/511 514/514 510/510
f 514/514 515/515 510/510
f 510/510 515/515 516/516
f 510/510 516/516 517/517
f 518/518 487/487 519/519
f 519/519 487/487 488/488
f 519/519 488/488 520/520
f 520/520 488/488 489/489
f 520/520 489/489 521/521
f 521/521 489/489 490/490
f 521/521 490/490 522/522
f 522/522 490/490 491/491
f 522/522 491/491 523/523
f 106/106 518/518 107/107
f 107/107 518/518 519/519
f 107/107 519/519 524/524
f 524/524 519/519 520/520
f 524/524 520/520 525/525
f 525/525 520/520 521/521
f 525/525 521/521 526/526
f 526/526 521/521 522/522
f 526/526 522/522 527/527
f 527/527 522/522 523/523
f 527/527 523/523 528/528
f 529/529 105/105 530/530
f 530/530 105/105 107/107
f 530/530 107/107 531/531
f 531/531 107/107 524/524
f 531/531 524/524 532/532
f 532/532 524/524 525/525
f 532/532 525/525 533/533
f 533/533 525/525 526/526
f 533/533 526/526 534/534
f 534/534 526/526 527/527
f 534/534 527/527 535/535
f 535/535 527/527 528/528
f 535/535 528/528 536/536
f 537/537 536/536 538/538
f 538/538 536/536 528/528
f 538/538 528/528 539/539
f 539/539 528/528 523/523
f 539/539 523/523 540/540
f 540/540 523/523 491/491
f 540/540 491/491 541/541
f 541/541 491/491 486/486
f 541/541 486/486 542/542
f 542/542 486/486 482/482
f 542/542 482/482 543/543
f 543/543 482/482 477/477
f 543/543 477/477 469/469
f 469/469 477/477 479/479
f 469/469 479/479 470/470
f 476/476 334/334 544/544
f 544/544 334/334 499/499
f 544/544 499/499 545/545
f 545/545 499/499 498/498
f 545/545 498/498 546/546
f 546/546 498/498 497/497
f 546/546 497/497 547/547
f 547/547 497/497 496/496
f 547/547 496/496 548/548
f 548/548 496/496 102/102
f 548/548 102/102 549/549
f 549/549 102/102 104/104
f 549/549 104/104 550/550
f 115/115 114/114 551/551
f 551/551 114/114 476/476
f 551/551 476/476 552/552
f 552/552 476/476 544/544
f 552/552 544/544 553/553
f 553/553 544/544 545/545
f 553/553 545/545 554/554
f 554/554 545/545 546/546
f 554/554 546/546 555/555
f 555/555 546/546 547/547
f 555/555 547/547 556/556
f 556/556 547/547 548/548
f 556/556 548/548 557/557
f 557/557 548/548 549/549
f 557/557 549/549 558/558
f 558/558 549/549 550/550
f 558/558 550/550 559/559
f 560/560 561/561 562/562
f 562/562 561/561 563/563
f 562/562 563/563 564/564
f 561/561 517/517 563/563
f 563/563 517/517 516/516
f 563/563 516/516 564/564
f 564/564 516/516 565/565
f 564/564 565/565 562/562
f 562/562 565/565 566/566
f 562/562 566/566 560/560
f 474/474 322/322 475/475
f 475/475 322/322 116/116
f 475/475 116/116 473/473
f 473/473 116/116 115/115
f 473/473 115/115 471/471
f 471/471 115/115 551/551
f 471/471 551/551 469/469
f 469/469 551/551 552/552
f 469/469 552/552 543/543
f 543/543 552/552 553/553
f 543/543 553/553 542/542
f 542/542 553/553 554/554
f 542/542 554/554 541/541
f 541/541 554/554 555/555
f 541/541 555/555 540/540
f 540/540 555/555 556/556
f 540/540 556/556 539/539
f 539/539 556/556 557/557
f 539/539 557/557 538/538
f 538/538 557/557 558/558
f 538/538 558/558 537/537
f 537/537 558/558 559/559
f 567/567 568/568 566/566
f 566/566 568/568 569/569
f 566/566 569/569 560/560
f 559/559 570/570 537/537
f 537/537 570/570 571/571
f 537/537 571/571 536/536
f 536/536 571/571 572/572
f 536/536 572/572 535/535
f 535/535 572/572 573/573
f 535/535 573/573 534/534
f 534/534 573/573 574/574
f 534/534 574/574 533/533
f 533/533 574/574 575/575
f 533/533 575/575 532/532
f 532/532 575/575 576/576
f 532/532 576/576 531/531
f 531/531 576/576 577/577
f 531/531 577/577 530/530
f 530/530 577/577 578/578
f 530/530 578/578 529/529
f 529/529 578/578 144/144
f 579/579 148/148 580/580
f 580/580 148/148 147/147
f 580/580 147/147 145/145
f 581/581 582/582 583/583
f 583/583 582/582 584/584
f 584/584 582/582 585/585
f 585/585 582/582 586/586
f 585/585 586/586 587/587
f 587/587 586/586 588/588
f 587/587 588/588 589/589
f 589/589 588/588 590/590
f 589/589 590/590 591/591
f 591/591 590/590 592/592
f 591/591 592/592 593/593
f 593/593 592/592 594/594
f 593/593 594/594 595/595
f 595/595 594/594 596/596
f 595/595 596/596 597/597
f 598/598 162/162 581/581
f 581/581 162/162 161/161
f 581/581 161/161 582/582
f 582/582 161/161 158/158
f 582/582 158/158 586/586
f 586/586 158/158 156/156
f 586/586 156/156 588/588
f 588/588 156/156 154/154
f 588/588 154/154 590/590
f 590/590 154/154 152/152
f 590/590 152/152 592/592
f 592/592 152/152 150/150
f 592/592 150/150 594/594
f 594/594 150/150 148/148
f 594/594 148/148 596/596
f 596/596 148/148 579/579
f 596/596 579/579 597/597
f 108/108 506/506 109/109
f 109/109 506/506 599/599
f 109/109 599/599 512/512
f 512/512 599/599 600/600
f 512/512 600/600 513/513
f 513/513 600/600 601/601
f 513/513 601/601 514/514
f 514/514 601/601 602/602
f 514/514 602/602 515/515
f 515/515 602/602 603/603
f 515/515 603/603 516/516
f 516/516 603/603 604/604
f 516/516 604/604 565/565
f 505/505 508/508 506/506
f 506/506 508/508 605/605
f 506/506 605/605 599/599
f 599/599 605/605 606/606
f 599/599 606/606 600/600
f 600/600 606/606 607/607
f 600/600 607/607 601/601
f 176/176 170/170 174/174
f 174/174 170/170 169/169
f 174/174 169/169 175/175
f 175/175 169/169 608/608
f 175/175 608/608 177/177
f 177/177 608/608 182/182
f 177/177 182/182 178/178
f 178/178 182/182 180/180
f 163/163 609/609 167/167
f 167/167 609/609 610/610
f 167/167 610/610 171/171
f 171/171 610/610 611/611
f 171/171 611/611 169/169
f 169/169 611/611 612/612
f 169/169 612/612 608/608
f 608/608 612/612 613/613
f 608/608 613/613 182/182
f 182/182 613/613 614/614
f 182/182 614/614 181/181
f 614/614 615/615 181/181
f 181/181 615/615 616/616
f 181/181 616/616 617/617
f 618/618 619/619 620/620
f 620/620 619/619 621/621
f 620/620 621/621 622/622
f 622/622 621/621 623/623
f 347/347 624/624 348/348
f 348/348 624/624 509/509
f 348/348 509/509 501/501
f 501/501 509/509 507/507
f 501/501 507/507 502/502
f 502/502 507/507 505/505
f 502/502 505/505 503/503
f 503/503 505/505 108/108
f 503/503 108/108 504/504
f 504/504 108/108 110/110
f 504/504 110/110 500/500
f 500/500 110/110 510/510
f 500/500 510/510 625/625
f 625/625 510/510 517/517
f 625/625 517/517 626/626
f 626/626 517/517 561/561
f 626/626 561/561 627/627
f 627/627 561/561 560/560
f 627/627 560/560 628/628
f 628/628 560/560 569/569
f 628/628 569/569 629/629
f 629/629 569/569 568/568
f 629/629 568/568 630/630
f 630/630 568/568 567/567
f 630/630 567/567 583/583
f 583/583 567/567 631/631
f 583/583 631/631 581/581
f 581/581 631/631 632/632
f 581/581 632/632 598/598
f 633/633 634/634 635/635
f 636/636 637/637 638/638
f 638/638 637/637 639/639
f 638/638 639/639 98/98
f 98/98 97/97 638/638
f 638/638 97/97 640/640
f 638/638 640/640 636/636
f 94/94 93/93 641/641
f 641/641 93/93 642/642
f 641/641 642/642 643/643
f 643/643 642/642 644/644
f 643/643 644/644 645/645
f 646/646 647/647 648/648
f 648/648 647/647 649/649
f 96/96 645/645 97/97
f 97/97 645/645 644/644
f 97/97 644/644 640/640
f 640/640 644/644 642/642
f 640/640 642/642 650/650
f 650/650 642/642 93/93
f 650/650 93/93 651/651
f 651/651 93/93 95/95
f 651/651 95/95 652/652
f 653/653 654/654 655/655
f 655/655 654/654 656/656
f 655/655 656/656 92/92
f 92/92 656/656 657/657
f 92/92 657/657 90/90
f 658/658 659/659 660/660
f 660/660 659/659 661/661
f 653/653 655/655 662/662
f 662/662 655/655 92/92
f 662/662 92/92 663/663
f 663/663 92/92 91/91
f 663/663 91/91 664/664
f 90/90 665/665 91/91
f 91/91 665/665 666/666
f 91/91 666/666 664/664
f 664/664 666/666 667/667
f 664/664 667/667 668/668
f 669/669 664/664 670/670
f 670/670 664/664 668/668
f 670/670 668/668 671/671
f 672/672 671/671 673/673
f 673/673 671/671 668/668
f 673/673 668/668 674/674
f 674/674 668/668 667/667
f 674/674 667/667 675/675
f 675/675 667/667 666/666
f 675/675 666/666 652/652
f 652/652 666/666 665/665
f 652/652 665/665 651/651
f 651/651 665/665 90/90
f 651/651 90/90 650/650
f 650/650 90/90 657/657
f 650/650 657/657 640/640
f 640/640 657/657 656/656
f 640/640 656/656 636/636
f 636/636 656/656 654/654
f 676/676 677/677 79/79
f 678/678 661/661 679/679
f 679/679 661/661 680/680
f 681/681 682/682 683/683
f 683/683 682/682 684/684
f 685/685 686/686 687/687
f 94/94 688/688 95/95
f 95/95 688/688 689/689
f 95/95 689/689 652/652
f 652/652 689/689 690/690
f 652/652 690/690 675/675
f 675/675 690/690 691/691
f 675/675 691/691 674/674
f 674/674 691/691 692/692
f 674/674 692/692 673/673
f 673/673 692/692 693/693
f 673/673 693/693 672/672
f 672/672 693/693 694/694
f 672/672 694/694 671/671
f 671/671 694/694 686/686
f 671/671 686/686 670/670
f 670/670 686/686 685/685
f 670/670 685/685 669/669
f 88/88 87/87 695/695
f 696/696 697/697 698/698
f 698/698 697/697 699/699
f 698/698 699/699 700/700
f 79/79 677/677 80/80
f 80/80 677/677 701/701
f 80/80 701/701 702/702
f 702/702 701/701 703/703
f 702/702 703/703 646/646
f 704/704 705/705 706/706
f 81/81 80/80 707/707
f 707/707 80/80 702/702
f 707/707 702/702 708/708
f 708/708 702/702 646/646
f 708/708 646/646 706/706
f 706/706 646/646 648/648
f 706/706 648/648 704/704
f 704/704 648/648 649/649
f 704/704 649/649 709/709
f 86/86 85/85 710/710
f 711/711 84/84 712/712
f 712/712 84/84 86/86
f 712/712 86/86 713/713
f 713/713 86/86 710/710
f 714/714 715/715 716/716
f 716/716 715/715 717/717
f 716/716 717/717 718/718
f 718/718 717/717 719/719
f 718/718 719/719 720/720
f 720/720 719/719 721/721
f 720/720 721/721 722/722
f 722/722 721/721 723/723
f 722/722 723/723 724/724
f 724/724 723/723 83/83
f 75/75 76/76 725/725
f 725/725 76/76 78/78
f 725/725 78/78 726/726
f 726/726 78/78 727/727
f 726/726 727/727 728/728
f 728/728 727/727 729/729
f 728/728 729/729 730/730
f 75/75 74/74 731/731
f 75/75 731/731 76/76
f 76/76 731/731 732/732
f 76/76 732/732 77/77
f 83/83 73/73 724/724
f 724/724 73/73 75/75
f 724/724 75/75 722/722
f 722/722 75/75 725/725
f 722/722 725/725 720/720
f 720/720 725/725 726/726
f 720/720 726/726 718/718
f 718/718 726/726 728/728
f 718/718 728/728 716/716
f 716/716 728/728 730/730
f 716/716 730/730 714/714
f 733/733 734/734 735/735
f 735/735 734/734 696/696
f 735/735 696/696 695/695
f 695/695 696/696 698/698
f 695/695 698/698 88/88
f 88/88 698/698 700/700
f 88/88 700/700 89/89
f 352/352 736/736 347/347
f 347/347 736/736 737/737
f 347/347 737/737 624/624
f 624/624 737/737 619/619
f 624/624 619/619 509/509
f 509/509 619/619 618/618
f 509/509 618/618 508/508
f 508/508 618/618 620/620
f 508/508 620/620 605/605
f 605/605 620/620 622/622
f 605/605 622/622 606/606
f 606/606 622/622 623/623
f 606/606 623/623 607/607
f 738/738 71/71 739/739
f 739/739 71/71 70/70
f 739/739 70/70 59/59
f 740/740 741/741 742/742
f 742/742 741/741 743/743
f 742/742 743/743 744/744
f 744/744 743/743 745/745
f 744/744 745/745 746/746
f 746/746 745/745 747/747
f 746/746 747/747 748/748
f 100/100 749/749 750/750
f 750/750 749/749 658/658
f 750/750 658/658 751/751
f 751/751 658/658 660/660
f 751/751 660/660 752/752
f 752/752 660/660 661/661
f 752/752 661/661 753/753
f 753/753 661/661 678/678
f 753/753 678/678 754/754
f 754/754 678/678 679/679
f 755/755 756/756 757/757
f 757/757 756/756 758/758
f 757/757 758/758 759/759
f 759/759 758/758 760/760
f 759/759 760/760 761/761
f 68/68 67/67 762/762
f 762/762 67/67 763/763
f 762/762 763/763 764/764
f 765/765 766/766 767/767
f 767/767 766/766 768/768
f 767/767 768/768 769/769
f 769/769 768/768 770/770
f 769/769 770/770 771/771
f 771/771 770/770 772/772
f 756/756 773/773 758/758
f 758/758 773/773 774/774
f 758/758 774/774 760/760
f 760/760 774/774 775/775
f 760/760 775/775 761/761
f 776/776 777/777 778/778
f 778/778 777/777 779/779
f 778/778 779/779 780/780
f 780/780 779/779 781/781
f 780/780 781/781 782/782
f 782/782 781/781 683/683
f 782/782 683/683 783/783
f 783/783 683/683 684/684
f 783/783 684/684 784/784
f 785/785 786/786 787/787
f 787/787 786/786 788/788
f 787/787 788/788 789/789
f 790/790 791/791 792/792
f 792/792 791/791 793/793
f 792/792 793/793 794/794
f 794/794 793/793 740/740
f 794/794 740/740 795/795
f 795/795 740/740 742/742
f 795/795 742/742 796/796
f 796/796 742/742 744/744
f 796/796 744/744 797/797
f 797/797 744/744 746/746
f 797/797 746/746 798/798
f 798/798 746/746 748/748
f 69/69 799/799 800/800
f 800/800 799/799 801/801
f 802/802 63/63 803/803
f 680/680 764/764 679/679
f 679/679 764/764 763/763
f 679/679 763/763 754/754
f 754/754 763/763 67/67
f 754/754 67/67 804/804
f 804/804 67/67 69/69
f 804/804 69/69 805/805
f 805/805 69/69 800/800
f 805/805 800/800 806/806
f 755/755 807/807 756/756
f 756/756 807/807 785/785
f 756/756 785/785 773/773
f 773/773 785/785 787/787
f 773/773 787/787 774/774
f 774/774 787/787 789/789
f 774/774 789/789 775/775
f 761/761 765/765 759/759
f 759/759 765/765 767/767
f 759/759 767/767 757/757
f 757/757 767/767 769/769
f 757/757 769/769 755/755
f 755/755 769/769 771/771
f 755/755 771/771 807/807
f 807/807 771/771 772/772
f 807/807 772/772 808/808
f 63/63 65/65 803/803
f 803/803 65/65 809/809
f 803/803 809/809 810/810
f 810/810 809/809 811/811
f 810/810 811/811 812/812
f 813/813 814/814 815/815
f 815/815 814/814 808/808
f 815/815 808/808 816/816
f 816/816 808/808 772/772
f 816/816 772/772 817/817
f 817/817 772/772 770/770
f 817/817 770/770 818/818
f 818/818 770/770 768/768
f 818/818 768/768 819/819
f 819/819 768/768 766/766
f 819/819 766/766 820/820
f 820/820 766/766 765/765
f 820/820 765/765 784/784
f 784/784 765/765 761/761
f 784/784 761/761 783/783
f 783/783 761/761 775/775
f 783/783 775/775 782/782
f 782/782 775/775 789/789
f 782/782 789/789 780/780
f 780/780 789/789 788/788
f 780/780 788/788 778/778
f 778/778 788/788 786/786
f 778/778 786/786 776/776
f 821/821 822/822 823/823
f 823/823 822/822 60/60
f 823/823 60/60 824/824
f 824/824 60/60 62/62
f 824/824 62/62 825/825
f 802/802 803/803 826/826
f 826/826 803/803 810/810
f 826/826 810/810 827/827
f 827/827 810/810 812/812
f 827/827 812/812 828/828
f 183/183 129/129 829/829
f 829/829 129/129 830/830
f 829/829 830/830 831/831
f 831/831 830/830 832/832
f 831/831 832/832 833/833
f 736/736 72/72 737/737
f 737/737 72/72 71/71
f 737/737 71/71 619/619
f 619/619 71/71 738/738
f 619/619 738/738 621/621
f 621/621 738/738 834/834
f 621/621 834/834 623/623
f 623/623 834/834 616/616
f 623/623 616/616 607/607
f 607/607 616/616 615/615
f 607/607 615/615 601/601
f 601/601 615/615 614/614
f 601/601 614/614 602/602
f 602/602 614/614 613/613
f 602/602 613/613 603/603
f 603/603 613/613 612/612
f 603/603 612/612 604/604
f 604/604 612/612 611/611
f 604/604 611/611 565/565
f 565/565 611/611 610/610
f 565/565 610/610 566/566
f 566/566 610/610 609/609
f 566/566 609/609 567/567
f 567/567 609/609 163/163
f 567/567 163/163 631/631
f 631/631 163/163 165/165
f 631/631 165/165 632/632
f 51/51 835/835 836/836
f 836/836 835/835 837/837
f 191/191 183/183 192/192
f 192/192 183/183 829/829
f 192/192 829/829 190/190
f 190/190 829/829 831/831
f 190/190 831/831 188/188
f 188/188 831/831 833/833
f 838/838 839/839 840/840
f 841/841 842/842 790/790
f 790/790 842/842 843/843
f 790/790 843/843 791/791
f 844/844 101/101 748/748
f 748/748 101/101 100/100
f 748/748 100/100 798/798
f 798/798 100/100 750/750
f 798/798 750/750 797/797
f 797/797 750/750 751/751
f 797/797 751/751 796/796
f 796/796 751/751 752/752
f 796/796 752/752 795/795
f 795/795 752/752 753/753
f 795/795 753/753 794/794
f 794/794 753/753 754/754
f 794/794 754/754 792/792
f 792/792 754/754 804/804
f 792/792 804/804 790/790
f 790/790 804/804 805/805
f 790/790 805/805 841/841
f 841/841 805/805 806/806
f 841/841 806/806 842/842
f 842/842 806/806 845/845
f 56/56 55/55 846/846
f 846/846 55/55 847/847
f 846/846 847/847 848/848
f 848/848 847/847 849/849
f 848/848 849/849 850/850
f 851/851 54/54 852/852
f 852/852 54/54 56/56
f 852/852 56/56 801/801
f 801/801 56/56 846/846
f 801/801 846/846 800/800
f 800/800 846/846 848/848
f 800/800 848/848 806/806
f 806/806 848/848 850/850
f 806/806 850/850 845/845
f 828/828 853/853 827/827
f 827/827 853/853 854/854
f 827/827 854/854 826/826
f 826/826 854/854 851/851
f 826/826 851/851 802/802
f 802/802 851/851 852/852
f 802/802 852/852 63/63
f 63/63 852/852 801/801
f 63/63 801/801 64/64
f 64/64 801/801 799/799
f 837/837 840/840 836/836
f 836/836 840/840 839/839
f 836/836 839/839 51/51
f 51/51 839/839 855/855
f 51/51 855/855 52/52
f 856/856 857/857 858/858
f 858/858 857/857 859/859
f 858/858 859/859 860/860
f 853/853 861/861 854/854
f 854/854 861/861 862/862
f 854/854 862/862 851/851
f 851/851 862/862 863/863
f 851/851 863/863 54/54
f 54/54 863/863 864/864
f 54/54 864/864 55/55
f 55/55 864/864 865/865
f 55/55 865/865 847/847
f 847/847 865/865 866/866
f 847/847 866/866 849/849
f 849/849 866/866 867/867
f 849/849 867/867 850/850
f 850/850 867/867 868/868
f 850/850 868/868 845/845
f 845/845 868/868 869/869
f 845/845 869/869 842/842
f 842/842 869/869 870/870
f 842/842 870/870 843/843
f 871/871 872/872 873/873
f 873/873 872/872 874/874
f 873/873 874/874 875/875
f 871/871 876/876 872/872
f 872/872 876/876 877/877
f 872/872 877/877 874/874
f 874/874 877/877 878/878
f 874/874 878/878 875/875
f 875/875 878/878 879/879
f 875/875 879/879 880/880
f 880/880 879/879 881/881
f 880/880 881/881 882/882
f 882/882 881/881 883/883
f 882/882 883/883 884/884
f 884/884 883/883 885/885
f 884/884 885/885 886/886
f 886/886 885/885 887/887
f 886/886 887/887 888/888
f 888/888 887/887 889/889
f 888/888 889/889 890/890
f 890/890 889/889 891/891
f 855/855 892/892 52/52
f 52/52 892/892 893/893
f 52/52 893/893 53/53
f 53/53 893/893 894/894
f 53/53 894/894 895/895
f 832/832 838/838 833/833
f 833/833 838/838 840/840
f 833/833 840/840 188/188
f 188/188 840/840 837/837
f 188/188 837/837 186/186
f 186/186 837/837 835/835
f 186/186 835/835 896/896
f 896/896 835/835 51/51
f 896/896 51/51 897/897
f 897/897 51/51 53/53
f 898/898 856/856 899/899
f 899/899 856/856 858/858
f 899/899 858/858 900/900
f 900/900 858/858 860/860
f 900/900 860/860 901/901
f 885/885 902/902 887/887
f 887/887 902/902 903/903
f 887/887 903/903 889/889
f 889/889 903/903 904/904
f 889/889 904/904 891/891
f 891/891 904/904 905/905
f 906/906 905/905 907/907
f 907/907 905/905 904/904
f 907/907 904/904 908/908
f 908/908 904/904 903/903
f 908/908 903/903 909/909
f 909/909 903/903 902/902
f 910/910 911/911 912/912
f 913/913 914/914 915/915
f 915/915 914/914 916/916
f 915/915 916/916 917/917
f 917/917 916/916 918/918
f 917/917 918/918 919/919
f 919/919 918/918 920/920
f 919/919 920/920 921/921
f 921/921 920/920 922/922
f 921/921 922/922 923/923
f 923/923 922/922 187/187
f 923/923 187/187 924/924
f 924/924 187/187 186/186
f 924/924 186/186 923/923
f 923/923 186/186 896/896
f 923/923 896/896 921/921
f 921/921 896/896 897/897
f 921/921 897/897 919/919
f 919/919 897/897 53/53
f 919/919 53/53 917/917
f 917/917 53/53 895/895
f 917/917 895/895 915/915
f 194/194 913/913 196/196
f 196/196 913/913 915/915
f 196/196 915/915 197/197
f 197/197 915/915 895/895
f 197/197 895/895 925/925
f 925/925 895/895 894/894
f 925/925 894/894 926/926
f 926/926 894/894 893/893
f 926/926 893/893 927/927
f 927/927 893/893 892/892
f 927/927 892/892 66/66
f 66/66 892/892 855/855
f 66/66 855/855 58/58
f 58/58 855/855 839/839
f 58/58 839/839 59/59
f 59/59 839/839 838/838
f 59/59 838/838 739/739
f 739/739 838/838 832/832
f 739/739 832/832 738/738
f 738/738 832/832 830/830
f 738/738 830/830 834/834
f 834/834 830/830 129/129
f 834/834 129/129 616/616
f 616/616 129/129 128/128
f 616/616 128/128 617/617
f 617/617 128/128 928/928
f 617/617 928/928 181/181
f 181/181 928/928 929/929
f 181/181 929/929 179/179
f 198/198 193/193 49/49
f 49/49 193/193 195/195
f 49/49 195/195 50/50
f 50/50 195/195 197/197
f 50/50 197/197 930/930
f 930/930 197/197 925/925
f 930/930 925/925 870/870
f 870/870 925/925 926/926
f 870/870 926/926 843/843
f 843/843 926/926 927/927
f 843/843 927/927 791/791
f 791/791 927/927 66/66
f 791/791 66/66 793/793
f 793/793 66/66 57/57
f 793/793 57/57 740/740
f 740/740 57/57 59/59
f 740/740 59/59 741/741
f 741/741 59/59 70/70
f 741/741 70/70 743/743
f 743/743 70/70 72/72
f 743/743 72/72 745/745
f 745/745 72/72 736/736
f 745/745 736/736 747/747
f 747/747 736/736 352/352
f 747/747 352/352 748/748
f 748/748 352/352 351/351
f 748/748 351/351 844/844
f 844/844 351/351 314/314
f 203/203 931/931 201/201
f 201/201 931/931 898/898
f 201/201 898/898 906/906
f 906/906 898/898 899/899
f 906/906 899/899 905/905
f 905/905 899/899 900/900
f 905/905 900/900 891/891
f 891/891 900/900 901/901
f 891/891 901/901 890/890
f 909/909 932/932 908/908
f 908/908 932/932 209/209
f 908/908 209/209 907/907
f 907/907 209/209 207/207
f 907/907 207/207 906/906
f 906/906 207/207 205/205
f 906/906 205/205 201/201
f 201/201 205/205 204/204
f 201/201 204/204 202/202
f 911/911 910/910 933/933
f 933/933 910/910 934/934
f 933/933 934/934 935/935
f 935/935 934/934 936/936
f 935/935 936/936 937/937
f 937/937 936/936 938/938
f 937/937 938/938 939/939
f 210/210 212/212 214/214
f 214/214 212/212 940/940
f 214/214 940/940 215/215
f 215/215 940/940 941/941
f 215/215 941/941 942/942
f 942/942 941/941 943/943
f 942/942 943/943 944/944
f 944/944 943/943 945/945
f 944/944 945/945 946/946
f 912/912 947/947 910/910
f 910/910 947/947 948/948
f 910/910 948/948 934/934
f 934/934 948/948 949/949
f 934/934 949/949 936/936
f 936/936 949/949 950/950
f 936/936 950/950 938/938
f 951/951 952/952 953/953
f 953/953 952/952 954/954
f 953/953 954/954 955/955
f 955/955 954/954 956/956
f 955/955 956/956 957/957
f 912/912 951/951 947/947
f 947/947 951/951 953/953
f 947/947 953/953 958/958
f 958/958 953/953 955/955
f 943/943 959/959 945/945
f 945/945 959/959 960/960
f 945/945 960/960 946/946
f 946/946 960/960 961/961
f 946/946 961/961 962/962
f 817/817 821/821 816/816
f 816/816 821/821 823/823
f 816/816 823/823 815/815
f 815/815 823/823 824/824
f 815/815 824/824 813/813
f 813/813 824/824 825/825
f 61/61 963/963 62/62
f 62/62 963/963 964/964
f 62/62 964/964 825/825
f 825/825 964/964 965/965
f 825/825 965/965 813/813
f 813/813 965/965 876/876
f 813/813 876/876 814/814
f 814/814 876/876 871/871
f 814/814 871/871 808/808
f 963/963 966/966 964/964
f 964/964 966/966 967/967
f 964/964 967/967 965/965
f 965/965 967/967 968/968
f 965/965 968/968 876/876
f 876/876 968/968 957/957
f 876/876 957/957 877/877
f 877/877 957/957 956/956
f 877/877 956/956 878/878
f 878/878 956/956 954/954
f 878/878 954/954 879/879
f 879/879 954/954 952/952
f 879/879 952/952 881/881
f 881/881 952/952 951/951
f 881/881 951/951 883/883
f 883/883 951/951 912/912
f 883/883 912/912 885/885
f 885/885 912/912 911/911
f 885/885 911/911 902/902
f 902/902 911/911 933/933
f 902/902 933/933 909/909
f 909/909 933/933 935/935
f 909/909 935/935 932/932
f 932/932 935/935 937/937
f 932/932 937/937 209/209
f 209/209 937/937 939/939
f 209/209 939/939 208/208
f 208/208 939/939 969/969
f 218/218 219/219 216/216
f 216/216 219/219 221/221
f 216/216 221/221 961/961
f 961/961 221/221 220/220
f 961/961 220/220 962/962
f 969/969 939/939 970/970
f 970/970 939/939 938/938
f 970/970 938/938 213/213
f 213/213 938/938 950/950
f 213/213 950/950 212/212
f 212/212 950/950 949/949
f 212/212 949/949 940/940
f 940/940 949/949 948/948
f 940/940 948/948 941/941
f 941/941 948/948 947/947
f 941/941 947/947 943/943
f 943/943 947/947 958/958
f 943/943 958/958 959/959
f 959/959 958/958 955/955
f 959/959 955/955 960/960
f 960/960 955/955 957/957
f 960/960 957/957 961/961
f 961/961 957/957 968/968
f 961/961 968/968 216/216
f 216/216 968/968 967/967
f 216/216 967/967 217/217
f 217/217 967/967 966/966
f 217/217 966/966 225/225
f 681/681 653/653 682/682
f 682/682 653/653 662/662
f 682/682 662/662 684/684
f 684/684 662/662 663/663
f 684/684 663/663 784/784
f 784/784 663/663 664/664
f 784/784 664/664 820/820
f 820/820 664/664 669/669
f 820/820 669/669 819/819
f 819/819 669/669 685/685
f 819/819 685/685 818/818
f 818/818 685/685 687/687
f 818/818 687/687 817/817
f 817/817 687/687 971/971
f 817/817 971/971 821/821
f 821/821 971/971 972/972
f 821/821 972/972 822/822
f 822/822 972/972 973/973
f 822/822 973/973 60/60
f 60/60 973/973 974/974
f 60/60 974/974 61/61
f 61/61 974/974 975/975
f 61/61 975/975 963/963
f 963/963 975/975 976/976
f 963/963 976/976 966/966
f 966/966 976/976 42/42
f 966/966 42/42 225/225
f 225/225 42/42 44/44
f 46/46 45/45 732/732
f 733/733 977/977 978/978
f 978/978 977/977 45/45
f 978/978 45/45 979/979
f 979/979 45/45 47/47
f 77/77 732/732 45/45
f 77/77 45/45 78/78
f 78/78 45/45 977/977
f 78/78 977/977 727/727
f 727/727 977/977 733/733
f 727/727 733/733 729/729
f 729/729 733/733 735/735
f 729/729 735/735 730/730
f 730/730 735/735 695/695
f 730/730 695/695 714/714
f 714/714 695/695 87/87
f 980/980 981/981 982/982
f 982/982 981/981 983/983
f 984/984 41/41 985/985
f 985/985 41/41 40/40
f 985/985 40/40 986/986
f 987/987 984/984 988/988
f 988/988 984/984 985/985
f 988/988 985/985 989/989
f 989/989 985/985 986/986
f 989/989 986/986 990/990
f 991/991 987/987 992/992
f 992/992 987/987 988/988
f 992/992 988/988 993/993
f 993/993 988/988 989/989
f 993/993 989/989 994/994
f 994/994 989/989 990/990
f 994/994 990/990 995/995
f 35/35 996/996 997/997
f 38/38 998/998 999/999
f 999/999 998/998 1000/1000
f 999/999 1000/1000 1001/1001
f 1002/1002 1003/1003 1004/1004
f 1004/1004 1003/1003 1005/1005
f 1004/1004 1005/1005 1006/1006
f 1006/1006 1005/1005 1007/1007
f 1006/1006 1007/1007 1008/1008
f 38/38 37/37 998/998
f 998/998 37/37 1008/1008
f 998/998 1008/1008 1009/1009
f 1009/1009 1008/1008 1007/1007
f 1009/1009 1007/1007 1010/1010
f 1010/1010 1007/1007 1005/1005
f 1010/1010 1005/1005 1011/1011
f 1011/1011 1005/1005 1003/1003
f 1011/1011 1003/1003 311/311
f 311/311 1003/1003 1002/1002
f 311/311 1002/1002 312/312
f 1012/1012 1013/1013 1014/1014
f 1014/1014 1013/1013 1015/1015
f 1014/1014 1015/1015 1016/1016
f 1016/1016 1015/1015 1017/1017
f 1016/1016 1017/1017 1018/1018
f 36/36 749/749 37/37
f 37/37 749/749 100/100
f 37/37 100/100 1008/1008
f 1008/1008 100/100 99/99
f 1008/1008 99/99 1006/1006
f 1006/1006 99/99 101/101
f 1006/1006 101/101 1004/1004
f 1004/1004 101/101 844/844
f 1004/1004 844/844 1002/1002
f 1002/1002 844/844 314/314
f 1002/1002 314/314 312/312
f 312/312 314/314 316/316
f 312/312 316/316 313/313
f 313/313 316/316 337/337
f 313/313 337/337 318/318
f 318/318 337/337 336/336
f 318/318 336/336 319/319
f 319/319 336/336 335/335
f 319/319 335/335 321/321
f 321/321 335/335 350/350
f 321/321 350/350 325/325
f 325/325 350/350 500/500
f 325/325 500/500 492/492
f 492/492 500/500 625/625
f 492/492 625/625 113/113
f 113/113 625/625 626/626
f 113/113 626/626 111/111
f 111/111 626/626 627/627
f 111/111 627/627 103/103
f 103/103 627/627 628/628
f 103/103 628/628 104/104
f 104/104 628/628 629/629
f 104/104 629/629 550/550
f 550/550 629/629 630/630
f 550/550 630/630 559/559
f 559/559 630/630 583/583
f 559/559 583/583 570/570
f 570/570 583/583 584/584
f 570/570 584/584 571/571
f 571/571 584/584 585/585
f 571/571 585/585 572/572
f 572/572 585/585 587/587
f 572/572 587/587 573/573
f 573/573 587/587 589/589
f 573/573 589/589 574/574
f 574/574 589/589 591/591
f 574/574 591/591 575/575
f 575/575 591/591 593/593
f 575/575 593/593 576/576
f 576/576 593/593 595/595
f 576/576 595/595 577/577
f 577/577 595/595 597/597
f 577/577 597/597 578/578
f 578/578 597/597 1019/1019
f 578/578 1019/1019 144/144
f 144/144 1019/1019 1020/1020
f 144/144 1020/1020 145/145
f 145/145 1020/1020 1021/1021
f 145/145 1021/1021 580/580
f 580/580 1021/1021 1020/1020
f 580/580 1020/1020 579/579
f 579/579 1020/1020 1019/1019
f 579/579 1019/1019 597/597
f 1022/1022 634/634 1012/1012
f 1012/1012 634/634 633/633
f 1012/1012 633/633 1013/1013
f 34/34 33/33 1023/1023
f 1023/1023 33/33 1024/1024
f 1023/1023 1024/1024 1025/1025
f 996/996 35/35 1026/1026
f 1026/1026 35/35 34/34
f 1026/1026 34/34 1027/1027
f 1027/1027 34/34 1023/1023
f 1027/1027 1023/1023 1028/1028
f 1028/1028 1023/1023 1025/1025
f 1028/1028 1025/1025 1029/1029
f 705/705 704/704 1030/1030
f 1030/1030 704/704 709/709
f 1030/1030 709/709 1031/1031
f 1031/1031 709/709 1032/1032
f 1031/1031 1032/1032 1033/1033
f 1033/1033 1032/1032 1034/1034
f 1033/1033 1034/1034 1029/1029
f 31/31 30/30 1035/1035
f 1035/1035 30/30 1036/1036
f 1035/1035 1036/1036 1037/1037
f 1037/1037 1036/1036 1038/1038
f 1037/1037 1038/1038 1039/1039
f 1039/1039 1038/1038 1040/1040
f 1039/1039 1040/1040 1041/1041
f 1041/1041 1040/1040 1042/1042
f 1041/1041 1042/1042 1043/1043
f 654/654 635/635 636/636
f 636/636 635/635 634/634
f 636/636 634/634 637/637
f 637/637 634/634 1022/1022
f 637/637 1022/1022 639/639
f 639/639 1022/1022 1044/1044
f 639/639 1044/1044 98/98
f 98/98 1044/1044 1045/1045
f 98/98 1045/1045 96/96
f 96/96 1045/1045 1046/1046
f 96/96 1046/1046 645/645
f 645/645 1046/1046 1047/1047
f 645/645 1047/1047 643/643
f 643/643 1047/1047 1048/1048
f 643/643 1048/1048 641/641
f 641/641 1048/1048 1049/1049
f 641/641 1049/1049 94/94
f 94/94 1049/1049 1050/1050
f 94/94 1050/1050 688/688
f 1051/1051 1052/1052 1053/1053
f 27/27 29/29 1054/1054
f 1054/1054 29/29 1055/1055
f 1054/1054 1055/1055 1056/1056
f 1056/1056 1055/1055 1057/1057
f 1056/1056 1057/1057 1058/1058
f 1059/1059 1057/1057 1060/1060
f 1060/1060 1057/1057 1055/1055
f 1060/1060 1055/1055 1061/1061
f 1061/1061 1055/1055 29/29
f 1061/1061 29/29 1051/1051
f 1051/1051 29/29 28/28
f 1051/1051 28/28 1052/1052
f 1062/1062 1063/1063 1064/1064
f 1064/1064 1063/1063 1065/1065
f 1064/1064 1065/1065 1066/1066
f 1067/1067 1068/1068 1069/1069
f 1069/1069 1068/1068 1070/1070
f 1069/1069 1070/1070 1071/1071
f 1072/1072 1066/1066 1071/1071
f 1071/1071 1066/1066 1065/1065
f 1071/1071 1065/1065 1069/1069
f 1069/1069 1065/1065 1063/1063
f 1073/1073 1059/1059 1074/1074
f 1074/1074 1059/1059 1060/1060
f 1074/1074 1060/1060 1075/1075
f 1075/1075 1060/1060 1061/1061
f 1075/1075 1061/1061 1076/1076
f 1076/1076 1061/1061 1051/1051
f 1076/1076 1051/1051 1077/1077
f 1077/1077 1051/1051 1053/1053
f 1077/1077 1053/1053 1078/1078
f 1079/1079 1080/1080 1081/1081
f 1081/1081 1080/1080 991/991
f 1081/1081 991/991 1082/1082
f 1082/1082 991/991 992/992
f 1082/1082 992/992 1058/1058
f 1058/1058 992/992 993/993
f 1058/1058 993/993 1056/1056
f 1056/1056 993/993 994/994
f 1056/1056 994/994 1054/1054
f 1054/1054 994/994 995/995
f 1054/1054 995/995 27/27
f 1083/1083 1084/1084 1085/1085
f 1085/1085 1084/1084 1086/1086
f 1085/1085 1086/1086 1087/1087
f 1087/1087 1086/1086 1088/1088
f 1087/1087 1088/1088 1089/1089
f 1090/1090 1091/1091 1092/1092
f 1092/1092 1091/1091 1093/1093
f 1092/1092 1093/1093 1094/1094
f 1094/1094 1093/1093 1095/1095
f 1094/1094 1095/1095 1096/1096
f 1096/1096 1095/1095 1097/1097
f 1096/1096 1097/1097 1098/1098
f 1098/1098 1097/1097 1099/1099
f 1098/1098 1099/1099 1100/1100
f 1100/1100 1099/1099 1101/1101
f 1100/1100 1101/1101 1102/1102
f 1102/1102 1101/1101 1103/1103
f 1102/1102 1103/1103 32/32
f 32/32 1103/1103 1104/1104
f 32/32 1104/1104 30/30
f 30/30 1104/1104 1105/1105
f 30/30 1105/1105 1036/1036
f 1036/1036 1105/1105 1106/1106
f 1036/1036 1106/1106 1038/1038
f 1038/1038 1106/1106 1107/1107
f 1038/1038 1107/1107 1040/1040
f 1040/1040 1107/1107 1108/1108
f 1040/1040 1108/1108 1042/1042
f 1042/1042 1108/1108 1109/1109
f 1042/1042 1109/1109 1043/1043
f 1043/1043 1109/1109 723/723
f 1043/1043 723/723 1110/1110
f 1110/1110 723/723 721/721
f 1111/1111 1112/1112 1113/1113
f 1113/1113 1112/1112 1114/1114
f 1113/1113 1114/1114 1115/1115
f 1115/1115 1114/1114 1116/1116
f 1115/1115 1116/1116 1117/1117
f 1118/1118 1111/1111 1083/1083
f 1083/1083 1111/1111 1113/1113
f 1083/1083 1113/1113 1084/1084
f 1084/1084 1113/1113 1115/1115
f 1084/1084 1115/1115 1086/1086
f 1086/1086 1115/1115 1117/1117
f 1086/1086 1117/1117 1088/1088
f 1119/1119 1120/1120 1121/1121
f 1121/1121 1120/1120 1122/1122
f 1121/1121 1122/1122 1123/1123
f 1123/1123 1122/1122 1124/1124
f 1123/1123 1124/1124 1125/1125
f 1125/1125 1124/1124 1126/1126
f 1125/1125 1126/1126 1127/1127
f 1127/1127 1126/1126 1128/1128
f 1127/1127 1128/1128 1129/1129
f 1129/1129 1128/1128 1130/1130
f 1129/1129 1130/1130 1131/1131
f 1131/1131 1130/1130 1132/1132
f 1131/1131 1132/1132 1133/1133
f 1133/1133 1132/1132 1134/1134
f 1133/1133 1134/1134 1135/1135
f 1135/1135 1134/1134 1136/1136
f 1135/1135 1136/1136 1137/1137
f 1137/1137 1136/1136 1138/1138
f 1137/1137 1138/1138 1139/1139
f 1139/1139 1138/1138 711/711
f 1139/1139 711/711 1140/1140
f 1140/1140 711/711 712/712
f 1140/1140 712/712 1141/1141
f 1141/1141 712/712 713/713
f 1089/1089 26/26 1087/1087
f 1087/1087 26/26 24/24
f 1087/1087 24/24 1085/1085
f 1085/1085 24/24 23/23
f 1085/1085 23/23 1083/1083
f 1083/1083 23/23 1142/1142
f 1083/1083 1142/1142 1118/1118
f 1118/1118 1142/1142 1143/1143
f 1144/1144 1073/1073 1145/1145
f 1145/1145 1073/1073 1074/1074
f 1145/1145 1074/1074 1146/1146
f 1146/1146 1074/1074 1075/1075
f 1146/1146 1075/1075 1147/1147
f 1147/1147 1075/1075 1076/1076
f 1147/1147 1076/1076 1148/1148
f 1148/1148 1076/1076 1077/1077
f 1148/1148 1077/1077 1149/1149
f 1149/1149 1077/1077 1078/1078
f 1149/1149 1078/1078 1150/1150
f 1151/1151 1144/1144 1152/1152
f 1152/1152 1144/1144 1145/1145
f 1152/1152 1145/1145 1153/1153
f 1153/1153 1145/1145 1146/1146
f 1153/1153 1146/1146 1067/1067
f 1067/1067 1146/1146 1147/1147
f 1067/1067 1147/1147 1068/1068
f 1068/1068 1147/1147 1148/1148
f 1068/1068 1148/1148 1070/1070
f 1070/1070 1148/1148 1149/1149
f 1070/1070 1149/1149 1071/1071
f 1071/1071 1149/1149 1150/1150
f 1071/1071 1150/1150 1072/1072
f 1154/1154 1155/1155 1143/1143
f 1143/1143 1155/1155 1156/1156
f 1143/1143 1156/1156 1118/1118
f 1118/1118 1156/1156 1157/1157
f 1118/1118 1157/1157 1111/1111
f 1111/1111 1157/1157 1158/1158
f 1111/1111 1158/1158 1112/1112
f 1112/1112 1158/1158 1159/1159
f 1112/1112 1159/1159 1114/1114
f 1114/1114 1159/1159 1160/1160
f 1114/1114 1160/1160 1116/1116
f 1116/1116 1160/1160 1079/1079
f 1116/1116 1079/1079 1117/1117
f 1117/1117 1079/1079 1081/1081
f 1117/1117 1081/1081 1088/1088
f 1088/1088 1081/1081 1082/1082
f 1088/1088 1082/1082 1089/1089
f 1089/1089 1082/1082 1058/1058
f 1089/1089 1058/1058 26/26
f 26/26 1058/1058 1057/1057
f 26/26 1057/1057 25/25
f 25/25 1057/1057 1059/1059
f 25/25 1059/1059 23/23
f 23/23 1059/1059 1073/1073
f 23/23 1073/1073 1142/1142
f 1142/1142 1073/1073 1144/1144
f 1142/1142 1144/1144 1143/1143
f 1143/1143 1144/1144 1151/1151
f 1143/1143 1151/1151 1154/1154
f 1120/1120 39/39 1122/1122
f 1122/1122 39/39 41/41
f 1122/1122 41/41 1124/1124
f 1124/1124 41/41 984/984
f 1124/1124 984/984 1126/1126
f 1126/1126 984/984 987/987
f 1126/1126 987/987 1128/1128
f 1128/1128 987/987 991/991
f 1128/1128 991/991 1130/1130
f 1130/1130 991/991 1080/1080
f 1130/1130 1080/1080 1132/1132
f 1132/1132 1080/1080 1079/1079
f 1132/1132 1079/1079 1134/1134
f 1134/1134 1079/1079 1160/1160
f 1134/1134 1160/1160 1136/1136
f 1136/1136 1160/1160 1159/1159
f 1136/1136 1159/1159 1138/1138
f 1138/1138 1159/1159 1158/1158
f 1138/1138 1158/1158 711/711
f 711/711 1158/1158 1157/1157
f 711/711 1157/1157 84/84
f 84/84 1157/1157 1156/1156
f 84/84 1156/1156 85/85
f 85/85 1156/1156 1155/1155
f 85/85 1155/1155 710/710
f 710/710 1155/1155 1154/1154
f 710/710 1154/1154 1161/1161
f 1161/1161 1154/1154 1151/1151
f 1161/1161 1151/1151 1162/1162
f 1162/1162 1151/1151 1152/1152
f 1162/1162 1152/1152 1163/1163
f 1163/1163 1152/1152 1153/1153
f 1163/1163 1153/1153 1164/1164
f 1164/1164 1153/1153 1067/1067
f 1164/1164 1067/1067 1165/1165
f 1165/1165 1067/1067 1069/1069
f 982/982 1090/1090 980/980
f 980/980 1090/1090 1092/1092
f 980/980 1092/1092 1166/1166
f 1166/1166 1092/1092 1094/1094
f 1166/1166 1094/1094 997/997
f 997/997 1094/1094 1096/1096
f 997/997 1096/1096 35/35
f 35/35 1096/1096 1098/1098
f 35/35 1098/1098 33/33
f 33/33 1098/1098 1100/1100
f 33/33 1100/1100 1024/1024
f 1024/1024 1100/1100 1102/1102
f 1024/1024 1102/1102 1025/1025
f 1025/1025 1102/1102 32/32
f 1025/1025 32/32 1029/1029
f 1029/1029 32/32 31/31
f 1029/1029 31/31 1033/1033
f 1033/1033 31/31 1035/1035
f 1033/1033 1035/1035 1031/1031
f 1031/1031 1035/1035 1037/1037
f 1031/1031 1037/1037 1030/1030
f 1030/1030 1037/1037 1039/1039
f 1030/1030 1039/1039 705/705
f 705/705 1039/1039 1041/1041
f 705/705 1041/1041 706/706
f 706/706 1041/1041 1043/1043
f 706/706 1043/1043 708/708
f 708/708 1043/1043 1110/1110
f 708/708 1110/1110 707/707
f 707/707 1110/1110 721/721
f 707/707 721/721 81/81
f 81/81 721/721 719/719
f 81/81 719/719 79/79
f 79/79 719/719 717/717
f 79/79 717/717 676/676
f 676/676 717/717 715/715
f 228/228 1167/1167 1168/1168
f 1168/1168 1167/1167 1169/1169
f 1170/1170 1171/1171 1172/1172
f 1173/1173 1174/1174 1172/1172
f 1172/1172 1174/1174 1175/1175
f 1172/1172 1175/1175 1170/1170
f 1176/1176 1177/1177 1178/1178
f 1178/1178 1177/1177 1179/1179
f 1178/1178 1179/1179 1180/1180
f 1181/1181 1182/1182 17/17
f 17/17 1182/1182 1183/1183
f 1180/1180 1173/1173 1178/1178
f 1178/1178 1173/1173 1172/1172
f 1178/1178 1172/1172 1176/1176
f 1176/1176 1172/1172 1171/1171
f 1176/1176 1171/1171 1184/1184
f 1184/1184 1171/1171 1185/1185
f 1184/1184 1185/1185 1186/1186
f 1187/1187 21/21 1188/1188
f 1188/1188 21/21 20/20
f 1188/1188 20/20 1189/1189
f 1187/1187 1190/1190 21/21
f 21/21 1190/1190 1191/1191
f 21/21 1191/1191 22/22
f 22/22 1191/1191 1192/1192
f 22/22 1192/1192 1193/1193
f 1193/1193 1192/1192 1194/1194
f 1193/1193 1194/1194 1195/1195
f 1195/1195 1194/1194 1196/1196
f 1197/1197 1198/1198 1199/1199
f 1199/1199 1198/1198 1200/1200
f 1199/1199 1200/1200 1201/1201
f 1201/1201 1200/1200 1202/1202
f 1201/1201 1202/1202 1203/1203
f 1203/1203 1202/1202 1204/1204
f 1203/1203 1204/1204 1205/1205
f 1205/1205 1204/1204 1206/1206
f 1205/1205 1206/1206 1207/1207
f 1207/1207 1206/1206 1208/1208
f 1207/1207 1208/1208 1018/1018
f 1018/1018 1208/1208 1209/1209
f 1018/1018 1209/1209 1016/1016
f 1016/1016 1209/1209 1210/1210
f 1016/1016 1210/1210 1014/1014
f 1014/1014 1210/1210 1211/1211
f 1014/1014 1211/1211 1012/1012
f 1200/1200 983/983 1202/1202
f 1202/1202 983/983 981/981
f 1202/1202 981/981 1204/1204
f 1204/1204 981/981 980/980
f 1204/1204 980/980 1206/1206
f 1206/1206 980/980 1166/1166
f 1206/1206 1166/1166 1208/1208
f 1208/1208 1166/1166 997/997
f 1208/1208 997/997 1209/1209
f 1209/1209 997/997 996/996
f 1209/1209 996/996 1210/1210
f 1210/1210 996/996 1026/1026
f 1210/1210 1026/1026 1211/1211
f 1211/1211 1026/1026 1027/1027
f 1211/1211 1027/1027 1012/1012
f 1012/1012 1027/1027 1028/1028
f 1012/1012 1028/1028 1022/1022
f 1022/1022 1028/1028 1029/1029
f 1022/1022 1029/1029 1044/1044
f 1044/1044 1029/1029 1034/1034
f 1044/1044 1034/1034 1045/1045
f 1045/1045 1034/1034 1032/1032
f 1045/1045 1032/1032 1046/1046
f 1046/1046 1032/1032 709/709
f 1046/1046 709/709 1047/1047
f 1047/1047 709/709 649/649
f 1047/1047 649/649 1048/1048
f 1048/1048 649/649 647/647
f 1048/1048 647/647 1049/1049
f 1049/1049 647/647 646/646
f 1049/1049 646/646 1050/1050
f 1050/1050 646/646 703/703
f 1050/1050 703/703 688/688
f 688/688 703/703 701/701
f 688/688 701/701 689/689
f 689/689 701/701 677/677
f 689/689 677/677 690/690
f 690/690 677/677 676/676
f 690/690 676/676 691/691
f 691/691 676/676 715/715
f 691/691 715/715 692/692
f 692/692 715/715 714/714
f 692/692 714/714 693/693
f 693/693 714/714 87/87
f 693/693 87/87 694/694
f 694/694 87/87 89/89
f 694/694 89/89 686/686
f 686/686 89/89 700/700
f 686/686 700/700 687/687
f 687/687 700/700 699/699
f 687/687 699/699 971/971
f 971/971 699/699 697/697
f 971/971 697/697 972/972
f 972/972 697/697 696/696
f 972/972 696/696 973/973
f 973/973 696/696 734/734
f 973/973 734/734 974/974
f 974/974 734/734 733/733
f 974/974 733/733 975/975
f 975/975 733/733 978/978
f 975/975 978/978 976/976
f 976/976 978/978 979/979
f 976/976 979/979 42/42
f 42/42 979/979 47/47
f 42/42 47/47 43/43
f 1212/1212 1213/1213 1214/1214
f 1214/1214 1213/1213 1215/1215
f 1214/1214 1215/1215 1216/1216
f 1217/1217 1212/1212 1218/1218
f 1218/1218 1212/1212 1214/1214
f 1218/1218 1214/1214 1219/1219
f 1219/1219 1214/1214 1216/1216
f 1219/1219 1216/1216 1220/1220
f 1221/1221 1222/1222 1223/1223
f 1224/1224 1225/1225 1226/1226
f 1225/1225 1224/1224 1227/1227
f 1228/1228 1229/1229 1230/1230
f 1230/1230 1229/1229 1231/1231
f 1230/1230 1231/1231 1232/1232
f 1232/1232 1231/1231 1233/1233
f 1232/1232 1233/1233 1234/1234
f 1234/1234 1233/1233 1235/1235
f 1234/1234 1235/1235 1236/1236
f 1237/1237 1238/1238 1239/1239
f 1239/1239 1238/1238 1240/1240
f 1239/1239 1240/1240 1241/1241
f 1241/1241 1240/1240 1242/1242
f 1241/1241 1242/1242 1236/1236
f 1236/1236 1242/1242 1243/1243
f 1236/1236 1243/1243 1234/1234
f 1234/1234 1243/1243 1244/1244
f 1234/1234 1244/1244 1232/1232
f 1232/1232 1244/1244 1245/1245
f 1232/1232 1245/1245 1230/1230
f 1230/1230 1245/1245 1246/1246
f 1230/1230 1246/1246 1228/1228
f 1228/1228 1246/1246 1247/1247
f 1170/1170 1237/1237 1171/1171
f 1171/1171 1237/1237 1239/1239
f 1171/1171 1239/1239 1185/1185
f 1185/1185 1239/1239 1241/1241
f 1185/1185 1241/1241 1186/1186
f 1186/1186 1241/1241 1236/1236
f 1186/1186 1236/1236 1248/1248
f 1248/1248 1236/1236 1235/1235
f 1248/1248 1235/1235 1249/1249
f 1249/1249 1235/1235 1233/1233
f 1249/1249 1233/1233 1250/1250
f 1250/1250 1233/1233 1231/1231
f 1250/1250 1231/1231 1251/1251
f 1251/1251 1231/1231 1229/1229
f 1190/1190 1197/1197 1191/1191
f 1191/1191 1197/1197 1199/1199
f 1191/1191 1199/1199 1192/1192
f 1192/1192 1199/1199 1201/1201
f 1192/1192 1201/1201 1194/1194
f 1194/1194 1201/1201 1203/1203
f 1194/1194 1203/1203 1196/1196
f 1196/1196 1203/1203 1205/1205
f 1196/1196 1205/1205 1252/1252
f 1252/1252 1205/1205 1207/1207
f 1252/1252 1207/1207 1001/1001
f 1001/1001 1207/1207 1018/1018
f 1001/1001 1018/1018 999/999
f 999/999 1018/1018 1017/1017
f 999/999 1017/1017 38/38
f 38/38 1017/1017 1015/1015
f 38/38 1015/1015 36/36
f 36/36 1015/1015 1013/1013
f 36/36 1013/1013 749/749
f 749/749 1013/1013 633/633
f 749/749 633/633 658/658
f 658/658 633/633 635/635
f 658/658 635/635 659/659
f 659/659 635/635 654/654
f 659/659 654/654 661/661
f 661/661 654/654 653/653
f 661/661 653/653 680/680
f 680/680 653/653 681/681
f 680/680 681/681 764/764
f 764/764 681/681 683/683
f 764/764 683/683 762/762
f 762/762 683/683 781/781
f 762/762 781/781 68/68
f 68/68 781/781 779/779
f 68/68 779/779 69/69
f 69/69 779/779 777/777
f 69/69 777/777 799/799
f 799/799 777/777 776/776
f 799/799 776/776 64/64
f 64/64 776/776 786/786
f 64/64 786/786 65/65
f 65/65 786/786 785/785
f 65/65 785/785 809/809
f 809/809 785/785 807/807
f 809/809 807/807 811/811
f 811/811 807/807 808/808
f 811/811 808/808 812/812
f 812/812 808/808 871/871
f 812/812 871/871 828/828
f 828/828 871/871 873/873
f 828/828 873/873 853/853
f 853/853 873/873 875/875
f 853/853 875/875 861/861
f 861/861 875/875 880/880
f 861/861 880/880 862/862
f 862/862 880/880 882/882
f 862/862 882/882 863/863
f 863/863 882/882 884/884
f 863/863 884/884 864/864
f 864/864 884/884 886/886
f 864/864 886/886 865/865
f 865/865 886/886 888/888
f 865/865 888/888 866/866
f 866/866 888/888 890/890
f 866/866 890/890 867/867
f 867/867 890/890 901/901
f 867/867 901/901 868/868
f 868/868 901/901 860/860
f 868/868 860/860 869/869
f 869/869 860/860 859/859
f 869/869 859/859 870/870
f 870/870 859/859 857/857
f 870/870 857/857 930/930
f 930/930 857/857 856/856
f 930/930 856/856 50/50
f 50/50 856/856 898/898
f 50/50 898/898 48/48
f 48/48 898/898 931/931
f 48/48 931/931 200/200
f 200/200 931/931 203/203
f 1183/1183 1253/1253 17/17
f 17/17 1253/1253 1254/1254
f 17/17 1254/1254 18/18
f 228/228 1255/1255 229/229
f 229/229 1255/1255 1256/1256
f 229/229 1256/1256 233/233
f 233/233 1256/1256 1257/1257
f 233/233 1257/1257 236/236
f 236/236 1257/1257 1258/1258
f 236/236 1258/1258 238/238
f 238/238 1258/1258 1259/1259
f 238/238 1259/1259 240/240
f 228/228 1168/1168 1255/1255
f 1255/1255 1168/1168 1260/1260
f 1255/1255 1260/1260 1256/1256
f 1256/1256 1260/1260 1261/1261
f 1256/1256 1261/1261 1257/1257
f 1257/1257 1261/1261 1262/1262
f 1257/1257 1262/1262 1258/1258
f 1258/1258 1262/1262 1263/1263
f 1258/1258 1263/1263 1259/1259
f 1259/1259 1263/1263 125/125
f 1259/1259 125/125 240/240
f 240/240 125/125 124/124
f 240/240 124/124 241/241
f 1181/1181 1264/1264 1265/1265
f 1265/1265 1264/1264 1266/1266
f 1265/1265 1266/1266 1267/1267
f 1267/1267 1266/1266 1268/1268
f 272/272 1269/1269 1270/1270
f 1270/1270 1269/1269 1271/1271
f 1270/1270 1271/1271 1272/1272
f 1272/1272 1271/1271 1273/1273
f 1272/1272 1273/1273 1274/1274
f 1274/1274 1273/1273 1275/1275
f 1274/1274 1275/1275 1179/1179
f 1179/1179 1275/1275 1276/1276
f 1179/1179 1276/1276 1180/1180
f 1180/1180 1276/1276 1277/1277
f 1180/1180 1277/1277 1173/1173
f 1173/1173 1277/1277 1278/1278
f 1173/1173 1278/1278 1174/1174
f 254/254 244/244 255/255
f 255/255 244/244 243/243
f 255/255 243/243 262/262
f 262/262 243/243 126/126
f 262/262 126/126 272/272
f 272/272 126/126 125/125
f 272/272 125/125 1269/1269
f 1269/1269 125/125 1263/1263
f 1269/1269 1263/1263 1271/1271
f 1271/1271 1263/1263 1262/1262
f 1271/1271 1262/1262 1273/1273
f 1273/1273 1262/1262 1261/1261
f 1273/1273 1261/1261 1275/1275
f 1275/1275 1261/1261 1260/1260
f 1275/1275 1260/1260 1276/1276
f 1276/1276 1260/1260 1168/1168
f 1276/1276 1168/1168 1277/1277
f 1277/1277 1168/1168 1169/1169
f 1277/1277 1169/1169 1278/1278
f 1/1 1268/1268 16/16
f 16/16 1268/1268 1266/1266
f 16/16 1266/1266 1279/1279
f 1279/1279 1266/1266 1264/1264
f 13/13 15/15 1280/1280
f 1182/1182 1217/1217 1183/1183
f 1183/1183 1217/1217 1218/1218
f 1183/1183 1218/1218 1253/1253
f 1253/1253 1218/1218 1219/1219
f 1253/1253 1219/1219 1254/1254
f 1254/1254 1219/1219 1220/1220
f 1254/1254 1220/1220 18/18
f 18/18 1220/1220 1281/1281
f 18/18 1281/1281 19/19
f 1227/1227 1282/1282 1283/1283
f 1227/1227 1283/1283 1225/1225
f 1225/1225 1283/1283 1284/1284
f 1225/1225 1284/1284 1226/1226
f 1281/1281 1285/1285 19/19
f 19/19 1285/1285 1286/1286
f 19/19 1286/1286 1287/1287
f 1288/1288 10/10 1289/1289
f 1289/1289 10/10 12/12
f 1289/1289 12/12 1290/1290
f 1290/1290 12/12 1291/1291
f 1290/1290 1291/1291 1292/1292
f 1292/1292 1291/1291 1293/1293
f 1292/1292 1293/1293 1294/1294
f 1294/1294 1293/1293 1295/1295
f 1215/1215 1221/1221 1216/1216
f 1216/1216 1221/1221 1223/1223
f 1216/1216 1223/1223 1220/1220
f 1220/1220 1223/1223 1296/1296
f 1220/1220 1296/1296 1281/1281
f 1281/1281 1296/1296 1297/1297
f 1281/1281 1297/1297 1285/1285
f 1285/1285 1297/1297 1298/1298
f 1285/1285 1298/1298 1286/1286
f 1286/1286 1298/1298 1299/1299
f 1286/1286 1299/1299 1287/1287
f 1287/1287 1299/1299 1300/1300
f 1287/1287 1300/1300 1301/1301
f 1301/1301 1300/1300 1302/1302
f 1301/1301 1302/1302 1303/1303
f 1303/1303 1302/1302 1304/1304
f 1303/1303 1304/1304 1305/1305
f 1305/1305 1304/1304 1306/1306
f 15/15 1307/1307 1280/1280
f 1280/1280 1307/1307 1308/1308
f 1280/1280 1308/1308 1309/1309
f 1309/1309 1308/1308 1310/1310
f 1309/1309 1310/1310 1311/1311
f 1311/1311 1310/1310 1312/1312
f 1311/1311 1312/1312 1313/1313
f 1313/1313 1312/1312 1314/1314
f 1313/1313 1314/1314 1315/1315
f 1315/1315 1314/1314 1316/1316
f 1315/1315 1316/1316 1317/1317
f 1317/1317 1316/1316 1318/1318
f 1222/1222 15/15 1223/1223
f 1223/1223 15/15 14/14
f 1223/1223 14/14 1296/1296
f 1296/1296 14/14 13/13
f 1296/1296 13/13 1297/1297
f 1297/1297 13/13 1280/1280
f 1297/1297 1280/1280 1298/1298
f 1298/1298 1280/1280 1309/1309
f 1298/1298 1309/1309 1299/1299
f 1299/1299 1309/1309 1311/1311
f 1299/1299 1311/1311 1300/1300
f 1300/1300 1311/1311 1313/1313
f 1300/1300 1313/1313 1302/1302
f 1302/1302 1313/1313 1315/1315
f 1302/1302 1315/1315 1304/1304
f 1304/1304 1315/1315 1317/1317
f 1304/1304 1317/1317 1306/1306
f 1306/1306 1317/1317 1318/1318
f 1306/1306 1318/1318 1319/1319
f 1181/1181 17/17 1264/1264
f 1264/1264 17/17 19/19
f 1264/1264 19/19 1279/1279
f 1279/1279 19/19 1287/1287
f 1279/1279 1287/1287 16/16
f 16/16 1287/1287 1301/1301
f 16/16 1301/1301 2/2
f 2/2 1301/1301 1303/1303
f 2/2 1303/1303 3/3
f 3/3 1303/1303 1305/1305
f 3/3 1305/1305 1320/1320
f 1320/1320 1305/1305 1306/1306
f 1320/1320 1306/1306 1321/1321
f 1321/1321 1306/1306 1319/1319
f 1321/1321 1319/1319 1322/1322
f 1322/1322 1319/1319 1323/1323
f 1322/1322 1323/1323 1324/1324
f 1283/1283 1325/1325 1284/1284
f 1284/1284 1325/1325 1326/1326
f 1284/1284 1326/1326 1327/1327
f 1327/1327 1326/1326 1328/1328
f 1327/1327 1328/1328 1329/1329
f 1329/1329 1328/1328 1330/1330
f 1329/1329 1330/1330 1331/1331
f 1331/1331 1330/1330 1332/1332
f 1333/1333 1334/1334 1335/1335
f 1335/1335 1334/1334 1336/1336
f 1335/1335 1336/1336 1337/1337
f 1337/1337 1336/1336 1338/1338
f 1337/1337 1338/1338 1339/1339
f 1339/1339 1338/1338 1340/1340
f 1339/1339 1340/1340 1341/1341
f 1341/1341 1340/1340 1342/1342
f 1341/1341 1342/1342 1343/1343
f 1282/1282 1343/1343 1283/1283
f 1283/1283 1343/1343 1342/1342
f 1283/1283 1342/1342 1325/1325
f 1325/1325 1342/1342 1340/1340
f 1325/1325 1340/1340 1326/1326
f 1326/1326 1340/1340 1338/1338
f 1326/1326 1338/1338 1328/1328
f 1328/1328 1338/1338 1336/1336
f 1328/1328 1336/1336 1330/1330
f 1330/1330 1336/1336 1334/1334
f 1330/1330 1334/1334 1332/1332
f 1332/1332 1334/1334 1333/1333
f 1332/1332 1333/1333 296/296
f 282/282 1344/1344 280/280
f 280/280 1344/1344 1345/1345
f 280/280 1345/1345 278/278
f 278/278 1345/1345 1346/1346
f 278/278 1346/1346 276/276
f 276/276 1346/1346 1347/1347
f 276/276 1347/1347 1348/1348
f 1348/1348 1347/1347 1349/1349
f 1348/1348 1349/1349 1350/1350
f 1350/1350 1349/1349 1351/1351
f 1350/1350 1351/1351 1295/1295
f 1295/1295 1351/1351 1352/1352
f 1295/1295 1352/1352 1294/1294
f 1294/1294 1352/1352 1251/1251
f 1294/1294 1251/1251 1292/1292
f 1292/1292 1251/1251 1229/1229
f 1292/1292 1229/1229 1290/1290
f 1290/1290 1229/1229 1228/1228
f 1290/1290 1228/1228 1289/1289
f 1289/1289 1228/1228 1247/1247
f 1289/1289 1247/1247 1288/1288
f 441/441 1324/1324 442/442
f 442/442 1324/1324 1323/1323
f 442/442 1323/1323 299/299
f 299/299 1323/1323 1319/1319
f 299/299 1319/1319 298/298
f 298/298 1319/1319 1318/1318
f 298/298 1318/1318 297/297
f 297/297 1318/1318 1316/1316
f 297/297 1316/1316 296/296
f 296/296 1316/1316 1314/1314
f 296/296 1314/1314 1332/1332
f 1332/1332 1314/1314 1312/1312
f 1332/1332 1312/1312 1331/1331
f 1331/1331 1312/1312 1310/1310
f 1331/1331 1310/1310 1329/1329
f 1329/1329 1310/1310 1308/1308
f 1329/1329 1308/1308 1327/1327
f 1327/1327 1308/1308 1307/1307
f 1327/1327 1307/1307 1284/1284
f 1284/1284 1307/1307 15/15
f 1284/1284 15/15 1226/1226
f 1226/1226 15/15 1222/1222
f 1226/1226 1222/1222 1224/1224
f 1224/1224 1222/1222 1221/1221
f 1224/1224 1221/1221 1353/1353
f 1353/1353 1221/1221 1215/1215
f 1353/1353 1215/1215 1354/1354
f 1354/1354 1215/1215 1213/1213
f 1355/1355 1356/1356 1357/1357
f 1357/1357 1356/1356 1358/1358
f 1357/1357 1358/1358 1359/1359
f 1359/1359 1358/1358 1360/1360
f 1359/1359 1360/1360 1361/1361
f 1361/1361 1360/1360 1362/1362
f 1361/1361 1362/1362 1363/1363
f 6/6 5/5 305/305
f 305/305 5/5 7/7
f 305/305 7/7 307/307
f 307/307 7/7 9/9
f 307/307 9/9 308/308
f 1355/1355 1357/1357 1364/1364
f 1364/1364 1357/1357 1359/1359
f 1364/1364 1359/1359 1365/1365
f 1365/1365 1359/1359 1361/1361
f 1365/1365 1361/1361 8/8
f 8/8 1361/1361 1363/1363
f 8/8 1363/1363 9/9
f 456/456 454/454 451/451
f 451/451 454/454 455/455
f 451/451 455/455 449/449
f 449/449 455/455 439/439
f 449/449 439/439 1366/1366
f 1366/1366 439/439 438/438
f 1366/1366 438/438 1367/1367
f 1367/1367 438/438 437/437
f 1367/1367 437/437 1368/1368
f 1368/1368 437/437 436/436
f 1368/1368 436/436 1369/1369
f 1369/1369 436/436 435/435
f 1369/1369 435/435 1370/1370
f 1370/1370 435/435 434/434
f 1370/1370 434/434 1371/1371
f 1371/1371 434/434 433/433
f 1371/1371 433/433 468/468
f 468/468 433/433 432/432
f 468/468 432/432 467/467
f 467/467 432/432 431/431
f 467/467 431/431 465/465
f 465/465 431/431 430/430
f 465/465 430/430 463/463
f 463/463 430/430 429/429
f 463/463 429/429 309/309
f 309/309 429/429 302/302
f 309/309 302/302 310/310
f 310/310 302/302 303/303
f 310/310 303/303 6/6
f 6/6 303/303 275/275
f 6/6 275/275 4/4
f 1238/1238 1372/1372 1240/1240
f 1240/1240 1372/1372 1373/1373
f 1240/1240 1373/1373 1242/1242
f 1242/1242 1373/1373 1374/1374
f 1242/1242 1374/1374 1243/1243
f 1243/1243 1374/1374 1375/1375
f 1243/1243 1375/1375 1244/1244
f 1244/1244 1375/1375 1376/1376
f 1244/1244 1376/1376 1245/1245
f 1245/1245 1376/1376 1377/1377
f 1245/1245 1377/1377 1246/1246
f 1246/1246 1377/1377 1378/1378
f 1246/1246 1378/1378 1247/1247
f 1247/1247 1378/1378 1379/1379
f 1247/1247 1379/1379 1288/1288
f 1288/1288 1379/1379 1380/1380
f 1288/1288 1380/1380 10/10
f 10/10 1380/1380 1381/1381
f 10/10 1381/1381 11/11
f 131/131 263/263 132/132
f 132/132 263/263 264/264
f 132/132 264/264 440/440
f 440/440 264/264 265/265
f 440/440 265/265 441/441
f 441/441 265/265 266/266
f 441/441 266/266 1324/1324
f 1324/1324 266/266 267/267
f 1324/1324 267/267 1322/1322
f 1322/1322 267/267 268/268
f 1322/1322 268/268 1321/1321
f 1321/1321 268/268 269/269
f 1321/1321 269/269 1320/1320
f 1320/1320 269/269 270/270
f 1320/1320 270/270 3/3
f 3/3 270/270 271/271
f 3/3 271/271 1/1
f 1/1 271/271 272/272
f 1/1 272/272 1268/1268
f 1268/1268 272/272 1270/1270
f 1268/1268 1270/1270 1267/1267
f 1267/1267 1270/1270 1272/1272
f 1267/1267 1272/1272 1265/1265
f 1265/1265 1272/1272 1274/1274
f 1265/1265 1274/1274 1181/1181
f 1181/1181 1274/1274 1179/1179
f 1181/1181 1179/1179 1182/1182
f 1182/1182 1179/1179 1177/1177
f 1182/1182 1177/1177 1217/1217
f 1217/1217 1177/1177 1176/1176
f 1217/1217 1176/1176 1212/1212
f 1212/1212 1176/1176 1184/1184
f 1212/1212 1184/1184 1213/1213
f 1213/1213 1184/1184 1186/1186
f 1213/1213 1186/1186 1354/1354
f 1354/1354 1186/1186 1248/1248
f 1354/1354 1248/1248 1353/1353
f 1353/1353 1248/1248 1249/1249
f 1353/1353 1249/1249 1224/1224
f 1224/1224 1249/1249 1250/1250
f 1224/1224 1250/1250 1227/1227
f 1227/1227 1250/1250 1251/1251
f 1227/1227 1251/1251 1282/1282
f 1282/1282 1251/1251 1352/1352
f 1282/1282 1352/1352 1343/1343
f 1343/1343 1352/1352 1351/1351
f 1343/1343 1351/1351 1341/1341
f 1341/1341 1351/1351 1349/1349
f 1341/1341 1349/1349 1339/1339
f 1339/1339 1349/1349 1347/1347
f 1339/1339 1347/1347 1337/1337
f 1337/1337 1347/1347 1346/1346
f 1337/1337 1346/1346 1335/1335
f 1335/1335 1346/1346 1345/1345
f 1335/1335 1345/1345 1333/1333
f 1333/1333 1345/1345 1344/1344
f 1333/1333 1344/1344 296/296
f 296/296 1344/1344 282/282
f 296/296 282/282 291/291
f 291/291 282/282 283/283
f 291/291 283/283 290/290
f 290/290 283/283 287/287
f 290/290 287/287 378/378
f 378/378 287/287 292/292
f 378/378 292/292 379/379
f 1372/1372 1382/1382 1373/1373
f 1373/1373 1382/1382 1383/1383
f 1373/1373 1383/1383 1374/1374
f 1374/1374 1383/1383 1384/1384
f 1374/1374 1384/1384 1375/1375
f 1375/1375 1384/1384 1385/1385
f 1375/1375 1385/1385 1376/1376
f 1376/1376 1385/1385 1386/1386
f 1376/1376 1386/1386 1377/1377
f 1377/1377 1386/1386 1387/1387
f 1377/1377 1387/1387 1378/1378
f 1378/1378 1387/1387 1388/1388
f 1378/1378 1388/1388 1379/1379
f 1379/1379 1388/1388 1389/1389
f 1379/1379 1389/1389 1380/1380
f 1380/1380 1389/1389 1355/1355
f 1380/1380 1355/1355 1381/1381
f 1381/1381 1355/1355 1364/1364
f 1381/1381 1364/1364 11/11
f 11/11 1364/1364 1365/1365
f 11/11 1365/1365 12/12
f 12/12 1365/1365 8/8
f 12/12 8/8 1291/1291
f 1291/1291 8/8 7/7
f 1291/1291 7/7 1293/1293
f 1293/1293 7/7 5/5
f 1293/1293 5/5 1295/1295
f 1295/1295 5/5 4/4
f 1295/1295 4/4 1350/1350
f 1350/1350 4/4 275/275
f 1350/1350 275/275 1348/1348
f 1348/1348 275/275 274/274
f 1348/1348 274/274 276/276
f 276/276 274/274 353/353
f 276/276 353/353 277/277
f 277/277 353/353 355/355
f 277/277 355/355 284/284
f 284/284 355/355 357/357
f 284/284 357/357 295/295
f 295/295 357/357 359/359
f 295/295 359/359 294/294
f 294/294 359/359 361/361
f 294/294 361/361 293/293
f 293/293 361/361 363/363
f 293/293 363/363 292/292
f 292/292 363/363 365/365
f 292/292 365/365 379/379
f 379/379 365/365 367/367
f 379/379 367/367 380/380
f 380/380 367/367 369/369
f 380/380 369/369 381/381
f 381/381 369/369 371/371
f 381/381 371/371 372/372
f 372/372 371/371 382/382
f 372/372 382/382 443/443
f 443/443 382/382 384/384
f 443/443 384/384 444/444
f 444/444 384/384 119/119
f 444/444 119/119 445/445
f 445/445 119/119 118/118
f 445/445 118/118 446/446
f 446/446 118/118 458/458
f 446/446 458/458 447/447
f 447/447 458/458 461/461
f 447/447 461/461 448/448
f 1198/1198 1390/1390 1200/1200
f 1200/1200 1390/1390 1391/1391
f 1200/1200 1391/1391 983/983
f 983/983 1391/1391 1392/1392
f 983/983 1392/1392 982/982
f 982/982 1392/1392 1393/1393
f 982/982 1393/1393 1090/1090
f 1090/1090 1393/1393 1394/1394
f 1090/1090 1394/1394 1091/1091
f 1091/1091 1394/1394 1119/1119
f 1091/1091 1119/1119 1093/1093
f 1093/1093 1119/1119 1121/1121
f 1093/1093 1121/1121 1095/1095
f 1095/1095 1121/1121 1123/1123
f 1095/1095 1123/1123 1097/1097
f 1097/1097 1123/1123 1125/1125
f 1097/1097 1125/1125 1099/1099
f 1099/1099 1125/1125 1127/1127
f 1099/1099 1127/1127 1101/1101
f 1101/1101 1127/1127 1129/1129
f 1101/1101 1129/1129 1103/1103
f 1103/1103 1129/1129 1131/1131
f 1103/1103 1131/1131 1104/1104
f 1104/1104 1131/1131 1133/1133
f 1104/1104 1133/1133 1105/1105
f 1105/1105 1133/1133 1135/1135
f 1105/1105 1135/1135 1106/1106
f 1106/1106 1135/1135 1137/1137
f 1106/1106 1137/1137 1107/1107
f 1107/1107 1137/1137 1139/1139
f 1107/1107 1139/1139 1108/1108
f 1108/1108 1139/1139 1140/1140
f 1108/1108 1140/1140 1109/1109
f 1109/1109 1140/1140 1141/1141
f 1109/1109 1141/1141 723/723
f 723/723 1141/1141 713/713
f 723/723 713/713 83/83
f 83/83 713/713 710/710
f 83/83 710/710 82/82
f 82/82 710/710 1161/1161
f 82/82 1161/1161 1395/1395
f 1395/1395 1161/1161 1162/1162
f 1395/1395 1162/1162 1396/1396
f 1396/1396 1162/1162 1163/1163
f 1396/1396 1163/1163 1397/1397
f 1397/1397 1163/1163 1164/1164
f 1397/1397 1164/1164 1398/1398
f 1398/1398 1164/1164 1165/1165
f 1398/1398 1165/1165 1399/1399
f 1399/1399 1165/1165 1069/1069
f 1399/1399 1069/1069 1400/1400
f 1400/1400 1069/1069 1063/1063
f 1382/1382 1189/1189 1383/1383
f 1383/1383 1189/1189 20/20
f 1383/1383 20/20 1384/1384
f 1384/1384 20/20 22/22
f 1384/1384 22/22 1385/1385
f 1385/1385 22/22 1193/1193
f 1385/1385 1193/1193 1386/1386
f 1386/1386 1193/1193 1195/1195
f 1386/1386 1195/1195 1387/1387
f 1387/1387 1195/1195 1196/1196
f 1387/1387 1196/1196 1388/1388
f 1388/1388 1196/1196 1252/1252
f 1388/1388 1252/1252 1389/1389
f 1389/1389 1252/1252 1001/1001
f 1389/1389 1001/1001 1355/1355
f 1355/1355 1001/1001 1000/1000
f 1355/1355 1000/1000 1356/1356
f 1356/1356 1000/1000 998/998
f 1356/1356 998/998 1358/1358
f 1358/1358 998/998 1009/1009
f 1358/1358 1009/1009 1360/1360
f 1360/1360 1009/1009 1010/1010
f 1360/1360 1010/1010 1362/1362
f 1362/1362 1010/1010 1011/1011
f 1362/1362 1011/1011 1363/1363
f 1363/1363 1011/1011 311/311
f 1363/1363 311/311 9/9
f 9/9 311/311 317/317
f 9/9 317/317 308/308
f 308/308 317/317 319/319
f 308/308 319/319 306/306
f 306/306 319/319 320/320
f 306/306 320/320 304/304
f 304/304 320/320 327/327
f 304/304 327/327 309/309
f 309/309 327/327 330/330
f 309/309 330/330 462/462
f 462/462 330/330 323/323
f 462/462 323/323 464/464
f 464/464 323/323 322/322
f 464/464 322/322 466/466
f 466/466 322/322 474/474
f 466/466 474/474 468/468
f 468/468 474/474 472/472
f 468/468 472/472 1371/1371
f 1371/1371 472/472 470/470
f 1371/1371 470/470 1370/1370
f 1370/1370 470/470 479/479
f 1370/1370 479/479 1369/1369
f 1369/1369 479/479 478/478
f 1369/1369 478/478 1368/1368
f 1368/1368 478/478 480/480
f 1368/1368 480/480 1367/1367
f 1367/1367 480/480 483/483
f 1367/1367 483/483 1366/1366
f 1366/1366 483/483 487/487
f 1366/1366 487/487 449/449
f 449/449 487/487 518/518
f 449/449 518/518 450/450
f 450/450 518/518 106/106
f 450/450 106/106 456/456
f 456/456 106/106 105/105
f 456/456 105/105 457/457
f 457/457 105/105 529/529
f 457/457 529/529 460/460
f 460/460 529/529 144/144
f 460/460 144/144 461/461
f 461/461 144/144 146/146
f 461/461 146/146 448/448
f 1401/1401 1402/1402 1403/1403
f 1404/1404 1405/1405 1406/1406
f 1407/1407 1408/1408 1409/1409
f 1410/1410 1411/1411 1412/1412
f 1412/1412 1411/1411 1413/1413
f 1414/1414 1415/1415 1416/1416
f 1416/1416 1415/1415 1417/1417
f 1416/1416 1417/1417 1418/1418
f 1418/1418 1417/1417 1419/1419
f 1418/1418 1419/1419 1413/1413
f 1413/1413 1419/1419 1420/1420
f 1413/1413 1420/1420 1412/1412
f 1421/1421 1422/1422 1423/1423
f 1423/1423 1422/1422 1424/1424
f 1423/1423 1424/1424 1414/1414
f 1414/1414 1424/1424 1425/1425
f 1414/1414 1425/1425 1415/1415
f 1426/1426 1427/1427 1428/1428
f 1428/1428 1427/1427 1429/1429
f 1428/1428 1429/1429 1421/1421
f 1421/1421 1429/1429 1430/1430
f 1421/1421 1430/1430 1422/1422
f 1409/1409 1431/1431 1407/1407
f 1407/1407 1431/1431 1432/1432
f 1407/1407 1432/1432 1433/1433
f 1433/1433 1432/1432 1434/1434
f 1433/1433 1434/1434 1426/1426
f 1426/1426 1434/1434 1435/1435
f 1426/1426 1435/1435 1427/1427
f 1436/1436 1437/1437 1438/1438
f 1438/1438 1437/1437 1439/1439
f 1438/1438 1439/1439 1440/1440
f 1440/1440 1439/1439 1441/1441
f 1440/1440 1441/1441 1408/1408
f 1408/1408 1441/1441 1442/1442
f 1408/1408 1442/1442 1409/1409
f 1443/1443 1444/1444 1445/1445
f 1445/1445 1444/1444 1446/1446
f 1445/1445 1446/1446 1436/1436
f 1436/1436 1446/1446 1447/1447
f 1436/1436 1447/1447 1437/1437
f 1448/1448 1449/1449 1450/1450
f 1450/1450 1449/1449 1451/1451
f 1450/1450 1451/1451 1443/1443
f 1443/1443 1451/1451 1452/1452
f 1443/1443 1452/1452 1444/1444
f 1406/1406 1453/1453 1404/1404
f 1404/1404 1453/1453 1454/1454
f 1404/1404 1454/1454 1455/1455
f 1455/1455 1454/1454 1456/1456
f 1455/1455 1456/1456 1448/1448
f 1448/1448 1456/1456 1457/1457
f 1448/1448 1457/1457 1449/1449
f 1458/1458 1459/1459 1460/1460
f 1460/1460 1459/1459 1461/1461
f 1460/1460 1461/1461 1462/1462
f 1462/1462 1461/1461 1463/1463
f 1462/1462 1463/1463 1405/1405
f 1405/1405 1463/1463 1464/1464
f 1405/1405 1464/1464 1406/1406
f 1465/1465 1466/1466 1467/1467
f 1467/1467 1466/1466 1468/1468
f 1467/1467 1468/1468 1458/1458
f 1458/1458 1468/1468 1469/1469
f 1458/1458 1469/1469 1459/1459
f 1470/1470 1471/1471 1472/1472
f 1472/1472 1471/1471 1473/1473
f 1472/1472 1473/1473 1465/1465
f 1465/1465 1473/1473 1474/1474
f 1465/1465 1474/1474 1466/1466
f 1403/1403 1475/1475 1401/1401
f 1401/1401 1475/1475 1476/1476
f 1401/1401 1476/1476 1477/1477
f 1477/1477 1476/1476 1478/1478
f 1477/1477 1478/1478 1470/1470
f 1470/1470 1478/1478 1479/1479
f 1470/1470 1479/1479 1471/1471
f 1150/1150 1480/1480 1072/1072
f 1072/1072 1480/1480 1481/1481
f 1072/1072 1481/1481 1066/1066
f 1066/1066 1481/1481 1482/1482
f 1066/1066 1482/1482 1064/1064
f 1064/1064 1482/1482 1483/1483
f 1064/1064 1483/1483 1062/1062
f 1062/1062 1483/1483 1484/1484
f 1062/1062 1484/1484 1485/1485
f 1485/1485 1484/1484 1486/1486
f 1485/1485 1486/1486 1487/1487
f 1487/1487 1486/1486 1488/1488
f 1487/1487 1488/1488 1489/1489
f 1489/1489 1488/1488 1490/1490
f 1489/1489 1490/1490 1491/1491
f 1491/1491 1490/1490 1492/1492
f 1491/1491 1492/1492 1493/1493
f 1493/1493 1492/1492 1494/1494
f 1493/1493 1494/1494 1495/1495
f 1495/1495 1494/1494 1496/1496
f 1495/1495 1496/1496 1497/1497
f 1497/1497 1496/1496 1498/1498
f 1497/1497 1498/1498 1499/1499
f 1499/1499 1498/1498 1500/1500
f 1499/1499 1500/1500 1402/1402
f 1402/1402 1500/1500 1501/1501
f 1402/1402 1501/1501 1403/1403
f 1502/1502 1503/1503 28/28
f 28/28 1503/1503 1504/1504
f 28/28 1504/1504 1052/1052
f 1052/1052 1504/1504 1505/1505
f 1052/1052 1505/1505 1053/1053
f 1053/1053 1505/1505 1506/1506
f 1053/1053 1506/1506 1078/1078
f 1078/1078 1506/1506 1507/1507
f 1078/1078 1507/1507 1150/1150
f 1150/1150 1507/1507 1508/1508
f 1150/1150 1508/1508 1480/1480
f 1502/1502 28/28 1509/1509
f 1509/1509 28/28 27/27
f 1509/1509 27/27 1510/1510
f 1510/1510 27/27 995/995
f 1510/1510 995/995 1511/1511
f 1511/1511 995/995 1512/1512
f 1512/1512 995/995 990/990
f 1512/1512 990/990 1513/1513
f 1513/1513 990/990 986/986
f 1513/1513 986/986 1514/1514
f 1514/1514 986/986 1515/1515
f 1515/1515 986/986 40/40
f 1515/1515 40/40 1516/1516
f 1516/1516 40/40 39/39
f 1516/1516 39/39 1517/1517
f 1517/1517 39/39 1518/1518
f 1518/1518 39/39 1120/1120
f 1518/1518 1120/1120 1519/1519
f 1519/1519 1120/1120 1119/1119
f 1519/1519 1119/1119 1520/1520
f 1520/1520 1119/1119 1394/1394
f 1520/1520 1394/1394 1521/1521
f 1521/1521 1394/1394 1393/1393
f 1521/1521 1393/1393 1522/1522
f 1391/1391 1523/1523 1392/1392
f 1392/1392 1523/1523 1524/1524
f 1392/1392 1524/1524 1393/1393
f 1393/1393 1524/1524 1525/1525
f 1393/1393 1525/1525 1522/1522
f 1198/1198 1526/1526 1390/1390
f 1390/1390 1526/1526 1527/1527
f 1390/1390 1527/1527 1391/1391
f 1391/1391 1527/1527 1528/1528
f 1391/1391 1528/1528 1523/1523
f 1190/1190 1529/1529 1197/1197
f 1197/1197 1529/1529 1530/1530
f 1197/1197 1530/1530 1198/1198
f 1198/1198 1530/1530 1531/1531
f 1198/1198 1531/1531 1526/1526
f 1532/1532 1533/1533 1382/1382
f 1382/1382 1533/1533 1534/1534
f 1382/1382 1534/1534 1189/1189
f 1189/1189 1534/1534 1535/1535
f 1189/1189 1535/1535 1188/1188
f 1188/1188 1535/1535 1536/1536
f 1188/1188 1536/1536 1187/1187
f 1187/1187 1536/1536 1537/1537
f 1187/1187 1537/1537 1190/1190
f 1190/1190 1537/1537 1538/1538
f 1190/1190 1538/1538 1529/1529
f 1532/1532 1382/1382 1539/1539
f 1539/1539 1382/1382 1372/1372
f 1539/1539 1372/1372 1540/1540
f 1540/1540 1372/1372 1238/1238
f 1540/1540 1238/1238 1541/1541
f 1541/1541 1238/1238 1542/1542
f 1542/1542 1238/1238 1237/1237
f 1542/1542 1237/1237 1543/1543
f 1543/1543 1237/1237 1170/1170
f 1543/1543 1170/1170 1544/1544
f 1544/1544 1170/1170 1545/1545
f 1545/1545 1170/1170 1175/1175
f 1545/1545 1175/1175 1546/1546
f 1546/1546 1175/1175 1174/1174
f 1546/1546 1174/1174 1547/1547
f 1547/1547 1174/1174 1548/1548
f 1548/1548 1174/1174 1278/1278
f 1548/1548 1278/1278 1549/1549
f 1549/1549 1278/1278 1169/1169
f 1549/1549 1169/1169 1550/1550
f 1550/1550 1169/1169 1167/1167
f 1550/1550 1167/1167 1551/1551
f 1551/1551 1167/1167 228/228
f 1551/1551 228/228 1552/1552
f 1552/1552 228/228 1553/1553
f 1553/1553 228/228 230/230
f 1553/1553 230/230 1554/1554
f 1555/1555 1556/1556 1557/1557
f 1558/1558 1559/1559 1560/1560
f 1561/1561 1562/1562 1563/1563
f 1564/1564 1565/1565 1566/1566
f 1567/1567 1568/1568 1569/1569
f 1428/1428 1421/1421 1570/1570
f 1571/1571 1572/1572 1573/1573
f 1573/1573 1572/1572 1574/1574
f 1493/1493 1495/1495 1575/1575
f 1576/1576 1577/1577 1578/1578
f 1579/1579 1580/1580 1581/1581
f 1582/1582 1583/1583 1579/1579
f 1584/1584 1585/1585 1586/1586
f 1587/1587 1588/1588 1589/1589
f 1590/1590 1591/1591 1592/1592
f 1593/1593 1594/1594 1595/1595
f 1596/1596 1597/1597 1598/1598
f 1599/1599 1600/1600 1597/1597
f 1601/1601 1602/1602 1603/1603
f 1604/1604 1605/1605 1606/1606
f 1607/1607 1608/1608 1609/1609
f 1610/1610 1611/1611 1612/1612
f 1613/1613 1614/1614 1615/1615
f 1616/1616 1617/1617 1618/1618
f 1619/1619 1620/1620 1621/1621
f 1622/1622 1623/1623 1624/1624
f 1625/1625 1626/1626 1627/1627
f 1628/1628 1629/1629 1630/1630
f 1631/1631 1632/1632 1633/1633
f 1634/1634 1635/1635 1636/1636
f 1637/1637 1638/1638 1639/1639
f 1640/1640 1641/1641 1642/1642
f 1643/1643 1644/1644 1645/1645
f 1646/1646 1647/1647 1648/1648
f 1649/1649 1650/1650 1651/1651
f 1652/1652 1653/1653 1654/1654
f 1655/1655 1656/1656 1657/1657
f 1658/1658 1659/1659 1660/1660
f 1661/1661 1662/1662 1663/1663
f 1664/1664 1665/1665 1666/1666
f 1667/1667 1668/1668 1669/1669
f 1670/1670 1671/1671 1672/1672
f 1589/1589 1588/1588 1673/1673
f 1673/1673 1588/1588 1674/1674
f 1673/1673 1674/1674 1675/1675
f 1676/1676 222/222 44/44
f 1676/1676 44/44 1677/1677
f 1586/1586 1678/1678 1679/1679
f 1679/1679 1678/1678 1680/1680
f 1681/1681 1682/1682 1683/1683
f 1683/1683 1682/1682 1684/1684
f 1683/1683 1684/1684 1585/1585
f 1585/1585 1684/1684 1685/1685
f 1585/1585 1685/1685 1586/1586
f 1586/1586 1685/1685 1686/1686
f 1586/1586 1686/1686 1678/1678
f 1687/1687 1688/1688 1689/1689
f 1690/1690 1691/1691 1692/1692
f 1692/1692 1691/1691 1693/1693
f 1692/1692 1693/1693 1694/1694
f 1694/1694 1693/1693 1695/1695
f 1694/1694 1695/1695 1696/1696
f 1697/1697 1698/1698 1699/1699
f 1700/1700 1670/1670 1701/1701
f 1701/1701 1670/1670 1672/1672
f 1701/1701 1672/1672 1702/1702
f 1703/1703 1704/1704 1705/1705
f 1705/1705 1704/1704 1706/1706
f 1705/1705 1706/1706 1707/1707
f 1708/1708 1709/1709 1710/1710
f 1710/1710 1709/1709 1711/1711
f 1710/1710 1711/1711 1712/1712
f 1713/1713 1714/1714 1664/1664
f 1715/1715 1716/1716 1717/1717
f 1716/1716 1718/1718 1719/1719
f 1719/1719 1718/1718 1720/1720
f 1719/1719 1720/1720 1721/1721
f 1721/1721 1720/1720 1722/1722
f 1721/1721 1722/1722 1723/1723
f 1723/1723 1722/1722 1724/1724
f 1725/1725 1726/1726 1727/1727
f 1728/1728 1729/1729 1730/1730
f 1730/1730 1729/1729 1726/1726
f 1661/1661 1663/1663 1731/1731
f 1731/1731 1663/1663 1732/1732
f 1731/1731 1732/1732 1733/1733
f 1734/1734 1735/1735 1736/1736
f 1736/1736 1735/1735 1737/1737
f 1738/1738 1739/1739 1734/1734
f 1734/1734 1739/1739 1740/1740
f 1734/1734 1740/1740 1735/1735
f 1741/1741 1742/1742 1743/1743
f 1734/1734 1744/1744 1738/1738
f 1738/1738 1744/1744 1745/1745
f 1738/1738 1745/1745 1746/1746
f 1746/1746 1745/1745 1741/1741
f 1746/1746 1741/1741 1747/1747
f 1747/1747 1741/1741 1743/1743
f 1748/1748 1749/1749 1743/1743
f 1743/1743 1749/1749 1750/1750
f 1743/1743 1750/1750 1747/1747
f 1751/1751 1752/1752 1753/1753
f 1753/1753 1752/1752 1754/1754
f 1755/1755 1756/1756 1757/1757
f 1757/1757 1756/1756 1758/1758
f 1757/1757 1758/1758 1759/1759
f 1759/1759 1758/1758 1760/1760
f 1759/1759 1760/1760 1751/1751
f 1751/1751 1760/1760 1761/1761
f 1751/1751 1761/1761 1752/1752
f 1762/1762 1763/1763 1764/1764
f 1763/1763 1762/1762 1765/1765
f 1765/1765 1762/1762 1766/1766
f 1765/1765 1766/1766 1767/1767
f 1768/1768 1769/1769 1770/1770
f 1770/1770 1769/1769 1771/1771
f 1770/1770 1771/1771 1772/1772
f 1772/1772 1771/1771 1773/1773
f 1772/1772 1773/1773 1774/1774
f 1774/1774 1773/1773 1775/1775
f 1775/1775 1773/1773 1776/1776
f 1775/1775 1776/1776 1777/1777
f 1778/1778 1779/1779 1776/1776
f 1776/1776 1779/1779 1780/1780
f 1776/1776 1780/1780 1777/1777
f 1781/1781 1782/1782 1783/1783
f 1783/1783 1782/1782 1784/1784
f 1783/1783 1784/1784 1660/1660
f 1660/1660 1784/1784 1785/1785
f 1660/1660 1785/1785 1658/1658
f 1786/1786 1781/1781 1787/1787
f 1787/1787 1781/1781 1783/1783
f 1787/1787 1783/1783 1788/1788
f 1788/1788 1783/1783 1660/1660
f 1788/1788 1660/1660 1757/1757
f 1757/1757 1660/1660 1659/1659
f 1757/1757 1659/1659 1755/1755
f 1789/1789 1790/1790 1791/1791
f 1791/1791 1790/1790 1792/1792
f 1791/1791 1792/1792 1793/1793
f 1793/1793 1792/1792 1794/1794
f 1793/1793 1794/1794 1795/1795
f 1795/1795 1794/1794 1796/1796
f 1795/1795 1796/1796 1797/1797
f 1798/1798 1799/1799 1800/1800
f 1800/1800 1799/1799 1801/1801
f 1800/1800 1801/1801 1802/1802
f 1802/1802 1801/1801 1803/1803
f 1802/1802 1803/1803 1804/1804
f 1804/1804 1803/1803 1805/1805
f 1804/1804 1805/1805 1806/1806
f 1807/1807 1808/1808 1809/1809
f 1799/1799 1810/1810 1801/1801
f 1801/1801 1810/1810 1811/1811
f 1801/1801 1811/1811 1803/1803
f 1803/1803 1811/1811 1812/1812
f 1803/1803 1812/1812 1805/1805
f 1810/1810 1813/1813 1811/1811
f 1811/1811 1813/1813 1814/1814
f 1811/1811 1814/1814 1812/1812
f 1812/1812 1814/1814 1815/1815
f 1812/1812 1815/1815 1805/1805
f 1805/1805 1815/1815 1809/1809
f 1805/1805 1809/1809 1806/1806
f 1806/1806 1809/1809 1808/1808
f 1816/1816 1817/1817 1818/1818
f 1818/1818 1817/1817 1819/1819
f 1818/1818 1819/1819 1820/1820
f 1816/1816 1821/1821 1817/1817
f 1817/1817 1821/1821 1822/1822
f 1817/1817 1822/1822 1819/1819
f 1819/1819 1822/1822 1823/1823
f 1819/1819 1823/1823 1820/1820
f 1820/1820 1823/1823 1824/1824
f 1820/1820 1824/1824 1825/1825
f 1825/1825 1824/1824 1826/1826
f 1827/1827 1828/1828 1829/1829
f 1829/1829 1828/1828 1830/1830
f 1829/1829 1830/1830 1831/1831
f 1831/1831 1830/1830 1832/1832
f 1831/1831 1832/1832 1833/1833
f 1833/1833 1832/1832 1834/1834
f 1833/1833 1834/1834 1835/1835
f 1835/1835 1834/1834 1836/1836
f 1835/1835 1836/1836 1837/1837
f 1837/1837 1836/1836 1838/1838
f 1839/1839 1840/1840 1841/1841
f 1841/1841 1840/1840 1842/1842
f 1843/1843 1844/1844 1845/1845
f 1839/1839 1846/1846 1840/1840
f 1840/1840 1846/1846 1847/1847
f 1840/1840 1847/1847 1842/1842
f 1842/1842 1847/1847 1844/1844
f 1848/1848 1849/1849 1850/1850
f 1850/1850 1849/1849 1851/1851
f 1850/1850 1851/1851 1852/1852
f 1852/1852 1851/1851 1853/1853
f 1852/1852 1853/1853 1854/1854
f 1854/1854 1853/1853 1855/1855
f 1854/1854 1855/1855 1856/1856
f 1856/1856 1855/1855 1857/1857
f 1856/1856 1857/1857 1858/1858
f 1656/1656 1655/1655 1859/1859
f 1859/1859 1655/1655 1843/1843
f 1859/1859 1843/1843 1860/1860
f 1860/1860 1843/1843 1845/1845
f 1860/1860 1845/1845 1861/1861
f 1858/1858 1657/1657 1856/1856
f 1856/1856 1657/1657 1656/1656
f 1856/1856 1656/1656 1854/1854
f 1854/1854 1656/1656 1859/1859
f 1854/1854 1859/1859 1852/1852
f 1852/1852 1859/1859 1860/1860
f 1852/1852 1860/1860 1850/1850
f 1850/1850 1860/1860 1861/1861
f 1850/1850 1861/1861 1848/1848
f 1862/1862 1863/1863 1864/1864
f 1864/1864 1863/1863 1865/1865
f 1864/1864 1865/1865 1846/1846
f 1846/1846 1865/1865 1866/1866
f 1846/1846 1866/1866 1847/1847
f 1849/1849 1867/1867 1851/1851
f 1851/1851 1867/1867 1868/1868
f 1851/1851 1868/1868 1853/1853
f 1853/1853 1868/1868 1869/1869
f 1853/1853 1869/1869 1855/1855
f 1855/1855 1869/1869 1870/1870
f 1855/1855 1870/1870 1857/1857
f 1857/1857 1870/1870 1871/1871
f 1857/1857 1871/1871 1858/1858
f 1872/1872 1873/1873 1874/1874
f 1874/1874 1873/1873 1875/1875
f 1874/1874 1875/1875 1876/1876
f 1876/1876 1875/1875 1877/1877
f 1876/1876 1877/1877 1878/1878
f 1878/1878 1877/1877 1879/1879
f 1878/1878 1879/1879 1880/1880
f 1872/1872 1881/1881 1882/1882
f 1872/1872 1882/1882 1873/1873
f 1873/1873 1882/1882 1883/1883
f 1873/1873 1883/1883 1875/1875
f 1875/1875 1883/1883 1884/1884
f 1875/1875 1884/1884 1877/1877
f 1877/1877 1884/1884 1885/1885
f 1877/1877 1885/1885 1879/1879
f 1881/1881 1886/1886 1882/1882
f 1882/1882 1886/1886 1652/1652
f 1882/1882 1652/1652 1883/1883
f 1883/1883 1652/1652 1654/1654
f 1883/1883 1654/1654 1884/1884
f 1884/1884 1654/1654 1887/1887
f 1884/1884 1887/1887 1885/1885
f 1888/1888 1889/1889 1890/1890
f 1891/1891 1889/1889 1892/1892
f 1893/1893 1894/1894 1895/1895
f 1896/1896 1897/1897 1898/1898
f 1886/1886 1899/1899 1652/1652
f 1652/1652 1899/1899 1888/1888
f 1652/1652 1888/1888 1653/1653
f 1653/1653 1888/1888 1890/1890
f 1653/1653 1890/1890 1654/1654
f 1654/1654 1890/1890 1871/1871
f 1654/1654 1871/1871 1887/1887
f 1887/1887 1871/1871 1870/1870
f 1887/1887 1870/1870 1885/1885
f 1885/1885 1870/1870 1869/1869
f 1885/1885 1869/1869 1879/1879
f 1879/1879 1869/1869 1868/1868
f 1879/1879 1868/1868 1880/1880
f 1880/1880 1868/1868 1867/1867
f 1889/1889 1888/1888 1892/1892
f 1892/1892 1888/1888 1899/1899
f 1892/1892 1899/1899 1900/1900
f 1900/1900 1899/1899 1901/1901
f 1900/1900 1901/1901 1902/1902
f 1891/1891 1892/1892 1903/1903
f 1903/1903 1892/1892 1900/1900
f 1903/1903 1900/1900 1904/1904
f 1904/1904 1900/1900 1902/1902
f 1904/1904 1902/1902 1905/1905
f 1881/1881 1906/1906 1886/1886
f 1886/1886 1906/1906 1907/1907
f 1886/1886 1907/1907 1899/1899
f 1899/1899 1907/1907 1908/1908
f 1899/1899 1908/1908 1901/1901
f 1901/1901 1908/1908 1647/1647
f 1901/1901 1647/1647 1902/1902
f 1902/1902 1647/1647 1646/1646
f 1902/1902 1646/1646 1905/1905
f 1909/1909 1910/1910 1911/1911
f 1895/1895 1894/1894 1912/1912
f 1912/1912 1894/1894 1913/1913
f 1912/1912 1913/1913 1914/1914
f 1915/1915 1916/1916 1910/1910
f 1910/1910 1916/1916 1917/1917
f 1910/1910 1917/1917 1911/1911
f 1918/1918 1919/1919 1920/1920
f 1920/1920 1919/1919 1921/1921
f 1920/1920 1921/1921 1922/1922
f 1922/1922 1921/1921 1923/1923
f 1922/1922 1923/1923 1924/1924
f 1641/1641 1640/1640 1925/1925
f 1898/1898 1897/1897 1909/1909
f 1909/1909 1897/1897 1925/1925
f 1909/1909 1925/1925 1910/1910
f 1910/1910 1925/1925 1640/1640
f 1910/1910 1640/1640 1915/1915
f 1828/1828 1789/1789 1830/1830
f 1830/1830 1789/1789 1791/1791
f 1830/1830 1791/1791 1832/1832
f 1832/1832 1791/1791 1793/1793
f 1832/1832 1793/1793 1834/1834
f 1834/1834 1793/1793 1795/1795
f 1834/1834 1795/1795 1836/1836
f 1836/1836 1795/1795 1797/1797
f 1836/1836 1797/1797 1838/1838
f 1838/1838 1797/1797 1926/1926
f 1927/1927 1928/1928 1929/1929
f 1929/1929 1928/1928 1930/1930
f 1929/1929 1930/1930 1931/1931
f 1644/1644 1932/1932 1933/1933
f 1930/1930 1934/1934 1931/1931
f 1931/1931 1934/1934 1935/1935
f 1931/1931 1935/1935 1936/1936
f 1937/1937 1938/1938 1939/1939
f 1939/1939 1938/1938 1940/1940
f 1939/1939 1940/1940 1941/1941
f 1941/1941 1940/1940 1942/1942
f 1941/1941 1942/1942 1943/1943
f 1943/1943 1942/1942 1944/1944
f 1943/1943 1944/1944 1945/1945
f 1946/1946 1947/1947 1948/1948
f 1948/1948 1947/1947 1949/1949
f 1948/1948 1949/1949 1950/1950
f 1950/1950 1949/1949 1951/1951
f 1950/1950 1951/1951 1952/1952
f 1952/1952 1951/1951 1953/1953
f 1954/1954 1953/1953 1955/1955
f 1955/1955 1953/1953 1951/1951
f 1955/1955 1951/1951 1956/1956
f 1956/1956 1951/1951 1949/1949
f 1956/1956 1949/1949 1957/1957
f 1957/1957 1949/1949 1947/1947
f 1958/1958 1959/1959 1960/1960
f 1960/1960 1959/1959 1961/1961
f 1960/1960 1961/1961 1945/1945
f 1945/1945 1961/1961 1962/1962
f 1945/1945 1962/1962 1943/1943
f 1938/1938 1927/1927 1940/1940
f 1940/1940 1927/1927 1929/1929
f 1940/1940 1929/1929 1942/1942
f 1942/1942 1929/1929 1931/1931
f 1942/1942 1931/1931 1944/1944
f 1944/1944 1931/1931 1936/1936
f 1944/1944 1936/1936 1945/1945
f 1945/1945 1936/1936 1963/1963
f 1945/1945 1963/1963 1960/1960
f 1960/1960 1963/1963 1964/1964
f 1960/1960 1964/1964 1958/1958
f 1965/1965 1966/1966 1627/1627
f 1650/1650 1966/1966 1651/1651
f 1651/1651 1966/1966 1965/1965
f 1651/1651 1965/1965 1946/1946
f 1946/1946 1965/1965 1967/1967
f 1946/1946 1967/1967 1947/1947
f 1947/1947 1967/1967 1968/1968
f 1947/1947 1968/1968 1957/1957
f 1958/1958 1649/1649 1959/1959
f 1959/1959 1649/1649 1651/1651
f 1959/1959 1651/1651 1961/1961
f 1961/1961 1651/1651 1946/1946
f 1961/1961 1946/1946 1962/1962
f 1962/1962 1946/1946 1948/1948
f 1962/1962 1948/1948 1943/1943
f 1943/1943 1948/1948 1950/1950
f 1943/1943 1950/1950 1941/1941
f 1941/1941 1950/1950 1952/1952
f 1941/1941 1952/1952 1939/1939
f 1939/1939 1952/1952 1953/1953
f 1939/1939 1953/1953 1937/1937
f 1937/1937 1953/1953 1954/1954
f 1969/1969 1970/1970 1971/1971
f 1971/1971 1970/1970 1972/1972
f 1971/1971 1972/1972 1973/1973
f 1790/1790 1786/1786 1792/1792
f 1792/1792 1786/1786 1787/1787
f 1792/1792 1787/1787 1794/1794
f 1794/1794 1787/1787 1788/1788
f 1794/1794 1788/1788 1796/1796
f 1796/1796 1788/1788 1757/1757
f 1796/1796 1757/1757 1974/1974
f 1974/1974 1757/1757 1759/1759
f 1974/1974 1759/1759 1969/1969
f 1969/1969 1759/1759 1751/1751
f 1969/1969 1751/1751 1970/1970
f 1970/1970 1751/1751 1753/1753
f 1754/1754 1975/1975 1753/1753
f 1753/1753 1975/1975 1976/1976
f 1753/1753 1976/1976 1970/1970
f 1970/1970 1976/1976 1977/1977
f 1970/1970 1977/1977 1972/1972
f 1972/1972 1977/1977 1978/1978
f 1972/1972 1978/1978 1973/1973
f 1627/1627 1626/1626 1965/1965
f 1965/1965 1626/1626 1979/1979
f 1965/1965 1979/1979 1967/1967
f 1967/1967 1979/1979 1980/1980
f 1967/1967 1980/1980 1968/1968
f 1968/1968 1980/1980 1981/1981
f 1968/1968 1981/1981 1957/1957
f 1957/1957 1981/1981 1982/1982
f 1957/1957 1982/1982 1956/1956
f 1956/1956 1982/1982 1933/1933
f 1956/1956 1933/1933 1955/1955
f 1955/1955 1933/1933 1932/1932
f 1955/1955 1932/1932 1954/1954
f 1983/1983 1984/1984 1985/1985
f 1985/1985 1984/1984 1986/1986
f 1985/1985 1986/1986 1987/1987
f 1987/1987 1986/1986 1988/1988
f 1987/1987 1988/1988 1989/1989
f 1989/1989 1988/1988 1990/1990
f 1989/1989 1990/1990 1991/1991
f 1991/1991 1990/1990 1992/1992
f 1991/1991 1992/1992 1993/1993
f 1993/1993 1992/1992 1994/1994
f 1993/1993 1994/1994 1995/1995
f 1995/1995 1994/1994 1996/1996
f 1995/1995 1996/1996 1997/1997
f 1997/1997 1996/1996 1998/1998
f 1997/1997 1998/1998 1999/1999
f 1999/1999 1998/1998 2000/2000
f 1999/1999 2000/2000 2001/2001
f 2001/2001 2000/2000 2002/2002
f 2001/2001 2002/2002 2003/2003
f 2003/2003 2002/2002 2004/2004
f 2003/2003 2004/2004 1863/1863
f 1844/1844 1847/1847 1845/1845
f 1845/1845 1847/1847 1866/1866
f 1845/1845 1866/1866 1861/1861
f 1861/1861 1866/1866 1865/1865
f 1861/1861 1865/1865 1848/1848
f 1848/1848 1865/1865 1863/1863
f 1848/1848 1863/1863 1849/1849
f 1849/1849 1863/1863 2004/2004
f 1849/1849 2004/2004 1867/1867
f 1867/1867 2004/2004 2002/2002
f 1867/1867 2002/2002 1880/1880
f 1880/1880 2002/2002 2000/2000
f 1880/1880 2000/2000 1878/1878
f 1878/1878 2000/2000 1998/1998
f 1878/1878 1998/1998 1876/1876
f 1876/1876 1998/1998 1996/1996
f 1876/1876 1996/1996 1874/1874
f 1874/1874 1996/1996 1994/1994
f 1874/1874 1994/1994 1872/1872
f 1872/1872 1994/1994 1992/1992
f 1872/1872 1992/1992 1881/1881
f 1881/1881 1992/1992 1990/1990
f 1881/1881 1990/1990 1906/1906
f 1906/1906 1990/1990 1988/1988
f 1906/1906 1988/1988 1907/1907
f 1907/1907 1988/1988 1986/1986
f 1907/1907 1986/1986 1908/1908
f 1908/1908 1986/1986 1984/1984
f 1908/1908 1984/1984 1647/1647
f 1647/1647 1984/1984 1983/1983
f 1647/1647 1983/1983 1648/1648
f 2005/2005 1643/1643 2006/2006
f 2005/2005 2007/2007 2008/2008
f 2008/2008 2007/2007 2009/2009
f 2010/2010 2011/2011 2012/2012
f 2012/2012 2011/2011 2013/2013
f 2012/2012 2013/2013 2014/2014
f 2014/2014 2013/2013 2015/2015
f 2016/2016 2010/2010 2017/2017
f 2017/2017 2010/2010 2012/2012
f 2017/2017 2012/2012 2018/2018
f 2018/2018 2012/2012 2014/2014
f 2019/2019 2020/2020 2021/2021
f 2021/2021 2020/2020 2022/2022
f 2021/2021 2022/2022 2023/2023
f 2023/2023 2022/2022 2024/2024
f 2007/2007 2024/2024 2009/2009
f 2009/2009 2024/2024 2022/2022
f 2009/2009 2022/2022 2025/2025
f 2025/2025 2022/2022 2020/2020
f 1643/1643 1645/1645 2006/2006
f 2006/2006 1645/1645 2026/2026
f 2006/2006 2026/2026 2027/2027
f 2027/2027 2026/2026 2028/2028
f 2027/2027 2028/2028 2029/2029
f 2029/2029 2028/2028 2030/2030
f 2029/2029 2030/2030 2031/2031
f 2031/2031 2030/2030 2032/2032
f 2031/2031 2032/2032 2033/2033
f 2005/2005 2006/2006 2007/2007
f 2007/2007 2006/2006 2027/2027
f 2007/2007 2027/2027 2024/2024
f 2024/2024 2027/2027 2029/2029
f 2024/2024 2029/2029 2023/2023
f 2023/2023 2029/2029 2031/2031
f 2023/2023 2031/2031 2021/2021
f 2021/2021 2031/2031 2033/2033
f 2021/2021 2033/2033 2019/2019
f 1644/1644 1933/1933 1645/1645
f 1645/1645 1933/1933 1982/1982
f 1645/1645 1982/1982 2026/2026
f 2026/2026 1982/1982 1981/1981
f 2026/2026 1981/1981 2028/2028
f 2028/2028 1981/1981 1980/1980
f 2028/2028 1980/1980 2030/2030
f 2030/2030 1980/1980 1979/1979
f 2030/2030 1979/1979 2032/2032
f 2032/2032 1979/1979 1626/1626
f 2032/2032 1626/1626 2033/2033
f 2033/2033 1626/1626 1625/1625
f 2033/2033 1625/1625 2019/2019
f 2034/2034 2035/2035 2036/2036
f 2016/2016 2037/2037 2010/2010
f 2010/2010 2037/2037 2038/2038
f 2010/2010 2038/2038 2011/2011
f 2011/2011 2038/2038 1642/1642
f 2011/2011 1642/1642 2013/2013
f 2013/2013 1642/1642 1641/1641
f 2013/2013 1641/1641 2015/2015
f 2015/2015 1641/1641 1925/1925
f 2015/2015 1925/1925 2014/2014
f 2037/2037 1636/1636 2038/2038
f 2038/2038 1636/1636 1635/1635
f 2038/2038 1635/1635 1642/1642
f 1642/1642 1635/1635 2039/2039
f 1642/1642 2039/2039 1640/1640
f 1640/1640 2039/2039 2040/2040
f 1640/1640 2040/2040 1915/1915
f 1621/1621 2041/2041 2042/2042
f 2042/2042 2041/2041 2043/2043
f 2042/2042 2043/2043 2044/2044
f 2044/2044 2043/2043 2045/2045
f 2044/2044 2045/2045 2046/2046
f 2046/2046 2045/2045 2047/2047
f 2046/2046 2047/2047 2048/2048
f 2048/2048 2047/2047 2049/2049
f 2050/2050 2051/2051 2052/2052
f 2052/2052 2051/2051 2053/2053
f 2052/2052 2053/2053 2054/2054
f 2054/2054 2053/2053 2055/2055
f 1631/1631 2056/2056 1632/1632
f 1632/1632 2056/2056 2057/2057
f 1632/1632 2057/2057 2058/2058
f 1935/1935 1926/1926 1936/1936
f 1936/1936 1926/1926 1797/1797
f 1936/1936 1797/1797 1963/1963
f 1963/1963 1797/1797 1796/1796
f 1963/1963 1796/1796 1964/1964
f 1964/1964 1796/1796 1974/1974
f 1964/1964 1974/1974 1958/1958
f 1958/1958 1974/1974 1969/1969
f 1958/1958 1969/1969 1649/1649
f 1649/1649 1969/1969 1971/1971
f 1649/1649 1971/1971 1650/1650
f 1650/1650 1971/1971 1973/1973
f 1650/1650 1973/1973 1966/1966
f 1966/1966 1973/1973 1978/1978
f 1966/1966 1978/1978 1627/1627
f 1627/1627 1978/1978 2059/2059
f 1627/1627 2059/2059 1625/1625
f 1625/1625 2059/2059 2060/2060
f 1625/1625 2060/2060 2019/2019
f 2019/2019 2060/2060 2061/2061
f 2019/2019 2061/2061 2020/2020
f 2020/2020 2061/2061 2062/2062
f 2020/2020 2062/2062 2025/2025
f 1623/1623 1622/1622 2063/2063
f 2063/2063 1622/1622 2057/2057
f 2063/2063 2057/2057 1634/1634
f 1634/1634 2057/2057 2056/2056
f 1634/1634 2056/2056 1635/1635
f 1635/1635 2056/2056 1631/1631
f 1635/1635 1631/1631 2039/2039
f 2039/2039 1631/1631 1633/1633
f 2039/2039 1633/1633 2040/2040
f 2058/2058 2057/2057 2064/2064
f 2064/2064 2057/2057 1622/1622
f 2064/2064 1622/1622 2065/2065
f 2065/2065 1622/1622 1624/1624
f 2065/2065 1624/1624 2066/2066
f 2016/2016 1639/1639 2037/2037
f 2037/2037 1639/1639 2067/2067
f 2037/2037 2067/2067 1636/1636
f 1636/1636 2067/2067 2068/2068
f 1636/1636 2068/2068 1634/1634
f 1634/1634 2068/2068 2069/2069
f 1634/1634 2069/2069 2063/2063
f 2063/2063 2069/2069 2070/2070
f 2063/2063 2070/2070 1623/1623
f 1623/1623 2070/2070 2071/2071
f 1623/1623 2071/2071 1624/1624
f 1624/1624 2071/2071 2072/2072
f 1624/1624 2072/2072 2066/2066
f 2066/2066 2072/2072 2073/2073
f 2074/2074 2075/2075 2076/2076
f 2076/2076 2075/2075 2077/2077
f 2076/2076 2077/2077 2078/2078
f 2078/2078 2077/2077 2079/2079
f 2078/2078 2079/2079 2080/2080
f 2080/2080 2079/2079 2081/2081
f 2080/2080 2081/2081 2082/2082
f 2082/2082 2081/2081 2083/2083
f 2082/2082 2083/2083 2084/2084
f 2084/2084 2083/2083 2085/2085
f 2084/2084 2085/2085 2086/2086
f 2087/2087 2074/2074 2088/2088
f 2088/2088 2074/2074 2076/2076
f 2088/2088 2076/2076 2089/2089
f 2089/2089 2076/2076 2078/2078
f 2089/2089 2078/2078 2090/2090
f 2090/2090 2078/2078 2080/2080
f 2090/2090 2080/2080 2091/2091
f 2091/2091 2080/2080 2082/2082
f 2091/2091 2082/2082 2092/2092
f 2092/2092 2082/2082 2084/2084
f 2092/2092 2084/2084 2093/2093
f 2093/2093 2084/2084 2086/2086
f 2093/2093 2086/2086 2094/2094
f 2085/2085 2095/2095 2086/2086
f 2086/2086 2095/2095 2096/2096
f 2086/2086 2096/2096 2094/2094
f 2094/2094 2096/2096 2097/2097
f 2094/2094 2097/2097 2098/2098
f 1637/1637 2087/2087 2035/2035
f 2035/2035 2087/2087 2088/2088
f 2035/2035 2088/2088 2036/2036
f 2036/2036 2088/2088 2089/2089
f 2036/2036 2089/2089 2099/2099
f 2099/2099 2089/2089 2090/2090
f 2099/2099 2090/2090 2100/2100
f 2100/2100 2090/2090 2091/2091
f 2100/2100 2091/2091 2101/2101
f 2101/2101 2091/2091 2092/2092
f 2101/2101 2092/2092 2102/2102
f 2102/2102 2092/2092 2093/2093
f 2102/2102 2093/2093 2103/2103
f 2103/2103 2093/2093 2094/2094
f 2103/2103 2094/2094 2104/2104
f 2104/2104 2094/2094 2098/2098
f 2104/2104 2098/2098 2105/2105
f 2034/2034 2036/2036 2106/2106
f 2106/2106 2036/2036 2099/2099
f 2106/2106 2099/2099 2107/2107
f 2107/2107 2099/2099 2100/2100
f 2107/2107 2100/2100 2108/2108
f 2108/2108 2100/2100 2101/2101
f 2108/2108 2101/2101 2109/2109
f 2109/2109 2101/2101 2102/2102
f 2109/2109 2102/2102 2110/2110
f 2110/2110 2102/2102 2103/2103
f 2110/2110 2103/2103 2111/2111
f 2111/2111 2103/2103 2104/2104
f 2111/2111 2104/2104 2112/2112
f 2112/2112 2104/2104 2105/2105
f 2112/2112 2105/2105 2113/2113
f 1637/1637 2035/2035 1638/1638
f 1638/1638 2035/2035 2034/2034
f 1638/1638 2034/2034 2114/2114
f 2114/2114 2034/2034 2106/2106
f 2114/2114 2106/2106 2115/2115
f 2115/2115 2106/2106 2107/2107
f 2115/2115 2107/2107 2116/2116
f 2116/2116 2107/2107 2108/2108
f 2116/2116 2108/2108 2117/2117
f 2117/2117 2108/2108 2109/2109
f 2117/2117 2109/2109 2118/2118
f 2118/2118 2109/2109 2110/2110
f 2118/2118 2110/2110 2119/2119
f 2119/2119 2110/2110 2111/2111
f 2119/2119 2111/2111 2120/2120
f 2120/2120 2111/2111 2112/2112
f 2120/2120 2112/2112 2121/2121
f 2121/2121 2112/2112 2113/2113
f 2121/2121 2113/2113 2122/2122
f 2123/2123 2124/2124 2125/2125
f 2125/2125 2124/2124 2126/2126
f 2125/2125 2126/2126 2127/2127
f 2127/2127 2126/2126 2128/2128
f 2127/2127 2128/2128 2129/2129
f 2129/2129 2128/2128 2130/2130
f 2129/2129 2130/2130 2131/2131
f 2131/2131 2130/2130 2132/2132
f 2131/2131 2132/2132 2133/2133
f 2133/2133 2132/2132 2134/2134
f 2133/2133 2134/2134 2135/2135
f 2135/2135 2134/2134 2136/2136
f 2135/2135 2136/2136 2137/2137
f 2137/2137 2136/2136 2138/2138
f 2068/2068 2139/2139 2069/2069
f 2069/2069 2139/2139 2140/2140
f 2069/2069 2140/2140 2070/2070
f 2070/2070 2140/2140 2141/2141
f 2070/2070 2141/2141 2071/2071
f 2071/2071 2141/2141 2142/2142
f 2071/2071 2142/2142 2072/2072
f 2072/2072 2142/2142 2143/2143
f 2072/2072 2143/2143 2073/2073
f 2073/2073 2143/2143 2144/2144
f 2067/2067 2138/2138 2068/2068
f 2068/2068 2138/2138 2136/2136
f 2068/2068 2136/2136 2139/2139
f 2139/2139 2136/2136 2134/2134
f 2139/2139 2134/2134 2140/2140
f 2140/2140 2134/2134 2132/2132
f 2140/2140 2132/2132 2141/2141
f 2141/2141 2132/2132 2130/2130
f 2141/2141 2130/2130 2142/2142
f 2142/2142 2130/2130 2128/2128
f 2142/2142 2128/2128 2143/2143
f 2143/2143 2128/2128 2126/2126
f 2143/2143 2126/2126 2144/2144
f 2144/2144 2126/2126 2124/2124
f 1639/1639 1638/1638 2067/2067
f 2067/2067 1638/1638 2114/2114
f 2067/2067 2114/2114 2138/2138
f 2138/2138 2114/2114 2115/2115
f 2138/2138 2115/2115 2137/2137
f 2137/2137 2115/2115 2116/2116
f 2137/2137 2116/2116 2135/2135
f 2135/2135 2116/2116 2117/2117
f 2135/2135 2117/2117 2133/2133
f 2133/2133 2117/2117 2118/2118
f 2133/2133 2118/2118 2131/2131
f 2131/2131 2118/2118 2119/2119
f 2131/2131 2119/2119 2129/2129
f 2129/2129 2119/2119 2120/2120
f 2129/2129 2120/2120 2127/2127
f 2127/2127 2120/2120 2121/2121
f 2127/2127 2121/2121 2125/2125
f 2125/2125 2121/2121 2122/2122
f 2125/2125 2122/2122 2123/2123
f 2145/2145 1629/1629 2146/2146
f 2146/2146 1629/1629 1628/1628
f 2146/2146 1628/1628 2147/2147
f 1617/1617 2145/2145 1618/1618
f 1618/1618 2145/2145 2146/2146
f 1618/1618 2146/2146 2148/2148
f 2148/2148 2146/2146 2147/2147
f 2148/2148 2147/2147 2149/2149
f 2149/2149 2147/2147 2150/2150
f 2149/2149 2150/2150 2151/2151
f 2151/2151 2150/2150 1620/1620
f 2151/2151 1620/1620 2152/2152
f 2152/2152 1620/1620 1619/1619
f 2152/2152 1619/1619 2153/2153
f 2153/2153 1619/1619 2154/2154
f 2153/2153 2154/2154 2155/2155
f 1737/1737 1733/1733 1736/1736
f 1736/1736 1733/1733 1732/1732
f 1736/1736 1732/1732 2156/2156
f 2156/2156 1732/1732 1663/1663
f 2156/2156 1663/1663 2157/2157
f 2157/2157 1663/1663 1662/1662
f 2157/2157 1662/1662 1728/1728
f 1728/1728 1662/1662 1661/1661
f 1728/1728 1661/1661 1729/1729
f 2158/2158 1630/1630 2159/2159
f 2159/2159 1630/1630 1629/1629
f 2159/2159 1629/1629 2160/2160
f 2160/2160 1629/1629 2145/2145
f 2160/2160 2145/2145 1725/1725
f 1725/1725 2145/2145 1617/1617
f 1725/1725 1617/1617 1726/1726
f 1726/1726 1617/1617 1616/1616
f 1726/1726 1616/1616 1730/1730
f 1730/1730 1616/1616 1618/1618
f 1730/1730 1618/1618 1728/1728
f 1728/1728 1618/1618 2148/2148
f 1728/1728 2148/2148 2157/2157
f 2157/2157 2148/2148 2149/2149
f 2157/2157 2149/2149 2156/2156
f 2156/2156 2149/2149 2151/2151
f 2156/2156 2151/2151 1736/1736
f 1736/1736 2151/2151 2152/2152
f 1736/1736 2152/2152 1734/1734
f 1734/1734 2152/2152 2153/2153
f 1734/1734 2153/2153 1744/1744
f 1744/1744 2153/2153 2155/2155
f 1744/1744 2155/2155 1745/1745
f 1745/1745 2155/2155 2161/2161
f 1745/1745 2161/2161 1741/1741
f 2162/2162 2163/2163 2164/2164
f 2164/2164 2163/2163 1918/1918
f 2164/2164 1918/1918 2049/2049
f 2049/2049 1918/1918 1920/1920
f 2049/2049 1920/1920 2048/2048
f 2048/2048 1920/1920 1922/1922
f 2048/2048 1922/1922 2046/2046
f 2046/2046 1922/1922 1924/1924
f 2046/2046 1924/1924 2044/2044
f 2165/2165 2166/2166 2167/2167
f 2167/2167 2166/2166 2168/2168
f 2169/2169 2170/2170 2171/2171
f 2171/2171 2170/2170 2172/2172
f 2173/2173 2169/2169 2174/2174
f 2174/2174 2169/2169 2171/2171
f 2174/2174 2171/2171 2175/2175
f 2175/2175 2171/2171 2172/2172
f 1611/1611 1610/1610 2176/2176
f 2176/2176 1610/1610 2177/2177
f 2176/2176 2177/2177 2178/2178
f 1609/1609 1608/1608 2179/2179
f 2179/2179 1608/1608 2180/2180
f 2179/2179 2180/2180 2181/2181
f 2041/2041 2050/2050 2043/2043
f 2043/2043 2050/2050 2052/2052
f 2043/2043 2052/2052 2045/2045
f 2045/2045 2052/2052 2054/2054
f 2045/2045 2054/2054 2047/2047
f 2047/2047 2054/2054 2055/2055
f 2047/2047 2055/2055 2049/2049
f 2049/2049 2055/2055 2182/2182
f 2049/2049 2182/2182 2164/2164
f 2164/2164 2182/2182 2183/2183
f 2164/2164 2183/2183 2162/2162
f 1621/1621 1620/1620 2041/2041
f 2041/2041 1620/1620 2150/2150
f 2041/2041 2150/2150 2050/2050
f 2050/2050 2150/2150 2147/2147
f 2050/2050 2147/2147 2051/2051
f 2051/2051 2147/2147 1628/1628
f 2051/2051 1628/1628 2053/2053
f 2053/2053 1628/1628 1630/1630
f 2053/2053 1630/1630 2055/2055
f 2055/2055 1630/1630 2158/2158
f 2055/2055 2158/2158 2182/2182
f 2182/2182 2158/2158 2184/2184
f 2182/2182 2184/2184 2183/2183
f 2185/2185 2186/2186 2187/2187
f 2185/2185 2188/2188 2186/2186
f 2186/2186 2188/2188 2189/2189
f 2186/2186 2189/2189 2190/2190
f 2190/2190 2189/2189 2191/2191
f 1605/1605 1604/1604 2192/2192
f 2192/2192 1604/1604 2193/2193
f 2192/2192 2193/2193 2194/2194
f 2194/2194 2193/2193 2195/2195
f 2194/2194 2195/2195 2196/2196
f 1600/1600 2197/2197 2198/2198
f 2198/2198 2197/2197 2199/2199
f 2198/2198 2199/2199 2200/2200
f 2200/2200 2199/2199 1607/1607
f 2200/2200 1607/1607 2201/2201
f 2201/2201 1607/1607 1609/1609
f 2201/2201 1609/1609 2202/2202
f 2202/2202 1609/1609 2179/2179
f 2202/2202 2179/2179 2203/2203
f 2197/2197 2204/2204 2199/2199
f 2199/2199 2204/2204 2205/2205
f 2199/2199 2205/2205 1607/1607
f 1607/1607 2205/2205 2206/2206
f 1607/1607 2206/2206 1608/1608
f 1600/1600 1599/1599 2197/2197
f 2197/2197 1599/1599 2207/2207
f 2197/2197 2207/2207 2204/2204
f 2204/2204 2207/2207 2196/2196
f 2204/2204 2196/2196 2205/2205
f 2205/2205 2196/2196 2195/2195
f 2205/2205 2195/2195 2206/2206
f 2208/2208 2209/2209 2210/2210
f 2210/2210 2209/2209 2211/2211
f 2210/2210 2211/2211 2212/2212
f 2212/2212 2211/2211 2213/2213
f 2214/2214 2215/2215 2216/2216
f 2216/2216 2215/2215 2217/2217
f 2216/2216 2217/2217 2218/2218
f 2218/2218 2217/2217 2219/2219
f 1606/1606 2220/2220 1604/1604
f 1604/1604 2220/2220 2221/2221
f 1604/1604 2221/2221 2193/2193
f 2193/2193 2221/2221 2222/2222
f 2193/2193 2222/2222 2195/2195
f 2195/2195 2222/2222 2223/2223
f 2195/2195 2223/2223 2206/2206
f 2206/2206 2223/2223 2224/2224
f 2206/2206 2224/2224 1608/1608
f 2170/2170 2225/2225 2172/2172
f 2172/2172 2225/2225 2226/2226
f 2172/2172 2226/2226 2175/2175
f 2175/2175 2226/2226 2227/2227
f 2175/2175 2227/2227 2174/2174
f 2174/2174 2227/2227 2228/2228
f 2174/2174 2228/2228 2229/2229
f 2229/2229 2228/2228 2230/2230
f 2229/2229 2230/2230 2231/2231
f 2231/2231 2230/2230 2232/2232
f 2233/2233 2234/2234 2235/2235
f 2235/2235 2234/2234 2236/2236
f 2235/2235 2236/2236 2232/2232
f 2232/2232 2236/2236 2237/2237
f 2232/2232 2237/2237 2231/2231
f 2173/2173 2174/2174 2238/2238
f 2238/2238 2174/2174 2229/2229
f 2238/2238 2229/2229 2239/2239
f 2239/2239 2229/2229 2231/2231
f 2239/2239 2231/2231 2240/2240
f 2240/2240 2231/2231 2237/2237
f 2240/2240 2237/2237 2241/2241
f 2241/2241 2237/2237 2236/2236
f 2241/2241 2236/2236 2242/2242
f 2242/2242 2236/2236 2234/2234
f 2242/2242 2234/2234 2243/2243
f 2243/2243 2234/2234 2233/2233
f 2243/2243 2233/2233 2244/2244
f 1396/1396 2245/2245 1395/1395
f 1395/1395 2245/2245 2246/2246
f 1395/1395 2246/2246 82/82
f 73/73 2247/2247 2248/2248
f 2248/2248 2247/2247 2249/2249
f 2248/2248 2249/2249 2250/2250
f 2251/2251 2252/2252 2225/2225
f 2225/2225 2252/2252 2253/2253
f 2225/2225 2253/2253 2226/2226
f 2226/2226 2253/2253 2178/2178
f 2226/2226 2178/2178 2227/2227
f 2227/2227 2178/2178 2177/2177
f 2227/2227 2177/2177 2228/2228
f 2228/2228 2177/2177 2254/2254
f 2228/2228 2254/2254 2230/2230
f 2230/2230 2254/2254 2255/2255
f 2230/2230 2255/2255 2232/2232
f 2232/2232 2255/2255 2256/2256
f 2232/2232 2256/2256 2235/2235
f 2235/2235 2256/2256 2250/2250
f 2235/2235 2250/2250 2233/2233
f 2233/2233 2250/2250 2249/2249
f 2233/2233 2249/2249 2244/2244
f 2244/2244 2249/2249 2247/2247
f 2244/2244 2247/2247 2246/2246
f 2246/2246 2247/2247 73/73
f 2246/2246 73/73 82/82
f 2257/2257 2258/2258 2259/2259
f 2259/2259 2258/2258 2260/2260
f 2259/2259 2260/2260 2261/2261
f 2261/2261 2260/2260 2262/2262
f 2261/2261 2262/2262 2263/2263
f 2257/2257 2264/2264 2258/2258
f 2258/2258 2264/2264 2265/2265
f 2258/2258 2265/2265 2260/2260
f 2260/2260 2265/2265 2266/2266
f 2260/2260 2266/2266 2262/2262
f 2267/2267 2268/2268 2269/2269
f 2269/2269 2268/2268 2270/2270
f 2269/2269 2270/2270 2271/2271
f 2272/2272 1601/1601 2264/2264
f 2264/2264 1601/1601 1603/1603
f 2264/2264 1603/1603 2265/2265
f 2265/2265 1603/1603 2273/2273
f 2265/2265 2273/2273 2266/2266
f 2272/2272 2274/2274 1601/1601
f 1601/1601 2274/2274 2275/2275
f 1601/1601 2275/2275 1602/1602
f 1602/1602 2275/2275 2276/2276
f 2274/2274 732/732 2275/2275
f 2275/2275 732/732 731/731
f 2275/2275 731/731 2276/2276
f 2276/2276 731/731 74/74
f 1612/1612 2263/2263 1610/1610
f 1610/1610 2263/2263 2262/2262
f 1610/1610 2262/2262 2177/2177
f 2177/2177 2262/2262 2266/2266
f 2177/2177 2266/2266 2254/2254
f 2254/2254 2266/2266 2273/2273
f 2254/2254 2273/2273 2255/2255
f 2255/2255 2273/2273 1603/1603
f 2255/2255 1603/1603 2256/2256
f 2256/2256 1603/1603 1602/1602
f 2256/2256 1602/1602 2250/2250
f 2250/2250 1602/1602 2276/2276
f 2250/2250 2276/2276 2248/2248
f 2248/2248 2276/2276 74/74
f 2248/2248 74/74 73/73
f 2277/2277 2278/2278 2279/2279
f 2279/2279 2278/2278 2280/2280
f 2279/2279 2280/2280 2281/2281
f 2281/2281 2280/2280 2282/2282
f 2281/2281 2282/2282 2283/2283
f 2283/2283 2282/2282 2284/2284
f 2283/2283 2284/2284 2285/2285
f 2286/2286 2287/2287 2288/2288
f 2288/2288 2287/2287 2289/2289
f 2288/2288 2289/2289 2290/2290
f 2291/2291 2292/2292 2293/2293
f 2165/2165 2294/2294 2188/2188
f 2188/2188 2294/2294 2286/2286
f 2188/2188 2286/2286 2189/2189
f 2189/2189 2286/2286 2288/2288
f 2189/2189 2288/2288 2191/2191
f 2191/2191 2288/2288 2290/2290
f 2191/2191 2290/2290 2291/2291
f 2295/2295 2296/2296 2297/2297
f 2297/2297 2296/2296 2298/2298
f 2297/2297 2298/2298 2299/2299
f 2299/2299 2298/2298 2300/2300
f 2299/2299 2300/2300 2301/2301
f 2292/2292 2300/2300 2293/2293
f 2293/2293 2300/2300 2298/2298
f 2293/2293 2298/2298 2302/2302
f 2302/2302 2298/2298 2296/2296
f 2302/2302 2296/2296 2303/2303
f 1597/1597 1596/1596 1599/1599
f 1599/1599 1596/1596 2304/2304
f 1599/1599 2304/2304 2207/2207
f 2207/2207 2304/2304 2213/2213
f 2207/2207 2213/2213 2196/2196
f 2196/2196 2213/2213 2211/2211
f 2196/2196 2211/2211 2194/2194
f 2194/2194 2211/2211 2209/2209
f 2194/2194 2209/2209 2192/2192
f 2192/2192 2209/2209 2208/2208
f 2192/2192 2208/2208 1605/1605
f 1605/1605 2208/2208 2305/2305
f 1605/1605 2305/2305 1606/1606
f 1606/1606 2305/2305 2306/2306
f 1606/1606 2306/2306 2220/2220
f 2220/2220 2306/2306 2307/2307
f 2220/2220 2307/2307 2221/2221
f 2221/2221 2307/2307 2308/2308
f 2221/2221 2308/2308 2222/2222
f 2222/2222 2308/2308 2309/2309
f 2222/2222 2309/2309 2223/2223
f 2223/2223 2309/2309 2310/2310
f 2223/2223 2310/2310 2224/2224
f 2224/2224 2310/2310 2311/2311
f 2224/2224 2311/2311 1608/1608
f 1608/1608 2311/2311 2312/2312
f 1608/1608 2312/2312 2180/2180
f 2180/2180 2312/2312 2313/2313
f 2180/2180 2313/2313 2181/2181
f 2181/2181 2313/2313 2314/2314
f 2181/2181 2314/2314 2179/2179
f 2179/2179 2314/2314 2168/2168
f 2179/2179 2168/2168 2203/2203
f 2203/2203 2168/2168 2166/2166
f 2203/2203 2166/2166 2202/2202
f 2315/2315 2316/2316 2317/2317
f 2317/2317 2316/2316 2318/2318
f 2317/2317 2318/2318 2219/2219
f 1598/1598 2315/2315 1596/1596
f 1596/1596 2315/2315 2317/2317
f 1596/1596 2317/2317 2304/2304
f 2304/2304 2317/2317 2219/2219
f 2304/2304 2219/2219 2213/2213
f 2213/2213 2219/2219 2217/2217
f 2213/2213 2217/2217 2212/2212
f 2212/2212 2217/2217 2215/2215
f 2212/2212 2215/2215 2210/2210
f 2210/2210 2215/2215 2214/2214
f 2210/2210 2214/2214 2208/2208
f 2208/2208 2214/2214 2267/2267
f 2208/2208 2267/2267 2305/2305
f 2305/2305 2267/2267 2269/2269
f 2305/2305 2269/2269 2306/2306
f 2306/2306 2269/2269 2271/2271
f 1594/1594 1593/1593 2319/2319
f 2319/2319 1593/1593 2320/2320
f 2319/2319 2320/2320 2321/2321
f 2322/2322 2295/2295 2323/2323
f 2323/2323 2295/2295 2297/2297
f 2323/2323 2297/2297 2324/2324
f 2324/2324 2297/2297 2299/2299
f 2324/2324 2299/2299 2325/2325
f 2325/2325 2299/2299 2301/2301
f 2326/2326 2327/2327 2328/2328
f 2328/2328 2327/2327 2329/2329
f 2328/2328 2329/2329 2330/2330
f 2330/2330 2329/2329 2331/2331
f 2330/2330 2331/2331 2332/2332
f 2332/2332 2331/2331 2333/2333
f 2332/2332 2333/2333 2334/2334
f 2334/2334 2333/2333 2335/2335
f 2334/2334 2335/2335 2336/2336
f 2303/2303 2296/2296 2336/2336
f 2336/2336 2296/2296 2295/2295
f 2336/2336 2295/2295 2334/2334
f 2334/2334 2295/2295 2322/2322
f 2334/2334 2322/2322 2332/2332
f 2332/2332 2322/2322 2323/2323
f 2332/2332 2323/2323 2330/2330
f 2330/2330 2323/2323 2324/2324
f 2330/2330 2324/2324 2328/2328
f 2328/2328 2324/2324 2325/2325
f 2328/2328 2325/2325 2326/2326
f 2291/2291 2293/2293 2191/2191
f 2191/2191 2293/2293 2302/2302
f 2191/2191 2302/2302 2190/2190
f 2190/2190 2302/2302 2303/2303
f 2190/2190 2303/2303 2186/2186
f 2186/2186 2303/2303 2336/2336
f 2186/2186 2336/2336 2187/2187
f 2187/2187 2336/2336 2335/2335
f 2187/2187 2335/2335 2337/2337
f 2337/2337 2335/2335 2333/2333
f 2337/2337 2333/2333 2338/2338
f 2338/2338 2333/2333 2331/2331
f 2338/2338 2331/2331 2339/2339
f 2339/2339 2331/2331 2329/2329
f 2339/2339 2329/2329 2340/2340
f 2340/2340 2329/2329 2327/2327
f 2340/2340 2327/2327 2341/2341
f 2341/2341 2327/2327 2326/2326
f 2341/2341 2326/2326 2342/2342
f 2343/2343 2344/2344 2345/2345
f 2345/2345 2344/2344 2346/2346
f 2345/2345 2346/2346 2347/2347
f 2348/2348 2349/2349 2350/2350
f 2350/2350 2349/2349 2351/2351
f 2350/2350 2351/2351 2352/2352
f 2352/2352 2351/2351 2353/2353
f 2354/2354 2355/2355 2356/2356
f 2356/2356 2355/2355 2357/2357
f 2356/2356 2357/2357 2353/2353
f 2353/2353 2357/2357 2358/2358
f 2353/2353 2358/2358 2352/2352
f 2165/2165 2188/2188 2166/2166
f 2166/2166 2188/2188 2185/2185
f 2166/2166 2185/2185 2202/2202
f 2202/2202 2185/2185 2187/2187
f 2202/2202 2187/2187 2201/2201
f 2201/2201 2187/2187 2337/2337
f 2201/2201 2337/2337 2200/2200
f 2200/2200 2337/2337 2338/2338
f 2200/2200 2338/2338 2198/2198
f 2198/2198 2338/2338 2339/2339
f 2198/2198 2339/2339 1600/1600
f 1600/1600 2339/2339 2340/2340
f 1600/1600 2340/2340 1597/1597
f 1597/1597 2340/2340 2341/2341
f 1597/1597 2341/2341 1598/1598
f 1598/1598 2341/2341 2342/2342
f 1598/1598 2342/2342 2315/2315
f 2315/2315 2342/2342 2359/2359
f 2315/2315 2359/2359 2316/2316
f 2321/2321 2360/2360 2319/2319
f 2319/2319 2360/2360 2361/2361
f 2319/2319 2361/2361 1594/1594
f 1594/1594 2361/2361 2362/2362
f 1594/1594 2362/2362 1595/1595
f 2363/2363 2364/2364 2365/2365
f 2365/2365 2364/2364 2366/2366
f 2365/2365 2366/2366 2367/2367
f 2367/2367 2366/2366 2368/2368
f 2369/2369 2370/2370 2371/2371
f 2371/2371 2370/2370 2285/2285
f 2371/2371 2285/2285 2372/2372
f 2372/2372 2285/2285 2284/2284
f 1724/1724 2373/2373 1727/1727
f 1727/1727 2373/2373 2374/2374
f 1727/1727 2374/2374 1725/1725
f 1725/1725 2374/2374 2375/2375
f 1725/1725 2375/2375 2160/2160
f 2160/2160 2375/2375 2376/2376
f 2160/2160 2376/2376 2159/2159
f 2159/2159 2376/2376 2377/2377
f 2159/2159 2377/2377 2158/2158
f 2158/2158 2377/2377 2378/2378
f 2158/2158 2378/2378 2184/2184
f 2184/2184 2378/2378 2379/2379
f 2184/2184 2379/2379 2183/2183
f 2183/2183 2379/2379 2380/2380
f 2183/2183 2380/2380 2162/2162
f 2162/2162 2380/2380 2381/2381
f 2382/2382 2383/2383 2384/2384
f 2384/2384 2383/2383 2385/2385
f 2384/2384 2385/2385 2386/2386
f 2386/2386 2385/2385 2387/2387
f 2386/2386 2387/2387 2388/2388
f 2389/2389 2390/2390 2391/2391
f 2391/2391 2390/2390 2392/2392
f 2391/2391 2392/2392 2393/2393
f 1592/1592 1591/1591 2394/2394
f 2351/2351 2395/2395 2353/2353
f 2353/2353 2395/2395 2396/2396
f 2353/2353 2396/2396 2356/2356
f 2356/2356 2396/2396 2397/2397
f 2356/2356 2397/2397 2354/2354
f 2354/2354 2397/2397 2343/2343
f 2354/2354 2343/2343 2398/2398
f 2398/2398 2343/2343 2345/2345
f 2398/2398 2345/2345 2399/2399
f 2399/2399 2345/2345 2347/2347
f 2399/2399 2347/2347 2400/2400
f 2401/2401 2402/2402 2403/2403
f 2404/2404 2405/2405 2406/2406
f 2406/2406 2405/2405 2402/2402
f 2406/2406 2402/2402 2407/2407
f 2407/2407 2402/2402 2401/2401
f 2407/2407 2401/2401 2408/2408
f 2409/2409 2404/2404 2410/2410
f 2410/2410 2404/2404 2406/2406
f 2410/2410 2406/2406 2411/2411
f 2411/2411 2406/2406 2407/2407
f 2411/2411 2407/2407 2412/2412
f 2412/2412 2407/2407 2408/2408
f 2412/2412 2408/2408 2413/2413
f 2367/2367 2414/2414 2365/2365
f 2365/2365 2414/2414 2415/2415
f 2365/2365 2415/2415 2363/2363
f 2363/2363 2415/2415 2416/2416
f 2417/2417 2418/2418 2416/2416
f 1587/1587 2419/2419 2420/2420
f 2420/2420 2419/2419 2421/2421
f 2420/2420 2421/2421 2422/2422
f 2422/2422 2421/2421 2423/2423
f 2422/2422 2423/2423 2424/2424
f 2424/2424 2423/2423 2425/2425
f 2416/2416 2415/2415 2417/2417
f 2417/2417 2415/2415 2426/2426
f 2417/2417 2426/2426 2427/2427
f 2372/2372 2428/2428 2371/2371
f 2371/2371 2428/2428 2393/2393
f 2371/2371 2393/2393 2369/2369
f 2369/2369 2393/2393 2392/2392
f 2369/2369 2392/2392 2429/2429
f 2429/2429 2392/2392 2390/2390
f 2429/2429 2390/2390 2430/2430
f 2430/2430 2390/2390 2389/2389
f 2430/2430 2389/2389 2431/2431
f 1666/1666 2432/2432 2433/2433
f 2433/2433 2432/2432 2434/2434
f 2433/2433 2434/2434 2400/2400
f 2400/2400 2434/2434 2435/2435
f 2400/2400 2435/2435 2399/2399
f 2399/2399 2435/2435 2436/2436
f 2399/2399 2436/2436 2398/2398
f 2398/2398 2436/2436 2437/2437
f 2398/2398 2437/2437 2354/2354
f 2354/2354 2437/2437 2438/2438
f 2354/2354 2438/2438 2355/2355
f 2413/2413 2439/2439 2440/2440
f 2413/2413 2440/2440 2412/2412
f 2412/2412 2440/2440 2441/2441
f 2412/2412 2441/2441 2411/2411
f 2411/2411 2441/2441 2442/2442
f 2411/2411 2442/2442 2410/2410
f 2410/2410 2442/2442 2443/2443
f 2410/2410 2443/2443 2409/2409
f 2403/2403 2402/2402 2444/2444
f 2444/2444 2402/2402 2405/2405
f 2444/2444 2405/2405 2445/2445
f 2445/2445 2405/2405 2404/2404
f 2445/2445 2404/2404 2446/2446
f 2446/2446 2404/2404 2409/2409
f 2446/2446 2409/2409 2447/2447
f 2447/2447 2409/2409 2443/2443
f 2447/2447 2443/2443 2448/2448
f 2448/2448 2443/2443 2449/2449
f 2449/2449 2443/2443 2442/2442
f 2449/2449 2442/2442 2450/2450
f 2450/2450 2442/2442 2441/2441
f 2450/2450 2441/2441 2451/2451
f 2451/2451 2441/2441 2440/2440
f 2451/2451 2440/2440 2452/2452
f 2452/2452 2440/2440 2439/2439
f 2452/2452 2439/2439 2453/2453
f 2428/2428 2382/2382 2393/2393
f 2393/2393 2382/2382 2384/2384
f 2393/2393 2384/2384 2391/2391
f 2391/2391 2384/2384 2386/2386
f 2391/2391 2386/2386 2389/2389
f 2389/2389 2386/2386 2388/2388
f 2389/2389 2388/2388 2431/2431
f 2431/2431 2388/2388 1715/1715
f 2431/2431 1715/1715 1713/1713
f 1713/1713 1715/1715 1717/1717
f 1713/1713 1717/1717 1714/1714
f 1664/1664 1666/1666 1713/1713
f 1713/1713 1666/1666 2433/2433
f 1713/1713 2433/2433 2431/2431
f 2431/2431 2433/2433 2400/2400
f 2431/2431 2400/2400 2430/2430
f 2430/2430 2400/2400 2347/2347
f 2430/2430 2347/2347 2429/2429
f 2429/2429 2347/2347 2346/2346
f 2429/2429 2346/2346 2369/2369
f 2369/2369 2346/2346 2344/2344
f 2369/2369 2344/2344 2370/2370
f 1668/1668 1708/1708 1669/1669
f 1669/1669 1708/1708 1710/1710
f 1669/1669 1710/1710 2454/2454
f 2454/2454 1710/1710 1712/1712
f 2454/2454 1712/1712 2455/2455
f 2455/2455 1712/1712 2456/2456
f 2455/2455 2456/2456 2457/2457
f 2457/2457 2456/2456 2458/2458
f 2457/2457 2458/2458 2394/2394
f 2394/2394 2458/2458 2459/2459
f 2394/2394 2459/2459 1592/1592
f 1592/1592 2459/2459 2460/2460
f 1592/1592 2460/2460 1590/1590
f 1590/1590 2460/2460 2461/2461
f 1709/1709 1703/1703 1711/1711
f 1711/1711 1703/1703 1705/1705
f 1711/1711 1705/1705 1712/1712
f 1712/1712 1705/1705 1707/1707
f 1712/1712 1707/1707 2456/2456
f 2456/2456 1707/1707 2462/2462
f 2456/2456 2462/2462 2458/2458
f 2458/2458 2462/2462 2463/2463
f 2458/2458 2463/2463 2459/2459
f 2459/2459 2463/2463 2464/2464
f 2459/2459 2464/2464 2460/2460
f 2460/2460 2464/2464 2465/2465
f 2460/2460 2465/2465 2461/2461
f 2461/2461 2465/2465 2466/2466
f 1704/1704 1700/1700 1706/1706
f 1706/1706 1700/1700 1701/1701
f 1706/1706 1701/1701 1707/1707
f 1707/1707 1701/1701 1702/1702
f 1707/1707 1702/1702 2462/2462
f 2462/2462 1702/1702 2467/2467
f 2462/2462 2467/2467 2463/2463
f 2463/2463 2467/2467 2468/2468
f 2463/2463 2468/2468 2464/2464
f 2464/2464 2468/2468 2469/2469
f 2464/2464 2469/2469 2465/2465
f 2465/2465 2469/2469 2470/2470
f 2465/2465 2470/2470 2466/2466
f 2466/2466 2470/2470 2471/2471
f 1671/1671 1697/1697 1672/1672
f 1672/1672 1697/1697 2472/2472
f 1672/1672 2472/2472 1702/1702
f 1702/1702 2472/2472 2453/2453
f 1702/1702 2453/2453 2467/2467
f 2467/2467 2453/2453 2439/2439
f 2467/2467 2439/2439 2468/2468
f 2468/2468 2439/2439 2413/2413
f 2468/2468 2413/2413 2469/2469
f 2469/2469 2413/2413 2408/2408
f 2469/2469 2408/2408 2470/2470
f 2470/2470 2408/2408 2401/2401
f 2470/2470 2401/2401 2471/2471
f 2471/2471 2401/2401 2403/2403
f 1697/1697 1699/1699 2472/2472
f 2472/2472 1699/1699 2473/2473
f 2472/2472 2473/2473 2453/2453
f 2453/2453 2473/2473 2474/2474
f 2453/2453 2474/2474 2452/2452
f 2452/2452 2474/2474 2475/2475
f 2452/2452 2475/2475 2451/2451
f 2451/2451 2475/2475 2476/2476
f 2451/2451 2476/2476 2450/2450
f 2450/2450 2476/2476 2477/2477
f 2450/2450 2477/2477 2449/2449
f 2478/2478 1696/1696 2479/2479
f 2479/2479 1696/1696 1695/1695
f 2479/2479 1695/1695 2480/2480
f 2480/2480 1695/1695 2481/2481
f 2481/2481 1695/1695 1693/1693
f 2481/2481 1693/1693 2482/2482
f 2482/2482 1693/1693 1691/1691
f 2482/2482 1691/1691 2483/2483
f 2483/2483 1691/1691 1690/1690
f 2483/2483 1690/1690 1674/1674
f 1674/1674 1690/1690 2484/2484
f 1674/1674 2484/2484 1675/1675
f 1665/1665 1667/1667 1666/1666
f 1666/1666 1667/1667 1669/1669
f 1666/1666 1669/1669 2432/2432
f 2432/2432 1669/1669 2454/2454
f 2432/2432 2454/2454 2434/2434
f 2434/2434 2454/2454 2455/2455
f 2434/2434 2455/2455 2435/2435
f 2435/2435 2455/2455 2457/2457
f 2435/2435 2457/2457 2436/2436
f 2436/2436 2457/2457 2394/2394
f 2436/2436 2394/2394 2437/2437
f 2437/2437 2394/2394 1591/1591
f 2437/2437 1591/1591 2438/2438
f 2438/2438 1591/1591 1590/1590
f 2438/2438 1590/1590 2355/2355
f 2355/2355 1590/1590 2461/2461
f 2355/2355 2461/2461 2357/2357
f 2357/2357 2461/2461 2466/2466
f 2357/2357 2466/2466 2358/2358
f 2358/2358 2466/2466 2471/2471
f 2358/2358 2471/2471 2352/2352
f 2352/2352 2471/2471 2403/2403
f 2352/2352 2403/2403 2350/2350
f 2350/2350 2403/2403 2444/2444
f 2350/2350 2444/2444 2348/2348
f 2348/2348 2444/2444 2445/2445
f 2348/2348 2445/2445 2485/2485
f 2485/2485 2445/2445 2446/2446
f 2485/2485 2446/2446 2486/2486
f 2486/2486 2446/2446 2447/2447
f 2486/2486 2447/2447 2487/2487
f 2487/2487 2447/2447 2448/2448
f 2487/2487 2448/2448 2488/2488
f 2488/2488 2448/2448 2449/2449
f 2488/2488 2449/2449 2489/2489
f 2489/2489 2449/2449 2477/2477
f 1698/1698 2478/2478 1699/1699
f 1699/1699 2478/2478 2479/2479
f 1699/1699 2479/2479 2473/2473
f 2473/2473 2479/2479 2480/2480
f 2473/2473 2480/2480 2474/2474
f 2474/2474 2480/2480 2481/2481
f 2474/2474 2481/2481 2475/2475
f 2475/2475 2481/2481 2482/2482
f 2475/2475 2482/2482 2476/2476
f 2476/2476 2482/2482 2483/2483
f 2476/2476 2483/2483 2477/2477
f 2477/2477 2483/2483 1674/1674
f 2477/2477 1674/1674 2489/2489
f 2489/2489 1674/1674 1588/1588
f 2489/2489 1588/1588 2488/2488
f 2488/2488 1588/1588 1587/1587
f 2488/2488 1587/1587 2487/2487
f 2487/2487 1587/1587 2420/2420
f 2487/2487 2420/2420 2486/2486
f 2486/2486 2420/2420 2422/2422
f 2486/2486 2422/2422 2485/2485
f 2485/2485 2422/2422 2424/2424
f 2485/2485 2424/2424 2348/2348
f 2348/2348 2424/2424 2425/2425
f 2348/2348 2425/2425 2349/2349
f 2426/2426 2490/2490 2427/2427
f 2427/2427 2490/2490 2491/2491
f 2427/2427 2491/2491 1687/1687
f 1689/1689 2492/2492 1687/1687
f 1687/1687 2492/2492 2493/2493
f 1687/1687 2493/2493 2427/2427
f 2427/2427 2493/2493 2494/2494
f 2427/2427 2494/2494 2417/2417
f 2417/2417 2494/2494 2495/2495
f 2417/2417 2495/2495 2418/2418
f 2301/2301 2496/2496 2325/2325
f 2325/2325 2496/2496 2497/2497
f 2325/2325 2497/2497 2326/2326
f 2326/2326 2497/2497 2498/2498
f 2326/2326 2498/2498 2342/2342
f 2342/2342 2498/2498 2499/2499
f 2342/2342 2499/2499 2359/2359
f 2359/2359 2499/2499 1595/1595
f 2359/2359 1595/1595 2316/2316
f 2316/2316 1595/1595 2362/2362
f 2316/2316 2362/2362 2318/2318
f 2318/2318 2362/2362 2361/2361
f 2318/2318 2361/2361 2219/2219
f 2219/2219 2361/2361 2360/2360
f 2219/2219 2360/2360 2218/2218
f 2218/2218 2360/2360 2321/2321
f 2218/2218 2321/2321 2216/2216
f 2216/2216 2321/2321 2320/2320
f 2216/2216 2320/2320 2214/2214
f 2214/2214 2320/2320 2500/2500
f 2214/2214 2500/2500 2267/2267
f 2267/2267 2500/2500 2501/2501
f 2267/2267 2501/2501 2268/2268
f 2268/2268 2501/2501 2502/2502
f 2268/2268 2502/2502 2270/2270
f 2270/2270 2502/2502 2503/2503
f 2270/2270 2503/2503 2271/2271
f 2504/2504 2505/2505 2506/2506
f 46/46 2506/2506 47/47
f 47/47 2506/2506 2505/2505
f 1689/1689 1681/1681 2492/2492
f 2492/2492 1681/1681 1683/1683
f 2492/2492 1683/1683 2493/2493
f 2493/2493 1683/1683 1585/1585
f 2493/2493 1585/1585 2494/2494
f 2494/2494 1585/1585 1584/1584
f 2494/2494 1584/1584 2495/2495
f 1679/1679 2507/2507 1586/1586
f 1586/1586 2507/2507 2508/2508
f 1586/1586 2508/2508 1584/1584
f 1584/1584 2508/2508 2509/2509
f 1584/1584 2509/2509 2495/2495
f 2495/2495 2509/2509 2510/2510
f 2495/2495 2510/2510 2418/2418
f 2418/2418 2510/2510 2511/2511
f 2418/2418 2511/2511 2416/2416
f 2416/2416 2511/2511 2512/2512
f 2416/2416 2512/2512 2363/2363
f 1680/1680 1677/1677 1679/1679
f 1679/1679 1677/1677 44/44
f 1679/1679 44/44 2507/2507
f 2507/2507 44/44 43/43
f 43/43 47/47 2507/2507
f 2507/2507 47/47 2505/2505
f 2507/2507 2505/2505 2508/2508
f 2508/2508 2505/2505 2504/2504
f 2508/2508 2504/2504 2509/2509
f 2509/2509 2504/2504 2513/2513
f 2509/2509 2513/2513 2510/2510
f 2510/2510 2513/2513 2514/2514
f 2510/2510 2514/2514 2511/2511
f 2511/2511 2514/2514 2515/2515
f 2511/2511 2515/2515 2512/2512
f 2496/2496 2368/2368 2497/2497
f 2497/2497 2368/2368 2366/2366
f 2497/2497 2366/2366 2498/2498
f 2498/2498 2366/2366 2364/2364
f 2498/2498 2364/2364 2499/2499
f 2499/2499 2364/2364 2363/2363
f 2499/2499 2363/2363 1595/1595
f 1595/1595 2363/2363 2512/2512
f 1595/1595 2512/2512 1593/1593
f 1593/1593 2512/2512 2515/2515
f 1593/1593 2515/2515 2320/2320
f 2320/2320 2515/2515 2514/2514
f 2320/2320 2514/2514 2500/2500
f 2500/2500 2514/2514 2513/2513
f 2500/2500 2513/2513 2501/2501
f 2501/2501 2513/2513 2504/2504
f 2501/2501 2504/2504 2502/2502
f 2502/2502 2504/2504 2506/2506
f 2502/2502 2506/2506 2503/2503
f 2503/2503 2506/2506 46/46
f 2503/2503 46/46 732/732
f 1460/1460 2516/2516 1458/1458
f 1458/1458 2516/2516 2517/2517
f 1458/1458 2517/2517 1467/1467
f 2518/2518 2519/2519 2520/2520
f 2520/2520 2519/2519 2521/2521
f 2520/2520 2521/2521 2522/2522
f 2523/2523 2524/2524 2525/2525
f 2526/2526 2527/2527 2528/2528
f 2528/2528 2527/2527 2529/2529
f 2528/2528 2529/2529 2530/2530
f 2530/2530 2529/2529 2531/2531
f 2530/2530 2531/2531 2532/2532
f 2532/2532 2531/2531 2533/2533
f 2532/2532 2533/2533 2534/2534
f 2534/2534 2533/2533 1472/1472
f 2534/2534 1472/1472 1465/1465
f 2527/2527 2535/2535 2529/2529
f 2529/2529 2535/2535 2536/2536
f 2529/2529 2536/2536 2531/2531
f 2531/2531 2536/2536 2537/2537
f 2531/2531 2537/2537 2533/2533
f 2533/2533 2537/2537 1470/1470
f 2533/2533 1470/1470 1472/1472
f 1583/1583 1582/1582 2538/2538
f 2538/2538 1582/1582 2539/2539
f 2538/2538 2539/2539 2540/2540
f 2541/2541 2542/2542 2543/2543
f 1581/1581 2544/2544 1579/1579
f 1579/1579 2544/2544 2545/2545
f 1579/1579 2545/2545 1582/1582
f 1582/1582 2545/2545 2546/2546
f 1582/1582 2546/2546 2539/2539
f 2547/2547 2548/2548 2549/2549
f 2549/2549 2548/2548 2550/2550
f 2549/2549 2550/2550 2551/2551
f 2548/2548 2552/2552 2550/2550
f 2550/2550 2552/2552 2553/2553
f 2550/2550 2553/2553 2551/2551
f 2551/2551 2553/2553 2554/2554
f 2551/2551 2554/2554 2555/2555
f 2555/2555 2554/2554 2556/2556
f 2555/2555 2556/2556 2557/2557
f 2558/2558 2559/2559 2560/2560
f 2560/2560 2559/2559 2561/2561
f 2560/2560 2561/2561 2562/2562
f 2562/2562 2561/2561 2563/2563
f 2562/2562 2563/2563 2564/2564
f 2564/2564 2563/2563 2565/2565
f 2564/2564 2565/2565 2566/2566
f 2566/2566 2565/2565 2525/2525
f 2566/2566 2525/2525 2518/2518
f 2518/2518 2525/2525 2524/2524
f 2518/2518 2524/2524 2519/2519
f 2542/2542 2541/2541 2567/2567
f 2567/2567 2541/2541 2568/2568
f 2567/2567 2568/2568 2569/2569
f 2569/2569 2568/2568 2547/2547
f 2569/2569 2547/2547 2570/2570
f 2570/2570 2547/2547 2549/2549
f 2570/2570 2549/2549 2571/2571
f 2571/2571 2549/2549 2551/2551
f 2571/2571 2551/2551 2381/2381
f 2381/2381 2551/2551 2555/2555
f 2381/2381 2555/2555 2162/2162
f 2162/2162 2555/2555 2557/2557
f 2162/2162 2557/2557 2163/2163
f 2572/2572 2573/2573 2574/2574
f 2574/2574 2573/2573 2575/2575
f 2574/2574 2575/2575 2576/2576
f 2576/2576 2575/2575 2577/2577
f 2578/2578 2579/2579 2580/2580
f 2580/2580 2579/2579 2581/2581
f 2580/2580 2581/2581 2582/2582
f 2582/2582 2581/2581 2583/2583
f 2582/2582 2583/2583 2584/2584
f 2585/2585 2526/2526 2586/2586
f 2586/2586 2526/2526 2528/2528
f 2586/2586 2528/2528 2587/2587
f 2587/2587 2528/2528 2530/2530
f 2587/2587 2530/2530 2588/2588
f 2588/2588 2530/2530 2532/2532
f 2588/2588 2532/2532 2589/2589
f 2589/2589 2532/2532 2534/2534
f 2589/2589 2534/2534 2590/2590
f 2590/2590 2534/2534 1465/1465
f 2590/2590 1465/1465 1467/1467
f 1614/1614 1613/1613 2577/2577
f 2591/2591 2577/2577 2167/2167
f 2167/2167 2577/2577 1613/1613
f 2167/2167 1613/1613 2165/2165
f 2165/2165 1613/1613 1615/1615
f 2165/2165 1615/1615 2294/2294
f 2592/2592 2593/2593 2594/2594
f 2594/2594 2593/2593 2595/2595
f 2594/2594 2595/2595 2596/2596
f 2596/2596 2595/2595 2597/2597
f 2596/2596 2597/2597 2598/2598
f 2598/2598 2597/2597 2578/2578
f 2578/2578 2580/2580 2598/2598
f 2598/2598 2580/2580 2582/2582
f 2598/2598 2582/2582 2596/2596
f 2596/2596 2582/2582 2584/2584
f 2596/2596 2584/2584 2594/2594
f 2585/2585 2599/2599 2600/2600
f 2600/2600 2599/2599 2601/2601
f 2600/2600 2601/2601 2602/2602
f 2602/2602 2601/2601 2603/2603
f 2602/2602 2603/2603 2604/2604
f 2604/2604 2592/2592 2602/2602
f 2602/2602 2592/2592 2594/2594
f 2602/2602 2594/2594 2600/2600
f 2600/2600 2594/2594 2584/2584
f 2600/2600 2584/2584 2585/2585
f 2585/2585 2584/2584 2583/2583
f 2585/2585 2583/2583 2526/2526
f 2526/2526 2583/2583 2581/2581
f 2526/2526 2581/2581 2527/2527
f 2527/2527 2581/2581 2579/2579
f 2527/2527 2579/2579 2535/2535
f 732/732 2274/2274 2503/2503
f 2503/2503 2274/2274 2272/2272
f 2503/2503 2272/2272 2271/2271
f 2271/2271 2272/2272 2264/2264
f 2271/2271 2264/2264 2306/2306
f 2306/2306 2264/2264 2257/2257
f 2306/2306 2257/2257 2307/2307
f 2307/2307 2257/2257 2259/2259
f 2307/2307 2259/2259 2308/2308
f 2308/2308 2259/2259 2261/2261
f 2308/2308 2261/2261 2309/2309
f 2309/2309 2261/2261 2263/2263
f 2309/2309 2263/2263 2310/2310
f 2310/2310 2263/2263 1612/1612
f 2310/2310 1612/1612 2311/2311
f 2311/2311 1612/1612 1611/1611
f 2311/2311 1611/1611 2312/2312
f 2312/2312 1611/1611 2176/2176
f 2312/2312 2176/2176 2313/2313
f 2313/2313 2176/2176 2178/2178
f 2313/2313 2178/2178 2314/2314
f 2314/2314 2178/2178 2253/2253
f 2314/2314 2253/2253 2168/2168
f 2168/2168 2253/2253 2252/2252
f 2168/2168 2252/2252 2167/2167
f 2167/2167 2252/2252 2251/2251
f 2167/2167 2251/2251 2591/2591
f 2523/2523 2525/2525 2605/2605
f 2605/2605 2525/2525 2565/2565
f 2605/2605 2565/2565 2572/2572
f 2572/2572 2565/2565 2563/2563
f 2572/2572 2563/2563 2573/2573
f 2573/2573 2563/2563 2561/2561
f 2573/2573 2561/2561 2575/2575
f 2575/2575 2561/2561 2559/2559
f 2575/2575 2559/2559 2577/2577
f 2577/2577 2559/2559 2558/2558
f 2577/2577 2558/2558 1614/1614
f 1614/1614 2558/2558 2277/2277
f 1614/1614 2277/2277 1615/1615
f 1615/1615 2277/2277 2279/2279
f 1615/1615 2279/2279 2294/2294
f 2294/2294 2279/2279 2281/2281
f 2294/2294 2281/2281 2286/2286
f 2286/2286 2281/2281 2283/2283
f 2286/2286 2283/2283 2287/2287
f 2287/2287 2283/2283 2285/2285
f 2287/2287 2285/2285 2289/2289
f 2289/2289 2285/2285 2370/2370
f 2289/2289 2370/2370 2290/2290
f 2290/2290 2370/2370 2344/2344
f 2290/2290 2344/2344 2291/2291
f 2291/2291 2344/2344 2343/2343
f 2291/2291 2343/2343 2292/2292
f 2292/2292 2343/2343 2397/2397
f 2292/2292 2397/2397 2300/2300
f 2300/2300 2397/2397 2396/2396
f 2300/2300 2396/2396 2301/2301
f 2301/2301 2396/2396 2395/2395
f 2301/2301 2395/2395 2496/2496
f 2496/2496 2395/2395 2351/2351
f 2496/2496 2351/2351 2368/2368
f 2368/2368 2351/2351 2349/2349
f 2368/2368 2349/2349 2367/2367
f 2367/2367 2349/2349 2425/2425
f 2367/2367 2425/2425 2414/2414
f 2414/2414 2425/2425 2423/2423
f 2414/2414 2423/2423 2415/2415
f 2415/2415 2423/2423 2421/2421
f 2415/2415 2421/2421 2426/2426
f 2426/2426 2421/2421 2419/2419
f 2426/2426 2419/2419 2490/2490
f 2490/2490 2419/2419 1587/1587
f 2490/2490 1587/1587 2491/2491
f 2491/2491 1587/1587 1589/1589
f 2491/2491 1589/1589 1687/1687
f 1687/1687 1589/1589 1673/1673
f 1687/1687 1673/1673 1688/1688
f 1688/1688 1673/1673 1675/1675
f 1688/1688 1675/1675 1689/1689
f 2593/2593 2606/2606 2595/2595
f 2595/2595 2606/2606 2607/2607
f 2595/2595 2607/2607 2597/2597
f 2597/2597 2607/2607 2608/2608
f 2597/2597 2608/2608 2578/2578
f 2578/2578 2608/2608 2609/2609
f 2578/2578 2609/2609 2579/2579
f 2579/2579 2609/2609 2610/2610
f 2579/2579 2610/2610 2535/2535
f 2535/2535 2610/2610 2611/2611
f 2535/2535 2611/2611 2536/2536
f 2536/2536 2611/2611 2612/2612
f 2536/2536 2612/2612 2537/2537
f 2537/2537 2612/2612 1477/1477
f 2537/2537 1477/1477 1470/1470
f 1402/1402 1577/1577 1499/1499
f 1499/1499 1577/1577 1576/1576
f 1499/1499 1576/1576 1497/1497
f 2613/2613 1578/1578 2614/2614
f 2614/2614 1578/1578 1577/1577
f 2614/2614 1577/1577 2615/2615
f 2615/2615 1577/1577 1402/1402
f 2615/2615 1402/1402 1401/1401
f 1495/1495 1497/1497 1575/1575
f 1575/1575 1497/1497 1576/1576
f 1575/1575 1576/1576 2616/2616
f 2616/2616 1576/1576 1578/1578
f 2616/2616 1578/1578 2617/2617
f 2617/2617 1578/1578 2613/2613
f 2617/2617 2613/2613 1574/1574
f 1574/1574 2613/2613 1573/1573
f 1573/1573 2613/2613 2618/2618
f 1573/1573 2618/2618 1571/1571
f 2606/2606 2619/2619 2607/2607
f 2607/2607 2619/2619 1571/1571
f 2607/2607 1571/1571 2608/2608
f 2608/2608 1571/1571 2618/2618
f 2608/2608 2618/2618 2609/2609
f 2609/2609 2618/2618 2613/2613
f 2609/2609 2613/2613 2610/2610
f 2610/2610 2613/2613 2614/2614
f 2610/2610 2614/2614 2611/2611
f 2611/2611 2614/2614 2615/2615
f 2611/2611 2615/2615 2612/2612
f 2612/2612 2615/2615 1401/1401
f 2612/2612 1401/1401 1477/1477
f 1489/1489 1491/1491 2620/2620
f 2620/2620 1491/1491 2621/2621
f 2620/2620 2621/2621 2622/2622
f 2622/2622 2621/2621 2623/2623
f 2622/2622 2623/2623 2624/2624
f 2624/2624 2623/2623 2625/2625
f 2624/2624 2625/2625 2626/2626
f 2626/2626 2625/2625 2627/2627
f 2626/2626 2627/2627 2628/2628
f 2628/2628 2627/2627 2629/2629
f 2628/2628 2629/2629 2630/2630
f 2630/2630 2629/2629 2631/2631
f 2630/2630 2631/2631 2632/2632
f 2628/2628 2633/2633 2626/2626
f 2626/2626 2633/2633 2634/2634
f 2626/2626 2634/2634 2624/2624
f 2624/2624 2634/2634 2635/2635
f 2624/2624 2635/2635 2622/2622
f 2622/2622 2635/2635 2636/2636
f 2622/2622 2636/2636 2620/2620
f 2620/2620 2636/2636 2637/2637
f 2620/2620 2637/2637 1489/1489
f 1489/1489 2637/2637 1487/1487
f 2604/2604 2638/2638 2592/2592
f 2592/2592 2638/2638 2639/2639
f 2592/2592 2639/2639 2593/2593
f 2593/2593 2639/2639 2640/2640
f 2593/2593 2640/2640 2606/2606
f 2606/2606 2640/2640 2641/2641
f 2606/2606 2641/2641 2619/2619
f 2619/2619 2641/2641 2632/2632
f 2619/2619 2632/2632 1571/1571
f 1571/1571 2632/2632 2631/2631
f 1571/1571 2631/2631 1572/1572
f 1572/1572 2631/2631 2629/2629
f 1572/1572 2629/2629 1574/1574
f 1574/1574 2629/2629 2627/2627
f 1574/1574 2627/2627 2617/2617
f 2617/2617 2627/2627 2625/2625
f 2617/2617 2625/2625 2616/2616
f 2616/2616 2625/2625 2623/2623
f 2616/2616 2623/2623 1575/1575
f 1575/1575 2623/2623 2621/2621
f 1575/1575 2621/2621 1493/1493
f 1493/1493 2621/2621 1491/1491
f 2642/2642 2643/2643 2644/2644
f 2644/2644 2643/2643 2645/2645
f 2644/2644 2645/2645 2646/2646
f 2646/2646 2645/2645 2647/2647
f 2646/2646 2647/2647 2648/2648
f 2648/2648 2647/2647 2649/2649
f 2648/2648 2649/2649 2650/2650
f 2650/2650 2649/2649 2651/2651
f 2650/2650 2651/2651 2652/2652
f 2652/2652 2651/2651 2653/2653
f 2654/2654 2655/2655 2656/2656
f 2656/2656 2655/2655 2657/2657
f 2656/2656 2657/2657 2658/2658
f 2658/2658 2657/2657 2659/2659
f 2658/2658 2659/2659 2660/2660
f 2660/2660 2659/2659 2661/2661
f 2655/2655 2662/2662 2657/2657
f 2657/2657 2662/2662 2663/2663
f 2657/2657 2663/2663 2659/2659
f 2659/2659 2663/2663 2664/2664
f 2659/2659 2664/2664 2661/2661
f 2664/2664 2665/2665 2661/2661
f 2661/2661 2665/2665 2666/2666
f 2661/2661 2666/2666 2667/2667
f 2667/2667 2666/2666 2668/2668
f 2667/2667 2668/2668 2669/2669
f 2669/2669 2668/2668 2670/2670
f 2669/2669 2670/2670 2671/2671
f 2671/2671 2670/2670 2672/2672
f 2673/2673 2674/2674 2675/2675
f 2675/2675 2674/2674 1397/1397
f 2675/2675 1397/1397 1398/1398
f 2676/2676 2677/2677 2673/2673
f 2673/2673 2677/2677 2678/2678
f 2673/2673 2678/2678 2674/2674
f 2676/2676 2673/2673 2679/2679
f 2679/2679 2673/2673 2675/2675
f 2679/2679 2675/2675 2680/2680
f 2680/2680 2675/2675 1398/1398
f 2680/2680 1398/1398 1399/1399
f 2662/2662 2681/2681 2663/2663
f 2663/2663 2681/2681 2682/2682
f 2663/2663 2682/2682 2664/2664
f 2664/2664 2682/2682 2683/2683
f 2664/2664 2683/2683 2665/2665
f 2665/2665 2683/2683 2677/2677
f 2665/2665 2677/2677 2666/2666
f 2666/2666 2677/2677 2676/2676
f 2666/2666 2676/2676 2668/2668
f 2668/2668 2676/2676 2679/2679
f 2668/2668 2679/2679 2670/2670
f 2670/2670 2679/2679 2680/2680
f 2670/2670 2680/2680 2672/2672
f 2672/2672 2680/2680 1399/1399
f 2672/2672 1399/1399 1400/1400
f 2643/2643 2654/2654 2645/2645
f 2645/2645 2654/2654 2656/2656
f 2645/2645 2656/2656 2647/2647
f 2647/2647 2656/2656 2658/2658
f 2647/2647 2658/2658 2649/2649
f 2649/2649 2658/2658 2660/2660
f 2649/2649 2660/2660 2651/2651
f 2651/2651 2660/2660 2661/2661
f 2651/2651 2661/2661 2653/2653
f 2653/2653 2661/2661 2667/2667
f 2653/2653 2667/2667 2684/2684
f 2684/2684 2667/2667 2669/2669
f 2684/2684 2669/2669 2685/2685
f 2685/2685 2669/2669 2671/2671
f 2685/2685 2671/2671 2686/2686
f 2686/2686 2671/2671 2672/2672
f 2686/2686 2672/2672 2687/2687
f 2687/2687 2672/2672 1400/1400
f 2687/2687 1400/1400 1063/1063
f 2638/2638 2642/2642 2639/2639
f 2639/2639 2642/2642 2644/2644
f 2639/2639 2644/2644 2640/2640
f 2640/2640 2644/2644 2646/2646
f 2640/2640 2646/2646 2641/2641
f 2641/2641 2646/2646 2648/2648
f 2641/2641 2648/2648 2632/2632
f 2632/2632 2648/2648 2650/2650
f 2632/2632 2650/2650 2630/2630
f 2630/2630 2650/2650 2652/2652
f 2630/2630 2652/2652 2628/2628
f 2628/2628 2652/2652 2653/2653
f 2628/2628 2653/2653 2633/2633
f 2633/2633 2653/2653 2684/2684
f 2633/2633 2684/2684 2634/2634
f 2634/2634 2684/2684 2685/2685
f 2634/2634 2685/2685 2635/2635
f 2635/2635 2685/2685 2686/2686
f 2635/2635 2686/2686 2636/2636
f 2636/2636 2686/2686 2687/2687
f 2636/2636 2687/2687 2637/2637
f 2637/2637 2687/2687 1063/1063
f 2637/2637 1063/1063 1487/1487
f 1487/1487 1063/1063 1485/1485
f 1485/1485 1063/1063 1062/1062
f 2688/2688 1414/1414 1416/1416
f 2689/2689 2690/2690 2691/2691
f 2692/2692 1570/1570 2693/2693
f 2693/2693 1570/1570 1421/1421
f 2693/2693 1421/1421 1423/1423
f 2690/2690 2689/2689 2694/2694
f 2694/2694 2689/2689 2695/2695
f 2694/2694 2695/2695 2696/2696
f 2697/2697 1568/1568 2698/2698
f 2698/2698 1568/1568 1567/1567
f 2698/2698 1567/1567 2699/2699
f 1408/1408 2697/2697 1440/1440
f 1440/1440 2697/2697 2698/2698
f 1440/1440 2698/2698 1438/1438
f 1438/1438 2698/2698 2699/2699
f 1438/1438 2699/2699 1436/1436
f 1407/1407 2700/2700 2701/2701
f 2701/2701 2700/2700 2702/2702
f 2701/2701 2702/2702 2703/2703
f 2703/2703 2702/2702 2704/2704
f 2703/2703 2704/2704 2705/2705
f 1569/1569 2706/2706 1567/1567
f 1567/1567 2706/2706 2707/2707
f 1567/1567 2707/2707 2699/2699
f 2699/2699 2707/2707 2708/2708
f 2699/2699 2708/2708 1436/1436
f 1436/1436 2708/2708 2709/2709
f 1436/1436 2709/2709 1445/1445
f 1445/1445 2709/2709 2710/2710
f 1445/1445 2710/2710 1443/1443
f 1443/1443 2710/2710 1450/1450
f 1450/1450 2710/2710 2711/2711
f 1450/1450 2711/2711 1448/1448
f 1448/1448 2711/2711 2712/2712
f 1448/1448 2712/2712 1455/1455
f 1455/1455 2712/2712 2713/2713
f 1455/1455 2713/2713 1404/1404
f 1404/1404 2713/2713 2714/2714
f 1404/1404 2714/2714 1405/1405
f 1405/1405 2714/2714 2715/2715
f 1405/1405 2715/2715 1462/1462
f 2523/2523 2517/2517 2524/2524
f 2524/2524 2517/2517 2516/2516
f 2524/2524 2516/2516 2519/2519
f 2519/2519 2516/2516 2716/2716
f 2519/2519 2716/2716 2521/2521
f 2521/2521 2716/2716 2717/2717
f 2521/2521 2717/2717 2718/2718
f 2718/2718 2717/2717 2719/2719
f 2718/2718 2719/2719 2720/2720
f 2720/2720 2719/2719 2721/2721
f 2720/2720 2721/2721 2722/2722
f 2722/2722 2721/2721 2723/2723
f 2722/2722 2723/2723 2724/2724
f 2724/2724 2723/2723 2725/2725
f 2724/2724 2725/2725 2726/2726
f 2726/2726 2725/2725 2727/2727
f 2726/2726 2727/2727 2728/2728
f 2706/2706 2728/2728 2707/2707
f 2707/2707 2728/2728 2727/2727
f 2707/2707 2727/2727 2708/2708
f 2708/2708 2727/2727 2725/2725
f 2708/2708 2725/2725 2709/2709
f 2709/2709 2725/2725 2723/2723
f 2709/2709 2723/2723 2710/2710
f 2710/2710 2723/2723 2721/2721
f 2710/2710 2721/2721 2711/2711
f 2711/2711 2721/2721 2719/2719
f 2711/2711 2719/2719 2712/2712
f 2712/2712 2719/2719 2717/2717
f 2712/2712 2717/2717 2713/2713
f 2713/2713 2717/2717 2716/2716
f 2713/2713 2716/2716 2714/2714
f 2714/2714 2716/2716 2516/2516
f 2714/2714 2516/2516 2715/2715
f 2715/2715 2516/2516 1460/1460
f 2715/2715 1460/1460 1462/1462
f 2729/2729 2730/2730 2731/2731
f 2731/2731 2730/2730 2732/2732
f 2731/2731 2732/2732 2733/2733
f 2734/2734 2735/2735 2736/2736
f 2736/2736 2735/2735 2737/2737
f 2738/2738 2737/2737 2739/2739
f 2739/2739 2737/2737 2735/2735
f 2739/2739 2735/2735 2729/2729
f 2729/2729 2735/2735 2734/2734
f 2729/2729 2734/2734 2730/2730
f 2740/2740 2741/2741 2742/2742
f 2742/2742 2741/2741 2743/2743
f 2742/2742 2743/2743 2744/2744
f 2744/2744 2743/2743 2745/2745
f 2744/2744 2745/2745 2746/2746
f 2746/2746 2745/2745 2747/2747
f 2746/2746 2747/2747 2748/2748
f 2748/2748 2747/2747 2749/2749
f 2748/2748 2749/2749 2750/2750
f 2750/2750 2749/2749 2751/2751
f 2750/2750 2751/2751 2752/2752
f 2752/2752 2751/2751 2753/2753
f 2752/2752 2753/2753 2754/2754
f 2522/2522 2755/2755 2754/2754
f 2754/2754 2755/2755 2756/2756
f 2754/2754 2756/2756 2752/2752
f 2752/2752 2756/2756 2757/2757
f 2752/2752 2757/2757 2750/2750
f 2750/2750 2757/2757 2758/2758
f 2750/2750 2758/2758 2748/2748
f 2748/2748 2758/2758 2759/2759
f 2748/2748 2759/2759 2746/2746
f 2746/2746 2759/2759 2760/2760
f 2746/2746 2760/2760 2744/2744
f 2744/2744 2760/2760 2761/2761
f 2744/2744 2761/2761 2742/2742
f 2742/2742 2761/2761 2762/2762
f 2742/2742 2762/2762 2740/2740
f 2740/2740 2762/2762 2763/2763
f 2522/2522 2521/2521 2755/2755
f 2755/2755 2521/2521 2718/2718
f 2755/2755 2718/2718 2756/2756
f 2756/2756 2718/2718 2720/2720
f 2756/2756 2720/2720 2757/2757
f 2757/2757 2720/2720 2722/2722
f 2757/2757 2722/2722 2758/2758
f 2758/2758 2722/2722 2724/2724
f 2758/2758 2724/2724 2759/2759
f 2759/2759 2724/2724 2726/2726
f 2759/2759 2726/2726 2760/2760
f 2760/2760 2726/2726 2728/2728
f 2760/2760 2728/2728 2761/2761
f 2761/2761 2728/2728 2706/2706
f 2761/2761 2706/2706 2762/2762
f 2762/2762 2706/2706 1569/1569
f 2762/2762 1569/1569 2763/2763
f 2764/2764 2765/2765 2766/2766
f 2766/2766 2765/2765 2767/2767
f 2766/2766 2767/2767 2768/2768
f 2768/2768 2767/2767 2769/2769
f 2768/2768 2769/2769 2770/2770
f 2770/2770 2769/2769 2771/2771
f 2770/2770 2771/2771 2772/2772
f 2772/2772 2771/2771 2773/2773
f 2772/2772 2773/2773 2774/2774
f 2774/2774 2773/2773 1418/1418
f 2774/2774 1418/1418 1413/1413
f 1411/1411 1779/1779 1413/1413
f 1413/1413 1779/1779 1778/1778
f 1413/1413 1778/1778 2774/2774
f 2774/2774 1778/1778 1776/1776
f 2774/2774 1776/1776 2772/2772
f 2772/2772 1776/1776 1773/1773
f 2772/2772 1773/1773 2770/2770
f 2770/2770 1773/1773 1771/1771
f 2770/2770 1771/1771 2768/2768
f 2768/2768 1771/1771 1769/1769
f 2768/2768 1769/1769 2766/2766
f 2766/2766 1769/1769 1768/1768
f 2766/2766 1768/1768 2764/2764
f 2764/2764 1768/1768 2775/2775
f 2764/2764 2775/2775 2776/2776
f 2776/2776 2775/2775 2777/2777
f 2776/2776 2777/2777 1827/1827
f 1827/1827 2777/2777 2778/2778
f 1827/1827 2778/2778 1828/1828
f 1828/1828 2778/2778 2779/2779
f 1828/1828 2779/2779 1789/1789
f 1789/1789 2779/2779 2780/2780
f 1789/1789 2780/2780 1790/1790
f 1790/1790 2780/2780 2781/2781
f 1790/1790 2781/2781 1786/1786
f 1786/1786 2781/2781 2782/2782
f 1786/1786 2782/2782 1781/1781
f 1781/1781 2782/2782 1766/1766
f 1781/1781 1766/1766 1782/1782
f 1782/1782 1766/1766 1762/1762
f 1782/1782 1762/1762 1784/1784
f 1784/1784 1762/1762 1764/1764
f 1784/1784 1764/1764 1785/1785
f 2783/2783 2784/2784 2785/2785
f 2785/2785 2784/2784 2786/2786
f 2785/2785 2786/2786 2787/2787
f 2787/2787 2786/2786 2788/2788
f 2787/2787 2788/2788 2789/2789
f 2789/2789 2788/2788 2790/2790
f 2789/2789 2790/2790 2791/2791
f 2791/2791 2790/2790 2692/2692
f 2791/2791 2692/2692 2792/2792
f 2792/2792 2692/2692 2693/2693
f 2792/2792 2693/2693 2688/2688
f 2688/2688 2693/2693 1423/1423
f 2688/2688 1423/1423 1414/1414
f 2793/2793 2738/2738 2794/2794
f 2794/2794 2738/2738 2739/2739
f 2794/2794 2739/2739 2696/2696
f 2696/2696 2739/2739 2729/2729
f 2696/2696 2729/2729 2694/2694
f 2694/2694 2729/2729 2731/2731
f 2694/2694 2731/2731 2690/2690
f 2690/2690 2731/2731 2733/2733
f 2690/2690 2733/2733 2691/2691
f 1816/1816 2795/2795 1821/1821
f 1821/1821 2795/2795 2796/2796
f 1821/1821 2796/2796 2797/2797
f 2797/2797 2796/2796 2798/2798
f 2797/2797 2798/2798 2799/2799
f 2799/2799 2798/2798 2800/2800
f 2799/2799 2800/2800 2801/2801
f 2801/2801 2800/2800 2802/2802
f 2801/2801 2802/2802 2783/2783
f 2803/2803 2804/2804 2805/2805
f 2805/2805 2804/2804 2806/2806
f 1837/1837 1822/1822 1835/1835
f 1835/1835 1822/1822 1821/1821
f 1835/1835 1821/1821 1833/1833
f 1833/1833 1821/1821 2797/2797
f 1833/1833 2797/2797 1831/1831
f 1831/1831 2797/2797 2799/2799
f 1831/1831 2799/2799 1829/1829
f 1829/1829 2799/2799 2801/2801
f 1829/1829 2801/2801 1827/1827
f 1827/1827 2801/2801 2783/2783
f 1827/1827 2783/2783 2776/2776
f 2776/2776 2783/2783 2785/2785
f 2776/2776 2785/2785 2764/2764
f 2764/2764 2785/2785 2787/2787
f 2764/2764 2787/2787 2765/2765
f 2765/2765 2787/2787 2789/2789
f 2765/2765 2789/2789 2767/2767
f 2767/2767 2789/2789 2791/2791
f 2767/2767 2791/2791 2769/2769
f 2769/2769 2791/2791 2792/2792
f 2769/2769 2792/2792 2771/2771
f 2771/2771 2792/2792 2688/2688
f 2771/2771 2688/2688 2773/2773
f 2773/2773 2688/2688 1416/1416
f 2773/2773 1416/1416 1418/1418
f 2807/2807 2808/2808 2809/2809
f 2809/2809 2808/2808 2810/2810
f 2809/2809 2810/2810 2811/2811
f 2812/2812 2807/2807 2813/2813
f 2813/2813 2807/2807 2809/2809
f 2813/2813 2809/2809 2814/2814
f 2814/2814 2809/2809 2811/2811
f 2814/2814 2811/2811 2815/2815
f 2793/2793 2815/2815 2738/2738
f 2738/2738 2815/2815 2811/2811
f 2738/2738 2811/2811 2737/2737
f 2737/2737 2811/2811 2810/2810
f 2737/2737 2810/2810 2736/2736
f 2736/2736 2810/2810 2808/2808
f 2736/2736 2808/2808 2816/2816
f 2816/2816 2808/2808 2807/2807
f 2816/2816 2807/2807 2817/2817
f 2817/2817 2807/2807 2812/2812
f 1566/1566 2818/2818 2819/2819
f 1566/1566 1565/1565 2818/2818
f 2818/2818 1565/1565 2820/2820
f 2818/2818 2820/2820 2821/2821
f 2821/2821 2822/2822 2818/2818
f 2818/2818 2822/2822 2823/2823
f 2818/2818 2823/2823 2819/2819
f 2819/2819 2823/2823 2824/2824
f 2819/2819 2824/2824 2825/2825
f 1407/1407 1433/1433 2700/2700
f 2700/2700 1433/1433 1426/1426
f 2700/2700 1426/1426 2702/2702
f 2702/2702 1426/1426 2691/2691
f 2702/2702 2691/2691 2704/2704
f 2704/2704 2691/2691 2733/2733
f 2704/2704 2733/2733 2705/2705
f 2705/2705 2733/2733 2732/2732
f 2705/2705 2732/2732 2826/2826
f 2826/2826 2732/2732 2730/2730
f 2826/2826 2730/2730 2827/2827
f 2827/2827 2730/2730 2734/2734
f 2827/2827 2734/2734 2828/2828
f 2828/2828 2734/2734 2736/2736
f 2828/2828 2736/2736 1564/1564
f 1564/1564 2736/2736 2816/2816
f 1564/1564 2816/2816 1565/1565
f 1565/1565 2816/2816 2817/2817
f 1565/1565 2817/2817 2820/2820
f 1563/1563 1562/1562 2825/2825
f 2825/2825 1562/1562 2829/2829
f 2825/2825 2829/2829 2819/2819
f 2819/2819 2829/2829 2830/2830
f 2819/2819 2830/2830 1566/1566
f 2831/2831 2832/2832 1560/1560
f 1560/1560 2832/2832 2833/2833
f 1560/1560 2833/2833 1558/1558
f 1558/1558 2833/2833 2834/2834
f 2835/2835 1563/1563 2836/2836
f 2836/2836 1563/1563 2825/2825
f 2836/2836 2825/2825 2837/2837
f 2837/2837 2825/2825 2824/2824
f 2837/2837 2824/2824 2838/2838
f 2838/2838 2824/2824 2823/2823
f 2838/2838 2823/2823 2839/2839
f 2839/2839 2823/2823 2822/2822
f 2839/2839 2822/2822 2840/2840
f 2840/2840 2822/2822 2821/2821
f 2840/2840 2821/2821 2841/2841
f 2841/2841 2821/2821 2820/2820
f 2841/2841 2820/2820 2842/2842
f 2842/2842 2820/2820 2817/2817
f 2842/2842 2817/2817 2843/2843
f 2843/2843 2817/2817 2812/2812
f 2843/2843 2812/2812 2844/2844
f 2844/2844 2812/2812 2813/2813
f 2844/2844 2813/2813 2845/2845
f 2845/2845 2813/2813 2814/2814
f 2845/2845 2814/2814 2846/2846
f 2846/2846 2814/2814 2815/2815
f 2846/2846 2815/2815 2847/2847
f 2847/2847 2815/2815 2793/2793
f 2695/2695 2848/2848 2696/2696
f 2696/2696 2848/2848 2849/2849
f 2696/2696 2849/2849 2794/2794
f 2794/2794 2849/2849 2850/2850
f 2794/2794 2850/2850 2793/2793
f 2793/2793 2850/2850 2851/2851
f 2793/2793 2851/2851 2847/2847
f 2847/2847 2851/2851 2806/2806
f 2847/2847 2806/2806 2846/2846
f 2846/2846 2806/2806 2804/2804
f 2846/2846 2804/2804 2845/2845
f 2845/2845 2804/2804 2803/2803
f 2845/2845 2803/2803 2844/2844
f 2844/2844 2803/2803 2852/2852
f 2844/2844 2852/2852 2843/2843
f 2843/2843 2852/2852 2853/2853
f 2843/2843 2853/2853 2842/2842
f 2842/2842 2853/2853 2854/2854
f 2842/2842 2854/2854 2841/2841
f 2841/2841 2854/2854 2855/2855
f 2841/2841 2855/2855 2840/2840
f 2840/2840 2855/2855 2856/2856
f 2840/2840 2856/2856 2839/2839
f 2839/2839 2856/2856 2857/2857
f 2839/2839 2857/2857 2838/2838
f 2838/2838 2857/2857 2858/2858
f 2838/2838 2858/2858 2837/2837
f 2859/2859 2835/2835 2860/2860
f 2860/2860 2835/2835 2836/2836
f 2860/2860 2836/2836 2861/2861
f 2861/2861 2836/2836 2837/2837
f 2861/2861 2837/2837 2862/2862
f 2862/2862 2837/2837 2858/2858
f 1561/1561 1563/1563 2863/2863
f 2863/2863 1563/1563 2835/2835
f 2863/2863 2835/2835 2864/2864
f 2864/2864 2835/2835 2859/2859
f 2864/2864 2859/2859 2865/2865
f 2865/2865 2859/2859 2866/2866
f 2865/2865 2866/2866 2867/2867
f 2868/2868 1914/1914 2869/2869
f 2869/2869 1914/1914 1913/1913
f 2869/2869 1913/1913 2870/2870
f 2870/2870 1913/1913 1894/1894
f 2870/2870 1894/1894 2871/2871
f 2871/2871 1894/1894 1893/1893
f 2871/2871 1893/1893 2872/2872
f 2872/2872 1893/1893 1557/1557
f 2872/2872 1557/1557 2873/2873
f 2873/2873 1557/1557 1556/1556
f 2873/2873 1556/1556 2874/2874
f 2874/2874 1556/1556 2875/2875
f 2874/2874 2875/2875 2831/2831
f 2831/2831 2875/2875 2876/2876
f 2831/2831 2876/2876 2832/2832
f 1895/1895 2877/2877 1893/1893
f 1893/1893 2877/2877 2878/2878
f 1893/1893 2878/2878 1557/1557
f 1557/1557 2878/2878 2879/2879
f 1557/1557 2879/2879 1555/1555
f 1916/1916 2868/2868 1917/1917
f 1917/1917 2868/2868 2869/2869
f 1917/1917 2869/2869 1911/1911
f 1911/1911 2869/2869 2870/2870
f 1911/1911 2870/2870 1909/1909
f 1909/1909 2870/2870 2871/2871
f 1909/1909 2871/2871 1898/1898
f 1898/1898 2871/2871 2872/2872
f 1898/1898 2872/2872 1896/1896
f 1896/1896 2872/2872 2873/2873
f 1896/1896 2873/2873 2867/2867
f 2867/2867 2873/2873 2874/2874
f 2867/2867 2874/2874 2865/2865
f 2865/2865 2874/2874 2831/2831
f 2865/2865 2831/2831 2864/2864
f 2864/2864 2831/2831 1560/1560
f 2864/2864 1560/1560 2863/2863
f 2863/2863 1560/1560 1559/1559
f 2863/2863 1559/1559 1561/1561
f 2805/2805 2880/2880 2803/2803
f 2803/2803 2880/2880 2881/2881
f 2803/2803 2881/2881 2852/2852
f 2852/2852 2881/2881 2882/2882
f 2852/2852 2882/2882 2853/2853
f 2853/2853 2882/2882 2883/2883
f 2853/2853 2883/2883 2854/2854
f 2854/2854 2883/2883 2884/2884
f 2854/2854 2884/2884 2855/2855
f 2855/2855 2884/2884 1798/1798
f 2855/2855 1798/1798 2856/2856
f 2856/2856 1798/1798 1800/1800
f 2856/2856 1800/1800 2857/2857
f 2857/2857 1800/1800 1802/1802
f 2857/2857 1802/1802 2858/2858
f 2858/2858 1802/1802 1804/1804
f 2858/2858 1804/1804 2862/2862
f 2862/2862 1804/1804 1806/1806
f 2862/2862 1806/1806 2861/2861
f 2861/2861 1806/1806 1808/1808
f 2861/2861 1808/1808 2860/2860
f 2860/2860 1808/1808 1807/1807
f 2860/2860 1807/1807 2859/2859
f 2859/2859 1807/1807 2885/2885
f 2859/2859 2885/2885 2866/2866
f 1426/1426 1428/1428 2691/2691
f 2691/2691 1428/1428 1570/1570
f 2691/2691 1570/1570 2689/2689
f 2689/2689 1570/1570 2692/2692
f 2689/2689 2692/2692 2695/2695
f 2695/2695 2692/2692 2790/2790
f 2695/2695 2790/2790 2848/2848
f 2848/2848 2790/2790 2788/2788
f 2848/2848 2788/2788 2849/2849
f 2849/2849 2788/2788 2786/2786
f 2849/2849 2786/2786 2850/2850
f 2850/2850 2786/2786 2784/2784
f 2850/2850 2784/2784 2851/2851
f 2851/2851 2784/2784 2783/2783
f 2851/2851 2783/2783 2806/2806
f 2806/2806 2783/2783 2802/2802
f 2806/2806 2802/2802 2805/2805
f 2805/2805 2802/2802 2800/2800
f 2805/2805 2800/2800 2880/2880
f 2880/2880 2800/2800 2798/2798
f 2880/2880 2798/2798 2881/2881
f 2881/2881 2798/2798 2796/2796
f 2881/2881 2796/2796 2882/2882
f 2882/2882 2796/2796 2795/2795
f 2882/2882 2795/2795 2883/2883
f 2883/2883 2795/2795 1816/1816
f 2883/2883 1816/1816 2884/2884
f 2884/2884 1816/1816 1818/1818
f 2884/2884 1818/1818 1798/1798
f 1798/1798 1818/1818 1820/1820
f 1798/1798 1820/1820 1799/1799
f 1799/1799 1820/1820 1825/1825
f 1799/1799 1825/1825 1810/1810
f 1810/1810 1825/1825 1826/1826
f 1810/1810 1826/1826 1813/1813
f 1716/1716 1715/1715 1718/1718
f 1718/1718 1715/1715 2388/2388
f 1718/1718 2388/2388 1720/1720
f 1720/1720 2388/2388 2387/2387
f 1720/1720 2387/2387 1722/1722
f 1722/1722 2387/2387 2385/2385
f 1722/1722 2385/2385 1724/1724
f 1724/1724 2385/2385 2383/2383
f 1724/1724 2383/2383 2373/2373
f 2373/2373 2383/2383 2382/2382
f 2373/2373 2382/2382 2374/2374
f 2374/2374 2382/2382 2428/2428
f 2374/2374 2428/2428 2375/2375
f 2375/2375 2428/2428 2372/2372
f 2375/2375 2372/2372 2376/2376
f 2376/2376 2372/2372 2284/2284
f 2376/2376 2284/2284 2377/2377
f 2377/2377 2284/2284 2282/2282
f 2377/2377 2282/2282 2378/2378
f 2378/2378 2282/2282 2280/2280
f 2378/2378 2280/2280 2379/2379
f 2379/2379 2280/2280 2278/2278
f 2379/2379 2278/2278 2380/2380
f 2380/2380 2278/2278 2277/2277
f 2380/2380 2277/2277 2381/2381
f 2381/2381 2277/2277 2558/2558
f 2381/2381 2558/2558 2571/2571
f 2571/2571 2558/2558 2560/2560
f 2571/2571 2560/2560 2570/2570
f 2570/2570 2560/2560 2562/2562
f 2570/2570 2562/2562 2569/2569
f 2569/2569 2562/2562 2564/2564
f 2569/2569 2564/2564 2567/2567
f 2567/2567 2564/2564 2566/2566
f 2567/2567 2566/2566 2542/2542
f 2542/2542 2566/2566 2518/2518
f 2542/2542 2518/2518 2543/2543
f 2543/2543 2518/2518 2520/2520
f 2543/2543 2520/2520 2834/2834
f 2834/2834 2520/2520 2522/2522
f 2834/2834 2522/2522 1558/1558
f 1558/1558 2522/2522 2754/2754
f 1558/1558 2754/2754 1559/1559
f 1559/1559 2754/2754 2753/2753
f 1559/1559 2753/2753 1561/1561
f 1561/1561 2753/2753 2751/2751
f 1561/1561 2751/2751 1562/1562
f 1562/1562 2751/2751 2749/2749
f 1562/1562 2749/2749 2829/2829
f 2829/2829 2749/2749 2747/2747
f 2829/2829 2747/2747 2830/2830
f 2830/2830 2747/2747 2745/2745
f 2830/2830 2745/2745 1566/1566
f 1566/1566 2745/2745 2743/2743
f 1566/1566 2743/2743 1564/1564
f 1564/1564 2743/2743 2741/2741
f 1564/1564 2741/2741 2828/2828
f 2828/2828 2741/2741 2740/2740
f 2828/2828 2740/2740 2827/2827
f 2827/2827 2740/2740 2763/2763
f 2827/2827 2763/2763 2826/2826
f 2826/2826 2763/2763 1569/1569
f 2826/2826 1569/1569 2705/2705
f 2705/2705 1569/1569 1568/1568
f 2705/2705 1568/1568 2703/2703
f 2703/2703 1568/1568 2697/2697
f 2703/2703 2697/2697 2701/2701
f 2701/2701 2697/2697 1408/1408
f 2701/2701 1408/1408 1407/1407
f 1467/1467 2517/2517 2590/2590
f 2590/2590 2517/2517 2523/2523
f 2590/2590 2523/2523 2589/2589
f 2589/2589 2523/2523 2605/2605
f 2589/2589 2605/2605 2588/2588
f 2588/2588 2605/2605 2572/2572
f 2588/2588 2572/2572 2587/2587
f 2587/2587 2572/2572 2574/2574
f 2587/2587 2574/2574 2586/2586
f 2586/2586 2574/2574 2576/2576
f 2586/2586 2576/2576 2585/2585
f 2585/2585 2576/2576 2577/2577
f 2585/2585 2577/2577 2599/2599
f 2599/2599 2577/2577 2591/2591
f 2599/2599 2591/2591 2601/2601
f 2601/2601 2591/2591 2251/2251
f 2601/2601 2251/2251 2603/2603
f 2603/2603 2251/2251 2225/2225
f 2603/2603 2225/2225 2604/2604
f 2604/2604 2225/2225 2170/2170
f 2604/2604 2170/2170 2638/2638
f 2638/2638 2170/2170 2169/2169
f 2638/2638 2169/2169 2642/2642
f 2642/2642 2169/2169 2173/2173
f 2642/2642 2173/2173 2643/2643
f 2643/2643 2173/2173 2238/2238
f 2643/2643 2238/2238 2654/2654
f 2654/2654 2238/2238 2239/2239
f 2654/2654 2239/2239 2655/2655
f 2655/2655 2239/2239 2240/2240
f 2655/2655 2240/2240 2662/2662
f 2662/2662 2240/2240 2241/2241
f 2662/2662 2241/2241 2681/2681
f 2681/2681 2241/2241 2242/2242
f 2681/2681 2242/2242 2682/2682
f 2682/2682 2242/2242 2243/2243
f 2682/2682 2243/2243 2683/2683
f 2683/2683 2243/2243 2244/2244
f 2683/2683 2244/2244 2677/2677
f 2677/2677 2244/2244 2246/2246
f 2677/2677 2246/2246 2678/2678
f 2678/2678 2246/2246 2245/2245
f 2678/2678 2245/2245 2674/2674
f 2674/2674 2245/2245 1396/1396
f 2674/2674 1396/1396 1397/1397
f 2008/2008 1648/1648 2005/2005
f 2005/2005 1648/1648 1983/1983
f 2005/2005 1983/1983 1643/1643
f 1643/1643 1983/1983 1985/1985
f 1643/1643 1985/1985 1644/1644
f 1644/1644 1985/1985 1987/1987
f 1644/1644 1987/1987 1932/1932
f 1932/1932 1987/1987 1989/1989
f 1932/1932 1989/1989 1954/1954
f 1954/1954 1989/1989 1991/1991
f 1954/1954 1991/1991 1937/1937
f 1937/1937 1991/1991 1993/1993
f 1937/1937 1993/1993 1938/1938
f 1938/1938 1993/1993 1995/1995
f 1938/1938 1995/1995 1927/1927
f 1927/1927 1995/1995 1997/1997
f 1927/1927 1997/1997 1928/1928
f 1928/1928 1997/1997 1999/1999
f 1928/1928 1999/1999 1930/1930
f 1930/1930 1999/1999 2001/2001
f 1930/1930 2001/2001 1934/1934
f 1934/1934 2001/2001 2003/2003
f 1934/1934 2003/2003 1935/1935
f 1935/1935 2003/2003 1863/1863
f 1935/1935 1863/1863 1926/1926
f 1926/1926 1863/1863 1862/1862
f 1926/1926 1862/1862 1838/1838
f 1838/1838 1862/1862 1864/1864
f 1838/1838 1864/1864 1837/1837
f 1837/1837 1864/1864 1846/1846
f 1837/1837 1846/1846 1822/1822
f 1822/1822 1846/1846 1839/1839
f 1822/1822 1839/1839 1823/1823
f 1823/1823 1839/1839 1841/1841
f 1823/1823 1841/1841 1824/1824
f 1824/1824 1841/1841 1842/1842
f 1824/1824 1842/1842 1826/1826
f 1826/1826 1842/1842 1844/1844
f 1826/1826 1844/1844 1813/1813
f 1813/1813 1844/1844 1843/1843
f 1813/1813 1843/1843 1814/1814
f 1814/1814 1843/1843 1655/1655
f 1814/1814 1655/1655 1815/1815
f 1815/1815 1655/1655 1657/1657
f 1815/1815 1657/1657 1809/1809
f 1809/1809 1657/1657 1858/1858
f 1809/1809 1858/1858 1807/1807
f 1807/1807 1858/1858 1871/1871
f 1807/1807 1871/1871 2885/2885
f 2885/2885 1871/1871 1890/1890
f 2885/2885 1890/1890 2866/2866
f 2866/2866 1890/1890 1889/1889
f 2866/2866 1889/1889 2867/2867
f 2867/2867 1889/1889 1891/1891
f 2867/2867 1891/1891 1896/1896
f 1896/1896 1891/1891 1903/1903
f 1896/1896 1903/1903 1897/1897
f 1897/1897 1903/1903 1904/1904
f 1897/1897 1904/1904 1925/1925
f 1925/1925 1904/1904 1905/1905
f 1925/1925 1905/1905 2014/2014
f 2014/2014 1905/1905 1646/1646
f 2014/2014 1646/1646 2018/2018
f 2018/2018 1646/1646 1648/1648
f 2018/2018 1648/1648 2017/2017
f 2017/2017 1648/1648 2008/2008
f 2017/2017 2008/2008 2016/2016
f 2016/2016 2008/2008 2009/2009
f 2016/2016 2009/2009 1639/1639
f 1639/1639 2009/2009 2025/2025
f 1639/1639 2025/2025 1637/1637
f 1637/1637 2025/2025 2062/2062
f 1637/1637 2062/2062 2087/2087
f 2087/2087 2062/2062 2061/2061
f 2087/2087 2061/2061 2074/2074
f 2074/2074 2061/2061 2060/2060
f 2074/2074 2060/2060 2075/2075
f 2075/2075 2060/2060 2059/2059
f 2075/2075 2059/2059 2077/2077
f 2077/2077 2059/2059 1978/1978
f 2077/2077 1978/1978 2079/2079
f 2079/2079 1978/1978 1977/1977
f 2079/2079 1977/1977 2081/2081
f 2081/2081 1977/1977 1976/1976
f 2081/2081 1976/1976 2083/2083
f 2083/2083 1976/1976 1975/1975
f 2083/2083 1975/1975 2085/2085
f 2085/2085 1975/1975 1754/1754
f 2085/2085 1754/1754 2095/2095
f 2095/2095 1754/1754 2886/2886
f 2095/2095 2886/2886 2096/2096
f 2096/2096 2886/2886 2887/2887
f 2096/2096 2887/2887 2097/2097
f 2097/2097 2887/2887 2888/2888
f 2097/2097 2888/2888 2098/2098
f 2098/2098 2888/2888 2889/2889
f 2098/2098 2889/2889 2105/2105
f 2105/2105 2889/2889 2890/2890
f 2105/2105 2890/2890 2113/2113
f 2113/2113 2890/2890 2891/2891
f 2113/2113 2891/2891 2122/2122
f 2122/2122 2891/2891 1748/1748
f 2122/2122 1748/1748 2123/2123
f 2123/2123 1748/1748 1743/1743
f 2123/2123 1743/1743 2124/2124
f 2124/2124 1743/1743 1742/1742
f 2124/2124 1742/1742 2144/2144
f 2144/2144 1742/1742 1741/1741
f 2144/2144 1741/1741 2073/2073
f 2073/2073 1741/1741 2161/2161
f 2073/2073 2161/2161 2066/2066
f 2066/2066 2161/2161 2155/2155
f 2066/2066 2155/2155 2065/2065
f 2065/2065 2155/2155 2154/2154
f 2065/2065 2154/2154 2064/2064
f 2064/2064 2154/2154 1619/1619
f 2064/2064 1619/1619 2058/2058
f 2058/2058 1619/1619 1621/1621
f 2058/2058 1621/1621 1632/1632
f 1632/1632 1621/1621 2042/2042
f 1632/1632 2042/2042 1633/1633
f 1633/1633 2042/2042 2044/2044
f 1633/1633 2044/2044 2040/2040
f 2040/2040 2044/2044 1924/1924
f 2040/2040 1924/1924 1915/1915
f 1915/1915 1924/1924 1923/1923
f 1915/1915 1923/1923 1916/1916
f 1916/1916 1923/1923 1921/1921
f 1916/1916 1921/1921 2868/2868
f 2868/2868 1921/1921 1919/1919
f 2868/2868 1919/1919 1914/1914
f 1914/1914 1919/1919 1918/1918
f 1914/1914 1918/1918 1912/1912
f 1912/1912 1918/1918 2163/2163
f 1912/1912 2163/2163 1895/1895
f 1895/1895 2163/2163 2557/2557
f 1895/1895 2557/2557 2877/2877
f 2877/2877 2557/2557 2556/2556
f 2877/2877 2556/2556 2878/2878
f 2878/2878 2556/2556 2554/2554
f 2878/2878 2554/2554 2879/2879
f 2879/2879 2554/2554 2553/2553
f 2879/2879 2553/2553 1555/1555
f 1555/1555 2553/2553 2552/2552
f 1555/1555 2552/2552 1556/1556
f 1556/1556 2552/2552 1580/1580
f 1556/1556 1580/1580 2875/2875
f 2875/2875 1580/1580 1579/1579
f 2875/2875 1579/1579 2876/2876
f 2876/2876 1579/1579 1583/1583
f 2876/2876 1583/1583 2832/2832
f 2832/2832 1583/1583 2538/2538
f 2832/2832 2538/2538 2833/2833
f 2833/2833 2538/2538 2540/2540
f 2833/2833 2540/2540 2834/2834
f 2834/2834 2540/2540 2539/2539
f 2834/2834 2539/2539 2543/2543
f 2543/2543 2539/2539 2546/2546
f 2543/2543 2546/2546 2541/2541
f 2541/2541 2546/2546 2545/2545
f 2541/2541 2545/2545 2568/2568
f 2568/2568 2545/2545 2544/2544
f 2568/2568 2544/2544 2547/2547
f 2547/2547 2544/2544 1581/1581
f 2547/2547 1581/1581 2548/2548
f 2548/2548 1581/1581 1580/1580
f 2548/2548 1580/1580 2552/2552
f 1507/1507 1506/1506 2892/2892
f 1492/1492 1490/1490 2893/2893
f 1490/1490 1488/1488 2893/2893
f 2893/2893 1488/1488 1486/1486
f 2893/2893 1486/1486 2894/2894
f 2894/2894 1486/1486 1484/1484
f 2894/2894 1484/1484 2895/2895
f 1492/1492 2893/2893 1494/1494
f 1494/1494 2893/2893 2896/2896
f 1494/1494 2896/2896 1496/1496
f 1496/1496 2896/2896 2897/2897
f 1496/1496 2897/2897 1498/1498
f 2898/2898 1501/1501 2897/2897
f 2897/2897 1501/1501 1500/1500
f 2897/2897 1500/1500 1498/1498
f 1478/1478 1476/1476 2899/2899
f 2899/2899 1476/1476 1475/1475
f 2899/2899 1475/1475 2898/2898
f 2898/2898 1475/1475 1403/1403
f 2898/2898 1403/1403 1501/1501
f 2900/2900 1466/1466 1474/1474
f 2900/2900 1474/1474 2901/2901
f 1474/1474 1473/1473 2901/2901
f 2901/2901 1473/1473 1471/1471
f 2901/2901 1471/1471 2899/2899
f 2899/2899 1471/1471 1479/1479
f 2899/2899 1479/1479 1478/1478
f 2902/2902 1469/1469 2900/2900
f 2900/2900 1469/1469 1468/1468
f 2900/2900 1468/1468 1466/1466
f 2903/2903 1464/1464 2902/2902
f 2902/2902 1464/1464 1463/1463
f 1463/1463 1461/1461 2902/2902
f 2902/2902 1461/1461 1459/1459
f 2902/2902 1459/1459 1469/1469
f 1456/1456 1454/1454 2904/2904
f 2904/2904 1454/1454 1453/1453
f 2904/2904 1453/1453 2903/2903
f 2903/2903 1453/1453 1406/1406
f 2903/2903 1406/1406 1464/1464
f 2905/2905 2906/2906 1452/1452
f 1452/1452 1451/1451 2905/2905
f 2905/2905 1451/1451 1449/1449
f 2905/2905 1449/1449 2904/2904
f 2904/2904 1449/1449 1457/1457
f 2904/2904 1457/1457 1456/1456
f 2907/2907 1437/1437 2906/2906
f 2906/2906 1437/1437 1447/1447
f 1447/1447 1446/1446 2906/2906
f 2906/2906 1446/1446 1444/1444
f 2906/2906 1444/1444 1452/1452
f 1409/1409 1442/1442 2908/2908
f 2908/2908 1442/1442 1441/1441
f 2908/2908 1441/1441 2907/2907
f 2907/2907 1441/1441 1439/1439
f 2907/2907 1439/1439 1437/1437
f 2909/2909 2910/2910 1435/1435
f 1435/1435 1434/1434 2909/2909
f 2909/2909 1434/1434 1432/1432
f 2909/2909 1432/1432 2908/2908
f 2908/2908 1432/1432 1431/1431
f 2908/2908 1431/1431 1409/1409
f 2911/2911 1422/1422 2910/2910
f 2910/2910 1422/1422 1430/1430
f 1430/1430 1429/1429 2910/2910
f 2910/2910 1429/1429 1427/1427
f 2910/2910 1427/1427 1435/1435
f 1417/1417 1415/1415 2912/2912
f 2912/2912 1415/1415 1425/1425
f 2912/2912 1425/1425 2911/2911
f 2911/2911 1425/1425 1424/1424
f 2911/2911 1424/1424 1422/1422
f 1417/1417 2912/2912 1419/1419
f 1419/1419 2912/2912 2913/2913
f 1419/1419 2913/2913 1420/1420
f 1420/1420 2913/2913 1412/1412
f 1412/1412 2913/2913 2914/2914
f 1412/1412 2914/2914 1410/1410
f 1554/1554 2915/2915 1553/1553
f 1553/1553 2915/2915 2916/2916
f 1553/1553 2916/2916 1552/1552
f 1552/1552 2916/2916 1551/1551
f 1551/1551 2916/2916 2917/2917
f 1551/1551 2917/2917 1550/1550
f 1546/1546 1547/1547 2918/2918
f 2918/2918 1547/1547 1548/1548
f 2918/2918 1548/1548 2917/2917
f 2917/2917 1548/1548 1549/1549
f 2917/2917 1549/1549 1550/1550
f 1546/1546 2918/2918 1545/1545
f 1545/1545 2918/2918 2919/2919
f 1545/1545 2919/2919 1544/1544
f 1540/1540 1541/1541 2920/2920
f 2920/2920 1541/1541 1542/1542
f 2920/2920 1542/1542 2919/2919
f 2919/2919 1542/1542 1543/1543
f 2919/2919 1543/1543 1544/1544
f 1540/1540 2920/2920 1539/1539
f 1539/1539 2920/2920 2921/2921
f 1539/1539 2921/2921 1532/1532
f 1536/1536 1535/1535 2922/2922
f 2922/2922 1535/1535 1534/1534
f 2922/2922 1534/1534 2921/2921
f 2921/2921 1534/1534 1533/1533
f 2921/2921 1533/1533 1532/1532
f 1536/1536 2922/2922 1537/1537
f 1537/1537 2922/2922 2923/2923
f 1537/1537 2923/2923 1538/1538
f 1526/1526 1531/1531 2924/2924
f 2924/2924 1531/1531 1530/1530
f 2924/2924 1530/1530 2923/2923
f 2923/2923 1530/1530 1529/1529
f 2923/2923 1529/1529 1538/1538
f 1526/1526 2924/2924 1527/1527
f 1527/1527 2924/2924 2925/2925
f 1527/1527 2925/2925 1528/1528
f 1522/1522 1525/1525 2926/2926
f 2926/2926 1525/1525 1524/1524
f 2926/2926 1524/1524 2925/2925
f 2925/2925 1524/1524 1523/1523
f 2925/2925 1523/1523 1528/1528
f 1522/1522 2926/2926 1521/1521
f 1521/1521 2926/2926 2927/2927
f 1521/1521 2927/2927 1520/1520
f 1516/1516 1517/1517 2928/2928
f 2928/2928 1517/1517 1518/1518
f 2928/2928 1518/1518 2927/2927
f 2927/2927 1518/1518 1519/1519
f 2927/2927 1519/1519 1520/1520
f 1516/1516 2928/2928 1515/1515
f 1515/1515 2928/2928 2929/2929
f 1515/1515 2929/2929 1514/1514
f 1510/1510 1511/1511 2930/2930
f 2930/2930 1511/1511 1512/1512
f 2930/2930 1512/1512 2929/2929
f 2929/2929 1512/1512 1513/1513
f 2929/2929 1513/1513 1514/1514
f 1510/1510 2930/2930 1509/1509
f 1509/1509 2930/2930 2931/2931
f 1509/1509 2931/2931 1502/1502
f 1506/1506 1505/1505 2892/2892
f 2892/2892 1505/1505 1504/1504
f 2892/2892 1504/1504 2931/2931
f 2931/2931 1504/1504 1503/1503
f 2931/2931 1503/1503 1502/1502
f 2932/2932 1480/1480 2892/2892
f 2892/2892 1480/1480 1508/1508
f 2892/2892 1508/1508 1507/1507
f 1484/1484 1483/1483 2895/2895
f 2895/2895 1483/1483 1482/1482
f 2895/2895 1482/1482 2932/2932
f 2932/2932 1482/1482 1481/1481
f 2932/2932 1481/1481 1480/1480
