-137.500 5.784 2.022 0.496 0.506 -0.504 -0.494 50.000 0.000 0.000000 0 100.000
-137.479 5.528 70.150 0.505 0.495 -0.504 -0.496 50.000 0.000 1.362554 0 100.000
-137.552 5.830 97.317 0.509 0.489 -0.490 -0.511 50.000 0.000 1.905930 0 100.000
-137.573 6.005 99.934 0.509 0.490 -0.487 -0.514 50.000 0.000 1.958402 0 100.000
-94.070 3.576 586.391 0.522 0.484 -0.476 -0.516 50.000 0.000 11.726481 0 100.000
-93.631 4.029 591.247 0.523 0.485 -0.474 -0.516 50.000 0.000 11.824412 0 100.000
-93.490 4.186 592.832 0.523 0.487 -0.473 -0.516 50.000 0.000 11.856407 0 100.000
-92.676 3.706 601.634 0.521 0.486 -0.473 -0.518 50.000 0.000 12.033452 0 100.000
-92.612 3.754 602.343 0.520 0.487 -0.472 -0.519 50.000 0.000 12.047718 0 100.000
-91.636 3.735 613.001 0.532 0.477 -0.481 -0.508 50.000 0.000 12.261773 0 100.000
-90.678 4.032 623.544 0.534 0.475 -0.482 -0.508 50.000 0.000 12.473586 0 100.000
-89.811 4.076 633.047 0.530 0.477 -0.478 -0.513 50.000 0.000 12.664434 0 100.000
-87.974 4.319 653.280 0.528 0.478 -0.476 -0.516 50.000 0.000 13.070780 0 100.000
-87.880 4.338 654.329 0.528 0.478 -0.475 -0.516 50.000 0.000 13.091860 0 100.000
-87.746 4.323 655.810 0.613 0.384 -0.554 -0.412 50.000 0.000 13.121595 0 100.000
-86.946 6.125 664.864 0.734 0.079 -0.668 -0.092 50.000 0.000 13.306918 0 100.000
-86.773 8.439 666.061 -0.048 -0.669 0.065 0.739 50.000 0.000 13.359127 0 100.000
-86.772 6.322 666.730 0.618 0.366 -0.564 -0.408 50.000 0.000 13.403527 0 100.000
-86.270 7.348 671.822 -0.468 -0.512 0.435 0.574 50.000 0.000 13.507891 0 100.000
-84.915 6.225 683.488 0.627 0.354 -0.568 -0.398 50.000 0.000 13.743863 0 100.000
-84.366 7.246 687.342 -0.181 -0.644 0.175 0.722 50.000 0.000 13.824355 0 100.000
-84.149 5.733 688.743 0.575 0.422 -0.516 -0.475 50.000 0.000 13.865827 0 100.000
-83.397 6.197 693.409 -0.123 -0.654 0.115 0.738 50.000 0.000 13.960805 0 100.000
-83.302 5.215 693.906 0.716 0.193 -0.634 -0.218 50.000 0.000 13.982898 0 100.000
-82.953 7.146 695.711 -0.254 -0.618 0.234 0.706 50.000 0.000 14.036218 0 100.000
-82.471 4.663 698.132 -0.405 -0.554 0.350 0.637 50.000 0.000 14.106247 0 100.000
-81.774 3.403 701.071 -0.439 -0.534 0.368 0.621 50.000 0.000 14.171706 0 100.000
-80.091 1.348 706.906 0.761 0.147 -0.612 -0.156 50.000 0.000 14.299931 0 100.000
-79.995 2.361 707.362 0.720 0.252 -0.576 -0.294 50.000 0.000 14.322233 0 100.000
-79.546 3.807 708.892 -0.351 -0.560 0.273 0.699 50.000 0.000 14.365287 0 100.000
-78.284 0.773 712.560 -0.449 -0.515 0.337 0.648 50.000 0.000 14.463771 0 100.000
-76.161 -1.399 718.558 0.741 0.237 -0.561 -0.282 50.000 0.000 14.598234 0 100.000
-75.181 1.445 721.479 0.510 0.471 -0.378 -0.612 50.000 0.000 14.682111 0 100.000
-74.259 1.035 724.043 -0.409 -0.525 0.300 0.684 50.000 0.000 14.737220 0 100.000
-71.967 -1.715 729.878 -0.086 -0.601 0.047 0.793 50.000 0.000 14.874116 0 100.000
-71.558 -4.111 730.779 0.788 0.109 -0.594 -0.116 50.000 0.000 14.925977 0 100.000
-71.355 -1.539 731.553 0.635 0.378 -0.470 -0.483 50.000 0.000 14.979857 0 100.000
-67.761 0.092 740.903 -0.403 -0.523 0.295 0.690 50.000 0.000 15.182841 0 100.000
-66.615 -1.303 743.676 0.572 0.428 -0.420 -0.560 50.000 0.000 15.249003 0 100.000
-63.630 -1.248 751.384 0.573 0.428 -0.424 -0.556 50.000 0.000 15.414316 0 100.000
-60.928 -1.308 758.175 0.572 0.428 -0.424 -0.557 50.000 0.000 15.560513 0 100.000
-60.683 -1.334 758.805 0.572 0.428 -0.424 -0.557 50.000 0.000 15.574034 0 100.000
-59.875 -1.251 760.880 0.574 0.427 -0.426 -0.554 50.000 0.000 15.618598 0 100.000
-55.891 -1.149 771.110 0.573 0.427 -0.429 -0.552 50.000 0.000 15.838182 0 100.000
-54.365 -1.212 775.051 0.573 0.427 -0.431 -0.550 50.000 0.000 15.922719 0 100.000
-51.279 -0.972 782.991 0.575 0.426 -0.434 -0.548 50.000 0.000 16.093155 0 100.000
-48.321 -0.965 790.888 0.572 0.427 -0.436 -0.547 50.000 0.000 16.261809 0 100.000
-48.035 -0.974 791.663 0.745 0.213 -0.573 -0.267 50.000 0.000 16.278323 0 100.000
-47.083 1.482 794.297 -0.425 -0.518 0.326 0.667 50.000 0.000 16.352820 0 100.000
-44.837 -0.625 800.448 0.572 0.428 -0.441 -0.543 50.000 0.000 16.490399 0 100.000
-43.036 -0.687 805.664 0.571 0.429 -0.446 -0.540 50.000 0.000 16.600766 0 100.000
-41.452 -0.561 810.400 0.569 0.431 -0.449 -0.537 50.000 0.000 16.700675 0 100.000
-37.885 -0.736 822.020 0.561 0.437 -0.462 -0.529 50.000 0.000 16.943812 0 100.000
-34.617 -0.125 834.600 0.550 0.451 -0.478 -0.516 50.000 0.000 17.204042 0 100.000
-34.327 0.036 835.774 0.549 0.452 -0.478 -0.515 50.000 0.000 17.228454 0 100.000
-33.725 0.484 838.118 0.548 0.455 -0.479 -0.513 50.000 0.000 17.277675 0 100.000
-33.466 0.691 839.045 -0.419 -0.552 0.364 0.623 50.000 0.000 17.297351 0 100.000
-30.327 -3.686 850.619 0.721 0.183 -0.638 -0.198 50.000 0.000 17.552675 0 100.000
-29.528 0.997 854.475 0.613 0.382 -0.546 -0.424 50.000 0.000 17.675042 0 100.000
-27.738 3.624 864.451 -0.131 -0.664 0.119 0.726 50.000 0.000 17.884461 0 100.000
-27.657 2.578 864.996 -0.132 -0.665 0.118 0.726 50.000 0.000 17.908097 0 100.000
-27.611 1.970 865.309 -0.134 -0.665 0.120 0.725 50.000 0.000 17.921815 0 100.000
-27.521 0.950 865.843 0.596 0.401 -0.544 -0.434 50.000 0.000 17.944910 0 100.000
-26.262 3.055 875.760 0.525 0.476 -0.492 -0.506 50.000 0.000 18.149214 0 100.000
-25.344 3.370 886.566 -0.309 -0.627 0.297 0.650 50.000 0.000 18.366202 0 100.000
-24.976 -1.055 893.832 -0.370 -0.600 0.359 0.611 50.000 0.000 18.536507 0 100.000
-24.770 -6.056 906.506 0.504 0.500 -0.502 -0.493 50.000 0.000 18.809031 0 100.000
-25.216 -6.028 920.194 0.696 0.082 -0.710 -0.075 50.000 0.000 19.082940 0 100.000
-25.340 -0.430 921.581 0.659 0.242 -0.673 -0.233 50.000 0.000 19.198327 0 100.000
-25.469 1.641 923.666 0.569 0.417 -0.581 -0.405 50.000 0.000 19.257147 0 100.000
-26.455 5.555 936.715 0.492 0.508 -0.508 -0.492 50.000 0.000 19.530329 0 100.000
-26.627 5.465 938.561 -0.492 -0.508 0.508 0.492 50.000 0.000 19.567465 0 100.000
-26.791 5.450 940.331 0.553 0.435 -0.572 -0.422 50.000 0.000 19.603007 0 100.000
-27.299 6.974 945.931 0.336 0.631 -0.349 -0.606 50.000 0.000 19.719526 0 100.000
-27.891 3.753 951.783 0.194 0.694 -0.200 -0.664 50.000 0.000 19.853655 0 100.000
-27.969 2.591 952.572 0.194 0.694 -0.200 -0.664 50.000 0.000 19.881791 0 100.000
-28.250 -1.492 955.477 0.323 0.641 -0.333 -0.611 50.000 0.000 19.982179 0 100.000
-29.015 -6.374 963.162 0.489 0.516 -0.507 -0.488 50.000 0.000 20.164898 0 100.000
-29.177 -6.448 964.733 0.488 0.516 -0.508 -0.488 50.000 0.000 20.196516 0 100.000
-29.567 -6.574 968.576 0.488 0.516 -0.509 -0.487 50.000 0.000 20.273812 0 100.000
-30.140 -6.453 974.013 0.488 0.516 -0.509 -0.486 50.000 0.000 20.383193 0 100.000
-30.291 -6.359 975.477 0.391 0.601 -0.405 -0.568 50.000 0.000 20.412689 0 100.000
-31.166 -9.302 984.438 0.424 0.578 -0.441 -0.540 50.000 0.000 20.602126 0 100.000
-31.304 -9.724 985.838 0.425 0.577 -0.443 -0.539 50.000 0.000 20.631508 0 100.000
-32.099 -11.862 993.587 0.426 0.575 -0.444 -0.539 50.000 0.000 20.793059 0 100.000
-32.228 -12.057 994.813 0.624 0.312 -0.656 -0.287 50.000 0.000 20.818024 0 100.000
-33.063 -6.294 1002.309 0.622 0.313 -0.658 -0.287 50.000 0.000 21.007846 0 100.000
-32.006 -52.984 1002.505 0.632 0.329 -0.647 -0.273 50.000 0.000 21.941891 0 100.000
-31.066 -57.828 995.206 0.633 0.332 -0.645 -0.269 50.000 0.000 22.118091 0 100.000
-30.929 -57.695 993.874 0.445 0.585 -0.428 -0.525 50.000 0.000 22.145001 0 100.000
-30.111 -56.684 985.795 0.440 0.585 -0.428 -0.531 50.000 0.000 22.308664 0 100.000
-29.979 -56.430 984.391 0.437 0.587 -0.425 -0.533 50.000 0.000 22.337328 0 100.000
-29.208 -53.661 975.973 0.401 0.611 -0.389 -0.561 50.000 0.000 22.515220 0 100.000
-29.068 -53.653 974.673 0.494 0.532 -0.493 -0.480 50.000 0.000 22.541389 0 100.000
-28.500 -53.576 969.235 0.493 0.533 -0.492 -0.481 50.000 0.000 22.650739 0 100.000
-28.088 -53.711 965.086 0.492 0.532 -0.490 -0.485 50.000 0.000 22.734166 0 100.000
-27.922 -53.682 963.389 0.492 0.532 -0.489 -0.486 50.000 0.000 22.768273 0 100.000
-27.338 -48.610 955.968 0.330 0.650 -0.316 -0.607 50.000 0.000 22.948427 0 100.000
-27.170 -44.690 953.127 0.207 0.698 -0.189 -0.659 50.000 0.000 23.045324 0 100.000
-27.121 -43.482 952.225 0.207 0.697 -0.189 -0.660 50.000 0.000 23.075485 0 100.000
-26.640 -39.821 946.054 0.341 0.640 -0.330 -0.604 50.000 0.000 23.219317 0 100.000
-26.056 -41.276 940.614 0.552 0.457 -0.555 -0.422 50.000 0.000 23.332536 0 100.000
-25.892 -41.191 939.047 0.489 0.529 -0.487 -0.494 50.000 0.000 23.364100 0 100.000
-25.745 -40.990 937.404 0.489 0.529 -0.487 -0.494 50.000 0.000 23.397320 0 100.000
-24.611 -44.152 924.062 0.567 0.441 -0.564 -0.407 50.000 0.000 23.672483 0 100.000
-24.424 -46.186 922.072 0.662 0.258 -0.667 -0.225 50.000 0.000 23.729539 0 100.000
-24.166 -51.343 920.893 0.697 0.092 -0.709 -0.056 50.000 0.000 23.835451 0 100.000
-23.689 -50.782 907.572 0.498 0.525 -0.478 -0.497 50.000 0.000 24.102265 0 100.000
-23.965 -45.094 895.116 0.367 0.618 -0.335 -0.610 50.000 0.000 24.376186 0 100.000
-24.421 -40.305 887.594 -0.310 -0.640 0.275 0.647 50.000 0.000 24.554775 0 100.000
-25.200 -39.818 877.333 0.515 0.505 -0.468 -0.510 50.000 0.000 24.760810 0 100.000
-26.229 -41.111 867.868 0.588 0.433 -0.526 -0.436 50.000 0.000 24.952977 0 100.000
-26.361 -40.030 867.230 -0.152 -0.672 0.108 0.717 50.000 0.000 24.978211 0 100.000
-26.439 -39.392 866.861 -0.152 -0.672 0.108 0.717 50.000 0.000 24.993040 0 100.000
-26.569 -38.316 866.255 -0.151 -0.671 0.108 0.718 50.000 0.000 25.017880 0 100.000
-27.995 -39.930 857.370 0.605 0.416 -0.532 -0.421 50.000 0.000 25.200715 0 100.000
-28.471 -44.637 853.162 0.721 0.198 -0.641 -0.176 50.000 0.000 25.327351 0 100.000
-32.038 -40.542 837.442 -0.418 -0.561 0.333 0.632 50.000 0.000 25.659970 0 100.000
-32.293 -40.541 836.424 0.547 0.474 -0.447 -0.525 50.000 0.000 25.680954 0 100.000
-32.828 -40.562 834.297 0.549 0.472 -0.446 -0.526 50.000 0.000 25.724820 0 100.000
-33.075 -40.598 833.330 0.549 0.471 -0.446 -0.527 50.000 0.000 25.744805 0 100.000
-35.452 -40.561 824.606 0.552 0.468 -0.441 -0.531 50.000 0.000 25.925640 0 100.000
-38.039 -40.684 816.046 0.552 0.467 -0.439 -0.534 50.000 0.000 26.104506 0 100.000
-39.208 -41.017 812.566 0.551 0.467 -0.441 -0.533 50.000 0.000 26.178231 0 100.000
-40.719 -40.526 807.678 0.552 0.467 -0.436 -0.536 50.000 0.000 26.281034 0 100.000
-43.517 -36.173 799.566 -0.421 -0.549 0.306 0.653 50.000 0.000 26.473462 0 100.000
-44.002 -38.494 797.369 0.741 0.231 -0.585 -0.234 50.000 0.000 26.538120 0 100.000
-44.260 -38.386 796.596 0.560 0.467 -0.421 -0.539 50.000 0.000 26.554564 0 100.000
-47.248 -36.639 787.838 0.568 0.466 -0.412 -0.538 50.000 0.000 26.742907 0 100.000
-50.253 -35.500 779.350 0.571 0.468 -0.405 -0.540 50.000 0.000 26.924431 0 100.000
-51.613 -35.305 775.538 0.571 0.468 -0.403 -0.540 50.000 0.000 27.005462 0 100.000
-55.236 -33.917 765.760 0.574 0.471 -0.398 -0.539 50.000 0.000 27.215859 0 100.000
-55.973 -33.696 763.730 0.572 0.473 -0.396 -0.541 50.000 0.000 27.259277 0 100.000
-56.169 -33.642 763.213 0.573 0.473 -0.396 -0.540 50.000 0.000 27.270377 0 100.000
-58.675 -32.680 756.631 0.575 0.475 -0.394 -0.537 50.000 0.000 27.412557 0 100.000
-61.257 -31.821 749.751 0.573 0.479 -0.391 -0.538 50.000 0.000 27.560521 0 100.000
-62.623 -30.357 746.712 -0.422 -0.560 0.263 0.663 50.000 0.000 27.633298 0 100.000
-65.752 -30.232 737.785 0.639 0.433 -0.446 -0.453 50.000 0.000 27.822507 0 100.000
-65.171 -32.969 737.985 0.779 0.129 -0.612 -0.039 50.000 0.000 27.878599 0 100.000
-66.260 -29.996 736.432 -0.162 -0.621 0.030 0.766 50.000 0.000 27.949122 0 100.000
-69.113 -27.154 729.728 -0.434 -0.563 0.263 0.653 50.000 0.000 28.105532 0 100.000
-69.846 -27.202 727.735 0.521 0.520 -0.344 -0.583 50.000 0.000 28.148011 0 100.000
-70.476 -27.704 725.140 0.747 0.284 -0.561 -0.218 50.000 0.000 28.202349 0 100.000
-73.276 -24.352 718.452 -0.476 -0.562 0.290 0.611 50.000 0.000 28.362105 0 100.000
-75.446 -20.538 714.030 -0.396 -0.597 0.227 0.660 50.000 0.000 28.486700 0 100.000
-75.655 -21.462 712.573 0.732 0.306 -0.565 -0.227 50.000 0.000 28.521453 0 100.000
-75.536 -22.298 712.200 0.762 0.188 -0.616 -0.070 50.000 0.000 28.539937 0 100.000
-78.501 -17.599 704.592 0.481 0.582 -0.305 -0.581 50.000 0.000 28.728362 0 100.000
-79.654 -15.836 700.917 -0.454 -0.597 0.286 0.597 50.000 0.000 28.813064 0 100.000
-80.827 -13.151 697.613 -0.328 -0.641 0.176 0.672 50.000 0.000 28.901392 0 100.000
-80.799 -14.785 695.883 0.734 0.249 -0.618 -0.133 50.000 0.000 28.948981 0 100.000
-81.150 -13.761 695.189 -0.215 -0.663 0.065 0.714 50.000 0.000 28.974705 0 100.000
-81.843 -13.899 690.501 0.610 0.486 -0.460 -0.425 50.000 0.000 29.069533 0 100.000
-82.427 -12.289 688.692 -0.266 -0.659 0.118 0.694 50.000 0.000 29.119362 0 100.000
-82.772 -13.099 684.918 0.660 0.419 -0.524 -0.339 50.000 0.000 29.196853 0 100.000
-84.464 -11.664 672.986 0.516 0.562 -0.370 -0.530 50.000 0.000 29.439585 0 100.000
-84.726 -12.531 668.179 0.652 0.430 -0.519 -0.346 50.000 0.000 29.537412 0 100.000
-85.258 -10.593 667.062 -0.147 -0.674 0.015 0.724 50.000 0.000 29.583400 0 100.000
-84.853 -12.734 666.364 0.738 0.130 -0.662 0.008 50.000 0.000 29.629153 0 100.000
-85.339 -14.484 657.216 0.649 0.445 -0.507 -0.352 50.000 0.000 29.815703 0 100.000
-85.486 -14.416 655.792 0.572 0.532 -0.416 -0.465 50.000 0.000 29.844364 0 100.000
-85.597 -14.335 654.805 0.573 0.532 -0.416 -0.464 50.000 0.000 29.864288 0 100.000
-87.421 -14.601 634.506 0.575 0.530 -0.420 -0.460 50.000 0.000 30.271936 0 100.000
-88.289 -14.763 624.784 0.580 0.527 -0.425 -0.453 50.000 0.000 30.467184 0 100.000
-89.272 -14.820 614.137 0.580 0.528 -0.425 -0.452 50.000 0.000 30.681030 0 100.000
-90.204 -15.161 603.331 0.570 0.535 -0.416 -0.464 50.000 0.000 30.898058 0 100.000
-90.279 -15.141 602.582 0.572 0.534 -0.417 -0.462 50.000 0.000 30.913114 0 100.000
-91.130 -15.065 593.684 0.574 0.533 -0.418 -0.460 50.000 0.000 31.091890 0 100.000
-91.240 -15.213 592.151 0.574 0.532 -0.420 -0.459 50.000 0.000 31.122776 0 100.000
-91.671 -15.435 586.991 0.575 0.531 -0.421 -0.459 50.000 0.000 31.226428 0 100.000
-134.679 -22.504 99.822 0.561 0.538 -0.432 -0.457 50.000 0.000 41.008736 0 100.000
-134.725 -22.139 97.428 0.562 0.539 -0.435 -0.452 50.000 0.000 41.057170 0 100.000
-134.707 -21.829 70.132 0.557 0.548 -0.446 -0.437 50.000 0.000 41.603118 0 100.000
-134.790 -21.572 2.173 0.547 0.559 -0.445 -0.436 50.000 0.000 42.962305 0 100.000
-126.017 -49.408 1.287 0.592 0.599 -0.384 -0.379 50.000 0.000 43.546293 0 100.000
-126.346 -48.687 70.000 0.602 0.592 -0.383 -0.374 50.000 0.000 44.920648 0 100.000
-126.004 -49.633 97.619 0.608 0.580 -0.378 -0.389 50.000 0.000 45.473386 0 100.000
-126.064 -49.562 100.178 0.607 0.581 -0.372 -0.395 50.000 0.000 45.524608 0 100.000
-85.275 -33.537 590.139 0.619 0.574 -0.363 -0.396 50.000 0.000 55.362939 0 100.000
-84.857 -33.337 595.199 0.619 0.574 -0.362 -0.397 50.000 0.000 55.464576 0 100.000
-84.703 -33.347 596.681 0.618 0.574 -0.360 -0.399 50.000 0.000 55.494371 0 100.000
-83.988 -32.910 605.846 0.616 0.577 -0.358 -0.400 50.000 0.000 55.678439 0 100.000
-83.944 -32.838 606.623 0.614 0.578 -0.355 -0.402 50.000 0.000 55.694058 0 100.000
-82.875 -32.813 617.372 0.621 0.572 -0.365 -0.392 50.000 0.000 55.910114 0 100.000
-81.964 -32.424 628.281 0.620 0.573 -0.364 -0.394 50.000 0.000 56.129185 0 100.000
-81.054 -32.272 638.088 0.615 0.576 -0.357 -0.403 50.000 0.000 56.326185 0 100.000
-79.078 -32.030 658.674 0.611 0.579 -0.352 -0.409 50.000 0.000 56.739828 0 100.000
-78.982 -31.995 659.778 0.611 0.579 -0.351 -0.409 50.000 0.000 56.762006 0 100.000
-78.832 -31.984 661.309 0.677 0.504 -0.453 -0.288 50.000 0.000 56.792783 0 100.000
-78.731 -30.255 670.356 0.728 0.185 -0.651 0.104 50.000 0.000 56.976993 0 100.000
-79.508 -28.425 670.781 -0.240 -0.675 -0.040 0.696 50.000 0.000 57.017653 0 100.000
-78.616 -30.127 672.204 0.680 0.491 -0.466 -0.282 50.000 0.000 57.065466 0 100.000
-78.530 -29.210 677.130 0.560 0.607 -0.300 -0.478 50.000 0.000 57.165691 0 100.000
-76.563 -30.550 689.646 0.684 0.484 -0.472 -0.274 50.000 0.000 57.420512 0 100.000
-76.376 -29.880 693.471 0.348 0.672 -0.057 -0.651 50.000 0.000 57.498250 0 100.000
-75.466 -31.359 695.605 0.639 0.546 -0.396 -0.368 50.000 0.000 57.553277 0 100.000
-74.903 -31.097 700.803 0.303 0.675 -0.005 -0.673 50.000 0.000 57.657973 0 100.000
-74.431 -31.892 701.794 0.737 0.312 -0.598 -0.040 50.000 0.000 57.685083 0 100.000
-74.707 -30.693 703.422 0.399 0.664 -0.111 -0.623 50.000 0.000 57.725906 0 100.000
-73.044 -33.079 707.750 0.502 0.639 -0.213 -0.543 50.000 0.000 57.830197 0 100.000
-71.419 -35.009 712.632 0.520 0.632 -0.232 -0.526 50.000 0.000 57.940105 0 100.000
-68.189 -38.064 723.427 0.741 0.260 -0.619 0.031 50.000 0.000 58.173594 0 100.000
-68.090 -38.001 723.736 0.729 0.386 -0.548 -0.139 50.000 0.000 58.180209 0 100.000
-67.569 -38.328 725.181 0.442 0.647 -0.159 -0.600 50.000 0.000 58.211606 0 100.000
-64.910 -41.515 731.507 0.504 0.630 -0.219 -0.549 50.000 0.000 58.362931 0 100.000
-61.342 -45.923 739.280 0.733 0.363 -0.560 -0.133 50.000 0.000 58.555370 0 100.000
-60.426 -46.739 741.016 0.534 0.596 -0.284 -0.529 50.000 0.000 58.597889 0 100.000
-59.205 -48.404 743.475 0.455 0.627 -0.205 -0.598 50.000 0.000 58.662100 0 100.000
-56.191 -52.032 750.289 -0.229 -0.660 -0.018 0.715 50.000 0.000 58.827834 0 100.000
-55.401 -53.092 752.102 0.746 0.186 -0.637 0.052 50.000 0.000 58.872710 0 100.000
-55.633 -52.660 751.625 0.634 0.514 -0.413 -0.403 50.000 0.000 58.886394 0 100.000
-52.356 -56.317 759.624 -0.433 -0.617 0.217 0.620 50.000 0.000 59.074117 0 100.000
-50.907 -58.275 763.004 0.566 0.549 -0.357 -0.500 50.000 0.000 59.157453 0 100.000
-47.945 -62.320 770.429 0.559 0.541 -0.371 -0.506 50.000 0.000 59.336621 0 100.000
-45.322 -65.943 777.663 0.550 0.537 -0.382 -0.513 50.000 0.000 59.506737 0 100.000
-45.111 -66.227 778.302 0.550 0.536 -0.383 -0.513 50.000 0.000 59.521348 0 100.000
-44.394 -67.179 780.405 0.549 0.534 -0.388 -0.513 50.000 0.000 59.569689 0 100.000
-41.422 -70.136 789.562 0.545 0.527 -0.396 -0.517 50.000 0.000 59.771109 0 100.000
-40.550 -70.213 792.430 0.547 0.526 -0.394 -0.518 50.000 0.000 59.831086 0 100.000
-38.478 -71.499 799.355 0.549 0.521 -0.396 -0.520 50.000 0.000 59.977910 0 100.000
-36.501 -72.822 806.119 0.545 0.520 -0.397 -0.524 50.000 0.000 60.121323 0 100.000
-36.309 -73.003 806.810 0.731 0.262 -0.599 -0.194 50.000 0.000 60.136106 0 100.000
-36.147 -71.471 808.547 -0.413 -0.591 0.276 0.635 50.000 0.000 60.182534 0 100.000
-34.163 -74.418 814.597 0.545 0.516 -0.403 -0.523 50.000 0.000 60.322853 0 100.000
-33.060 -75.200 818.584 0.546 0.514 -0.406 -0.523 50.000 0.000 60.407045 0 100.000
-32.039 -75.776 822.561 0.544 0.514 -0.407 -0.523 50.000 0.000 60.489989 0 100.000
-29.908 -77.177 831.245 0.541 0.514 -0.413 -0.522 50.000 0.000 60.670990 0 100.000
-28.091 -78.257 839.368 0.538 0.515 -0.418 -0.520 50.000 0.000 60.838866 0 100.000
-27.901 -78.394 840.283 0.537 0.515 -0.419 -0.520 50.000 0.000 60.857750 0 100.000
-27.498 -78.692 842.236 0.536 0.516 -0.420 -0.520 50.000 0.000 60.898087 0 100.000
-27.317 -78.786 843.130 -0.411 -0.594 0.300 0.623 50.000 0.000 60.916415 0 100.000
-24.543 -83.776 857.330 0.720 0.217 -0.643 -0.146 50.000 0.000 61.222509 0 100.000
-24.415 -80.609 860.789 0.599 0.449 -0.512 -0.420 50.000 0.000 61.316348 0 100.000
-23.433 -79.255 871.263 -0.170 -0.686 0.093 0.701 50.000 0.000 61.528473 0 100.000
-23.290 -80.233 871.930 -0.170 -0.687 0.092 0.700 50.000 0.000 61.552311 0 100.000
-23.207 -80.804 872.321 -0.172 -0.687 0.093 0.700 50.000 0.000 61.566274 0 100.000
-23.063 -81.751 872.986 0.577 0.472 -0.509 -0.430 50.000 0.000 61.589593 0 100.000
-22.469 -81.215 881.706 0.505 0.542 -0.442 -0.506 50.000 0.000 61.764727 0 100.000
-21.987 -82.379 891.255 0.314 0.659 -0.250 -0.636 50.000 0.000 61.957344 0 100.000
-21.672 -86.337 898.086 0.371 0.640 -0.303 -0.601 50.000 0.000 62.115377 0 100.000
-23.383 -81.347 907.771 0.533 0.574 -0.412 -0.466 50.000 0.000 62.335946 0 100.000
-33.925 -57.086 914.967 0.718 0.248 -0.643 0.099 50.000 0.000 62.884212 0 100.000
-23.461 -81.764 922.199 0.678 0.306 -0.642 -0.184 50.000 0.000 63.439469 0 100.000
-23.237 -82.693 924.598 0.583 0.480 -0.527 -0.389 50.000 0.000 63.491120 0 100.000
-24.611 -79.028 937.022 0.513 0.562 -0.440 -0.477 50.000 0.000 63.751637 0 100.000
-24.961 -77.996 938.439 0.518 0.563 -0.437 -0.473 50.000 0.000 63.787386 0 100.000
-25.380 -76.680 939.839 0.582 0.500 -0.506 -0.393 50.000 0.000 63.826718 0 100.000
-26.287 -74.100 944.808 0.392 0.658 -0.271 -0.582 50.000 0.000 63.940159 0 100.000
-37.118 -49.935 944.022 0.384 0.688 -0.037 -0.615 50.000 0.000 64.470020 0 100.000
-36.500 -52.367 945.216 0.379 0.689 -0.042 -0.616 50.000 0.000 64.525592 0 100.000
-33.977 -61.864 949.528 0.470 0.669 -0.190 -0.544 50.000 0.000 64.740230 0 100.000
-33.410 -69.547 958.578 0.592 0.592 -0.374 -0.399 50.000 0.000 64.977915 0 100.000
-32.543 -72.042 960.657 0.586 0.588 -0.384 -0.405 50.000 0.000 65.045147 0 100.000
-31.595 -75.656 964.836 0.578 0.581 -0.397 -0.413 50.000 0.000 65.157259 0 100.000
-33.870 -71.628 969.241 0.593 0.585 -0.385 -0.398 50.000 0.000 65.285023 0 100.000
-34.760 -69.961 970.661 0.523 0.643 -0.276 -0.486 50.000 0.000 65.332280 0 100.000
-33.491 -78.065 979.814 0.538 0.620 -0.329 -0.467 50.000 0.000 65.578090 0 100.000
-32.121 -82.520 981.627 0.528 0.613 -0.346 -0.475 50.000 0.000 65.678120 0 100.000
-36.051 -76.174 990.443 0.554 0.625 -0.329 -0.440 50.000 0.000 65.909157 0 100.000
-33.817 -82.287 992.397 0.681 0.411 -0.578 -0.185 50.000 0.000 66.045069 0 100.000
-37.721 -69.720 998.335 0.691 0.430 -0.557 -0.164 50.000 0.000 66.333819 0 100.000
-27.351 -138.946 1006.688 0.656 0.383 -0.612 -0.219 50.000 0.000 67.743729 0 100.000
-25.494 -146.768 998.301 0.657 0.376 -0.613 -0.227 50.000 0.000 67.976078 0 100.000
-25.573 -145.611 996.439 0.496 0.605 -0.385 -0.489 50.000 0.000 68.019957 0 100.000
-33.642 -119.882 985.209 0.565 0.637 -0.306 -0.426 50.000 0.000 68.604146 0 100.000
-30.472 -126.014 985.157 0.539 0.635 -0.321 -0.451 50.000 0.000 68.742196 0 100.000
-26.125 -133.167 979.159 0.470 0.648 -0.315 -0.510 50.000 0.000 68.948161 0 100.000
-26.612 -131.028 977.385 0.553 0.590 -0.411 -0.421 50.000 0.000 69.004581 0 100.000
-31.807 -116.463 969.819 0.591 0.612 -0.364 -0.379 50.000 0.000 69.348898 0 100.000
-31.862 -115.309 965.570 0.592 0.614 -0.356 -0.381 50.000 0.000 69.436952 0 100.000
-29.240 -120.358 964.125 0.577 0.607 -0.370 -0.402 50.000 0.000 69.554348 0 100.000
-26.764 -120.067 956.868 0.429 0.680 -0.213 -0.555 50.000 0.000 69.707813 0 100.000
-31.806 -104.287 952.821 0.370 0.707 -0.054 -0.600 50.000 0.000 70.048875 0 100.000
-25.023 -119.839 953.800 0.300 0.707 -0.108 -0.631 50.000 0.000 70.388770 0 100.000
-27.492 -107.835 944.815 0.448 0.672 -0.212 -0.551 50.000 0.000 70.692686 0 100.000
-27.790 -106.295 939.895 0.622 0.552 -0.437 -0.341 50.000 0.000 70.795964 0 100.000
-25.691 -111.013 939.175 0.556 0.600 -0.376 -0.435 50.000 0.000 70.900246 0 100.000
-24.133 -114.922 938.218 0.542 0.596 -0.387 -0.448 50.000 0.000 70.986542 0 100.000
-26.813 -106.263 925.123 0.630 0.550 -0.445 -0.320 50.000 0.000 71.305059 0 100.000
-22.539 -118.474 924.673 0.687 0.352 -0.619 -0.145 50.000 0.000 71.563969 0 100.000
-21.608 -124.871 924.067 0.699 0.168 -0.693 0.044 50.000 0.000 71.693827 0 100.000
-20.286 -124.526 911.613 0.530 0.599 -0.385 -0.462 50.000 0.000 71.944402 0 100.000
-24.994 -104.769 900.259 0.456 0.679 -0.200 -0.540 50.000 0.000 72.409753 0 100.000
-21.578 -109.115 893.382 0.374 0.683 -0.173 -0.604 50.000 0.000 72.586227 0 100.000
-25.358 -97.798 884.479 0.564 0.615 -0.335 -0.437 50.000 0.000 72.883986 0 100.000
-25.581 -98.010 876.288 0.623 0.562 -0.411 -0.356 50.000 0.000 73.047924 0 100.000
-25.900 -96.517 875.535 0.282 0.695 0.014 -0.661 50.000 0.000 73.081972 0 100.000
-23.671 -101.423 875.599 0.260 0.696 -0.007 -0.669 50.000 0.000 73.189765 0 100.000
-24.221 -99.301 874.584 0.264 0.695 -0.003 -0.669 50.000 0.000 73.238085 0 100.000
-24.490 -100.233 866.227 0.630 0.536 -0.435 -0.356 50.000 0.000 73.406352 0 100.000
-23.450 -105.920 864.376 0.719 0.299 -0.625 -0.059 50.000 0.000 73.527777 0 100.000
-29.274 -90.544 850.672 0.484 0.658 -0.177 -0.549 50.000 0.000 73.955865 0 100.000
-28.992 -91.195 849.955 0.582 0.608 -0.308 -0.444 50.000 0.000 73.976045 0 100.000
-28.742 -91.910 848.369 0.580 0.606 -0.311 -0.447 50.000 0.000 74.011203 0 100.000
-28.777 -91.944 847.581 0.580 0.606 -0.311 -0.448 50.000 0.000 74.026992 0 100.000
-33.198 -84.211 840.016 0.597 0.616 -0.284 -0.429 50.000 0.000 74.260738 0 100.000
-34.084 -83.430 832.330 0.595 0.616 -0.283 -0.433 50.000 0.000 74.416257 0 100.000
-33.169 -85.473 828.826 0.588 0.612 -0.292 -0.441 50.000 0.000 74.499407 0 100.000
-35.010 -82.615 824.870 0.592 0.616 -0.282 -0.436 50.000 0.000 74.603729 0 100.000
-38.317 -76.069 818.954 0.497 0.663 -0.133 -0.544 50.000 0.000 74.792180 0 100.000
-39.998 -75.121 817.207 0.735 0.408 -0.540 -0.048 50.000 0.000 74.844251 0 100.000
-39.681 -75.660 816.635 0.605 0.626 -0.257 -0.419 50.000 0.000 74.861186 0 100.000
-37.906 -79.283 810.338 0.593 0.619 -0.277 -0.433 50.000 0.000 75.010764 0 100.000
-43.248 -71.470 802.930 0.608 0.631 -0.250 -0.412 50.000 0.000 75.251149 0 100.000
-43.551 -71.226 799.669 0.607 0.631 -0.251 -0.413 50.000 0.000 75.316828 0 100.000
-43.964 -71.279 790.905 0.602 0.629 -0.257 -0.418 50.000 0.000 75.492317 0 100.000
-45.338 -69.314 789.112 0.605 0.633 -0.249 -0.414 50.000 0.000 75.552194 0 100.000
-45.739 -68.773 788.580 0.606 0.634 -0.247 -0.413 50.000 0.000 75.569355 0 100.000
-46.556 -68.047 782.242 0.606 0.633 -0.250 -0.412 50.000 0.000 75.697997 0 100.000
-47.571 -67.010 775.616 0.603 0.635 -0.249 -0.414 50.000 0.000 75.833647 0 100.000
-48.960 -64.765 772.309 0.498 0.673 -0.102 -0.537 50.000 0.000 75.918271 0 100.000
-50.091 -64.408 763.891 0.655 0.599 -0.330 -0.322 50.000 0.000 76.088295 0 100.000
-48.679 -66.997 763.932 0.711 0.266 -0.632 0.154 50.000 0.000 76.147291 0 100.000
-50.206 -64.390 762.575 0.319 0.676 0.108 -0.656 50.000 0.000 76.213527 0 100.000
-52.839 -60.520 755.704 0.506 0.675 -0.108 -0.526 50.000 0.000 76.379812 0 100.000
-53.940 -59.118 753.139 0.570 0.657 -0.189 -0.456 50.000 0.000 76.442275 0 100.000
-53.772 -60.271 750.538 0.726 0.440 -0.527 -0.039 50.000 0.000 76.499268 0 100.000
-55.861 -57.578 742.823 0.540 0.672 -0.140 -0.487 50.000 0.000 76.667967 0 100.000
-58.162 -54.695 735.811 0.489 0.679 -0.084 -0.541 50.000 0.000 76.826426 0 100.000
-57.832 -55.534 733.819 0.725 0.448 -0.519 -0.063 50.000 0.000 76.870151 0 100.000
-57.351 -56.306 733.577 0.718 0.313 -0.611 0.115 50.000 0.000 76.888979 0 100.000
-61.445 -51.629 721.221 0.559 0.664 -0.158 -0.470 50.000 0.000 77.165616 0 100.000
-63.020 -49.881 715.785 0.545 0.667 -0.142 -0.488 50.000 0.000 77.284076 0 100.000
-65.270 -47.098 710.848 0.461 0.679 -0.042 -0.570 50.000 0.000 77.406037 0 100.000
-64.271 -48.785 709.135 0.731 0.368 -0.573 0.043 50.000 0.000 77.458105 0 100.000
-65.078 -47.766 707.949 0.380 0.678 0.054 -0.627 50.000 0.000 77.493302 0 100.000
-65.400 -47.845 702.782 0.664 0.596 -0.330 -0.310 50.000 0.000 77.596840 0 100.000
-66.522 -46.505 700.455 0.419 0.680 0.004 -0.601 50.000 0.000 77.655051 0 100.000
-66.268 -47.293 696.425 0.702 0.538 -0.416 -0.211 50.000 0.000 77.737334 0 100.000
-68.480 -45.761 683.373 0.599 0.640 -0.230 -0.423 50.000 0.000 78.003866 0 100.000
-68.234 -46.694 678.555 0.699 0.544 -0.410 -0.220 50.000 0.000 78.102144 0 100.000
-69.629 -45.011 676.902 0.324 0.674 0.094 -0.658 50.000 0.000 78.156963 0 100.000
-68.323 -46.819 676.728 0.707 0.237 -0.638 0.192 50.000 0.000 78.201715 0 100.000
-68.134 -48.337 667.507 0.697 0.554 -0.395 -0.227 50.000 0.000 78.388653 0 100.000
-68.330 -48.316 665.951 0.643 0.618 -0.286 -0.352 50.000 0.000 78.420034 0 100.000
-68.443 -48.336 664.849 0.643 0.617 -0.286 -0.351 50.000 0.000 78.442188 0 100.000
-70.349 -49.006 643.804 0.646 0.613 -0.293 -0.346 50.000 0.000 78.865027 0 100.000
-71.212 -49.386 633.679 0.652 0.609 -0.303 -0.336 50.000 0.000 79.068405 0 100.000
-72.073 -49.916 622.591 0.654 0.607 -0.305 -0.333 50.000 0.000 79.291070 0 100.000
-73.055 -50.280 611.494 0.649 0.611 -0.296 -0.343 50.000 0.000 79.514005 0 100.000
-73.093 -50.348 610.708 0.651 0.609 -0.300 -0.339 50.000 0.000 79.529800 0 100.000
-73.911 -50.623 601.696 0.653 0.608 -0.302 -0.336 50.000 0.000 79.710864 0 100.000
-74.044 -50.683 600.133 0.654 0.607 -0.304 -0.334 50.000 0.000 79.742257 0 100.000
-74.447 -50.947 594.851 0.655 0.606 -0.305 -0.333 50.000 0.000 79.848345 0 100.000
-112.218 -74.162 100.885 0.646 0.617 -0.307 -0.327 50.000 0.000 89.767362 0 100.000
-111.934 -74.494 98.433 0.646 0.616 -0.316 -0.321 50.000 0.000 89.817183 0 100.000
-112.016 -74.255 70.643 0.637 0.628 -0.321 -0.311 50.000 0.000 90.372999 0 100.000
-113.465 -72.410 2.208 0.629 0.643 -0.312 -0.305 50.000 0.000 91.742508 0 100.000
-93.317 -95.675 2.435 0.655 0.671 -0.250 -0.244 50.000 0.000 92.358048 0 100.000
-94.817 -94.366 71.806 0.667 0.663 -0.246 -0.234 50.000 0.000 93.746043 0 100.000
-94.187 -94.972 99.490 0.679 0.648 -0.245 -0.244 50.000 0.000 94.299996 0 100.000
-94.048 -95.121 102.100 0.677 0.648 -0.238 -0.254 50.000 0.000 94.352372 0 100.000
-57.088 -68.212 602.196 0.675 0.631 -0.261 -0.278 50.000 0.000 104.395986 0 100.000
-56.429 -68.188 607.490 0.674 0.631 -0.261 -0.281 50.000 0.000 104.502686 0 100.000
-56.289 -68.120 609.100 0.673 0.632 -0.258 -0.284 50.000 0.000 104.535046 0 100.000
-55.695 -67.516 618.343 0.671 0.634 -0.255 -0.286 50.000 0.000 104.720672 0 100.000
-55.628 -67.479 619.136 0.669 0.636 -0.251 -0.291 50.000 0.000 104.736618 0 100.000
-54.758 -66.851 630.404 0.673 0.633 -0.259 -0.282 50.000 0.000 104.962994 0 100.000
-54.070 -66.083 641.452 0.671 0.635 -0.254 -0.286 50.000 0.000 105.184906 0 100.000
-53.891 -64.918 651.625 0.667 0.641 -0.239 -0.295 50.000 0.000 105.389738 0 100.000
-52.341 -63.693 673.156 0.664 0.646 -0.228 -0.299 50.000 0.000 105.822164 0 100.000
-52.288 -63.618 674.241 0.664 0.646 -0.227 -0.300 50.000 0.000 105.843941 0 100.000
-52.209 -63.514 675.805 0.708 0.594 -0.341 -0.172 50.000 0.000 105.875321 0 100.000
-52.879 -62.358 684.906 0.679 0.282 -0.624 0.265 50.000 0.000 106.059297 0 100.000
-54.492 -61.012 685.135 0.390 0.670 0.141 -0.616 50.000 0.000 106.101562 0 100.000
-52.883 -62.266 686.810 0.710 0.585 -0.357 -0.165 50.000 0.000 106.154349 0 100.000
-53.366 -61.664 691.925 0.626 0.664 -0.169 -0.371 50.000 0.000 106.257812 0 100.000
-51.233 -63.510 706.084 0.708 0.583 -0.367 -0.152 50.000 0.000 106.546562 0 100.000
-51.489 -63.405 710.183 0.470 0.687 0.055 -0.551 50.000 0.000 106.628721 0 100.000
-49.519 -65.272 713.145 0.674 0.633 -0.279 -0.258 50.000 0.000 106.709068 0 100.000
-49.613 -65.478 718.695 0.431 0.685 0.101 -0.578 50.000 0.000 106.820152 0 100.000
-48.628 -66.426 719.992 0.712 0.414 -0.557 0.111 50.000 0.000 106.857840 0 100.000
-50.328 -64.965 721.674 0.502 0.693 0.009 -0.517 50.000 0.000 106.913883 0 100.000
-48.062 -67.360 727.147 0.573 0.691 -0.087 -0.432 50.000 0.000 107.041667 0 100.000
-45.662 -69.995 733.869 0.580 0.693 -0.108 -0.415 50.000 0.000 107.193827 0 100.000
-42.638 -73.918 746.291 0.684 0.358 -0.607 0.190 50.000 0.000 107.461298 0 100.000
-43.895 -72.946 745.805 0.713 0.498 -0.494 0.011 50.000 0.000 107.494523 0 100.000
-45.743 -71.581 748.740 0.529 0.704 -0.024 -0.474 50.000 0.000 107.569073 0 100.000
-44.459 -73.611 756.377 0.573 0.703 -0.077 -0.413 50.000 0.000 107.729183 0 100.000
-40.619 -78.472 766.843 0.696 0.494 -0.519 0.042 50.000 0.000 107.972429 0 100.000
-41.041 -78.997 767.148 0.588 0.693 -0.138 -0.394 50.000 0.000 107.987209 0 100.000
-38.609 -81.967 770.725 0.528 0.708 -0.065 -0.465 50.000 0.000 108.092137 0 100.000
-33.440 -88.826 780.902 0.359 0.711 0.127 -0.592 50.000 0.000 108.358480 0 100.000
-30.684 -91.572 781.287 0.662 0.283 -0.661 0.210 50.000 0.000 108.436676 0 100.000
-32.919 -89.954 783.697 0.630 0.654 -0.316 -0.274 50.000 0.000 108.509953 0 100.000
-36.367 -88.529 788.090 0.517 0.709 -0.063 -0.476 50.000 0.000 108.625224 0 100.000
-28.405 -98.949 793.389 0.577 0.676 -0.243 -0.388 50.000 0.000 108.908104 0 100.000
-40.010 -87.812 800.330 0.615 0.692 -0.198 -0.322 50.000 0.000 109.258475 0 100.000
-26.096 -106.530 808.869 0.561 0.679 -0.261 -0.395 50.000 0.000 109.755219 0 100.000
-26.038 -106.749 808.984 0.562 0.678 -0.260 -0.397 50.000 0.000 109.760302 0 100.000
-26.844 -106.005 808.997 0.572 0.673 -0.256 -0.393 50.000 0.000 109.782251 0 100.000
-23.375 -114.477 818.943 0.553 0.669 -0.278 -0.412 50.000 0.000 110.052619 0 100.000
-23.910 -114.774 822.429 0.555 0.670 -0.277 -0.408 50.000 0.000 110.123409 0 100.000
-26.296 -113.110 826.923 0.574 0.666 -0.264 -0.396 50.000 0.000 110.230478 0 100.000
-19.251 -127.465 831.639 0.543 0.644 -0.301 -0.447 50.000 0.000 110.563902 0 100.000
-19.377 -127.384 832.077 0.702 0.359 -0.612 -0.058 50.000 0.000 110.573172 0 100.000
-21.481 -123.505 832.762 0.452 0.689 -0.157 -0.545 50.000 0.000 110.662490 0 100.000
-27.657 -115.259 839.416 0.584 0.663 -0.257 -0.391 50.000 0.000 110.907786 0 100.000
-18.468 -132.426 845.164 0.536 0.645 -0.316 -0.444 50.000 0.000 111.313837 0 100.000
-16.450 -138.130 849.339 0.522 0.639 -0.332 -0.456 50.000 0.000 111.460867 0 100.000
-23.375 -125.412 853.930 0.569 0.653 -0.282 -0.413 50.000 0.000 111.764688 0 100.000
-15.767 -142.616 861.267 0.527 0.630 -0.336 -0.461 50.000 0.000 112.168524 0 100.000
-15.246 -144.177 861.899 0.524 0.627 -0.340 -0.466 50.000 0.000 112.203766 0 100.000
-14.593 -146.351 863.141 0.520 0.623 -0.345 -0.471 50.000 0.000 112.255531 0 100.000
-14.423 -147.002 863.707 0.415 0.678 -0.217 -0.566 50.000 0.000 112.273109 0 100.000
-13.916 -152.791 876.475 0.691 0.290 -0.660 -0.050 50.000 0.000 112.553666 0 100.000
-22.280 -132.598 876.226 0.629 0.590 -0.398 -0.313 50.000 0.000 112.990814 0 100.000
-23.845 -130.324 883.081 0.319 0.710 0.046 -0.626 50.000 0.000 113.138617 0 100.000
-15.623 -148.716 885.704 0.250 0.719 -0.015 -0.649 50.000 0.000 113.544929 0 100.000
-14.269 -153.164 886.457 0.235 0.720 -0.029 -0.652 50.000 0.000 113.639145 0 100.000
-13.743 -155.492 887.119 0.569 0.566 -0.447 -0.395 50.000 0.000 113.688666 0 100.000
-14.169 -156.012 893.478 0.506 0.621 -0.363 -0.476 50.000 0.000 113.816568 0 100.000
-22.541 -138.672 896.581 0.431 0.695 -0.108 -0.565 50.000 0.000 114.206639 0 100.000
-18.277 -153.125 906.468 0.438 0.691 -0.194 -0.542 50.000 0.000 114.567096 0 100.000
-24.353 -149.182 915.555 0.581 0.646 -0.303 -0.392 50.000 0.000 114.799509 0 100.000
-17.844 -167.687 926.389 0.700 0.184 -0.686 0.072 50.000 0.000 115.247686 0 100.000
-16.051 -170.307 928.229 0.683 0.346 -0.624 -0.157 50.000 0.000 115.321070 0 100.000
-15.907 -170.682 929.767 0.586 0.530 -0.478 -0.384 50.000 0.000 115.352868 0 100.000
-17.370 -170.283 944.613 0.508 0.605 -0.395 -0.469 50.000 0.000 115.651331 0 100.000
-17.387 -171.314 946.847 0.506 0.604 -0.400 -0.469 50.000 0.000 115.700543 0 100.000
-17.482 -171.936 948.780 0.564 0.543 -0.480 -0.396 50.000 0.000 115.741193 0 100.000
-17.943 -172.288 953.888 0.382 0.679 -0.256 -0.572 50.000 0.000 115.844006 0 100.000
-32.593 -143.111 956.877 0.412 0.715 -0.024 -0.565 50.000 0.000 116.499700 0 100.000
-22.236 -164.182 960.068 0.329 0.718 -0.089 -0.607 50.000 0.000 116.973595 0 100.000
-25.275 -161.299 962.477 0.455 0.697 -0.184 -0.524 50.000 0.000 117.070239 0 100.000
-20.222 -179.656 968.735 0.547 0.601 -0.387 -0.437 50.000 0.000 117.471059 0 100.000
-20.448 -179.653 971.036 0.547 0.601 -0.390 -0.432 50.000 0.000 117.517295 0 100.000
-20.825 -180.083 976.183 0.547 0.602 -0.398 -0.424 50.000 0.000 117.620874 0 100.000
-22.096 -178.561 982.807 0.552 0.606 -0.398 -0.411 50.000 0.000 117.759177 0 100.000
-22.650 -177.536 984.284 0.485 0.663 -0.295 -0.489 50.000 0.000 117.796794 0 100.000
-28.271 -169.555 991.771 0.552 0.655 -0.299 -0.420 50.000 0.000 118.042846 0 100.000
-26.353 -173.929 993.740 0.544 0.648 -0.320 -0.426 50.000 0.000 118.146168 0 100.000
-21.646 -189.246 1002.843 0.513 0.624 -0.369 -0.460 50.000 0.000 118.514757 0 100.000
-21.818 -189.211 1003.952 0.661 0.409 -0.598 -0.197 50.000 0.000 118.537212 0 100.000
-35.288 -158.154 1008.028 0.693 0.486 -0.520 -0.115 50.000 0.000 119.219148 0 100.000
-14.999 -236.648 1011.856 0.674 0.396 -0.585 -0.218 50.000 0.000 120.842443 0 100.000
-14.549 -239.503 1005.766 0.671 0.410 -0.584 -0.204 50.000 0.000 120.977265 0 100.000
-14.573 -239.153 1005.362 0.523 0.618 -0.363 -0.461 50.000 0.000 120.987969 0 100.000
-18.126 -227.930 1000.824 0.529 0.652 -0.331 -0.431 50.000 0.000 121.240303 0 100.000
-18.669 -226.290 999.769 0.525 0.659 -0.319 -0.434 50.000 0.000 121.280783 0 100.000
-16.307 -227.867 990.914 0.480 0.672 -0.294 -0.482 50.000 0.000 121.466754 0 100.000
-16.869 -226.031 989.481 0.550 0.624 -0.386 -0.400 50.000 0.000 121.514677 0 100.000
-21.896 -213.868 983.368 0.575 0.646 -0.345 -0.365 50.000 0.000 121.804915 0 100.000
-32.496 -197.518 978.231 0.614 0.670 -0.284 -0.306 50.000 0.000 122.207926 0 100.000
-36.814 -192.313 975.994 0.627 0.676 -0.263 -0.284 50.000 0.000 122.350393 0 100.000
-13.256 -225.620 971.917 0.391 0.703 -0.227 -0.549 50.000 0.000 123.170391 0 100.000
-24.371 -197.096 965.341 0.397 0.726 -0.035 -0.560 50.000 0.000 123.796621 0 100.000
-34.340 -182.535 961.924 0.460 0.719 0.008 -0.522 50.000 0.000 124.156108 0 100.000
-14.750 -209.985 955.358 0.423 0.685 -0.209 -0.555 50.000 0.000 124.843231 0 100.000
-15.482 -206.440 952.963 0.590 0.584 -0.430 -0.355 50.000 0.000 124.930031 0 100.000
-16.982 -202.336 952.490 0.544 0.646 -0.338 -0.415 50.000 0.000 125.017930 0 100.000
-17.284 -200.913 951.505 0.543 0.651 -0.335 -0.411 50.000 0.000 125.053063 0 100.000
-20.300 -191.660 940.953 0.617 0.614 -0.406 -0.279 50.000 0.000 125.340159 0 100.000
-16.830 -197.626 938.407 0.678 0.414 -0.604 -0.061 50.000 0.000 125.487304 0 100.000
-23.311 -191.181 940.964 0.640 0.260 -0.696 0.195 50.000 0.000 125.677136 0 100.000
-27.594 -178.421 919.609 0.635 0.664 -0.245 -0.309 50.000 0.000 126.181981 0 100.000
-33.936 -163.435 917.049 0.565 0.728 -0.090 -0.378 50.000 0.000 126.511453 0 100.000
-27.474 -163.318 911.537 0.501 0.734 -0.050 -0.457 50.000 0.000 126.681339 0 100.000
-21.382 -165.037 901.449 0.598 0.680 -0.252 -0.340 50.000 0.000 126.919527 0 100.000
-33.738 -149.866 897.986 0.662 0.664 -0.313 -0.152 50.000 0.000 127.316930 0 100.000
-56.340 -135.244 893.413 0.549 0.698 0.180 -0.424 50.000 0.000 127.863030 0 100.000
-62.718 -132.107 891.891 0.572 0.690 0.191 -0.400 50.000 0.000 128.008412 0 100.000
-34.261 -147.163 895.677 0.455 0.721 0.122 -0.508 50.000 0.000 128.656745 0 100.000
-44.765 -137.605 892.580 0.669 0.676 -0.304 -0.061 50.000 0.000 128.947459 0 100.000
-27.311 -150.163 892.225 0.637 0.408 -0.623 0.202 50.000 0.000 129.377568 0 100.000
-37.613 -134.253 882.354 0.589 0.743 -0.053 -0.313 50.000 0.000 129.804980 0 100.000
-39.910 -132.407 881.627 0.642 0.721 -0.189 -0.181 50.000 0.000 129.865679 0 100.000
-47.873 -127.186 879.183 0.658 0.721 -0.173 -0.133 50.000 0.000 130.062284 0 100.000
-52.760 -124.540 877.394 0.667 0.719 -0.164 -0.105 50.000 0.000 130.179056 0 100.000
-28.346 -134.308 873.977 0.621 0.718 -0.203 -0.239 50.000 0.000 130.709377 0 100.000
-33.506 -128.243 879.115 0.589 0.759 -0.198 -0.193 50.000 0.000 130.898903 0 100.000
-53.043 -115.223 870.384 0.636 0.752 -0.151 -0.086 50.000 0.000 131.399891 0 100.000
-41.580 -116.913 862.859 0.640 0.736 -0.162 -0.150 50.000 0.000 131.676219 0 100.000
-26.902 -121.635 855.990 0.554 0.749 -0.037 -0.363 50.000 0.000 132.013800 0 100.000
-36.236 -117.803 868.443 0.581 0.550 -0.572 0.182 50.000 0.000 132.334342 0 100.000
-37.959 -116.417 867.647 0.588 0.775 -0.168 -0.160 50.000 0.000 132.381356 0 100.000
-30.811 -113.234 848.225 0.630 0.732 -0.166 -0.201 50.000 0.000 132.800144 0 100.000
-41.854 -105.432 851.765 0.606 0.771 -0.144 -0.134 50.000 0.000 133.079691 0 100.000
-57.512 -96.437 837.228 0.662 0.741 -0.100 -0.058 50.000 0.000 133.543326 0 100.000
-45.383 -96.178 834.522 0.631 0.758 -0.118 -0.118 50.000 0.000 133.791928 0 100.000
-57.497 -90.909 826.427 0.662 0.742 -0.082 -0.064 50.000 0.000 134.101797 0 100.000
-57.521 -90.584 825.418 0.664 0.740 -0.081 -0.064 50.000 0.000 134.123012 0 100.000
-23.843 -101.211 819.390 0.623 0.730 -0.153 -0.235 50.000 0.000 134.839522 0 100.000
-40.626 -90.039 815.905 0.636 0.750 -0.106 -0.151 50.000 0.000 135.248737 0 100.000
-39.933 -88.460 810.030 0.592 0.747 0.053 -0.298 50.000 0.000 135.371189 0 100.000
-37.092 -86.424 801.462 0.656 0.722 -0.201 -0.086 50.000 0.000 135.556250 0 100.000
-39.900 -84.836 793.702 0.574 0.434 -0.579 0.383 50.000 0.000 135.724337 0 100.000
-33.526 -87.360 798.852 0.469 0.700 0.258 -0.473 50.000 0.000 135.895823 0 100.000
-29.300 -86.740 786.108 0.587 0.727 0.019 -0.355 50.000 0.000 136.164638 0 100.000
-34.931 -82.805 779.994 0.645 0.714 -0.045 -0.269 50.000 0.000 136.348583 0 100.000
-36.513 -81.668 781.983 0.660 0.583 -0.444 0.168 50.000 0.000 136.404258 0 100.000
-34.918 -79.827 768.034 0.629 0.713 0.006 -0.310 50.000 0.000 136.687457 0 100.000
-38.231 -76.631 759.218 0.602 0.703 0.067 -0.373 50.000 0.000 136.886350 0 100.000
-40.546 -75.227 758.535 0.688 0.581 -0.410 0.144 50.000 0.000 136.942210 0 100.000
-38.080 -76.356 759.493 0.627 0.458 -0.550 0.307 50.000 0.000 136.999737 0 100.000
-35.252 -75.650 743.881 0.635 0.703 -0.022 -0.320 50.000 0.000 137.317380 0 100.000
-38.572 -73.222 737.014 0.632 0.698 0.002 -0.336 50.000 0.000 137.477457 0 100.000
-39.640 -72.166 731.678 0.571 0.691 0.089 -0.433 50.000 0.000 137.588340 0 100.000
-39.485 -71.975 730.766 0.681 0.488 -0.501 0.218 50.000 0.000 137.607232 0 100.000
-40.210 -71.499 729.037 0.515 0.673 0.185 -0.498 50.000 0.000 137.645895 0 100.000
-38.206 -72.145 723.182 0.699 0.668 -0.195 -0.166 50.000 0.000 137.770330 0 100.000
-39.798 -71.145 720.381 0.540 0.682 0.131 -0.475 50.000 0.000 137.837794 0 100.000
-38.921 -71.351 715.903 0.718 0.628 -0.292 -0.065 50.000 0.000 137.929155 0 100.000
-36.777 -72.438 702.016 0.655 0.683 -0.105 -0.305 50.000 0.000 138.211028 0 100.000
-37.505 -71.864 696.201 0.719 0.624 -0.290 -0.094 50.000 0.000 138.328787 0 100.000
-30.736 -77.281 696.161 0.427 0.675 0.165 -0.579 50.000 0.000 138.502175 0 100.000
-37.596 -71.801 694.227 0.639 0.339 -0.599 0.344 50.000 0.000 138.681987 0 100.000
-37.918 -71.722 684.544 0.721 0.632 -0.267 -0.098 50.000 0.000 138.875766 0 100.000
-37.626 -71.982 682.970 0.690 0.670 -0.148 -0.230 50.000 0.000 138.908195 0 100.000
-37.414 -72.173 681.888 0.690 0.670 -0.150 -0.230 50.000 0.000 138.930584 0 100.000
-28.459 -80.571 662.346 0.671 0.661 -0.210 -0.263 50.000 0.000 139.392150 0 100.000
-31.848 -79.229 651.070 0.683 0.657 -0.211 -0.240 50.000 0.000 139.629149 0 100.000
-35.048 -78.212 639.190 0.690 0.657 -0.205 -0.225 50.000 0.000 139.876071 0 100.000
-37.521 -77.840 627.300 0.692 0.659 -0.191 -0.227 50.000 0.000 140.119072 0 100.000
-37.676 -77.822 626.537 0.693 0.657 -0.195 -0.222 50.000 0.000 140.134635 0 100.000
-38.834 -78.096 617.007 0.696 0.656 -0.196 -0.216 50.000 0.000 140.326712 0 100.000
-38.987 -78.172 615.383 0.697 0.655 -0.199 -0.213 50.000 0.000 140.359379 0 100.000
-39.224 -78.602 610.009 0.698 0.655 -0.200 -0.211 50.000 0.000 140.467301 0 100.000
-68.566 -114.075 102.711 0.700 0.664 -0.179 -0.191 50.000 0.000 150.654965 0 100.000
-68.576 -114.034 100.128 0.700 0.665 -0.187 -0.182 50.000 0.000 150.706615 0 100.000
-65.574 -115.721 72.166 0.683 0.677 -0.200 -0.189 50.000 0.000 151.270084 0 100.000
-70.034 -113.119 1.915 0.678 0.691 -0.179 -0.175 50.000 0.000 152.678898 0 100.000
-30.079 -130.504 2.922 0.680 0.700 -0.158 -0.153 50.000 0.000 153.550605 0 100.000
-26.989 -131.996 74.622 0.685 0.689 -0.174 -0.160 50.000 0.000 154.986242 0 100.000
-33.630 -129.008 102.111 0.708 0.676 -0.150 -0.138 50.000 0.000 155.554982 0 100.000
-34.817 -128.548 104.527 0.710 0.676 -0.139 -0.142 50.000 0.000 155.609610 0 100.000
-28.558 -81.545 617.436 0.723 0.674 -0.102 -0.112 50.000 0.000 165.911534 0 100.000
-28.309 -81.106 622.848 0.723 0.674 -0.101 -0.114 50.000 0.000 166.020233 0 100.000
-28.094 -81.020 624.452 0.722 0.674 -0.098 -0.118 50.000 0.000 166.052662 0 100.000
-27.816 -80.193 634.075 0.721 0.676 -0.093 -0.122 50.000 0.000 166.245900 0 100.000
-27.793 -80.125 634.860 0.720 0.677 -0.088 -0.128 50.000 0.000 166.261664 0 100.000
-27.127 -79.238 646.333 0.721 0.676 -0.092 -0.122 50.000 0.000 166.492199 0 100.000
-26.615 -78.289 657.979 0.719 0.678 -0.085 -0.129 50.000 0.000 166.726124 0 100.000
-25.992 -77.460 668.780 0.715 0.681 -0.070 -0.142 50.000 0.000 166.943131 0 100.000
-24.548 -76.845 690.994 0.713 0.683 -0.061 -0.145 50.000 0.000 167.388508 0 100.000
-24.539 -76.841 692.211 0.713 0.683 -0.061 -0.145 50.000 0.000 167.412858 0 100.000
-24.539 -76.842 694.015 0.727 0.661 -0.184 -0.012 50.000 0.000 167.448944 0 100.000
-25.667 -76.608 704.098 0.585 0.412 -0.553 0.427 50.000 0.000 167.651904 0 100.000
-27.283 -76.039 704.054 0.532 0.630 0.280 -0.492 50.000 0.000 167.686180 0 100.000
-25.709 -76.659 706.324 0.723 0.660 -0.204 -0.001 50.000 0.000 167.742795 0 100.000
-25.431 -76.968 711.900 0.689 0.693 -0.016 -0.212 50.000 0.000 167.854623 0 100.000
-24.999 -78.289 727.246 0.715 0.663 -0.219 0.021 50.000 0.000 168.162815 0 100.000
-25.354 -78.590 732.193 0.590 0.672 0.203 -0.400 50.000 0.000 168.262186 0 100.000
-24.408 -79.305 734.808 0.708 0.691 -0.121 -0.077 50.000 0.000 168.319613 0 100.000
-24.415 -80.048 741.990 0.562 0.662 0.251 -0.427 50.000 0.000 168.464020 0 100.000
-22.955 -80.722 744.210 0.643 0.545 -0.457 0.283 50.000 0.000 168.518839 0 100.000
-21.029 -81.555 744.321 0.606 0.691 0.146 -0.367 50.000 0.000 168.560875 0 100.000
-18.086 -83.378 750.331 0.651 0.707 0.051 -0.271 50.000 0.000 168.699590 0 100.000
-23.445 -82.977 756.670 0.668 0.710 0.053 -0.218 50.000 0.000 168.865800 0 100.000
-17.602 -87.622 773.338 0.589 0.507 -0.521 0.353 50.000 0.000 169.231067 0 100.000
-11.206 -89.646 772.439 0.672 0.605 -0.394 0.162 50.000 0.000 169.366460 0 100.000
-18.683 -88.057 778.141 0.612 0.725 0.115 -0.293 50.000 0.000 169.557195 0 100.000
-18.577 -90.448 788.097 0.633 0.742 0.059 -0.213 50.000 0.000 169.761988 0 100.000
-13.111 -94.465 795.182 0.641 0.616 -0.408 0.209 50.000 0.000 169.958167 0 100.000
-17.831 -94.763 803.367 0.632 0.756 0.000 -0.172 50.000 0.000 170.147224 0 100.000
-26.099 -93.567 803.596 0.631 0.740 0.107 -0.208 50.000 0.000 170.314360 0 100.000
-21.087 -97.432 809.656 0.535 0.667 0.326 -0.403 50.000 0.000 170.489616 0 100.000
-18.940 -99.179 815.960 0.510 0.496 -0.575 0.405 50.000 0.000 170.627307 0 100.000
-18.756 -98.106 806.962 0.685 0.713 -0.151 -0.006 50.000 0.000 170.808578 0 100.000
-9.402 -105.906 826.252 0.589 0.759 0.062 -0.269 50.000 0.000 171.264835 0 100.000
-17.886 -103.841 821.945 0.671 0.732 -0.073 -0.094 50.000 0.000 171.459550 0 100.000
-20.487 -109.615 846.214 0.607 0.787 -0.085 -0.071 50.000 0.000 171.961187 0 100.000
-21.819 -109.708 836.211 0.672 0.733 -0.078 -0.070 50.000 0.000 172.163026 0 100.000
-22.071 -110.007 837.504 0.670 0.735 -0.080 -0.068 50.000 0.000 172.190038 0 100.000
-22.258 -112.369 848.966 0.634 0.766 -0.091 -0.059 50.000 0.000 172.424128 0 100.000
-16.817 -118.645 856.958 0.635 0.759 -0.111 -0.088 50.000 0.000 172.654668 0 100.000
-36.108 -117.072 860.402 0.641 0.763 -0.083 0.012 50.000 0.000 173.047848 0 100.000
-22.805 -127.193 881.142 0.584 0.800 -0.125 -0.055 50.000 0.000 173.580612 0 100.000
-54.512 -125.216 874.866 0.631 0.766 -0.070 0.103 50.000 0.000 174.228263 0 100.000
-56.105 -125.780 875.818 0.506 0.649 -0.415 0.388 50.000 0.000 174.267052 0 100.000
-42.470 -127.713 884.382 0.600 0.792 0.056 -0.095 50.000 0.000 174.591385 0 100.000
-15.351 -135.580 879.717 0.642 0.746 -0.146 -0.104 50.000 0.000 175.163782 0 100.000
-25.905 -136.248 889.623 0.624 0.767 -0.142 -0.046 50.000 0.000 175.453587 0 100.000
-42.109 -135.839 893.045 0.624 0.770 -0.126 0.039 50.000 0.000 175.784902 0 100.000
-10.362 -149.404 894.968 0.629 0.743 -0.177 -0.144 50.000 0.000 176.476441 0 100.000
-34.865 -149.289 914.572 0.591 0.790 -0.162 -0.015 50.000 0.000 177.104042 0 100.000
-33.627 -149.480 913.162 0.599 0.783 -0.164 -0.021 50.000 0.000 177.141759 0 100.000
-33.431 -149.723 911.177 0.613 0.772 -0.164 -0.023 50.000 0.000 177.181940 0 100.000
-32.297 -150.702 912.371 0.594 0.791 -0.016 -0.147 50.000 0.000 177.220252 0 100.000
-31.582 -160.861 928.502 -0.497 -0.540 0.600 -0.319 50.000 0.000 177.601795 0 100.000
-39.441 -158.387 923.279 0.606 0.729 -0.302 0.097 50.000 0.000 177.796910 0 100.000
-39.493 -162.969 927.774 0.529 0.761 0.200 -0.318 50.000 0.000 177.925299 0 100.000
-37.090 -164.158 928.286 0.526 0.761 0.196 -0.325 50.000 0.000 177.979885 0 100.000
-33.435 -165.902 929.662 0.516 0.766 0.187 -0.336 50.000 0.000 178.065429 0 100.000
-26.858 -169.262 931.716 0.610 0.730 -0.307 -0.003 50.000 0.000 178.218750 0 100.000
-33.476 -173.560 942.291 0.583 0.783 -0.203 -0.077 50.000 0.000 178.482644 0 100.000
-42.856 -174.818 945.487 0.567 0.797 0.031 -0.206 50.000 0.000 178.682418 0 100.000
-42.019 -180.834 954.749 0.573 0.804 -0.028 -0.158 50.000 0.000 178.903935 0 100.000
-66.993 -183.819 963.626 0.597 0.785 -0.139 0.088 50.000 0.000 179.437374 0 100.000
-46.145 -192.243 965.958 -0.452 -0.371 0.676 -0.449 50.000 0.000 179.889492 0 100.000
-46.868 -193.946 973.897 0.542 0.568 -0.564 0.256 50.000 0.000 180.052534 0 100.000
-38.726 -197.859 973.936 0.602 0.727 -0.330 -0.019 50.000 0.000 180.233210 0 100.000
-31.614 -207.241 977.402 0.597 0.744 -0.228 -0.194 50.000 0.000 180.478658 0 100.000
-37.146 -205.039 980.699 0.599 0.752 -0.220 -0.164 50.000 0.000 180.614776 0 100.000
-41.228 -203.638 982.604 0.616 0.722 -0.309 -0.065 50.000 0.000 180.709123 0 100.000
-30.992 -211.162 980.142 0.554 0.759 -0.085 -0.332 50.000 0.000 180.967918 0 100.000
-42.563 -206.766 983.764 0.550 0.751 0.061 -0.360 50.000 0.000 181.225856 0 100.000
-85.435 -195.157 977.634 0.664 0.711 0.155 -0.172 50.000 0.000 182.122577 0 100.000
-33.807 -215.152 991.430 0.575 0.757 -0.061 -0.305 50.000 0.000 183.263727 0 100.000
-42.162 -215.355 1005.017 0.624 0.746 -0.201 -0.121 50.000 0.000 183.582757 0 100.000
-46.126 -214.341 1007.434 0.624 0.750 -0.195 -0.101 50.000 0.000 183.677808 0 100.000
-49.110 -214.360 1010.208 0.629 0.749 -0.191 -0.088 50.000 0.000 183.759286 0 100.000
-39.243 -219.995 1009.076 0.645 0.719 -0.219 -0.140 50.000 0.000 183.987663 0 100.000
-35.323 -222.624 1008.906 0.618 0.734 -0.132 -0.247 50.000 0.000 184.082123 0 100.000
-40.103 -222.138 1007.390 0.678 0.692 -0.146 -0.200 50.000 0.000 184.182897 0 100.000
-22.142 -234.990 1008.356 0.651 0.672 -0.213 -0.281 50.000 0.000 184.625030 0 100.000
-33.818 -228.710 1022.890 0.656 0.699 -0.193 -0.208 50.000 0.000 185.018492 0 100.000
-39.298 -225.743 1025.202 0.672 0.552 -0.475 0.135 50.000 0.000 185.151424 0 100.000
-47.816 -222.709 1033.840 0.658 0.566 -0.477 0.140 50.000 0.000 185.401531 0 100.000
-40.990 -207.908 1047.683 0.672 0.590 -0.349 0.281 50.000 0.000 185.829215 0 100.000
-57.939 -205.297 1050.057 0.606 0.651 -0.291 0.352 50.000 0.000 186.175462 0 100.000
-58.336 -205.354 1049.787 0.693 0.718 0.008 0.070 50.000 0.000 186.185132 0 100.000
-62.433 -205.747 1043.371 0.681 0.727 0.028 0.082 50.000 0.000 186.337589 0 100.000
-61.233 -205.477 1041.659 0.683 0.726 0.029 0.075 50.000 0.000 186.379754 0 100.000
-74.031 -207.597 1030.648 0.683 0.717 0.109 0.086 50.000 0.000 186.720076 0 100.000
-67.592 -205.772 1028.667 0.670 0.723 -0.021 0.165 50.000 0.000 186.859680 0 100.000
-54.259 -202.744 1022.713 0.681 0.721 -0.056 0.116 50.000 0.000 187.157932 0 100.000
-78.462 -207.636 1021.106 0.648 0.730 0.021 0.215 50.000 0.000 187.652823 0 100.000
-82.559 -208.990 1019.643 0.642 0.730 0.038 0.232 50.000 0.000 187.743953 0 100.000
-62.453 -202.792 1017.247 0.652 0.745 0.137 -0.011 50.000 0.000 188.167464 0 100.000
-40.186 -202.031 1010.822 0.629 0.737 0.156 -0.192 50.000 0.000 188.631234 0 100.000
-55.874 -202.350 1012.117 0.630 0.731 0.217 -0.145 50.000 0.000 188.946125 0 100.000
-59.478 -201.814 1005.870 0.642 0.760 0.096 -0.026 50.000 0.000 189.090773 0 100.000
-61.523 -200.425 1003.360 0.600 0.756 -0.156 0.210 50.000 0.000 189.161233 0 100.000
-66.698 -200.922 1002.759 0.611 0.774 -0.049 0.159 50.000 0.000 189.265907 0 100.000
-68.900 -200.922 1001.620 0.605 0.776 -0.044 0.172 50.000 0.000 189.315486 0 100.000
-41.989 -191.986 990.369 0.606 0.743 -0.215 0.186 50.000 0.000 189.925611 0 100.000
-57.627 -193.270 992.715 0.462 0.676 -0.397 0.416 50.000 0.000 190.242895 0 100.000
-51.278 -190.864 993.711 -0.337 -0.540 0.565 -0.525 50.000 0.000 190.380125 0 100.000
-45.919 -184.898 981.240 0.603 0.774 -0.081 0.175 50.000 0.000 190.676671 0 100.000
-51.055 -182.558 972.534 0.611 0.783 0.097 0.060 50.000 0.000 190.884183 0 100.000
-59.612 -180.914 960.641 0.630 0.755 0.178 0.033 50.000 0.000 191.179042 0 100.000
4.918 -177.399 946.639 0.653 0.731 -0.183 -0.070 50.000 0.000 192.501559 0 100.000
-34.838 -169.955 953.099 0.568 0.766 -0.208 0.220 50.000 0.000 193.320753 0 100.000
-36.162 -170.242 953.538 0.574 0.727 0.327 -0.186 50.000 0.000 193.349238 0 100.000
-37.056 -170.324 953.419 0.572 0.728 0.329 -0.184 50.000 0.000 193.367349 0 100.000
-38.734 -170.295 952.500 0.573 0.727 0.333 -0.182 50.000 0.000 193.405612 0 100.000
-9.891 -164.107 939.894 0.614 0.732 -0.262 0.136 50.000 0.000 194.047214 0 100.000
-37.076 -164.345 942.971 0.414 0.643 -0.457 0.453 50.000 0.000 194.594398 0 100.000
3.428 -156.721 920.235 0.642 0.755 -0.009 -0.134 50.000 0.000 195.535804 0 100.000
0.694 -155.781 920.172 0.653 0.743 -0.144 0.003 50.000 0.000 195.593653 0 100.000
-25.543 -154.381 923.642 0.620 0.768 -0.096 0.132 50.000 0.000 196.123684 0 100.000
-33.093 -154.943 922.987 0.611 0.770 -0.078 0.167 50.000 0.000 196.275672 0 100.000
-39.149 -152.355 914.804 0.607 0.767 -0.053 0.200 50.000 0.000 196.485767 0 100.000
-14.331 -145.734 910.940 0.618 0.776 -0.092 0.083 50.000 0.000 197.005262 0 100.000
-17.997 -145.028 912.065 0.597 0.793 -0.076 0.096 50.000 0.000 197.083243 0 100.000
-12.170 -141.626 904.051 0.617 0.780 -0.079 0.071 50.000 0.000 197.292778 0 100.000
-11.472 -136.463 886.659 0.658 0.744 0.082 -0.079 50.000 0.000 197.655876 0 100.000
-23.401 -137.029 889.095 0.509 0.658 -0.382 0.403 50.000 0.000 197.899650 0 100.000
-26.834 -137.071 887.250 0.638 0.756 -0.031 0.143 50.000 0.000 197.977602 0 100.000
-4.238 -133.120 886.971 0.626 0.776 -0.073 0.036 50.000 0.000 198.436394 0 100.000
-9.156 -131.391 887.404 0.591 0.804 -0.050 0.053 50.000 0.000 198.541005 0 100.000
-11.246 -128.953 881.198 0.600 0.797 -0.037 0.060 50.000 0.000 198.680754 0 100.000
-6.819 -123.871 869.974 0.608 0.792 -0.037 0.040 50.000 0.000 198.942588 0 100.000
-5.126 -123.528 870.128 0.599 0.799 -0.033 0.027 50.000 0.000 198.977280 0 100.000
-4.572 -123.300 869.643 0.599 0.800 -0.032 0.023 50.000 0.000 198.992696 0 100.000
12.483 -118.831 850.182 0.647 0.758 -0.066 -0.054 50.000 0.000 199.517899 0 100.000
-7.836 -115.555 849.095 0.623 0.782 -0.009 0.033 50.000 0.000 199.930104 0 100.000
-2.523 -114.360 847.392 0.602 0.775 0.142 -0.129 50.000 0.000 200.044203 0 100.000
-19.001 -109.836 826.304 0.641 0.749 -0.057 0.157 50.000 0.000 200.587055 0 100.000
1.172 -109.877 833.833 0.457 0.558 -0.540 0.434 50.000 0.000 201.017714 0 100.000
-18.269 -109.267 825.320 0.597 0.623 0.423 -0.277 50.000 0.000 201.442355 0 100.000
-13.866 -104.797 814.875 0.660 0.725 0.168 -0.098 50.000 0.000 201.686051 0 100.000
5.533 -104.139 812.150 0.657 0.744 0.037 -0.112 50.000 0.000 202.078052 0 100.000
-16.444 -103.684 808.859 0.571 0.686 -0.289 0.345 50.000 0.000 202.522585 0 100.000
-6.513 -99.069 796.437 0.672 0.722 0.123 -0.106 50.000 0.000 202.853782 0 100.000
-3.013 -96.258 786.130 0.658 0.702 0.173 -0.210 50.000 0.000 203.078624 0 100.000
-11.034 -96.055 788.652 0.608 0.679 -0.291 0.290 50.000 0.000 203.246840 0 100.000
-4.008 -96.430 791.698 0.520 0.583 -0.473 0.408 50.000 0.000 203.400181 0 100.000
0.470 -92.251 772.519 0.667 0.723 0.090 -0.154 50.000 0.000 203.802853 0 100.000
-13.170 -89.836 765.440 0.677 0.710 0.144 -0.131 50.000 0.000 204.113979 0 100.000
-14.490 -87.861 759.124 0.649 0.680 0.239 -0.244 50.000 0.000 204.248945 0 100.000
-1.291 -88.726 757.949 0.609 0.589 -0.418 0.329 50.000 0.000 204.514529 0 100.000
-9.639 -87.507 754.910 0.606 0.641 0.320 -0.347 50.000 0.000 204.693857 0 100.000
-3.643 -86.942 751.778 0.689 0.721 -0.072 -0.008 50.000 0.000 204.829613 0 100.000
-10.720 -85.473 745.797 0.627 0.658 0.274 -0.314 50.000 0.000 205.017245 0 100.000
-6.626 -85.121 741.926 0.694 0.695 -0.162 0.094 50.000 0.000 205.130162 0 100.000
-10.171 -82.334 724.759 0.701 0.700 0.055 -0.121 50.000 0.000 205.485154 0 100.000
-8.488 -81.927 719.544 0.708 0.688 -0.139 0.076 50.000 0.000 205.595046 0 100.000
-10.039 -81.400 716.333 0.576 0.607 0.344 -0.426 50.000 0.000 205.667144 0 100.000
-8.024 -81.755 717.581 0.528 0.473 -0.519 0.478 50.000 0.000 205.715082 0 100.000
-7.557 -81.016 706.157 0.716 0.685 -0.116 0.066 50.000 0.000 205.944224 0 100.000
-7.233 -80.928 704.260 0.717 0.694 0.009 -0.067 50.000 0.000 205.982756 0 100.000
-6.951 -80.879 702.981 0.717 0.693 0.008 -0.068 50.000 0.000 206.008970 0 100.000
-8.397 -80.533 678.778 0.725 0.686 0.002 -0.068 50.000 0.000 206.493944 0 100.000
-8.906 -81.189 667.964 0.726 0.685 -0.010 -0.056 50.000 0.000 206.710868 0 100.000
-9.490 -82.175 656.112 0.727 0.684 -0.018 -0.048 50.000 0.000 206.949008 0 100.000
-10.016 -83.185 644.311 0.728 0.684 -0.015 -0.053 50.000 0.000 207.186115 0 100.000
-10.108 -83.249 643.530 0.728 0.683 -0.021 -0.046 50.000 0.000 207.201906 0 100.000
-10.310 -84.119 633.852 0.729 0.683 -0.025 -0.041 50.000 0.000 207.396293 0 100.000
-10.419 -84.259 632.236 0.729 0.683 -0.029 -0.037 50.000 0.000 207.428803 0 100.000
-10.328 -84.786 626.575 0.730 0.682 -0.032 -0.035 50.000 0.000 207.542521 0 100.000
-7.846 -132.641 105.865 0.722 0.686 -0.061 -0.061 50.000 0.000 218.000733 0 100.000
-6.348 -132.873 103.250 0.720 0.687 -0.075 -0.057 50.000 0.000 218.061181 0 100.000
23.197 -143.191 78.198 0.674 0.696 -0.182 -0.165 50.000 0.000 218.862910 0 100.000
13.840 -138.774 4.364 0.678 0.709 -0.141 -0.135 50.000 0.000 220.354019 0 100.000
14.462 -131.699 1.295 0.701 0.711 0.039 0.038 50.000 0.000 220.508758 0 100.000
15.807 -131.554 74.921 0.708 0.704 0.028 0.040 50.000 0.000 221.981523 0 100.000
14.642 -131.833 103.488 0.725 0.686 0.024 0.049 50.000 0.000 222.553355 0 100.000
14.546 -131.876 106.269 0.728 0.684 0.035 0.037 50.000 0.000 222.609011 0 100.000
7.511 -84.326 636.409 0.726 0.685 0.042 0.043 50.000 0.000 233.255314 0 100.000
7.408 -83.818 642.168 0.726 0.685 0.044 0.041 50.000 0.000 233.370959 0 100.000
7.421 -83.660 643.907 0.726 0.685 0.049 0.036 50.000 0.000 233.405876 0 100.000
7.711 -82.733 653.792 0.725 0.686 0.053 0.031 50.000 0.000 233.604537 0 100.000
7.731 -82.658 654.580 0.726 0.685 0.060 0.024 50.000 0.000 233.620366 0 100.000
8.392 -81.491 666.601 0.725 0.686 0.056 0.026 50.000 0.000 233.862277 0 100.000
9.029 -80.668 678.366 0.725 0.686 0.061 0.019 50.000 0.000 234.098508 0 100.000
9.501 -80.577 689.810 0.723 0.687 0.069 0.013 50.000 0.000 234.327577 0 100.000
10.115 -82.385 716.557 0.708 0.702 0.075 0.018 50.000 0.000 234.863885 0 100.000
10.543 -82.502 718.439 0.706 0.704 0.074 0.017 50.000 0.000 234.902560 0 100.000
11.112 -82.686 720.615 0.690 0.708 -0.055 0.141 50.000 0.000 234.947682 0 100.000
9.837 -84.353 730.708 0.468 0.531 -0.474 0.523 50.000 0.000 235.153864 0 100.000
8.919 -84.365 731.510 0.602 0.587 0.408 -0.355 50.000 0.000 235.178251 0 100.000
13.566 -84.390 733.110 0.687 0.708 -0.089 0.138 50.000 0.000 235.276549 0 100.000
9.899 -85.780 741.140 0.689 0.715 0.110 -0.042 50.000 0.000 235.455268 0 100.000
6.575 -89.607 757.299 0.657 0.724 -0.088 0.190 50.000 0.000 235.793976 0 100.000
16.186 -89.583 761.207 0.632 0.658 0.313 -0.265 50.000 0.000 236.001475 0 100.000
14.192 -90.228 762.084 0.687 0.722 -0.012 0.080 50.000 0.000 236.046915 0 100.000
7.890 -92.942 773.624 0.617 0.630 0.392 -0.261 50.000 0.000 236.315443 0 100.000
11.995 -93.019 777.295 0.536 0.662 -0.353 0.387 50.000 0.000 236.425590 0 100.000
20.210 -92.403 773.338 0.644 0.686 0.254 -0.225 50.000 0.000 236.608367 0 100.000
17.594 -93.786 778.538 0.676 0.711 0.168 -0.097 50.000 0.000 236.728029 0 100.000
16.580 -95.639 786.436 0.673 0.721 0.153 -0.056 50.000 0.000 236.891556 0 100.000
4.899 -102.523 802.805 0.453 0.647 -0.376 0.484 50.000 0.000 237.316650 0 100.000
8.118 -101.319 800.274 0.574 0.703 -0.227 0.354 50.000 0.000 237.402021 0 100.000
8.097 -102.257 805.884 0.656 0.705 0.254 -0.086 50.000 0.000 237.515787 0 100.000
13.655 -104.323 818.126 0.644 0.743 0.181 -0.021 50.000 0.000 237.787842 0 100.000
16.198 -107.516 831.401 0.529 0.729 -0.270 0.339 50.000 0.000 238.065593 0 100.000
17.059 -108.183 832.690 0.637 0.763 0.112 0.009 50.000 0.000 238.099354 0 100.000
14.953 -110.097 838.414 0.623 0.752 0.209 -0.051 50.000 0.000 238.227201 0 100.000
12.114 -113.402 846.313 0.577 0.616 0.477 -0.246 50.000 0.000 238.407623 0 100.000
17.763 -112.453 847.799 0.408 0.627 -0.463 0.476 50.000 0.000 238.525992 0 100.000
14.415 -113.451 848.182 0.603 0.779 -0.035 0.169 50.000 0.000 238.596293 0 100.000
11.813 -118.137 860.479 0.617 0.756 0.216 -0.030 50.000 0.000 238.864576 0 100.000
-2.936 -122.724 856.381 0.623 0.756 0.087 0.183 50.000 0.000 239.184193 0 100.000
29.803 -117.948 864.133 0.649 0.760 -0.010 0.044 50.000 0.000 239.863821 0 100.000
10.204 -125.629 880.848 0.601 0.788 0.040 0.125 50.000 0.000 240.401402 0 100.000
10.177 -125.833 881.379 0.601 0.788 0.039 0.126 50.000 0.000 240.412798 0 100.000
10.748 -126.193 882.534 0.605 0.785 0.028 0.129 50.000 0.000 240.439547 0 100.000
-8.906 -135.069 883.785 0.615 0.753 0.070 0.224 50.000 0.000 240.871569 0 100.000
-1.530 -134.289 893.019 0.605 0.772 0.043 0.190 50.000 0.000 241.108434 0 100.000
29.006 -130.370 895.238 0.655 0.752 -0.050 0.063 50.000 0.000 241.725758 0 100.000
7.522 -136.860 906.813 0.624 0.766 -0.001 0.153 50.000 0.000 242.230789 0 100.000
7.104 -137.316 908.003 0.493 0.690 -0.336 0.410 50.000 0.000 242.257615 0 100.000
19.655 -135.895 906.463 0.651 0.750 0.106 -0.040 50.000 0.000 242.512108 0 100.000
22.692 -137.435 911.675 0.652 0.750 -0.057 0.092 50.000 0.000 242.636622 0 100.000
-3.876 -145.039 920.029 0.609 0.766 0.004 0.207 50.000 0.000 243.214030 0 100.000
-12.667 -149.533 922.131 0.602 0.759 0.020 0.248 50.000 0.000 243.415925 0 100.000
2.580 -146.917 927.514 0.636 0.749 -0.038 0.184 50.000 0.000 243.743527 0 100.000
-9.979 -154.527 942.025 0.593 0.773 -0.013 0.226 50.000 0.000 244.156429 0 100.000
-10.611 -155.069 943.024 0.591 0.773 -0.013 0.228 50.000 0.000 244.182425 0 100.000
-10.124 -155.480 944.762 0.592 0.774 -0.017 0.225 50.000 0.000 244.219441 0 100.000
-8.933 -155.342 945.554 0.625 0.763 0.129 0.100 50.000 0.000 244.248191 0 100.000
19.967 -152.917 953.426 0.501 0.598 -0.464 0.420 50.000 0.000 244.849207 0 100.000
-8.706 -160.434 960.777 0.555 0.762 -0.158 0.293 50.000 0.000 245.459998 0 100.000
-12.352 -163.723 965.239 0.619 0.677 0.371 -0.147 50.000 0.000 245.592708 0 100.000
-7.397 -162.596 966.129 0.615 0.684 0.358 -0.162 50.000 0.000 245.695890 0 100.000
-4.325 -161.967 966.554 0.613 0.687 0.350 -0.171 50.000 0.000 245.759174 0 100.000
3.392 -160.560 966.460 0.598 0.746 -0.182 0.229 50.000 0.000 245.916071 0 100.000
-18.474 -169.216 977.414 0.581 0.782 -0.042 0.223 50.000 0.000 246.434923 0 100.000
-14.488 -170.388 983.654 0.629 0.757 0.177 0.006 50.000 0.000 246.584863 0 100.000
-14.313 -171.400 988.330 0.639 0.758 0.115 0.070 50.000 0.000 246.680597 0 100.000
-38.823 -183.820 994.337 0.591 0.743 0.039 0.312 50.000 0.000 247.243121 0 100.000
-27.344 -180.756 1004.644 0.308 0.549 -0.493 0.601 50.000 0.000 247.557688 0 100.000
-30.002 -182.985 1010.953 0.448 0.683 -0.341 0.465 50.000 0.000 247.701684 0 100.000
-33.652 -184.936 1012.891 0.561 0.759 -0.114 0.310 50.000 0.000 247.793076 0 100.000
-38.016 -189.332 1022.711 0.611 0.764 -0.002 0.208 50.000 0.000 248.025273 0 100.000
-37.492 -189.505 1024.169 0.615 0.762 -0.003 0.202 50.000 0.000 248.056461 0 100.000
-37.032 -189.657 1025.354 0.590 0.755 -0.095 0.271 50.000 0.000 248.082067 0 100.000
-17.937 -186.853 1025.786 0.665 0.741 0.091 -0.027 50.000 0.000 248.468145 0 100.000
-17.415 -187.447 1031.658 0.658 0.709 0.214 -0.136 50.000 0.000 248.586652 0 100.000
-23.978 -188.264 1033.171 0.663 0.701 0.239 -0.110 50.000 0.000 248.722335 0 100.000
-49.777 -196.876 1034.796 0.678 0.693 0.222 0.106 50.000 0.000 249.267287 0 100.000
-37.349 -193.204 1047.647 0.645 0.734 0.029 0.210 50.000 0.000 249.632321 0 100.000
-36.040 -192.950 1048.999 0.648 0.733 0.021 0.206 50.000 0.000 249.670281 0 100.000
-26.757 -190.786 1051.428 0.665 0.727 -0.012 0.167 50.000 0.000 249.867030 0 100.000
13.320 -191.033 1051.123 0.709 0.692 -0.136 0.004 50.000 0.000 250.668592 0 100.000
5.179 -190.156 1052.859 0.707 0.705 -0.027 -0.051 50.000 0.000 250.835981 0 100.000
-14.181 -190.673 1064.612 0.704 0.708 0.002 0.059 50.000 0.000 251.289072 0 100.000
-16.518 -191.024 1066.376 0.702 0.708 0.003 0.074 50.000 0.000 251.348055 0 100.000
-26.481 -193.090 1072.818 0.709 0.696 0.029 0.114 50.000 0.000 251.588904 0 100.000
-26.866 -193.252 1073.300 0.606 0.645 -0.251 0.392 50.000 0.000 251.601659 0 100.000
-18.849 -194.130 1071.489 0.656 0.597 -0.291 0.357 50.000 0.000 251.766960 0 100.000
-17.504 -196.452 1079.070 0.627 0.564 -0.123 0.524 50.000 0.000 251.927795 0 100.000
-40.861 -214.200 1087.431 0.523 0.635 0.025 0.568 50.000 0.000 252.537880 0 100.000
-39.476 -212.685 1086.327 0.683 0.595 0.230 0.355 50.000 0.000 252.584509 0 100.000
-12.644 -191.734 1074.741 0.734 0.621 0.120 0.245 50.000 0.000 253.303705 0 100.000
-8.895 -189.266 1074.760 0.735 0.630 0.110 0.225 50.000 0.000 253.393481 0 100.000
-9.247 -186.707 1075.895 0.704 0.672 0.150 0.175 50.000 0.000 253.449921 0 100.000
-12.656 -188.363 1073.872 0.668 0.683 0.070 0.286 50.000 0.000 253.535846 0 100.000
-18.921 -191.471 1070.952 0.644 0.692 0.104 0.308 50.000 0.000 253.687414 0 100.000
-18.317 -190.637 1068.188 0.638 0.697 0.105 0.308 50.000 0.000 253.746408 0 100.000
-16.839 -189.432 1067.464 0.638 0.702 0.103 0.301 50.000 0.000 253.787211 0 100.000
-11.180 -183.992 1061.130 0.676 0.691 0.226 0.122 50.000 0.000 253.988937 0 100.000
-12.972 -183.843 1056.177 0.684 0.651 0.327 0.012 50.000 0.000 254.094316 0 100.000
-13.517 -183.800 1054.654 0.684 0.651 0.327 0.010 50.000 0.000 254.126682 0 100.000
-29.035 -191.738 1043.135 0.669 0.671 0.255 0.195 50.000 0.000 254.544537 0 100.000
-19.873 -185.092 1040.171 0.584 0.725 0.003 0.366 50.000 0.000 254.778552 0 100.000
-16.328 -182.617 1037.962 0.628 0.720 0.072 0.287 50.000 0.000 254.875654 0 100.000
-7.907 -177.797 1035.163 0.644 0.720 0.041 0.257 50.000 0.000 255.077623 0 100.000
3.509 -170.284 1027.193 0.596 0.729 -0.083 0.326 50.000 0.000 255.394038 0 100.000
30.129 -162.206 1023.120 0.544 0.624 -0.365 0.426 50.000 0.000 255.956335 0 100.000
2.102 -170.643 1027.586 0.279 0.579 -0.451 0.619 50.000 0.000 256.548486 0 100.000
9.548 -163.885 1013.579 0.626 0.731 0.025 0.270 50.000 0.000 256.893337 0 100.000
7.399 -162.482 1004.232 0.652 0.724 0.177 0.141 50.000 0.000 257.087200 0 100.000
-0.547 -164.616 994.395 0.663 0.695 0.254 0.111 50.000 0.000 257.343675 0 100.000
6.101 -159.025 985.476 0.610 0.739 0.023 0.286 50.000 0.000 257.592680 0 100.000
10.188 -155.362 981.062 0.564 0.745 -0.064 0.349 50.000 0.000 257.733546 0 100.000
6.457 -157.057 979.507 0.662 0.611 0.428 -0.072 50.000 0.000 257.821199 0 100.000
3.807 -158.351 978.396 0.665 0.605 0.433 -0.063 50.000 0.000 257.884221 0 100.000
-2.294 -161.638 975.368 0.675 0.588 0.445 -0.041 50.000 0.000 258.035485 0 100.000
29.784 -144.539 968.112 0.607 0.725 -0.130 0.298 50.000 0.000 258.776842 0 100.000
15.102 -149.746 970.863 0.396 0.681 -0.314 0.530 50.000 0.000 259.093238 0 100.000
13.702 -146.810 954.565 0.650 0.719 0.181 0.166 50.000 0.000 259.425624 0 100.000
17.682 -144.438 952.882 0.617 0.738 0.030 0.270 50.000 0.000 259.524225 0 100.000
31.137 -138.252 948.412 0.648 0.730 -0.009 0.217 50.000 0.000 259.833600 0 100.000
29.310 -138.594 947.669 0.645 0.730 -0.002 0.225 50.000 0.000 259.873634 0 100.000
6.981 -147.782 941.364 0.595 0.732 0.081 0.322 50.000 0.000 260.372745 0 100.000
26.737 -134.219 930.082 0.642 0.727 0.028 0.242 50.000 0.000 260.902476 0 100.000
18.666 -137.092 929.060 0.616 0.737 0.062 0.272 50.000 0.000 261.075022 0 100.000
20.379 -135.000 925.942 0.615 0.741 0.065 0.261 50.000 0.000 261.157570 0 100.000
22.355 -132.919 923.884 0.639 0.731 0.215 0.108 50.000 0.000 261.228200 0 100.000
33.240 -126.628 918.722 0.494 0.701 -0.267 0.440 50.000 0.000 261.500019 0 100.000
29.170 -128.230 919.239 0.620 0.752 0.055 0.217 50.000 0.000 261.588111 0 100.000
22.837 -129.376 914.263 0.596 0.760 0.083 0.243 50.000 0.000 261.750811 0 100.000
32.764 -121.549 903.320 0.621 0.756 0.062 0.201 50.000 0.000 262.085203 0 100.000
21.987 -125.905 900.932 0.598 0.757 0.104 0.243 50.000 0.000 262.322533 0 100.000
30.106 -117.040 880.081 0.647 0.727 0.081 0.217 50.000 0.000 262.803895 0 100.000
22.752 -120.580 881.905 0.622 0.736 0.113 0.240 50.000 0.000 262.971159 0 100.000
21.844 -121.059 882.335 0.617 0.739 0.118 0.242 50.000 0.000 262.993421 0 100.000
27.468 -116.362 879.074 0.609 0.756 0.108 0.212 50.000 0.000 263.153829 0 100.000
36.466 -109.359 868.587 0.631 0.752 0.088 0.169 50.000 0.000 263.463663 0 100.000
26.208 -112.679 861.898 0.661 0.695 0.278 0.062 50.000 0.000 263.717432 0 100.000
30.345 -106.819 848.637 0.617 0.739 0.032 0.268 50.000 0.000 264.018960 0 100.000
21.519 -111.910 850.461 0.342 0.676 -0.318 0.570 50.000 0.000 264.225971 0 100.000
25.205 -109.405 850.121 0.633 0.519 0.542 -0.188 50.000 0.000 264.315361 0 100.000
28.044 -106.352 845.701 0.644 0.710 0.282 0.047 50.000 0.000 264.436875 0 100.000
19.566 -109.468 839.254 0.638 0.721 0.214 0.164 50.000 0.000 264.658809 0 100.000
33.591 -100.914 836.348 0.514 0.732 -0.183 0.407 50.000 0.000 264.992461 0 100.000
30.880 -100.548 831.126 0.636 0.728 0.246 0.064 50.000 0.000 265.110366 0 100.000
23.081 -101.649 819.861 0.653 0.681 0.331 0.007 50.000 0.000 265.385268 0 100.000
27.833 -97.971 813.465 0.532 0.727 -0.158 0.403 50.000 0.000 265.560785 0 100.000
30.829 -96.158 811.368 0.441 0.668 -0.316 0.510 50.000 0.000 265.642429 0 100.000
20.229 -98.060 800.606 0.658 0.702 0.257 0.092 50.000 0.000 265.946932 0 100.000
28.853 -93.205 798.955 0.647 0.717 0.257 0.017 50.000 0.000 266.147592 0 100.000
24.260 -93.462 791.687 0.649 0.660 0.368 -0.089 50.000 0.000 266.319621 0 100.000
31.015 -89.489 783.388 0.513 0.681 -0.275 0.445 50.000 0.000 266.547920 0 100.000
32.838 -89.145 785.619 0.628 0.602 0.441 -0.222 50.000 0.000 266.605955 0 100.000
26.937 -89.836 781.535 0.635 0.749 0.067 0.178 50.000 0.000 266.750154 0 100.000
23.117 -90.172 774.093 0.660 0.610 0.412 -0.150 50.000 0.000 266.917584 0 100.000
28.285 -87.214 771.012 0.625 0.739 -0.034 0.248 50.000 0.000 267.051688 0 100.000
25.370 -84.897 755.356 0.674 0.714 0.181 0.053 50.000 0.000 267.373530 0 100.000
24.007 -83.975 746.723 0.644 0.725 -0.003 0.243 50.000 0.000 267.549313 0 100.000
28.866 -82.197 744.471 0.623 0.552 0.469 -0.296 50.000 0.000 267.662160 0 100.000
21.991 -84.338 744.541 0.391 0.603 -0.402 0.568 50.000 0.000 267.806183 0 100.000
28.062 -80.170 733.932 0.656 0.722 0.012 0.220 50.000 0.000 268.064468 0 100.000
28.209 -79.788 730.640 0.691 0.703 0.137 0.100 50.000 0.000 268.130814 0 100.000
27.899 -79.685 728.591 0.694 0.700 0.138 0.101 50.000 0.000 268.172319 0 100.000
26.811 -77.355 701.713 0.708 0.686 0.134 0.097 50.000 0.000 268.712338 0 100.000
26.711 -76.937 688.850 0.715 0.681 0.128 0.099 50.000 0.000 268.969732 0 100.000
26.664 -77.127 676.240 0.717 0.679 0.124 0.100 50.000 0.000 269.221976 0 100.000
26.618 -78.113 663.927 0.719 0.677 0.127 0.094 50.000 0.000 269.469028 0 100.000
26.594 -78.200 663.080 0.718 0.678 0.120 0.101 50.000 0.000 269.486059 0 100.000
26.624 -79.135 653.066 0.718 0.678 0.115 0.107 50.000 0.000 269.687202 0 100.000
26.732 -79.269 651.240 0.718 0.678 0.110 0.112 50.000 0.000 269.723882 0 100.000
26.945 -79.751 645.384 0.718 0.678 0.108 0.114 50.000 0.000 269.841472 0 100.000
42.677 -126.041 107.527 0.721 0.675 0.106 0.114 50.000 0.000 280.642968 0 100.000
42.643 -126.017 104.697 0.717 0.679 0.095 0.127 50.000 0.000 280.699572 0 100.000
42.458 -125.899 75.731 0.700 0.696 0.106 0.120 50.000 0.000 281.278920 0 100.000
42.134 -126.011 1.214 0.694 0.702 0.115 0.114 50.000 0.000 282.769277 0 100.000
68.736 -114.443 1.166 0.678 0.686 0.187 0.185 50.000 0.000 283.349447 0 100.000
68.833 -114.385 76.589 0.684 0.680 0.179 0.193 50.000 0.000 284.857892 0 100.000
68.689 -114.679 105.831 0.700 0.664 0.165 0.205 50.000 0.000 285.442780 0 100.000
68.829 -114.630 108.780 0.706 0.659 0.177 0.190 50.000 0.000 285.501837 0 100.000
44.692 -71.210 653.714 0.703 0.664 0.174 0.185 50.000 0.000 296.445716 0 100.000
44.523 -70.673 659.893 0.702 0.666 0.177 0.182 50.000 0.000 296.569800 0 100.000
44.490 -70.505 661.682 0.703 0.665 0.181 0.176 50.000 0.000 296.605736 0 100.000
44.057 -69.716 671.914 0.703 0.664 0.188 0.171 50.000 0.000 296.811181 0 100.000
44.042 -69.658 672.753 0.705 0.663 0.193 0.165 50.000 0.000 296.827996 0 100.000
44.073 -69.104 685.265 0.701 0.666 0.187 0.174 50.000 0.000 297.078488 0 100.000
44.491 -69.138 699.172 0.695 0.672 0.189 0.172 50.000 0.000 297.356738 0 100.000
44.908 -69.769 712.599 0.687 0.679 0.193 0.171 50.000 0.000 297.625720 0 100.000
46.020 -72.264 741.089 0.668 0.696 0.200 0.172 50.000 0.000 298.198122 0 100.000
45.042 -73.025 742.123 0.667 0.695 0.203 0.178 50.000 0.000 298.230394 0 100.000
44.642 -73.519 743.512 0.626 0.718 0.080 0.294 50.000 0.000 298.260963 0 100.000
47.543 -73.748 756.509 0.360 0.636 -0.365 0.578 50.000 0.000 298.527333 0 100.000
42.519 -76.395 755.322 0.650 0.493 0.536 -0.219 50.000 0.000 298.643358 0 100.000
50.693 -72.449 757.820 0.626 0.730 0.032 0.273 50.000 0.000 298.831637 0 100.000
45.598 -76.462 767.021 0.659 0.705 0.235 0.117 50.000 0.000 299.056778 0 100.000
46.263 -78.661 779.957 0.598 0.736 0.029 0.315 50.000 0.000 299.319548 0 100.000
43.275 -81.318 784.069 0.671 0.572 0.463 -0.093 50.000 0.000 299.434263 0 100.000
45.229 -80.897 788.691 0.622 0.732 0.126 0.250 50.000 0.000 299.534980 0 100.000
53.666 -77.318 792.466 0.654 0.556 0.481 -0.178 50.000 0.000 299.733215 0 100.000
51.890 -78.157 792.712 0.481 0.699 -0.216 0.483 50.000 0.000 299.772798 0 100.000
45.091 -83.146 799.623 0.662 0.623 0.415 -0.036 50.000 0.000 299.990851 0 100.000
44.510 -84.202 801.565 0.669 0.667 0.313 0.099 50.000 0.000 300.036563 0 100.000
46.494 -84.296 809.252 0.658 0.684 0.287 0.127 50.000 0.000 300.195366 0 100.000
49.669 -84.760 822.193 0.399 0.697 -0.249 0.541 50.000 0.000 300.462021 0 100.000
57.514 -80.132 819.903 0.538 0.719 -0.130 0.420 50.000 0.000 300.649856 0 100.000
45.370 -88.719 826.157 0.667 0.646 0.368 0.056 50.000 0.000 300.972538 0 100.000
39.358 -94.653 828.843 0.663 0.652 0.318 0.183 50.000 0.000 301.149825 0 100.000
47.566 -90.341 842.553 0.476 0.733 -0.099 0.475 50.000 0.000 301.480844 0 100.000
48.320 -91.011 845.556 0.650 0.700 0.230 0.186 50.000 0.000 301.544199 0 100.000
46.642 -92.898 849.569 0.663 0.665 0.324 0.113 50.000 0.000 301.639041 0 100.000
36.789 -102.528 852.320 0.683 0.416 0.588 -0.118 50.000 0.000 301.920031 0 100.000
56.260 -86.977 853.129 0.382 0.654 -0.298 0.581 50.000 0.000 302.418673 0 100.000
35.238 -104.438 854.201 0.569 0.707 0.139 0.396 50.000 0.000 302.965655 0 100.000
36.086 -106.013 866.674 0.667 0.634 0.352 0.171 50.000 0.000 303.217677 0 100.000
41.891 -101.831 872.928 0.613 0.710 0.179 0.296 50.000 0.000 303.407735 0 100.000
58.619 -92.319 876.881 0.659 0.708 0.108 0.230 50.000 0.000 303.800620 0 100.000
37.743 -109.088 888.083 0.607 0.704 0.180 0.322 50.000 0.000 304.381120 0 100.000
36.918 -109.977 888.560 0.605 0.703 0.182 0.326 50.000 0.000 304.407200 0 100.000
35.586 -111.691 890.371 0.601 0.701 0.181 0.338 50.000 0.000 304.463733 0 100.000
29.444 -120.331 897.316 0.598 0.681 0.193 0.376 50.000 0.000 304.717201 0 100.000
26.780 -124.296 902.505 0.585 0.682 0.200 0.389 50.000 0.000 304.858258 0 100.000
50.846 -105.875 909.985 0.652 0.698 0.096 0.280 50.000 0.000 305.482586 0 100.000
29.945 -124.417 921.989 0.593 0.696 0.171 0.367 50.000 0.000 306.090781 0 100.000
30.008 -124.502 922.402 0.417 0.708 -0.099 0.561 50.000 0.000 306.099318 0 100.000
41.492 -115.894 922.215 0.684 0.662 0.248 0.177 50.000 0.000 306.386377 0 100.000
36.759 -120.354 929.710 0.619 0.696 0.127 0.341 50.000 0.000 306.584846 0 100.000
26.343 -131.046 935.419 0.587 0.692 0.164 0.388 50.000 0.000 306.904466 0 100.000
28.071 -130.131 938.823 0.596 0.691 0.148 0.381 50.000 0.000 306.982976 0 100.000
24.476 -135.504 946.994 0.591 0.686 0.150 0.398 50.000 0.000 307.191369 0 100.000
27.553 -134.078 953.334 0.609 0.683 0.125 0.384 50.000 0.000 307.335162 0 100.000
33.142 -129.544 953.500 0.627 0.684 0.100 0.360 50.000 0.000 307.479141 0 100.000
48.876 -119.988 953.894 0.667 0.684 0.044 0.291 50.000 0.000 307.847402 0 100.000
45.389 -122.074 955.147 0.703 0.665 0.174 0.184 50.000 0.000 307.932456 0 100.000
18.103 -145.639 967.068 0.355 0.668 -0.129 0.642 50.000 0.000 308.691916 0 100.000
47.008 -125.236 971.344 0.626 0.686 -0.053 0.369 50.000 0.000 309.404678 0 100.000
22.682 -143.999 979.698 0.724 0.501 0.473 -0.037 50.000 0.000 310.041413 0 100.000
20.525 -145.746 979.921 0.727 0.489 0.482 -0.026 50.000 0.000 310.097101 0 100.000
19.598 -146.501 980.347 0.727 0.484 0.486 -0.021 50.000 0.000 310.122483 0 100.000
19.152 -146.757 981.128 0.557 0.684 0.051 0.468 50.000 0.000 310.141178 0 100.000
16.875 -150.604 987.484 0.612 0.670 0.120 0.404 50.000 0.000 310.296604 0 100.000
11.990 -156.667 994.337 0.710 0.586 0.329 0.209 50.000 0.000 310.504055 0 100.000
5.317 -164.848 996.713 0.687 0.576 0.303 0.323 50.000 0.000 310.720472 0 100.000
-1.948 -182.227 992.854 0.597 0.543 0.215 0.551 50.000 0.000 311.105032 0 100.000
-6.413 -185.790 1008.233 0.187 0.578 -0.126 0.784 50.000 0.000 311.433145 0 100.000
8.330 -166.715 1007.538 0.448 0.579 -0.105 0.673 50.000 0.000 311.915524 0 100.000
-10.661 -193.115 1010.824 0.526 0.576 0.153 0.607 50.000 0.000 312.569256 0 100.000
-16.745 -199.762 1026.024 0.602 0.557 0.234 0.522 50.000 0.000 312.922664 0 100.000
-17.558 -200.650 1028.355 0.602 0.557 0.238 0.521 50.000 0.000 312.975137 0 100.000
-17.892 -200.656 1030.414 0.544 0.580 0.176 0.580 50.000 0.000 313.016867 0 100.000
-14.338 -193.183 1035.886 0.728 0.507 0.332 0.320 50.000 0.000 313.215262 0 100.000
-16.275 -193.884 1043.477 0.779 0.412 0.446 0.157 50.000 0.000 313.372578 0 100.000
-18.997 -197.849 1044.953 0.775 0.394 0.463 0.171 50.000 0.000 313.473186 0 100.000
-19.972 -197.146 1048.543 0.721 0.471 0.381 0.335 50.000 0.000 313.548890 0 100.000
-19.510 -191.367 1053.473 0.628 0.542 0.230 0.509 50.000 0.000 313.701107 0 100.000
-19.890 -191.854 1054.043 0.628 0.538 0.227 0.514 50.000 0.000 313.717920 0 100.000
-21.702 -194.119 1056.093 0.631 0.527 0.230 0.520 50.000 0.000 313.788963 0 100.000
1.454 -165.070 1058.417 0.708 0.555 0.073 0.431 50.000 0.000 314.533404 0 100.000
11.272 -157.983 1059.732 0.761 0.554 0.073 0.329 50.000 0.000 314.776993 0 100.000
-28.160 -185.837 1077.422 0.665 0.541 0.255 0.447 50.000 0.000 315.805312 0 100.000
-30.261 -188.240 1077.969 0.659 0.535 0.260 0.461 50.000 0.000 315.870094 0 100.000
-28.796 -180.995 1076.841 0.687 0.518 0.205 0.466 50.000 0.000 316.019636 0 100.000
-27.707 -177.189 1078.897 0.529 0.561 0.028 0.637 50.000 0.000 316.108847 0 100.000
-37.536 -188.675 1087.177 0.509 0.563 0.056 0.649 50.000 0.000 316.453572 0 100.000
-41.723 -134.870 1078.125 0.519 0.549 0.031 0.654 50.000 0.000 317.547996 0 100.000
-34.528 -128.008 1068.995 0.526 0.541 0.022 0.656 50.000 0.000 317.817968 0 100.000
-37.519 -135.788 1066.102 0.693 0.487 0.216 0.486 50.000 0.000 317.994432 0 100.000
-39.860 -152.736 1060.888 0.673 0.453 0.296 0.504 50.000 0.000 318.352141 0 100.000
-39.130 -149.695 1062.842 0.668 0.473 0.291 0.495 50.000 0.000 318.425902 0 100.000
-32.191 -152.853 1052.378 0.699 0.447 0.309 0.465 50.000 0.000 318.684838 0 100.000
-27.874 -142.497 1053.769 0.633 0.519 0.202 0.538 50.000 0.000 318.910949 0 100.000
-24.671 -154.658 1037.481 0.638 0.451 0.227 0.581 50.000 0.000 319.322515 0 100.000
-26.937 -169.205 1034.042 0.608 0.419 0.284 0.612 50.000 0.000 319.624896 0 100.000
-26.186 -168.883 1032.740 0.608 0.421 0.285 0.611 50.000 0.000 319.655642 0 100.000
-22.227 -173.127 1027.094 0.740 0.337 0.390 0.433 50.000 0.000 319.817568 0 100.000
-7.956 -143.218 1027.459 0.822 0.394 0.353 0.211 50.000 0.000 320.480389 0 100.000
-7.145 -139.052 1033.087 0.807 0.427 0.359 0.192 50.000 0.000 320.621366 0 100.000
-1.148 -147.366 1016.036 0.770 0.443 0.241 0.391 50.000 0.000 321.019263 0 100.000
-15.027 -180.078 1014.472 0.518 0.461 0.246 0.677 50.000 0.000 321.730645 0 100.000
-14.512 -180.390 1013.153 0.582 0.434 0.295 0.621 50.000 0.000 321.759640 0 100.000
-13.531 -178.559 1011.593 0.583 0.439 0.290 0.619 50.000 0.000 321.811595 0 100.000
2.373 -143.078 998.490 0.574 0.513 0.118 0.627 50.000 0.000 322.632215 0 100.000
-6.948 -168.395 996.452 0.326 0.515 0.110 0.785 50.000 0.000 323.173321 0 100.000
-5.009 -160.025 992.524 0.153 0.515 -0.016 0.843 50.000 0.000 323.362254 0 100.000
2.879 -145.446 982.665 0.599 0.477 0.225 0.603 50.000 0.000 323.747993 0 100.000
12.736 -139.989 969.310 0.736 0.429 0.282 0.441 50.000 0.000 324.097456 0 100.000
5.765 -159.305 970.133 0.740 0.366 0.406 0.392 50.000 0.000 324.508483 0 100.000
9.039 -158.301 961.057 0.562 0.477 0.263 0.623 50.000 0.000 324.702498 0 100.000
15.006 -143.600 953.935 0.518 0.521 0.173 0.656 50.000 0.000 325.050337 0 100.000
22.781 -127.925 953.996 0.832 0.321 0.448 0.062 50.000 0.000 325.400286 0 100.000
22.169 -129.428 953.899 0.831 0.317 0.452 0.064 50.000 0.000 325.432818 0 100.000
15.055 -145.269 953.578 0.827 0.254 0.492 0.100 50.000 0.000 325.780168 0 100.000
17.494 -140.099 947.823 0.502 0.539 0.167 0.655 50.000 0.000 325.942394 0 100.000
19.966 -133.071 944.517 0.312 0.563 0.012 0.765 50.000 0.000 326.105417 0 100.000
21.413 -130.875 942.084 0.668 0.501 0.342 0.432 50.000 0.000 326.177062 0 100.000
22.774 -127.710 941.945 0.576 0.565 0.228 0.545 50.000 0.000 326.246010 0 100.000
28.506 -116.883 941.342 0.599 0.584 0.190 0.514 50.000 0.000 326.491327 0 100.000
31.912 -111.635 940.947 0.612 0.592 0.171 0.496 50.000 0.000 326.616716 0 100.000
24.646 -127.452 932.524 0.569 0.565 0.246 0.545 50.000 0.000 327.003457 0 100.000
47.157 -94.738 924.181 0.651 0.606 0.127 0.439 50.000 0.000 327.815011 0 100.000
33.184 -114.428 919.203 0.598 0.578 0.218 0.511 50.000 0.000 328.308058 0 100.000
33.020 -115.421 915.660 0.592 0.578 0.232 0.512 50.000 0.000 328.381729 0 100.000
35.118 -112.405 912.600 0.687 0.534 0.348 0.349 50.000 0.000 328.477361 0 100.000
54.040 -86.908 910.575 0.478 0.633 -0.087 0.603 50.000 0.000 329.113673 0 100.000
50.725 -90.292 909.696 0.647 0.620 0.153 0.417 50.000 0.000 329.210033 0 100.000
38.733 -106.793 902.758 0.596 0.600 0.234 0.479 50.000 0.000 329.640952 0 100.000
57.605 -82.465 896.676 0.650 0.638 0.152 0.383 50.000 0.000 330.268637 0 100.000
46.182 -95.594 893.586 0.613 0.623 0.220 0.433 50.000 0.000 330.622140 0 100.000
45.705 -96.750 884.178 0.602 0.624 0.241 0.436 50.000 0.000 330.811967 0 100.000
50.570 -89.971 881.871 0.622 0.631 0.221 0.408 50.000 0.000 330.985103 0 100.000
52.465 -87.583 881.203 0.628 0.634 0.213 0.398 50.000 0.000 331.047532 0 100.000
48.014 -93.603 874.713 0.606 0.628 0.248 0.421 50.000 0.000 331.245697 0 100.000
47.666 -94.261 867.563 0.601 0.627 0.265 0.420 50.000 0.000 331.389468 0 100.000
49.954 -90.704 865.733 0.684 0.562 0.398 0.242 50.000 0.000 331.481640 0 100.000
51.660 -88.034 854.713 0.559 0.662 0.195 0.459 50.000 0.000 331.710963 0 100.000
58.522 -78.658 851.907 0.310 0.663 -0.162 0.662 50.000 0.000 331.950022 0 100.000
51.503 -88.229 853.037 0.719 0.321 0.611 -0.075 50.000 0.000 332.188480 0 100.000
57.352 -80.216 848.025 0.682 0.591 0.380 0.202 50.000 0.000 332.410780 0 100.000
57.001 -80.431 845.653 0.647 0.637 0.301 0.290 50.000 0.000 332.458933 0 100.000
61.628 -74.317 839.574 0.461 0.698 -0.022 0.547 50.000 0.000 332.654629 0 100.000
62.711 -72.769 832.031 0.677 0.619 0.337 0.212 50.000 0.000 332.810140 0 100.000
65.341 -70.112 823.316 0.705 0.585 0.387 0.103 50.000 0.000 332.999793 0 100.000
53.665 -82.343 821.370 0.446 0.704 0.027 0.552 50.000 0.000 333.340226 0 100.000
57.335 -77.653 820.609 0.343 0.692 -0.126 0.622 50.000 0.000 333.460305 0 100.000
66.333 -66.908 809.690 0.678 0.638 0.317 0.180 50.000 0.000 333.815637 0 100.000
60.120 -72.031 802.236 0.685 0.609 0.360 0.174 50.000 0.000 334.035096 0 100.000
60.563 -71.184 802.152 0.687 0.559 0.463 0.029 50.000 0.000 334.054289 0 100.000
65.339 -66.201 797.282 0.442 0.704 -0.130 0.540 50.000 0.000 334.223232 0 100.000
69.007 -63.403 795.753 0.688 0.489 0.522 -0.126 50.000 0.000 334.320435 0 100.000
60.665 -69.375 792.112 0.609 0.699 0.188 0.326 50.000 0.000 334.538177 0 100.000
57.817 -71.546 786.833 0.699 0.499 0.511 -0.026 50.000 0.000 334.665746 0 100.000
57.741 -70.864 782.621 0.568 0.707 0.113 0.407 50.000 0.000 334.751096 0 100.000
57.498 -68.427 767.959 0.664 0.650 0.301 0.214 50.000 0.000 335.048395 0 100.000
62.685 -62.826 761.738 0.600 0.706 0.109 0.360 50.000 0.000 335.245350 0 100.000
59.015 -65.931 762.829 0.670 0.426 0.585 -0.166 50.000 0.000 335.343938 0 100.000
64.585 -60.902 759.859 0.327 0.655 -0.287 0.618 50.000 0.000 335.505355 0 100.000
65.275 -58.304 749.944 0.610 0.705 0.125 0.341 50.000 0.000 335.710824 0 100.000
63.142 -59.829 748.380 0.655 0.671 0.251 0.241 50.000 0.000 335.771886 0 100.000
61.579 -61.004 746.989 0.653 0.668 0.258 0.247 50.000 0.000 335.819871 0 100.000
62.705 -56.627 721.859 0.664 0.667 0.245 0.233 50.000 0.000 336.330537 0 100.000
61.923 -56.141 709.519 0.667 0.663 0.244 0.235 50.000 0.000 336.578023 0 100.000
60.757 -56.469 695.111 0.673 0.655 0.245 0.240 50.000 0.000 336.867205 0 100.000
60.144 -57.174 681.306 0.681 0.646 0.253 0.234 50.000 0.000 337.143936 0 100.000
60.079 -57.273 680.352 0.680 0.647 0.249 0.238 50.000 0.000 337.163163 0 100.000
60.308 -57.907 669.910 0.680 0.647 0.245 0.243 50.000 0.000 337.372434 0 100.000
60.272 -58.162 667.933 0.679 0.647 0.241 0.248 50.000 0.000 337.412306 0 100.000
60.665 -58.537 661.973 0.679 0.648 0.238 0.251 50.000 0.000 337.531996 0 100.000
92.136 -97.855 110.124 0.682 0.637 0.246 0.263 50.000 0.000 348.614844 0 100.000
92.172 -97.870 107.037 0.675 0.643 0.233 0.278 50.000 0.000 348.676593 0 100.000
91.921 -97.828 77.145 0.661 0.656 0.250 0.265 50.000 0.000 349.274462 0 100.000
90.558 -99.111 1.557 0.651 0.661 0.266 0.262 50.000 0.000 350.786673 0 100.000
109.067 -80.019 2.336 0.614 0.628 0.342 0.334 50.000 0.000 351.318725 0 100.000
110.307 -78.111 78.316 0.625 0.624 0.324 0.338 50.000 0.000 352.839007 0 100.000
111.527 -76.714 108.036 0.643 0.614 0.300 0.346 50.000 0.000 353.434574 0 100.000
111.392 -76.660 111.173 0.651 0.607 0.312 0.333 50.000 0.000 353.497379 0 100.000
73.549 -42.463 669.038 0.648 0.625 0.301 0.314 50.000 0.000 364.701211 0 100.000
72.988 -42.443 674.818 0.649 0.623 0.305 0.313 50.000 0.000 364.817358 0 100.000
72.865 -42.412 676.585 0.650 0.622 0.308 0.310 50.000 0.000 364.852787 0 100.000
72.132 -42.659 686.374 0.651 0.618 0.312 0.311 50.000 0.000 365.049173 0 100.000
72.068 -42.717 687.171 0.653 0.616 0.315 0.308 50.000 0.000 365.065226 0 100.000
71.854 -42.977 699.689 0.646 0.621 0.307 0.321 50.000 0.000 365.315672 0 100.000
71.889 -43.703 712.146 0.644 0.621 0.307 0.325 50.000 0.000 365.565235 0 100.000
72.429 -44.136 724.023 0.643 0.623 0.308 0.323 50.000 0.000 365.803180 0 100.000
71.453 -48.676 747.905 0.634 0.618 0.319 0.338 50.000 0.000 366.289753 0 100.000
71.684 -48.499 749.409 0.634 0.620 0.318 0.337 50.000 0.000 366.320403 0 100.000
72.155 -48.059 751.429 0.569 0.666 0.207 0.437 50.000 0.000 366.362801 0 100.000
71.531 -50.745 762.574 0.262 0.677 -0.175 0.665 50.000 0.000 366.592426 0 100.000
71.132 -51.902 762.946 0.706 0.337 0.612 -0.115 50.000 0.000 366.617999 0 100.000
72.302 -50.067 764.226 0.564 0.674 0.182 0.441 50.000 0.000 366.668484 0 100.000
70.111 -54.078 770.101 0.654 0.602 0.355 0.290 50.000 0.000 366.817345 0 100.000
72.296 -52.504 784.629 0.548 0.677 0.167 0.461 50.000 0.000 367.112850 0 100.000
73.181 -52.193 789.209 0.717 0.439 0.542 0.014 50.000 0.000 367.206363 0 100.000
72.723 -52.536 789.713 0.601 0.647 0.240 0.402 50.000 0.000 367.221628 0 100.000
67.844 -60.461 795.843 0.724 0.352 0.593 -0.009 50.000 0.000 367.444503 0 100.000
71.675 -54.470 796.098 0.390 0.687 -0.023 0.613 50.000 0.000 367.586827 0 100.000
66.898 -62.285 799.771 0.711 0.456 0.520 0.124 50.000 0.000 367.784198 0 100.000
71.255 -55.257 803.728 0.683 0.553 0.409 0.245 50.000 0.000 367.967557 0 100.000
74.972 -49.668 808.360 0.681 0.577 0.366 0.262 50.000 0.000 368.130659 0 100.000
71.014 -54.458 818.987 0.329 0.672 -0.059 0.661 50.000 0.000 368.376856 0 100.000
69.243 -57.736 820.067 0.440 0.672 0.074 0.591 50.000 0.000 368.454446 0 100.000
68.366 -59.643 823.143 0.707 0.497 0.458 0.207 50.000 0.000 368.528933 0 100.000
66.318 -62.021 828.671 0.671 0.531 0.407 0.319 50.000 0.000 368.656062 0 100.000
68.578 -55.921 836.439 0.429 0.661 0.062 0.612 50.000 0.000 368.858708 0 100.000
66.250 -60.878 840.431 0.653 0.567 0.342 0.367 50.000 0.000 368.994237 0 100.000
65.451 -61.791 842.669 0.698 0.511 0.417 0.280 50.000 0.000 369.045149 0 100.000
62.398 -65.244 849.198 0.755 0.239 0.609 -0.044 50.000 0.000 369.205003 0 100.000
64.908 -58.899 850.099 0.270 0.650 -0.070 0.706 50.000 0.000 369.342650 0 100.000
61.666 -66.614 850.363 0.550 0.603 0.246 0.523 50.000 0.000 369.510096 0 100.000
64.517 -59.474 860.317 0.712 0.512 0.392 0.276 50.000 0.000 369.761646 0 100.000
64.288 -58.176 863.490 0.626 0.590 0.257 0.441 50.000 0.000 369.830359 0 100.000
61.250 -60.886 871.620 0.618 0.588 0.257 0.454 50.000 0.000 370.012213 0 100.000
55.878 -68.419 878.417 0.605 0.573 0.279 0.478 50.000 0.000 370.241828 0 100.000
55.752 -68.497 878.776 0.606 0.571 0.278 0.478 50.000 0.000 370.249597 0 100.000
55.140 -69.299 879.888 0.604 0.569 0.273 0.487 50.000 0.000 370.279627 0 100.000
50.448 -75.943 887.265 0.599 0.548 0.281 0.512 50.000 0.000 370.499248 0 100.000
48.362 -77.704 892.509 0.590 0.551 0.283 0.517 50.000 0.000 370.617475 0 100.000
49.140 -71.976 898.984 0.607 0.558 0.245 0.510 50.000 0.000 370.791080 0 100.000
48.710 -68.288 907.583 0.614 0.570 0.222 0.500 50.000 0.000 370.978403 0 100.000
48.030 -68.958 908.572 0.408 0.612 0.020 0.677 50.000 0.000 371.005891 0 100.000
43.282 -79.671 909.708 0.695 0.487 0.361 0.386 50.000 0.000 371.241349 0 100.000
42.052 -78.233 913.045 0.601 0.543 0.241 0.535 50.000 0.000 371.318066 0 100.000
39.079 -82.852 916.085 0.594 0.531 0.250 0.550 50.000 0.000 371.443637 0 100.000
36.241 -84.351 922.599 0.584 0.540 0.254 0.551 50.000 0.000 371.588862 0 100.000
36.315 -79.949 927.760 0.602 0.539 0.217 0.548 50.000 0.000 371.724531 0 100.000
32.503 -81.007 936.826 0.596 0.546 0.213 0.549 50.000 0.000 371.922363 0 100.000
31.927 -82.359 936.602 0.596 0.540 0.215 0.554 50.000 0.000 371.952084 0 100.000
30.588 -85.757 936.117 0.596 0.526 0.223 0.564 50.000 0.000 372.025772 0 100.000
29.946 -87.336 936.078 0.692 0.468 0.321 0.446 50.000 0.000 372.059863 0 100.000
26.061 -79.684 949.144 0.342 0.575 -0.012 0.743 50.000 0.000 372.372501 0 100.000
25.012 -87.803 947.766 0.530 0.537 0.141 0.641 50.000 0.000 372.538518 0 100.000
20.704 -93.076 954.785 0.830 0.279 0.475 0.089 50.000 0.000 372.734111 0 100.000
18.347 -97.244 955.151 0.829 0.256 0.487 0.100 50.000 0.000 372.830157 0 100.000
17.732 -99.956 953.888 0.832 0.240 0.488 0.108 50.000 0.000 372.891240 0 100.000
19.318 -95.007 953.578 0.533 0.514 0.165 0.652 50.000 0.000 372.995372 0 100.000
14.894 -102.767 958.660 0.595 0.477 0.227 0.605 50.000 0.000 373.200914 0 100.000
10.913 -102.789 966.847 0.762 0.383 0.364 0.374 50.000 0.000 373.382984 0 100.000
8.180 -92.512 976.597 0.715 0.453 0.309 0.435 50.000 0.000 373.671536 0 100.000
8.620 -71.921 993.675 0.620 0.563 0.141 0.527 50.000 0.000 374.206643 0 100.000
5.694 -67.262 1007.815 0.304 0.561 -0.186 0.747 50.000 0.000 374.510106 0 100.000
-0.106 -84.526 1002.617 0.430 0.562 -0.017 0.706 50.000 0.000 374.888898 0 100.000
-1.795 -91.248 1000.681 0.565 0.534 0.112 0.619 50.000 0.000 375.032817 0 100.000
-7.490 -96.488 1011.488 0.642 0.512 0.166 0.546 50.000 0.000 375.298656 0 100.000
-10.371 -100.404 1012.648 0.635 0.504 0.181 0.556 50.000 0.000 375.398624 0 100.000
-12.478 -101.997 1014.949 0.577 0.520 0.142 0.614 50.000 0.000 375.468680 0 100.000
-11.738 -96.744 1021.317 0.744 0.474 0.269 0.386 50.000 0.000 375.634437 0 100.000
-15.802 -92.711 1029.022 0.808 0.407 0.379 0.193 50.000 0.000 375.826427 0 100.000
-11.005 -84.554 1029.251 0.810 0.439 0.338 0.192 50.000 0.000 376.015737 0 100.000
-10.027 -74.144 1036.634 0.743 0.534 0.215 0.341 50.000 0.000 376.271733 0 100.000
-10.609 -64.229 1046.262 0.666 0.582 0.078 0.460 50.000 0.000 376.548385 0 100.000
-11.961 -65.065 1047.031 0.666 0.579 0.080 0.464 50.000 0.000 376.583710 0 100.000
-15.060 -66.938 1048.956 0.667 0.571 0.086 0.471 50.000 0.000 376.665726 0 100.000
-20.109 -70.379 1051.475 0.668 0.557 0.096 0.484 50.000 0.000 376.797905 0 100.000
-21.226 -71.039 1052.251 0.720 0.540 0.160 0.406 50.000 0.000 376.828135 0 100.000
-43.086 -122.646 1041.623 0.686 0.341 0.330 0.551 50.000 0.000 377.969028 0 100.000
-43.984 -124.229 1042.478 0.686 0.332 0.336 0.553 50.000 0.000 378.009240 0 100.000
-49.313 -128.675 1048.457 0.686 0.305 0.353 0.558 50.000 0.000 378.192457 0 100.000
-50.194 -128.937 1049.492 0.422 0.414 0.213 0.778 50.000 0.000 378.220138 0 100.000
-48.140 -95.282 1062.100 0.509 0.491 0.062 0.705 50.000 0.000 378.940085 0 100.000
-58.597 -90.671 1052.670 0.403 0.395 0.237 0.791 50.000 0.000 379.236408 0 100.000
-53.918 -84.917 1045.820 0.403 0.396 0.238 0.790 50.000 0.000 379.438328 0 100.000
-53.031 -85.268 1044.680 0.678 0.272 0.373 0.572 50.000 0.000 379.468050 0 100.000
-47.588 -87.137 1037.606 0.674 0.274 0.373 0.576 50.000 0.000 379.650438 0 100.000
-46.677 -87.442 1036.399 0.672 0.275 0.372 0.578 50.000 0.000 379.681291 0 100.000
-40.807 -90.567 1028.697 0.702 0.254 0.387 0.541 50.000 0.000 379.884817 0 100.000
-39.856 -90.461 1027.333 0.599 0.317 0.337 0.654 50.000 0.000 379.918131 0 100.000
-36.188 -89.941 1022.079 0.600 0.316 0.337 0.653 50.000 0.000 380.046702 0 100.000
-33.849 -89.524 1018.682 0.598 0.318 0.335 0.655 50.000 0.000 380.129618 0 100.000
-32.881 -89.315 1017.272 0.599 0.318 0.335 0.654 50.000 0.000 380.164087 0 100.000
-27.899 -93.519 1010.657 0.752 0.219 0.409 0.469 50.000 0.000 380.349820 0 100.000
-25.964 -97.510 1008.408 0.833 0.129 0.446 0.301 50.000 0.000 380.449284 0 100.000
-25.403 -98.655 1007.761 0.833 0.129 0.447 0.300 50.000 0.000 380.477880 0 100.000
-21.740 -101.275 1002.880 0.738 0.233 0.404 0.488 50.000 0.000 380.610696 0 100.000
-18.507 -99.094 997.984 0.510 0.365 0.290 0.723 50.000 0.000 380.735901 0 100.000
-17.424 -98.818 996.416 0.590 0.329 0.329 0.660 50.000 0.000 380.774406 0 100.000
-16.278 -98.529 994.745 0.589 0.330 0.328 0.661 50.000 0.000 380.815341 0 100.000
-8.188 -92.061 982.756 0.490 0.375 0.274 0.738 50.000 0.000 381.132199 0 100.000
-7.029 -89.512 980.964 0.297 0.430 0.174 0.835 50.000 0.000 381.198682 0 100.000
-6.228 -83.331 979.355 0.098 0.457 0.070 0.881 50.000 0.000 381.327426 0 100.000
1.756 -81.027 968.201 0.584 0.338 0.316 0.667 50.000 0.000 381.605598 0 100.000
8.273 -84.495 959.230 0.720 0.260 0.384 0.516 50.000 0.000 381.837967 0 100.000
11.918 -88.077 954.098 0.768 0.223 0.409 0.440 50.000 0.000 381.982827 0 100.000
16.894 -86.199 946.677 0.577 0.350 0.310 0.669 50.000 0.000 382.165420 0 100.000
21.428 -82.436 939.800 0.498 0.385 0.268 0.729 50.000 0.000 382.346554 0 100.000
21.607 -83.442 939.491 0.863 0.096 0.460 0.186 50.000 0.000 382.367915 0 100.000
21.706 -84.031 939.308 0.862 0.096 0.461 0.186 50.000 0.000 382.380417 0 100.000
21.884 -85.052 939.001 0.862 0.097 0.461 0.186 50.000 0.000 382.402027 0 100.000
26.273 -80.669 932.158 0.484 0.397 0.261 0.735 50.000 0.000 382.586748 0 100.000
28.338 -75.033 929.076 0.251 0.455 0.136 0.843 50.000 0.000 382.721688 0 100.000
33.440 -76.767 920.198 0.695 0.302 0.381 0.529 50.000 0.000 382.929399 0 100.000
33.825 -76.513 919.542 0.574 0.373 0.313 0.658 50.000 0.000 382.945444 0 100.000
34.634 -75.963 918.138 0.574 0.375 0.313 0.657 50.000 0.000 382.979667 0 100.000
35.023 -75.700 917.464 0.574 0.376 0.313 0.656 50.000 0.000 382.996095 0 100.000
38.453 -73.228 911.306 0.577 0.384 0.316 0.648 50.000 0.000 383.145498 0 100.000
42.061 -70.157 904.547 0.579 0.394 0.317 0.639 50.000 0.000 383.310569 0 100.000
43.708 -68.535 901.322 0.582 0.400 0.318 0.633 50.000 0.000 383.389944 0 100.000
45.307 -66.661 898.280 0.584 0.407 0.320 0.625 50.000 0.000 383.468218 0 100.000
46.494 -64.291 896.073 0.704 0.353 0.404 0.466 50.000 0.000 383.537205 0 100.000
48.060 -62.248 893.046 0.331 0.513 0.149 0.778 50.000 0.000 383.616688 0 100.000
48.257 -61.763 892.702 0.588 0.428 0.323 0.605 50.000 0.000 383.629208 0 100.000
50.415 -54.764 890.136 0.588 0.462 0.318 0.582 50.000 0.000 383.784419 0 100.000
53.489 -39.584 894.738 0.588 0.538 0.303 0.522 50.000 0.000 384.107564 0 100.000
55.901 -33.903 895.974 0.587 0.566 0.297 0.497 50.000 0.000 384.233445 0 100.000
59.423 -34.579 884.857 0.587 0.560 0.307 0.497 50.000 0.000 384.467069 0 100.000
59.884 -35.344 882.483 0.590 0.555 0.314 0.495 50.000 0.000 384.517796 0 100.000
60.056 -35.448 881.802 0.591 0.554 0.316 0.494 50.000 0.000 384.532005 0 100.000
62.551 -35.274 874.193 0.590 0.554 0.318 0.494 50.000 0.000 384.692192 0 100.000
64.296 -37.328 865.684 0.590 0.545 0.333 0.494 50.000 0.000 384.870715 0 100.000
65.801 -36.291 862.730 0.694 0.458 0.449 0.328 50.000 0.000 384.940174 0 100.000
68.802 -34.140 852.707 0.537 0.585 0.276 0.541 50.000 0.000 385.153807 0 100.000
68.784 -33.890 851.179 0.228 0.645 -0.004 0.729 50.000 0.000 385.184777 0 100.000
69.239 -33.901 850.986 0.762 0.199 0.616 -0.020 50.000 0.000 385.194670 0 100.000
70.523 -36.743 842.795 0.689 0.458 0.455 0.328 50.000 0.000 385.369966 0 100.000
72.133 -34.002 840.277 0.642 0.525 0.379 0.410 50.000 0.000 385.451083 0 100.000
72.770 -32.491 836.774 0.389 0.639 0.128 0.651 50.000 0.000 385.528434 0 100.000
72.591 -38.125 828.865 0.659 0.479 0.448 0.368 50.000 0.000 385.722689 0 100.000
72.718 -41.673 822.226 0.700 0.420 0.505 0.278 50.000 0.000 385.873253 0 100.000
75.311 -34.507 819.892 0.405 0.646 0.137 0.633 50.000 0.000 386.032667 0 100.000
74.516 -36.883 818.495 0.270 0.657 0.032 0.703 50.000 0.000 386.090052 0 100.000
75.959 -36.837 807.980 0.656 0.500 0.441 0.354 50.000 0.000 386.302332 0 100.000
74.790 -41.678 802.657 0.665 0.473 0.471 0.333 50.000 0.000 386.448123 0 100.000
79.177 -32.537 799.007 0.725 0.417 0.527 0.149 50.000 0.000 386.663656 0 100.000
75.821 -39.788 796.572 0.328 0.668 0.075 0.664 50.000 0.000 386.830721 0 100.000
76.733 -37.804 795.860 0.739 0.283 0.611 0.034 50.000 0.000 386.876643 0 100.000
77.141 -37.162 790.029 0.561 0.598 0.312 0.480 50.000 0.000 386.994253 0 100.000
77.905 -36.004 788.252 0.731 0.350 0.579 0.087 50.000 0.000 387.039352 0 100.000
78.230 -34.996 783.897 0.509 0.636 0.235 0.530 50.000 0.000 387.128975 0 100.000
77.838 -36.237 769.998 0.637 0.547 0.405 0.362 50.000 0.000 387.408177 0 100.000
76.994 -37.786 764.576 0.511 0.629 0.264 0.524 50.000 0.000 387.522200 0 100.000
79.414 -32.902 763.660 0.727 0.257 0.633 -0.064 50.000 0.000 387.632732 0 100.000
77.126 -37.323 762.489 0.197 0.678 -0.070 0.704 50.000 0.000 387.735003 0 100.000
78.439 -33.202 751.772 0.523 0.623 0.277 0.512 50.000 0.000 387.966150 0 100.000
78.803 -32.169 750.055 0.603 0.570 0.374 0.414 50.000 0.000 388.006864 0 100.000
79.115 -31.322 748.882 0.605 0.572 0.372 0.411 50.000 0.000 388.036478 0 100.000
79.614 -28.426 725.142 0.611 0.576 0.365 0.403 50.000 0.000 388.514909 0 100.000
78.984 -29.249 713.644 0.608 0.574 0.367 0.408 50.000 0.000 388.745802 0 100.000
79.076 -28.847 701.131 0.610 0.572 0.368 0.406 50.000 0.000 388.996195 0 100.000
79.418 -28.627 688.701 0.619 0.567 0.377 0.392 50.000 0.000 389.244928 0 100.000
79.457 -28.618 687.867 0.617 0.568 0.376 0.394 50.000 0.000 389.261630 0 100.000
80.173 -28.130 678.145 0.617 0.572 0.373 0.392 50.000 0.000 389.456836 0 100.000
80.354 -28.007 676.498 0.616 0.574 0.371 0.393 50.000 0.000 389.490063 0 100.000
80.920 -27.772 670.882 0.615 0.576 0.368 0.393 50.000 0.000 389.603047 0 100.000
123.702 -57.135 113.799 0.597 0.563 0.396 0.412 50.000 0.000 400.792932 0 100.000
123.876 -57.342 110.643 0.588 0.571 0.387 0.422 50.000 0.000 400.856298 0 100.000
120.269 -69.624 82.322 0.541 0.561 0.443 0.442 50.000 0.000 401.477879 0 100.000
120.316 -69.565 3.371 0.542 0.561 0.450 0.435 50.000 0.000 403.056897 0 100.000
133.983 -32.227 2.050 0.523 0.534 0.475 0.465 50.000 0.000 403.852556 0 100.000
134.070 -31.351 80.989 0.525 0.536 0.464 0.471 50.000 0.000 405.431428 0 100.000
134.786 -27.410 110.276 0.553 0.529 0.438 0.472 50.000 0.000 406.022616 0 100.000
134.432 -27.739 113.640 0.558 0.522 0.444 0.467 50.000 0.000 406.090588 0 100.000
85.727 -11.289 672.236 0.570 0.525 0.429 0.464 50.000 0.000 417.309733 0 100.000
85.296 -11.282 678.061 0.570 0.524 0.430 0.463 50.000 0.000 417.426546 0 100.000
85.185 -11.279 679.815 0.571 0.523 0.431 0.463 50.000 0.000 417.461695 0 100.000
84.643 -11.240 689.936 0.572 0.522 0.433 0.462 50.000 0.000 417.664419 0 100.000
84.610 -11.238 690.784 0.573 0.521 0.434 0.461 50.000 0.000 417.681386 0 100.000
84.241 -11.126 703.167 0.564 0.529 0.424 0.472 50.000 0.000 417.929166 0 100.000
83.994 -11.442 715.642 0.562 0.530 0.423 0.474 50.000 0.000 418.178793 0 100.000
83.913 -11.577 727.159 0.564 0.529 0.425 0.471 50.000 0.000 418.409146 0 100.000
83.703 -12.528 750.409 0.564 0.526 0.427 0.472 50.000 0.000 418.874562 0 100.000
83.709 -12.465 751.629 0.564 0.526 0.426 0.472 50.000 0.000 418.898998 0 100.000
83.709 -12.360 753.305 0.480 0.589 0.334 0.558 50.000 0.000 418.932572 0 100.000
83.238 -14.637 763.152 0.154 0.674 0.000 0.723 50.000 0.000 419.134943 0 100.000
82.816 -16.992 764.324 0.739 0.162 0.654 0.006 50.000 0.000 419.188220 0 100.000
83.057 -15.333 765.221 0.474 0.594 0.316 0.567 50.000 0.000 419.226250 0 100.000
83.370 -13.705 770.954 0.613 0.502 0.448 0.414 50.000 0.000 419.345608 0 100.000
82.444 -14.246 784.641 0.467 0.600 0.298 0.577 50.000 0.000 419.620199 0 100.000
81.872 -15.828 789.211 0.729 0.275 0.610 0.146 50.000 0.000 419.717592 0 100.000
81.665 -15.584 790.936 0.525 0.556 0.369 0.528 50.000 0.000 419.752673 0 100.000
81.391 -14.945 796.112 0.743 0.214 0.628 0.083 50.000 0.000 419.857122 0 100.000
80.904 -16.459 797.099 0.287 0.649 0.140 0.690 50.000 0.000 419.894564 0 100.000
80.791 -16.541 799.273 0.715 0.330 0.574 0.224 50.000 0.000 419.938130 0 100.000
79.957 -17.162 804.109 0.647 0.424 0.510 0.376 50.000 0.000 420.037070 0 100.000
79.498 -15.610 809.087 0.631 0.442 0.492 0.406 50.000 0.000 420.141754 0 100.000
77.799 -13.896 820.327 0.222 0.648 0.104 0.721 50.000 0.000 420.371682 0 100.000
77.785 -13.381 821.133 0.356 0.621 0.212 0.666 50.000 0.000 420.390807 0 100.000
77.728 -11.791 823.991 0.691 0.383 0.531 0.306 50.000 0.000 420.456234 0 100.000
76.316 -10.216 830.665 0.643 0.439 0.485 0.399 50.000 0.000 420.596247 0 100.000
74.228 -9.950 839.085 0.342 0.620 0.203 0.676 50.000 0.000 420.769831 0 100.000
72.930 -12.501 843.553 0.608 0.474 0.446 0.454 50.000 0.000 420.875953 0 100.000
72.223 -11.952 846.718 0.665 0.408 0.509 0.364 50.000 0.000 420.941748 0 100.000
70.216 -9.640 854.568 0.756 0.129 0.641 0.028 50.000 0.000 421.110257 0 100.000
70.069 -8.150 855.256 0.182 0.651 0.063 0.734 50.000 0.000 421.143207 0 100.000
69.694 -9.767 856.340 0.501 0.554 0.346 0.568 50.000 0.000 421.182856 0 100.000
67.384 -15.441 857.990 0.688 0.372 0.489 0.385 50.000 0.000 421.309751 0 100.000
67.679 -16.826 855.673 0.583 0.452 0.380 0.558 50.000 0.000 421.364041 0 100.000
66.829 -20.004 857.335 0.589 0.425 0.367 0.581 50.000 0.000 421.437760 0 100.000
65.241 -21.751 861.578 0.594 0.409 0.361 0.591 50.000 0.000 421.534883 0 100.000
65.096 -21.855 861.979 0.594 0.408 0.360 0.592 50.000 0.000 421.543649 0 100.000
64.622 -22.228 863.233 0.593 0.406 0.356 0.597 50.000 0.000 421.571480 0 100.000
61.434 -24.199 871.028 0.595 0.392 0.349 0.608 50.000 0.000 421.744471 0 100.000
60.201 -24.678 873.971 0.595 0.388 0.345 0.613 50.000 0.000 421.809007 0 100.000
57.219 -26.047 880.568 0.595 0.380 0.339 0.622 50.000 0.000 421.956361 0 100.000
54.365 -27.390 886.525 0.597 0.371 0.335 0.627 50.000 0.000 422.091174 0 100.000
54.096 -27.490 887.088 0.325 0.467 0.175 0.803 50.000 0.000 422.103804 0 100.000
52.820 -30.672 889.302 0.717 0.291 0.403 0.489 50.000 0.000 422.185426 0 100.000
50.599 -28.857 893.920 0.596 0.364 0.329 0.636 50.000 0.000 422.294148 0 100.000
48.710 -29.624 897.430 0.595 0.360 0.326 0.640 50.000 0.000 422.375329 0 100.000
46.791 -30.351 900.912 0.595 0.357 0.324 0.643 50.000 0.000 422.456168 0 100.000
42.473 -31.696 908.350 0.594 0.353 0.321 0.648 50.000 0.000 422.630259 0 100.000
38.237 -32.753 915.258 0.592 0.351 0.318 0.652 50.000 0.000 422.793715 0 100.000
37.790 -32.871 915.979 0.592 0.351 0.318 0.652 50.000 0.000 422.810846 0 100.000
36.835 -33.127 917.481 0.593 0.349 0.318 0.652 50.000 0.000 422.846808 0 100.000
36.381 -33.255 918.189 0.711 0.279 0.381 0.522 50.000 0.000 422.863812 0 100.000
30.057 -29.455 927.899 0.259 0.445 0.138 0.846 50.000 0.000 423.107721 0 100.000
28.063 -35.084 930.756 0.503 0.381 0.267 0.728 50.000 0.000 423.240111 0 100.000
23.173 -38.780 937.739 0.867 0.092 0.454 0.185 50.000 0.000 423.425940 0 100.000
22.922 -37.629 938.105 0.867 0.092 0.453 0.185 50.000 0.000 423.450608 0 100.000
22.773 -36.956 938.324 0.867 0.092 0.453 0.185 50.000 0.000 423.465075 0 100.000
22.517 -35.837 938.684 0.519 0.372 0.274 0.719 50.000 0.000 423.489138 0 100.000
17.645 -38.993 945.435 0.598 0.336 0.315 0.656 50.000 0.000 423.667218 0 100.000
12.271 -40.074 952.711 0.780 0.213 0.406 0.426 50.000 0.000 423.849410 0 100.000
8.386 -35.855 957.721 0.736 0.250 0.383 0.499 50.000 0.000 424.001729 0 100.000
1.501 -31.291 966.631 0.605 0.328 0.317 0.653 50.000 0.000 424.244736 0 100.000
-6.729 -32.607 977.234 0.104 0.450 0.064 0.885 50.000 0.000 424.514457 0 100.000
-7.587 -38.807 978.574 0.310 0.422 0.170 0.835 50.000 0.000 424.642474 0 100.000
-8.815 -41.273 980.244 0.510 0.365 0.272 0.730 50.000 0.000 424.706916 0 100.000
-17.281 -46.848 991.602 0.609 0.321 0.323 0.650 50.000 0.000 425.011380 0 100.000
-18.498 -46.997 993.205 0.610 0.320 0.324 0.649 50.000 0.000 425.051750 0 100.000
-19.632 -47.134 994.750 0.530 0.355 0.284 0.716 50.000 0.000 425.090169 0 100.000
-23.033 -49.044 999.482 0.752 0.228 0.395 0.476 50.000 0.000 425.212832 0 100.000
-26.973 -45.801 1004.551 0.841 0.132 0.436 0.291 50.000 0.000 425.356681 0 100.000
-27.567 -44.514 1005.272 0.841 0.132 0.436 0.291 50.000 0.000 425.388499 0 100.000
-29.588 -40.049 1007.814 0.764 0.220 0.399 0.456 50.000 0.000 425.498907 0 100.000
-34.855 -35.059 1014.801 0.615 0.319 0.326 0.643 50.000 0.000 425.700354 0 100.000
-35.891 -35.134 1016.237 0.614 0.320 0.326 0.644 50.000 0.000 425.735807 0 100.000
-38.342 -35.284 1019.644 0.615 0.320 0.327 0.643 50.000 0.000 425.819791 0 100.000
-42.086 -35.519 1024.837 0.613 0.321 0.326 0.645 50.000 0.000 425.947921 0 100.000
-43.050 -35.604 1026.177 0.713 0.261 0.376 0.531 50.000 0.000 425.980988 0 100.000
-48.882 -32.601 1034.028 0.682 0.282 0.361 0.570 50.000 0.000 426.185598 0 100.000
-49.786 -32.315 1035.260 0.682 0.282 0.362 0.570 50.000 0.000 426.216700 0 100.000
-55.119 -30.557 1042.484 0.684 0.280 0.362 0.568 50.000 0.000 426.399679 0 100.000
-55.981 -30.258 1043.654 0.404 0.401 0.222 0.792 50.000 0.000 426.429369 0 100.000
-60.848 -36.734 1050.644 0.402 0.400 0.225 0.792 50.000 0.000 426.643350 0 100.000
-61.149 19.694 1049.960 0.406 0.410 0.203 0.791 50.000 0.000 427.772003 0 100.000
-56.399 25.804 1043.609 0.407 0.411 0.202 0.791 50.000 0.000 427.972223 0 100.000
-55.549 25.464 1042.432 0.690 0.295 0.350 0.560 50.000 0.000 428.002047 0 100.000
-50.130 23.504 1034.921 0.690 0.294 0.350 0.561 50.000 0.000 428.191388 0 100.000
-49.231 23.182 1033.673 0.691 0.293 0.351 0.560 50.000 0.000 428.222807 0 100.000
-43.491 19.721 1025.671 0.723 0.271 0.367 0.519 50.000 0.000 428.431586 0 100.000
-42.518 19.735 1024.329 0.626 0.328 0.316 0.633 50.000 0.000 428.464732 0 100.000
-38.735 19.730 1019.119 0.629 0.326 0.318 0.630 50.000 0.000 428.593514 0 100.000
-36.252 19.725 1015.700 0.629 0.325 0.318 0.630 50.000 0.000 428.678021 0 100.000
-35.216 19.715 1014.275 0.631 0.324 0.319 0.629 50.000 0.000 428.713248 0 100.000
-30.161 14.332 1007.285 0.774 0.227 0.393 0.441 50.000 0.000 428.916622 0 100.000
-28.242 9.717 1004.631 0.847 0.143 0.431 0.278 50.000 0.000 429.029788 0 100.000
-27.686 8.385 1003.884 0.847 0.142 0.431 0.278 50.000 0.000 429.062289 0 100.000
-23.857 4.784 998.764 0.764 0.233 0.389 0.458 50.000 0.000 429.209060 0 100.000
-20.384 6.307 994.146 0.549 0.357 0.279 0.702 50.000 0.000 429.328564 0 100.000
-19.254 6.317 992.690 0.629 0.322 0.320 0.632 50.000 0.000 429.365431 0 100.000
-18.045 6.331 991.140 0.628 0.323 0.320 0.633 50.000 0.000 429.404735 0 100.000
-9.336 10.890 979.981 0.531 0.366 0.269 0.716 50.000 0.000 429.702168 0 100.000
-8.059 13.221 978.363 0.326 0.424 0.164 0.829 50.000 0.000 429.764404 0 100.000
-7.097 19.441 977.182 0.112 0.451 0.053 0.884 50.000 0.000 429.892488 0 100.000
1.285 19.618 966.561 0.626 0.327 0.317 0.633 50.000 0.000 430.163118 0 100.000
8.271 13.937 957.593 0.750 0.247 0.384 0.479 50.000 0.000 430.417282 0 100.000
12.239 8.972 952.421 0.790 0.211 0.406 0.408 50.000 0.000 430.581178 0 100.000
17.757 9.215 945.202 0.619 0.329 0.319 0.638 50.000 0.000 430.762975 0 100.000
22.684 11.598 938.553 0.539 0.366 0.279 0.705 50.000 0.000 430.935207 0 100.000
22.962 10.434 938.177 0.869 0.094 0.451 0.180 50.000 0.000 430.960292 0 100.000
23.128 9.741 937.947 0.869 0.094 0.451 0.180 50.000 0.000 430.975261 0 100.000
23.411 8.556 937.551 0.869 0.094 0.451 0.180 50.000 0.000 431.000886 0 100.000
28.371 11.514 930.582 0.522 0.375 0.273 0.716 50.000 0.000 431.181891 0 100.000
30.328 16.824 927.784 0.267 0.443 0.140 0.844 50.000 0.000 431.308161 0 100.000
36.849 12.099 918.129 0.723 0.270 0.385 0.506 50.000 0.000 431.559609 0 100.000
37.323 12.128 917.410 0.609 0.341 0.324 0.639 50.000 0.000 431.576838 0 100.000
38.318 12.207 915.870 0.608 0.341 0.325 0.639 50.000 0.000 431.613542 0 100.000
38.783 12.242 915.133 0.608 0.342 0.325 0.639 50.000 0.000 431.630987 0 100.000
43.045 12.506 908.348 0.608 0.343 0.329 0.636 50.000 0.000 431.791326 0 100.000
47.692 12.904 900.534 0.608 0.345 0.332 0.634 50.000 0.000 431.973314 0 100.000
49.790 13.053 896.831 0.608 0.346 0.334 0.632 50.000 0.000 432.058496 0 100.000
51.815 13.077 893.152 0.608 0.347 0.338 0.630 50.000 0.000 432.142490 0 100.000
54.295 10.304 888.450 0.724 0.272 0.408 0.485 50.000 0.000 432.262396 0 100.000
55.324 13.178 886.389 0.326 0.456 0.188 0.806 50.000 0.000 432.336063 0 100.000
55.625 13.182 885.779 0.605 0.353 0.346 0.624 50.000 0.000 432.349668 0 100.000
58.648 13.222 879.581 0.601 0.358 0.353 0.621 50.000 0.000 432.487596 0 100.000
61.678 13.260 872.907 0.599 0.364 0.361 0.616 50.000 0.000 432.634189 0 100.000
63.087 13.338 869.633 0.598 0.366 0.364 0.613 50.000 0.000 432.705490 0 100.000
66.260 13.124 861.772 0.592 0.374 0.376 0.607 50.000 0.000 432.875093 0 100.000
66.871 13.088 860.213 0.592 0.375 0.379 0.604 50.000 0.000 432.908589 0 100.000
67.049 13.070 859.726 0.592 0.376 0.380 0.604 50.000 0.000 432.918966 0 100.000
68.943 12.948 854.488 0.585 0.384 0.389 0.599 50.000 0.000 433.030392 0 100.000
70.106 12.337 850.775 0.577 0.395 0.407 0.588 50.000 0.000 433.109152 0 100.000
70.471 10.734 849.596 0.693 0.294 0.496 0.432 50.000 0.000 433.149617 0 100.000
70.318 10.861 852.560 0.472 0.484 0.413 0.610 50.000 0.000 433.209047 0 100.000
70.299 12.242 853.469 0.126 0.628 0.148 0.753 50.000 0.000 433.242121 0 100.000
70.471 10.764 853.039 0.758 0.042 0.644 0.089 50.000 0.000 433.273102 0 100.000
72.200 8.742 848.193 0.636 0.334 0.564 0.407 50.000 0.000 433.383669 0 100.000
72.985 8.375 845.351 0.573 0.411 0.511 0.492 50.000 0.000 433.443091 0 100.000
74.335 10.618 840.093 0.290 0.589 0.285 0.698 50.000 0.000 433.560579 0 100.000
76.407 9.693 831.262 0.611 0.367 0.541 0.446 50.000 0.000 433.742930 0 100.000
77.848 7.089 824.885 0.664 0.304 0.580 0.361 50.000 0.000 433.883685 0 100.000
78.496 7.269 821.883 0.304 0.589 0.289 0.691 50.000 0.000 433.945204 0 100.000
78.643 8.248 821.135 0.171 0.631 0.180 0.735 50.000 0.000 433.970018 0 100.000
80.714 6.294 809.546 0.602 0.380 0.539 0.450 50.000 0.000 434.208706 0 100.000
81.486 4.233 804.344 0.619 0.359 0.554 0.424 50.000 0.000 434.321673 0 100.000
82.028 5.387 800.463 0.697 0.262 0.609 0.274 50.000 0.000 434.403373 0 100.000
82.279 4.995 798.223 0.235 0.629 0.216 0.709 50.000 0.000 434.449127 0 100.000
82.383 6.223 797.436 0.734 0.137 0.650 0.138 50.000 0.000 434.478365 0 100.000
83.027 5.600 791.454 0.483 0.510 0.428 0.569 50.000 0.000 434.599334 0 100.000
83.249 4.265 789.351 0.718 0.196 0.635 0.204 50.000 0.000 434.649352 0 100.000
83.592 5.812 785.205 0.417 0.559 0.365 0.616 50.000 0.000 434.738131 0 100.000
84.510 5.052 771.796 0.572 0.443 0.504 0.471 50.000 0.000 435.007372 0 100.000
84.750 6.298 766.173 0.427 0.558 0.375 0.604 50.000 0.000 435.122656 0 100.000
84.685 1.104 765.421 0.736 0.073 0.669 0.068 50.000 0.000 435.227628 0 100.000
84.801 5.832 764.189 0.100 0.668 0.082 0.733 50.000 0.000 435.325382 0 100.000
85.099 8.496 753.343 0.431 0.548 0.391 0.601 50.000 0.000 435.548826 0 100.000
85.138 8.542 751.605 0.522 0.478 0.474 0.523 50.000 0.000 435.583616 0 100.000
85.151 8.446 750.446 0.522 0.479 0.474 0.524 50.000 0.000 435.606880 0 100.000
85.358 7.571 727.880 0.514 0.480 0.478 0.526 50.000 0.000 436.058549 0 100.000
85.503 6.783 716.402 0.508 0.480 0.477 0.532 50.000 0.000 436.288666 0 100.000
85.745 7.216 703.932 0.509 0.480 0.478 0.531 50.000 0.000 436.538268 0 100.000
86.178 7.099 691.522 0.519 0.471 0.487 0.522 50.000 0.000 436.786625 0 100.000
86.221 7.098 690.677 0.518 0.472 0.486 0.523 50.000 0.000 436.803552 0 100.000
86.769 7.071 680.525 0.517 0.473 0.485 0.523 50.000 0.000 437.006891 0 100.000
86.881 7.071 678.765 0.517 0.474 0.484 0.524 50.000 0.000 437.042157 0 100.000
87.310 7.063 672.924 0.516 0.474 0.484 0.524 50.000 0.000 437.159304 0 100.000
138.392 5.323 113.429 0.519 0.483 0.484 0.513 50.000 0.000 448.395783 0 100.000
138.699 5.189 110.154 0.515 0.486 0.483 0.516 50.000 0.000 448.461633 0 100.000
138.525 6.387 80.310 0.499 0.505 0.493 0.503 50.000 0.000 449.059013 0 100.000
138.547 5.696 2.280 0.495 0.506 0.505 0.494 50.000 0.000 450.619666 0 100.000
134.120 42.162 1.880 0.462 0.471 0.536 0.526 50.000 0.000 451.354383 0 100.000
134.080 42.344 81.062 0.462 0.473 0.528 0.533 50.000 0.000 452.938013 0 100.000
135.113 37.000 110.289 0.470 0.438 0.527 0.556 50.000 0.000 453.532615 0 100.000
134.751 37.287 113.635 0.470 0.439 0.526 0.556 50.000 0.000 453.600165 0 100.000
85.093 25.305 672.230 0.455 0.419 0.534 0.577 50.000 0.000 464.818678 0 100.000
84.657 25.313 678.045 0.455 0.419 0.534 0.577 50.000 0.000 464.935302 0 100.000
84.543 25.316 679.795 0.456 0.418 0.534 0.576 50.000 0.000 464.970383 0 100.000
83.999 25.358 689.902 0.457 0.418 0.534 0.576 50.000 0.000 465.172819 0 100.000
83.963 25.373 690.748 0.458 0.417 0.535 0.575 50.000 0.000 465.189762 0 100.000
83.606 25.361 703.138 0.447 0.427 0.527 0.583 50.000 0.000 465.437664 0 100.000
83.353 25.766 715.640 0.449 0.429 0.525 0.582 50.000 0.000 465.687886 0 100.000
83.491 25.070 727.128 0.453 0.423 0.530 0.579 50.000 0.000 465.918089 0 100.000
83.398 25.685 750.248 0.460 0.421 0.529 0.575 50.000 0.000 466.380644 0 100.000
83.261 26.271 751.485 0.462 0.422 0.529 0.573 50.000 0.000 466.408155 0 100.000
83.078 26.978 753.242 0.369 0.502 0.454 0.637 50.000 0.000 466.446218 0 100.000
83.713 23.017 763.781 0.034 0.652 0.174 0.737 50.000 0.000 466.671751 0 100.000
83.329 24.516 764.836 0.731 0.001 0.673 0.113 50.000 0.000 466.709196 0 100.000
83.521 23.662 765.661 0.363 0.507 0.443 0.644 50.000 0.000 466.733264 0 100.000
83.327 23.369 771.431 0.524 0.379 0.556 0.523 50.000 0.000 466.848867 0 100.000
81.776 28.294 784.921 0.370 0.519 0.423 0.644 50.000 0.000 467.137753 0 100.000
81.906 25.771 788.900 0.701 0.122 0.655 0.256 50.000 0.000 467.232027 0 100.000
81.477 27.640 790.763 0.438 0.460 0.481 0.604 50.000 0.000 467.285504 0 100.000
80.809 28.073 796.857 0.722 0.060 0.662 0.189 50.000 0.000 467.408417 0 100.000
81.207 25.879 797.587 0.180 0.598 0.290 0.725 50.000 0.000 467.455341 0 100.000
80.593 27.025 800.087 0.674 0.190 0.636 0.325 50.000 0.000 467.511691 0 100.000
80.755 24.755 804.208 0.581 0.290 0.597 0.471 50.000 0.000 467.605835 0 100.000
79.618 27.717 808.907 0.566 0.313 0.582 0.493 50.000 0.000 467.719228 0 100.000
77.185 31.751 820.177 0.124 0.608 0.249 0.744 50.000 0.000 467.963524 0 100.000
76.709 33.011 821.000 0.266 0.558 0.346 0.706 50.000 0.000 467.995104 0 100.000
76.955 27.981 824.740 0.633 0.228 0.617 0.408 50.000 0.000 468.120562 0 100.000
75.470 31.462 829.610 0.580 0.295 0.581 0.489 50.000 0.000 468.243907 0 100.000
73.480 33.427 837.786 0.246 0.546 0.352 0.719 50.000 0.000 468.416722 0 100.000
72.696 30.206 842.777 0.542 0.338 0.554 0.533 50.000 0.000 468.536560 0 100.000
72.014 30.626 845.312 0.612 0.255 0.596 0.453 50.000 0.000 468.589732 0 100.000
70.155 32.242 852.119 0.749 -0.040 0.645 0.147 50.000 0.000 468.734516 0 100.000
69.882 34.269 852.296 0.072 0.604 0.227 0.761 50.000 0.000 468.775566 0 100.000
69.565 32.465 853.915 0.429 0.428 0.484 0.631 50.000 0.000 468.824464 0 100.000
66.324 29.651 866.824 0.614 0.239 0.605 0.448 50.000 0.000 469.096541 0 100.000
65.291 30.747 869.812 0.494 0.367 0.535 0.579 50.000 0.000 469.163462 0 100.000
63.193 38.080 867.418 0.530 0.366 0.483 0.593 50.000 0.000 469.323349 0 100.000
62.238 44.468 866.413 0.562 0.361 0.439 0.601 50.000 0.000 469.454079 0 100.000
62.163 44.844 866.516 0.564 0.360 0.436 0.601 50.000 0.000 469.462022 0 100.000
61.790 45.961 867.194 0.569 0.360 0.428 0.604 50.000 0.000 469.489196 0 100.000
59.345 49.667 872.871 0.587 0.354 0.401 0.608 50.000 0.000 469.633343 0 100.000
58.160 50.530 875.726 0.591 0.353 0.394 0.609 50.000 0.000 469.697524 0 100.000
55.484 52.169 881.829 0.598 0.349 0.381 0.613 50.000 0.000 469.834766 0 100.000
52.750 53.256 887.717 0.605 0.345 0.371 0.614 50.000 0.000 469.966426 0 100.000
52.498 53.352 888.269 0.322 0.461 0.208 0.801 50.000 0.000 469.978701 0 100.000
51.828 50.984 890.018 0.723 0.260 0.428 0.477 50.000 0.000 470.039088 0 100.000
49.147 54.558 895.024 0.611 0.342 0.360 0.617 50.000 0.000 470.173291 0 100.000
47.251 55.158 898.603 0.613 0.341 0.354 0.619 50.000 0.000 470.255188 0 100.000
45.471 55.642 901.982 0.615 0.339 0.350 0.619 50.000 0.000 470.332178 0 100.000
41.491 56.549 909.078 0.619 0.337 0.342 0.621 50.000 0.000 470.495899 0 100.000
37.524 57.158 915.737 0.621 0.336 0.336 0.623 50.000 0.000 470.651411 0 100.000
37.096 57.202 916.456 0.621 0.336 0.336 0.623 50.000 0.000 470.668159 0 100.000
36.156 57.294 917.954 0.622 0.336 0.335 0.623 50.000 0.000 470.703576 0 100.000
35.706 57.335 918.658 0.732 0.264 0.394 0.489 50.000 0.000 470.720304 0 100.000
29.274 63.105 928.513 0.274 0.447 0.143 0.840 50.000 0.000 470.982436 0 100.000
27.594 58.094 931.223 0.540 0.372 0.282 0.701 50.000 0.000 471.101243 0 100.000
22.911 55.937 938.046 0.869 0.096 0.453 0.174 50.000 0.000 471.272282 0 100.000
22.629 57.146 938.455 0.869 0.096 0.453 0.174 50.000 0.000 471.298415 0 100.000
22.465 57.855 938.693 0.869 0.096 0.453 0.174 50.000 0.000 471.313725 0 100.000
22.187 59.045 939.084 0.558 0.363 0.287 0.689 50.000 0.000 471.339388 0 100.000
17.400 57.388 945.808 0.637 0.325 0.327 0.617 50.000 0.000 471.507760 0 100.000
12.063 57.935 953.097 0.798 0.209 0.409 0.390 50.000 0.000 471.688765 0 100.000
8.189 63.400 958.434 0.761 0.246 0.388 0.459 50.000 0.000 471.860065 0 100.000
1.462 69.954 967.556 0.644 0.326 0.322 0.613 50.000 0.000 472.121921 0 100.000
-6.748 70.958 978.430 0.119 0.455 0.045 0.881 50.000 0.000 472.395159 0 100.000
-7.687 65.010 979.364 0.340 0.428 0.160 0.822 50.000 0.000 472.517026 0 100.000
-8.949 62.879 980.916 0.550 0.368 0.270 0.700 50.000 0.000 472.575474 0 100.000
-17.543 59.465 992.029 0.645 0.326 0.318 0.614 50.000 0.000 472.864625 0 100.000
-18.758 59.583 993.648 0.646 0.326 0.319 0.613 50.000 0.000 472.905184 0 100.000
-19.891 59.701 995.183 0.567 0.362 0.277 0.686 50.000 0.000 472.943402 0 100.000
-23.309 58.563 999.714 0.774 0.241 0.387 0.440 50.000 0.000 473.059191 0 100.000
-27.069 62.512 1005.091 0.850 0.154 0.429 0.265 50.000 0.000 473.212346 0 100.000
-27.592 63.896 1005.909 0.849 0.155 0.429 0.265 50.000 0.000 473.246146 0 100.000
-29.384 68.674 1008.778 0.782 0.237 0.391 0.424 50.000 0.000 473.363231 0 100.000
-34.236 74.422 1016.129 0.644 0.333 0.315 0.612 50.000 0.000 473.573588 0 100.000
-35.262 74.506 1017.588 0.642 0.335 0.314 0.615 50.000 0.000 473.609297 0 100.000
-37.754 74.685 1021.082 0.640 0.336 0.313 0.616 50.000 0.000 473.695210 0 100.000
-41.478 74.906 1026.315 0.636 0.339 0.311 0.619 50.000 0.000 473.823741 0 100.000
-42.427 74.942 1027.651 0.729 0.283 0.362 0.507 50.000 0.000 473.856522 0 100.000
-47.973 78.577 1035.701 0.698 0.306 0.344 0.549 50.000 0.000 474.065101 0 100.000
-48.855 78.926 1036.951 0.695 0.308 0.343 0.552 50.000 0.000 474.096490 0 100.000
-54.222 80.942 1044.449 0.694 0.310 0.342 0.553 50.000 0.000 474.285267 0 100.000
-55.078 81.240 1045.631 0.407 0.422 0.185 0.788 50.000 0.000 474.315065 0 100.000
-59.976 75.003 1051.519 0.406 0.421 0.187 0.789 50.000 0.000 474.512596 0 100.000
-56.800 127.428 1054.150 0.402 0.425 0.181 0.791 50.000 0.000 475.564325 0 100.000
-51.790 133.254 1048.954 0.401 0.427 0.182 0.790 50.000 0.000 475.749853 0 100.000
-50.945 133.054 1047.826 0.693 0.313 0.343 0.552 50.000 0.000 475.778310 0 100.000
-45.706 131.678 1040.633 0.696 0.314 0.343 0.547 50.000 0.000 475.958409 0 100.000
-44.846 131.406 1039.398 0.700 0.312 0.345 0.542 50.000 0.000 475.988981 0 100.000
-39.659 128.154 1031.556 0.731 0.292 0.364 0.497 50.000 0.000 476.187969 0 100.000
-38.785 128.069 1030.288 0.642 0.346 0.314 0.608 50.000 0.000 476.218799 0 100.000
-35.398 127.537 1025.325 0.646 0.344 0.318 0.603 50.000 0.000 476.339449 0 100.000
-33.140 127.135 1021.976 0.648 0.342 0.321 0.600 50.000 0.000 476.420641 0 100.000
-32.196 126.975 1020.546 0.651 0.341 0.323 0.597 50.000 0.000 476.455050 0 100.000
-27.752 121.186 1012.974 0.783 0.245 0.399 0.410 50.000 0.000 476.665389 0 100.000
-26.144 116.535 1009.845 0.847 0.164 0.437 0.255 50.000 0.000 476.782031 0 100.000
-25.658 115.165 1008.949 0.847 0.163 0.437 0.254 50.000 0.000 476.816163 0 100.000
-22.198 110.925 1003.345 0.777 0.247 0.395 0.424 50.000 0.000 476.972839 0 100.000
-18.902 111.599 998.756 0.580 0.369 0.285 0.668 50.000 0.000 477.086634 0 100.000
-17.829 111.352 997.180 0.657 0.331 0.328 0.593 50.000 0.000 477.125073 0 100.000
-16.681 111.094 995.509 0.656 0.331 0.328 0.594 50.000 0.000 477.165961 0 100.000
-8.535 113.285 984.244 0.563 0.374 0.281 0.682 50.000 0.000 477.447413 0 100.000
-7.350 115.142 982.711 0.350 0.437 0.167 0.812 50.000 0.000 477.501089 0 100.000
-6.490 120.468 982.059 0.121 0.468 0.047 0.874 50.000 0.000 477.609789 0 100.000
1.163 118.308 970.780 0.654 0.325 0.340 0.592 50.000 0.000 477.885784 0 100.000
7.652 111.321 960.764 0.766 0.242 0.401 0.440 50.000 0.000 478.162383 0 100.000
11.408 105.603 955.011 0.801 0.206 0.420 0.374 50.000 0.000 478.341149 0 100.000
16.279 104.181 947.623 0.651 0.321 0.343 0.596 50.000 0.000 478.520405 0 100.000
20.426 104.686 941.112 0.570 0.361 0.307 0.671 50.000 0.000 478.675124 0 100.000
20.727 103.578 940.646 0.864 0.092 0.465 0.170 50.000 0.000 478.699898 0 100.000
20.906 102.921 940.370 0.864 0.092 0.464 0.171 50.000 0.000 478.714597 0 100.000
21.210 101.767 939.901 0.864 0.093 0.464 0.170 50.000 0.000 478.740234 0 100.000
24.941 102.326 933.719 0.549 0.371 0.307 0.684 50.000 0.000 478.885078 0 100.000
25.664 104.901 932.163 0.267 0.460 0.169 0.830 50.000 0.000 478.946951 0 100.000
31.292 97.899 922.768 0.725 0.251 0.430 0.475 50.000 0.000 479.206919 0 100.000
31.629 97.571 922.204 0.619 0.329 0.376 0.606 50.000 0.000 479.221610 0 100.000
32.307 96.820 921.010 0.616 0.329 0.379 0.607 50.000 0.000 479.252909 0 100.000
32.625 96.434 920.452 0.615 0.329 0.381 0.607 50.000 0.000 479.267903 0 100.000
35.484 91.532 915.730 0.601 0.324 0.404 0.608 50.000 0.000 479.415555 0 100.000
38.304 79.359 914.677 0.563 0.307 0.461 0.613 50.000 0.000 479.666353 0 100.000
40.795 67.402 918.694 0.523 0.285 0.516 0.615 50.000 0.000 479.923505 0 100.000
45.174 56.055 923.236 0.483 0.259 0.571 0.611 50.000 0.000 480.183152 0 100.000
47.384 53.982 918.073 0.589 0.154 0.611 0.505 50.000 0.000 480.302900 0 100.000
48.370 56.881 914.535 0.202 0.471 0.415 0.752 50.000 0.000 480.396463 0 100.000
48.526 57.265 913.602 0.483 0.271 0.566 0.612 50.000 0.000 480.416893 0 100.000
51.002 58.674 905.346 0.484 0.280 0.560 0.611 50.000 0.000 480.591549 0 100.000
52.857 61.824 896.200 0.491 0.297 0.550 0.607 50.000 0.000 480.788562 0 100.000
54.828 60.783 891.570 0.488 0.294 0.550 0.611 50.000 0.000 480.891319 0 100.000
59.295 58.074 881.430 0.478 0.291 0.556 0.615 50.000 0.000 481.119460 0 100.000
59.667 58.624 879.341 0.478 0.295 0.554 0.614 50.000 0.000 481.163304 0 100.000
59.668 58.978 878.840 0.478 0.297 0.554 0.613 50.000 0.000 481.175578 0 100.000
60.749 60.893 872.340 0.480 0.311 0.553 0.606 50.000 0.000 481.312810 0 100.000
62.442 62.192 863.757 0.483 0.319 0.548 0.604 50.000 0.000 481.489689 0 100.000
64.745 56.623 862.558 0.593 0.177 0.618 0.485 50.000 0.000 481.612585 0 100.000
66.666 59.264 851.024 0.398 0.377 0.523 0.653 50.000 0.000 481.852330 0 100.000
66.860 60.585 849.786 0.031 0.578 0.286 0.763 50.000 0.000 481.888743 0 100.000
67.716 57.734 849.304 0.740 -0.106 0.636 0.192 50.000 0.000 481.949041 0 100.000
70.444 52.479 844.039 0.573 0.181 0.627 0.496 50.000 0.000 482.107493 0 100.000
70.541 52.955 841.616 0.500 0.273 0.594 0.568 50.000 0.000 482.156919 0 100.000
69.165 59.848 836.135 0.207 0.514 0.404 0.728 50.000 0.000 482.335183 0 100.000
71.905 54.892 828.966 0.541 0.234 0.616 0.523 50.000 0.000 482.517896 0 100.000
73.294 52.387 822.369 0.606 0.165 0.637 0.448 50.000 0.000 482.661748 0 100.000
74.688 50.526 819.915 0.199 0.507 0.426 0.723 50.000 0.000 482.729363 0 100.000
75.565 49.385 819.244 0.055 0.571 0.338 0.746 50.000 0.000 482.761120 0 100.000
76.024 49.341 807.971 0.522 0.249 0.619 0.532 50.000 0.000 482.986772 0 100.000
77.128 47.012 803.076 0.540 0.227 0.629 0.511 50.000 0.000 483.097421 0 100.000
77.188 46.440 799.269 0.639 0.110 0.660 0.378 50.000 0.000 483.174426 0 100.000
76.044 50.350 796.773 0.136 0.573 0.350 0.728 50.000 0.000 483.269993 0 100.000
76.381 49.305 796.044 0.701 -0.016 0.671 0.240 50.000 0.000 483.296357 0 100.000
77.562 46.955 790.568 0.379 0.406 0.539 0.634 50.000 0.000 483.417859 0 100.000
77.614 46.594 788.719 0.672 0.046 0.673 0.306 50.000 0.000 483.455543 0 100.000
79.902 41.703 784.188 0.289 0.454 0.501 0.677 50.000 0.000 483.596532 0 100.000
80.221 40.634 770.877 0.463 0.311 0.604 0.569 50.000 0.000 483.863671 0 100.000
78.639 44.587 764.857 0.305 0.464 0.497 0.666 50.000 0.000 484.011144 0 100.000
79.689 41.390 764.415 0.711 -0.092 0.674 0.177 50.000 0.000 484.079029 0 100.000
78.360 45.255 762.663 -0.014 0.635 0.245 0.733 50.000 0.000 484.167971 0 100.000
78.960 43.566 752.027 0.296 0.447 0.516 0.668 50.000 0.000 484.383699 0 100.000
79.054 43.263 750.139 0.394 0.362 0.578 0.616 50.000 0.000 484.421984 0 100.000
79.015 43.274 748.857 0.393 0.363 0.577 0.617 50.000 0.000 484.447642 0 100.000
78.063 43.351 725.225 0.388 0.369 0.574 0.620 50.000 0.000 484.920657 0 100.000
77.979 42.838 713.709 0.379 0.373 0.571 0.625 50.000 0.000 485.151208 0 100.000
77.940 42.593 701.280 0.377 0.371 0.573 0.626 50.000 0.000 485.399847 0 100.000
78.343 42.126 688.970 0.387 0.358 0.581 0.620 50.000 0.000 485.646355 0 100.000
78.380 42.117 688.125 0.386 0.359 0.580 0.620 50.000 0.000 485.663272 0 100.000
79.103 41.622 678.389 0.383 0.358 0.583 0.621 50.000 0.000 485.858780 0 100.000
79.279 41.511 676.734 0.382 0.358 0.584 0.621 50.000 0.000 485.892141 0 100.000
79.859 41.319 671.099 0.381 0.356 0.585 0.620 50.000 0.000 486.005497 0 100.000
123.601 68.662 114.156 0.420 0.397 0.562 0.591 50.000 0.000 497.192038 0 100.000
123.850 68.764 110.960 0.424 0.394 0.566 0.587 50.000 0.000 497.256192 0 100.000
119.998 81.957 82.681 0.437 0.456 0.551 0.546 50.000 0.000 497.885040 0 100.000
119.820 83.054 3.671 0.441 0.457 0.556 0.536 50.000 0.000 499.465393 0 100.000
108.936 91.281 2.089 0.335 0.342 0.627 0.614 50.000 0.000 499.740095 0 100.000
110.475 88.935 78.702 0.327 0.333 0.619 0.632 50.000 0.000 501.273382 0 100.000
111.916 87.253 108.511 0.347 0.303 0.612 0.643 50.000 0.000 501.871206 0 100.000
111.732 87.175 111.734 0.339 0.310 0.608 0.648 50.000 0.000 501.935799 0 100.000
71.988 55.899 669.062 0.302 0.288 0.632 0.652 50.000 0.000 513.128140 0 100.000
71.266 56.061 674.656 0.303 0.291 0.630 0.653 50.000 0.000 513.241007 0 100.000
71.135 56.035 676.421 0.302 0.293 0.630 0.653 50.000 0.000 513.276408 0 100.000
70.379 56.288 686.268 0.304 0.295 0.627 0.653 50.000 0.000 513.473988 0 100.000
70.360 56.285 687.136 0.304 0.295 0.627 0.654 50.000 0.000 513.491347 0 100.000
70.143 56.597 699.950 0.291 0.311 0.622 0.658 50.000 0.000 513.747749 0 100.000
70.297 57.201 712.846 0.293 0.314 0.622 0.655 50.000 0.000 514.005956 0 100.000
69.872 58.946 724.540 0.308 0.314 0.622 0.647 50.000 0.000 514.242579 0 100.000
73.068 58.155 748.073 0.307 0.302 0.627 0.649 50.000 0.000 514.717840 0 100.000
72.063 59.595 749.246 0.315 0.306 0.625 0.645 50.000 0.000 514.760077 0 100.000
70.385 62.067 751.020 0.227 0.403 0.568 0.681 50.000 0.000 514.829567 0 100.000
70.455 63.347 762.567 -0.070 0.614 0.328 0.714 50.000 0.000 515.061931 0 100.000
74.525 57.126 763.573 0.680 -0.189 0.666 0.239 50.000 0.000 515.211969 0 100.000
69.092 65.790 764.398 0.248 0.427 0.548 0.675 50.000 0.000 515.417165 0 100.000
72.142 61.623 771.266 0.403 0.263 0.645 0.594 50.000 0.000 515.589020 0 100.000
70.087 66.636 784.810 0.242 0.428 0.547 0.678 50.000 0.000 515.880781 0 100.000
68.487 69.695 788.776 0.640 -0.018 0.689 0.339 50.000 0.000 515.985938 0 100.000
70.846 66.231 790.478 0.311 0.355 0.592 0.653 50.000 0.000 516.076406 0 100.000
72.479 64.178 795.944 0.660 -0.119 0.676 0.305 50.000 0.000 516.197663 0 100.000
68.072 71.221 796.950 0.082 0.545 0.420 0.721 50.000 0.000 516.365031 0 100.000
73.529 62.423 800.069 0.581 0.021 0.687 0.435 50.000 0.000 516.581284 0 100.000
66.070 75.008 804.205 0.505 0.195 0.660 0.521 50.000 0.000 516.885330 0 100.000
68.665 71.282 808.611 0.467 0.194 0.657 0.558 50.000 0.000 517.011865 0 100.000
67.238 74.307 819.828 0.014 0.553 0.399 0.731 50.000 0.000 517.245969 0 100.000
68.417 72.388 820.685 0.140 0.472 0.491 0.719 50.000 0.000 517.294164 0 100.000
65.821 75.767 824.812 0.557 0.108 0.674 0.473 50.000 0.000 517.412810 0 100.000
60.570 85.076 830.507 0.510 0.208 0.649 0.526 50.000 0.000 517.655008 0 100.000
61.580 83.248 837.986 0.155 0.488 0.470 0.719 50.000 0.000 517.810304 0 100.000
61.770 82.123 841.971 0.465 0.241 0.626 0.577 50.000 0.000 517.893205 0 100.000
65.152 76.672 844.584 0.526 0.123 0.659 0.524 50.000 0.000 518.031732 0 100.000
56.040 91.755 851.881 0.717 -0.140 0.656 0.191 50.000 0.000 518.413193 0 100.000
65.107 78.109 852.048 -0.040 0.549 0.385 0.741 50.000 0.000 518.740881 0 100.000
55.822 91.940 853.533 0.370 0.368 0.560 0.644 50.000 0.000 519.075357 0 100.000
53.591 94.415 863.238 0.583 0.167 0.638 0.475 50.000 0.000 519.280570 0 100.000
61.960 79.803 866.192 0.406 0.243 0.612 0.634 50.000 0.000 519.622487 0 100.000
55.775 88.477 872.126 0.439 0.267 0.590 0.622 50.000 0.000 519.866371 0 100.000
50.987 96.171 877.421 0.467 0.286 0.569 0.613 50.000 0.000 520.076295 0 100.000
50.786 96.409 877.969 0.469 0.285 0.569 0.613 50.000 0.000 520.088892 0 100.000
50.270 96.941 879.701 0.472 0.284 0.567 0.612 50.000 0.000 520.126581 0 100.000
52.242 90.017 889.958 0.453 0.246 0.580 0.631 50.000 0.000 520.377211 0 100.000
53.446 86.758 894.375 0.443 0.229 0.587 0.637 50.000 0.000 520.489595 0 100.000
45.216 98.123 901.811 0.480 0.265 0.565 0.617 50.000 0.000 520.807221 0 100.000
41.082 105.554 904.971 0.509 0.277 0.535 0.615 50.000 0.000 520.988653 0 100.000
40.764 106.050 905.431 0.224 0.467 0.379 0.767 50.000 0.000 521.003584 0 100.000
47.398 89.566 909.330 0.588 0.109 0.595 0.537 50.000 0.000 521.367402 0 100.000
37.430 108.204 913.958 0.518 0.278 0.531 0.611 50.000 0.000 521.800126 0 100.000
36.709 105.341 920.368 0.508 0.267 0.544 0.612 50.000 0.000 521.941258 0 100.000
39.981 98.017 921.796 0.495 0.226 0.549 0.634 50.000 0.000 522.104217 0 100.000
35.099 103.388 928.169 0.515 0.235 0.533 0.629 50.000 0.000 522.297389 0 100.000
27.354 116.266 934.394 0.547 0.278 0.503 0.609 50.000 0.000 522.622716 0 100.000
27.154 117.256 934.035 0.551 0.278 0.496 0.611 50.000 0.000 522.644143 0 100.000
26.686 118.946 933.929 0.558 0.278 0.487 0.612 50.000 0.000 522.679283 0 100.000
26.447 119.492 934.165 0.666 0.181 0.527 0.495 50.000 0.000 522.692106 0 100.000
27.059 110.830 945.731 0.169 0.430 0.356 0.812 50.000 0.000 522.981361 0 100.000
25.412 109.071 947.082 0.460 0.278 0.473 0.698 50.000 0.000 523.036601 0 100.000
17.226 121.491 952.591 0.811 -0.010 0.537 0.232 50.000 0.000 523.353853 0 100.000
19.722 111.966 955.691 0.793 -0.054 0.547 0.264 50.000 0.000 523.560316 0 100.000
17.680 117.355 955.846 0.798 -0.034 0.548 0.249 50.000 0.000 523.675627 0 100.000
15.324 125.937 955.452 0.512 0.322 0.440 0.664 50.000 0.000 523.853779 0 100.000
13.587 124.788 958.707 0.596 0.254 0.459 0.608 50.000 0.000 523.931077 0 100.000
9.534 127.797 965.134 0.750 0.118 0.503 0.413 50.000 0.000 524.094504 0 100.000
7.312 126.938 973.191 0.696 0.137 0.509 0.487 50.000 0.000 524.262556 0 100.000
5.830 125.117 983.113 0.566 0.198 0.487 0.635 50.000 0.000 524.466461 0 100.000
-6.267 134.772 998.941 0.028 0.503 0.207 0.839 50.000 0.000 524.909235 0 100.000
-7.586 129.908 999.752 0.275 0.422 0.342 0.793 50.000 0.000 525.011338 0 100.000
-1.183 115.526 997.794 0.472 0.241 0.467 0.708 50.000 0.000 525.328614 0 100.000
-12.030 116.555 1012.307 0.559 0.204 0.497 0.632 50.000 0.000 525.691572 0 100.000
-11.050 113.901 1013.024 0.554 0.188 0.498 0.640 50.000 0.000 525.749941 0 100.000
-9.246 108.871 1015.154 0.473 0.216 0.490 0.700 50.000 0.000 525.864998 0 100.000
-13.240 107.667 1022.099 0.647 0.070 0.540 0.533 50.000 0.000 526.027033 0 100.000
-14.871 108.593 1029.122 0.722 -0.040 0.549 0.418 50.000 0.000 526.172407 0 100.000
-20.327 123.671 1024.880 0.764 0.008 0.527 0.372 50.000 0.000 526.504143 0 100.000
-15.874 113.265 1033.735 0.633 0.052 0.551 0.541 50.000 0.000 526.791570 0 100.000
-27.293 142.813 1032.754 0.579 0.243 0.452 0.634 50.000 0.000 527.425420 0 100.000
-27.522 138.422 1036.111 0.565 0.231 0.468 0.639 50.000 0.000 527.536055 0 100.000
-21.262 117.531 1046.151 0.508 0.151 0.531 0.662 50.000 0.000 528.016223 0 100.000
-28.936 134.145 1041.544 0.554 0.203 0.462 0.662 50.000 0.000 528.393659 0 100.000
-31.936 139.275 1042.571 0.653 0.158 0.478 0.567 50.000 0.000 528.514266 0 100.000
-37.464 144.444 1050.390 0.626 0.188 0.464 0.598 50.000 0.000 528.731908 0 100.000
-34.850 136.378 1052.287 0.608 0.153 0.480 0.614 50.000 0.000 528.905672 0 100.000
-41.420 133.549 1066.062 0.590 0.145 0.514 0.605 50.000 0.000 529.216103 0 100.000
-35.603 126.349 1064.142 0.324 0.270 0.444 0.790 50.000 0.000 529.405175 0 100.000
-34.791 110.594 1072.065 0.320 0.215 0.488 0.783 50.000 0.000 529.758237 0 100.000
-42.920 198.203 1066.438 0.356 0.357 0.322 0.801 50.000 0.000 531.521527 0 100.000
-38.922 205.291 1064.862 0.351 0.376 0.322 0.795 50.000 0.000 531.687305 0 100.000
-39.532 209.931 1064.194 0.651 0.235 0.439 0.573 50.000 0.000 531.781859 0 100.000
-2.301 160.118 1055.435 0.538 -0.002 0.490 0.685 50.000 0.000 533.037918 0 100.000
-28.286 188.554 1059.029 0.610 0.165 0.488 0.603 50.000 0.000 533.811675 0 100.000
-18.276 168.330 1059.709 0.576 0.091 0.550 0.598 50.000 0.000 534.263210 0 100.000
-2.909 156.197 1052.536 0.468 0.075 0.526 0.707 50.000 0.000 534.680245 0 100.000
-26.577 203.164 1044.831 0.590 0.286 0.435 0.616 50.000 0.000 535.743351 0 100.000
-25.352 204.433 1042.036 0.594 0.293 0.436 0.609 50.000 0.000 535.809461 0 100.000
-24.685 203.708 1040.966 0.593 0.292 0.440 0.608 50.000 0.000 535.838557 0 100.000
-21.749 200.582 1031.992 0.725 0.190 0.489 0.446 50.000 0.000 536.037476 0 100.000
-11.234 173.036 1024.938 0.771 0.000 0.507 0.384 50.000 0.000 536.643811 0 100.000
-19.529 190.193 1027.246 0.789 0.081 0.517 0.322 50.000 0.000 537.027737 0 100.000
2.036 150.236 1018.789 0.629 0.029 0.511 0.585 50.000 0.000 537.951473 0 100.000
-10.636 178.308 1013.497 0.519 0.284 0.425 0.685 50.000 0.000 538.576509 0 100.000
-13.279 186.599 1013.531 0.606 0.273 0.442 0.602 50.000 0.000 538.750539 0 100.000
-13.985 190.005 1013.240 0.611 0.290 0.440 0.590 50.000 0.000 538.820359 0 100.000
-7.931 192.282 1000.899 0.527 0.350 0.398 0.665 50.000 0.000 539.099018 0 100.000
-7.442 194.719 999.815 0.312 0.455 0.278 0.786 50.000 0.000 539.153248 0 100.000
0.766 171.176 1005.035 -0.003 0.494 0.268 0.827 50.000 0.000 539.662722 0 100.000
-1.981 193.281 988.477 0.601 0.286 0.466 0.583 50.000 0.000 540.217836 0 100.000
5.259 178.766 974.532 0.702 0.153 0.510 0.473 50.000 0.000 540.645644 0 100.000
6.660 176.723 968.028 0.747 0.126 0.516 0.400 50.000 0.000 540.784851 0 100.000
8.903 175.189 961.027 0.604 0.270 0.468 0.586 50.000 0.000 540.935044 0 100.000
9.746 172.796 958.337 0.513 0.333 0.457 0.646 50.000 0.000 541.008997 0 100.000
10.208 171.640 957.445 0.796 -0.001 0.564 0.220 50.000 0.000 541.039636 0 100.000
11.276 168.404 956.798 0.795 -0.011 0.562 0.228 50.000 0.000 541.109003 0 100.000
18.761 150.698 955.618 0.781 -0.083 0.552 0.279 50.000 0.000 541.494185 0 100.000
28.220 135.966 953.851 0.386 0.230 0.542 0.710 50.000 0.000 541.846112 0 100.000
11.912 164.673 957.965 0.177 0.516 0.349 0.762 50.000 0.000 542.511528 0 100.000
19.939 147.782 947.617 0.594 0.145 0.612 0.501 50.000 0.000 542.938991 0 100.000
22.231 143.671 946.913 0.482 0.238 0.583 0.609 50.000 0.000 543.034163 0 100.000
29.998 132.155 945.052 0.441 0.196 0.599 0.639 50.000 0.000 543.314461 0 100.000
34.386 126.873 944.180 0.424 0.172 0.606 0.650 50.000 0.000 543.452896 0 100.000
23.198 143.704 937.546 0.483 0.253 0.586 0.600 50.000 0.000 543.878310 0 100.000
32.142 130.248 929.334 0.440 0.212 0.607 0.627 50.000 0.000 544.240795 0 100.000
51.466 109.612 926.094 0.346 0.130 0.636 0.678 50.000 0.000 544.809922 0 100.000
34.409 126.922 922.651 0.426 0.215 0.618 0.625 50.000 0.000 545.300814 0 100.000
53.341 105.375 916.923 0.466 0.015 0.656 0.594 50.000 0.000 545.885797 0 100.000
34.624 126.309 915.869 0.151 0.453 0.487 0.732 50.000 0.000 546.447817 0 100.000
35.964 124.427 915.285 0.416 0.222 0.628 0.620 50.000 0.000 546.495473 0 100.000
50.526 107.958 907.834 0.346 0.163 0.650 0.656 50.000 0.000 546.959716 0 100.000
37.770 121.093 901.764 0.405 0.235 0.641 0.608 50.000 0.000 547.345505 0 100.000
42.789 114.430 898.497 0.377 0.215 0.653 0.621 50.000 0.000 547.524680 0 100.000
41.097 115.607 888.489 0.386 0.235 0.652 0.609 50.000 0.000 547.729047 0 100.000
39.236 117.938 886.293 0.395 0.247 0.648 0.602 50.000 0.000 547.803118 0 100.000
38.953 118.285 885.547 0.396 0.250 0.647 0.602 50.000 0.000 547.820524 0 100.000
44.171 110.806 877.291 0.371 0.229 0.655 0.618 50.000 0.000 548.066554 0 100.000
46.990 106.576 870.193 0.355 0.223 0.663 0.620 50.000 0.000 548.241179 0 100.000
43.119 110.996 866.968 0.511 0.091 0.694 0.499 50.000 0.000 548.375231 0 100.000
60.204 92.210 857.111 0.215 0.249 0.664 0.671 50.000 0.000 548.920025 0 100.000
49.675 101.826 857.914 -0.065 0.552 0.461 0.691 50.000 0.000 549.205665 0 100.000
63.612 89.451 855.073 0.631 -0.331 0.627 0.314 50.000 0.000 549.582731 0 100.000
54.892 95.165 849.596 0.448 0.057 0.712 0.538 50.000 0.000 549.818271 0 100.000
64.186 86.589 844.722 0.327 0.124 0.696 0.627 50.000 0.000 550.089331 0 100.000
49.140 99.994 841.119 0.093 0.455 0.553 0.692 50.000 0.000 550.498746 0 100.000
51.761 96.061 832.978 0.420 0.122 0.705 0.558 50.000 0.000 550.687027 0 100.000
60.406 86.449 827.085 0.466 0.006 0.716 0.520 50.000 0.000 550.971185 0 100.000
58.102 88.245 820.492 0.068 0.427 0.563 0.705 50.000 0.000 551.115413 0 100.000
61.226 85.513 820.414 -0.069 0.503 0.502 0.700 50.000 0.000 551.198427 0 100.000
65.388 79.724 808.661 0.358 0.095 0.704 0.605 50.000 0.000 551.473364 0 100.000
56.847 86.632 805.998 0.419 0.113 0.710 0.554 50.000 0.000 551.699425 0 100.000
58.620 84.119 799.704 0.541 -0.038 0.709 0.451 50.000 0.000 551.839534 0 100.000
68.794 74.735 797.366 -0.041 0.464 0.542 0.699 50.000 0.000 552.120267 0 100.000
62.286 79.918 797.766 0.607 -0.214 0.684 0.343 50.000 0.000 552.286868 0 100.000
61.542 79.742 793.227 0.220 0.299 0.659 0.654 50.000 0.000 552.378940 0 100.000
67.641 73.703 789.205 0.557 -0.159 0.697 0.423 50.000 0.000 552.568499 0 100.000
65.246 75.091 782.853 0.134 0.350 0.620 0.690 50.000 0.000 552.707084 0 100.000
67.108 70.981 768.916 0.300 0.176 0.689 0.635 50.000 0.000 553.000065 0 100.000
62.949 73.653 762.437 0.140 0.353 0.618 0.689 50.000 0.000 553.163054 0 100.000
64.194 72.324 764.679 0.635 -0.286 0.660 0.282 50.000 0.000 553.220820 0 100.000
60.231 75.739 760.336 -0.133 0.575 0.420 0.690 50.000 0.000 553.356789 0 100.000
58.373 75.536 750.324 0.146 0.353 0.625 0.681 50.000 0.000 553.560496 0 100.000
60.299 73.601 748.922 0.231 0.252 0.673 0.655 50.000 0.000 553.621865 0 100.000
61.686 72.259 747.557 0.223 0.247 0.675 0.659 50.000 0.000 553.669163 0 100.000
59.731 70.458 722.672 0.215 0.251 0.669 0.666 50.000 0.000 554.169683 0 100.000
59.223 69.734 709.390 0.207 0.253 0.661 0.675 50.000 0.000 554.435912 0 100.000
57.686 70.361 693.978 0.214 0.251 0.650 0.684 50.000 0.000 554.745947 0 100.000
57.310 70.818 680.403 0.233 0.235 0.651 0.683 50.000 0.000 555.017702 0 100.000
57.305 70.855 679.534 0.234 0.234 0.651 0.683 50.000 0.000 555.035093 0 100.000
57.653 71.424 669.198 0.237 0.231 0.651 0.683 50.000 0.000 555.242245 0 100.000
57.740 71.554 667.389 0.240 0.229 0.652 0.683 50.000 0.000 555.278556 0 100.000
58.103 71.924 661.448 0.242 0.226 0.652 0.683 50.000 0.000 555.397825 0 100.000
92.658 108.360 110.748 0.269 0.243 0.638 0.680 50.000 0.000 566.457527 0 100.000
92.681 108.475 107.587 0.279 0.234 0.642 0.675 50.000 0.000 566.520787 0 100.000
91.604 109.191 77.738 0.255 0.262 0.651 0.665 50.000 0.000 567.118324 0 100.000
91.078 109.688 1.710 0.259 0.263 0.663 0.651 50.000 0.000 568.638962 0 100.000
68.623 125.575 0.931 0.186 0.187 0.685 0.679 50.000 0.000 569.189320 0 100.000
68.496 125.656 77.045 0.183 0.191 0.676 0.688 50.000 0.000 570.711605 0 100.000
69.264 125.427 106.515 0.207 0.166 0.663 0.699 50.000 0.000 571.301228 0 100.000
69.368 125.391 109.533 0.197 0.174 0.660 0.704 50.000 0.000 571.361623 0 100.000
41.794 83.905 653.277 0.175 0.162 0.668 0.705 50.000 0.000 582.282049 0 100.000
41.524 83.430 659.388 0.173 0.163 0.669 0.704 50.000 0.000 582.404743 0 100.000
41.483 83.270 661.187 0.169 0.167 0.668 0.705 50.000 0.000 582.440886 0 100.000
41.160 82.431 671.432 0.165 0.170 0.669 0.704 50.000 0.000 582.646556 0 100.000
41.115 82.392 672.243 0.162 0.173 0.668 0.705 50.000 0.000 582.662837 0 100.000
41.039 81.830 684.595 0.144 0.192 0.664 0.708 50.000 0.000 582.910133 0 100.000
41.649 81.699 698.287 0.142 0.197 0.668 0.703 50.000 0.000 583.184261 0 100.000
42.323 82.144 711.452 0.150 0.194 0.676 0.695 50.000 0.000 583.448050 0 100.000
45.191 83.669 738.482 0.153 0.189 0.691 0.681 50.000 0.000 583.992533 0 100.000
46.206 83.350 740.489 0.150 0.186 0.694 0.679 50.000 0.000 584.037975 0 100.000
46.627 83.475 743.861 0.053 0.282 0.667 0.687 50.000 0.000 584.105988 0 100.000
47.998 84.860 759.076 -0.197 0.532 0.510 0.647 50.000 0.000 584.412771 0 100.000
49.786 83.988 760.502 0.596 -0.371 0.632 0.327 50.000 0.000 584.461730 0 100.000
46.734 85.827 759.669 0.069 0.304 0.664 0.679 50.000 0.000 584.534921 0 100.000
54.171 82.767 766.457 0.215 0.111 0.724 0.647 50.000 0.000 584.745396 0 100.000
48.379 88.487 778.452 0.067 0.302 0.660 0.684 50.000 0.000 585.035310 0 100.000
52.115 87.570 787.059 0.504 -0.241 0.697 0.450 50.000 0.000 585.223851 0 100.000
47.113 91.116 790.551 0.140 0.240 0.705 0.653 50.000 0.000 585.364970 0 100.000
48.569 91.083 792.921 0.562 -0.306 0.664 0.388 50.000 0.000 585.420593 0 100.000
51.911 89.554 794.462 -0.093 0.425 0.600 0.672 50.000 0.000 585.500301 0 100.000
51.092 90.256 796.065 0.458 -0.150 0.712 0.510 50.000 0.000 585.538938 0 100.000
38.101 99.610 800.773 0.363 0.055 0.731 0.576 50.000 0.000 585.872667 0 100.000
40.099 99.124 804.403 0.328 0.068 0.725 0.602 50.000 0.000 585.956105 0 100.000
39.888 102.537 820.561 -0.099 0.486 0.563 0.661 50.000 0.000 586.286413 0 100.000
46.938 98.538 821.682 -0.019 0.373 0.643 0.669 50.000 0.000 586.450050 0 100.000
47.171 98.653 821.869 0.397 -0.072 0.727 0.556 50.000 0.000 586.456455 0 100.000
52.559 98.032 827.602 0.279 -0.000 0.731 0.623 50.000 0.000 586.614291 0 100.000
38.911 107.905 837.045 -0.002 0.386 0.626 0.677 50.000 0.000 587.000519 0 100.000
40.536 108.510 847.144 0.281 0.104 0.742 0.600 50.000 0.000 587.205452 0 100.000
48.428 104.370 847.553 0.341 -0.039 0.740 0.579 50.000 0.000 587.383882 0 100.000
39.258 112.317 857.102 0.587 -0.386 0.644 0.303 50.000 0.000 587.692710 0 100.000
52.973 105.375 850.842 -0.193 0.446 0.578 0.655 50.000 0.000 588.024671 0 100.000
41.094 111.566 858.276 0.154 0.222 0.715 0.645 50.000 0.000 588.331081 0 100.000
42.145 113.213 864.719 0.385 -0.037 0.726 0.569 50.000 0.000 588.465731 0 100.000
27.929 124.619 870.345 0.294 0.184 0.712 0.610 50.000 0.000 588.847205 0 100.000
57.303 109.554 875.862 0.163 0.084 0.720 0.669 50.000 0.000 589.516600 0 100.000
33.228 125.286 890.097 0.267 0.162 0.728 0.611 50.000 0.000 590.158386 0 100.000
32.763 125.798 890.697 0.270 0.163 0.727 0.610 50.000 0.000 590.176715 0 100.000
32.180 126.784 892.522 0.274 0.162 0.726 0.610 50.000 0.000 590.219799 0 100.000
24.234 135.745 897.531 0.322 0.180 0.698 0.613 50.000 0.000 590.479447 0 100.000
19.613 141.327 902.416 0.345 0.196 0.696 0.599 50.000 0.000 590.654235 0 100.000
48.214 123.474 911.654 0.211 0.092 0.717 0.658 50.000 0.000 591.353411 0 100.000
27.998 138.599 924.544 0.297 0.159 0.720 0.607 50.000 0.000 591.920380 0 100.000
27.627 139.121 925.570 0.061 0.408 0.615 0.673 50.000 0.000 591.944564 0 100.000
28.936 138.388 926.206 0.429 0.006 0.726 0.537 50.000 0.000 591.977153 0 100.000
40.959 132.283 930.906 0.244 0.103 0.716 0.646 50.000 0.000 592.262754 0 100.000
35.773 136.648 936.245 0.266 0.118 0.715 0.636 50.000 0.000 592.435326 0 100.000
22.073 148.040 941.200 0.329 0.164 0.706 0.605 50.000 0.000 592.805203 0 100.000
25.243 147.340 946.953 0.319 0.141 0.697 0.626 50.000 0.000 592.937322 0 100.000
20.195 153.390 953.738 0.342 0.154 0.687 0.622 50.000 0.000 593.145277 0 100.000
18.693 154.934 954.509 0.349 0.159 0.686 0.618 50.000 0.000 593.191042 0 100.000
17.049 156.841 956.477 0.356 0.164 0.684 0.614 50.000 0.000 593.254959 0 100.000
16.616 157.422 957.467 0.471 0.029 0.703 0.532 50.000 0.000 593.279498 0 100.000
15.561 160.726 969.948 0.043 0.427 0.567 0.703 50.000 0.000 593.538559 0 100.000
18.114 158.994 973.521 0.268 0.225 0.666 0.659 50.000 0.000 593.632977 0 100.000
16.019 162.083 981.905 0.645 -0.256 0.648 0.313 50.000 0.000 593.816517 0 100.000
16.518 161.809 982.407 0.641 -0.263 0.647 0.318 50.000 0.000 593.831693 0 100.000
15.270 163.037 982.554 0.642 -0.260 0.649 0.315 50.000 0.000 593.866833 0 100.000
15.378 163.141 982.657 0.290 0.210 0.667 0.654 50.000 0.000 593.870473 0 100.000
42.260 147.540 988.077 0.251 0.034 0.684 0.684 50.000 0.000 594.501471 0 100.000
6.888 173.664 996.934 0.566 -0.051 0.681 0.462 50.000 0.000 595.398594 0 100.000
6.851 174.663 1003.017 0.503 -0.012 0.687 0.524 50.000 0.000 595.521874 0 100.000
-1.291 183.837 1012.456 0.387 0.147 0.671 0.616 50.000 0.000 595.831432 0 100.000
-6.442 190.933 1021.172 -0.043 0.510 0.430 0.744 50.000 0.000 596.078684 0 100.000
-9.964 196.231 1020.883 0.182 0.412 0.506 0.736 50.000 0.000 596.206053 0 100.000
-13.002 203.346 1016.148 0.400 0.288 0.552 0.673 50.000 0.000 596.387466 0 100.000
-18.209 214.027 1026.302 0.525 0.243 0.548 0.605 50.000 0.000 596.700078 0 100.000
-18.053 212.880 1028.695 0.519 0.238 0.551 0.608 50.000 0.000 596.753239 0 100.000
-17.155 210.207 1031.241 0.434 0.291 0.528 0.669 50.000 0.000 596.829220 0 100.000
-15.249 204.385 1039.334 0.613 0.077 0.606 0.501 50.000 0.000 597.032225 0 100.000
-22.859 215.295 1047.372 0.711 -0.024 0.620 0.332 50.000 0.000 597.343065 0 100.000
-22.780 214.384 1049.134 0.705 -0.035 0.624 0.336 50.000 0.000 597.382763 0 100.000
-10.913 199.482 1048.251 0.577 0.002 0.613 0.540 50.000 0.000 597.764164 0 100.000
-26.576 219.463 1055.602 0.471 0.221 0.572 0.634 50.000 0.000 598.292794 0 100.000
-25.944 218.100 1057.608 0.464 0.216 0.575 0.639 50.000 0.000 598.342925 0 100.000
-21.947 213.041 1059.419 0.443 0.189 0.573 0.663 50.000 0.000 598.476853 0 100.000
-23.486 213.751 1066.451 0.437 0.192 0.574 0.665 50.000 0.000 598.621535 0 100.000
-27.992 219.136 1068.986 0.551 0.124 0.596 0.571 50.000 0.000 598.770840 0 100.000
-34.135 226.865 1075.525 0.532 0.171 0.574 0.599 50.000 0.000 599.007671 0 100.000
-32.360 224.061 1076.133 0.520 0.159 0.574 0.612 50.000 0.000 599.075145 0 100.000
-37.566 228.829 1083.451 0.526 0.171 0.565 0.612 50.000 0.000 599.278509 0 100.000
-37.711 228.565 1084.358 0.236 0.379 0.450 0.773 50.000 0.000 599.297616 0 100.000
-36.109 223.408 1087.490 0.238 0.359 0.436 0.790 50.000 0.000 599.422478 0 100.000
-12.150 200.132 1085.573 -0.019 0.137 0.648 0.749 50.000 0.000 600.091653 0 100.000
-51.065 215.538 1078.722 0.125 0.270 0.618 0.727 50.000 0.000 600.939857 0 100.000
-48.511 214.055 1078.396 0.371 0.020 0.678 0.635 50.000 0.000 600.999272 0 100.000
-16.829 200.302 1076.347 0.263 -0.085 0.694 0.665 50.000 0.000 601.691258 0 100.000
-0.877 197.306 1074.090 0.204 -0.131 0.684 0.689 50.000 0.000 602.018987 0 100.000
-25.839 202.598 1071.873 0.338 -0.070 0.713 0.611 50.000 0.000 602.531230 0 100.000
-24.936 202.067 1070.197 0.228 0.050 0.714 0.660 50.000 0.000 602.570768 0 100.000
-20.494 199.604 1065.311 0.215 0.039 0.720 0.658 50.000 0.000 602.711717 0 100.000
-20.399 198.991 1060.989 0.218 0.042 0.720 0.658 50.000 0.000 602.799042 0 100.000
-14.408 196.582 1059.783 0.196 0.022 0.723 0.663 50.000 0.000 602.930420 0 100.000
-15.889 195.956 1055.137 0.396 -0.159 0.710 0.560 50.000 0.000 603.028752 0 100.000
-13.034 194.434 1053.402 0.533 -0.331 0.645 0.436 50.000 0.000 603.102167 0 100.000
5.295 188.032 1048.483 0.502 -0.378 0.600 0.496 50.000 0.000 603.502737 0 100.000
-20.552 197.889 1048.689 0.434 -0.092 0.720 0.533 50.000 0.000 604.056009 0 100.000
-29.669 203.011 1039.814 0.270 0.192 0.692 0.642 50.000 0.000 604.330322 0 100.000
-29.029 202.300 1038.179 0.334 0.118 0.709 0.610 50.000 0.000 604.368202 0 100.000
-27.510 200.887 1036.488 0.328 0.114 0.711 0.611 50.000 0.000 604.421733 0 100.000
29.502 177.537 1022.144 0.008 0.016 0.726 0.688 50.000 0.000 605.686853 0 100.000
18.059 178.562 1021.275 -0.092 0.196 0.707 0.673 50.000 0.000 605.917278 0 100.000
-15.268 188.983 1022.128 -0.122 0.440 0.608 0.649 50.000 0.000 606.615854 0 100.000
-6.199 182.040 1008.424 0.227 0.019 0.749 0.622 50.000 0.000 606.972653 0 100.000
13.824 172.255 998.382 0.323 -0.194 0.717 0.586 50.000 0.000 607.461539 0 100.000
-0.506 175.837 995.854 0.445 -0.208 0.719 0.492 50.000 0.000 607.761269 0 100.000
10.502 168.967 987.806 0.220 0.013 0.751 0.623 50.000 0.000 608.066658 0 100.000
3.656 170.223 982.386 0.172 0.125 0.753 0.623 50.000 0.000 608.243104 0 100.000
4.386 169.683 981.654 0.554 -0.419 0.635 0.340 50.000 0.000 608.266425 0 100.000
5.415 169.036 980.906 0.555 -0.418 0.632 0.343 50.000 0.000 608.294974 0 100.000
8.640 167.279 979.480 0.555 -0.422 0.623 0.354 50.000 0.000 608.373775 0 100.000
23.856 159.631 968.012 0.082 0.087 0.742 0.660 50.000 0.000 608.784398 0 100.000
0.743 167.345 964.156 -0.034 0.361 0.660 0.657 50.000 0.000 609.277780 0 100.000
9.960 160.511 956.981 0.341 -0.101 0.754 0.552 50.000 0.000 609.548442 0 100.000
11.238 159.605 955.540 0.212 0.056 0.757 0.615 50.000 0.000 609.591016 0 100.000
15.773 157.027 952.330 0.195 0.043 0.754 0.626 50.000 0.000 609.713499 0 100.000
18.653 155.636 950.770 0.183 0.036 0.752 0.633 50.000 0.000 609.784680 0 100.000
8.606 157.405 942.719 0.229 0.072 0.750 0.617 50.000 0.000 610.044591 0 100.000
3.529 157.175 931.128 0.255 0.095 0.739 0.616 50.000 0.000 610.297716 0 100.000
22.307 147.496 926.651 0.172 0.043 0.744 0.645 50.000 0.000 610.729613 0 100.000
20.806 146.918 924.711 0.177 0.051 0.752 0.633 50.000 0.000 610.780020 0 100.000
16.746 146.347 917.787 0.343 -0.093 0.742 0.568 50.000 0.000 610.940947 0 100.000
19.623 144.754 916.991 -0.048 0.320 0.687 0.650 50.000 0.000 611.008623 0 100.000
19.500 144.665 916.844 0.179 0.065 0.758 0.624 50.000 0.000 611.012854 0 100.000
34.984 137.332 907.717 0.113 0.026 0.757 0.643 50.000 0.000 611.401109 0 100.000
9.426 144.224 901.079 0.221 0.108 0.757 0.605 50.000 0.000 611.946917 0 100.000
4.490 145.003 892.510 0.247 0.124 0.740 0.613 50.000 0.000 612.145323 0 100.000
19.950 135.180 889.016 0.170 0.087 0.770 0.608 50.000 0.000 612.518251 0 100.000
19.145 135.011 887.717 0.171 0.093 0.773 0.604 50.000 0.000 612.549001 0 100.000
19.090 134.855 887.193 0.170 0.094 0.773 0.604 50.000 0.000 612.559996 0 100.000
32.222 126.898 874.253 0.116 0.057 0.760 0.637 50.000 0.000 612.961590 0 100.000
7.337 134.036 862.919 0.227 0.132 0.741 0.619 50.000 0.000 613.526821 0 100.000
9.836 131.884 859.926 0.371 -0.059 0.749 0.546 50.000 0.000 613.615886 0 100.000
32.595 119.536 850.936 0.038 0.142 0.749 0.646 50.000 0.000 614.164072 0 100.000
17.417 123.238 843.350 -0.179 0.447 0.596 0.642 50.000 0.000 614.511410 0 100.000
24.721 121.374 849.456 0.543 -0.479 0.595 0.347 50.000 0.000 614.705432 0 100.000
35.184 115.227 839.160 0.259 -0.116 0.742 0.608 50.000 0.000 615.023731 0 100.000
22.682 118.551 837.304 0.211 0.044 0.752 0.623 50.000 0.000 615.285113 0 100.000
39.559 112.604 831.263 -0.142 0.280 0.700 0.641 50.000 0.000 615.662841 0 100.000
29.904 112.338 825.792 0.220 -0.044 0.760 0.610 50.000 0.000 615.884843 0 100.000
26.848 111.800 822.757 0.327 -0.132 0.757 0.550 50.000 0.000 615.971653 0 100.000
15.828 114.590 813.858 -0.028 0.358 0.662 0.658 50.000 0.000 616.260384 0 100.000
22.584 111.993 816.882 -0.154 0.437 0.630 0.623 50.000 0.000 616.417264 0 100.000
26.877 106.798 804.481 0.225 -0.005 0.763 0.606 50.000 0.000 616.699558 0 100.000
27.856 104.482 796.429 0.258 -0.035 0.751 0.607 50.000 0.000 616.868259 0 100.000
38.992 99.159 790.943 0.377 -0.236 0.706 0.552 50.000 0.000 617.138402 0 100.000
26.646 102.710 786.966 -0.126 0.395 0.630 0.657 50.000 0.000 617.407364 0 100.000
29.173 101.235 783.466 0.529 -0.370 0.632 0.429 50.000 0.000 617.498612 0 100.000
28.378 100.697 783.506 0.070 0.186 0.731 0.653 50.000 0.000 617.517835 0 100.000
33.374 98.059 779.936 0.457 -0.309 0.679 0.484 50.000 0.000 617.651495 0 100.000
29.477 97.817 769.387 -0.002 0.249 0.685 0.685 50.000 0.000 617.876466 0 100.000
28.608 95.005 756.979 0.176 0.076 0.728 0.658 50.000 0.000 618.131503 0 100.000
27.353 94.318 751.551 0.002 0.252 0.691 0.677 50.000 0.000 618.243774 0 100.000
30.800 92.603 747.768 0.578 -0.427 0.582 0.381 50.000 0.000 618.351719 0 100.000
25.940 94.273 747.794 -0.244 0.484 0.547 0.638 50.000 0.000 618.454503 0 100.000
25.501 92.165 731.672 -0.009 0.231 0.676 0.699 50.000 0.000 618.779789 0 100.000
25.471 91.913 730.888 0.087 0.135 0.705 0.691 50.000 0.000 618.796279 0 100.000
25.335 91.775 730.242 0.086 0.137 0.707 0.689 50.000 0.000 618.809766 0 100.000
23.754 89.400 701.503 0.076 0.136 0.687 0.710 50.000 0.000 619.387368 0 100.000
23.493 88.978 688.390 0.067 0.137 0.679 0.718 50.000 0.000 619.649816 0 100.000
23.265 89.228 675.621 0.069 0.129 0.678 0.720 50.000 0.000 619.905293 0 100.000
23.457 90.177 663.323 0.091 0.106 0.680 0.719 50.000 0.000 620.152004 0 100.000
23.476 90.249 662.504 0.095 0.102 0.681 0.719 50.000 0.000 620.168464 0 100.000
23.515 91.186 652.391 0.099 0.099 0.680 0.720 50.000 0.000 620.371593 0 100.000
23.636 91.318 650.609 0.102 0.096 0.680 0.720 50.000 0.000 620.407416 0 100.000
23.645 91.860 644.851 0.104 0.095 0.680 0.720 50.000 0.000 620.523086 0 100.000
43.404 136.890 108.326 0.121 0.103 0.675 0.720 50.000 0.000 631.298544 0 100.000
43.476 136.843 105.324 0.129 0.095 0.678 0.717 50.000 0.000 631.358609 0 100.000
42.837 136.843 76.465 0.106 0.117 0.694 0.703 50.000 0.000 631.935933 0 100.000
41.624 137.253 1.216 0.116 0.117 0.702 0.693 50.000 0.000 633.441134 0 100.000
15.890 142.624 1.547 0.033 0.034 0.712 0.701 50.000 0.000 633.966936 0 100.000
14.857 142.720 75.592 0.031 0.043 0.703 0.709 50.000 0.000 635.447988 0 100.000
15.567 142.811 104.316 0.051 0.024 0.686 0.725 50.000 0.000 636.022648 0 100.000
15.336 142.879 106.942 0.044 0.031 0.683 0.728 50.000 0.000 636.075372 0 100.000
4.077 95.648 636.035 0.033 0.029 0.686 0.727 50.000 0.000 646.701708 0 100.000
4.214 95.122 641.601 0.031 0.030 0.686 0.726 50.000 0.000 646.813562 0 100.000
4.329 94.957 643.281 0.028 0.032 0.686 0.727 50.000 0.000 646.847391 0 100.000
4.749 94.032 652.955 0.024 0.033 0.686 0.727 50.000 0.000 647.041942 0 100.000
4.785 93.954 653.775 0.020 0.037 0.686 0.727 50.000 0.000 647.058421 0 100.000
5.178 92.851 665.652 -0.006 0.060 0.685 0.726 50.000 0.000 647.297115 0 100.000
6.163 91.987 677.648 -0.014 0.068 0.685 0.726 50.000 0.000 647.538462 0 100.000
6.905 91.849 689.148 -0.011 0.069 0.686 0.724 50.000 0.000 647.768956 0 100.000
9.902 93.374 715.915 -0.007 0.065 0.701 0.710 50.000 0.000 648.308511 0 100.000
9.749 93.540 716.934 -0.005 0.065 0.701 0.710 50.000 0.000 648.329383 0 100.000
8.378 93.924 718.593 -0.096 0.165 0.684 0.704 50.000 0.000 648.373109 0 100.000
13.408 95.405 734.051 -0.330 0.400 0.596 0.613 50.000 0.000 648.699569 0 100.000
11.566 96.217 737.647 0.544 -0.487 0.533 0.428 50.000 0.000 648.781997 0 100.000
13.200 95.810 734.957 -0.098 0.173 0.692 0.694 50.000 0.000 648.845457 0 100.000
14.456 97.041 744.331 0.080 0.003 0.724 0.685 50.000 0.000 649.036188 0 100.000
11.687 100.712 762.120 -0.082 0.190 0.715 0.668 50.000 0.000 649.403679 0 100.000
13.217 101.775 766.461 0.425 -0.374 0.634 0.527 50.000 0.000 649.498150 0 100.000
11.047 102.019 763.316 -0.017 0.117 0.712 0.692 50.000 0.000 649.574718 0 100.000
11.053 104.367 777.467 0.477 -0.452 0.597 0.461 50.000 0.000 649.861598 0 100.000
13.683 104.058 777.709 -0.213 0.316 0.679 0.628 50.000 0.000 649.914793 0 100.000
6.146 106.236 778.954 0.374 -0.266 0.691 0.558 50.000 0.000 650.073676 0 100.000
5.121 106.751 779.832 0.207 -0.087 0.728 0.648 50.000 0.000 650.102572 0 100.000
3.847 108.135 784.762 0.175 -0.056 0.732 0.656 50.000 0.000 650.208089 0 100.000
20.122 110.417 800.001 -0.285 0.315 0.680 0.597 50.000 0.000 650.656348 0 100.000
14.385 111.000 802.207 -0.175 0.246 0.711 0.635 50.000 0.000 650.779839 0 100.000
14.699 112.172 806.443 0.248 -0.221 0.720 0.609 50.000 0.000 650.867976 0 100.000
2.224 115.662 813.502 0.181 -0.081 0.756 0.624 50.000 0.000 651.163013 0 100.000
9.931 117.623 824.277 -0.168 0.255 0.728 0.614 50.000 0.000 651.430848 0 100.000
4.360 119.949 827.233 0.126 -0.017 0.761 0.636 50.000 0.000 651.565287 0 100.000
5.931 121.413 834.276 0.220 -0.156 0.760 0.592 50.000 0.000 651.712554 0 100.000
13.418 122.372 837.970 -0.491 0.570 -0.515 -0.409 50.000 0.000 651.880616 0 100.000
-12.317 125.389 832.864 -0.193 0.409 0.633 0.629 50.000 0.000 652.408809 0 100.000
11.029 123.825 843.084 -0.033 0.095 0.774 0.626 50.000 0.000 652.919477 0 100.000
8.099 128.547 855.452 0.223 -0.186 0.758 0.583 50.000 0.000 653.190661 0 100.000
23.160 127.930 851.717 -0.014 -0.020 0.760 0.649 50.000 0.000 653.501235 0 100.000
3.922 133.951 869.180 0.071 0.025 0.791 0.608 50.000 0.000 654.034642 0 100.000
5.599 133.986 862.218 0.071 0.014 0.744 0.664 50.000 0.000 654.177867 0 100.000
9.149 133.885 863.127 0.055 0.005 0.745 0.665 50.000 0.000 654.251185 0 100.000
6.433 135.966 871.794 0.067 0.009 0.767 0.639 50.000 0.000 654.437539 0 100.000
3.814 142.319 890.331 0.077 0.011 0.792 0.605 50.000 0.000 654.832950 0 100.000
20.136 141.117 885.345 0.009 -0.033 0.763 0.646 50.000 0.000 655.175138 0 100.000
-9.327 147.427 889.828 0.146 0.030 0.750 0.644 50.000 0.000 655.784400 0 100.000
5.783 148.523 902.291 0.075 -0.011 0.766 0.638 50.000 0.000 656.176744 0 100.000
8.992 148.430 902.327 -0.155 0.234 0.727 0.626 50.000 0.000 656.240964 0 100.000
2.494 150.727 908.689 0.248 -0.184 0.750 0.585 50.000 0.000 656.428565 0 100.000
-2.753 154.124 914.513 0.113 0.000 0.776 0.620 50.000 0.000 656.599414 0 100.000
-10.057 157.739 919.948 0.144 0.016 0.779 0.610 50.000 0.000 656.795337 0 100.000
-14.302 159.394 918.219 0.170 0.019 0.760 0.627 50.000 0.000 656.892791 0 100.000
-12.485 162.600 928.954 0.159 0.006 0.768 0.621 50.000 0.000 657.119780 0 100.000
-13.451 167.193 942.755 0.155 0.005 0.787 0.597 50.000 0.000 657.411314 0 100.000
-12.296 167.174 943.418 0.150 0.000 0.787 0.599 50.000 0.000 657.437954 0 100.000
-7.784 166.519 943.864 0.131 -0.014 0.783 0.608 50.000 0.000 657.529567 0 100.000
-5.232 166.195 943.904 0.254 -0.195 0.755 0.571 50.000 0.000 657.581026 0 100.000
-21.269 174.051 953.172 -0.092 0.314 0.716 0.617 50.000 0.000 657.983404 0 100.000
-19.537 175.611 960.754 0.102 0.095 0.783 0.607 50.000 0.000 658.142055 0 100.000
-31.446 181.146 961.655 0.557 -0.443 0.620 0.330 50.000 0.000 658.405305 0 100.000
-15.766 176.146 962.848 0.516 -0.491 0.588 0.383 50.000 0.000 658.735324 0 100.000
-0.374 173.625 961.015 0.484 -0.529 0.546 0.433 50.000 0.000 659.049418 0 100.000
5.146 173.820 961.030 0.007 -0.006 0.761 0.649 50.000 0.000 659.159891 0 100.000
-41.737 188.221 967.797 0.286 0.034 0.754 0.590 50.000 0.000 660.150094 0 100.000
-36.908 188.491 977.886 0.441 -0.247 0.720 0.475 50.000 0.000 660.373874 0 100.000
-31.818 188.648 985.081 0.342 -0.206 0.745 0.534 50.000 0.000 660.550163 0 100.000
-34.505 193.342 995.078 0.180 -0.033 0.781 0.598 50.000 0.000 660.777486 0 100.000
-36.040 196.696 1002.840 -0.191 0.389 0.661 0.613 50.000 0.000 660.949368 0 100.000
-53.740 202.990 1002.838 0.034 0.303 0.689 0.658 50.000 0.000 661.325087 0 100.000
-42.458 199.412 1010.086 0.136 0.110 0.759 0.627 50.000 0.000 661.602661 0 100.000
-37.007 200.463 1023.717 0.194 -0.004 0.762 0.618 50.000 0.000 661.897008 0 100.000
-34.515 200.081 1025.056 0.184 -0.014 0.760 0.624 50.000 0.000 661.954110 0 100.000
-30.173 199.278 1025.827 0.093 0.056 0.754 0.647 50.000 0.000 662.043766 0 100.000
-19.546 198.266 1028.746 0.286 -0.246 0.704 0.602 50.000 0.000 662.265091 0 100.000
-40.578 204.285 1033.955 0.489 -0.392 0.638 0.447 50.000 0.000 662.714849 0 100.000
-42.952 205.174 1033.898 0.494 -0.389 0.639 0.444 50.000 0.000 662.765560 0 100.000
-41.409 205.457 1033.383 0.345 -0.227 0.708 0.573 50.000 0.000 662.798574 0 100.000
-68.905 216.099 1031.769 0.253 0.063 0.717 0.647 50.000 0.000 663.389135 0 100.000
-66.668 215.215 1033.201 0.241 0.056 0.716 0.652 50.000 0.000 663.445137 0 100.000
-68.224 216.337 1036.611 0.243 0.060 0.714 0.654 50.000 0.000 663.523392 0 100.000
-70.176 217.724 1040.648 0.246 0.064 0.707 0.660 50.000 0.000 663.617263 0 100.000
-69.743 217.631 1041.813 0.357 -0.065 0.705 0.609 50.000 0.000 663.642200 0 100.000
-54.028 212.857 1049.116 0.247 -0.096 0.702 0.662 50.000 0.000 664.001673 0 100.000
-51.374 212.453 1050.313 0.237 -0.108 0.700 0.665 50.000 0.000 664.060465 0 100.000
-49.630 212.941 1056.000 0.225 -0.133 0.689 0.676 50.000 0.000 664.179821 0 100.000
-48.916 212.950 1056.833 -0.052 0.133 0.688 0.712 50.000 0.000 664.201771 0 100.000
-52.933 212.961 1062.979 -0.030 0.154 0.670 0.726 50.000 0.000 664.348611 0 100.000
-105.836 229.404 1038.129 0.000 0.216 0.670 0.710 50.000 0.000 665.562980 0 100.000
-92.058 226.854 1034.419 -0.056 0.161 0.706 0.688 50.000 0.000 665.852895 0 100.000
-92.369 226.829 1032.549 0.225 -0.128 0.710 0.655 50.000 0.000 665.890814 0 100.000
-110.326 231.545 1023.540 0.297 -0.044 0.712 0.634 50.000 0.000 666.303540 0 100.000
-105.819 229.860 1022.522 0.285 -0.061 0.712 0.639 50.000 0.000 666.401903 0 100.000
-92.519 226.009 1024.464 0.284 -0.143 0.730 0.605 50.000 0.000 666.681526 0 100.000
-93.081 226.076 1023.625 0.167 0.001 0.746 0.645 50.000 0.000 666.701760 0 100.000
-90.917 224.863 1019.093 0.165 -0.005 0.750 0.641 50.000 0.000 666.805079 0 100.000
-87.956 223.443 1015.088 0.158 -0.013 0.749 0.644 50.000 0.000 666.908661 0 100.000
-93.155 224.574 1014.163 0.182 0.002 0.751 0.635 50.000 0.000 667.016669 0 100.000
-72.735 218.852 1012.323 0.313 -0.276 0.709 0.568 50.000 0.000 667.442387 0 100.000
-79.004 219.136 1013.980 0.468 -0.421 0.643 0.436 50.000 0.000 667.572197 0 100.000
-78.637 218.735 1013.756 0.471 -0.419 0.644 0.434 50.000 0.000 667.583953 0 100.000
-58.027 213.070 1009.059 0.274 -0.270 0.717 0.582 50.000 0.000 668.021626 0 100.000
-34.874 211.976 999.922 -0.051 -0.056 0.753 0.654 50.000 0.000 668.519926 0 100.000
-47.757 210.660 1000.988 0.074 -0.102 0.757 0.641 50.000 0.000 668.779803 0 100.000
-56.664 210.597 1001.023 0.112 -0.075 0.766 0.628 50.000 0.000 668.957957 0 100.000
-89.992 213.986 979.995 0.177 0.116 0.739 0.640 50.000 0.000 669.749005 0 100.000
-80.457 210.175 981.619 -0.021 0.257 0.718 0.646 50.000 0.000 669.956940 0 100.000
-13.878 214.101 975.615 -0.382 0.148 0.743 0.530 50.000 0.000 671.296226 0 100.000
-59.829 202.600 979.240 0.114 -0.086 0.801 0.581 50.000 0.000 672.246377 0 100.000
-51.839 195.735 968.846 0.261 -0.280 0.743 0.548 50.000 0.000 672.542358 0 100.000
-10.027 193.071 954.426 0.187 -0.413 0.636 0.625 50.000 0.000 673.428537 0 100.000
-43.263 187.931 960.673 0.114 -0.089 0.798 0.586 50.000 0.000 674.112658 0 100.000
-61.067 184.328 942.557 0.131 0.045 0.769 0.624 50.000 0.000 674.625751 0 100.000
-46.805 181.769 944.526 0.492 -0.539 0.559 0.394 50.000 0.000 674.918214 0 100.000
-36.072 180.623 943.851 -0.468 0.558 -0.537 -0.427 50.000 0.000 675.134515 0 100.000
-13.888 181.389 940.755 -0.423 0.599 -0.473 -0.488 50.000 0.000 675.582766 0 100.000
-37.662 176.685 939.105 0.012 0.025 0.785 0.619 50.000 0.000 676.068589 0 100.000
1.084 180.411 926.763 -0.333 0.114 0.754 0.554 50.000 0.000 676.885275 0 100.000
7.924 173.811 917.672 0.009 -0.298 0.698 0.651 50.000 0.000 677.148317 0 100.000
4.779 172.147 917.539 -0.125 -0.122 0.751 0.637 50.000 0.000 677.219521 0 100.000
-19.419 166.541 921.496 0.006 -0.085 0.774 0.627 50.000 0.000 677.722554 0 100.000
-26.243 165.999 922.439 0.040 -0.072 0.781 0.619 50.000 0.000 677.860767 0 100.000
-49.499 163.071 911.632 0.161 -0.025 0.772 0.615 50.000 0.000 678.376989 0 100.000
-8.142 157.671 905.516 -0.045 -0.090 0.773 0.627 50.000 0.000 679.220075 0 100.000
-23.664 155.400 908.718 0.031 -0.059 0.798 0.599 50.000 0.000 679.540282 0 100.000
-29.983 151.543 899.074 0.066 -0.044 0.781 0.619 50.000 0.000 679.783431 0 100.000
-20.759 147.763 890.064 0.197 -0.242 0.728 0.611 50.000 0.000 680.052169 0 100.000
-9.915 146.772 886.695 -0.234 0.175 0.748 0.596 50.000 0.000 680.280134 0 100.000
-12.903 146.102 886.747 -0.017 -0.065 0.767 0.638 50.000 0.000 680.341384 0 100.000
-19.412 144.156 890.519 0.013 -0.049 0.803 0.593 50.000 0.000 680.496803 0 100.000
-15.796 138.543 877.527 -0.003 -0.049 0.787 0.615 50.000 0.000 680.788954 0 100.000
-15.991 138.602 880.862 -0.004 -0.046 0.810 0.585 50.000 0.000 680.855772 0 100.000
-19.275 129.114 852.105 0.014 -0.030 0.750 0.661 50.000 0.000 681.464974 0 100.000
-18.175 129.665 858.904 0.006 -0.030 0.778 0.627 50.000 0.000 681.603180 0 100.000
-16.795 129.902 860.379 -0.002 -0.032 0.785 0.619 50.000 0.000 681.643836 0 100.000
-6.212 127.657 853.655 -0.052 -0.051 0.785 0.615 50.000 0.000 681.898587 0 100.000
-14.811 122.305 841.247 -0.014 -0.027 0.770 0.637 50.000 0.000 682.218914 0 100.000
-17.329 121.525 839.470 0.180 -0.229 0.738 0.608 50.000 0.000 682.282494 0 100.000
-0.532 117.592 822.325 -0.156 0.024 0.754 0.638 50.000 0.000 682.768943 0 100.000
3.220 117.327 816.694 -0.393 0.255 0.697 0.543 50.000 0.000 682.904365 0 100.000
-1.970 117.270 824.659 -0.442 0.628 -0.441 -0.464 50.000 0.000 683.094501 0 100.000
6.204 116.180 814.694 0.071 -0.262 0.706 0.654 50.000 0.000 683.353195 0 100.000
6.843 115.233 810.862 -0.054 -0.124 0.738 0.661 50.000 0.000 683.433164 0 100.000
1.884 112.192 805.202 -0.295 0.164 0.731 0.593 50.000 0.000 683.595483 0 100.000
-4.262 108.263 794.342 0.054 -0.168 0.717 0.675 50.000 0.000 683.857149 0 100.000
-7.576 107.106 793.885 0.191 -0.273 0.700 0.632 50.000 0.000 683.927943 0 100.000
-6.433 105.807 789.707 -0.244 0.193 0.725 0.615 50.000 0.000 684.018385 0 100.000
-7.641 105.098 787.806 -0.321 0.280 0.694 0.581 50.000 0.000 684.065619 0 100.000
-13.659 101.642 771.977 0.088 -0.114 0.720 0.678 50.000 0.000 684.411290 0 100.000
-0.723 101.645 766.226 0.077 -0.181 0.702 0.684 50.000 0.000 684.694436 0 100.000
-10.771 100.486 762.414 0.315 -0.328 0.643 0.616 50.000 0.000 684.910618 0 100.000
-6.991 99.453 760.048 -0.288 0.255 0.680 0.624 50.000 0.000 685.002155 0 100.000
1.343 100.352 759.463 0.420 -0.517 0.508 0.546 50.000 0.000 685.170207 0 100.000
-4.511 98.200 752.022 -0.115 0.053 0.719 0.684 50.000 0.000 685.364394 0 100.000
-10.658 97.871 750.095 0.397 -0.411 0.588 0.572 50.000 0.000 685.493404 0 100.000
-4.031 96.943 744.013 -0.181 0.120 0.704 0.676 50.000 0.000 685.674256 0 100.000
-3.654 94.718 728.461 -0.003 -0.057 0.703 0.709 50.000 0.000 685.988553 0 100.000
-6.955 93.463 722.098 -0.174 0.118 0.695 0.688 50.000 0.000 686.134098 0 100.000
-5.301 93.794 722.028 0.508 -0.528 0.464 0.498 50.000 0.000 686.167856 0 100.000
-8.778 93.040 719.034 -0.391 0.345 0.611 0.596 50.000 0.000 686.260858 0 100.000
-8.780 91.840 705.666 -0.183 0.100 0.687 0.696 50.000 0.000 686.529284 0 100.000
-9.473 91.665 703.733 -0.083 0.005 0.693 0.716 50.000 0.000 686.570506 0 100.000
-9.792 91.561 702.427 -0.083 0.006 0.692 0.717 50.000 0.000 686.597479 0 100.000
-11.108 91.300 678.307 -0.091 0.002 0.686 0.722 50.000 0.000 687.080622 0 100.000
-11.873 91.960 667.313 -0.089 -0.003 0.685 0.723 50.000 0.000 687.301431 0 100.000
-12.649 92.915 655.304 -0.081 -0.014 0.684 0.725 50.000 0.000 687.542857 0 100.000
-13.023 93.922 643.578 -0.056 -0.037 0.682 0.728 50.000 0.000 687.778374 0 100.000
-13.060 93.989 642.780 -0.053 -0.041 0.682 0.728 50.000 0.000 687.794391 0 100.000
-13.335 94.832 633.164 -0.050 -0.042 0.681 0.729 50.000 0.000 687.987538 0 100.000
-13.388 94.982 631.451 -0.048 -0.044 0.681 0.729 50.000 0.000 688.021952 0 100.000
-13.716 95.436 626.123 -0.046 -0.044 0.681 0.729 50.000 0.000 688.129086 0 100.000
-8.561 143.540 106.330 -0.049 -0.059 0.685 0.725 50.000 0.000 698.569891 0 100.000
-7.178 143.719 103.761 -0.049 -0.068 0.687 0.722 50.000 0.000 698.628350 0 100.000
22.248 153.745 78.755 -0.173 -0.167 0.699 0.673 50.000 0.000 699.426269 0 100.000
16.013 150.782 4.583 -0.143 -0.149 0.708 0.676 50.000 0.000 700.916125 0 100.000
-29.602 141.788 2.500 -0.156 -0.159 0.698 0.681 50.000 0.000 701.846922 0 100.000
-26.597 143.271 75.440 -0.174 -0.164 0.692 0.681 50.000 0.000 703.307262 0 100.000
-32.075 140.616 102.945 -0.139 -0.152 0.676 0.708 50.000 0.000 703.870682 0 100.000
-33.919 139.874 105.352 -0.135 -0.143 0.675 0.711 50.000 0.000 703.933115 0 100.000
-31.297 91.678 616.929 -0.124 -0.117 0.671 0.721 50.000 0.000 714.210099 0 100.000
-31.150 91.211 622.280 -0.125 -0.116 0.671 0.721 50.000 0.000 714.317576 0 100.000
-31.157 91.048 623.944 -0.126 -0.114 0.672 0.721 50.000 0.000 714.351010 0 100.000
-30.497 90.360 633.545 -0.129 -0.114 0.673 0.719 50.000 0.000 714.543979 0 100.000
-30.522 90.274 634.353 -0.132 -0.111 0.673 0.719 50.000 0.000 714.560231 0 100.000
-30.248 89.275 645.685 -0.154 -0.088 0.677 0.715 50.000 0.000 714.787817 0 100.000
-29.486 88.429 657.355 -0.161 -0.077 0.679 0.712 50.000 0.000 715.022324 0 100.000
-28.413 87.763 668.278 -0.165 -0.071 0.680 0.711 50.000 0.000 715.242231 0 100.000
-26.802 87.188 690.610 -0.161 -0.065 0.682 0.710 50.000 0.000 715.690186 0 100.000
-26.770 87.195 691.866 -0.160 -0.065 0.683 0.710 50.000 0.000 715.715312 0 100.000
-26.694 87.214 693.661 -0.259 0.034 0.685 0.680 50.000 0.000 715.751244 0 100.000
-24.317 88.172 705.866 -0.466 0.274 0.634 0.553 50.000 0.000 716.000673 0 100.000
-22.075 88.974 708.665 -0.457 0.564 -0.400 -0.559 50.000 0.000 716.074170 0 100.000
-24.308 88.269 708.358 -0.256 0.052 0.690 0.676 50.000 0.000 716.121413 0 100.000
-23.013 89.027 715.605 -0.077 -0.114 0.686 0.714 50.000 0.000 716.269430 0 100.000
-22.491 90.341 730.124 -0.261 0.061 0.700 0.662 50.000 0.000 716.561174 0 100.000
-20.310 91.657 735.359 0.318 -0.479 0.514 0.636 50.000 0.000 716.677610 0 100.000
-25.120 90.372 736.213 -0.190 0.003 0.702 0.686 50.000 0.000 716.778627 0 100.000
-24.076 91.599 744.527 0.394 -0.536 0.466 0.583 50.000 0.000 716.947998 0 100.000
-21.237 92.437 744.685 -0.380 0.183 0.686 0.593 50.000 0.000 717.007288 0 100.000
-21.777 92.931 748.723 0.230 -0.403 0.587 0.663 50.000 0.000 717.089364 0 100.000
-26.946 91.860 750.666 0.035 -0.211 0.677 0.705 50.000 0.000 717.201864 0 100.000
-23.428 93.645 756.413 -0.026 -0.191 0.687 0.700 50.000 0.000 717.341265 0 100.000
-24.166 95.580 768.037 -0.411 0.214 0.686 0.561 50.000 0.000 717.577414 0 100.000
-28.005 94.765 768.918 -0.322 0.147 0.702 0.618 50.000 0.000 717.657858 0 100.000
-21.623 97.814 774.968 0.113 -0.333 0.644 0.679 50.000 0.000 717.844001 0 100.000
-27.631 97.301 783.129 -0.003 -0.208 0.707 0.676 50.000 0.000 718.046932 0 100.000
-34.226 97.029 786.585 -0.313 0.164 0.707 0.613 50.000 0.000 718.195944 0 100.000
-33.606 99.602 793.483 -0.036 -0.114 0.721 0.682 50.000 0.000 718.343710 0 100.000
-30.678 101.534 801.041 0.080 -0.267 0.698 0.659 50.000 0.000 718.510365 0 100.000
-19.930 106.808 805.601 -0.407 0.645 -0.372 -0.529 50.000 0.000 718.766594 0 100.000
-42.363 99.624 802.907 -0.367 0.281 0.681 0.568 50.000 0.000 719.240763 0 100.000
-21.970 107.096 810.745 -0.224 -0.014 0.756 0.614 50.000 0.000 719.702550 0 100.000
-25.881 110.202 821.707 0.073 -0.306 0.693 0.649 50.000 0.000 719.943468 0 100.000
-23.517 111.651 821.372 -0.148 -0.090 0.743 0.647 50.000 0.000 719.999337 0 100.000
-27.341 115.999 840.354 -0.123 -0.090 0.782 0.605 50.000 0.000 720.396234 0 100.000
-38.263 114.146 834.212 -0.074 -0.065 0.742 0.663 50.000 0.000 720.649554 0 100.000
-38.570 114.689 837.263 -0.071 -0.066 0.750 0.654 50.000 0.000 720.711827 0 100.000
-33.123 118.794 848.780 -0.094 -0.084 0.780 0.613 50.000 0.000 720.979531 0 100.000
-31.036 122.254 844.452 -0.111 -0.087 0.735 0.663 50.000 0.000 721.097951 0 100.000
-29.219 128.349 865.403 -0.113 -0.103 0.790 0.593 50.000 0.000 721.535853 0 100.000
-43.605 127.599 865.457 -0.043 -0.079 0.770 0.632 50.000 0.000 721.823979 0 100.000
-30.708 138.597 884.008 -0.109 -0.113 0.803 0.574 50.000 0.000 722.326543 0 100.000
-32.080 138.947 885.658 -0.267 0.133 0.803 0.515 50.000 0.000 722.370026 0 100.000
-58.888 133.597 875.697 0.204 -0.251 0.731 0.601 50.000 0.000 722.951930 0 100.000
-50.270 135.247 872.865 -0.009 -0.083 0.746 0.661 50.000 0.000 723.136334 0 100.000
-26.941 144.334 879.024 -0.144 -0.117 0.749 0.636 50.000 0.000 723.651999 0 100.000
-34.649 145.758 889.629 -0.098 -0.116 0.773 0.616 50.000 0.000 723.915752 0 100.000
-48.983 145.865 884.668 -0.022 -0.100 0.735 0.671 50.000 0.000 724.219112 0 100.000
-34.718 158.274 908.751 -0.108 -0.130 0.788 0.592 50.000 0.000 724.831479 0 100.000
-36.038 158.830 910.845 -0.100 -0.131 0.792 0.587 50.000 0.000 724.882223 0 100.000
-38.329 158.929 911.170 -0.090 -0.128 0.789 0.594 50.000 0.000 724.928532 0 100.000
-39.085 158.526 909.324 0.069 -0.320 0.724 0.607 50.000 0.000 724.969236 0 100.000
-39.343 165.661 918.574 -0.310 0.132 0.787 0.517 50.000 0.000 725.202933 0 100.000
-40.078 169.581 925.443 -0.157 -0.052 0.803 0.572 50.000 0.000 725.361784 0 100.000
-46.868 173.371 931.883 -0.390 0.659 -0.454 -0.455 50.000 0.000 725.563727 0 100.000
-37.983 176.548 932.579 -0.355 0.679 -0.429 -0.479 50.000 0.000 725.752953 0 100.000
-34.194 177.918 931.665 -0.343 0.685 -0.414 -0.492 50.000 0.000 725.835585 0 100.000
-26.474 180.865 927.934 -0.233 -0.099 0.783 0.568 50.000 0.000 726.016931 0 100.000
-67.291 172.470 925.997 0.062 -0.130 0.748 0.648 50.000 0.000 726.851257 0 100.000
-36.593 189.317 946.871 0.131 -0.493 0.635 0.581 50.000 0.000 727.666589 0 100.000
-32.183 191.282 934.762 0.014 -0.398 0.641 0.656 50.000 0.000 727.927311 0 100.000
-67.318 181.738 941.676 -0.021 -0.144 0.741 0.655 50.000 0.000 728.668483 0 100.000
-32.445 204.945 951.432 -0.482 0.125 0.740 0.452 50.000 0.000 729.528676 0 100.000
-10.844 226.994 950.543 -0.495 -0.062 0.734 0.461 50.000 0.000 730.146271 0 100.000
-35.696 205.876 950.226 -0.274 -0.105 0.719 0.630 50.000 0.000 730.798550 0 100.000
-36.647 216.466 980.453 -0.172 -0.221 0.751 0.599 50.000 0.000 731.439407 0 100.000
-39.361 215.830 982.391 -0.159 -0.216 0.753 0.601 50.000 0.000 731.507303 0 100.000
-38.459 216.801 982.127 -0.230 -0.138 0.765 0.585 50.000 0.000 731.534330 0 100.000
-36.835 219.527 981.478 0.022 -0.429 0.624 0.652 50.000 0.000 731.599102 0 100.000
-31.839 224.997 984.960 -0.199 0.628 -0.420 -0.624 50.000 0.000 731.762822 0 100.000
-18.079 237.866 980.403 0.125 -0.646 0.361 0.661 50.000 0.000 732.150482 0 100.000
-20.494 235.768 979.391 -0.094 -0.495 0.540 0.675 50.000 0.000 732.217588 0 100.000
-47.051 213.243 986.752 -0.185 -0.215 0.705 0.650 50.000 0.000 732.929442 0 100.000
-54.534 209.313 987.790 -0.152 -0.190 0.710 0.660 50.000 0.000 733.099756 0 100.000
-80.050 200.580 987.679 -0.039 -0.117 0.713 0.690 50.000 0.000 733.639136 0 100.000
-93.458 199.526 990.574 0.017 -0.083 0.708 0.701 50.000 0.000 733.914286 0 100.000
-86.697 200.651 991.918 0.051 -0.167 0.693 0.700 50.000 0.000 734.053978 0 100.000
-35.434 225.861 1004.415 -0.178 -0.355 0.636 0.661 50.000 0.000 735.223525 0 100.000
-31.873 229.515 1005.096 -0.191 -0.377 0.621 0.660 50.000 0.000 735.326477 0 100.000
-13.070 260.649 1006.976 -0.320 -0.478 0.519 0.632 50.000 0.000 736.054877 0 100.000
-12.684 262.013 1007.940 0.578 0.195 -0.677 -0.411 50.000 0.000 736.089164 0 100.000
-23.046 245.838 1016.553 0.507 0.129 -0.699 -0.487 50.000 0.000 736.510200 0 100.000
-20.313 217.866 1009.069 0.579 0.197 -0.678 -0.407 50.000 0.000 737.091888 0 100.000
-21.698 209.367 1005.649 0.562 0.193 -0.692 -0.411 50.000 0.000 737.277205 0 100.000
-21.621 209.536 1004.839 -0.315 -0.485 0.532 0.618 50.000 0.000 737.293824 0 100.000
-26.001 199.626 997.276 -0.281 -0.444 0.569 0.632 50.000 0.000 737.558093 0 100.000
-27.784 196.395 995.532 -0.276 -0.426 0.581 0.636 50.000 0.000 737.639727 0 100.000
-30.255 193.367 988.220 -0.223 -0.435 0.579 0.652 50.000 0.000 737.805541 0 100.000
-32.918 189.276 986.151 -0.319 -0.312 0.651 0.614 50.000 0.000 737.911574 0 100.000
-40.514 179.067 978.476 -0.282 -0.269 0.663 0.639 50.000 0.000 738.208769 0 100.000
-28.613 193.108 976.618 -0.350 -0.320 0.647 0.597 50.000 0.000 738.578755 0 100.000
-24.586 199.381 975.905 -0.376 -0.339 0.641 0.577 50.000 0.000 738.728536 0 100.000
-16.409 218.459 969.855 -0.245 -0.556 0.472 0.639 50.000 0.000 739.160926 0 100.000
-16.562 219.652 968.408 -0.069 -0.654 0.330 0.677 50.000 0.000 739.198574 0 100.000
-16.093 221.355 967.876 -0.072 -0.656 0.329 0.676 50.000 0.000 739.235475 0 100.000
-14.565 224.278 960.348 -0.266 -0.532 0.494 0.634 50.000 0.000 739.399839 0 100.000
-14.166 221.421 952.422 0.506 0.283 -0.658 -0.480 50.000 0.000 739.568541 0 100.000
-15.327 217.648 952.286 -0.435 -0.347 0.633 0.538 50.000 0.000 739.647525 0 100.000
-15.748 215.877 952.123 -0.428 -0.344 0.641 0.536 50.000 0.000 739.684085 0 100.000
-18.604 200.799 941.288 -0.470 -0.230 0.697 0.490 50.000 0.000 740.059795 0 100.000
-16.343 203.017 939.346 0.573 0.096 -0.728 -0.363 50.000 0.000 740.134092 0 100.000
-35.456 169.657 933.329 0.581 -0.132 -0.708 -0.379 50.000 0.000 740.912383 0 100.000
-15.058 193.935 919.485 -0.452 -0.311 0.642 0.536 50.000 0.000 741.604364 0 100.000
-18.295 184.994 915.068 -0.244 -0.450 0.573 0.640 50.000 0.000 741.814059 0 100.000
-63.237 146.523 905.669 0.060 -0.329 0.632 0.699 50.000 0.000 743.012080 0 100.000
-23.317 172.142 903.844 -0.361 -0.233 0.693 0.578 50.000 0.000 743.961456 0 100.000
-33.674 155.539 888.922 -0.384 -0.108 0.696 0.596 50.000 0.000 744.453630 0 100.000
-24.408 165.251 891.083 0.198 -0.647 0.300 0.673 50.000 0.000 744.725530 0 100.000
-21.197 169.284 891.905 0.182 -0.656 0.286 0.674 50.000 0.000 744.829945 0 100.000
-18.780 172.719 893.112 0.171 -0.666 0.276 0.672 50.000 0.000 744.917349 0 100.000
-29.452 155.073 889.099 -0.398 -0.105 0.725 0.552 50.000 0.000 745.337517 0 100.000
-47.830 135.876 880.613 -0.454 0.110 0.708 0.529 50.000 0.000 745.895477 0 100.000
-33.633 143.290 871.147 -0.145 -0.329 0.632 0.687 50.000 0.000 746.267561 0 100.000
-25.052 150.802 870.819 -0.368 -0.178 0.691 0.596 50.000 0.000 746.495752 0 100.000
-18.494 157.449 871.360 -0.403 -0.201 0.692 0.564 50.000 0.000 746.682807 0 100.000
-18.219 157.454 872.275 -0.401 -0.204 0.697 0.559 50.000 0.000 746.701899 0 100.000
-29.609 142.043 873.569 -0.316 -0.176 0.731 0.578 50.000 0.000 747.086028 0 100.000
-27.713 139.244 865.995 -0.324 -0.179 0.729 0.576 50.000 0.000 747.251900 0 100.000
-16.871 147.970 856.738 -0.396 -0.204 0.702 0.556 50.000 0.000 747.586206 0 100.000
-34.288 128.756 855.136 -0.288 -0.155 0.722 0.610 50.000 0.000 748.105844 0 100.000
-50.152 117.716 855.602 0.002 -0.323 0.681 0.658 50.000 0.000 748.492520 0 100.000
-31.893 127.938 857.093 -0.436 0.049 0.767 0.469 50.000 0.000 748.912102 0 100.000
-31.570 127.850 856.520 -0.286 -0.172 0.749 0.573 50.000 0.000 748.925375 0 100.000
-40.497 115.745 836.096 -0.254 -0.132 0.709 0.644 50.000 0.000 749.432657 0 100.000
-38.596 114.899 843.106 -0.242 -0.150 0.754 0.592 50.000 0.000 749.578891 0 100.000
-58.015 101.933 831.282 -0.149 -0.097 0.734 0.656 50.000 0.000 750.102354 0 100.000
-42.777 104.828 824.699 -0.224 -0.130 0.736 0.625 50.000 0.000 750.439358 0 100.000
-56.345 97.205 819.877 -0.158 -0.095 0.731 0.657 50.000 0.000 750.765207 0 100.000
-55.915 97.169 819.844 -0.160 -0.096 0.733 0.654 50.000 0.000 750.773849 0 100.000
-35.022 105.442 815.004 -0.263 -0.148 0.730 0.614 50.000 0.000 751.233591 0 100.000
-38.463 100.350 809.235 -0.242 -0.140 0.735 0.618 50.000 0.000 751.402186 0 100.000
-40.241 98.409 808.057 -0.012 -0.364 0.658 0.659 50.000 0.000 751.459866 0 100.000
-34.235 97.804 789.545 -0.341 -0.073 0.720 0.600 50.000 0.000 751.849298 0 100.000
-37.265 95.397 787.102 0.510 -0.156 -0.705 -0.467 50.000 0.000 751.940832 0 100.000
-43.425 91.394 786.552 -0.387 0.642 -0.325 -0.577 50.000 0.000 752.088173 0 100.000
-42.961 89.965 780.958 -0.011 -0.323 0.641 0.696 50.000 0.000 752.204010 0 100.000
-34.508 94.238 778.752 -0.196 -0.207 0.688 0.668 50.000 0.000 752.398504 0 100.000
-36.873 91.676 772.598 -0.442 0.064 0.713 0.541 50.000 0.000 752.539958 0 100.000
-39.541 88.204 767.547 -0.103 -0.274 0.667 0.685 50.000 0.000 752.673654 0 100.000
-39.570 87.016 762.265 0.046 -0.385 0.607 0.694 50.000 0.000 752.781939 0 100.000
-40.911 85.585 757.222 -0.409 0.078 0.709 0.569 50.000 0.000 752.890160 0 100.000
-37.766 87.342 755.996 -0.486 0.142 0.699 0.504 50.000 0.000 752.966272 0 100.000
-41.056 83.608 743.024 -0.100 -0.246 0.658 0.704 50.000 0.000 753.244156 0 100.000
-38.635 84.323 738.661 -0.063 -0.287 0.641 0.709 50.000 0.000 753.344958 0 100.000
-39.766 83.366 735.154 0.169 -0.448 0.538 0.694 50.000 0.000 753.421109 0 100.000
-39.125 83.344 731.172 -0.449 0.123 0.687 0.557 50.000 0.000 753.501773 0 100.000
-38.514 83.602 731.606 0.327 -0.576 0.399 0.634 50.000 0.000 753.517610 0 100.000
-38.584 83.057 724.493 -0.280 -0.072 0.692 0.661 50.000 0.000 753.660281 0 100.000
-38.042 83.248 722.834 0.256 -0.519 0.460 0.673 50.000 0.000 753.695403 0 100.000
-38.426 82.716 717.601 -0.341 -0.007 0.693 0.635 50.000 0.000 753.800876 0 100.000
-38.412 82.233 703.980 -0.159 -0.186 0.663 0.707 50.000 0.000 754.073465 0 100.000
-38.514 82.184 697.528 -0.338 -0.026 0.687 0.643 50.000 0.000 754.202534 0 100.000
-38.070 82.347 697.558 0.393 -0.597 0.339 0.612 50.000 0.000 754.212017 0 100.000
-38.390 82.304 695.274 0.534 -0.200 -0.657 -0.493 50.000 0.000 754.258152 0 100.000
-32.513 86.836 685.927 -0.365 -0.083 0.687 0.622 50.000 0.000 754.496850 0 100.000
-31.355 87.855 684.518 -0.274 -0.190 0.666 0.667 50.000 0.000 754.538623 0 100.000
-30.669 88.498 683.475 -0.277 -0.194 0.665 0.665 50.000 0.000 754.566708 0 100.000
-37.142 85.990 660.525 -0.263 -0.180 0.664 0.676 50.000 0.000 755.046260 0 100.000
-39.346 85.704 649.475 -0.255 -0.181 0.662 0.681 50.000 0.000 755.271683 0 100.000
-40.853 85.988 637.874 -0.247 -0.187 0.659 0.685 50.000 0.000 755.505719 0 100.000
-42.063 86.412 626.361 -0.224 -0.205 0.653 0.694 50.000 0.000 755.737402 0 100.000
-42.125 86.458 625.551 -0.222 -0.207 0.652 0.695 50.000 0.000 755.753678 0 100.000
-42.905 86.936 616.357 -0.220 -0.207 0.652 0.695 50.000 0.000 755.938454 0 100.000
-43.001 87.046 614.761 -0.218 -0.208 0.652 0.696 50.000 0.000 755.970515 0 100.000
-43.326 87.424 609.265 -0.218 -0.208 0.651 0.697 50.000 0.000 756.080875 0 100.000
-68.200 125.363 103.341 -0.183 -0.182 0.663 0.703 50.000 0.000 766.239969 0 100.000
-68.499 125.154 100.740 -0.177 -0.184 0.665 0.702 50.000 0.000 766.292488 0 100.000
-66.776 126.052 72.878 -0.197 -0.183 0.682 0.681 50.000 0.000 766.851088 0 100.000
-69.374 124.559 2.061 -0.178 -0.181 0.691 0.677 50.000 0.000 768.268693 0 100.000
-93.374 106.685 2.156 -0.244 -0.249 0.670 0.656 50.000 0.000 768.867198 0 100.000
-94.747 105.492 72.553 -0.246 -0.234 0.668 0.662 50.000 0.000 770.275617 0 100.000
-93.183 106.970 99.921 -0.244 -0.246 0.646 0.680 50.000 0.000 770.824654 0 100.000
-93.173 107.018 102.397 -0.249 -0.243 0.645 0.681 50.000 0.000 770.874190 0 100.000
-61.199 75.624 601.379 -0.282 -0.265 0.628 0.675 50.000 0.000 780.893994 0 100.000
-60.653 75.495 606.655 -0.284 -0.266 0.628 0.675 50.000 0.000 781.000093 0 100.000
-60.595 75.344 608.273 -0.284 -0.265 0.628 0.674 50.000 0.000 781.032622 0 100.000
-59.824 74.929 617.504 -0.286 -0.265 0.629 0.673 50.000 0.000 781.218072 0 100.000
-59.735 74.923 618.253 -0.287 -0.264 0.629 0.673 50.000 0.000 781.233160 0 100.000
-58.574 74.632 629.618 -0.308 -0.248 0.637 0.662 50.000 0.000 781.461718 0 100.000
-56.486 75.252 641.058 -0.317 -0.246 0.638 0.657 50.000 0.000 781.694618 0 100.000
-54.920 75.431 651.616 -0.321 -0.244 0.640 0.654 50.000 0.000 781.908127 0 100.000
-54.208 73.293 672.971 -0.314 -0.232 0.645 0.657 50.000 0.000 782.337601 0 100.000
-54.091 73.280 674.066 -0.314 -0.231 0.645 0.657 50.000 0.000 782.359616 0 100.000
-53.933 73.269 675.593 -0.412 -0.128 0.673 0.601 50.000 0.000 782.390331 0 100.000
-52.035 74.077 686.169 0.595 -0.132 -0.672 -0.420 50.000 0.000 782.605823 0 100.000
-50.106 75.484 688.452 0.304 -0.631 0.269 0.661 50.000 0.000 782.671891 0 100.000
-51.814 74.148 688.312 -0.414 -0.105 0.677 0.599 50.000 0.000 782.715358 0 100.000
-50.445 75.087 694.573 -0.245 -0.269 0.632 0.684 50.000 0.000 782.844910 0 100.000
-49.779 75.862 707.812 -0.427 -0.091 0.684 0.584 50.000 0.000 783.110481 0 100.000
-48.556 77.059 713.081 0.157 -0.572 0.390 0.705 50.000 0.000 783.221265 0 100.000
-49.280 76.582 714.454 -0.372 -0.159 0.674 0.618 50.000 0.000 783.253745 0 100.000
-47.557 78.505 720.436 0.224 -0.617 0.317 0.684 50.000 0.000 783.384042 0 100.000
-48.914 77.320 720.503 0.535 -0.038 -0.692 -0.484 50.000 0.000 783.420105 0 100.000
-47.074 79.123 724.139 0.055 -0.518 0.462 0.717 50.000 0.000 783.509235 0 100.000
-47.861 78.786 727.786 -0.168 -0.370 0.591 0.697 50.000 0.000 783.584154 0 100.000
-47.564 79.549 731.887 -0.219 -0.339 0.608 0.683 50.000 0.000 783.667798 0 100.000
-49.688 78.177 741.685 0.570 -0.072 -0.692 -0.437 50.000 0.000 783.870174 0 100.000
-46.651 81.562 743.842 0.518 0.021 -0.699 -0.492 50.000 0.000 783.970848 0 100.000
-47.873 80.627 747.202 -0.067 -0.450 0.536 0.711 50.000 0.000 784.044758 0 100.000
-47.313 81.619 751.520 -0.220 -0.349 0.605 0.681 50.000 0.000 784.134079 0 100.000
-48.784 80.385 758.326 0.529 -0.000 -0.699 -0.482 50.000 0.000 784.275506 0 100.000
-46.656 83.861 764.486 -0.289 -0.273 0.648 0.650 50.000 0.000 784.423217 0 100.000
-43.881 87.222 767.172 -0.166 -0.411 0.572 0.690 50.000 0.000 784.525621 0 100.000
-45.313 85.848 770.766 0.255 -0.657 0.236 0.669 50.000 0.000 784.607717 0 100.000
-41.874 89.729 770.812 0.617 -0.067 -0.695 -0.364 50.000 0.000 784.711431 0 100.000
-41.755 90.416 773.236 -0.454 -0.155 0.684 0.550 50.000 0.000 784.761876 0 100.000
-37.978 97.081 785.436 -0.184 -0.443 0.554 0.681 50.000 0.000 785.049990 0 100.000
-37.294 98.137 786.855 -0.407 -0.242 0.662 0.581 50.000 0.000 785.087931 0 100.000
-42.149 92.877 791.060 -0.387 -0.207 0.664 0.605 50.000 0.000 785.253987 0 100.000
-33.060 106.291 797.802 -0.433 -0.251 0.650 0.572 50.000 0.000 785.605003 0 100.000
-33.403 105.816 798.286 -0.431 -0.249 0.651 0.574 50.000 0.000 785.620187 0 100.000
-36.010 102.143 799.751 -0.419 -0.230 0.656 0.584 50.000 0.000 785.714921 0 100.000
-30.237 112.239 810.365 -0.444 -0.257 0.652 0.558 50.000 0.000 786.029819 0 100.000
-34.875 105.414 812.670 -0.421 -0.225 0.660 0.581 50.000 0.000 786.201163 0 100.000
-27.455 118.356 820.674 -0.460 -0.261 0.649 0.547 50.000 0.000 786.539746 0 100.000
-35.129 107.360 825.298 -0.418 -0.210 0.659 0.589 50.000 0.000 786.823422 0 100.000
-35.747 106.659 825.742 0.576 -0.006 -0.691 -0.436 50.000 0.000 786.844121 0 100.000
-25.324 124.646 829.723 -0.291 -0.431 0.546 0.656 50.000 0.000 787.267447 0 100.000
-23.629 127.742 834.030 -0.481 -0.272 0.639 0.535 50.000 0.000 787.378819 0 100.000
-29.630 117.355 837.333 -0.445 -0.229 0.654 0.568 50.000 0.000 787.627661 0 100.000
-25.499 124.927 842.270 -0.465 -0.251 0.650 0.546 50.000 0.000 787.826427 0 100.000
-22.505 131.881 851.245 -0.477 -0.267 0.650 0.529 50.000 0.000 788.061265 0 100.000
-18.551 142.140 859.390 -0.497 -0.294 0.643 0.503 50.000 0.000 788.334926 0 100.000
-17.941 143.922 860.303 0.501 0.300 -0.641 -0.498 50.000 0.000 788.376790 0 100.000
-17.313 145.971 862.085 0.504 0.305 -0.640 -0.494 50.000 0.000 788.432548 0 100.000
-17.223 146.354 862.878 -0.362 -0.459 0.541 0.605 50.000 0.000 788.450251 0 100.000
-16.835 147.298 872.503 0.647 0.075 -0.705 -0.280 50.000 0.000 788.643819 0 100.000
-15.638 153.790 876.091 0.565 0.238 -0.669 -0.421 50.000 0.000 788.794085 0 100.000
-14.761 160.228 885.991 0.002 -0.690 0.199 0.696 50.000 0.000 789.030939 0 100.000
-15.923 156.062 885.833 0.014 -0.685 0.210 0.697 50.000 0.000 789.117511 0 100.000
-17.644 150.906 885.409 0.030 -0.678 0.226 0.699 50.000 0.000 789.226547 0 100.000
-23.536 137.551 884.187 -0.499 -0.198 0.681 0.498 50.000 0.000 789.519507 0 100.000
-16.737 156.869 893.908 -0.479 -0.327 0.639 0.505 50.000 0.000 789.972899 0 100.000
-16.535 160.810 900.243 -0.236 -0.560 0.441 0.661 50.000 0.000 790.122169 0 100.000
-19.175 153.167 903.978 -0.306 -0.483 0.517 0.637 50.000 0.000 790.300312 0 100.000
-17.003 161.326 915.028 -0.488 -0.368 0.611 0.503 50.000 0.000 790.578440 0 100.000
-21.353 153.808 927.670 0.660 -0.026 -0.715 -0.228 50.000 0.000 790.885199 0 100.000
-28.638 143.961 927.625 0.568 0.060 -0.707 -0.417 50.000 0.000 791.130187 0 100.000
-17.059 173.742 931.813 0.543 0.296 -0.653 -0.437 50.000 0.000 791.774718 0 100.000
-17.593 181.203 946.259 -0.469 -0.395 0.605 0.508 50.000 0.000 792.100051 0 100.000
-17.568 182.388 948.413 -0.469 -0.400 0.603 0.506 50.000 0.000 792.149237 0 100.000
-17.668 183.023 950.496 0.524 0.330 -0.646 -0.447 50.000 0.000 792.192831 0 100.000
-19.577 179.505 955.924 -0.276 -0.552 0.472 0.630 50.000 0.000 792.327723 0 100.000
-18.671 183.827 961.107 -0.117 -0.669 0.280 0.679 50.000 0.000 792.463910 0 100.000
-19.048 182.050 961.930 -0.114 -0.669 0.281 0.679 50.000 0.000 792.503797 0 100.000
-28.491 154.667 962.157 -0.195 -0.517 0.498 0.669 50.000 0.000 793.083126 0 100.000
-20.586 176.068 971.052 -0.460 -0.426 0.585 0.515 50.000 0.000 793.572850 0 100.000
-20.721 176.198 972.320 -0.458 -0.428 0.582 0.518 50.000 0.000 793.598494 0 100.000
-21.142 175.931 974.591 -0.456 -0.427 0.576 0.527 50.000 0.000 793.644989 0 100.000
-22.124 174.267 978.970 -0.448 -0.423 0.574 0.539 50.000 0.000 793.740725 0 100.000
-22.554 173.234 980.929 -0.330 -0.525 0.485 0.617 50.000 0.000 793.785839 0 100.000
-22.816 174.529 991.710 -0.370 -0.515 0.508 0.583 50.000 0.000 794.003071 0 100.000
-22.979 174.263 993.104 -0.365 -0.519 0.504 0.586 50.000 0.000 794.031637 0 100.000
-24.683 169.404 1001.268 -0.348 -0.518 0.507 0.595 50.000 0.000 794.224674 0 100.000
-25.165 167.827 1002.499 0.579 0.225 -0.688 -0.375 50.000 0.000 794.265837 0 100.000
-36.629 146.533 1006.469 0.511 0.141 -0.700 -0.478 50.000 0.000 794.755998 0 100.000
-29.864 123.541 1003.166 0.589 0.227 -0.679 -0.375 50.000 0.000 795.239866 0 100.000
-32.589 108.089 995.207 0.569 0.197 -0.684 -0.411 50.000 0.000 795.591732 0 100.000
-31.704 110.514 994.051 -0.329 -0.491 0.517 0.620 50.000 0.000 795.648294 0 100.000
-29.005 118.110 985.125 -0.355 -0.499 0.503 0.610 50.000 0.000 795.888840 0 100.000
-28.775 118.668 983.632 -0.360 -0.496 0.505 0.608 50.000 0.000 795.921043 0 100.000
-30.442 112.787 975.673 -0.296 -0.502 0.501 0.640 50.000 0.000 796.121750 0 100.000
-29.377 115.370 974.996 -0.419 -0.407 0.584 0.564 50.000 0.000 796.179243 0 100.000
-27.047 121.058 970.625 -0.438 -0.423 0.577 0.544 50.000 0.000 796.330090 0 100.000
-26.801 120.333 966.633 -0.441 -0.418 0.579 0.543 50.000 0.000 796.411398 0 100.000
-26.985 118.973 964.716 -0.439 -0.413 0.582 0.546 50.000 0.000 796.458547 0 100.000
-31.538 108.017 955.448 -0.206 -0.525 0.473 0.678 50.000 0.000 796.759634 0 100.000
-26.437 123.240 954.728 -0.087 -0.644 0.305 0.696 50.000 0.000 797.081041 0 100.000
-31.741 111.022 952.574 -0.043 -0.613 0.354 0.705 50.000 0.000 797.350897 0 100.000
-23.879 132.236 948.853 -0.280 -0.557 0.447 0.642 50.000 0.000 797.809460 0 100.000
-27.576 118.183 940.800 -0.488 -0.288 0.642 0.517 50.000 0.000 798.141721 0 100.000
-25.675 122.464 940.157 -0.437 -0.377 0.598 0.556 50.000 0.000 798.236288 0 100.000
-24.248 126.010 939.421 -0.449 -0.388 0.596 0.542 50.000 0.000 798.314141 0 100.000
-25.716 113.666 924.527 0.514 0.271 -0.649 -0.491 50.000 0.000 798.702148 0 100.000
-23.282 118.475 924.219 0.625 0.136 -0.696 -0.327 50.000 0.000 798.810127 0 100.000
-27.741 101.294 920.735 0.671 -0.046 -0.701 -0.239 50.000 0.000 799.171916 0 100.000
-26.484 100.387 908.857 -0.441 -0.343 0.613 0.558 50.000 0.000 799.411479 0 100.000
-23.679 109.008 899.666 -0.306 -0.500 0.496 0.641 50.000 0.000 799.669669 0 100.000
-22.102 115.538 894.801 -0.237 -0.564 0.425 0.667 50.000 0.000 799.835569 0 100.000
-24.844 106.340 884.720 -0.466 -0.322 0.620 0.543 50.000 0.000 800.113948 0 100.000
-25.327 102.857 875.887 0.536 0.241 -0.650 -0.482 50.000 0.000 800.304097 0 100.000
-26.755 100.241 875.147 0.034 -0.645 0.251 0.721 50.000 0.000 800.365515 0 100.000
-28.395 97.239 874.550 0.046 -0.637 0.265 0.722 50.000 0.000 800.434969 0 100.000
-26.220 102.695 874.500 0.031 -0.645 0.248 0.722 50.000 0.000 800.552450 0 100.000
-29.528 93.472 864.871 0.534 0.194 -0.656 -0.497 50.000 0.000 800.827205 0 100.000
-32.475 84.366 860.180 0.640 0.009 -0.680 -0.359 50.000 0.000 801.040382 0 100.000
-32.744 87.648 849.527 -0.321 -0.399 0.547 0.663 50.000 0.000 801.263393 0 100.000
-33.269 86.690 848.685 -0.468 -0.254 0.627 0.569 50.000 0.000 801.290970 0 100.000
-34.812 83.985 846.908 -0.462 -0.244 0.630 0.575 50.000 0.000 801.362696 0 100.000
-35.491 82.901 846.042 -0.460 -0.239 0.632 0.576 50.000 0.000 801.393589 0 100.000
-36.445 81.654 838.609 -0.462 -0.242 0.629 0.577 50.000 0.000 801.545518 0 100.000
-38.979 78.110 830.604 -0.457 -0.236 0.630 0.582 50.000 0.000 801.727802 0 100.000
-40.511 76.050 826.773 -0.453 -0.231 0.631 0.585 50.000 0.000 801.820035 0 100.000
-41.889 74.257 822.767 -0.449 -0.230 0.632 0.589 50.000 0.000 801.912040 0 100.000
-41.276 77.538 817.938 -0.282 -0.395 0.544 0.684 50.000 0.000 802.029447 0 100.000
-44.023 71.830 815.124 0.609 0.017 -0.672 -0.422 50.000 0.000 802.168075 0 100.000
-44.240 71.571 814.493 -0.444 -0.229 0.632 0.593 50.000 0.000 802.182396 0 100.000
-45.921 69.833 807.672 -0.442 -0.228 0.632 0.593 50.000 0.000 802.327138 0 100.000
-48.094 67.631 800.269 -0.438 -0.228 0.633 0.597 50.000 0.000 802.487606 0 100.000
-48.924 66.901 796.788 -0.435 -0.230 0.632 0.598 50.000 0.000 802.560653 0 100.000
-51.049 65.176 787.737 -0.433 -0.232 0.632 0.599 50.000 0.000 802.749779 0 100.000
-51.535 64.803 785.872 -0.430 -0.235 0.631 0.601 50.000 0.000 802.789042 0 100.000
-51.661 64.689 785.336 -0.429 -0.236 0.631 0.601 50.000 0.000 802.800282 0 100.000
-53.027 63.745 778.925 -0.429 -0.237 0.631 0.601 50.000 0.000 802.932720 0 100.000
-54.407 63.007 772.137 -0.426 -0.243 0.630 0.602 50.000 0.000 803.072040 0 100.000
-54.446 63.972 769.783 -0.214 -0.429 0.523 0.705 50.000 0.000 803.122933 0 100.000
-56.723 61.709 759.989 -0.489 -0.182 0.652 0.550 50.000 0.000 803.329073 0 100.000
-57.289 60.417 758.057 0.653 -0.046 -0.674 -0.342 50.000 0.000 803.376917 0 100.000
-57.352 60.961 758.287 0.200 -0.647 0.199 0.708 50.000 0.000 803.388782 0 100.000
-57.629 62.546 753.041 -0.220 -0.427 0.527 0.701 50.000 0.000 803.498528 0 100.000
-58.101 62.403 750.703 -0.350 -0.316 0.600 0.646 50.000 0.000 803.546322 0 100.000
-60.775 58.503 745.278 0.585 0.049 -0.675 -0.448 50.000 0.000 803.690253 0 100.000
-61.461 59.311 738.777 -0.272 -0.381 0.560 0.683 50.000 0.000 803.821998 0 100.000
-60.968 61.368 734.468 -0.136 -0.477 0.485 0.720 50.000 0.000 803.918002 0 100.000
-62.753 59.040 730.884 0.565 0.060 -0.676 -0.468 50.000 0.000 804.010640 0 100.000
-63.367 58.140 729.688 0.622 -0.024 -0.678 -0.391 50.000 0.000 804.043001 0 100.000
-64.018 58.913 720.076 -0.266 -0.375 0.568 0.683 50.000 0.000 804.236293 0 100.000
-64.036 59.488 715.843 -0.220 -0.406 0.546 0.699 50.000 0.000 804.321737 0 100.000
-62.633 61.803 713.000 -0.012 -0.541 0.415 0.731 50.000 0.000 804.400250 0 100.000
-64.523 59.482 709.553 0.586 0.010 -0.680 -0.440 50.000 0.000 804.491558 0 100.000
-63.871 60.413 709.392 0.159 -0.623 0.276 0.715 50.000 0.000 804.514509 0 100.000
-64.912 59.528 703.644 -0.425 -0.214 0.646 0.596 50.000 0.000 804.632670 0 100.000
-64.090 60.752 702.460 0.086 -0.589 0.342 0.727 50.000 0.000 804.670489 0 100.000
-65.337 59.519 697.752 -0.480 -0.148 0.665 0.553 50.000 0.000 804.770965 0 100.000
-65.892 60.024 685.486 -0.301 -0.328 0.597 0.668 50.000 0.000 805.016747 0 100.000
-67.079 59.174 679.659 -0.468 -0.166 0.660 0.564 50.000 0.000 805.136881 0 100.000
-65.666 60.928 679.859 0.232 -0.644 0.221 0.694 50.000 0.000 805.182111 0 100.000
-67.412 58.985 677.704 0.640 -0.082 -0.676 -0.357 50.000 0.000 805.249837 0 100.000
-69.692 57.337 667.229 -0.463 -0.185 0.655 0.568 50.000 0.000 805.466769 0 100.000
-69.848 57.372 665.641 -0.365 -0.288 0.616 0.636 50.000 0.000 805.498687 0 100.000
-69.975 57.368 664.535 -0.365 -0.289 0.616 0.636 50.000 0.000 805.520941 0 100.000
-72.281 57.470 643.406 -0.366 -0.291 0.614 0.636 50.000 0.000 805.946040 0 100.000
-73.363 57.552 633.259 -0.365 -0.293 0.613 0.636 50.000 0.000 806.150147 0 100.000
-74.360 57.916 622.094 -0.362 -0.299 0.610 0.639 50.000 0.000 806.374450 0 100.000
-75.259 58.366 611.200 -0.343 -0.315 0.602 0.649 50.000 0.000 806.593253 0 100.000
-75.316 58.410 610.396 -0.343 -0.316 0.601 0.649 50.000 0.000 806.609408 0 100.000
-76.160 58.639 601.371 -0.342 -0.315 0.601 0.650 50.000 0.000 806.790749 0 100.000
-76.324 58.649 599.828 -0.341 -0.315 0.601 0.650 50.000 0.000 806.821769 0 100.000
-76.685 58.972 594.553 -0.341 -0.316 0.601 0.650 50.000 0.000 806.927719 0 100.000
-111.705 85.976 101.113 -0.321 -0.311 0.614 0.650 50.000 0.000 816.836070 0 100.000
-111.802 85.795 98.627 -0.318 -0.313 0.616 0.649 50.000 0.000 816.885955 0 100.000
-112.185 85.097 71.664 -0.321 -0.309 0.636 0.630 50.000 0.000 817.425456 0 100.000
-114.982 81.606 2.315 -0.297 -0.304 0.647 0.632 50.000 0.000 818.815313 0 100.000
-126.386 59.714 2.020 -0.375 -0.383 0.603 0.591 50.000 0.000 819.309035 0 100.000
-126.306 59.837 70.632 -0.386 -0.373 0.600 0.594 50.000 0.000 820.681278 0 100.000
-125.766 61.253 97.828 -0.387 -0.376 0.580 0.610 50.000 0.000 821.226053 0 100.000
-125.938 60.938 100.418 -0.388 -0.374 0.579 0.612 50.000 0.000 821.278341 0 100.000
-86.819 41.194 589.950 -0.404 -0.373 0.567 0.613 50.000 0.000 831.108137 0 100.000
-86.235 41.405 594.901 -0.405 -0.374 0.566 0.613 50.000 0.000 831.207929 0 100.000
-86.141 41.260 596.467 -0.405 -0.374 0.566 0.613 50.000 0.000 831.239439 0 100.000
-85.420 40.852 605.497 -0.404 -0.374 0.566 0.613 50.000 0.000 831.420789 0 100.000
-85.340 40.867 606.237 -0.404 -0.374 0.566 0.614 50.000 0.000 831.435686 0 100.000
-84.366 40.621 617.097 -0.421 -0.360 0.575 0.602 50.000 0.000 831.653817 0 100.000
-83.230 40.781 627.889 -0.425 -0.356 0.577 0.600 50.000 0.000 831.870866 0 100.000
-82.242 40.759 637.860 -0.424 -0.355 0.577 0.601 50.000 0.000 832.071267 0 100.000
-80.220 40.647 658.602 -0.422 -0.354 0.578 0.602 50.000 0.000 832.488089 0 100.000
-80.070 40.770 659.556 -0.422 -0.354 0.577 0.603 50.000 0.000 832.507544 0 100.000
-79.887 40.860 660.984 0.518 0.252 -0.628 -0.523 50.000 0.000 832.536400 0 100.000
-78.184 42.403 671.110 0.681 -0.029 -0.677 -0.278 50.000 0.000 832.744079 0 100.000
-76.847 44.844 672.715 0.146 -0.655 0.169 0.722 50.000 0.000 832.808331 0 100.000
-77.949 42.476 673.213 0.521 0.232 -0.637 -0.519 50.000 0.000 832.861517 0 100.000
-76.755 43.820 678.496 -0.359 -0.393 0.551 0.643 50.000 0.000 832.973130 0 100.000
-75.832 43.018 690.512 0.534 0.217 -0.640 -0.507 50.000 0.000 833.214690 0 100.000
-74.842 43.970 695.202 0.002 -0.611 0.289 0.737 50.000 0.000 833.312437 0 100.000
-75.155 42.989 696.232 -0.480 -0.285 0.612 0.560 50.000 0.000 833.341566 0 100.000
-74.087 43.772 701.769 0.070 -0.637 0.222 0.735 50.000 0.000 833.455446 0 100.000
-74.434 42.870 702.095 0.637 0.074 -0.670 -0.374 50.000 0.000 833.475840 0 100.000
-73.297 44.526 705.110 -0.090 -0.571 0.360 0.732 50.000 0.000 833.548307 0 100.000
-73.355 43.416 707.667 -0.286 -0.465 0.485 0.683 50.000 0.000 833.604048 0 100.000
-72.681 43.439 711.508 -0.332 -0.441 0.505 0.664 50.000 0.000 833.682062 0 100.000
-70.346 45.217 719.493 0.684 0.058 -0.659 -0.309 50.000 0.000 833.852201 0 100.000
-69.631 46.476 720.672 0.632 0.149 -0.645 -0.402 50.000 0.000 833.889545 0 100.000
-68.440 47.721 723.886 -0.222 -0.525 0.404 0.716 50.000 0.000 833.962480 0 100.000
-67.244 48.850 726.927 -0.357 -0.458 0.467 0.667 50.000 0.000 834.031632 0 100.000
-65.473 50.006 732.093 0.664 0.158 -0.627 -0.374 50.000 0.000 834.143267 0 100.000
-62.853 53.783 737.080 -0.438 -0.409 0.502 0.623 50.000 0.000 834.278911 0 100.000
-62.042 54.670 738.956 -0.321 -0.496 0.414 0.692 50.000 0.000 834.323472 0 100.000
-60.756 54.675 743.387 0.069 -0.634 0.089 0.765 50.000 0.000 834.415753 0 100.000
-61.627 52.239 742.560 0.731 0.061 -0.634 -0.245 50.000 0.000 834.470074 0 100.000
-60.140 55.343 744.815 0.580 0.300 -0.565 -0.504 50.000 0.000 834.552358 0 100.000
-55.979 59.655 754.743 -0.331 -0.504 0.392 0.694 50.000 0.000 834.784288 0 100.000
-55.402 59.412 756.863 0.528 0.367 -0.520 -0.562 50.000 0.000 834.828509 0 100.000
-52.778 61.502 763.865 0.535 0.368 -0.519 -0.556 50.000 0.000 834.983787 0 100.000
-50.304 63.530 770.601 0.539 0.372 -0.516 -0.552 50.000 0.000 835.132918 0 100.000
-50.093 63.739 771.180 0.539 0.373 -0.516 -0.552 50.000 0.000 835.145938 0 100.000
-49.351 64.461 773.277 0.542 0.373 -0.517 -0.548 50.000 0.000 835.192708 0 100.000
-45.676 67.901 783.764 0.547 0.381 -0.516 -0.538 50.000 0.000 835.425356 0 100.000
-44.192 69.605 788.318 0.549 0.386 -0.516 -0.532 50.000 0.000 835.527043 0 100.000
-41.162 72.857 797.623 0.553 0.395 -0.518 -0.520 50.000 0.000 835.733285 0 100.000
-39.173 73.179 803.483 0.554 0.390 -0.516 -0.525 50.000 0.000 835.857216 0 100.000
-38.953 73.293 804.146 0.704 0.181 -0.620 -0.294 50.000 0.000 835.871360 0 100.000
-37.687 76.007 807.111 -0.398 -0.509 0.400 0.650 50.000 0.000 835.955658 0 100.000
-36.476 74.928 812.143 0.559 0.387 -0.518 -0.518 50.000 0.000 836.061396 0 100.000
-35.217 75.838 816.400 0.560 0.387 -0.519 -0.516 50.000 0.000 836.152031 0 100.000
-34.014 76.642 820.515 0.562 0.387 -0.521 -0.513 50.000 0.000 836.239266 0 100.000
-31.588 78.365 829.465 0.562 0.388 -0.525 -0.508 50.000 0.000 836.427892 0 100.000
-29.476 80.051 838.015 0.560 0.392 -0.529 -0.503 50.000 0.000 836.607241 0 100.000
-29.253 80.213 838.945 0.560 0.392 -0.529 -0.503 50.000 0.000 836.626642 0 100.000
-28.777 80.543 840.956 0.559 0.393 -0.530 -0.502 50.000 0.000 836.668489 0 100.000
-28.538 80.744 841.992 -0.422 -0.510 0.421 0.621 50.000 0.000 836.690126 0 100.000
-26.338 78.201 855.910 0.703 0.151 -0.658 -0.225 50.000 0.000 836.976511 0 100.000
-25.182 83.155 861.075 0.607 0.327 -0.598 -0.408 50.000 0.000 837.121494 0 100.000
-23.650 86.928 871.651 -0.082 -0.677 0.143 0.718 50.000 0.000 837.348148 0 100.000
-23.686 85.995 872.073 -0.083 -0.677 0.142 0.717 50.000 0.000 837.368639 0 100.000
-23.709 85.437 872.316 -0.083 -0.677 0.142 0.717 50.000 0.000 837.380821 0 100.000
-23.748 84.497 872.721 0.589 0.347 -0.599 -0.417 50.000 0.000 837.401306 0 100.000
-22.765 87.913 881.868 0.527 0.425 -0.554 -0.485 50.000 0.000 837.597560 0 100.000
-22.229 89.764 891.726 -0.298 -0.612 0.349 0.644 50.000 0.000 837.798466 0 100.000
-22.357 86.565 898.248 -0.370 -0.573 0.416 0.602 50.000 0.000 837.943768 0 100.000
-22.678 83.282 909.210 0.511 0.451 -0.551 -0.481 50.000 0.000 838.172712 0 100.000
-23.223 84.514 922.444 0.689 0.064 -0.713 -0.113 50.000 0.000 838.438753 0 100.000
-23.065 89.489 924.016 0.649 0.206 -0.686 -0.256 50.000 0.000 838.543155 0 100.000
-23.134 91.150 926.057 0.565 0.366 -0.616 -0.409 50.000 0.000 838.595789 0 100.000
-24.735 89.794 937.744 -0.476 -0.439 0.562 0.514 50.000 0.000 838.833283 0 100.000
-25.136 88.525 939.225 -0.471 -0.436 0.564 0.520 50.000 0.000 838.873106 0 100.000
-25.610 86.989 940.662 0.529 0.357 -0.616 -0.462 50.000 0.000 838.916222 0 100.000
-30.871 72.070 942.087 -0.243 -0.528 0.458 0.673 50.000 0.000 839.233894 0 100.000
-28.640 78.037 949.702 -0.103 -0.645 0.288 0.700 50.000 0.000 839.432450 0 100.000
-27.670 81.258 951.539 -0.117 -0.656 0.274 0.694 50.000 0.000 839.509114 0 100.000
-26.682 85.320 955.895 -0.289 -0.603 0.388 0.635 50.000 0.000 839.629861 0 100.000
-27.397 83.235 964.030 -0.472 -0.465 0.549 0.509 50.000 0.000 839.798411 0 100.000
-27.613 82.786 965.457 -0.470 -0.465 0.549 0.511 50.000 0.000 839.828647 0 100.000
-28.157 81.538 968.670 -0.465 -0.462 0.549 0.518 50.000 0.000 839.898434 0 100.000
-29.227 78.421 973.448 -0.455 -0.454 0.553 0.530 50.000 0.000 840.014523 0 100.000
-29.595 77.211 974.629 -0.342 -0.548 0.459 0.610 50.000 0.000 840.049132 0 100.000
-30.457 75.126 983.023 -0.379 -0.523 0.487 0.587 50.000 0.000 840.222975 0 100.000
-30.649 74.589 984.198 -0.376 -0.524 0.486 0.590 50.000 0.000 840.249090 0 100.000
-32.003 70.413 991.722 -0.367 -0.520 0.489 0.596 50.000 0.000 840.423313 0 100.000
-32.223 69.735 992.913 0.598 0.239 -0.672 -0.365 50.000 0.000 840.451074 0 100.000
-40.006 53.711 993.513 0.562 0.166 -0.671 -0.455 50.000 0.000 840.807545 0 100.000
-32.676 41.358 1002.382 0.617 0.298 -0.663 -0.300 50.000 0.000 841.145183 0 100.000
-32.060 35.994 995.178 0.619 0.300 -0.662 -0.299 50.000 0.000 841.325248 0 100.000
-31.918 36.316 993.892 0.415 0.568 -0.453 -0.548 50.000 0.000 841.351925 0 100.000
-31.068 38.243 986.259 0.415 0.568 -0.454 -0.547 50.000 0.000 841.510276 0 100.000
-30.924 38.570 984.930 0.416 0.568 -0.454 -0.547 50.000 0.000 841.537803 0 100.000
-29.951 41.572 976.075 0.383 0.592 -0.419 -0.573 50.000 0.000 841.725807 0 100.000
-29.798 41.517 974.519 -0.484 -0.502 0.523 0.490 50.000 0.000 841.757106 0 100.000
-29.223 41.017 968.720 -0.485 -0.499 0.524 0.492 50.000 0.000 841.874076 0 100.000
-28.850 40.931 965.199 -0.485 -0.498 0.525 0.491 50.000 0.000 841.944915 0 100.000
-28.694 40.975 963.782 -0.486 -0.498 0.525 0.490 50.000 0.000 841.973440 0 100.000
-27.777 45.834 955.999 0.317 0.632 -0.350 -0.614 50.000 0.000 842.157853 0 100.000
-27.409 49.493 953.443 0.180 0.690 -0.213 -0.667 50.000 0.000 842.247421 0 100.000
-27.290 50.620 952.567 0.180 0.690 -0.213 -0.668 50.000 0.000 842.276073 0 100.000
-26.595 53.700 946.576 0.332 0.619 -0.369 -0.609 50.000 0.000 842.411516 0 100.000
-26.119 52.110 941.360 0.552 0.414 -0.589 -0.421 50.000 0.000 842.520998 0 100.000
-25.941 52.074 939.479 -0.493 -0.487 0.529 0.489 50.000 0.000 842.558792 0 100.000
-25.769 52.061 937.436 -0.495 -0.486 0.528 0.490 50.000 0.000 842.599785 0 100.000
-24.873 47.358 924.184 0.570 0.394 -0.597 -0.404 50.000 0.000 842.881594 0 100.000
-24.801 45.397 922.365 0.656 0.226 -0.679 -0.241 50.000 0.000 842.935115 0 100.000
-24.866 39.875 920.920 0.693 0.076 -0.711 -0.092 50.000 0.000 843.049287 0 100.000
-24.421 38.994 906.940 0.510 0.476 -0.525 -0.488 50.000 0.000 843.329593 0 100.000
-24.400 43.152 894.984 -0.372 -0.586 0.385 0.608 50.000 0.000 843.582757 0 100.000
-24.569 47.060 887.794 -0.306 -0.618 0.320 0.649 50.000 0.000 843.746464 0 100.000
-25.372 46.038 877.423 0.529 0.451 -0.520 -0.496 50.000 0.000 843.955512 0 100.000
-26.614 43.047 867.633 0.596 0.374 -0.568 -0.427 50.000 0.000 844.161746 0 100.000
-26.654 44.036 867.129 -0.112 -0.667 0.131 0.725 50.000 0.000 844.183952 0 100.000
-26.675 44.625 866.835 -0.111 -0.667 0.131 0.725 50.000 0.000 844.197130 0 100.000
-26.699 45.623 866.358 -0.109 -0.667 0.130 0.726 50.000 0.000 844.219259 0 100.000
-28.467 42.002 856.700 0.611 0.354 -0.572 -0.418 50.000 0.000 844.428565 0 100.000
-29.483 36.926 852.488 0.712 0.166 -0.648 -0.214 50.000 0.000 844.562035 0 100.000
-32.631 41.208 837.614 -0.426 -0.526 0.387 0.627 50.000 0.000 844.877935 0 100.000
-32.914 41.147 836.500 0.560 0.421 -0.497 -0.512 50.000 0.000 844.900949 0 100.000
-33.499 41.124 834.224 0.562 0.420 -0.495 -0.513 50.000 0.000 844.947954 0 100.000
-33.776 41.144 833.151 0.563 0.420 -0.494 -0.513 50.000 0.000 844.970120 0 100.000
-36.354 40.707 824.133 0.566 0.418 -0.487 -0.517 50.000 0.000 845.157906 0 100.000
-39.042 40.408 816.057 0.566 0.422 -0.483 -0.518 50.000 0.000 845.328245 0 100.000
-40.868 39.067 809.785 0.568 0.413 -0.478 -0.527 50.000 0.000 845.461623 0 100.000
-42.790 37.703 803.791 0.569 0.407 -0.474 -0.535 50.000 0.000 845.590428 0 100.000
-44.772 38.875 797.469 -0.415 -0.507 0.358 0.665 50.000 0.000 845.725002 0 100.000
-46.077 35.954 794.371 0.730 0.196 -0.587 -0.290 50.000 0.000 845.814055 0 100.000
-46.371 35.806 793.537 0.568 0.402 -0.470 -0.544 50.000 0.000 845.831988 0 100.000
-49.317 34.735 785.385 0.569 0.398 -0.468 -0.547 50.000 0.000 846.006667 0 100.000
-52.460 33.538 777.027 0.567 0.396 -0.466 -0.552 50.000 0.000 846.186855 0 100.000
-54.001 32.963 772.971 0.565 0.395 -0.464 -0.555 50.000 0.000 846.274374 0 100.000
-57.710 32.189 763.380 0.563 0.396 -0.464 -0.557 50.000 0.000 846.480634 0 100.000
-58.472 31.761 761.485 0.560 0.397 -0.463 -0.561 50.000 0.000 846.522365 0 100.000
-58.673 31.682 760.995 0.560 0.397 -0.463 -0.561 50.000 0.000 846.533087 0 100.000
-61.473 30.870 753.663 0.560 0.394 -0.463 -0.563 50.000 0.000 846.690879 0 100.000
-64.210 30.341 746.614 0.556 0.397 -0.461 -0.566 50.000 0.000 846.842474 0 100.000
-65.184 31.325 743.660 -0.374 -0.508 0.334 0.700 50.000 0.000 846.907728 0 100.000
-69.092 28.574 734.217 0.616 0.340 -0.507 -0.498 50.000 0.000 847.119412 0 100.000
-70.222 25.288 731.944 0.773 0.089 -0.600 -0.187 50.000 0.000 847.202452 0 100.000
-69.844 27.625 732.367 -0.007 -0.606 0.064 0.793 50.000 0.000 847.250546 0 100.000
-71.561 28.974 727.036 -0.370 -0.504 0.349 0.698 50.000 0.000 847.365780 0 100.000
-72.285 28.856 725.040 -0.481 -0.437 0.431 0.626 50.000 0.000 847.408296 0 100.000
-74.019 26.982 721.042 0.714 0.205 -0.581 -0.331 50.000 0.000 847.503168 0 100.000
-75.679 27.307 715.754 -0.412 -0.487 0.391 0.664 50.000 0.000 847.614221 0 100.000
-76.366 28.616 712.767 -0.295 -0.543 0.327 0.715 50.000 0.000 847.680870 0 100.000
-77.444 26.330 710.402 0.686 0.205 -0.602 -0.352 50.000 0.000 847.750097 0 100.000
-77.891 25.008 709.521 0.734 0.108 -0.627 -0.237 50.000 0.000 847.783108 0 100.000
-79.417 25.091 703.679 -0.392 -0.491 0.432 0.647 50.000 0.000 847.903894 0 100.000
-79.948 25.594 700.850 -0.350 -0.514 0.415 0.664 50.000 0.000 847.962319 0 100.000
-80.031 27.335 698.392 -0.175 -0.597 0.293 0.726 50.000 0.000 848.022585 0 100.000
-80.910 25.237 696.021 0.684 0.137 -0.652 -0.298 50.000 0.000 848.088305 0 100.000
-80.772 26.160 695.660 -0.027 -0.646 0.165 0.745 50.000 0.000 848.108327 0 100.000
-81.727 25.248 690.811 0.532 0.356 -0.566 -0.519 50.000 0.000 848.208832 0 100.000
-81.612 26.572 689.628 -0.090 -0.630 0.230 0.737 50.000 0.000 848.244413 0 100.000
-82.419 25.469 685.425 0.586 0.287 -0.607 -0.455 50.000 0.000 848.332807 0 100.000
-83.600 26.207 673.765 -0.415 -0.455 0.496 0.612 50.000 0.000 848.567671 0 100.000
-84.355 25.261 668.469 0.574 0.301 -0.603 -0.466 50.000 0.000 848.676316 0 100.000
-83.911 27.129 668.200 0.051 -0.664 0.117 0.737 50.000 0.000 848.715088 0 100.000
-84.560 25.062 666.647 0.715 0.027 -0.674 -0.187 50.000 0.000 848.768409 0 100.000
-85.882 23.030 657.227 0.569 0.319 -0.595 -0.470 50.000 0.000 848.962942 0 100.000
-86.029 23.005 655.727 -0.477 -0.419 0.530 0.562 50.000 0.000 848.993081 0 100.000
-86.125 23.046 654.625 -0.478 -0.419 0.530 0.562 50.000 0.000 849.015215 0 100.000
-88.094 22.606 634.613 -0.478 -0.418 0.532 0.560 50.000 0.000 849.417497 0 100.000
-88.968 22.798 624.599 -0.481 -0.418 0.533 0.557 50.000 0.000 849.618575 0 100.000
-89.981 22.731 613.755 -0.480 -0.420 0.530 0.558 50.000 0.000 849.836394 0 100.000
-90.925 22.968 603.138 -0.466 -0.433 0.521 0.569 50.000 0.000 850.049618 0 100.000
-90.998 22.971 602.343 -0.467 -0.432 0.521 0.569 50.000 0.000 850.065597 0 100.000
-91.824 22.863 593.727 -0.466 -0.432 0.523 0.568 50.000 0.000 850.238710 0 100.000
-91.961 22.888 592.205 -0.466 -0.431 0.524 0.568 50.000 0.000 850.269291 0 100.000
-92.363 23.282 587.063 -0.467 -0.432 0.523 0.567 50.000 0.000 850.372745 0 100.000
-134.565 34.114 99.760 -0.452 -0.434 0.535 0.567 50.000 0.000 860.157672 0 100.000
-134.578 33.904 97.329 -0.450 -0.434 0.538 0.565 50.000 0.000 860.206473 0 100.000
-134.492 33.866 70.428 -0.450 -0.438 0.554 0.546 50.000 0.000 860.744503 0 100.000
-134.518 33.828 1.871 -0.440 -0.448 0.556 0.545 50.000 0.000 862.115636 0 100.000
