28.843 -30.000 -74.285 0.043 -0.036 0.998 0.033 50.000 0.000 0.000000 0 100.000
13.622 -18.766 90.155 0.531 0.150 0.334 0.764 50.000 0.000 3.310494 0 100.000
12.156 -15.474 82.998 0.689 -0.555 0.403 -0.235 50.000 0.000 3.470775 0 100.000
11.968 -14.498 75.841 0.659 -0.595 0.341 -0.308 50.000 0.000 3.615271 0 100.000
12.107 -14.066 68.687 0.652 -0.603 0.327 -0.323 50.000 0.000 3.758648 0 100.000
12.310 -13.590 61.537 0.663 -0.614 0.304 -0.302 50.000 0.000 3.902022 0 100.000
12.531 -13.139 54.387 0.662 -0.615 0.303 -0.302 50.000 0.000 4.045371 0 100.000
12.675 -12.733 47.232 0.663 -0.614 0.305 -0.300 50.000 0.000 4.188727 0 100.000
12.820 -12.226 40.080 0.673 -0.625 0.281 -0.278 50.000 0.000 4.332157 0 100.000
13.041 -11.797 32.930 0.672 -0.626 0.278 -0.281 50.000 0.000 4.475490 0 100.000
13.233 -11.402 25.777 0.673 -0.636 0.262 -0.273 50.000 0.000 4.618815 0 100.000
13.582 -11.151 18.628 0.668 -0.640 0.251 -0.285 50.000 0.000 4.762048 0 100.000
14.097 -11.126 11.482 0.674 -0.647 0.232 -0.269 50.000 0.000 4.905351 0 100.000
14.437 -10.954 4.330 0.689 -0.643 0.237 -0.234 50.000 0.000 5.048580 0 100.000
14.353 -10.248 -2.828 0.696 -0.637 0.261 -0.202 50.000 0.000 5.192449 0 100.000
13.756 -9.341 -10.006 0.691 -0.642 0.248 -0.219 50.000 0.000 5.337649 0 100.000
14.083 -9.188 -17.159 0.685 -0.651 0.227 -0.237 50.000 0.000 5.480881 0 100.000
14.144 -8.819 -24.319 0.692 -0.660 0.212 -0.201 50.000 0.000 5.624276 0 100.000
14.068 -8.495 -31.487 0.693 -0.664 0.208 -0.187 50.000 0.000 5.767790 0 100.000
13.864 -8.168 -38.661 0.696 -0.673 0.191 -0.164 50.000 0.000 5.911483 0 100.000
13.647 -7.916 -45.838 0.695 -0.674 0.186 -0.169 50.000 0.000 6.055177 0 100.000
13.586 -7.754 -53.010 0.697 -0.684 0.165 -0.140 50.000 0.000 6.198650 0 100.000
13.206 -7.577 -60.197 0.695 -0.696 0.147 -0.106 50.000 0.000 6.342638 0 100.000
12.798 -7.523 -67.389 0.047 0.205 0.681 0.702 50.000 0.000 6.486708 0 100.000
41.234 -35.881 97.315 0.603 0.292 -0.224 -0.708 50.000 0.000 9.877289 0 100.000
44.031 -34.737 97.315 0.709 -0.223 -0.292 0.602 50.000 0.000 9.937717 0 100.000
15.597 -8.632 -67.279 0.702 -0.681 0.203 -0.048 50.000 0.000 13.318910 0 100.000
15.941 -8.852 -60.095 0.106 0.146 0.696 0.695 50.000 0.000 13.462826 0 100.000
16.234 -9.201 -52.916 0.140 0.164 0.684 0.697 50.000 0.000 13.606678 0 100.000
16.288 -9.378 -45.746 0.169 0.186 0.674 0.694 50.000 0.000 13.750143 0 100.000
16.402 -9.803 -38.578 0.164 0.190 0.673 0.696 50.000 0.000 13.893757 0 100.000
16.528 -10.240 -31.411 0.187 0.208 0.664 0.693 50.000 0.000 14.037395 0 100.000
16.543 -10.650 -24.248 0.201 0.212 0.660 0.692 50.000 0.000 14.180884 0 100.000
16.469 -11.034 -17.089 0.237 0.226 0.651 0.685 50.000 0.000 14.324276 0 100.000
16.097 -11.240 -9.940 0.220 0.248 0.642 0.691 50.000 0.000 14.467505 0 100.000
16.582 -12.287 -2.771 0.247 0.302 0.611 0.689 50.000 0.000 14.612730 0 100.000
16.632 -13.029 4.384 0.277 0.278 0.621 0.678 50.000 0.000 14.756612 0 100.000
16.229 -13.267 11.531 0.308 0.268 0.625 0.665 50.000 0.000 14.899847 0 100.000
15.632 -13.368 18.671 0.285 0.251 0.640 0.668 50.000 0.000 15.043168 0 100.000
15.271 -13.626 25.819 0.273 0.262 0.636 0.673 50.000 0.000 15.186403 0 100.000
15.058 -14.042 32.970 0.281 0.278 0.626 0.672 50.000 0.000 15.329731 0 100.000
14.751 -14.540 40.115 0.279 0.281 0.625 0.673 50.000 0.000 15.473095 0 100.000
14.592 -15.058 47.266 0.300 0.305 0.614 0.663 50.000 0.000 15.616527 0 100.000
14.402 -15.508 54.417 0.302 0.303 0.615 0.662 50.000 0.000 15.759888 0 100.000
14.093 -16.023 61.561 0.302 0.304 0.614 0.663 50.000 0.000 15.903266 0 100.000
13.882 -16.503 68.710 0.323 0.327 0.603 0.652 50.000 0.000 16.046641 0 100.000
13.686 -16.983 75.861 0.308 0.341 0.595 0.659 50.000 0.000 16.190022 0 100.000
13.746 -18.042 83.008 0.243 0.407 0.546 0.691 50.000 0.000 16.334540 0 100.000
15.268 -21.299 90.170 0.768 -0.333 0.153 -0.525 50.000 0.000 16.494806 0 100.000
31.864 -30.000 -74.285 -0.027 0.986 0.158 0.045 50.000 0.000 19.805179 0 100.000
34.886 -30.000 -74.285 0.037 -0.107 0.993 0.033 50.000 0.000 19.865607 0 100.000
16.861 -23.864 90.181 0.520 0.155 0.332 0.772 50.000 0.000 23.176883 0 100.000
15.418 -20.559 83.024 0.690 -0.546 0.407 -0.243 50.000 0.000 23.337161 0 100.000
15.358 -19.500 75.877 0.660 -0.587 0.345 -0.317 50.000 0.000 23.481679 0 100.000
15.617 -18.975 68.731 0.653 -0.595 0.332 -0.331 50.000 0.000 23.625076 0 100.000
15.910 -18.436 61.587 0.657 -0.600 0.322 -0.324 50.000 0.000 23.768479 0 100.000
16.220 -17.922 54.443 0.657 -0.600 0.322 -0.324 50.000 0.000 23.911857 0 100.000
16.474 -17.419 47.296 0.658 -0.599 0.324 -0.322 50.000 0.000 24.055235 0 100.000
16.713 -16.838 40.151 0.666 -0.606 0.308 -0.309 50.000 0.000 24.198696 0 100.000
17.021 -16.339 33.007 0.664 -0.607 0.305 -0.311 50.000 0.000 24.342061 0 100.000
17.305 -15.860 25.861 0.664 -0.615 0.293 -0.307 50.000 0.000 24.485412 0 100.000
17.727 -15.543 18.717 0.659 -0.620 0.283 -0.319 50.000 0.000 24.628669 0 100.000
18.302 -15.460 11.575 0.665 -0.625 0.268 -0.308 50.000 0.000 24.771980 0 100.000
18.738 -15.187 4.432 0.678 -0.621 0.278 -0.277 50.000 0.000 24.915227 0 100.000
18.755 -14.381 -2.719 0.689 -0.611 0.302 -0.247 50.000 0.000 25.059143 0 100.000
18.322 -13.284 -9.884 0.686 -0.617 0.285 -0.262 50.000 0.000 25.204374 0 100.000
18.733 -13.033 -17.030 0.677 -0.629 0.263 -0.277 50.000 0.000 25.347612 0 100.000
18.900 -12.538 -24.181 0.686 -0.636 0.254 -0.247 50.000 0.000 25.491019 0 100.000
18.941 -12.056 -31.339 0.689 -0.638 0.251 -0.235 50.000 0.000 25.634505 0 100.000
18.891 -11.512 -38.500 0.694 -0.650 0.230 -0.208 50.000 0.000 25.778139 0 100.000
18.803 -11.050 -45.665 0.692 -0.651 0.226 -0.213 50.000 0.000 25.921746 0 100.000
18.855 -10.701 -52.826 0.697 -0.656 0.214 -0.195 50.000 0.000 26.065139 0 100.000
18.641 -10.202 -59.996 0.701 -0.666 0.198 -0.164 50.000 0.000 26.208954 0 100.000
18.341 -9.890 -67.176 0.105 0.252 0.647 0.712 50.000 0.000 26.352805 0 100.000
46.827 -33.594 97.315 -0.456 -0.000 0.000 0.890 50.000 0.000 29.725079 0 100.000
49.624 -32.450 97.315 0.910 0.000 -0.000 0.415 50.000 0.000 29.785507 0 100.000
21.045 -11.224 -67.076 0.712 -0.648 0.250 -0.108 50.000 0.000 33.149545 0 100.000
21.184 -11.827 -59.913 0.164 0.197 0.666 0.701 50.000 0.000 33.293352 0 100.000
21.324 -12.430 -52.749 0.195 0.214 0.656 0.697 50.000 0.000 33.437162 0 100.000
21.237 -12.835 -45.591 0.213 0.226 0.651 0.692 50.000 0.000 33.580555 0 100.000
21.276 -13.366 -38.431 0.209 0.230 0.650 0.694 50.000 0.000 33.724163 0 100.000
21.207 -14.047 -31.279 0.235 0.251 0.638 0.689 50.000 0.000 33.867842 0 100.000
21.096 -14.611 -24.127 0.247 0.254 0.636 0.686 50.000 0.000 34.011348 0 100.000
20.909 -15.126 -16.977 0.277 0.263 0.629 0.677 50.000 0.000 34.154763 0 100.000
20.458 -15.415 -9.835 0.262 0.285 0.617 0.686 50.000 0.000 34.298018 0 100.000
20.699 -16.694 -2.684 0.247 0.302 0.611 0.689 50.000 0.000 34.443380 0 100.000
20.671 -17.509 4.466 0.277 0.278 0.621 0.678 50.000 0.000 34.587301 0 100.000
20.178 -17.828 11.606 0.308 0.268 0.625 0.665 50.000 0.000 34.730579 0 100.000
19.564 -17.939 18.745 0.319 0.283 0.620 0.659 50.000 0.000 34.873909 0 100.000
19.133 -18.262 25.888 0.307 0.293 0.615 0.664 50.000 0.000 35.017170 0 100.000
18.836 -18.752 33.033 0.311 0.305 0.607 0.664 50.000 0.000 35.160528 0 100.000
18.460 -19.298 40.172 0.309 0.308 0.606 0.665 50.000 0.000 35.303933 0 100.000
18.215 -19.885 47.317 0.321 0.324 0.599 0.658 50.000 0.000 35.447398 0 100.000
17.930 -20.412 54.462 0.324 0.322 0.600 0.657 50.000 0.000 35.590791 0 100.000
17.619 -20.927 61.605 0.324 0.322 0.600 0.657 50.000 0.000 35.734169 0 100.000
17.325 -21.466 68.749 0.331 0.332 0.595 0.653 50.000 0.000 35.877573 0 100.000
17.039 -22.010 75.893 0.317 0.345 0.587 0.660 50.000 0.000 36.020982 0 100.000
17.101 -23.068 83.041 0.244 0.407 0.546 0.690 50.000 0.000 36.165499 0 100.000
18.366 -26.484 90.186 0.771 -0.325 0.160 -0.523 50.000 0.000 36.325893 0 100.000
37.907 -30.000 -74.285 -0.032 0.935 0.351 0.035 50.000 0.000 39.639181 0 100.000
40.928 -30.000 -74.285 0.012 -0.443 0.895 0.046 50.000 0.000 39.699609 0 100.000
19.872 -29.104 90.191 0.518 0.162 0.324 0.775 50.000 0.000 43.016011 0 100.000
18.646 -25.663 83.049 0.690 -0.546 0.407 -0.244 50.000 0.000 43.176446 0 100.000
18.722 -24.519 75.910 0.660 -0.587 0.345 -0.317 50.000 0.000 43.321046 0 100.000
19.005 -23.977 68.766 0.653 -0.595 0.332 -0.331 50.000 0.000 43.464454 0 100.000
19.297 -23.439 61.622 0.657 -0.600 0.322 -0.324 50.000 0.000 43.607857 0 100.000
19.608 -22.924 54.478 0.657 -0.600 0.322 -0.324 50.000 0.000 43.751235 0 100.000
19.893 -22.397 47.334 0.658 -0.599 0.324 -0.321 50.000 0.000 43.894628 0 100.000
20.184 -21.778 40.192 0.665 -0.606 0.307 -0.309 50.000 0.000 44.038118 0 100.000
20.606 -21.200 33.055 0.664 -0.607 0.305 -0.311 50.000 0.000 44.181561 0 100.000
20.924 -20.694 25.912 0.664 -0.615 0.293 -0.307 50.000 0.000 44.324931 0 100.000
21.379 -20.355 18.771 0.658 -0.620 0.283 -0.319 50.000 0.000 44.468203 0 100.000
22.055 -20.196 11.636 0.657 -0.604 0.296 -0.339 50.000 0.000 44.611576 0 100.000
22.603 -19.831 4.500 0.669 -0.598 0.310 -0.313 50.000 0.000 44.754899 0 100.000
22.643 -19.006 -2.649 0.684 -0.584 0.333 -0.284 50.000 0.000 44.898827 0 100.000
22.474 -17.666 -9.794 0.688 -0.595 0.300 -0.286 50.000 0.000 45.044269 0 100.000
22.964 -17.340 -16.934 0.671 -0.611 0.288 -0.305 50.000 0.000 45.187548 0 100.000
23.229 -16.749 -24.078 0.680 -0.615 0.284 -0.281 50.000 0.000 45.331011 0 100.000
23.385 -16.140 -31.227 0.682 -0.617 0.285 -0.271 50.000 0.000 45.474540 0 100.000
23.478 -15.431 -38.376 0.694 -0.650 0.230 -0.209 50.000 0.000 45.618239 0 100.000
23.583 -14.735 -45.525 0.692 -0.651 0.226 -0.213 50.000 0.000 45.761911 0 100.000
23.708 -14.285 -52.680 0.694 -0.628 0.256 -0.242 50.000 0.000 45.905308 0 100.000
23.675 -13.534 -59.834 0.703 -0.641 0.231 -0.203 50.000 0.000 46.049184 0 100.000
23.544 -12.920 -66.997 0.151 0.278 0.622 0.716 50.000 0.000 46.192994 0 100.000
52.421 -31.306 97.315 0.511 0.000 0.000 -0.860 50.000 0.000 49.549807 0 100.000
55.217 -30.163 97.315 0.876 0.000 -0.000 0.483 50.000 0.000 49.610234 0 100.000
26.032 -14.631 -66.919 0.716 -0.623 0.275 -0.154 50.000 0.000 52.960808 0 100.000
26.037 -15.413 -59.767 0.204 0.231 0.641 0.703 50.000 0.000 53.104706 0 100.000
25.986 -16.261 -52.619 0.243 0.256 0.628 0.694 50.000 0.000 53.248665 0 100.000
25.675 -16.910 -45.479 0.246 0.252 0.629 0.693 50.000 0.000 53.392189 0 100.000
25.565 -17.612 -38.330 0.269 0.287 0.616 0.683 50.000 0.000 53.535865 0 100.000
25.465 -18.327 -31.181 0.271 0.285 0.617 0.682 50.000 0.000 53.679568 0 100.000
25.246 -18.997 -24.037 0.281 0.284 0.615 0.680 50.000 0.000 53.823143 0 100.000
24.959 -19.608 -16.895 0.305 0.288 0.611 0.671 50.000 0.000 53.966625 0 100.000
24.438 -19.960 -9.758 0.286 0.300 0.595 0.688 50.000 0.000 54.109927 0 100.000
24.582 -21.323 -2.614 0.284 0.333 0.584 0.684 50.000 0.000 54.255408 0 100.000
24.497 -22.185 4.532 0.313 0.310 0.598 0.669 50.000 0.000 54.399366 0 100.000
23.931 -22.564 11.666 0.339 0.296 0.604 0.657 50.000 0.000 54.542705 0 100.000
23.211 -22.757 18.798 0.343 0.303 0.602 0.654 50.000 0.000 54.686119 0 100.000
22.738 -23.110 25.938 0.332 0.313 0.597 0.660 50.000 0.000 54.829403 0 100.000
22.376 -23.649 33.078 0.332 0.322 0.591 0.660 50.000 0.000 54.972800 0 100.000
21.954 -24.227 40.215 0.330 0.325 0.590 0.661 50.000 0.000 55.116245 0 100.000
21.594 -24.893 47.352 0.337 0.336 0.586 0.656 50.000 0.000 55.259788 0 100.000
21.286 -25.437 54.495 0.339 0.334 0.587 0.655 50.000 0.000 55.403193 0 100.000
20.976 -25.951 61.638 0.339 0.334 0.587 0.655 50.000 0.000 55.546571 0 100.000
20.640 -26.516 68.779 0.332 0.332 0.595 0.653 50.000 0.000 55.689996 0 100.000
20.241 -27.130 75.916 0.317 0.345 0.587 0.660 50.000 0.000 55.833476 0 100.000
20.152 -28.283 83.054 0.244 0.407 0.546 0.690 50.000 0.000 55.978089 0 100.000
21.366 -31.730 90.195 0.779 -0.323 0.165 -0.512 50.000 0.000 56.138531 0 100.000
43.950 -30.000 -74.285 0.000 0.631 0.776 -0.000 50.000 0.000 59.459168 0 100.000
44.000 -27.029 -74.285 -0.043 -0.648 0.755 0.086 50.000 0.000 59.518601 0 100.000
22.890 -34.338 90.201 0.494 0.172 0.317 0.791 50.000 0.000 62.838520 0 100.000
21.649 -30.907 83.058 0.690 -0.546 0.407 -0.244 50.000 0.000 62.998936 0 100.000
21.744 -29.751 75.921 0.660 -0.587 0.345 -0.317 50.000 0.000 63.143552 0 100.000
22.144 -29.137 68.784 0.653 -0.595 0.332 -0.332 50.000 0.000 63.287034 0 100.000
22.548 -28.529 61.648 0.654 -0.587 0.334 -0.339 50.000 0.000 63.430508 0 100.000
22.964 -27.949 54.511 0.655 -0.587 0.334 -0.339 50.000 0.000 63.573953 0 100.000
23.364 -27.342 47.374 0.656 -0.586 0.336 -0.337 50.000 0.000 63.717426 0 100.000
23.723 -26.676 40.237 0.661 -0.590 0.325 -0.330 50.000 0.000 63.860969 0 100.000
24.146 -26.098 33.101 0.660 -0.591 0.322 -0.332 50.000 0.000 64.004414 0 100.000
24.552 -25.527 25.964 0.660 -0.597 0.313 -0.332 50.000 0.000 64.147847 0 100.000
25.087 -25.125 18.828 0.654 -0.602 0.303 -0.343 50.000 0.000 64.291182 0 100.000
25.776 -24.955 11.694 0.657 -0.604 0.296 -0.339 50.000 0.000 64.434566 0 100.000
26.327 -24.587 4.559 0.669 -0.598 0.310 -0.313 50.000 0.000 64.577892 0 100.000
26.505 -23.653 -2.580 0.684 -0.584 0.333 -0.284 50.000 0.000 64.721934 0 100.000
26.305 -22.334 -9.728 0.675 -0.589 0.324 -0.304 50.000 0.000 64.867352 0 100.000
26.856 -21.959 -16.863 0.666 -0.599 0.305 -0.323 50.000 0.000 65.010682 0 100.000
27.202 -21.299 -24.001 0.675 -0.599 0.304 -0.304 50.000 0.000 65.154217 0 100.000
27.455 -20.600 -31.143 0.677 -0.601 0.305 -0.294 50.000 0.000 65.297820 0 100.000
27.571 -19.869 -38.291 0.679 -0.600 0.308 -0.292 50.000 0.000 65.441535 0 100.000
27.796 -19.060 -45.431 0.690 -0.607 0.279 -0.278 50.000 0.000 65.585321 0 100.000
28.144 -18.376 -52.568 0.691 -0.606 0.283 -0.274 50.000 0.000 65.728889 0 100.000
28.195 -17.528 -59.716 0.703 -0.641 0.230 -0.204 50.000 0.000 65.872848 0 100.000
28.280 -16.643 -66.861 0.190 0.313 0.633 0.682 50.000 0.000 66.016850 0 100.000
58.014 -29.019 97.315 0.577 0.000 0.000 -0.817 50.000 0.000 69.362953 0 100.000
59.402 -27.675 97.315 0.823 0.000 -0.000 0.569 50.000 0.000 69.401594 0 100.000
30.544 -18.639 -66.801 0.680 -0.636 0.308 -0.196 50.000 0.000 72.739174 0 100.000
30.424 -19.563 -59.659 0.266 0.290 0.603 0.694 50.000 0.000 72.883229 0 100.000
30.247 -20.541 -52.521 0.274 0.283 0.606 0.691 50.000 0.000 73.027364 0 100.000
29.859 -21.258 -45.387 0.278 0.279 0.607 0.690 50.000 0.000 73.170980 0 100.000
29.620 -22.081 -38.248 0.292 0.308 0.600 0.679 50.000 0.000 73.314783 0 100.000
29.392 -22.917 -31.108 0.294 0.306 0.601 0.678 50.000 0.000 73.458614 0 100.000
29.080 -23.665 -23.971 0.304 0.305 0.599 0.675 50.000 0.000 73.602279 0 100.000
28.716 -24.339 -16.834 0.323 0.305 0.599 0.666 50.000 0.000 73.745834 0 100.000
28.142 -24.732 -9.701 0.304 0.324 0.589 0.675 50.000 0.000 73.889185 0 100.000
28.265 -26.108 -2.558 0.284 0.333 0.584 0.684 50.000 0.000 74.034677 0 100.000
28.070 -27.055 4.580 0.331 0.327 0.586 0.664 50.000 0.000 74.178737 0 100.000
27.502 -27.435 11.714 0.354 0.311 0.596 0.650 50.000 0.000 74.322079 0 100.000
26.787 -27.622 18.846 0.343 0.303 0.602 0.654 50.000 0.000 74.465487 0 100.000
26.240 -28.031 25.981 0.332 0.313 0.597 0.660 50.000 0.000 74.608833 0 100.000
25.818 -28.614 33.117 0.332 0.322 0.591 0.660 50.000 0.000 74.752281 0 100.000
25.363 -29.213 40.251 0.330 0.325 0.590 0.661 50.000 0.000 74.895756 0 100.000
24.983 -29.893 47.387 0.337 0.336 0.586 0.656 50.000 0.000 75.039319 0 100.000
24.576 -30.505 54.523 0.346 0.338 0.581 0.655 50.000 0.000 75.182798 0 100.000
24.135 -31.099 61.658 0.346 0.338 0.581 0.655 50.000 0.000 75.326265 0 100.000
23.710 -31.720 68.793 0.346 0.338 0.580 0.655 50.000 0.000 75.469757 0 100.000
23.290 -32.346 75.929 0.317 0.345 0.587 0.660 50.000 0.000 75.613256 0 100.000
23.200 -33.499 83.066 0.297 0.241 0.269 0.884 50.000 0.000 75.757868 0 100.000
24.379 -36.967 90.205 0.837 -0.305 0.140 -0.432 50.000 0.000 75.918344 0 100.000
44.000 -24.007 -74.285 -0.173 0.626 0.746 -0.145 50.000 0.000 79.241584 0 100.000
44.000 -20.986 -74.285 0.083 0.842 -0.528 -0.073 50.000 0.000 79.302012 0 100.000
26.385 -39.093 90.248 0.119 -0.010 0.336 0.934 50.000 0.000 82.631231 0 100.000
24.701 -36.121 83.071 0.911 -0.267 0.204 -0.238 50.000 0.000 82.790207 0 100.000
24.834 -34.942 75.936 0.660 -0.587 0.345 -0.317 50.000 0.000 82.934860 0 100.000
25.274 -34.304 68.802 0.655 -0.580 0.338 -0.346 50.000 0.000 83.078377 0 100.000
25.717 -33.673 61.668 0.655 -0.581 0.338 -0.346 50.000 0.000 83.221887 0 100.000
26.184 -33.062 54.535 0.655 -0.581 0.338 -0.346 50.000 0.000 83.365379 0 100.000
26.623 -32.430 47.401 0.656 -0.580 0.340 -0.344 50.000 0.000 83.508888 0 100.000
27.021 -31.739 40.266 0.659 -0.583 0.333 -0.339 50.000 0.000 83.652469 0 100.000
27.475 -31.140 33.132 0.658 -0.584 0.331 -0.342 50.000 0.000 83.795943 0 100.000
27.930 -30.536 25.998 0.656 -0.588 0.324 -0.344 50.000 0.000 83.939424 0 100.000
28.500 -30.111 18.865 0.650 -0.594 0.314 -0.355 50.000 0.000 84.082792 0 100.000
29.208 -29.927 11.732 0.650 -0.596 0.311 -0.354 50.000 0.000 84.226194 0 100.000
29.789 -29.539 4.599 0.664 -0.586 0.327 -0.331 50.000 0.000 84.369547 0 100.000
30.019 -28.569 -2.537 0.679 -0.572 0.348 -0.301 50.000 0.000 84.513644 0 100.000
29.904 -27.187 -9.678 0.673 -0.582 0.331 -0.313 50.000 0.000 84.659144 0 100.000
30.504 -26.775 -16.810 0.666 -0.592 0.311 -0.331 50.000 0.000 84.802524 0 100.000
30.909 -26.070 -23.944 0.672 -0.589 0.318 -0.319 50.000 0.000 84.946124 0 100.000
31.240 -25.307 -31.080 0.675 -0.588 0.319 -0.311 50.000 0.000 85.089811 0 100.000
31.468 -24.470 -38.219 0.677 -0.587 0.321 -0.308 50.000 0.000 85.233642 0 100.000
31.781 -23.589 -45.353 0.684 -0.591 0.301 -0.302 50.000 0.000 85.377539 0 100.000
32.211 -22.836 -52.484 0.686 -0.590 0.305 -0.298 50.000 0.000 85.521215 0 100.000
32.456 -21.795 -59.617 0.689 -0.586 0.312 -0.290 50.000 0.000 85.665466 0 100.000
32.700 -20.755 -66.750 0.240 0.317 0.627 0.670 50.000 0.000 85.809716 0 100.000
57.036 -25.796 97.315 0.655 0.000 0.000 -0.756 50.000 0.000 89.128455 0 100.000
54.670 -23.917 97.315 0.749 0.000 -0.000 0.662 50.000 0.000 89.188883 0 100.000
34.682 -23.035 -66.712 0.659 -0.622 0.321 -0.274 50.000 0.000 92.493749 0 100.000
34.432 -24.080 -59.580 0.290 0.312 0.586 0.689 50.000 0.000 92.638008 0 100.000
34.155 -25.148 -52.449 0.298 0.305 0.590 0.686 50.000 0.000 92.782316 0 100.000
33.710 -25.911 -45.319 0.302 0.301 0.591 0.684 50.000 0.000 92.926011 0 100.000
33.383 -26.805 -38.186 0.308 0.321 0.587 0.677 50.000 0.000 93.069929 0 100.000
33.066 -27.713 -31.053 0.311 0.319 0.588 0.675 50.000 0.000 93.213876 0 100.000
32.693 -28.508 -23.920 0.319 0.318 0.589 0.672 50.000 0.000 93.357614 0 100.000
32.276 -29.222 -16.787 0.331 0.311 0.592 0.666 50.000 0.000 93.501229 0 100.000
31.661 -29.645 -9.657 0.313 0.331 0.582 0.673 50.000 0.000 93.644627 0 100.000
31.687 -31.087 -2.521 0.304 0.341 0.564 0.688 50.000 0.000 93.790227 0 100.000
31.387 -32.101 4.610 0.277 0.269 0.618 0.685 50.000 0.000 93.934402 0 100.000
30.821 -32.482 11.744 0.364 0.324 0.591 0.643 50.000 0.000 94.077743 0 100.000
30.138 -32.650 18.879 0.213 0.161 0.660 0.702 50.000 0.000 94.221121 0 100.000
29.572 -33.072 26.012 0.332 0.309 0.595 0.664 50.000 0.000 94.364486 0 100.000
29.107 -33.683 33.146 0.331 0.318 0.590 0.664 50.000 0.000 94.507977 0 100.000
28.641 -34.289 40.279 0.328 0.320 0.589 0.665 50.000 0.000 94.651463 0 100.000
28.247 -34.976 47.414 0.330 0.324 0.587 0.664 50.000 0.000 94.795037 0 100.000
27.810 -35.607 54.548 0.333 0.322 0.589 0.663 50.000 0.000 94.938545 0 100.000
27.366 -36.196 61.683 0.333 0.321 0.589 0.663 50.000 0.000 95.082005 0 100.000
26.941 -36.808 68.818 0.261 0.244 0.624 0.694 50.000 0.000 95.225489 0 100.000
26.521 -37.427 75.954 0.318 0.344 0.588 0.660 50.000 0.000 95.368978 0 100.000
26.520 -38.494 83.098 -0.082 0.062 0.331 0.938 50.000 0.000 95.513448 0 100.000
29.136 -38.422 90.403 0.843 -0.268 -0.229 0.406 50.000 0.000 95.668643 0 100.000
44.000 -17.965 -74.285 -0.030 0.364 0.930 -0.035 50.000 0.000 99.001005 0 100.000
44.000 -14.943 -74.285 0.036 0.910 -0.413 -0.028 50.000 0.000 99.061433 0 100.000
29.173 -35.601 90.481 0.696 0.341 -0.203 -0.599 50.000 0.000 102.395752 0 100.000
29.376 -38.274 83.246 0.710 -0.317 -0.152 0.610 50.000 0.000 102.550051 0 100.000
29.182 -38.161 76.067 0.797 -0.289 -0.200 0.490 50.000 0.000 102.693713 0 100.000
29.554 -37.798 68.922 0.730 -0.681 0.013 -0.048 50.000 0.000 102.836983 0 100.000
29.921 -37.387 61.779 0.730 -0.681 0.013 -0.049 50.000 0.000 102.980280 0 100.000
30.309 -36.940 54.637 0.721 -0.684 -0.096 0.054 50.000 0.000 103.123601 0 100.000
30.668 -36.488 47.494 0.721 -0.684 -0.094 0.057 50.000 0.000 103.266925 0 100.000
30.955 -36.041 40.347 0.730 -0.680 0.027 -0.058 50.000 0.000 103.410252 0 100.000
31.353 -35.549 33.208 0.730 -0.680 0.024 -0.061 50.000 0.000 103.553609 0 100.000
31.754 -35.037 26.068 0.715 -0.663 0.137 -0.172 50.000 0.000 103.696985 0 100.000
32.294 -34.645 18.933 0.718 -0.686 0.051 -0.107 50.000 0.000 103.840317 0 100.000
32.988 -34.382 11.802 0.715 -0.680 0.086 -0.139 50.000 0.000 103.983713 0 100.000
33.492 -34.007 4.664 0.722 -0.669 0.111 -0.133 50.000 0.000 104.127019 0 100.000
33.643 -33.305 -2.483 0.748 -0.648 0.107 -0.095 50.000 0.000 104.270671 0 100.000
33.515 -32.014 -9.627 0.711 -0.633 0.220 -0.213 50.000 0.000 104.415900 0 100.000
34.099 -31.622 -16.761 0.717 -0.647 0.166 -0.200 50.000 0.000 104.559257 0 100.000
34.492 -30.927 -23.895 0.715 -0.646 0.182 -0.197 50.000 0.000 104.702842 0 100.000
34.901 -30.109 -31.026 0.684 -0.590 0.305 -0.302 50.000 0.000 104.846623 0 100.000
35.226 -29.196 -38.158 0.686 -0.643 -0.274 0.203 50.000 0.000 104.990579 0 100.000
35.563 -28.296 -45.290 0.686 -0.643 -0.274 0.203 50.000 0.000 105.134509 0 100.000
36.011 -27.532 -52.420 0.686 -0.589 0.305 -0.299 50.000 0.000 105.278208 0 100.000
36.297 -26.457 -59.550 0.690 -0.585 0.312 -0.291 50.000 0.000 105.422529 0 100.000
36.596 -25.372 -66.679 0.286 0.308 0.628 0.656 50.000 0.000 105.566876 0 100.000
52.304 -22.038 97.315 0.826 0.000 0.000 -0.564 50.000 0.000 108.862454 0 100.000
49.938 -20.158 97.315 0.561 0.000 0.000 0.828 50.000 0.000 108.922881 0 100.000
38.736 -27.439 -66.628 0.700 -0.674 0.177 -0.154 50.000 0.000 112.212613 0 100.000
38.574 -28.320 -59.487 0.037 0.026 0.669 0.742 50.000 0.000 112.356558 0 100.000
38.417 -29.162 -52.344 0.044 0.020 0.669 0.741 50.000 0.000 112.500433 0 100.000
38.010 -29.801 -45.209 -0.211 -0.266 0.646 0.683 50.000 0.000 112.643946 0 100.000
37.777 -30.415 -38.064 -0.215 -0.262 0.648 0.682 50.000 0.000 112.787445 0 100.000
37.560 -31.025 -30.918 -0.119 -0.155 0.670 0.716 50.000 0.000 112.930946 0 100.000
37.263 -31.533 -23.773 -0.129 -0.171 0.675 0.706 50.000 0.000 113.074319 0 100.000
36.931 -31.988 -16.629 -0.121 -0.172 0.670 0.712 50.000 0.000 113.217646 0 100.000
36.339 -32.380 -9.496 -0.126 -0.156 0.677 0.708 50.000 0.000 113.361008 0 100.000
36.505 -32.827 -2.327 -0.214 -0.227 0.650 0.693 50.000 0.000 113.504709 0 100.000
36.241 -33.129 4.824 0.140 0.105 0.671 0.721 50.000 0.000 113.647967 0 100.000
35.711 -33.468 11.962 -0.240 -0.309 0.648 0.654 50.000 0.000 113.791268 0 100.000
35.014 -33.783 19.092 -0.300 -0.367 0.621 0.625 50.000 0.000 113.934681 0 100.000
34.437 -34.107 26.227 -0.233 -0.292 0.650 0.661 50.000 0.000 114.078002 0 100.000
33.959 -34.412 33.368 -0.360 -0.418 0.591 0.588 50.000 0.000 114.221269 0 100.000
33.492 -34.731 40.509 -0.245 -0.296 0.647 0.659 50.000 0.000 114.364538 0 100.000
32.980 -34.916 47.651 0.466 0.521 -0.517 -0.494 50.000 0.000 114.507801 0 100.000
32.454 -35.171 54.791 0.464 0.522 -0.516 -0.496 50.000 0.000 114.651076 0 100.000
31.912 -35.447 61.930 -0.361 -0.418 0.591 0.588 50.000 0.000 114.794362 0 100.000
31.314 -35.692 69.066 -0.244 -0.301 0.644 0.659 50.000 0.000 114.937677 0 100.000
30.707 -35.931 76.203 0.760 0.315 -0.241 -0.515 50.000 0.000 115.080997 0 100.000
29.901 -35.578 83.345 0.834 0.272 -0.290 -0.384 50.000 0.000 115.224920 0 100.000
28.064 -32.791 90.500 0.574 -0.200 -0.352 0.711 50.000 0.000 115.382841 0 100.000
44.000 -11.922 -74.285 -0.030 0.370 0.928 -0.035 50.000 0.000 118.720124 0 100.000
44.000 -8.900 -74.285 0.036 0.904 -0.425 -0.027 50.000 0.000 118.780551 0 100.000
26.953 -29.982 90.520 0.713 0.352 -0.199 -0.573 50.000 0.000 122.120952 0 100.000
28.800 -32.765 83.365 0.361 -0.287 -0.285 0.840 50.000 0.000 122.278883 0 100.000
29.677 -33.094 76.227 0.635 -0.611 0.301 -0.365 50.000 0.000 122.422866 0 100.000
30.325 -32.845 69.093 -0.378 0.417 0.612 -0.556 50.000 0.000 122.566218 0 100.000
30.970 -32.589 61.959 -0.379 0.416 0.613 -0.555 50.000 0.000 122.709569 0 100.000
31.596 -32.309 54.825 -0.379 0.416 0.613 -0.555 50.000 0.000 122.852911 0 100.000
32.243 -32.041 47.692 -0.377 0.418 0.611 -0.556 50.000 0.000 122.996266 0 100.000
32.918 -31.840 40.558 -0.378 0.417 0.612 -0.556 50.000 0.000 123.139637 0 100.000
33.553 -31.539 33.425 -0.380 0.415 0.614 -0.554 50.000 0.000 123.282991 0 100.000
34.179 -31.247 26.291 -0.378 0.413 0.615 -0.555 50.000 0.000 123.426336 0 100.000
34.810 -30.939 19.158 -0.378 0.413 0.615 -0.555 50.000 0.000 123.569689 0 100.000
35.446 -30.634 12.024 -0.375 0.411 0.617 -0.557 50.000 0.000 123.713045 0 100.000
36.090 -30.337 4.892 -0.371 0.410 0.617 -0.559 50.000 0.000 123.856405 0 100.000
36.753 -30.086 -2.241 -0.409 0.438 0.591 -0.540 50.000 0.000 123.999770 0 100.000
37.340 -29.820 -9.378 -0.419 0.451 0.588 -0.524 50.000 0.000 124.143081 0 100.000
38.018 -29.487 -16.508 -0.485 0.502 0.534 -0.477 50.000 0.000 124.286483 0 100.000
38.609 -29.215 -23.644 -0.480 0.501 0.539 -0.477 50.000 0.000 124.429798 0 100.000
39.252 -28.887 -30.776 0.503 -0.515 -0.520 0.460 50.000 0.000 124.573168 0 100.000
39.816 -28.553 -37.912 0.567 -0.565 -0.451 0.395 50.000 0.000 124.716485 0 100.000
40.298 -28.212 -45.052 0.513 -0.520 -0.515 0.448 50.000 0.000 124.859768 0 100.000
40.838 -27.715 -52.185 0.548 -0.545 -0.481 0.415 50.000 0.000 125.003173 0 100.000
41.211 -27.309 -59.328 0.546 -0.547 -0.479 0.416 50.000 0.000 125.146467 0 100.000
41.518 -26.861 -66.474 -0.174 -0.137 0.707 0.672 50.000 0.000 125.289792 0 100.000
47.572 -18.279 97.315 0.986 0.000 0.000 -0.169 50.000 0.000 128.572297 0 100.000
45.206 -16.400 97.315 0.389 -0.000 -0.000 0.921 50.000 0.000 128.632725 0 100.000
41.619 -24.064 -66.394 -0.347 0.465 0.631 -0.514 50.000 0.000 131.911279 0 100.000
40.883 -24.462 -59.268 0.561 0.629 -0.399 -0.362 50.000 0.000 132.054768 0 100.000
40.149 -24.858 -52.143 0.559 0.631 -0.396 -0.365 50.000 0.000 132.198255 0 100.000
39.539 -25.359 -45.013 -0.448 -0.516 0.519 0.514 50.000 0.000 132.341708 0 100.000
38.863 -25.715 -37.884 -0.450 -0.513 0.521 0.512 50.000 0.000 132.485118 0 100.000
38.190 -26.070 -30.754 0.558 0.623 -0.405 -0.368 50.000 0.000 132.628524 0 100.000
37.526 -26.399 -23.623 0.559 0.621 -0.407 -0.369 50.000 0.000 132.771912 0 100.000
36.864 -26.696 -16.491 0.558 0.620 -0.409 -0.371 50.000 0.000 132.915287 0 100.000
36.219 -27.017 -9.359 0.560 0.617 -0.408 -0.373 50.000 0.000 133.058656 0 100.000
35.574 -27.304 -2.226 0.560 0.618 -0.410 -0.370 50.000 0.000 133.202014 0 100.000
34.920 -27.552 4.908 0.559 0.617 -0.410 -0.371 50.000 0.000 133.345371 0 100.000
34.280 -27.846 12.041 0.557 0.617 -0.411 -0.375 50.000 0.000 133.488727 0 100.000
33.652 -28.148 19.174 0.555 0.615 -0.413 -0.378 50.000 0.000 133.632076 0 100.000
33.028 -28.454 26.308 0.555 0.615 -0.413 -0.378 50.000 0.000 133.775424 0 100.000
32.398 -28.747 33.442 0.559 0.618 -0.409 -0.373 50.000 0.000 133.918771 0 100.000
31.767 -29.047 40.575 0.560 0.616 -0.411 -0.371 50.000 0.000 134.062123 0 100.000
31.093 -29.247 47.709 0.561 0.615 -0.412 -0.372 50.000 0.000 134.205492 0 100.000
30.446 -29.515 54.842 0.559 0.616 -0.410 -0.373 50.000 0.000 134.348847 0 100.000
29.826 -29.793 61.977 0.559 0.616 -0.410 -0.373 50.000 0.000 134.492184 0 100.000
29.194 -30.043 69.112 0.560 0.615 -0.411 -0.372 50.000 0.000 134.635523 0 100.000
28.560 -30.286 76.246 0.365 0.301 0.611 0.635 50.000 0.000 134.778864 0 100.000
27.689 -29.955 83.385 0.841 0.285 -0.287 -0.359 50.000 0.000 134.922842 0 100.000
25.826 -27.178 90.539 0.573 -0.199 -0.352 0.713 50.000 0.000 135.080785 0 100.000
44.000 -5.879 -74.285 -0.029 0.382 0.923 -0.035 50.000 0.000 138.424485 0 100.000
44.000 -2.858 -74.285 0.037 0.898 -0.437 -0.027 50.000 0.000 138.484913 0 100.000
24.700 -24.375 90.558 0.714 0.352 -0.199 -0.571 50.000 0.000 141.832064 0 100.000
26.550 -27.157 83.403 0.360 -0.287 -0.285 0.841 50.000 0.000 141.989998 0 100.000
27.417 -27.490 76.264 0.635 -0.611 0.301 -0.365 50.000 0.000 142.133972 0 100.000
28.053 -27.246 69.130 -0.372 0.411 0.615 -0.560 50.000 0.000 142.277314 0 100.000
28.684 -26.995 61.995 -0.373 0.410 0.616 -0.559 50.000 0.000 142.420653 0 100.000
29.286 -26.725 54.859 -0.373 0.410 0.616 -0.559 50.000 0.000 142.563975 0 100.000
29.932 -26.458 47.726 -0.372 0.412 0.615 -0.561 50.000 0.000 142.707329 0 100.000
30.607 -26.257 40.592 -0.371 0.411 0.616 -0.560 50.000 0.000 142.850700 0 100.000
31.241 -25.956 33.459 -0.373 0.409 0.618 -0.559 50.000 0.000 142.994053 0 100.000
31.866 -25.665 26.325 -0.373 0.408 0.618 -0.560 50.000 0.000 143.137397 0 100.000
32.487 -25.360 19.191 -0.373 0.407 0.618 -0.559 50.000 0.000 143.280742 0 100.000
33.111 -25.060 12.057 -0.372 0.407 0.619 -0.560 50.000 0.000 143.424087 0 100.000
33.741 -24.770 4.923 -0.369 0.407 0.618 -0.562 50.000 0.000 143.567434 0 100.000
34.390 -24.524 -2.211 -0.367 0.406 0.619 -0.562 50.000 0.000 143.710787 0 100.000
35.026 -24.241 -9.344 -0.367 0.404 0.622 -0.562 50.000 0.000 143.854137 0 100.000
35.664 -23.923 -16.477 -0.371 0.409 0.620 -0.558 50.000 0.000 143.997499 0 100.000
36.317 -23.630 -23.609 -0.364 0.401 0.623 -0.564 50.000 0.000 144.140865 0 100.000
36.965 -23.308 -30.741 -0.363 0.400 0.626 -0.563 50.000 0.000 144.284237 0 100.000
37.638 -22.953 -37.871 0.512 -0.522 -0.513 0.450 50.000 0.000 144.427643 0 100.000
38.303 -22.602 -45.001 0.514 -0.519 -0.516 0.448 50.000 0.000 144.571042 0 100.000
38.890 -22.112 -52.132 -0.365 0.396 0.631 -0.559 50.000 0.000 144.714470 0 100.000
39.577 -21.738 -59.261 -0.362 0.399 0.629 -0.561 50.000 0.000 144.857897 0 100.000
40.300 -21.345 -66.387 0.526 0.654 -0.435 -0.324 50.000 0.000 145.001371 0 100.000
42.840 -14.521 97.315 0.777 0.328 -0.235 -0.484 50.000 0.000 148.278652 0 100.000
40.474 -12.642 97.315 0.502 -0.227 -0.333 0.765 50.000 0.000 148.339080 0 100.000
39.005 -18.616 -66.378 -0.324 0.419 0.653 -0.542 50.000 0.000 151.615266 0 100.000
38.318 -18.991 -59.250 0.565 0.629 -0.395 -0.360 50.000 0.000 151.758695 0 100.000
37.632 -19.365 -52.121 0.563 0.631 -0.392 -0.362 50.000 0.000 151.902123 0 100.000
37.045 -19.855 -44.991 0.563 0.631 -0.392 -0.362 50.000 0.000 152.045551 0 100.000
36.392 -20.201 -37.860 0.563 0.626 -0.399 -0.364 50.000 0.000 152.188936 0 100.000
35.738 -20.547 -30.729 0.563 0.626 -0.400 -0.363 50.000 0.000 152.332323 0 100.000
35.096 -20.867 -23.596 0.564 0.623 -0.401 -0.364 50.000 0.000 152.475688 0 100.000
34.460 -21.151 -16.463 0.563 0.622 -0.402 -0.366 50.000 0.000 152.619039 0 100.000
33.819 -21.472 -9.330 0.562 0.622 -0.404 -0.367 50.000 0.000 152.762404 0 100.000
33.172 -21.759 -2.197 0.562 0.619 -0.406 -0.367 50.000 0.000 152.905764 0 100.000
32.541 -21.997 4.938 0.562 0.618 -0.407 -0.369 50.000 0.000 153.049101 0 100.000
31.911 -22.287 12.071 0.560 0.619 -0.407 -0.372 50.000 0.000 153.192449 0 100.000
31.287 -22.588 19.205 0.559 0.618 -0.407 -0.373 50.000 0.000 153.335794 0 100.000
30.672 -22.889 26.339 0.560 0.618 -0.408 -0.373 50.000 0.000 153.479134 0 100.000
30.054 -23.177 33.474 0.559 0.618 -0.409 -0.373 50.000 0.000 153.622471 0 100.000
29.427 -23.475 40.607 0.560 0.616 -0.411 -0.371 50.000 0.000 153.765818 0 100.000
28.752 -23.677 47.741 0.561 0.615 -0.412 -0.372 50.000 0.000 153.909189 0 100.000
28.106 -23.944 54.875 0.559 0.616 -0.410 -0.373 50.000 0.000 154.052543 0 100.000
27.509 -24.212 62.011 0.559 0.616 -0.410 -0.373 50.000 0.000 154.195861 0 100.000
26.900 -24.453 69.147 0.351 0.314 0.604 0.643 50.000 0.000 154.339183 0 100.000
26.288 -24.687 76.283 0.365 0.301 0.611 0.635 50.000 0.000 154.482505 0 100.000
25.423 -24.354 83.422 0.431 0.233 0.640 0.592 50.000 0.000 154.626478 0 100.000
23.548 -21.582 90.575 0.567 -0.197 -0.351 0.718 50.000 0.000 154.784430 0 100.000
44.000 0.164 -74.285 -0.027 0.390 0.920 -0.036 50.000 0.000 158.135244 0 100.000
44.000 3.185 -74.285 0.038 0.896 -0.442 -0.025 50.000 0.000 158.195672 0 100.000
22.378 -18.796 90.591 0.719 0.351 -0.197 -0.567 50.000 0.000 161.550356 0 100.000
24.254 -21.568 83.438 0.592 -0.640 0.234 -0.431 50.000 0.000 161.708308 0 100.000
25.108 -21.906 76.298 0.635 -0.611 0.301 -0.365 50.000 0.000 161.852273 0 100.000
25.720 -21.672 69.162 0.643 -0.604 0.314 -0.351 50.000 0.000 161.995595 0 100.000
26.329 -21.431 62.026 -0.368 0.405 0.619 -0.564 50.000 0.000 162.138917 0 100.000
26.927 -21.162 54.890 -0.368 0.404 0.619 -0.564 50.000 0.000 162.282235 0 100.000
27.572 -20.896 47.757 -0.366 0.406 0.618 -0.565 50.000 0.000 162.425589 0 100.000
28.241 -20.696 40.623 -0.364 0.403 0.620 -0.566 50.000 0.000 162.568955 0 100.000
28.867 -20.399 33.489 -0.366 0.401 0.621 -0.565 50.000 0.000 162.712300 0 100.000
29.478 -20.114 26.354 -0.364 0.399 0.623 -0.566 50.000 0.000 162.855632 0 100.000
30.092 -19.813 19.220 -0.364 0.399 0.623 -0.566 50.000 0.000 162.998971 0 100.000
30.710 -19.515 12.086 -0.363 0.399 0.623 -0.567 50.000 0.000 163.142311 0 100.000
31.334 -19.227 4.952 -0.369 0.407 0.618 -0.562 50.000 0.000 163.285654 0 100.000
31.945 -18.998 -2.185 -0.367 0.406 0.619 -0.562 50.000 0.000 163.428974 0 100.000
32.572 -18.719 -9.319 -0.367 0.404 0.622 -0.562 50.000 0.000 163.572317 0 100.000
33.192 -18.409 -16.453 -0.366 0.402 0.622 -0.563 50.000 0.000 163.715662 0 100.000
33.821 -18.128 -23.587 -0.364 0.401 0.623 -0.564 50.000 0.000 163.859006 0 100.000
34.450 -17.814 -30.720 -0.363 0.400 0.626 -0.563 50.000 0.000 164.002360 0 100.000
35.105 -17.467 -37.851 -0.364 0.399 0.626 -0.563 50.000 0.000 164.145748 0 100.000
35.761 -17.120 -44.982 -0.362 0.392 0.631 -0.563 50.000 0.000 164.289135 0 100.000
36.307 -16.650 -52.115 -0.362 0.392 0.631 -0.563 50.000 0.000 164.432523 0 100.000
36.965 -16.290 -59.245 -0.360 0.395 0.629 -0.565 50.000 0.000 164.575919 0 100.000
37.655 -15.913 -66.373 0.541 0.653 -0.418 -0.325 50.000 0.000 164.719353 0 100.000
38.108 -10.763 97.315 0.775 0.328 -0.234 -0.486 50.000 0.000 167.994761 0 100.000
35.743 -8.883 97.315 0.497 -0.221 -0.334 0.770 50.000 0.000 168.055189 0 100.000
36.282 -13.222 -66.370 -0.320 0.408 0.657 -0.548 50.000 0.000 171.330061 0 100.000
35.616 -13.586 -59.240 0.565 0.629 -0.395 -0.360 50.000 0.000 171.473466 0 100.000
34.969 -13.941 -52.109 0.563 0.631 -0.392 -0.362 50.000 0.000 171.616851 0 100.000
34.448 -14.399 -44.974 0.563 0.631 -0.392 -0.362 50.000 0.000 171.760217 0 100.000
33.817 -14.734 -37.842 0.574 0.633 -0.384 -0.349 50.000 0.000 171.903580 0 100.000
33.162 -15.081 -30.711 0.575 0.633 -0.384 -0.348 50.000 0.000 172.046967 0 100.000
32.545 -15.389 -23.577 0.575 0.629 -0.386 -0.351 50.000 0.000 172.190310 0 100.000
31.928 -15.665 -16.442 0.563 0.622 -0.402 -0.366 50.000 0.000 172.333644 0 100.000
31.326 -15.967 -9.307 0.572 0.628 -0.390 -0.354 50.000 0.000 172.476974 0 100.000
30.724 -16.234 -2.172 0.570 0.622 -0.397 -0.361 50.000 0.000 172.620296 0 100.000
30.121 -16.460 4.965 0.570 0.622 -0.397 -0.361 50.000 0.000 172.763611 0 100.000
29.509 -16.742 12.100 0.567 0.623 -0.399 -0.363 50.000 0.000 172.906942 0 100.000
28.897 -17.037 19.234 0.566 0.623 -0.399 -0.364 50.000 0.000 173.050278 0 100.000
28.288 -17.337 26.369 0.566 0.623 -0.399 -0.364 50.000 0.000 173.193613 0 100.000
27.680 -17.620 33.504 0.565 0.621 -0.401 -0.366 50.000 0.000 173.336942 0 100.000
27.055 -17.918 40.638 0.566 0.620 -0.403 -0.364 50.000 0.000 173.480288 0 100.000
26.387 -18.116 47.772 0.565 0.618 -0.406 -0.366 50.000 0.000 173.623652 0 100.000
25.747 -18.381 54.906 0.564 0.619 -0.404 -0.368 50.000 0.000 173.767001 0 100.000
25.149 -18.649 62.042 0.564 0.619 -0.405 -0.368 50.000 0.000 173.910319 0 100.000
24.541 -18.890 69.178 0.351 0.314 0.604 0.643 50.000 0.000 174.053640 0 100.000
23.931 -19.123 76.314 0.365 0.301 0.611 0.635 50.000 0.000 174.196961 0 100.000
23.081 -18.783 83.454 0.431 0.234 0.640 0.592 50.000 0.000 174.340923 0 100.000
21.210 -16.009 90.608 0.557 -0.193 -0.351 0.727 50.000 0.000 174.498872 0 100.000
44.000 6.206 -74.285 -0.025 0.395 0.918 -0.038 50.000 0.000 177.857585 0 100.000
44.000 9.228 -74.285 0.000 0.903 -0.430 -0.000 50.000 0.000 177.918012 0 100.000
20.042 -13.223 90.624 0.728 0.351 -0.194 -0.557 50.000 0.000 181.280919 0 100.000
21.913 -15.997 83.470 0.592 -0.640 0.234 -0.431 50.000 0.000 181.438868 0 100.000
22.763 -16.337 76.330 0.635 -0.611 0.301 -0.365 50.000 0.000 181.582829 0 100.000
23.373 -16.104 69.194 0.643 -0.604 0.314 -0.351 50.000 0.000 181.726150 0 100.000
23.966 -15.870 62.057 -0.368 0.404 0.619 -0.564 50.000 0.000 181.869460 0 100.000
24.515 -15.622 54.918 -0.368 0.404 0.619 -0.564 50.000 0.000 182.012745 0 100.000
25.158 -15.356 47.785 -0.366 0.406 0.618 -0.565 50.000 0.000 182.156096 0 100.000
25.836 -15.154 40.651 -0.364 0.403 0.620 -0.566 50.000 0.000 182.299470 0 100.000
26.460 -14.857 33.517 -0.366 0.401 0.621 -0.565 50.000 0.000 182.442814 0 100.000
27.074 -14.571 26.382 -0.364 0.399 0.623 -0.566 50.000 0.000 182.586149 0 100.000
27.684 -14.271 19.248 -0.364 0.399 0.623 -0.566 50.000 0.000 182.729484 0 100.000
28.293 -13.977 12.113 -0.363 0.399 0.623 -0.567 50.000 0.000 182.872817 0 100.000
28.902 -13.696 4.978 -0.361 0.397 0.622 -0.570 50.000 0.000 183.016146 0 100.000
29.510 -13.468 -2.158 -0.358 0.395 0.624 -0.572 50.000 0.000 183.159465 0 100.000
30.079 -13.215 -9.296 -0.355 0.390 0.628 -0.572 50.000 0.000 183.302763 0 100.000
30.666 -12.920 -16.432 -0.352 0.388 0.630 -0.574 50.000 0.000 183.446080 0 100.000
31.274 -12.648 -23.567 -0.351 0.386 0.629 -0.575 50.000 0.000 183.589407 0 100.000
31.874 -12.348 -30.702 -0.349 0.384 0.633 -0.575 50.000 0.000 183.732736 0 100.000
32.518 -12.006 -37.834 -0.349 0.384 0.633 -0.574 50.000 0.000 183.876112 0 100.000
33.110 -11.690 -44.969 -0.349 0.378 0.637 -0.574 50.000 0.000 184.019439 0 100.000
33.631 -11.232 -52.103 -0.350 0.378 0.637 -0.574 50.000 0.000 184.162806 0 100.000
34.278 -10.877 -59.234 -0.346 0.381 0.635 -0.576 50.000 0.000 184.306191 0 100.000
34.927 -10.521 -66.365 0.548 0.657 -0.407 -0.321 50.000 0.000 184.449577 0 100.000
33.377 -7.004 97.315 0.780 0.329 -0.228 -0.480 50.000 0.000 187.724091 0 100.000
31.011 -5.125 97.315 0.499 -0.220 -0.335 0.769 50.000 0.000 187.784519 0 100.000
33.558 -7.829 -66.362 -0.321 0.406 0.657 -0.547 50.000 0.000 191.058900 0 100.000
32.941 -8.168 -59.229 0.576 0.635 -0.381 -0.346 50.000 0.000 191.202254 0 100.000
32.294 -8.523 -52.097 0.574 0.637 -0.378 -0.350 50.000 0.000 191.345639 0 100.000
31.772 -8.981 -44.963 0.574 0.637 -0.378 -0.349 50.000 0.000 191.489005 0 100.000
31.181 -9.297 -37.828 0.574 0.633 -0.384 -0.349 50.000 0.000 191.632333 0 100.000
30.588 -9.614 -30.693 0.575 0.633 -0.384 -0.349 50.000 0.000 191.775662 0 100.000
29.990 -9.914 -23.558 0.575 0.629 -0.386 -0.351 50.000 0.000 191.918989 0 100.000
29.404 -10.174 -16.421 0.574 0.630 -0.388 -0.352 50.000 0.000 192.062298 0 100.000
28.787 -10.485 -9.287 0.572 0.628 -0.390 -0.354 50.000 0.000 192.205642 0 100.000
28.156 -10.768 -2.154 0.572 0.624 -0.395 -0.358 50.000 0.000 192.348988 0 100.000
27.573 -10.982 4.985 0.570 0.622 -0.397 -0.361 50.000 0.000 192.492289 0 100.000
26.964 -11.264 12.120 0.567 0.623 -0.399 -0.363 50.000 0.000 192.635618 0 100.000
26.356 -11.557 19.254 0.566 0.623 -0.399 -0.364 50.000 0.000 192.778951 0 100.000
25.758 -11.851 26.390 0.566 0.623 -0.399 -0.364 50.000 0.000 192.922275 0 100.000
25.166 -12.127 33.525 0.565 0.621 -0.401 -0.366 50.000 0.000 193.065592 0 100.000
24.572 -12.409 40.661 0.566 0.620 -0.403 -0.364 50.000 0.000 193.208912 0 100.000
23.898 -12.610 47.795 0.565 0.618 -0.406 -0.366 50.000 0.000 193.352281 0 100.000
23.255 -12.876 54.929 0.564 0.619 -0.404 -0.368 50.000 0.000 193.495633 0 100.000
22.706 -13.123 62.068 0.564 0.619 -0.404 -0.368 50.000 0.000 193.638918 0 100.000
22.144 -13.344 69.207 0.350 0.315 0.604 0.643 50.000 0.000 193.782207 0 100.000
21.579 -13.557 76.346 0.364 0.302 0.611 0.635 50.000 0.000 193.925497 0 100.000
20.745 -13.210 83.486 0.422 0.228 0.647 0.593 50.000 0.000 194.069447 0 100.000
18.830 -10.456 90.637 0.556 -0.194 -0.351 0.728 50.000 0.000 194.227423 0 100.000
44.000 12.249 -74.285 0.000 0.378 0.926 -0.000 50.000 0.000 197.594816 0 100.000
44.000 15.271 -74.285 0.000 0.895 -0.446 -0.000 50.000 0.000 197.655244 0 100.000
17.583 -7.704 90.649 0.728 0.350 -0.194 -0.556 50.000 0.000 201.027411 0 100.000
19.495 -10.460 83.498 0.593 -0.647 0.228 -0.422 50.000 0.000 201.185387 0 100.000
20.319 -10.811 76.356 0.635 -0.619 0.296 -0.355 50.000 0.000 201.329330 0 100.000
20.884 -10.598 69.217 0.642 -0.612 0.310 -0.342 50.000 0.000 201.472621 0 100.000
21.446 -10.377 62.078 -0.356 0.392 0.625 -0.574 50.000 0.000 201.615910 0 100.000
21.995 -10.130 54.940 -0.356 0.392 0.625 -0.574 50.000 0.000 201.759195 0 100.000
22.637 -9.865 47.806 -0.354 0.394 0.623 -0.575 50.000 0.000 201.902545 0 100.000
23.277 -9.679 40.670 -0.348 0.387 0.628 -0.578 50.000 0.000 202.045887 0 100.000
23.871 -9.397 33.534 -0.350 0.385 0.630 -0.577 50.000 0.000 202.189206 0 100.000
24.442 -9.131 26.397 -0.347 0.381 0.632 -0.579 50.000 0.000 202.332507 0 100.000
25.040 -8.837 19.261 -0.347 0.381 0.632 -0.579 50.000 0.000 202.475832 0 100.000
25.636 -8.550 12.126 -0.344 0.379 0.633 -0.581 50.000 0.000 202.619154 0 100.000
26.230 -8.276 4.990 -0.341 0.376 0.631 -0.586 50.000 0.000 202.762471 0 100.000
26.772 -8.082 -2.151 -0.358 0.395 0.624 -0.572 50.000 0.000 202.905748 0 100.000
27.360 -7.822 -9.287 -0.354 0.390 0.628 -0.572 50.000 0.000 203.049058 0 100.000
27.943 -7.530 -16.423 -0.352 0.388 0.630 -0.574 50.000 0.000 203.192373 0 100.000
28.517 -7.276 -23.561 -0.351 0.386 0.629 -0.575 50.000 0.000 203.335674 0 100.000
29.096 -6.987 -30.697 -0.349 0.384 0.633 -0.575 50.000 0.000 203.478985 0 100.000
29.708 -6.660 -37.831 -0.349 0.384 0.633 -0.574 50.000 0.000 203.622331 0 100.000
30.316 -6.335 -44.965 -0.349 0.378 0.637 -0.574 50.000 0.000 203.765673 0 100.000
30.843 -5.873 -52.099 -0.349 0.378 0.637 -0.574 50.000 0.000 203.909045 0 100.000
31.421 -5.557 -59.234 -0.346 0.381 0.635 -0.576 50.000 0.000 204.052365 0 100.000
32.059 -5.206 -66.366 0.554 0.665 -0.393 -0.311 50.000 0.000 204.195740 0 100.000
28.645 -3.246 97.315 0.779 0.330 -0.227 -0.482 50.000 0.000 207.470316 0 100.000
26.279 -1.367 97.315 0.489 -0.213 -0.337 0.776 50.000 0.000 207.530744 0 100.000
30.504 -2.616 -66.374 -0.298 0.374 0.674 -0.564 50.000 0.000 210.805724 0 100.000
29.930 -2.930 -59.239 0.589 0.643 -0.363 -0.329 50.000 0.000 210.949040 0 100.000
29.355 -3.244 -52.103 0.587 0.645 -0.359 -0.332 50.000 0.000 211.092357 0 100.000
28.824 -3.707 -44.969 0.588 0.645 -0.359 -0.332 50.000 0.000 211.235732 0 100.000
28.212 -4.035 -37.835 0.574 0.633 -0.384 -0.349 50.000 0.000 211.379078 0 100.000
27.600 -4.362 -30.701 0.575 0.633 -0.384 -0.349 50.000 0.000 211.522424 0 100.000
27.044 -4.638 -23.564 0.596 0.641 -0.358 -0.325 50.000 0.000 211.665719 0 100.000
26.482 -4.885 -16.425 0.574 0.630 -0.388 -0.352 50.000 0.000 211.809011 0 100.000
25.933 -5.159 -9.287 0.592 0.637 -0.365 -0.333 50.000 0.000 211.952301 0 100.000
25.403 -5.388 -2.147 0.586 0.631 -0.376 -0.341 50.000 0.000 212.095574 0 100.000
24.875 -5.575 4.995 0.586 0.631 -0.376 -0.341 50.000 0.000 212.238844 0 100.000
24.307 -5.837 12.132 0.581 0.633 -0.379 -0.344 50.000 0.000 212.382142 0 100.000
23.724 -6.118 19.269 0.579 0.632 -0.381 -0.347 50.000 0.000 212.525454 0 100.000
23.144 -6.403 26.405 0.579 0.632 -0.381 -0.347 50.000 0.000 212.668765 0 100.000
22.577 -6.667 33.542 0.577 0.630 -0.385 -0.350 50.000 0.000 212.812064 0 100.000
21.983 -6.949 40.678 0.578 0.628 -0.387 -0.348 50.000 0.000 212.955383 0 100.000
21.343 -7.134 47.814 0.575 0.623 -0.394 -0.354 50.000 0.000 213.098724 0 100.000
20.736 -7.383 54.950 0.574 0.625 -0.392 -0.356 50.000 0.000 213.242046 0 100.000
20.187 -7.630 62.089 0.574 0.625 -0.392 -0.356 50.000 0.000 213.385330 0 100.000
19.627 -7.850 69.228 0.342 0.310 0.612 0.642 50.000 0.000 213.528618 0 100.000
19.064 -8.063 76.367 0.355 0.296 0.619 0.635 50.000 0.000 213.671907 0 100.000
18.245 -7.709 83.509 0.422 0.228 0.647 0.593 50.000 0.000 213.815848 0 100.000
16.337 -4.952 90.660 0.541 -0.190 -0.351 0.741 50.000 0.000 213.973821 0 100.000
44.000 18.292 -74.285 0.000 0.395 0.919 -0.000 50.000 0.000 217.350943 0 100.000
42.687 20.000 -74.285 0.000 0.888 -0.459 -0.000 50.000 0.000 217.394035 0 100.000
14.999 -2.243 90.666 0.744 0.350 -0.192 -0.537 50.000 0.000 220.768654 0 100.000
16.997 -4.958 83.520 0.601 -0.660 0.208 -0.400 50.000 0.000 220.926671 0 100.000
17.805 -5.317 76.378 0.640 -0.634 0.278 -0.333 50.000 0.000 221.070606 0 100.000
18.325 -5.125 69.236 0.647 -0.628 0.291 -0.319 50.000 0.000 221.213872 0 100.000
18.842 -4.926 62.094 -0.340 0.375 0.633 -0.586 50.000 0.000 221.357137 0 100.000
19.345 -4.701 54.953 -0.340 0.375 0.633 -0.586 50.000 0.000 221.500397 0 100.000
19.962 -4.447 47.817 -0.338 0.377 0.632 -0.587 50.000 0.000 221.643727 0 100.000
20.620 -4.253 40.682 -0.348 0.387 0.628 -0.578 50.000 0.000 221.787082 0 100.000
21.186 -3.986 33.545 -0.350 0.385 0.630 -0.577 50.000 0.000 221.930381 0 100.000
21.779 -3.709 26.409 -0.347 0.381 0.632 -0.579 50.000 0.000 222.073698 0 100.000
22.352 -3.428 19.272 -0.347 0.381 0.632 -0.579 50.000 0.000 222.217004 0 100.000
22.933 -3.148 12.136 -0.344 0.379 0.633 -0.581 50.000 0.000 222.360314 0 100.000
23.499 -2.886 4.998 -0.341 0.376 0.631 -0.586 50.000 0.000 222.503611 0 100.000
24.048 -2.688 -2.142 -0.339 0.372 0.632 -0.590 50.000 0.000 222.646892 0 100.000
24.505 -2.496 -9.287 -0.333 0.365 0.637 -0.592 50.000 0.000 222.790135 0 100.000
25.023 -2.240 -16.427 -0.326 0.359 0.641 -0.595 50.000 0.000 222.933406 0 100.000
25.575 -1.998 -23.566 -0.325 0.358 0.641 -0.596 50.000 0.000 223.076692 0 100.000
26.104 -1.736 -30.706 -0.320 0.354 0.645 -0.596 50.000 0.000 223.219970 0 100.000
26.716 -1.410 -37.839 -0.320 0.354 0.646 -0.596 50.000 0.000 223.363315 0 100.000
27.325 -1.084 -44.973 -0.332 0.359 0.645 -0.588 50.000 0.000 223.506658 0 100.000
27.750 -0.686 -52.114 -0.332 0.359 0.645 -0.587 50.000 0.000 223.649953 0 100.000
28.295 -0.393 -59.252 -0.329 0.363 0.643 -0.589 50.000 0.000 223.793247 0 100.000
28.888 -0.067 -66.387 0.564 0.674 -0.374 -0.298 50.000 0.000 223.936579 0 100.000
23.913 0.512 97.315 0.787 0.332 -0.221 -0.472 50.000 0.000 227.212154 0 100.000
21.547 2.392 97.315 0.473 -0.203 -0.338 0.788 50.000 0.000 227.272582 0 100.000
27.175 2.422 -66.406 -0.281 0.352 0.683 -0.575 50.000 0.000 230.548936 0 100.000
26.629 2.128 -59.268 0.607 0.654 -0.336 -0.303 50.000 0.000 230.692230 0 100.000
26.083 1.834 -52.130 0.605 0.656 -0.332 -0.306 50.000 0.000 230.835524 0 100.000
25.658 1.436 -44.989 0.605 0.655 -0.332 -0.306 50.000 0.000 230.978819 0 100.000
25.146 1.170 -37.849 0.596 0.646 -0.354 -0.320 50.000 0.000 231.122090 0 100.000
24.608 0.889 -30.710 0.596 0.645 -0.354 -0.320 50.000 0.000 231.265375 0 100.000
24.110 0.645 -23.569 0.596 0.641 -0.358 -0.325 50.000 0.000 231.408636 0 100.000
23.563 0.406 -16.429 0.595 0.641 -0.359 -0.326 50.000 0.000 231.551919 0 100.000
23.026 0.135 -9.291 0.592 0.637 -0.365 -0.333 50.000 0.000 231.695202 0 100.000
22.497 -0.097 -2.150 0.590 0.632 -0.372 -0.339 50.000 0.000 231.838475 0 100.000
21.937 -0.300 4.989 0.603 0.646 -0.348 -0.311 50.000 0.000 231.981762 0 100.000
21.384 -0.553 12.128 0.598 0.646 -0.353 -0.317 50.000 0.000 232.125050 0 100.000
20.825 -0.821 19.266 0.596 0.645 -0.356 -0.320 50.000 0.000 232.268345 0 100.000
20.267 -1.094 26.403 0.596 0.645 -0.356 -0.320 50.000 0.000 232.411639 0 100.000
19.702 -1.354 33.541 0.592 0.642 -0.362 -0.327 50.000 0.000 232.554936 0 100.000
19.136 -1.621 40.679 0.593 0.640 -0.365 -0.324 50.000 0.000 232.698234 0 100.000
18.517 -1.794 47.816 0.587 0.632 -0.377 -0.338 50.000 0.000 232.841559 0 100.000
17.934 -2.030 54.954 0.586 0.633 -0.375 -0.340 50.000 0.000 232.984863 0 100.000
17.451 -2.245 62.097 0.586 0.633 -0.375 -0.340 50.000 0.000 233.128115 0 100.000
16.935 -2.442 69.239 0.614 0.643 -0.339 -0.308 50.000 0.000 233.271379 0 100.000
16.417 -2.633 76.381 0.621 0.636 -0.352 -0.294 50.000 0.000 233.414645 0 100.000
15.623 -2.267 83.524 0.649 0.593 -0.420 -0.225 50.000 0.000 233.558573 0 100.000
13.514 0.384 90.662 0.507 -0.187 -0.347 0.766 50.000 0.000 233.716603 0 100.000
39.665 20.000 -74.285 0.000 0.420 0.907 -0.000 50.000 0.000 237.079707 0 100.000
36.644 20.000 -74.285 0.000 0.873 -0.488 -0.000 50.000 0.000 237.140135 0 100.000
11.997 2.995 90.656 0.785 0.345 -0.184 -0.480 50.000 0.000 240.492879 0 100.000
14.142 0.364 83.520 0.225 -0.420 -0.593 0.649 50.000 0.000 240.650932 0 100.000
14.949 0.005 76.378 -0.295 0.352 0.636 -0.620 50.000 0.000 240.794865 0 100.000
15.434 0.177 69.234 -0.308 0.338 0.643 -0.614 50.000 0.000 240.938117 0 100.000
15.915 0.356 62.090 -0.318 0.352 0.643 -0.601 50.000 0.000 241.081368 0 100.000
16.380 0.561 54.945 -0.318 0.352 0.643 -0.601 50.000 0.000 241.224613 0 100.000
16.967 0.799 47.808 -0.315 0.354 0.642 -0.603 50.000 0.000 241.367920 0 100.000
17.587 0.972 40.671 -0.324 0.365 0.640 -0.593 50.000 0.000 241.511246 0 100.000
18.098 1.203 33.530 -0.327 0.362 0.642 -0.592 50.000 0.000 241.654510 0 100.000
18.669 1.469 26.392 -0.320 0.356 0.645 -0.596 50.000 0.000 241.797811 0 100.000
19.215 1.733 19.254 -0.320 0.356 0.645 -0.596 50.000 0.000 241.941098 0 100.000
19.780 2.004 12.116 -0.317 0.353 0.646 -0.598 50.000 0.000 242.084396 0 100.000
20.329 2.257 4.977 -0.312 0.348 0.646 -0.603 50.000 0.000 242.227682 0 100.000
20.868 2.447 -2.164 -0.306 0.342 0.648 -0.608 50.000 0.000 242.370957 0 100.000
21.330 2.635 -9.308 -0.297 0.331 0.654 -0.612 50.000 0.000 242.514202 0 100.000
21.841 2.887 -16.449 -0.325 0.359 0.641 -0.595 50.000 0.000 242.657469 0 100.000
22.362 3.109 -23.590 -0.325 0.358 0.641 -0.596 50.000 0.000 242.800737 0 100.000
22.862 3.351 -30.731 -0.320 0.354 0.645 -0.596 50.000 0.000 242.943998 0 100.000
23.387 3.626 -37.871 -0.321 0.354 0.646 -0.596 50.000 0.000 243.087276 0 100.000
23.914 3.902 -45.010 -0.306 0.332 0.655 -0.605 50.000 0.000 243.230556 0 100.000
24.277 4.251 -52.156 -0.306 0.332 0.655 -0.605 50.000 0.000 243.373820 0 100.000
24.810 4.536 -59.294 -0.240 0.275 0.676 -0.640 50.000 0.000 243.517104 0 100.000
25.345 4.822 -66.433 0.605 0.676 -0.322 -0.272 50.000 0.000 243.660390 0 100.000
19.181 4.271 97.315 0.793 0.336 -0.206 -0.464 50.000 0.000 246.937689 0 100.000
-1.371 -30.000 -74.285 -0.039 0.706 0.707 0.025 50.000 0.000 246.937689 0 100.000
1.650 -30.000 -74.285 -0.034 0.706 0.706 0.033 50.000 0.000 246.998117 0 100.000
4.672 -30.000 -74.285 -0.026 0.707 0.706 0.042 50.000 0.000 247.058545 0 100.000
7.693 -30.000 -74.285 -0.022 0.707 0.706 0.046 50.000 0.000 247.118973 0 100.000
10.715 -30.000 -74.285 -0.017 0.707 0.705 0.049 50.000 0.000 247.179400 0 100.000
13.736 -30.000 -74.285 -0.012 0.707 0.705 0.051 50.000 0.000 247.239828 0 100.000
16.757 -30.000 -74.285 -0.007 0.707 0.705 0.053 50.000 0.000 247.300256 0 100.000
19.779 -30.000 -74.285 -0.003 0.707 0.705 0.054 50.000 0.000 247.360684 0 100.000
22.800 -30.000 -74.285 0.037 0.059 0.997 0.040 50.000 0.000 247.421112 0 100.000
10.350 -13.694 90.128 0.532 0.144 0.344 0.760 50.000 0.000 250.734866 0 100.000
8.636 -10.566 82.953 0.656 -0.620 0.308 -0.302 50.000 0.000 250.895112 0 100.000
12.123 -9.029 4.266 0.683 -0.649 0.222 -0.251 50.000 0.000 252.470693 0 100.000
11.788 -9.186 11.418 0.270 0.232 0.647 0.674 50.000 0.000 252.613924 0 100.000
11.243 -9.241 18.563 0.241 0.210 0.663 0.677 50.000 0.000 252.757228 0 100.000
10.974 -9.396 25.718 0.230 0.221 0.659 0.681 50.000 0.000 252.900470 0 100.000
10.868 -9.698 32.877 0.242 0.244 0.650 0.677 50.000 0.000 253.043803 0 100.000
10.649 -10.126 40.028 0.239 0.247 0.649 0.678 50.000 0.000 253.187136 0 100.000
10.612 -10.529 47.188 0.271 0.281 0.633 0.669 50.000 0.000 253.330570 0 100.000
10.541 -10.866 54.349 0.273 0.278 0.634 0.668 50.000 0.000 253.473942 0 100.000
10.324 -11.313 61.499 0.273 0.279 0.633 0.668 50.000 0.000 253.617290 0 100.000
10.242 -11.691 68.657 0.300 0.309 0.619 0.656 50.000 0.000 253.760672 0 100.000
10.163 -12.076 75.816 0.286 0.323 0.612 0.663 50.000 0.000 253.904061 0 100.000
10.371 -13.038 82.974 0.212 0.388 0.573 0.690 50.000 0.000 254.048559 0 100.000
12.064 -16.178 90.147 0.764 -0.343 0.146 -0.526 50.000 0.000 254.208786 0 100.000
25.821 -30.000 -74.285 -0.037 0.998 0.017 0.040 50.000 0.000 257.520469 0 100.000
0.544 -25.712 97.315 -0.366 0.368 0.059 0.853 50.000 0.000 257.520469 0 100.000
2.910 -27.591 97.315 -0.366 0.363 0.050 0.855 50.000 0.000 257.580897 0 100.000
5.276 -29.471 97.315 -0.366 0.363 0.050 0.855 50.000 0.000 257.641324 0 100.000
7.642 -31.350 97.315 -0.366 0.363 0.050 0.855 50.000 0.000 257.701752 0 100.000
10.008 -33.229 97.315 -0.365 0.360 0.041 0.857 50.000 0.000 257.762180 0 100.000
12.374 -35.108 97.315 -0.365 0.360 0.041 0.857 50.000 0.000 257.822608 0 100.000
14.740 -36.987 97.315 -0.366 0.358 0.041 0.858 50.000 0.000 257.883036 0 100.000
17.106 -38.866 97.315 -0.366 0.358 0.041 0.858 50.000 0.000 257.943463 0 100.000
19.472 -40.746 97.315 -0.435 -0.000 0.000 0.901 50.000 0.000 258.003891 0 100.000
21.837 -42.625 97.315 0.560 0.000 0.000 -0.828 50.000 0.000 258.064319 0 100.000
24.454 -42.742 97.315 0.770 0.000 0.000 -0.638 50.000 0.000 258.116711 0 100.000
27.251 -41.598 97.315 0.772 -0.222 -0.263 -0.535 50.000 0.000 258.177139 0 100.000
30.048 -40.455 97.315 0.796 -0.115 -0.325 -0.498 50.000 0.000 258.237567 0 100.000
32.844 -39.311 97.315 0.821 -0.279 -0.214 0.450 50.000 0.000 258.297995 0 100.000
3.944 -5.786 -67.784 0.643 -0.760 0.087 0.039 50.000 0.000 261.716581 0 100.000
6.950 -6.043 -67.641 -0.013 0.147 0.711 0.688 50.000 0.000 261.776995 0 100.000
35.641 -38.168 97.315 0.594 0.295 -0.220 -0.716 50.000 0.000 265.186724 0 100.000
38.438 -37.024 97.315 0.718 -0.219 -0.296 0.591 50.000 0.000 265.247151 0 100.000
9.860 -6.843 -67.517 0.666 -0.728 0.161 0.000 50.000 0.000 268.646989 0 100.000
10.334 -6.653 -60.315 0.108 0.145 0.696 0.695 50.000 0.000 268.791382 0 100.000
36.644 20.000 -74.285 0.000 0.885 -0.465 -0.000 50.000 0.000 268.791382 0 100.000
11.997 2.995 90.656 0.785 0.345 -0.184 -0.480 50.000 0.000 272.144126 0 100.000
14.142 0.364 83.520 0.225 -0.420 -0.593 0.649 50.000 0.000 272.302179 0 100.000
14.949 0.005 76.378 -0.295 0.352 0.636 -0.620 50.000 0.000 272.446112 0 100.000
15.434 0.177 69.234 -0.308 0.338 0.643 -0.614 50.000 0.000 272.589364 0 100.000
15.915 0.356 62.090 -0.318 0.352 0.643 -0.601 50.000 0.000 272.732614 0 100.000
16.380 0.561 54.945 -0.318 0.352 0.643 -0.601 50.000 0.000 272.875860 0 100.000
16.967 0.799 47.808 -0.315 0.354 0.642 -0.603 50.000 0.000 273.019167 0 100.000
17.587 0.972 40.671 -0.324 0.365 0.640 -0.593 50.000 0.000 273.162493 0 100.000
18.098 1.203 33.530 -0.327 0.362 0.642 -0.592 50.000 0.000 273.305757 0 100.000
18.669 1.469 26.392 -0.320 0.356 0.645 -0.596 50.000 0.000 273.449058 0 100.000
19.215 1.733 19.254 -0.320 0.356 0.645 -0.596 50.000 0.000 273.592345 0 100.000
19.780 2.004 12.116 -0.317 0.353 0.646 -0.598 50.000 0.000 273.735643 0 100.000
20.329 2.257 4.977 -0.312 0.348 0.646 -0.603 50.000 0.000 273.878929 0 100.000
20.868 2.447 -2.164 -0.306 0.342 0.648 -0.608 50.000 0.000 274.022204 0 100.000
21.330 2.635 -9.308 -0.297 0.331 0.654 -0.612 50.000 0.000 274.165448 0 100.000
21.841 2.887 -16.449 -0.325 0.359 0.641 -0.595 50.000 0.000 274.308716 0 100.000
22.362 3.109 -23.590 -0.325 0.358 0.641 -0.596 50.000 0.000 274.451984 0 100.000
22.862 3.351 -30.731 -0.320 0.354 0.645 -0.596 50.000 0.000 274.595245 0 100.000
23.387 3.626 -37.871 -0.321 0.354 0.646 -0.596 50.000 0.000 274.738523 0 100.000
23.914 3.902 -45.010 -0.306 0.332 0.655 -0.605 50.000 0.000 274.881803 0 100.000
24.277 4.251 -52.156 -0.306 0.332 0.655 -0.605 50.000 0.000 275.025066 0 100.000
24.810 4.536 -59.294 -0.240 0.275 0.676 -0.640 50.000 0.000 275.168351 0 100.000
25.345 4.822 -66.433 0.605 0.676 -0.322 -0.272 50.000 0.000 275.311637 0 100.000
19.181 4.271 97.315 0.799 0.333 -0.210 -0.454 50.000 0.000 278.588936 0 100.000
16.815 6.150 97.315 0.458 -0.193 -0.340 0.799 50.000 0.000 278.649364 0 100.000
23.382 7.118 -66.469 -0.241 0.274 0.676 -0.640 50.000 0.000 281.927744 0 100.000
22.895 6.873 -59.327 0.640 0.676 -0.275 -0.240 50.000 0.000 282.071000 0 100.000
22.366 6.591 -52.188 0.630 0.668 -0.293 -0.268 50.000 0.000 282.214282 0 100.000
22.011 6.248 -45.042 0.630 0.668 -0.292 -0.268 50.000 0.000 282.357543 0 100.000
21.556 6.028 -37.898 0.620 0.660 -0.316 -0.284 50.000 0.000 282.500787 0 100.000
21.074 5.786 -30.755 0.620 0.660 -0.316 -0.284 50.000 0.000 282.644041 0 100.000
20.605 5.567 -23.612 0.617 0.658 -0.323 -0.288 50.000 0.000 282.787289 0 100.000
20.095 5.353 -16.470 0.616 0.657 -0.324 -0.289 50.000 0.000 282.930551 0 100.000
19.585 5.099 -9.329 0.612 0.654 -0.331 -0.297 50.000 0.000 283.073818 0 100.000
19.076 4.879 -2.188 0.608 0.648 -0.342 -0.306 50.000 0.000 283.217081 0 100.000
18.535 4.688 4.953 0.623 0.662 -0.313 -0.275 50.000 0.000 283.360358 0 100.000
18.001 4.447 12.093 0.617 0.661 -0.320 -0.282 50.000 0.000 283.503634 0 100.000
17.464 4.196 19.232 0.615 0.659 -0.323 -0.287 50.000 0.000 283.646913 0 100.000
16.936 3.944 26.372 0.615 0.659 -0.324 -0.287 50.000 0.000 283.790188 0 100.000
16.409 3.708 33.512 0.611 0.654 -0.333 -0.297 50.000 0.000 283.933460 0 100.000
15.897 3.477 40.654 0.612 0.653 -0.335 -0.295 50.000 0.000 284.076725 0 100.000
15.322 3.332 47.794 0.603 0.642 -0.354 -0.315 50.000 0.000 284.220024 0 100.000
14.782 3.123 54.934 0.601 0.643 -0.352 -0.318 50.000 0.000 284.363300 0 100.000
14.329 2.928 62.079 0.601 0.643 -0.352 -0.318 50.000 0.000 284.506542 0 100.000
13.835 2.740 69.223 0.614 0.643 -0.338 -0.308 50.000 0.000 284.649797 0 100.000
13.337 2.560 76.366 0.621 0.636 -0.352 -0.294 50.000 0.000 284.793054 0 100.000
12.501 2.901 83.506 0.649 0.593 -0.420 -0.225 50.000 0.000 284.936997 0 100.000
10.468 5.600 90.650 0.445 -0.180 -0.347 0.806 50.000 0.000 285.095049 0 100.000
33.622 20.000 -74.285 0.000 0.457 0.889 -0.000 50.000 0.000 288.438513 0 100.000
30.601 20.000 -74.285 0.044 0.879 -0.474 -0.011 50.000 0.000 288.498941 0 100.000
8.707 8.054 90.628 0.831 0.347 -0.170 -0.400 50.000 0.000 291.834696 0 100.000
10.981 5.510 83.500 0.225 -0.420 -0.593 0.649 50.000 0.000 291.992735 0 100.000
11.696 5.097 76.352 -0.295 0.352 0.636 -0.620 50.000 0.000 292.136653 0 100.000
12.160 5.254 69.206 -0.308 0.338 0.643 -0.614 50.000 0.000 292.279899 0 100.000
12.592 5.399 62.059 -0.283 0.315 0.658 -0.623 50.000 0.000 292.423139 0 100.000
13.007 5.568 54.911 -0.282 0.316 0.657 -0.623 50.000 0.000 292.566373 0 100.000
13.548 5.777 47.771 -0.280 0.319 0.656 -0.624 50.000 0.000 292.709650 0 100.000
14.107 5.908 40.629 -0.295 0.335 0.653 -0.612 50.000 0.000 292.852941 0 100.000
14.549 6.084 33.483 -0.297 0.333 0.654 -0.611 50.000 0.000 292.996181 0 100.000
15.089 6.331 26.344 -0.287 0.324 0.659 -0.615 50.000 0.000 293.139461 0 100.000
15.604 6.571 19.203 -0.287 0.323 0.659 -0.615 50.000 0.000 293.282728 0 100.000
16.153 6.832 12.064 -0.282 0.320 0.661 -0.617 50.000 0.000 293.426016 0 100.000
16.689 7.078 4.925 -0.276 0.313 0.662 -0.623 50.000 0.000 293.569294 0 100.000
17.201 7.248 -2.218 -0.268 0.305 0.664 -0.628 50.000 0.000 293.712557 0 100.000
17.630 7.402 -9.365 -0.256 0.291 0.670 -0.633 50.000 0.000 293.855795 0 100.000
18.119 7.635 -16.508 -0.289 0.324 0.657 -0.616 50.000 0.000 293.999051 0 100.000
18.610 7.834 -23.651 -0.288 0.323 0.658 -0.617 50.000 0.000 294.142305 0 100.000
19.076 8.048 -30.795 -0.283 0.316 0.660 -0.620 50.000 0.000 294.285551 0 100.000
19.510 8.246 -37.941 -0.230 0.262 0.678 -0.647 50.000 0.000 294.428788 0 100.000
19.991 8.490 -45.083 -0.233 0.259 0.679 -0.646 50.000 0.000 294.572043 0 100.000
20.324 8.809 -52.231 -0.268 0.293 0.668 -0.630 50.000 0.000 294.715295 0 100.000
20.755 8.998 -59.377 -0.241 0.275 0.676 -0.640 50.000 0.000 294.858531 0 100.000
21.212 9.216 -66.521 0.640 0.676 -0.274 -0.241 50.000 0.000 295.001775 0 100.000
14.449 8.029 97.315 0.822 0.340 -0.193 -0.414 50.000 0.000 298.281384 0 100.000
12.084 9.908 97.315 0.402 -0.169 -0.347 0.830 50.000 0.000 298.341812 0 100.000
18.903 11.165 -66.584 -0.207 0.237 0.683 -0.659 50.000 0.000 301.622738 0 100.000
18.456 10.957 -59.439 0.660 0.683 -0.238 -0.206 50.000 0.000 301.765978 0 100.000
18.121 10.876 -52.285 0.656 0.679 -0.244 -0.222 50.000 0.000 301.909225 0 100.000
17.869 10.640 -45.131 0.646 0.679 -0.258 -0.233 50.000 0.000 302.052472 0 100.000
17.404 10.412 -37.988 0.647 0.678 -0.262 -0.230 50.000 0.000 302.195719 0 100.000
17.017 10.259 -30.838 0.643 0.674 -0.273 -0.241 50.000 0.000 302.338951 0 100.000
16.588 10.078 -23.691 0.639 0.673 -0.280 -0.245 50.000 0.000 302.482187 0 100.000
16.106 9.888 -16.548 0.638 0.674 -0.281 -0.245 50.000 0.000 302.625438 0 100.000
15.636 9.668 -9.404 0.633 0.670 -0.291 -0.256 50.000 0.000 302.768686 0 100.000
15.136 9.449 -2.262 0.628 0.664 -0.305 -0.268 50.000 0.000 302.911944 0 100.000
14.608 9.267 4.880 0.623 0.662 -0.313 -0.276 50.000 0.000 303.055214 0 100.000
14.089 9.037 12.020 0.639 0.679 -0.275 -0.235 50.000 0.000 303.198482 0 100.000
13.573 8.808 19.162 0.638 0.675 -0.280 -0.242 50.000 0.000 303.341749 0 100.000
13.077 8.584 26.304 0.638 0.675 -0.280 -0.242 50.000 0.000 303.485006 0 100.000
12.594 8.388 33.447 0.634 0.669 -0.291 -0.256 50.000 0.000 303.628257 0 100.000
12.153 8.212 40.593 0.656 0.676 -0.255 -0.218 50.000 0.000 303.771496 0 100.000
11.617 8.096 47.737 0.624 0.656 -0.318 -0.280 50.000 0.000 303.914778 0 100.000
11.141 7.938 54.881 0.623 0.657 -0.316 -0.282 50.000 0.000 304.058028 0 100.000
10.677 7.728 62.026 0.623 0.658 -0.315 -0.283 50.000 0.000 304.201273 0 100.000
10.202 7.548 69.170 0.614 0.643 -0.339 -0.308 50.000 0.000 304.344522 0 100.000
9.876 7.505 76.325 0.621 0.636 -0.353 -0.294 50.000 0.000 304.487783 0 100.000
9.173 7.930 83.475 0.666 0.608 -0.388 -0.193 50.000 0.000 304.631707 0 100.000
6.775 10.376 90.593 0.395 -0.172 -0.346 0.834 50.000 0.000 304.789709 0 100.000
27.580 20.000 -74.285 -0.009 0.429 0.902 -0.045 50.000 0.000 308.118987 0 100.000
24.558 20.000 -74.285 0.046 0.872 -0.488 -0.006 50.000 0.000 308.179415 0 100.000
4.705 12.573 90.549 0.872 0.354 -0.149 -0.304 50.000 0.000 311.503235 0 100.000
7.268 10.273 83.442 0.193 -0.388 -0.608 0.666 50.000 0.000 311.661172 0 100.000
8.006 9.877 76.296 -0.264 0.319 0.646 -0.640 50.000 0.000 311.805083 0 100.000
8.332 9.921 69.140 -0.278 0.306 0.653 -0.635 50.000 0.000 311.948344 0 100.000
8.654 9.969 61.985 -0.248 0.278 0.668 -0.644 50.000 0.000 312.091603 0 100.000
9.075 10.142 54.837 -0.247 0.279 0.668 -0.644 50.000 0.000 312.234838 0 100.000
9.453 10.204 47.685 -0.217 0.256 0.676 -0.656 50.000 0.000 312.378090 0 100.000
10.012 10.342 40.544 -0.218 0.255 0.676 -0.656 50.000 0.000 312.521380 0 100.000
10.427 10.483 33.395 -0.256 0.292 0.669 -0.634 50.000 0.000 312.664617 0 100.000
10.932 10.705 26.253 -0.242 0.280 0.675 -0.638 50.000 0.000 312.807878 0 100.000
11.419 10.917 19.111 -0.242 0.280 0.675 -0.638 50.000 0.000 312.951132 0 100.000
11.957 11.169 11.971 -0.235 0.274 0.679 -0.639 50.000 0.000 313.094412 0 100.000
12.483 11.413 4.831 -0.226 0.266 0.679 -0.646 50.000 0.000 313.237684 0 100.000
12.960 11.544 -2.315 -0.216 0.254 0.681 -0.652 50.000 0.000 313.380939 0 100.000
13.364 11.659 -9.464 -0.200 0.237 0.688 -0.656 50.000 0.000 313.524179 0 100.000
13.845 11.882 -16.607 -0.245 0.282 0.674 -0.638 50.000 0.000 313.667431 0 100.000
14.313 12.058 -23.752 -0.245 0.280 0.673 -0.639 50.000 0.000 313.810677 0 100.000
14.750 12.243 -30.898 -0.241 0.273 0.674 -0.643 50.000 0.000 313.953915 0 100.000
15.193 12.457 -38.043 -0.230 0.262 0.678 -0.647 50.000 0.000 314.097155 0 100.000
15.583 12.607 -45.193 -0.233 0.258 0.679 -0.646 50.000 0.000 314.240387 0 100.000
15.829 12.831 -52.347 -0.222 0.244 0.679 -0.656 50.000 0.000 314.383635 0 100.000
16.196 12.954 -59.499 -0.207 0.237 0.683 -0.659 50.000 0.000 314.526870 0 100.000
16.532 13.028 -66.653 0.659 0.683 -0.237 -0.207 50.000 0.000 314.670119 0 100.000
9.718 11.787 97.315 0.840 0.342 -0.178 -0.380 50.000 0.000 317.952405 0 100.000
7.352 13.667 97.315 0.362 -0.153 -0.353 0.849 50.000 0.000 318.012832 0 100.000
13.984 14.645 -66.737 -0.172 0.197 0.687 -0.678 50.000 0.000 321.296608 0 100.000
13.668 14.607 -59.580 0.678 0.687 -0.199 -0.170 50.000 0.000 321.439872 0 100.000
13.311 14.498 -52.428 0.682 0.692 -0.179 -0.157 50.000 0.000 321.583110 0 100.000
13.135 14.375 -45.267 0.673 0.693 -0.194 -0.171 50.000 0.000 321.726391 0 100.000
12.761 14.248 -38.117 0.674 0.691 -0.198 -0.167 50.000 0.000 321.869626 0 100.000
12.374 14.107 -30.967 0.666 0.691 -0.214 -0.180 50.000 0.000 322.012859 0 100.000
11.973 13.968 -23.818 0.662 0.690 -0.223 -0.186 50.000 0.000 322.156095 0 100.000
11.512 13.800 -16.672 0.661 0.691 -0.224 -0.186 50.000 0.000 322.299340 0 100.000
11.089 13.646 -9.524 0.656 0.688 -0.237 -0.200 50.000 0.000 322.442576 0 100.000
10.593 13.411 -2.383 0.652 0.681 -0.254 -0.216 50.000 0.000 322.585835 0 100.000
10.076 13.238 4.760 0.646 0.679 -0.266 -0.226 50.000 0.000 322.729101 0 100.000
9.564 13.013 11.901 0.662 0.696 -0.215 -0.173 50.000 0.000 322.872365 0 100.000
9.066 12.811 19.044 0.662 0.692 -0.222 -0.182 50.000 0.000 323.015622 0 100.000
8.599 12.623 26.188 0.662 0.692 -0.221 -0.183 50.000 0.000 323.158867 0 100.000
8.158 12.477 33.335 0.658 0.688 -0.235 -0.198 50.000 0.000 323.302109 0 100.000
7.791 12.388 40.488 0.656 0.676 -0.255 -0.218 50.000 0.000 323.445353 0 100.000
7.331 12.350 47.637 0.656 0.676 -0.255 -0.217 50.000 0.000 323.588629 0 100.000
6.924 12.255 54.787 0.644 0.668 -0.278 -0.247 50.000 0.000 323.731874 0 100.000
6.601 12.171 61.941 0.644 0.668 -0.278 -0.248 50.000 0.000 323.875121 0 100.000
6.255 12.107 69.095 0.650 0.666 -0.272 -0.244 50.000 0.000 324.018372 0 100.000
5.904 12.046 76.249 0.655 0.660 -0.286 -0.230 50.000 0.000 324.161625 0 100.000
5.160 12.435 83.395 0.676 0.625 -0.357 -0.157 50.000 0.000 324.305531 0 100.000
2.387 14.508 90.485 0.254 -0.135 -0.353 0.890 50.000 0.000 324.463337 0 100.000
21.537 20.000 -74.285 -0.007 0.460 0.886 -0.046 50.000 0.000 327.782734 0 100.000
18.515 20.000 -74.285 0.047 0.866 -0.497 -0.000 50.000 0.000 327.843161 0 100.000
-0.176 16.097 90.400 0.901 0.356 -0.124 -0.215 50.000 0.000 331.158918 0 100.000
2.832 14.356 83.330 0.119 -0.320 -0.640 0.688 50.000 0.000 331.316472 0 100.000
3.598 13.997 76.186 0.193 -0.249 -0.671 0.671 50.000 0.000 331.460356 0 100.000
3.921 14.023 69.030 -0.207 0.235 0.676 -0.667 50.000 0.000 331.603625 0 100.000
4.242 14.054 61.874 -0.209 0.237 0.678 -0.663 50.000 0.000 331.746891 0 100.000
4.538 14.101 54.717 -0.208 0.238 0.678 -0.663 50.000 0.000 331.890154 0 100.000
4.860 14.083 47.560 -0.159 0.194 0.687 -0.682 50.000 0.000 332.033445 0 100.000
5.240 13.998 40.404 -0.218 0.255 0.676 -0.656 50.000 0.000 332.176782 0 100.000
5.663 14.158 33.256 -0.198 0.235 0.688 -0.658 50.000 0.000 332.320018 0 100.000
6.138 14.360 26.112 -0.183 0.221 0.692 -0.662 50.000 0.000 332.463266 0 100.000
6.607 14.549 18.968 -0.182 0.222 0.692 -0.662 50.000 0.000 332.606513 0 100.000
7.135 14.799 11.828 -0.173 0.215 0.697 -0.662 50.000 0.000 332.749788 0 100.000
7.626 15.005 4.685 -0.161 0.203 0.697 -0.669 50.000 0.000 332.893042 0 100.000
8.088 15.098 -2.462 -0.148 0.189 0.698 -0.674 50.000 0.000 333.036300 0 100.000
8.490 15.183 -9.613 -0.199 0.237 0.688 -0.656 50.000 0.000 333.179547 0 100.000
8.973 15.411 -16.756 -0.186 0.224 0.691 -0.661 50.000 0.000 333.322801 0 100.000
9.424 15.565 -23.902 -0.186 0.223 0.690 -0.662 50.000 0.000 333.466044 0 100.000
9.843 15.729 -31.050 -0.180 0.214 0.691 -0.666 50.000 0.000 333.609279 0 100.000
10.243 15.901 -38.198 -0.167 0.198 0.692 -0.674 50.000 0.000 333.752511 0 100.000
10.594 16.000 -45.351 -0.171 0.194 0.693 -0.673 50.000 0.000 333.895752 0 100.000
10.774 16.132 -52.511 -0.158 0.178 0.692 -0.681 50.000 0.000 334.039029 0 100.000
11.042 16.091 -59.672 0.135 -0.161 -0.690 0.693 50.000 0.000 334.182344 0 100.000
11.297 16.024 -66.834 0.693 0.690 -0.160 -0.136 50.000 0.000 334.325680 0 100.000
4.986 15.546 97.315 0.872 0.354 -0.150 -0.304 50.000 0.000 337.611099 0 100.000
2.620 17.425 97.315 0.251 -0.109 -0.361 0.891 50.000 0.000 337.671527 0 100.000
8.481 17.110 -66.945 0.102 -0.124 -0.691 0.705 50.000 0.000 340.958831 0 100.000
8.251 17.237 -59.780 0.705 0.691 -0.125 -0.101 50.000 0.000 341.102223 0 100.000
7.968 17.246 -52.621 0.682 0.692 -0.179 -0.158 50.000 0.000 341.245516 0 100.000
7.839 17.235 -45.455 0.673 0.693 -0.194 -0.171 50.000 0.000 341.388863 0 100.000
7.512 17.188 -38.300 0.694 0.700 -0.133 -0.102 50.000 0.000 341.532122 0 100.000
7.147 17.088 -31.148 0.684 0.705 -0.148 -0.113 50.000 0.000 341.675362 0 100.000
6.759 16.985 -23.997 0.684 0.705 -0.151 -0.113 50.000 0.000 341.818603 0 100.000
6.314 16.842 -16.850 0.682 0.706 -0.152 -0.112 50.000 0.000 341.961846 0 100.000
5.890 16.721 -9.701 0.678 0.704 -0.168 -0.128 50.000 0.000 342.105088 0 100.000
5.442 16.529 -2.556 0.674 0.698 -0.189 -0.148 50.000 0.000 342.248329 0 100.000
4.931 16.358 4.587 0.669 0.696 -0.204 -0.161 50.000 0.000 342.391591 0 100.000
4.422 16.125 11.728 0.683 0.710 -0.140 -0.094 50.000 0.000 342.534855 0 100.000
3.930 15.946 18.872 0.685 0.706 -0.149 -0.106 50.000 0.000 342.678110 0 100.000
3.481 15.794 26.018 0.684 0.706 -0.147 -0.107 50.000 0.000 342.821352 0 100.000
3.062 15.693 33.167 0.678 0.700 -0.175 -0.139 50.000 0.000 342.964598 0 100.000
2.734 15.683 40.324 0.682 0.687 -0.194 -0.159 50.000 0.000 343.107874 0 100.000
2.327 15.724 47.477 0.682 0.687 -0.194 -0.159 50.000 0.000 343.251181 0 100.000
1.969 15.681 54.631 0.675 0.688 -0.202 -0.172 50.000 0.000 343.394441 0 100.000
1.636 15.569 61.784 0.675 0.688 -0.201 -0.173 50.000 0.000 343.537679 0 100.000
1.343 15.588 68.943 0.667 0.676 -0.235 -0.206 50.000 0.000 343.680976 0 100.000
1.058 15.632 76.103 0.695 0.690 -0.168 -0.111 50.000 0.000 343.824288 0 100.000
0.233 15.888 83.242 0.703 0.668 -0.241 -0.035 50.000 0.000 343.968103 0 100.000
-2.875 17.438 90.301 0.108 -0.089 -0.362 0.922 50.000 0.000 344.125451 0 100.000
15.494 20.000 -74.285 0.002 0.439 0.897 -0.047 50.000 0.000 347.438002 0 100.000
12.473 20.000 -74.285 0.047 0.866 -0.498 0.005 50.000 0.000 347.498429 0 100.000
-5.775 18.262 90.179 0.929 0.363 -0.060 -0.027 50.000 0.000 350.808061 0 100.000
-2.430 17.288 83.146 0.036 -0.241 -0.668 0.703 50.000 0.000 350.965013 0 100.000
-1.623 17.019 76.007 0.111 -0.167 -0.690 0.695 50.000 0.000 351.108820 0 100.000
-1.325 16.991 68.848 -0.125 0.154 0.694 -0.693 50.000 0.000 351.252121 0 100.000
-1.031 16.963 61.689 -0.131 0.159 0.697 -0.687 50.000 0.000 351.395423 0 100.000
-0.766 16.946 54.529 -0.130 0.160 0.697 -0.687 50.000 0.000 351.538724 0 100.000
-0.424 16.964 47.373 -0.159 0.194 0.687 -0.682 50.000 0.000 351.681995 0 100.000
-0.017 16.911 40.219 -0.159 0.194 0.687 -0.682 50.000 0.000 351.825310 0 100.000
0.329 16.951 33.065 -0.087 0.123 0.704 -0.694 50.000 0.000 351.968571 0 100.000
0.755 17.082 25.917 -0.107 0.147 0.706 -0.684 50.000 0.000 352.111812 0 100.000
1.198 17.216 18.769 -0.106 0.148 0.706 -0.685 50.000 0.000 352.255056 0 100.000
1.709 17.451 11.628 -0.095 0.139 0.710 -0.683 50.000 0.000 352.398321 0 100.000
2.169 17.579 4.482 -0.082 0.127 0.710 -0.688 50.000 0.000 352.541570 0 100.000
2.640 17.655 -2.666 -0.074 0.117 0.709 -0.692 50.000 0.000 352.684835 0 100.000
3.061 17.745 -9.815 -0.128 0.168 0.704 -0.678 50.000 0.000 352.828084 0 100.000
3.545 17.997 -16.957 -0.111 0.152 0.706 -0.682 50.000 0.000 352.971341 0 100.000
3.986 18.130 -24.105 -0.113 0.151 0.705 -0.684 50.000 0.000 353.114584 0 100.000
4.403 18.332 -31.251 -0.113 0.148 0.705 -0.684 50.000 0.000 353.257819 0 100.000
4.755 18.421 -38.404 -0.102 0.132 0.700 -0.694 50.000 0.000 353.401062 0 100.000
5.049 18.388 -45.563 -0.106 0.128 0.701 -0.694 50.000 0.000 353.544366 0 100.000
5.162 18.361 -52.731 0.093 -0.111 -0.697 0.702 50.000 0.000 353.687745 0 100.000
5.400 18.218 -59.896 0.063 -0.085 -0.689 0.717 50.000 0.000 353.831149 0 100.000
5.587 17.952 -67.067 0.717 0.690 -0.084 -0.063 50.000 0.000 353.974710 0 100.000
0.254 19.304 97.315 0.907 0.363 -0.104 -0.189 50.000 0.000 357.264194 0 100.000
-2.112 21.183 97.315 0.155 -0.070 -0.366 0.915 50.000 0.000 357.324622 0 100.000
2.630 18.521 -67.199 0.064 -0.084 -0.690 0.716 50.000 0.000 360.616707 0 100.000
2.457 18.879 -60.025 0.717 0.689 -0.085 -0.063 50.000 0.000 360.760404 0 100.000
2.241 19.093 -52.857 0.712 0.698 -0.061 -0.044 50.000 0.000 360.903890 0 100.000
2.140 19.182 -45.687 0.703 0.704 -0.076 -0.056 50.000 0.000 361.047321 0 100.000
1.843 19.213 -38.528 0.704 0.704 -0.082 -0.051 50.000 0.000 361.190624 0 100.000
1.508 19.182 -31.373 0.689 0.714 -0.104 -0.067 50.000 0.000 361.333889 0 100.000
1.068 18.905 -24.229 0.696 0.714 -0.066 -0.024 50.000 0.000 361.477137 0 100.000
0.628 18.774 -17.082 0.698 0.712 -0.067 -0.025 50.000 0.000 361.620381 0 100.000
0.184 18.661 -9.934 0.695 0.711 -0.094 -0.053 50.000 0.000 361.763629 0 100.000
-0.220 18.586 -2.783 0.691 0.709 -0.117 -0.074 50.000 0.000 361.906879 0 100.000
-0.733 18.355 4.358 0.688 0.710 -0.127 -0.082 50.000 0.000 362.050145 0 100.000
-1.230 18.123 11.500 0.683 0.710 -0.139 -0.094 50.000 0.000 362.193403 0 100.000
-1.731 17.947 18.643 0.698 0.713 -0.062 -0.016 50.000 0.000 362.336661 0 100.000
-2.175 17.808 25.790 0.698 0.714 -0.059 -0.018 50.000 0.000 362.479905 0 100.000
-2.555 17.823 32.944 0.694 0.704 -0.122 -0.087 50.000 0.000 362.623193 0 100.000
-2.884 17.832 40.101 0.682 0.687 -0.194 -0.159 50.000 0.000 362.766479 0 100.000
-3.302 17.859 47.254 0.682 0.687 -0.194 -0.159 50.000 0.000 362.909780 0 100.000
-3.642 17.841 54.409 0.697 0.704 -0.110 -0.080 50.000 0.000 363.053051 0 100.000
-3.935 17.760 61.565 0.697 0.704 -0.109 -0.081 50.000 0.000 363.196303 0 100.000
-4.220 17.826 68.726 0.706 0.699 -0.095 -0.067 50.000 0.000 363.339631 0 100.000
-4.493 17.956 75.888 0.707 0.697 -0.109 -0.053 50.000 0.000 363.483014 0 100.000
-5.322 18.138 83.025 0.708 0.681 -0.183 0.024 50.000 0.000 363.626749 0 100.000
-8.774 18.596 90.038 -0.055 -0.029 -0.367 0.928 50.000 0.000 363.783345 0 100.000
9.451 20.000 -74.285 0.007 0.424 0.904 -0.048 50.000 0.000 367.090069 0 100.000
6.430 20.000 -74.285 0.092 0.941 -0.326 0.019 50.000 0.000 367.150497 0 100.000
-11.775 18.419 89.884 0.921 0.373 -0.005 0.113 50.000 0.000 370.454140 0 100.000
-8.317 18.511 82.886 -0.021 -0.181 -0.682 0.709 50.000 0.000 370.610267 0 100.000
-7.480 18.386 75.751 0.053 -0.109 -0.697 0.707 50.000 0.000 370.753957 0 100.000
-7.186 18.285 68.590 0.066 -0.095 -0.699 0.706 50.000 0.000 370.897310 0 100.000
-6.890 18.255 61.431 -0.029 0.058 0.709 -0.702 50.000 0.000 371.040613 0 100.000
-6.614 18.330 54.274 -0.028 0.058 0.709 -0.702 50.000 0.000 371.183869 0 100.000
-6.276 18.357 47.119 -0.025 0.062 0.709 -0.702 50.000 0.000 371.327136 0 100.000
-5.853 18.342 39.967 0.011 0.026 0.708 -0.706 50.000 0.000 371.470431 0 100.000
-5.522 18.340 32.810 -0.042 0.077 0.707 -0.702 50.000 0.000 371.613712 0 100.000
-5.116 18.468 25.661 -0.018 0.059 0.714 -0.698 50.000 0.000 371.756950 0 100.000
-4.674 18.615 18.514 -0.016 0.061 0.713 -0.698 50.000 0.000 371.900192 0 100.000
-4.180 18.763 11.370 -0.005 0.053 0.716 -0.696 50.000 0.000 372.043450 0 100.000
-3.697 18.926 4.225 0.002 0.046 0.717 -0.695 50.000 0.000 372.186702 0 100.000
-3.190 19.125 -2.917 -0.022 0.067 0.716 -0.695 50.000 0.000 372.329962 0 100.000
-2.766 19.242 -10.066 0.006 0.037 0.710 -0.703 50.000 0.000 372.473205 0 100.000
-2.303 19.436 -17.210 -0.024 0.068 0.712 -0.698 50.000 0.000 372.616450 0 100.000
-1.864 19.566 -24.358 -0.025 0.066 0.714 -0.696 50.000 0.000 372.759693 0 100.000
-1.466 19.697 -31.507 -0.016 0.052 0.713 -0.699 50.000 0.000 372.902929 0 100.000
-1.134 19.693 -38.664 0.006 -0.036 -0.704 0.709 50.000 0.000 373.046212 0 100.000
-0.840 19.642 -45.823 0.011 -0.031 -0.705 0.709 50.000 0.000 373.189528 0 100.000
-0.745 19.500 -52.995 0.044 -0.061 -0.698 0.712 50.000 0.000 373.333008 0 100.000
-0.535 19.254 -60.164 0.024 -0.044 -0.688 0.724 50.000 0.000 373.476534 0 100.000
-0.364 18.840 -67.340 0.724 0.688 -0.043 -0.025 50.000 0.000 373.620322 0 100.000
-4.478 23.062 97.315 0.894 0.000 -0.000 0.448 50.000 0.000 376.915534 0 100.000
-7.007 23.796 97.315 -0.128 -0.000 0.000 0.992 50.000 0.000 376.968202 0 100.000
-3.380 18.898 -67.489 -0.025 0.010 -0.688 0.725 50.000 0.000 380.266535 0 100.000
-3.545 19.260 -60.314 0.725 0.688 0.009 0.026 50.000 0.000 380.410242 0 100.000
-3.748 19.504 -53.145 0.719 0.694 -0.005 0.010 50.000 0.000 380.553769 0 100.000
-3.852 19.772 -45.970 0.709 0.705 -0.031 -0.011 50.000 0.000 380.697381 0 100.000
-4.143 19.846 -38.810 0.712 0.701 0.010 0.041 50.000 0.000 380.840714 0 100.000
-4.479 19.841 -31.654 0.697 0.717 -0.012 0.024 50.000 0.000 380.983992 0 100.000
-4.882 19.566 -24.508 0.699 0.712 0.024 0.067 50.000 0.000 381.127234 0 100.000
-5.321 19.438 -17.361 0.698 0.712 -0.068 -0.024 50.000 0.000 381.270478 0 100.000
-5.774 19.387 -10.212 0.703 0.710 -0.037 0.006 50.000 0.000 381.413747 0 100.000
-6.197 19.338 -3.061 0.699 0.714 -0.017 0.028 50.000 0.000 381.557010 0 100.000
-6.686 19.043 4.079 0.695 0.717 -0.046 0.002 50.000 0.000 381.700278 0 100.000
-7.176 18.816 11.222 0.696 0.716 -0.053 -0.005 50.000 0.000 381.843534 0 100.000
-7.686 18.606 18.364 0.698 0.713 -0.062 -0.016 50.000 0.000 381.986796 0 100.000
-8.130 18.441 25.510 0.698 0.713 -0.060 -0.018 50.000 0.000 382.130036 0 100.000
-8.530 18.464 32.663 0.706 0.708 -0.026 0.011 50.000 0.000 382.273332 0 100.000
-8.864 18.454 39.819 0.706 0.708 -0.026 0.011 50.000 0.000 382.416607 0 100.000
-9.290 18.436 46.971 0.705 0.708 -0.008 0.029 50.000 0.000 382.559885 0 100.000
-9.626 18.389 54.125 0.705 0.708 -0.004 0.025 50.000 0.000 382.703143 0 100.000
-9.890 18.399 61.285 0.705 0.708 -0.003 0.024 50.000 0.000 382.846441 0 100.000
-10.183 18.409 68.444 0.706 0.699 -0.095 -0.067 50.000 0.000 382.989732 0 100.000
-10.480 18.419 75.602 0.707 0.697 -0.108 -0.054 50.000 0.000 383.133022 0 100.000
-11.321 18.420 82.733 0.709 0.683 -0.174 0.014 50.000 0.000 383.276629 0 100.000
-14.675 17.618 89.717 -0.244 0.051 -0.365 0.897 50.000 0.000 383.432417 0 100.000
3.408 20.000 -74.285 0.013 0.259 0.961 -0.093 50.000 0.000 386.732685 0 100.000
0.387 20.000 -74.285 0.211 0.964 -0.161 0.024 50.000 0.000 386.793113 0 100.000
-17.484 16.535 89.548 0.875 0.363 0.081 0.308 50.000 0.000 390.089941 0 100.000
-14.247 17.735 82.569 -0.008 -0.168 -0.685 0.709 50.000 0.000 390.245670 0 100.000
-13.438 17.895 75.441 0.056 -0.106 -0.697 0.707 50.000 0.000 390.389187 0 100.000
-13.151 17.934 68.283 0.068 -0.094 -0.699 0.706 50.000 0.000 390.532455 0 100.000
-12.869 17.972 61.125 0.079 -0.053 0.705 -0.703 50.000 0.000 390.675724 0 100.000
-12.616 18.007 53.966 0.081 -0.051 0.705 -0.703 50.000 0.000 390.819002 0 100.000
-12.284 18.085 46.812 0.085 -0.047 0.705 -0.702 50.000 0.000 390.962250 0 100.000
-11.862 18.159 39.662 0.058 -0.021 0.707 -0.704 50.000 0.000 391.105504 0 100.000
-11.531 18.224 32.507 0.058 -0.022 0.707 -0.704 50.000 0.000 391.248756 0 100.000
-11.146 18.369 25.358 0.077 -0.036 0.711 -0.698 50.000 0.000 391.391989 0 100.000
-10.700 18.490 18.210 0.081 -0.033 0.711 -0.698 50.000 0.000 391.535235 0 100.000
-10.189 18.659 11.067 0.089 -0.039 0.713 -0.695 50.000 0.000 391.678498 0 100.000
-9.694 18.803 3.923 0.094 -0.044 0.710 -0.696 50.000 0.000 391.821757 0 100.000
-9.205 19.101 -3.218 0.071 -0.025 0.713 -0.697 50.000 0.000 391.965026 0 100.000
-8.784 19.261 -10.365 0.047 -0.004 0.710 -0.702 50.000 0.000 392.108262 0 100.000
-8.338 19.444 -17.511 0.067 -0.022 0.711 -0.700 50.000 0.000 392.251502 0 100.000
-7.900 19.563 -24.659 0.067 -0.025 0.712 -0.699 50.000 0.000 392.394748 0 100.000
-7.487 19.656 -31.809 0.085 -0.048 0.704 -0.703 50.000 0.000 392.537994 0 100.000
-7.151 19.673 -38.964 -0.041 0.010 -0.701 0.712 50.000 0.000 392.681266 0 100.000
-6.856 19.519 -46.127 -0.035 0.016 -0.701 0.712 50.000 0.000 392.824667 0 100.000
-6.749 19.191 -53.303 -0.084 0.073 -0.686 0.719 50.000 0.000 392.968359 0 100.000
-6.532 18.835 -60.475 -0.027 0.009 -0.688 0.725 50.000 0.000 393.112033 0 100.000
-6.371 18.503 -67.648 0.695 0.713 0.061 0.070 50.000 0.000 393.255698 0 100.000
-9.804 22.653 97.315 0.930 0.368 -0.014 0.016 50.000 0.000 396.556729 0 100.000
-12.600 21.509 97.315 -0.106 0.044 -0.365 0.924 50.000 0.000 396.617157 0 100.000
-9.346 18.018 -67.810 0.096 -0.088 0.706 -0.696 50.000 0.000 399.921036 0 100.000
-9.524 18.451 -60.634 0.720 0.682 0.082 0.096 50.000 0.000 400.064853 0 100.000
-9.744 18.853 -53.461 0.719 0.686 0.073 0.084 50.000 0.000 400.208599 0 100.000
-9.828 19.048 -46.288 0.708 0.697 0.072 0.088 50.000 0.000 400.352140 0 100.000
-10.102 19.098 -39.127 0.707 0.697 0.065 0.096 50.000 0.000 400.495460 0 100.000
-10.423 19.029 -31.972 0.703 0.704 0.048 0.085 50.000 0.000 400.638711 0 100.000
-10.835 18.927 -24.822 0.699 0.712 0.025 0.067 50.000 0.000 400.781956 0 100.000
-11.272 18.792 -17.675 0.700 0.711 0.022 0.067 50.000 0.000 400.925198 0 100.000
-11.746 18.719 -10.528 0.701 0.704 0.053 0.099 50.000 0.000 401.068465 0 100.000
-12.178 18.611 -3.379 0.694 0.705 0.080 0.127 50.000 0.000 401.211712 0 100.000
-12.665 18.410 3.764 0.696 0.710 0.044 0.094 50.000 0.000 401.354965 0 100.000
-13.132 18.125 10.906 0.695 0.713 0.039 0.089 50.000 0.000 401.498223 0 100.000
-13.626 17.831 18.047 0.698 0.711 0.032 0.081 50.000 0.000 401.641493 0 100.000
-14.054 17.599 25.192 0.698 0.711 0.035 0.078 50.000 0.000 401.784731 0 100.000
-14.469 17.562 32.343 0.699 0.702 0.074 0.111 50.000 0.000 401.927998 0 100.000
-14.794 17.465 39.497 0.699 0.702 0.073 0.111 50.000 0.000 402.071240 0 100.000
-15.201 17.325 46.646 0.694 0.700 0.099 0.136 50.000 0.000 402.214476 0 100.000
-15.523 17.206 53.800 0.695 0.700 0.103 0.132 50.000 0.000 402.357714 0 100.000
-15.765 17.139 60.959 0.695 0.699 0.105 0.130 50.000 0.000 402.500983 0 100.000
-16.035 17.069 68.116 0.695 0.699 0.104 0.131 50.000 0.000 402.644243 0 100.000
-16.310 16.998 75.274 0.706 0.698 -0.104 -0.058 50.000 0.000 402.787501 0 100.000
-17.082 16.712 82.400 0.709 0.688 -0.156 -0.004 50.000 0.000 402.930984 0 100.000
-20.000 14.880 89.379 -0.368 0.108 -0.357 0.852 50.000 0.000 403.086630 0 100.000
-2.634 20.000 -74.285 0.021 0.091 0.970 -0.227 50.000 0.000 406.379866 0 100.000
-5.656 20.000 -74.285 0.205 0.971 -0.121 0.029 50.000 0.000 406.440294 0 100.000
-22.304 12.944 89.212 0.825 0.350 0.132 0.424 50.000 0.000 409.730166 0 100.000
-19.666 15.167 82.230 -0.437 0.025 -0.371 0.819 50.000 0.000 409.885914 0 100.000
-18.995 15.634 75.103 0.062 -0.099 -0.698 0.706 50.000 0.000 410.029388 0 100.000
-18.749 15.763 67.946 0.180 -0.153 0.690 -0.684 50.000 0.000 410.172639 0 100.000
-18.508 15.891 60.789 0.179 -0.154 0.690 -0.685 50.000 0.000 410.315892 0 100.000
-18.289 16.004 53.630 0.181 -0.152 0.690 -0.684 50.000 0.000 410.459156 0 100.000
-17.982 16.167 46.476 0.185 -0.147 0.691 -0.683 50.000 0.000 410.602389 0 100.000
-17.600 16.374 39.328 0.166 -0.129 0.696 -0.687 50.000 0.000 410.745619 0 100.000
-17.307 16.555 32.175 0.165 -0.129 0.695 -0.687 50.000 0.000 410.888854 0 100.000
-16.941 16.723 25.025 0.169 -0.128 0.699 -0.683 50.000 0.000 411.032083 0 100.000
-16.505 16.933 17.879 0.173 -0.124 0.700 -0.682 50.000 0.000 411.175321 0 100.000
-16.001 17.193 10.738 0.179 -0.128 0.699 -0.680 50.000 0.000 411.318587 0 100.000
-15.503 17.389 3.595 0.188 -0.137 0.695 -0.680 50.000 0.000 411.461844 0 100.000
-15.031 17.656 -3.547 0.126 -0.080 0.705 -0.694 50.000 0.000 411.605100 0 100.000
-14.658 17.929 -10.694 0.145 -0.100 0.700 -0.692 50.000 0.000 411.748338 0 100.000
-14.191 18.033 -17.841 0.152 -0.107 0.698 -0.691 50.000 0.000 411.891594 0 100.000
-13.754 18.164 -24.988 0.151 -0.108 0.697 -0.692 50.000 0.000 412.034837 0 100.000
-13.323 18.194 -32.139 -0.156 0.118 -0.690 0.697 50.000 0.000 412.178110 0 100.000
-12.970 18.162 -39.295 -0.162 0.133 -0.685 0.697 50.000 0.000 412.321409 0 100.000
-12.674 18.048 -46.456 -0.155 0.140 -0.684 0.699 50.000 0.000 412.464773 0 100.000
-12.580 17.825 -53.630 -0.085 0.072 -0.686 0.719 50.000 0.000 412.608337 0 100.000
-12.370 17.492 -60.802 -0.096 0.082 -0.682 0.720 50.000 0.000 412.751980 0 100.000
-12.207 17.078 -67.978 0.689 0.706 0.111 0.117 50.000 0.000 412.895773 0 100.000
-15.397 20.365 97.315 0.921 0.366 0.034 0.129 50.000 0.000 416.202899 0 100.000
-18.193 19.222 97.315 -0.181 0.076 -0.361 0.912 50.000 0.000 416.263327 0 100.000
-15.029 16.010 -68.147 0.142 -0.138 0.702 -0.684 50.000 0.000 419.573797 0 100.000
-15.187 16.413 -60.971 0.709 0.668 0.156 0.165 50.000 0.000 419.717572 0 100.000
-15.422 16.814 -53.799 0.705 0.675 0.149 0.157 50.000 0.000 419.861313 0 100.000
-15.540 17.105 -46.624 0.699 0.684 0.141 0.154 50.000 0.000 420.004945 0 100.000
-15.850 17.269 -39.463 0.697 0.685 0.133 0.162 50.000 0.000 420.148354 0 100.000
-16.147 17.185 -32.307 0.697 0.690 0.118 0.156 50.000 0.000 420.291604 0 100.000
-16.538 17.053 -25.157 0.692 0.697 0.108 0.151 50.000 0.000 420.434839 0 100.000
-16.963 16.894 -18.009 0.691 0.698 0.107 0.152 50.000 0.000 420.578076 0 100.000
-17.393 16.662 -10.864 0.692 0.700 0.099 0.145 50.000 0.000 420.721314 0 100.000
-17.822 16.513 -3.717 0.680 0.689 0.152 0.199 50.000 0.000 420.864553 0 100.000
-18.353 16.401 3.427 0.680 0.695 0.137 0.187 50.000 0.000 421.007833 0 100.000
-18.776 16.053 10.569 0.680 0.699 0.128 0.179 50.000 0.000 421.151103 0 100.000
-19.219 15.663 17.710 0.682 0.700 0.124 0.173 50.000 0.000 421.294397 0 100.000
-19.602 15.335 24.855 0.683 0.699 0.128 0.170 50.000 0.000 421.437653 0 100.000
-19.921 15.049 32.004 0.661 0.680 0.207 0.241 50.000 0.000 421.580896 0 100.000
-20.207 14.858 39.158 0.661 0.680 0.207 0.241 50.000 0.000 421.724132 0 100.000
-20.581 14.635 46.306 0.665 0.680 0.201 0.237 50.000 0.000 421.867362 0 100.000
-20.879 14.456 53.459 0.666 0.678 0.206 0.232 50.000 0.000 422.010596 0 100.000
-21.048 14.272 60.619 0.667 0.678 0.207 0.231 50.000 0.000 422.153874 0 100.000
-21.233 14.065 67.777 0.666 0.678 0.207 0.231 50.000 0.000 422.297144 0 100.000
-21.421 13.853 74.935 -0.079 -0.132 0.714 0.683 50.000 0.000 422.440413 0 100.000
-21.999 13.266 82.063 -0.014 -0.199 0.699 0.687 50.000 0.000 422.583930 0 100.000
-24.298 10.696 89.053 -0.498 0.163 -0.334 0.784 50.000 0.000 422.739802 0 100.000
-8.677 20.000 -74.285 0.028 0.071 0.992 -0.099 50.000 0.000 426.026723 0 100.000
-11.698 20.000 -74.285 0.044 0.975 -0.215 0.025 50.000 0.000 426.087151 0 100.000
-26.106 8.281 88.898 0.780 0.335 0.161 0.503 50.000 0.000 429.371869 0 100.000
-24.133 11.149 81.900 0.484 -0.339 0.637 -0.495 50.000 0.000 429.528181 0 100.000
-23.669 11.841 74.769 0.429 -0.404 0.598 -0.543 50.000 0.000 429.671777 0 100.000
-23.484 12.057 67.611 0.299 -0.279 0.656 -0.634 50.000 0.000 429.815048 0 100.000
-23.304 12.269 60.453 0.299 -0.279 0.656 -0.634 50.000 0.000 429.958320 0 100.000
-23.151 12.475 53.293 0.301 -0.277 0.657 -0.633 50.000 0.000 430.101608 0 100.000
-22.963 12.807 46.138 0.237 -0.201 0.680 -0.665 50.000 0.000 430.244904 0 100.000
-22.710 13.197 38.988 0.241 -0.207 0.680 -0.661 50.000 0.000 430.388202 0 100.000
-22.523 13.525 31.834 0.241 -0.207 0.680 -0.661 50.000 0.000 430.531497 0 100.000
-22.173 13.756 24.684 0.252 -0.212 0.679 -0.656 50.000 0.000 430.674728 0 100.000
-21.785 14.077 17.539 0.256 -0.208 0.680 -0.655 50.000 0.000 430.817982 0 100.000
-21.330 14.448 10.399 0.258 -0.208 0.680 -0.654 50.000 0.000 430.961269 0 100.000
-20.897 14.783 3.257 0.187 -0.137 0.695 -0.680 50.000 0.000 431.104535 0 100.000
-20.467 15.097 -3.886 0.199 -0.152 0.689 -0.680 50.000 0.000 431.247792 0 100.000
-20.099 15.331 -11.035 0.215 -0.171 0.685 -0.675 50.000 0.000 431.391024 0 100.000
-19.635 15.492 -18.180 0.226 -0.180 0.681 -0.673 50.000 0.000 431.534271 0 100.000
-19.212 15.657 -25.327 0.223 -0.181 0.680 -0.675 50.000 0.000 431.677506 0 100.000
-18.791 15.733 -32.477 -0.225 0.188 -0.674 0.678 50.000 0.000 431.820759 0 100.000
-18.456 15.750 -39.633 -0.162 0.133 -0.685 0.697 50.000 0.000 431.964031 0 100.000
-18.171 15.653 -46.794 -0.154 0.141 -0.684 0.699 50.000 0.000 432.107383 0 100.000
-18.077 15.409 -53.969 -0.157 0.149 -0.675 0.705 50.000 0.000 432.250973 0 100.000
-17.886 15.102 -61.141 -0.165 0.156 -0.668 0.709 50.000 0.000 432.394587 0 100.000
-17.739 14.696 -68.317 0.688 0.686 0.163 0.170 50.000 0.000 432.538375 0 100.000
-20.990 18.078 97.315 0.888 0.360 0.096 0.270 50.000 0.000 435.852351 0 100.000
-23.787 16.935 97.315 -0.309 0.132 -0.349 0.875 50.000 0.000 435.912779 0 100.000
-20.290 13.086 -68.487 0.206 -0.210 0.688 -0.664 50.000 0.000 439.230462 0 100.000
-20.440 13.496 -61.311 0.709 0.668 0.156 0.165 50.000 0.000 439.374254 0 100.000
-20.657 13.845 -54.140 0.688 0.657 0.216 0.221 50.000 0.000 439.517919 0 100.000
-20.768 14.119 -46.965 0.683 0.664 0.209 0.220 50.000 0.000 439.661533 0 100.000
-21.068 14.240 -39.804 0.680 0.667 0.201 0.228 50.000 0.000 439.804903 0 100.000
-21.434 14.280 -32.648 0.678 0.674 0.188 0.224 50.000 0.000 439.948206 0 100.000
-21.782 14.102 -25.497 0.675 0.680 0.181 0.222 50.000 0.000 440.091435 0 100.000
-22.178 13.898 -18.350 0.673 0.681 0.180 0.226 50.000 0.000 440.234666 0 100.000
-22.567 13.612 -11.204 0.675 0.685 0.171 0.215 50.000 0.000 440.377909 0 100.000
-22.934 13.361 -4.056 0.655 0.669 0.224 0.270 50.000 0.000 440.521143 0 100.000
-23.416 13.123 3.087 0.656 0.675 0.213 0.262 50.000 0.000 440.664397 0 100.000
-23.820 12.760 10.230 0.654 0.680 0.208 0.258 50.000 0.000 440.807670 0 100.000
-24.171 12.261 17.372 0.655 0.680 0.208 0.256 50.000 0.000 440.951030 0 100.000
-24.470 11.826 24.518 0.656 0.679 0.212 0.252 50.000 0.000 441.094347 0 100.000
-24.701 11.437 31.669 0.626 0.654 0.285 0.316 50.000 0.000 441.237653 0 100.000
-24.906 11.129 38.824 0.625 0.654 0.285 0.316 50.000 0.000 441.380932 0 100.000
-25.185 10.768 45.973 0.631 0.659 0.273 0.305 50.000 0.000 441.524209 0 100.000
-25.403 10.468 53.127 0.633 0.657 0.277 0.301 50.000 0.000 441.667482 0 100.000
-25.450 10.165 60.289 0.634 0.656 0.279 0.299 50.000 0.000 441.810861 0 100.000
-25.511 9.841 67.450 0.549 0.592 0.413 0.421 50.000 0.000 441.954237 0 100.000
-25.575 9.512 74.611 0.541 0.600 0.402 0.431 50.000 0.000 442.097612 0 100.000
-25.950 8.741 81.745 0.492 0.639 0.335 0.487 50.000 0.000 442.241311 0 100.000
-27.325 5.521 88.763 0.524 -0.532 0.503 -0.435 50.000 0.000 442.398168 0 100.000
-14.720 20.000 -74.285 0.022 0.052 0.997 -0.045 50.000 0.000 445.681651 0 100.000
-17.741 20.000 -74.285 0.043 0.992 -0.113 0.025 50.000 0.000 445.742078 0 100.000
-28.599 2.786 88.626 0.431 0.508 0.528 0.528 50.000 0.000 449.025630 0 100.000
-27.364 6.092 81.604 0.488 -0.333 0.640 -0.490 50.000 0.000 449.182821 0 100.000
-27.271 7.021 74.460 0.433 -0.400 0.601 -0.540 50.000 0.000 449.326905 0 100.000
-27.246 7.372 67.298 0.488 -0.492 0.535 -0.483 50.000 0.000 449.470323 0 100.000
-27.185 7.696 60.137 0.371 -0.356 0.623 -0.590 50.000 0.000 449.613699 0 100.000
-27.146 8.006 52.974 0.373 -0.354 0.624 -0.589 50.000 0.000 449.757088 0 100.000
-27.070 8.428 45.816 0.305 -0.273 0.659 -0.631 50.000 0.000 449.900501 0 100.000
-26.944 8.921 38.663 0.316 -0.284 0.654 -0.625 50.000 0.000 450.043932 0 100.000
-26.866 9.336 31.505 0.316 -0.285 0.654 -0.626 50.000 0.000 450.187339 0 100.000
-26.605 9.695 24.355 0.324 -0.287 0.653 -0.621 50.000 0.000 450.330619 0 100.000
-26.308 10.132 17.208 0.328 -0.283 0.655 -0.619 50.000 0.000 450.473937 0 100.000
-25.958 10.631 10.066 0.327 -0.280 0.656 -0.620 50.000 0.000 450.617299 0 100.000
-25.615 11.072 2.922 0.262 -0.213 0.675 -0.656 50.000 0.000 450.760615 0 100.000
-25.281 11.486 -4.223 0.269 -0.224 0.669 -0.655 50.000 0.000 450.903914 0 100.000
-24.939 11.749 -11.372 0.282 -0.240 0.664 -0.649 50.000 0.000 451.047150 0 100.000
-24.515 11.991 -18.517 0.288 -0.245 0.661 -0.649 50.000 0.000 451.190389 0 100.000
-24.135 12.214 -25.665 0.283 -0.244 0.660 -0.652 50.000 0.000 451.333620 0 100.000
-23.763 12.362 -32.815 -0.225 0.188 -0.674 0.678 50.000 0.000 451.476851 0 100.000
-23.451 12.410 -39.971 -0.229 0.201 -0.667 0.680 50.000 0.000 451.620112 0 100.000
-23.185 12.334 -47.133 -0.225 0.211 -0.658 0.686 50.000 0.000 451.763451 0 100.000
-23.078 12.061 -54.308 -0.221 0.216 -0.657 0.688 50.000 0.000 451.907069 0 100.000
-22.878 11.729 -61.480 -0.165 0.156 -0.668 0.709 50.000 0.000 452.050715 0 100.000
-22.746 11.338 -68.657 0.666 0.672 0.229 0.229 50.000 0.000 452.194486 0 100.000
-26.583 15.791 97.315 0.844 0.344 0.149 0.383 50.000 0.000 455.516004 0 100.000
-29.380 14.648 97.315 -0.437 0.188 -0.320 0.819 50.000 0.000 455.576432 0 100.000
-25.047 9.389 -68.823 0.245 -0.256 0.675 -0.647 50.000 0.000 458.902000 0 100.000
-25.158 9.753 -61.646 0.668 0.638 0.272 0.270 50.000 0.000 459.045744 0 100.000
-25.353 10.080 -54.474 0.668 0.638 0.271 0.272 50.000 0.000 459.189384 0 100.000
-25.462 10.355 -47.300 0.665 0.640 0.266 0.277 50.000 0.000 459.333003 0 100.000
-25.727 10.430 -40.138 0.680 0.667 0.201 0.229 50.000 0.000 459.476342 0 100.000
-26.079 10.429 -32.983 0.655 0.654 0.250 0.284 50.000 0.000 459.619622 0 100.000
-26.435 10.270 -25.832 0.652 0.660 0.244 0.283 50.000 0.000 459.762852 0 100.000
-26.766 9.997 -18.683 0.649 0.661 0.245 0.288 50.000 0.000 459.906091 0 100.000
-27.081 9.638 -11.535 0.649 0.664 0.240 0.282 50.000 0.000 460.049362 0 100.000
-27.352 9.292 -4.385 0.621 0.646 0.293 0.334 50.000 0.000 460.192634 0 100.000
-27.737 8.927 2.759 0.623 0.652 0.283 0.328 50.000 0.000 460.335906 0 100.000
-28.042 8.458 9.904 0.620 0.656 0.280 0.327 50.000 0.000 460.479247 0 100.000
-28.251 7.846 17.050 0.619 0.655 0.283 0.328 50.000 0.000 460.622753 0 100.000
-28.419 7.303 24.200 0.621 0.653 0.286 0.325 50.000 0.000 460.766204 0 100.000
-28.530 6.819 31.355 0.582 0.623 0.356 0.383 50.000 0.000 460.909636 0 100.000
-28.618 6.410 38.512 0.582 0.623 0.356 0.383 50.000 0.000 461.053032 0 100.000
-28.765 5.932 45.665 0.586 0.626 0.349 0.377 50.000 0.000 461.196437 0 100.000
-28.826 5.506 52.823 0.589 0.624 0.354 0.373 50.000 0.000 461.339864 0 100.000
-28.707 5.108 59.992 0.590 0.623 0.356 0.371 50.000 0.000 461.483468 0 100.000
-28.584 4.681 67.159 0.480 0.538 0.489 0.491 50.000 0.000 461.627095 0 100.000
-28.463 4.249 74.327 0.540 0.601 0.400 0.433 50.000 0.000 461.770723 0 100.000
-28.570 3.325 81.469 0.492 0.639 0.336 0.487 50.000 0.000 461.914786 0 100.000
-28.910 -0.175 88.532 0.532 -0.523 0.513 -0.425 50.000 0.000 462.072569 0 100.000
-20.763 20.000 -74.285 0.023 -0.043 0.998 -0.045 50.000 0.000 465.357846 0 100.000
-23.784 20.000 -74.285 0.044 0.998 0.030 0.024 50.000 0.000 465.418274 0 100.000
-26.660 -1.827 88.600 0.000 -0.030 0.738 0.674 50.000 0.000 468.705587 0 100.000
-29.387 0.446 81.352 0.561 -0.485 0.548 -0.387 50.000 0.000 468.867010 0 100.000
-29.571 1.447 74.196 0.433 -0.400 0.601 -0.540 50.000 0.000 469.011555 0 100.000
-29.721 1.885 67.028 0.491 -0.489 0.538 -0.480 50.000 0.000 469.155226 0 100.000
-29.813 2.300 59.861 0.434 -0.424 0.585 -0.539 50.000 0.000 469.298807 0 100.000
-29.922 2.693 52.694 0.435 -0.422 0.586 -0.538 50.000 0.000 469.442394 0 100.000
-30.009 3.196 45.530 0.578 -0.606 0.425 -0.344 50.000 0.000 469.586034 0 100.000
-30.065 3.780 38.370 0.383 -0.356 0.623 -0.582 50.000 0.000 469.729715 0 100.000
-30.152 4.278 31.206 0.383 -0.356 0.623 -0.582 50.000 0.000 469.873349 0 100.000
-30.045 4.760 24.051 0.388 -0.355 0.623 -0.579 50.000 0.000 470.016783 0 100.000
-29.885 5.309 16.901 0.388 -0.348 0.627 -0.579 50.000 0.000 470.160244 0 100.000
-29.688 5.928 9.754 0.388 -0.348 0.628 -0.578 50.000 0.000 470.303764 0 100.000
-29.491 6.485 2.606 0.328 -0.283 0.652 -0.623 50.000 0.000 470.447214 0 100.000
-29.306 7.007 -4.543 0.334 -0.293 0.646 -0.621 50.000 0.000 470.590637 0 100.000
-29.051 7.353 -11.694 0.344 -0.308 0.641 -0.613 50.000 0.000 470.733914 0 100.000
-28.718 7.697 -18.842 0.343 -0.304 0.639 -0.618 50.000 0.000 470.877176 0 100.000
-28.425 8.002 -25.992 0.337 -0.302 0.638 -0.623 50.000 0.000 471.020428 0 100.000
-28.106 8.201 -33.143 -0.284 0.250 -0.654 0.655 50.000 0.000 471.163659 0 100.000
-27.826 8.273 -40.300 -0.228 0.201 -0.667 0.680 50.000 0.000 471.306916 0 100.000
-27.621 8.258 -47.463 -0.277 0.266 -0.640 0.665 50.000 0.000 471.450236 0 100.000
-27.542 8.012 -54.639 -0.271 0.271 -0.638 0.668 50.000 0.000 471.593841 0 100.000
-27.372 7.706 -61.811 -0.270 0.272 -0.638 0.668 50.000 0.000 471.737463 0 100.000
-27.218 7.294 -68.988 0.636 0.664 0.286 0.270 50.000 0.000 471.881257 0 100.000
-32.177 13.504 97.315 0.811 0.324 0.182 0.453 50.000 0.000 475.211113 0 100.000
-34.973 12.361 97.315 -0.166 -0.000 0.000 0.986 50.000 0.000 475.271541 0 100.000
-29.248 5.065 -69.149 0.289 -0.312 0.654 -0.625 50.000 0.000 478.605981 0 100.000
-29.338 5.418 -61.971 0.643 0.618 0.323 0.316 50.000 0.000 478.749723 0 100.000
-29.501 5.717 -54.798 0.642 0.619 0.322 0.317 50.000 0.000 478.893341 0 100.000
-29.584 5.967 -47.623 0.640 0.622 0.316 0.323 50.000 0.000 479.036946 0 100.000
-29.796 5.987 -40.460 0.630 0.630 0.312 0.331 50.000 0.000 479.180266 0 100.000
-30.082 5.921 -33.303 0.627 0.632 0.307 0.336 50.000 0.000 479.323524 0 100.000
-30.394 5.719 -26.151 0.623 0.638 0.302 0.337 50.000 0.000 479.466755 0 100.000
-30.616 5.359 -18.999 0.618 0.639 0.304 0.343 50.000 0.000 479.610049 0 100.000
-30.769 4.888 -11.846 0.613 0.641 0.308 0.344 50.000 0.000 479.753445 0 100.000
-30.904 4.447 -4.692 0.582 0.618 0.355 0.391 50.000 0.000 479.896829 0 100.000
-31.138 3.956 2.456 0.583 0.624 0.347 0.388 50.000 0.000 480.040205 0 100.000
-31.301 3.382 9.606 0.578 0.627 0.348 0.388 50.000 0.000 480.183690 0 100.000
-31.305 2.665 16.759 0.579 0.627 0.348 0.388 50.000 0.000 480.327476 0 100.000
-31.282 2.023 23.916 0.579 0.623 0.355 0.389 50.000 0.000 480.471189 0 100.000
-31.214 1.453 31.077 0.535 0.589 0.418 0.439 50.000 0.000 480.614870 0 100.000
-31.130 0.955 38.241 0.535 0.589 0.418 0.439 50.000 0.000 480.758501 0 100.000
-31.083 0.375 45.401 0.343 0.426 0.605 0.578 50.000 0.000 480.902168 0 100.000
-30.884 -0.157 52.569 0.538 0.586 0.422 0.435 50.000 0.000 481.045989 0 100.000
-30.589 -0.600 59.745 0.539 0.585 0.424 0.434 50.000 0.000 481.189897 0 100.000
-30.317 -1.064 66.919 0.479 0.539 0.488 0.492 50.000 0.000 481.333782 0 100.000
-29.813 -1.538 74.105 0.377 0.474 0.562 0.563 50.000 0.000 481.478153 0 100.000
-28.367 -2.177 81.332 0.058 0.299 0.684 0.663 50.000 0.000 481.626128 0 100.000
-23.787 -1.017 88.765 0.676 -0.729 -0.093 0.059 50.000 0.000 481.802266 0 100.000
-26.805 20.000 -74.285 0.020 -0.208 0.977 -0.046 50.000 0.000 485.090788 0 100.000
-29.827 20.000 -74.285 0.044 0.971 0.233 0.023 50.000 0.000 485.151216 0 100.000
-21.046 0.236 88.935 -0.071 -0.079 0.731 0.674 50.000 0.000 488.444140 0 100.000
-25.450 -2.222 81.477 0.642 -0.730 0.085 0.220 50.000 0.000 488.624218 0 100.000
-27.570 -3.214 74.172 0.667 -0.734 0.116 0.055 50.000 0.000 488.777632 0 100.000
-29.145 -3.646 66.909 0.657 -0.708 0.236 -0.107 50.000 0.000 488.926519 0 100.000
-30.422 -3.542 59.675 0.549 -0.567 0.470 -0.395 50.000 0.000 489.073447 0 100.000
-31.154 -3.144 52.476 0.552 -0.563 0.475 -0.390 50.000 0.000 489.218385 0 100.000
-31.665 -2.582 45.293 0.582 -0.601 0.432 -0.337 50.000 0.000 489.362854 0 100.000
-31.922 -1.945 38.124 0.439 -0.418 0.589 -0.535 50.000 0.000 489.506883 0 100.000
-32.190 -1.397 30.952 0.439 -0.418 0.589 -0.535 50.000 0.000 489.650833 0 100.000
-32.337 -0.805 23.788 0.441 -0.415 0.591 -0.533 50.000 0.000 489.794639 0 100.000
-32.382 -0.155 16.630 0.439 -0.406 0.598 -0.535 50.000 0.000 489.938387 0 100.000
-32.399 0.570 9.476 0.439 -0.405 0.598 -0.534 50.000 0.000 490.082206 0 100.000
-32.400 1.228 2.321 0.388 -0.347 0.624 -0.583 50.000 0.000 490.225917 0 100.000
-32.406 1.842 -4.836 0.391 -0.355 0.618 -0.583 50.000 0.000 490.369579 0 100.000
-32.257 2.262 -11.990 0.399 -0.370 0.614 -0.573 50.000 0.000 490.512941 0 100.000
-32.125 2.746 -19.144 0.399 -0.368 0.612 -0.576 50.000 0.000 490.656359 0 100.000
-31.948 3.132 -26.298 0.392 -0.364 0.611 -0.584 50.000 0.000 490.799686 0 100.000
-31.748 3.415 -33.453 0.336 -0.307 0.632 -0.627 50.000 0.000 490.942961 0 100.000
-31.563 3.554 -40.613 -0.331 0.312 -0.630 0.630 50.000 0.000 491.086235 0 100.000
-31.436 3.595 -47.778 -0.323 0.316 -0.622 0.640 50.000 0.000 491.229569 0 100.000
-31.412 3.386 -54.956 -0.317 0.322 -0.619 0.643 50.000 0.000 491.373177 0 100.000
-31.261 3.095 -62.129 -0.316 0.324 -0.618 0.643 50.000 0.000 491.516789 0 100.000
-31.143 2.719 -69.306 0.613 0.642 0.340 0.311 50.000 0.000 491.660547 0 100.000
-37.770 11.217 97.315 0.899 0.000 -0.000 0.439 50.000 0.000 494.999932 0 100.000
-40.566 10.074 97.315 -0.209 -0.000 0.000 0.978 50.000 0.000 495.060360 0 100.000
-32.847 0.231 -69.457 0.310 -0.341 0.641 -0.613 50.000 0.000 498.405180 0 100.000
-32.919 0.575 -62.279 0.614 0.640 0.343 0.308 50.000 0.000 498.548922 0 100.000
-33.006 0.824 -55.104 0.610 0.596 0.376 0.363 50.000 0.000 498.692523 0 100.000
-33.020 1.027 -47.926 0.606 0.600 0.370 0.369 50.000 0.000 498.836133 0 100.000
-33.127 0.974 -40.760 0.593 0.603 0.372 0.383 50.000 0.000 498.979475 0 100.000
-33.300 0.827 -33.599 0.589 0.606 0.367 0.388 50.000 0.000 499.122754 0 100.000
-33.502 0.545 -26.444 0.584 0.611 0.364 0.392 50.000 0.000 499.266028 0 100.000
-33.569 0.101 -19.287 0.576 0.612 0.368 0.399 50.000 0.000 499.409463 0 100.000
-33.520 -0.459 -12.126 0.568 0.611 0.376 0.404 50.000 0.000 499.553110 0 100.000
-33.452 -0.990 -4.964 0.541 0.588 0.410 0.440 50.000 0.000 499.696752 0 100.000
-33.503 -1.581 2.190 0.540 0.595 0.403 0.437 50.000 0.000 499.840334 0 100.000
-33.418 -2.265 9.349 0.534 0.598 0.405 0.439 50.000 0.000 499.984172 0 100.000
-33.204 -3.046 16.512 0.437 0.530 0.509 0.518 50.000 0.000 500.128338 0 100.000
-32.978 -3.748 23.677 0.488 0.560 0.464 0.482 50.000 0.000 500.272405 0 100.000
-32.607 -4.380 30.852 0.427 0.510 0.527 0.529 50.000 0.000 500.416640 0 100.000
-32.039 -4.932 38.038 0.429 0.509 0.528 0.527 50.000 0.000 500.561240 0 100.000
-30.943 -5.398 45.253 0.229 0.349 0.658 0.626 50.000 0.000 500.707492 0 100.000
-29.362 -5.243 52.509 0.053 0.194 0.719 0.665 50.000 0.000 500.856048 0 100.000
-27.782 -4.617 59.778 -0.123 0.031 0.737 0.664 50.000 0.000 501.005336 0 100.000
-26.212 -3.602 67.056 -0.003 0.130 0.733 0.668 50.000 0.000 501.155627 0 100.000
-24.690 -2.426 74.336 -0.215 -0.030 0.730 0.648 50.000 0.000 501.306231 0 100.000
-22.705 -0.984 81.647 -0.288 0.022 0.727 0.623 50.000 0.000 501.460454 0 100.000
-18.168 1.141 89.103 0.673 -0.732 -0.065 0.084 50.000 0.000 501.640109 0 100.000
-32.848 20.000 -74.285 -0.000 -0.368 0.930 0.000 50.000 0.000 504.942629 0 100.000
-35.870 20.000 -74.285 0.000 0.926 0.378 -0.000 50.000 0.000 505.003057 0 100.000
-15.323 2.119 89.271 -0.128 -0.021 0.412 0.902 50.000 0.000 508.319215 0 100.000
-19.882 0.065 81.816 0.623 -0.727 0.022 0.288 50.000 0.000 508.498750 0 100.000
-21.960 -1.147 74.507 0.646 -0.726 -0.043 0.231 50.000 0.000 508.652642 0 100.000
-23.484 -2.324 67.226 0.668 -0.733 0.127 0.000 50.000 0.000 508.803257 0 100.000
-24.987 -3.533 59.946 0.643 -0.724 -0.073 0.236 50.000 0.000 508.953883 0 100.000
-26.477 -4.730 52.667 0.652 -0.731 -0.032 0.198 50.000 0.000 509.104401 0 100.000
-28.105 -5.933 45.381 0.654 -0.710 0.232 -0.117 50.000 0.000 509.255647 0 100.000
-29.899 -6.721 38.097 0.668 -0.735 0.101 0.061 50.000 0.000 509.406496 0 100.000
-31.529 -7.038 30.834 0.651 -0.690 0.280 -0.147 50.000 0.000 509.555497 0 100.000
-32.809 -6.714 23.606 0.569 -0.567 0.466 -0.372 50.000 0.000 509.702450 0 100.000
-33.598 -6.031 16.413 0.519 -0.508 0.531 -0.437 50.000 0.000 509.847834 0 100.000
-33.994 -5.227 9.241 0.471 -0.444 0.575 -0.500 50.000 0.000 509.992372 0 100.000
-34.243 -4.501 2.075 0.471 -0.447 0.571 -0.502 50.000 0.000 510.136510 0 100.000
-34.417 -3.844 -5.089 0.440 -0.410 0.588 -0.541 50.000 0.000 510.280433 0 100.000
-34.437 -3.335 -12.249 0.449 -0.424 0.581 -0.530 50.000 0.000 510.424000 0 100.000
-34.526 -2.762 -19.411 0.448 -0.427 0.581 -0.528 50.000 0.000 510.567710 0 100.000
-34.561 -2.278 -26.573 0.391 -0.364 0.611 -0.584 50.000 0.000 510.711272 0 100.000
-34.540 -1.909 -33.734 0.388 -0.367 0.606 -0.589 50.000 0.000 510.854702 0 100.000
-34.511 -1.691 -40.900 0.383 -0.372 0.603 -0.593 50.000 0.000 510.998082 0 100.000
-34.521 -1.581 -48.071 -0.369 0.370 -0.600 0.606 50.000 0.000 511.141508 0 100.000
-34.580 -1.750 -55.251 -0.363 0.376 -0.596 0.610 50.000 0.000 511.285160 0 100.000
-34.507 -1.991 -62.427 0.334 -0.376 0.626 -0.596 50.000 0.000 511.428762 0 100.000
-34.467 -2.315 -69.606 0.597 0.626 0.377 0.333 50.000 0.000 511.572501 0 100.000
-43.007 8.879 97.315 0.957 0.000 -0.000 0.289 50.000 0.000 514.922786 0 100.000
-40.641 7.000 97.315 -0.236 -0.000 0.000 0.972 50.000 0.000 514.983213 0 100.000
-35.839 -5.002 -69.746 0.352 -0.420 0.607 -0.575 50.000 0.000 518.334438 0 100.000
-35.830 -4.702 -62.565 0.571 0.612 0.413 0.359 50.000 0.000 518.478191 0 100.000
-35.757 -4.528 -55.384 0.574 0.570 0.425 0.406 50.000 0.000 518.621864 0 100.000
-35.633 -4.387 -48.201 0.570 0.575 0.419 0.412 50.000 0.000 518.765570 0 100.000
-35.571 -4.517 -41.029 0.550 0.574 0.427 0.430 50.000 0.000 518.909049 0 100.000
-35.565 -4.748 -33.862 0.547 0.578 0.422 0.434 50.000 0.000 519.052464 0 100.000
-35.579 -5.120 -26.699 0.539 0.583 0.422 0.439 50.000 0.000 519.195902 0 100.000
-35.406 -5.644 -19.532 0.528 0.581 0.427 0.448 50.000 0.000 519.339677 0 100.000
-35.178 -6.251 -12.364 0.522 0.577 0.434 0.455 50.000 0.000 519.483622 0 100.000
-34.887 -6.822 -5.192 0.473 0.534 0.483 0.508 50.000 0.000 519.627636 0 100.000
-34.589 -7.496 1.978 0.437 0.523 0.512 0.523 50.000 0.000 519.771786 0 100.000
-33.822 -8.191 9.171 0.282 0.411 0.622 0.604 50.000 0.000 519.917119 0 100.000
-32.244 -8.570 16.412 0.109 0.268 0.700 0.653 50.000 0.000 520.065540 0 100.000
-30.385 -8.182 23.688 -0.132 0.041 0.734 0.665 50.000 0.000 520.215939 0 100.000
-28.647 -7.233 30.973 -0.164 0.005 0.736 0.656 50.000 0.000 520.366917 0 100.000
-27.052 -5.978 38.259 -0.240 -0.064 0.727 0.640 50.000 0.000 520.518189 0 100.000
-25.358 -4.704 45.550 0.126 0.223 0.713 0.652 50.000 0.000 520.670055 0 100.000
-23.760 -3.419 52.837 -0.239 -0.071 0.725 0.642 50.000 0.000 520.821451 0 100.000
-22.283 -2.195 60.117 -0.230 -0.066 0.724 0.647 50.000 0.000 520.972007 0 100.000
-20.724 -1.118 67.396 -0.004 0.132 0.732 0.668 50.000 0.000 521.122450 0 100.000
-19.135 -0.089 74.676 -0.195 -0.007 0.726 0.659 50.000 0.000 521.272886 0 100.000
-17.068 1.150 81.985 -0.253 0.058 0.724 0.639 50.000 0.000 521.426809 0 100.000
-12.322 2.398 89.428 0.910 -0.407 0.038 0.070 50.000 0.000 521.605111 0 100.000
-38.891 20.000 -74.285 -0.000 -0.499 0.867 0.000 50.000 0.000 524.940829 0 100.000
-41.000 19.088 -74.285 0.000 0.871 0.492 -0.000 50.000 0.000 524.986788 0 100.000
-9.320 2.186 89.572 -0.043 0.072 0.397 0.914 50.000 0.000 528.341679 0 100.000
-14.152 1.879 82.150 0.661 -0.716 0.125 0.187 50.000 0.000 528.518914 0 100.000
-16.322 0.984 74.845 0.659 -0.726 -0.007 0.195 50.000 0.000 528.672371 0 100.000
-17.930 0.019 67.566 0.662 -0.726 -0.019 0.184 50.000 0.000 528.822703 0 100.000
-19.504 -1.029 60.286 0.656 -0.726 -0.038 0.201 50.000 0.000 528.973120 0 100.000
-21.058 -2.080 53.008 0.647 -0.724 -0.064 0.233 50.000 0.000 529.123451 0 100.000
-22.666 -3.343 45.721 0.652 -0.713 0.222 -0.127 50.000 0.000 529.274818 0 100.000
-24.331 -4.679 38.429 0.640 -0.727 -0.064 0.240 50.000 0.000 529.426770 0 100.000
-25.907 -5.975 31.143 0.641 -0.727 -0.064 0.239 50.000 0.000 529.578100 0 100.000
-27.535 -7.310 23.854 0.637 -0.723 -0.072 0.256 50.000 0.000 529.729852 0 100.000
-29.317 -8.605 16.557 0.664 -0.729 0.168 -0.009 50.000 0.000 529.882283 0 100.000
-31.395 -9.596 9.254 0.666 -0.734 0.116 0.070 50.000 0.000 530.035436 0 100.000
-33.339 -10.029 1.973 0.659 -0.700 0.251 -0.111 50.000 0.000 530.186409 0 100.000
-34.472 -9.741 -5.249 0.626 -0.609 0.384 -0.299 50.000 0.000 530.332726 0 100.000
-35.293 -9.253 -12.450 0.555 -0.558 0.478 -0.389 50.000 0.000 530.478002 0 100.000
-35.794 -8.632 -19.631 0.484 -0.475 0.553 -0.484 50.000 0.000 530.622512 0 100.000
-36.170 -8.079 -26.808 0.470 -0.460 0.560 -0.504 50.000 0.000 530.766670 0 100.000
-36.352 -7.650 -33.978 0.481 -0.477 0.542 -0.497 50.000 0.000 530.910383 0 100.000
-36.519 -7.370 -41.152 0.476 -0.482 0.538 -0.501 50.000 0.000 531.054005 0 100.000
-36.707 -7.202 -48.330 0.412 -0.419 0.575 -0.570 50.000 0.000 531.197649 0 100.000
-36.859 -7.336 -55.514 -0.406 0.425 -0.570 0.574 50.000 0.000 531.341388 0 100.000
-36.891 -7.523 -62.693 0.359 -0.413 0.612 -0.571 50.000 0.000 531.485028 0 100.000
-37.021 -7.772 -69.879 0.578 0.604 0.424 0.348 50.000 0.000 531.628858 0 100.000
-38.275 5.121 97.315 0.999 0.000 0.000 -0.050 50.000 0.000 534.982775 0 100.000
-35.909 3.242 97.315 0.604 -0.274 0.245 -0.707 50.000 0.000 535.043202 0 100.000
-38.111 -10.586 -70.009 0.363 -0.457 0.589 -0.560 50.000 0.000 538.401387 0 100.000
-37.887 -10.368 -62.819 0.550 0.600 0.441 0.377 50.000 0.000 538.545320 0 100.000
-37.689 -10.235 -55.633 0.532 0.542 0.474 0.446 50.000 0.000 538.689126 0 100.000
-37.353 -10.139 -48.441 0.528 0.547 0.468 0.451 50.000 0.000 538.833140 0 100.000
-36.951 -10.333 -41.253 0.403 0.462 0.569 0.548 50.000 0.000 538.977171 0 100.000
-36.545 -10.641 -34.068 0.398 0.467 0.566 0.551 50.000 0.000 539.121229 0 100.000
-36.118 -11.082 -26.886 0.379 0.461 0.573 0.562 50.000 0.000 539.265400 0 100.000
-35.003 -11.438 -19.667 0.170 0.301 0.684 0.642 50.000 0.000 539.411666 0 100.000
-33.459 -11.416 -12.416 0.072 0.213 0.715 0.662 50.000 0.000 539.559930 0 100.000
-31.867 -10.902 -5.150 -0.039 0.103 0.726 0.678 50.000 0.000 539.709049 0 100.000
-30.408 -10.114 2.117 -0.146 0.022 0.736 0.661 50.000 0.000 539.858122 0 100.000
-28.517 -8.813 9.419 -0.254 -0.052 0.727 0.636 50.000 0.000 540.011207 0 100.000
-26.607 -7.300 16.727 0.017 0.159 0.731 0.664 50.000 0.000 540.165285 0 100.000
-24.870 -5.896 24.024 -0.257 -0.072 0.723 0.637 50.000 0.000 540.317911 0 100.000
-23.235 -4.576 31.314 -0.235 -0.059 0.724 0.646 50.000 0.000 540.469644 0 100.000
-21.658 -3.281 38.600 -0.236 -0.058 0.724 0.646 50.000 0.000 540.620974 0 100.000
-19.950 -2.036 45.891 -0.208 -0.030 0.727 0.654 50.000 0.000 540.772803 0 100.000
-18.264 -0.950 53.177 -0.204 -0.035 0.726 0.656 50.000 0.000 540.923942 0 100.000
-16.674 0.004 60.455 -0.159 0.003 0.729 0.666 50.000 0.000 541.074148 0 100.000
-15.032 0.828 67.732 -0.114 0.047 0.725 0.677 50.000 0.000 541.224248 0 100.000
-13.360 1.535 75.007 -0.126 0.060 0.724 0.675 50.000 0.000 541.374214 0 100.000
-11.140 1.933 82.301 -0.125 0.185 0.701 0.678 50.000 0.000 541.526916 0 100.000
-6.443 1.291 89.691 0.911 -0.384 0.136 -0.059 50.000 0.000 541.702515 0 100.000
-41.000 16.066 -74.285 -0.000 -0.582 0.813 0.000 50.000 0.000 545.067075 0 100.000
-41.000 13.045 -74.285 0.000 0.833 0.553 -0.000 50.000 0.000 545.127503 0 100.000
-3.624 0.298 89.805 0.116 0.166 0.368 0.907 50.000 0.000 548.503004 0 100.000
-8.198 1.409 82.434 0.689 -0.683 0.232 0.075 50.000 0.000 548.677920 0 100.000
-10.344 1.547 75.158 0.686 -0.715 0.120 0.062 50.000 0.000 548.829671 0 100.000
-12.045 1.170 67.890 0.677 -0.725 0.048 0.115 50.000 0.000 548.979142 0 100.000
-13.727 0.629 60.619 0.679 -0.725 0.053 0.107 50.000 0.000 549.128798 0 100.000
-15.374 -0.099 53.344 0.665 -0.729 0.006 0.162 50.000 0.000 549.278682 0 100.000
-17.104 -1.045 46.060 0.654 -0.727 -0.030 0.208 50.000 0.000 549.429616 0 100.000
-18.884 -2.114 38.770 0.659 -0.724 -0.025 0.204 50.000 0.000 549.581218 0 100.000
-20.566 -3.171 31.485 0.646 -0.724 -0.059 0.235 50.000 0.000 549.732236 0 100.000
-22.220 -4.455 24.195 0.642 -0.726 -0.056 0.240 50.000 0.000 549.883927 0 100.000
-23.963 -5.849 16.898 0.638 -0.724 -0.058 0.256 50.000 0.000 550.036540 0 100.000
-25.880 -7.349 9.589 0.636 -0.727 -0.052 0.254 50.000 0.000 550.190606 0 100.000
-27.689 -8.828 2.287 0.643 -0.727 -0.060 0.233 50.000 0.000 550.343957 0 100.000
-29.001 -10.059 -4.985 0.644 -0.725 -0.075 0.231 50.000 0.000 550.493769 0 100.000
-30.515 -11.202 -12.264 0.656 -0.734 -0.011 0.175 50.000 0.000 550.644205 0 100.000
-32.203 -12.232 -19.548 0.666 -0.735 0.057 0.110 50.000 0.000 550.795170 0 100.000
-33.981 -12.929 -26.828 0.665 -0.724 0.182 -0.039 50.000 0.000 550.945700 0 100.000
-35.416 -13.208 -34.080 0.649 -0.691 0.273 -0.163 50.000 0.000 551.093658 0 100.000
-36.537 -13.213 -41.309 0.611 -0.646 0.363 -0.279 50.000 0.000 551.239963 0 100.000
-37.363 -13.132 -48.521 0.512 -0.545 0.489 -0.450 50.000 0.000 551.385155 0 100.000
-37.933 -13.237 -55.725 0.508 -0.549 0.484 -0.454 50.000 0.000 551.529703 0 100.000
-38.347 -13.334 -62.921 0.421 -0.502 0.565 -0.501 50.000 0.000 551.673877 0 100.000
-38.768 -13.519 -70.120 0.515 0.548 0.521 0.404 50.000 0.000 551.818147 0 100.000
-33.544 1.363 97.315 0.702 0.247 0.272 0.610 50.000 0.000 555.181684 0 100.000
-31.178 -0.516 97.315 0.701 -0.322 0.206 -0.602 50.000 0.000 555.242112 0 100.000
-38.076 -16.365 -70.162 0.561 -0.701 0.324 -0.297 50.000 0.000 558.609448 0 100.000
-37.251 -16.001 -62.938 0.273 0.354 0.687 0.573 50.000 0.000 558.755046 0 100.000
-36.271 -15.575 -55.705 0.056 0.147 0.734 0.660 50.000 0.000 558.901276 0 100.000
-35.242 -15.005 -48.466 0.051 0.153 0.733 0.661 50.000 0.000 559.047967 0 100.000
-33.929 -14.291 -41.208 -0.037 0.091 0.735 0.671 50.000 0.000 559.196163 0 100.000
-32.502 -13.582 -33.945 -0.140 0.005 0.736 0.662 50.000 0.000 559.344873 0 100.000
-31.032 -12.573 -26.672 -0.154 0.006 0.740 0.655 50.000 0.000 559.494646 0 100.000
-29.363 -11.259 -19.381 -0.244 -0.069 0.729 0.635 50.000 0.000 559.646533 0 100.000
-27.799 -9.895 -12.093 -0.249 -0.080 0.723 0.640 50.000 0.000 559.798078 0 100.000
-26.383 -8.562 -4.814 -0.230 -0.075 0.725 0.644 50.000 0.000 559.948768 0 100.000
-25.064 -7.342 2.457 -0.253 -0.077 0.722 0.640 50.000 0.000 560.098566 0 100.000
-23.247 -5.876 9.760 -0.258 -0.055 0.724 0.637 50.000 0.000 560.251901 0 100.000
-21.286 -4.468 17.068 -0.247 -0.049 0.726 0.640 50.000 0.000 560.405836 0 100.000
-19.478 -3.209 24.365 -0.240 -0.056 0.726 0.642 50.000 0.000 560.558278 0 100.000
-17.775 -2.026 31.654 -0.203 -0.026 0.724 0.659 50.000 0.000 560.709852 0 100.000
-16.034 -1.172 38.937 -0.160 0.018 0.723 0.672 50.000 0.000 560.860576 0 100.000
-14.182 -0.352 46.224 -0.166 0.011 0.729 0.664 50.000 0.000 561.011846 0 100.000
-12.401 0.393 53.506 -0.110 0.056 0.725 0.678 50.000 0.000 561.162512 0 100.000
-10.731 0.664 60.769 -0.055 0.104 0.715 0.689 50.000 0.000 561.311668 0 100.000
-9.047 0.901 68.032 -0.052 0.108 0.716 0.687 50.000 0.000 561.460860 0 100.000
-7.357 1.127 75.296 -0.011 0.168 0.701 0.693 50.000 0.000 561.610075 0 100.000
-5.300 0.667 82.559 -0.021 0.280 0.660 0.697 50.000 0.000 561.761331 0 100.000
-1.143 -1.403 89.884 0.902 -0.350 0.189 -0.167 50.000 0.000 561.934786 0 100.000
-41.000 10.023 -74.285 -0.000 -0.630 0.777 0.000 50.000 0.000 565.321251 0 100.000
-41.000 7.002 -74.285 0.046 0.828 0.559 0.017 50.000 0.000 565.381679 0 100.000
1.375 -3.033 89.966 0.203 0.203 0.334 0.898 50.000 0.000 568.780177 0 100.000
-2.630 -0.657 82.656 0.702 -0.636 0.320 -0.024 50.000 0.000 568.953504 0 100.000
-4.466 0.260 75.417 0.696 -0.683 0.217 -0.045 50.000 0.000 569.104008 0 100.000
-6.113 0.337 68.164 0.693 -0.704 0.157 0.000 50.000 0.000 569.252771 0 100.000
-7.753 0.412 60.911 0.689 -0.715 0.104 0.054 50.000 0.000 569.401495 0 100.000
-9.385 0.452 53.658 0.689 -0.714 0.107 0.057 50.000 0.000 569.550185 0 100.000
-11.203 -0.048 46.381 0.677 -0.724 0.062 0.115 50.000 0.000 569.700531 0 100.000
-13.104 -0.545 39.100 0.672 -0.723 0.017 0.160 50.000 0.000 569.851362 0 100.000
-14.894 -1.138 31.822 0.672 -0.723 0.017 0.159 50.000 0.000 570.001726 0 100.000
-16.674 -2.097 24.535 0.660 -0.727 -0.005 0.188 50.000 0.000 570.152976 0 100.000
-18.489 -3.340 17.238 0.640 -0.726 -0.049 0.247 50.000 0.000 570.305397 0 100.000
-20.521 -4.589 9.930 0.637 -0.724 -0.055 0.258 50.000 0.000 570.459138 0 100.000
-22.393 -5.945 2.628 0.640 -0.722 -0.077 0.253 50.000 0.000 570.612334 0 100.000
-23.763 -7.066 -4.643 0.641 -0.722 -0.088 0.245 50.000 0.000 570.762004 0 100.000
-25.187 -8.386 -11.923 0.639 -0.723 -0.080 0.249 50.000 0.000 570.912676 0 100.000
-26.733 -9.785 -19.210 0.635 -0.729 -0.069 0.244 50.000 0.000 571.064274 0 100.000
-28.340 -11.229 -26.502 0.640 -0.730 -0.064 0.230 50.000 0.000 571.216376 0 100.000
-29.709 -12.537 -33.778 0.646 -0.729 -0.066 0.217 50.000 0.000 571.366744 0 100.000
-31.018 -13.785 -41.049 0.663 -0.736 -0.001 0.136 50.000 0.000 571.516603 0 100.000
-32.270 -14.857 -48.313 0.652 -0.740 -0.039 0.161 50.000 0.000 571.665575 0 100.000
-33.317 -15.819 -55.564 0.663 -0.745 0.045 0.058 50.000 0.000 571.813357 0 100.000
-34.397 -16.767 -62.816 0.627 -0.775 0.034 0.067 50.000 0.000 571.961219 0 100.000
-35.401 -17.576 -70.061 0.019 0.044 0.777 0.628 50.000 0.000 572.108385 0 100.000
-28.812 -2.396 97.315 0.317 0.130 0.370 0.863 50.000 0.000 575.472230 0 100.000
-26.446 -4.275 97.315 0.926 -0.376 0.009 0.006 50.000 0.000 575.532658 0 100.000
-32.439 -17.144 -69.902 0.622 -0.763 -0.117 0.131 50.000 0.000 578.889029 0 100.000
-31.487 -16.049 -62.652 -0.169 -0.069 0.769 0.613 50.000 0.000 579.036897 0 100.000
-30.487 -14.831 -55.397 -0.214 -0.097 0.732 0.639 50.000 0.000 579.185390 0 100.000
-29.511 -13.669 -48.144 -0.218 -0.093 0.733 0.638 50.000 0.000 579.333582 0 100.000
-28.318 -12.444 -40.879 -0.245 -0.102 0.724 0.636 50.000 0.000 579.482856 0 100.000
-27.055 -11.107 -33.607 -0.249 -0.097 0.725 0.635 50.000 0.000 579.632870 0 100.000
-25.720 -9.734 -26.331 -0.255 -0.087 0.726 0.633 50.000 0.000 579.783346 0 100.000
-24.118 -8.281 -19.039 -0.257 -0.080 0.725 0.634 50.000 0.000 579.935460 0 100.000
-22.569 -6.887 -11.752 -0.249 -0.080 0.723 0.639 50.000 0.000 580.087050 0 100.000
-21.072 -5.704 -4.473 -0.245 -0.088 0.722 0.641 50.000 0.000 580.237551 0 100.000
-19.688 -4.611 2.798 -0.214 -0.038 0.724 0.655 50.000 0.000 580.387193 0 100.000
-17.773 -3.345 10.101 -0.219 -0.016 0.725 0.653 50.000 0.000 580.540286 0 100.000
-15.724 -2.144 17.408 -0.195 0.003 0.727 0.658 50.000 0.000 580.693951 0 100.000
-13.775 -1.308 24.700 -0.189 -0.004 0.727 0.660 50.000 0.000 580.845846 0 100.000
-11.921 -0.642 31.983 -0.112 0.063 0.719 0.683 50.000 0.000 580.996743 0 100.000
-10.118 -0.268 39.256 -0.112 0.063 0.719 0.683 50.000 0.000 581.146786 0 100.000
-8.216 -0.121 46.528 0.067 0.222 0.675 0.700 50.000 0.000 581.297140 0 100.000
-6.396 0.037 53.796 -0.004 0.157 0.702 0.695 50.000 0.000 581.447022 0 100.000
-4.839 -0.260 61.038 -0.001 0.154 0.702 0.695 50.000 0.000 581.595301 0 100.000
-3.290 -0.641 68.278 0.055 0.208 0.686 0.695 50.000 0.000 581.743574 0 100.000
-1.734 -1.025 75.518 0.090 0.259 0.663 0.696 50.000 0.000 581.891883 0 100.000
-0.007 -2.121 82.748 0.063 0.354 0.616 0.701 50.000 0.000 582.042153 0 100.000
3.554 -5.108 90.019 0.899 -0.332 0.205 -0.197 50.000 0.000 582.214738 0 100.000
-41.000 3.981 -74.285 0.018 -0.619 0.784 -0.045 50.000 0.000 585.624329 0 100.000
-41.000 0.959 -74.285 0.045 0.806 0.590 0.020 50.000 0.000 585.684757 0 100.000
5.646 -7.285 90.065 0.244 0.218 0.316 0.891 50.000 0.000 589.105550 0 100.000
2.452 -3.868 82.824 0.702 -0.593 0.382 -0.098 50.000 0.000 589.277946 0 100.000
0.826 -2.623 75.603 0.692 -0.646 0.295 -0.129 50.000 0.000 589.428055 0 100.000
-0.605 -1.964 68.377 0.695 -0.667 0.249 -0.100 50.000 0.000 589.575986 0 100.000
-2.030 -1.308 61.150 0.700 -0.685 0.196 -0.047 50.000 0.000 589.723880 0 100.000
-3.492 -0.768 53.919 0.700 -0.684 0.200 -0.043 50.000 0.000 589.871825 0 100.000
-5.264 -0.591 46.662 0.701 -0.674 0.226 -0.063 50.000 0.000 590.021265 0 100.000
-7.116 -0.391 39.403 0.693 -0.710 0.112 0.062 50.000 0.000 590.171165 0 100.000
-8.914 -0.509 32.137 0.693 -0.710 0.111 0.062 50.000 0.000 590.320880 0 100.000
-10.800 -0.881 24.860 0.676 -0.723 0.047 0.138 50.000 0.000 590.471408 0 100.000
-12.796 -1.424 17.573 0.674 -0.722 0.054 0.144 50.000 0.000 590.622912 0 100.000
-14.928 -2.385 10.268 0.664 -0.726 0.027 0.176 50.000 0.000 590.776310 0 100.000
-16.948 -3.368 2.968 0.655 -0.724 -0.038 0.214 50.000 0.000 590.929062 0 100.000
-18.371 -4.362 -4.302 0.656 -0.725 -0.048 0.204 50.000 0.000 591.078559 0 100.000
-19.851 -5.579 -11.582 0.639 -0.723 -0.080 0.249 50.000 0.000 591.229106 0 100.000
-21.456 -6.864 -18.869 0.634 -0.725 -0.080 0.257 50.000 0.000 591.380542 0 100.000
-23.084 -8.268 -26.160 0.633 -0.726 -0.087 0.255 50.000 0.000 591.532581 0 100.000
-24.435 -9.611 -33.437 0.633 -0.727 -0.096 0.248 50.000 0.000 591.683010 0 100.000
-25.691 -10.963 -40.708 0.636 -0.724 -0.102 0.246 50.000 0.000 591.833052 0 100.000
-26.845 -12.263 -47.974 0.633 -0.731 -0.106 0.232 50.000 0.000 591.982457 0 100.000
-27.782 -13.499 -55.226 0.639 -0.732 -0.098 0.214 50.000 0.000 592.130792 0 100.000
-28.748 -14.786 -62.482 0.602 -0.766 -0.101 0.199 50.000 0.000 592.279425 0 100.000
-29.667 -15.967 -69.732 -0.128 -0.120 0.762 0.623 50.000 0.000 592.427492 0 100.000
-24.080 -6.154 97.315 -0.179 -0.040 0.377 0.908 50.000 0.000 595.776063 0 100.000
-21.714 -8.033 97.315 0.911 -0.376 -0.048 0.160 50.000 0.000 595.836491 0 100.000
-26.952 -14.655 -69.562 0.615 -0.757 -0.158 0.154 50.000 0.000 599.178296 0 100.000
-26.076 -13.389 -62.311 -0.227 -0.111 0.730 0.635 50.000 0.000 599.326543 0 100.000
-25.133 -12.057 -55.056 -0.228 -0.110 0.730 0.635 50.000 0.000 599.475275 0 100.000
-24.194 -10.823 -47.803 -0.232 -0.106 0.731 0.633 50.000 0.000 599.623606 0 100.000
-23.036 -9.530 -40.538 -0.244 -0.101 0.726 0.635 50.000 0.000 599.773000 0 100.000
-21.779 -8.181 -33.266 -0.248 -0.096 0.727 0.633 50.000 0.000 599.923036 0 100.000
-20.421 -6.852 -25.990 -0.224 -0.057 0.729 0.644 50.000 0.000 600.073443 0 100.000
-18.768 -5.496 -18.698 -0.220 -0.043 0.728 0.648 50.000 0.000 600.225415 0 100.000
-17.135 -4.266 -11.411 -0.205 -0.036 0.725 0.656 50.000 0.000 600.376784 0 100.000
-15.535 -3.364 -4.134 -0.204 -0.048 0.725 0.656 50.000 0.000 600.526883 0 100.000
-14.044 -2.549 3.135 -0.137 0.037 0.722 0.677 50.000 0.000 600.676186 0 100.000
-12.005 -1.659 10.433 -0.176 0.027 0.726 0.664 50.000 0.000 600.828782 0 100.000
-9.800 -1.104 17.731 -0.097 0.101 0.715 0.685 50.000 0.000 600.981658 0 100.000
-7.795 -0.822 25.011 -0.090 0.094 0.715 0.686 50.000 0.000 601.132796 0 100.000
-5.916 -0.766 32.279 -0.014 0.157 0.697 0.699 50.000 0.000 601.282939 0 100.000
-4.148 -0.904 39.537 0.062 0.227 0.674 0.701 50.000 0.000 601.432356 0 100.000
-2.348 -1.322 46.788 0.060 0.228 0.673 0.701 50.000 0.000 601.582020 0 100.000
-0.703 -1.911 54.027 0.088 0.241 0.665 0.701 50.000 0.000 601.730963 0 100.000
0.639 -2.685 61.247 0.092 0.238 0.667 0.700 50.000 0.000 601.878629 0 100.000
1.921 -3.578 68.460 0.139 0.285 0.651 0.690 50.000 0.000 602.026237 0 100.000
3.211 -4.474 75.673 0.163 0.324 0.627 0.690 50.000 0.000 602.173882 0 100.000
4.590 -5.996 82.874 0.126 0.402 0.572 0.704 50.000 0.000 602.323641 0 100.000
7.545 -9.631 90.097 0.880 -0.300 0.228 -0.289 50.000 0.000 602.495821 0 100.000
-41.000 -2.062 -74.285 0.021 -0.643 0.765 -0.043 50.000 0.000 605.927154 0 100.000
-41.000 -5.083 -74.285 0.043 0.789 0.613 0.023 50.000 0.000 605.987582 0 100.000
9.307 -12.084 90.119 0.284 0.229 0.299 0.882 50.000 0.000 609.428998 0 100.000
6.668 -8.185 82.919 0.704 -0.572 0.401 -0.127 50.000 0.000 609.601056 0 100.000
5.422 -6.531 75.728 0.689 -0.607 0.346 -0.192 50.000 0.000 609.750713 0 100.000
4.280 -5.438 68.527 0.687 -0.631 0.315 -0.173 50.000 0.000 609.898155 0 100.000
3.143 -4.350 61.327 0.699 -0.650 0.269 -0.128 50.000 0.000 610.045565 0 100.000
1.934 -3.379 54.120 0.700 -0.649 0.273 -0.124 50.000 0.000 610.193010 0 100.000
0.381 -2.591 46.890 0.701 -0.673 0.229 -0.060 50.000 0.000 610.341728 0 100.000
-1.269 -1.809 39.656 0.701 -0.673 0.228 -0.061 50.000 0.000 610.490952 0 100.000
-2.970 -1.389 32.410 0.704 -0.679 0.205 -0.037 50.000 0.000 610.640061 0 100.000
-4.798 -1.114 25.153 0.695 -0.704 0.140 0.043 50.000 0.000 610.789827 0 100.000
-6.792 -1.147 17.880 0.694 -0.703 0.146 0.050 50.000 0.000 610.940660 0 100.000
-9.009 -1.365 10.591 0.682 -0.716 0.075 0.129 50.000 0.000 611.093099 0 100.000
-11.123 -1.798 3.301 0.677 -0.722 0.037 0.138 50.000 0.000 611.245155 0 100.000
-12.635 -2.533 -3.967 0.678 -0.723 0.025 0.131 50.000 0.000 611.394352 0 100.000
-14.258 -3.387 -11.244 0.656 -0.725 -0.036 0.205 50.000 0.000 611.544434 0 100.000
-15.985 -4.349 -18.529 0.648 -0.728 -0.043 0.220 50.000 0.000 611.695403 0 100.000
-17.724 -5.510 -25.819 0.644 -0.729 -0.057 0.224 50.000 0.000 611.847092 0 100.000
-19.124 -6.750 -33.095 0.643 -0.731 -0.069 0.219 50.000 0.000 611.997339 0 100.000
-20.385 -8.092 -40.367 0.657 -0.735 -0.028 0.163 50.000 0.000 612.147361 0 100.000
-21.546 -9.379 -47.632 0.637 -0.734 -0.092 0.216 50.000 0.000 612.296744 0 100.000
-22.487 -10.609 -54.885 0.638 -0.734 -0.096 0.212 50.000 0.000 612.445068 0 100.000
-23.423 -11.952 -62.140 0.642 -0.744 -0.066 0.173 50.000 0.000 612.593827 0 100.000
-24.279 -13.259 -69.391 -0.154 -0.167 0.757 0.613 50.000 0.000 612.742164 0 100.000
-19.348 -9.912 97.315 -0.161 -0.048 0.376 0.911 50.000 0.000 616.078416 0 100.000
-41.000 -8.105 -74.285 0.015 0.999 -0.001 0.045 50.000 0.000 616.078416 0 100.000
-41.000 -11.126 -74.285 0.008 0.999 -0.000 0.044 50.000 0.000 616.138844 0 100.000
-41.000 -14.148 -74.285 -0.001 0.999 0.000 0.045 50.000 0.000 616.199271 0 100.000
-41.000 -17.169 -74.285 -0.021 0.999 0.001 0.038 50.000 0.000 616.259699 0 100.000
-41.000 -20.190 -74.285 -0.033 0.999 0.001 0.028 50.000 0.000 616.320127 0 100.000
-41.000 -23.212 -74.285 -0.037 0.999 0.001 0.022 50.000 0.000 616.380555 0 100.000
-41.000 -26.233 -74.285 0.000 1.000 0.000 -0.000 50.000 0.000 616.440982 0 100.000
-41.000 -29.255 -74.285 0.000 0.963 0.268 -0.000 50.000 0.000 616.501410 0 100.000
-38.724 -30.000 -74.285 0.000 0.755 0.656 -0.000 50.000 0.000 616.549309 0 100.000
-35.703 -30.000 -74.285 0.000 0.707 0.707 -0.000 50.000 0.000 616.609737 0 100.000
-32.681 -30.000 -74.285 0.000 0.707 0.707 -0.000 50.000 0.000 616.670164 0 100.000
-29.660 -30.000 -74.285 -0.036 0.706 0.707 0.024 50.000 0.000 616.730592 0 100.000
-26.638 -30.000 -74.285 -0.040 0.706 0.707 0.018 50.000 0.000 616.791020 0 100.000
-23.617 -30.000 -74.285 -0.040 0.706 0.707 0.018 50.000 0.000 616.851448 0 100.000
-20.596 -30.000 -74.285 -0.043 0.706 0.707 0.015 50.000 0.000 616.911875 0 100.000
-17.574 -30.000 -74.285 -0.043 0.706 0.707 0.014 50.000 0.000 616.972303 0 100.000
-14.553 -30.000 -74.285 -0.043 0.706 0.707 0.014 50.000 0.000 617.032731 0 100.000
-11.532 -30.000 -74.285 -0.043 0.706 0.707 0.016 50.000 0.000 617.093159 0 100.000
-8.510 -30.000 -74.285 -0.042 0.706 0.707 0.018 50.000 0.000 617.153587 0 100.000
-5.489 -30.000 -74.285 -0.041 0.706 0.707 0.021 50.000 0.000 617.214014 0 100.000
-2.467 -30.000 -74.285 -0.039 0.706 0.707 0.025 50.000 0.000 617.274442 0 100.000
-16.982 -11.792 97.315 0.893 -0.389 -0.078 0.211 50.000 0.000 617.274442 0 100.000
-21.584 -11.904 -69.220 0.612 -0.761 -0.162 0.142 50.000 0.000 620.606424 0 100.000
-20.744 -10.567 -61.970 -0.173 -0.066 0.744 0.643 50.000 0.000 620.754830 0 100.000
-19.823 -9.194 -54.714 -0.212 -0.096 0.733 0.638 50.000 0.000 620.903661 0 100.000
-18.862 -8.009 -47.462 -0.216 -0.092 0.734 0.637 50.000 0.000 621.051890 0 100.000
-17.671 -6.781 -40.197 -0.164 -0.027 0.735 0.657 50.000 0.000 621.201162 0 100.000
-16.344 -5.588 -32.926 -0.219 -0.069 0.731 0.643 50.000 0.000 621.350897 0 100.000
-14.880 -4.504 -25.651 -0.160 0.006 0.729 0.665 50.000 0.000 621.500886 0 100.000
-13.107 -3.445 -18.361 -0.151 0.025 0.726 0.670 50.000 0.000 621.652416 0 100.000
-11.345 -2.602 -11.078 -0.130 0.037 0.722 0.679 50.000 0.000 621.803232 0 100.000
-9.684 -2.018 -3.806 -0.131 0.025 0.723 0.678 50.000 0.000 621.952858 0 100.000
-8.110 -1.691 3.454 -0.125 0.050 0.721 0.680 50.000 0.000 622.101582 0 100.000
-5.994 -1.370 10.741 -0.085 0.117 0.709 0.691 50.000 0.000 622.253479 0 100.000
-3.814 -1.545 18.018 -0.006 0.188 0.690 0.699 50.000 0.000 622.405445 0 100.000
-1.850 -1.756 25.283 0.001 0.181 0.692 0.699 50.000 0.000 622.556024 0 100.000
-0.141 -2.405 32.524 0.037 0.206 0.679 0.704 50.000 0.000 622.705384 0 100.000
1.452 -3.113 39.757 0.060 0.229 0.673 0.701 50.000 0.000 622.854192 0 100.000
3.024 -4.053 46.983 0.118 0.279 0.645 0.702 50.000 0.000 623.003286 0 100.000
4.419 -5.090 54.198 0.161 0.304 0.628 0.698 50.000 0.000 623.151709 0 100.000
5.520 -6.207 61.396 0.165 0.301 0.629 0.697 50.000 0.000 623.299045 0 100.000
6.586 -7.383 68.590 0.202 0.337 0.612 0.686 50.000 0.000 623.446397 0 100.000
7.430 -8.789 75.768 -0.236 0.651 0.234 0.682 50.000 0.000 623.593644 0 100.000
8.605 -9.629 68.631 0.653 -0.622 0.304 -0.306 50.000 0.000 623.739274 0 100.000
7.752 -8.243 61.453 0.691 -0.604 0.338 -0.208 50.000 0.000 623.886486 0 100.000
6.696 -7.070 54.258 0.698 -0.628 0.304 -0.161 50.000 0.000 624.033789 0 100.000
5.528 -5.733 47.063 0.702 -0.645 0.278 -0.118 50.000 0.000 624.182015 0 100.000
4.093 -4.577 39.850 0.702 -0.645 0.279 -0.118 50.000 0.000 624.330916 0 100.000
2.587 -3.701 32.625 0.703 -0.650 0.269 -0.106 50.000 0.000 624.479552 0 100.000
0.978 -2.800 25.396 0.703 -0.674 0.222 -0.045 50.000 0.000 624.628759 0 100.000
-0.898 -2.261 18.144 0.699 -0.690 0.189 0.006 50.000 0.000 624.778961 0 100.000
-3.004 -1.761 10.879 0.702 -0.693 0.162 0.038 50.000 0.000 624.930563 0 100.000
-5.093 -1.683 3.604 0.695 -0.706 0.130 0.043 50.000 0.000 625.081950 0 100.000
-6.669 -1.912 -3.653 0.696 -0.708 0.109 0.046 50.000 0.000 625.230558 0 100.000
-8.374 -2.219 -10.919 0.679 -0.722 0.038 0.131 50.000 0.000 625.379953 0 100.000
-10.188 -2.704 -18.196 0.670 -0.726 0.025 0.152 50.000 0.000 625.530250 0 100.000
-12.037 -3.496 -25.482 0.665 -0.729 0.006 0.161 50.000 0.000 625.681426 0 100.000
-13.516 -4.539 -32.756 0.663 -0.732 -0.009 0.158 50.000 0.000 625.831349 0 100.000
-14.883 -5.630 -40.027 0.657 -0.735 -0.026 0.164 50.000 0.000 625.980905 0 100.000
-16.096 -6.805 -47.291 0.649 -0.739 -0.050 0.171 50.000 0.000 626.130071 0 100.000
-17.068 -7.967 -54.544 0.638 -0.734 -0.096 0.212 50.000 0.000 626.278252 0 100.000
-18.024 -9.264 -61.799 0.642 -0.744 -0.065 0.174 50.000 0.000 626.426894 0 100.000
-18.889 -10.548 -69.050 -0.139 -0.166 0.760 0.613 50.000 0.000 626.575169 0 100.000
-14.616 -13.671 97.315 -0.209 -0.078 0.389 0.894 50.000 0.000 629.904150 0 100.000
-12.250 -15.550 97.315 0.884 -0.387 0.116 -0.236 50.000 0.000 629.964577 0 100.000
-16.144 -9.297 -68.879 0.614 -0.763 -0.157 0.125 50.000 0.000 633.291732 0 100.000
-15.285 -8.000 -61.629 -0.174 -0.065 0.744 0.642 50.000 0.000 633.440039 0 100.000
-14.302 -6.761 -54.374 -0.167 -0.055 0.739 0.651 50.000 0.000 633.588545 0 100.000
-13.308 -5.653 -47.122 -0.171 -0.050 0.739 0.649 50.000 0.000 633.736613 0 100.000
-12.036 -4.659 -39.859 -0.165 -0.026 0.735 0.657 50.000 0.000 633.885417 0 100.000
-10.612 -3.767 -32.591 -0.158 -0.009 0.732 0.663 50.000 0.000 634.034604 0 100.000
-9.056 -3.071 -25.322 -0.160 0.006 0.729 0.665 50.000 0.000 634.183933 0 100.000
-7.180 -2.473 -18.039 -0.069 0.104 0.713 0.690 50.000 0.000 634.334809 0 100.000
-5.357 -2.158 -10.767 -0.045 0.119 0.706 0.697 50.000 0.000 634.484887 0 100.000
-3.663 -1.938 -3.504 -0.046 0.109 0.708 0.696 50.000 0.000 634.634112 0 100.000
-2.126 -2.152 3.740 -0.044 0.130 0.706 0.695 50.000 0.000 634.782279 0 100.000
-0.068 -2.463 11.007 0.003 0.200 0.679 0.707 50.000 0.000 634.933468 0 100.000
1.933 -3.271 18.258 0.037 0.229 0.672 0.703 50.000 0.000 635.084772 0 100.000
3.713 -4.080 25.498 0.089 0.262 0.654 0.705 50.000 0.000 635.234762 0 100.000
5.199 -5.191 32.715 0.105 0.269 0.650 0.703 50.000 0.000 635.383800 0 100.000
6.556 -6.322 39.926 0.118 0.279 0.645 0.702 50.000 0.000 635.532269 0 100.000
7.830 -7.682 47.126 0.119 0.278 0.645 0.702 50.000 0.000 635.681019 0 100.000
8.928 -9.106 54.315 0.640 -0.656 0.220 -0.333 50.000 0.000 635.829236 0 100.000
8.893 -8.229 39.991 0.692 -0.662 0.234 -0.166 50.000 0.000 636.116255 0 100.000
7.641 -6.969 32.790 0.701 -0.618 0.317 -0.162 50.000 0.000 636.264604 0 100.000
6.210 -5.771 25.577 0.705 -0.654 0.262 -0.089 50.000 0.000 636.413598 0 100.000
4.622 -4.609 18.356 0.705 -0.651 0.269 -0.081 50.000 0.000 636.563287 0 100.000
2.769 -3.498 11.121 0.709 -0.659 0.245 -0.053 50.000 0.000 636.714311 0 100.000
0.820 -2.810 3.869 0.708 -0.676 0.201 -0.033 50.000 0.000 636.865118 0 100.000
-0.712 -2.569 -3.374 0.706 -0.682 0.187 -0.036 50.000 0.000 637.013256 0 100.000
-2.358 -2.289 -10.621 0.697 -0.706 0.120 0.046 50.000 0.000 637.162006 0 100.000
-4.166 -2.358 -17.886 0.690 -0.712 0.105 0.070 50.000 0.000 637.311738 0 100.000
-6.061 -2.704 -25.163 0.685 -0.720 0.083 0.082 50.000 0.000 637.462286 0 100.000
-7.625 -3.343 -32.431 0.681 -0.725 0.064 0.081 50.000 0.000 637.611522 0 100.000
-9.073 -4.091 -39.696 0.675 -0.730 0.041 0.095 50.000 0.000 637.760433 0 100.000
-10.383 -4.914 -46.956 0.659 -0.735 -0.035 0.157 50.000 0.000 637.908902 0 100.000
-11.418 -5.896 -54.207 0.651 -0.739 -0.054 0.167 50.000 0.000 638.056695 0 100.000
-12.443 -7.007 -61.461 0.642 -0.744 -0.065 0.174 50.000 0.000 638.204887 0 100.000
-13.347 -8.171 -68.710 -0.095 -0.122 0.772 0.617 50.000 0.000 638.352833 0 100.000
-9.884 -17.429 97.315 0.303 0.164 0.355 0.869 50.000 0.000 641.679212 0 100.000
-7.519 -19.308 97.315 0.849 -0.342 0.174 -0.362 50.000 0.000 641.739640 0 100.000
-10.460 -7.299 -68.542 0.617 -0.771 -0.126 0.092 50.000 0.000 645.065997 0 100.000
-9.547 -6.162 -61.294 -0.114 -0.010 0.746 0.656 50.000 0.000 645.213876 0 100.000
-8.491 -5.164 -54.041 -0.102 0.007 0.737 0.668 50.000 0.000 645.361803 0 100.000
-7.427 -4.317 -46.793 -0.087 0.032 0.731 0.676 50.000 0.000 645.509305 0 100.000
-6.102 -3.568 -39.534 -0.095 0.041 0.730 0.675 50.000 0.000 645.657642 0 100.000
-4.632 -3.012 -32.273 -0.082 0.064 0.725 0.681 50.000 0.000 645.806226 0 100.000
-3.061 -2.757 -25.015 -0.082 0.083 0.720 0.685 50.000 0.000 645.954839 0 100.000
-1.177 -2.713 -17.747 -0.051 0.123 0.706 0.695 50.000 0.000 646.105001 0 100.000
0.588 -2.948 -10.492 0.035 0.195 0.679 0.707 50.000 0.000 646.254400 0 100.000
2.237 -3.213 -3.244 0.036 0.186 0.682 0.706 50.000 0.000 646.403163 0 100.000
3.596 -3.951 3.977 0.033 0.201 0.676 0.708 50.000 0.000 646.550856 0 100.000
5.423 -4.937 11.215 0.053 0.245 0.659 0.709 50.000 0.000 646.701442 0 100.000
7.169 -6.230 18.440 0.132 0.311 0.622 0.706 50.000 0.000 646.852342 0 100.000
8.742 -7.417 25.660 0.139 0.305 0.625 0.705 50.000 0.000 647.002019 0 100.000
9.993 -8.852 32.856 0.657 -0.667 0.192 -0.294 50.000 0.000 647.150907 0 100.000
9.689 -7.864 18.522 0.695 -0.642 0.267 -0.181 50.000 0.000 647.438342 0 100.000
8.071 -6.388 11.308 0.711 -0.631 0.292 -0.106 50.000 0.000 647.589128 0 100.000
6.313 -5.268 4.077 0.714 -0.642 0.261 -0.100 50.000 0.000 647.739630 0 100.000
4.999 -4.422 -3.139 0.706 -0.682 0.186 -0.036 50.000 0.000 647.887289 0 100.000
3.529 -3.620 -10.363 0.707 -0.679 0.195 -0.035 50.000 0.000 648.035614 0 100.000
1.786 -3.281 -17.614 0.703 -0.687 0.181 -0.010 50.000 0.000 648.184917 0 100.000
-0.061 -3.087 -24.874 0.700 -0.697 0.158 0.001 50.000 0.000 648.334786 0 100.000
-1.622 -3.228 -32.128 0.696 -0.705 0.138 0.002 50.000 0.000 648.483228 0 100.000
-3.088 -3.557 -39.383 0.675 -0.730 0.041 0.095 50.000 0.000 648.631403 0 100.000
-4.431 -4.022 -46.635 0.676 -0.731 0.032 0.087 50.000 0.000 648.779206 0 100.000
-5.527 -4.655 -53.880 0.668 -0.737 0.007 0.102 50.000 0.000 648.926290 0 100.000
-6.612 -5.501 -61.129 0.656 -0.746 -0.010 0.114 50.000 0.000 649.073869 0 100.000
-7.557 -6.475 -68.376 -0.062 -0.086 0.772 0.627 50.000 0.000 649.221314 0 100.000
-5.153 -21.187 97.315 0.374 0.197 0.321 0.848 50.000 0.000 652.548517 0 100.000
-2.787 -23.067 97.315 0.835 -0.317 0.196 -0.405 50.000 0.000 652.608945 0 100.000
-4.560 -6.142 -68.217 0.636 -0.769 -0.052 0.037 50.000 0.000 655.937044 0 100.000
-3.611 -5.188 -60.971 -0.050 0.049 0.736 0.674 50.000 0.000 656.084437 0 100.000
-2.513 -4.513 -53.726 -0.030 0.074 0.726 0.684 50.000 0.000 656.231626 0 100.000
-1.415 -3.982 -46.484 -0.011 0.103 0.716 0.690 50.000 0.000 656.378501 0 100.000
-0.071 -3.610 -39.234 -0.020 0.112 0.714 0.690 50.000 0.000 656.526155 0 100.000
1.386 -3.464 -31.985 -0.003 0.139 0.705 0.696 50.000 0.000 656.674076 0 100.000
2.899 -3.620 -24.740 -0.002 0.159 0.696 0.700 50.000 0.000 656.822115 0 100.000
4.669 -4.142 -17.493 0.028 0.198 0.680 0.706 50.000 0.000 656.971687 0 100.000
6.271 -4.886 -10.260 0.034 0.195 0.679 0.707 50.000 0.000 657.120594 0 100.000
7.742 -5.685 -3.036 0.105 0.251 0.651 0.709 50.000 0.000 657.268920 0 100.000
8.948 -6.711 4.170 0.100 0.261 0.642 0.714 50.000 0.000 657.416471 0 100.000
10.499 -8.172 11.381 -0.333 0.608 0.338 0.637 50.000 0.000 657.566857 0 100.000
11.379 -8.502 4.243 0.692 -0.640 0.245 -0.226 50.000 0.000 657.710846 0 100.000
10.293 -7.286 -2.951 0.709 -0.651 0.250 -0.106 50.000 0.000 657.858385 0 100.000
9.009 -6.158 -10.158 0.710 -0.648 0.258 -0.103 50.000 0.000 658.006517 0 100.000
7.456 -5.302 -17.385 0.709 -0.657 0.245 -0.080 50.000 0.000 658.155355 0 100.000
5.754 -4.601 -24.624 0.707 -0.667 0.225 -0.071 50.000 0.000 658.304743 0 100.000
4.298 -4.226 -31.860 0.696 -0.705 0.139 0.003 50.000 0.000 658.452542 0 100.000
2.899 -4.094 -39.099 0.690 -0.715 0.112 0.020 50.000 0.000 658.600030 0 100.000
1.592 -4.151 -46.339 0.690 -0.716 0.103 0.011 50.000 0.000 658.747166 0 100.000
0.500 -4.418 -53.573 0.684 -0.725 0.074 0.031 50.000 0.000 658.893591 0 100.000
-0.605 -4.936 -60.815 0.674 -0.736 0.049 0.051 50.000 0.000 659.040472 0 100.000
-1.581 -5.669 -68.056 -0.012 -0.018 0.792 0.610 50.000 0.000 659.187339 0 100.000
-0.421 -24.946 97.315 0.607 -0.369 0.055 -0.702 50.000 0.000 662.517240 0 100.000
1.432 -5.565 -67.903 0.638 -0.770 -0.010 -0.004 50.000 0.000 665.844469 0 100.000
2.402 -5.157 -60.671 -0.051 0.049 0.736 0.674 50.000 0.000 665.990638 0 100.000
3.485 -4.861 -53.436 -0.030 0.074 0.725 0.684 50.000 0.000 666.137065 0 100.000
4.561 -4.685 -46.205 -0.011 0.103 0.716 0.690 50.000 0.000 666.283325 0 100.000
5.835 -4.795 -38.971 0.054 0.180 0.689 0.700 50.000 0.000 666.430236 0 100.000
7.181 -5.124 -31.740 0.071 0.206 0.676 0.704 50.000 0.000 666.577492 0 100.000
8.592 -5.630 -24.510 0.070 0.225 0.667 0.707 50.000 0.000 666.725161 0 100.000
10.166 -6.625 -17.286 0.096 0.259 0.648 0.709 50.000 0.000 666.874380 0 100.000
11.541 -7.793 -10.075 -0.350 0.598 0.358 0.626 50.000 0.000 667.023029 0 100.000
12.713 -8.248 -17.202 0.692 -0.652 0.229 -0.208 50.000 0.000 667.167762 0 100.000
11.224 -7.106 -24.419 0.707 -0.667 0.225 -0.071 50.000 0.000 667.316888 0 100.000
9.954 -6.288 -31.633 0.704 -0.676 0.206 -0.071 50.000 0.000 667.464305 0 100.000
8.701 -5.723 -38.853 0.700 -0.689 0.180 -0.053 50.000 0.000 667.611305 0 100.000
7.496 -5.390 -46.077 0.700 -0.691 0.171 -0.062 50.000 0.000 667.757933 0 100.000
6.465 -5.340 -53.300 0.695 -0.704 0.140 -0.041 50.000 0.000 667.903861 0 100.000
5.407 -5.434 -60.528 0.670 -0.725 -0.032 -0.156 50.000 0.000 668.049976 0 100.000
8.348 -6.095 -60.399 -0.108 0.244 0.683 0.680 50.000 0.000 668.110305 0 100.000
9.349 -6.201 -53.179 0.041 0.140 0.704 0.695 50.000 0.000 668.256103 0 100.000
10.338 -6.407 -45.963 0.062 0.171 0.691 0.700 50.000 0.000 668.401844 0 100.000
11.449 -6.974 -38.750 0.116 0.236 0.658 0.705 50.000 0.000 668.548250 0 100.000
12.616 -7.716 -31.538 0.660 -0.687 0.113 -0.282 50.000 0.000 668.695099 0 100.000
13.086 -7.659 -45.859 0.694 -0.674 0.185 -0.170 50.000 0.000 668.981672 0 100.000
12.184 -7.240 -53.066 0.703 -0.675 0.198 -0.105 50.000 0.000 669.127171 0 100.000
