trajectory_index,u,v,x,y,z
0,-138.356936995451,-45.470131587518,-85.85953204063378,14.088872802479358,50.48215450405261
1,-137.25660099855426,-46.861858009950545,-86.10634590375477,42.54688950170619,50.02039848268964
2,-136.1562650016575,-48.25358443238309,-86.46102713613648,62.05105711969942,49.35683691185342
3,-135.05592900476074,-49.64531085481564,-86.53399234384229,109.53754729282693,49.22032868017577
4,-133.955593007864,-51.03703727724819,-86.67493145923125,145.7522439986985,48.9566502775387
5,-132.85525701096722,-52.42876369968074,-86.81399044702587,187.27621332155664,48.69648934440938
6,-131.75492101407048,-53.820490122113284,-87.0109499289244,223.94429918267267,48.32800426184084
7,-130.65458501717373,-55.212216544545825,-87.17375844947108,263.8518553599273,48.02341110106371
8,-129.55424902027696,-56.60394296697837,-87.2597711106044,306.4577415442423,47.862492813534985
9,-128.4539130233802,-57.99566938941092,-87.44808583763373,338.7286819844377,47.51018092141696
10,-127.35357702648346,-59.38739581184347,-87.78415332321094,358.78651768426107,46.88144320349733
11,-126.2532410295867,-60.77912223427602,-87.93454216867958,396.4474266045646,46.60008560849493
12,-125.15290503268994,-62.170848656708564,-87.94551232659958,444.3915662638342,46.57956189718144
13,-124.0525690357932,-63.56257507914111,-88.0250455152716,484.54642916499915,46.43212722264036
14,-122.95223303889644,-64.95430150157365,-88.45975511601189,478.41163169474953,45.626731414074804
15,-121.85189704199968,-66.34602792400621,-89.01914955623491,487.354909671693,44.20859047448657
16,-120.75156104510293,-67.73775434643875,-89.31289180104491,663.1426988652327,47.363315264886474
17,-119.65122504820617,-69.1294807688713,-90.11833678208933,633.4061246160067,45.75026760470668
18,-118.55088905130941,-70.52120719130384,-90.11791645283633,601.0986271610387,45.75165324435673
19,-117.45055305441267,-71.91293361373639,-91.26892544773928,538.2335208669231,41.95728564007017
20,-116.3502170575159,-73.30466003616894,-87.70505378638813,1073.574457993843,53.7057943290102
21,-115.24988106061915,-74.6963864586015,-90.15983282719567,837.1721478131183,45.6134734962725
22,-114.1495450637224,-76.08811288103404,-90.45998142150619,823.6485085374877,44.62401632628755
23,-113.04920906682564,-77.47983930346658,-89.91108713064715,946.4500236679439,46.43347804607974
24,-111.94887306992888,-78.87156572589913,-91.04773510957381,877.9279257171358,42.68645236008062
25,-110.84853707303213,-80.26329214833169,-89.37720785052369,1148.6060123976647,48.193441916102095
26,-109.74820107613537,-81.65501857076423,-89.42826854158241,1138.0995116804056,48.02511740007873
27,-108.64786507923863,-83.04674499319677,-92.00674360894666,888.304494960815,39.52502547430478
28,-107.54752908234187,-84.43847141562932,-91.99521921618204,937.585907412813,39.83670560552527
29,-106.44719308544512,-85.83019783806186,-91.47286944289908,1129.7318621963223,42.55876057797089
30,-105.34685708854836,-87.2219242604944,-92.03943326271735,1111.1432978596092,39.74899775084562
31,-104.2465210916516,-88.61365068292696,-94.11245711221837,1581.0315611768224,52.523384900789765
32,-103.14618509475486,-90.00537710535951,-94.75955715424297,1643.7684626923256,52.855639666122116
33,-102.0458490978581,-91.39710352779205,-97.44530152540261,635.159096477472,25.938308019467975
34,-100.94551310096134,-92.7888299502246,-97.02853744173348,961.3730225945186,30.16978789122344
35,-99.84517710406459,-94.18055637265715,-95.91758827626003,1311.991462812545,41.44945237396268
36,-98.74484110716783,-95.57228279508969,-97.62372567469133,682.386783874786,24.12673589525124
37,-97.64450511027107,-96.96400921752223,-97.11475046988045,996.988433219179,29.294451681646436
38,-96.54416911337432,-98.35573563995479,-97.74562981986654,747.9940386976992,22.889021426069647
39,-95.44383311647756,-99.74746206238734,-97.78713043773543,797.1549928919795,22.46765827108824
40,-94.3434971195808,-101.1391884848199,-96.54554244641855,1278.7960082329041,35.073721989479516
41,-93.24316112268406,-102.53091490725244,-101.4955952875835,-611.5979762926505,-15.185044977927491
42,-92.1428251257873,-103.92264132968498,-101.87842446567701,-721.1705814518286,-19.071977717336264
43,-91.04248912889054,-105.31436775211753,-99.99424091398798,-587.6082896443774,-15.0814212908366
44,-89.94215313199379,-106.70609417455007,-99.93630826185121,-652.1018728189013,-18.340004375498804
45,-88.84181713509703,-108.09782059698261,-99.18518660664962,-326.835733381413,-11.528172083062946
46,-87.74148113820027,-109.48954701941517,-99.00713834565255,-212.8751704519592,-10.080700977927737
47,-86.64114514130353,-110.88127344184771,-99.01698309437671,-166.86484901762634,-9.980745493035041
48,-85.54080914440677,-112.27299986428027,-98.92551751394264,-130.00118818358996,-10.909411800260784
49,-84.44047314751,-113.6647262867128,-98.99972458266332,-47.32948283475427,-10.155974232250987
50,-83.34013715061326,-115.05645270914536,-99.19830661687693,78.22386537715573,-8.139735516886262
51,-82.2398011537165,-116.4481791315779,-99.2319749106216,147.79824567104407,-7.797895341882505
52,-81.13946515681974,-117.83990555401046,-99.33674415262654,241.20546953254825,-6.73415459239227
53,-80.039129159923,-119.231631976443,-99.39664086831871,307.73901285578216,-6.126012584077924
54,-78.60321922383291,-120.08137032336617,-99.19656186046672,274.04147255324125,-8.157450339060928
55,-77.16730928774282,-120.93110867028933,-99.11068867612417,288.4114350264137,-9.029336054043807
56,-75.73139935165274,-121.7808470172125,-98.97841627572645,284.6783514577161,-10.372321262711532
57,-74.29548941556266,-122.63058536413567,-98.80659698344459,254.90497167217583,-12.116833098926135
58,-72.85957947947257,-123.48032371105884,-98.69634891883663,254.80262533545164,-13.236201308828761
59,-71.42366954338249,-124.330062057982,-98.54324600670734,243.48093361105674,-14.790682408252184
60,-69.98775960729242,-125.17980040490517,-98.4308194163675,244.73551537234658,-15.964737246859077
61,-68.55184967120233,-126.02953875182834,-98.45904293337223,277.7346071646578,-16.02691490715473
62,-67.11593973511225,-126.87927709875152,-98.27524245019147,254.7088205578151,-17.77257897253629
63,-65.68002979902217,-127.72901544567468,-98.18711661927172,271.8857646921796,-18.538475809769654
64,-64.24411986293208,-128.57875379259784,-98.11002457478402,290.0489771610181,-19.40520740234901
65,-62.808209926842,-129.428492139521,-97.83684639048755,293.25565294930584,-20.305755058607513
66,-63.92338656486968,-128.01799498483396,-97.59439147189724,216.89294294162227,-21.105021695682435
67,-65.03856320289736,-126.60749783014693,-97.38693531882704,139.23875018870538,-21.739180233210526
68,-66.15373984092504,-125.19700067545989,-97.18041367968515,58.41504126785197,-22.473101938141063
69,-67.26891647895272,-123.78650352077284,-97.06593613024214,-27.183294654770123,-23.355175057044423
70,-68.3840931169804,-122.3760063660858,-97.14294689974965,-103.58213125677005,-23.617783466594535
71,-69.49926975500809,-120.96550921139877,-97.33581405173247,-200.17474961194858,-24.687258411212838
72,-70.61444639303576,-119.55501205671172,-97.79515649647155,-106.52895918094973,-20.984588021016737
73,-71.72962303106344,-118.14451490202468,-97.91356088323087,-182.56748752320928,-21.183987469658575
74,-72.84479966909112,-116.73401774733763,-97.79016946999151,-313.0972465168318,-22.436802436037567
75,-73.95997630711881,-115.3235205926506,-97.64096288661732,-416.82749315248935,-23.951723416565663
76,-75.07515294514648,-113.91302343796355,-97.66911457660878,-442.9019826594472,-23.66589430071187
77,-76.19032958317416,-112.50252628327651,-97.50141993531345,-547.3370081844105,-25.36852782180445
78,-77.30550622120184,-111.09202912858947,-98.20298027979807,-341.5625047035875,-18.24546085698243
79,-78.42068285922953,-109.68153197390242,-97.85049790680797,-590.4819321331731,-21.824277086358677
80,-79.5358594972572,-108.27103481921539,-97.4806761819914,-797.2694357450903,-25.579142838996756
81,-80.65103613528488,-106.86053766452835,-97.84105030454735,-676.2306633142181,-21.92020027256536
82,-81.76621277331256,-105.4500405098413,-97.45622773047413,-895.2276448173541,-25.82737231592216
83,-82.88138941134025,-104.03954335515425,-96.58243188883188,-1290.465571301976,-34.6991769190941
84,-83.99656604936793,-102.62904620046722,-97.42684578676193,-1748.6314752976505,-46.16936537934239
85,-85.1117426873956,-101.21854904578018,-97.10771629283552,-2501.0227215878663,-62.849600117501076
86,-86.2269193254233,-99.80805189109313,-98.8005627529857,-1633.2412404147349,-40.47170562031742
87,-87.34209596345097,-98.3975547364061,-96.6473270985101,-997.2394808598007,-22.12048568554861
88,-88.45727260147865,-96.98705758171906,-95.93906239335203,1648.1857939774359,41.231421843503426
89,-89.57244923950633,-95.576560427032,-91.30625427730222,3240.508357497225,88.26914668816968
90,-90.687625877534,-94.16606327234496,-88.47609488655243,4338.915259722601,117.0042583858511
91,-91.8028025155617,-92.75556611765792,-93.57330578823337,2407.104016730148,65.25136945486649
92,-92.91797915358937,-91.34506896297088,-95.47121988690877,1739.8930957848038,45.981510027055826
93,-94.03315579161705,-89.93457180828383,-93.70145915893673,2317.747979288394,63.95020548734424
94,-95.14833242964474,-88.5240746535968,-90.94474201253693,3326.3961592275023,91.93964501489434
95,-96.26350906767242,-87.11357749890976,-91.07912284576867,3266.191236513163,90.57525251263166
96,-97.3786857057001,-85.70308034422271,-93.04968102258141,2314.815009052356,70.36505434299482
97,-98.49386234372778,-84.29258318953568,-93.48264350857013,560.1779122150574,28.158822280204788
98,-99.60903898175545,-82.88208603484864,-87.23011343954542,1704.858044887958,54.442649524127745
99,-100.72421561978314,-81.47158888016159,-84.54001340254575,2078.634622624743,64.7493211087528
100,-101.83939225781081,-80.06109172547454,-83.35430948479414,2186.676720947343,68.8700025952224
101,-102.95456889583849,-78.6505945707875,-82.35774074633298,2201.567100080371,71.3335204884178
102,-104.06974553386618,-77.24009741610047,-79.85749686052816,2422.4527620422577,79.57571880756588
103,-105.18492217189386,-75.82960026141342,-87.24470362955618,1362.9785108423675,55.2233651989568
104,-106.30009880992154,-74.41910310672638,-84.15956386148865,1856.8285844472866,65.39370656248252
105,-107.41527544794923,-73.00860595203933,-85.15312927715416,1654.887760924792,62.11836080703224
106,-108.53045208597689,-71.5981087973523,-83.4318907308305,1803.7945345663861,67.7925230493272
107,-109.64562872400458,-70.18761164266525,-86.25690107844817,1316.6380737744344,58.47971333867963
108,-110.76080536203227,-68.77711448797821,-87.36301038880272,1015.7625563876525,54.833360136754294
109,-111.87598200005995,-67.36661733329117,-85.53280895667515,1099.564644482089,60.866724822987564
110,-112.99115863808763,-65.95612017860412,-84.58540913024667,1357.0421679427589,63.98988304818415
111,-114.1063352761153,-64.54562302391709,-83.73569461610066,1103.5841587814152,57.699975869409094
112,-115.22151191414298,-63.13512586923004,-82.96539998360156,924.7123644855883,54.395183862447766
113,-116.33668855217067,-61.724628714543,-81.36887474497809,1013.1769158367852,58.93617913329128
114,-117.45186519019835,-60.31413155985595,-81.83586113878901,983.273354880611,58.041319713097714
115,-118.56704182822602,-58.903634405168916,-81.20563331775853,1000.3729518855997,59.188982114655424
116,-119.68221846625372,-57.493137250481865,-82.40700385021027,865.8990852599386,56.941377096716224
117,-120.79739510428138,-56.08264009579483,-83.57057527080349,763.9951532725281,54.764489206583974
118,-121.91257174230907,-54.67214294110779,-83.05829287977416,806.7000528404234,55.7229016543487
119,-123.02774838033675,-53.26164578642076,-81.95194505769614,845.3165856504095,57.79273177696201
120,-124.14292501836442,-51.85114863173371,-80.59317420952004,862.947104930186,60.33481192134299
121,-125.25810165639211,-50.44065147704667,-82.24514949137475,703.0175904336709,57.244185147411116
122,-126.37327829441979,-49.030154322359635,-81.63838560111165,701.5255543937196,58.37935995619931
123,-127.48845493244747,-47.619657167672585,-81.18881898143304,679.2505297994803,59.220439509087484
124,-128.60363157047516,-46.20916001298555,-81.02474728347761,601.2236825077861,59.26144364374764
125,-129.71880820850282,-44.7986628582985,-81.30912751908856,531.6053916442345,58.32774576589167
126,-130.8339848465305,-43.38816570361146,-81.41125824980334,465.3217236864696,58.00982253895131
127,-131.9491614845582,-41.97766854892441,-81.17567475809332,422.7181574331915,58.25178858554124
128,-133.06433812258587,-40.56717139423738,-80.5849096375482,380.53745082798446,58.7023172975125
129,-134.17951476061356,-39.15667423955034,-80.49422812920386,333.5953114747046,58.78938330568329
130,-135.29469139864125,-37.74617708486329,-79.9500799920115,309.0836830823863,59.45242998471004
131,-136.4098680366689,-36.335679930176255,-79.80920122427182,269.83364366429896,59.62409132600792
132,-137.5250446746966,-34.925182775489205,-79.47221181205532,236.8360779023584,60.0347142710578
133,-138.6402213127243,-33.51468562080217,-79.25390022753365,193.1785684609684,60.30072780894662
134,-139.75539795075196,-32.10418846611512,-79.14877945747024,144.44623708029297,60.42881788722364
135,-140.87057458877962,-30.693691311428083,-79.00219573960598,98.64304075040849,60.607430733039465
136,-141.98575122680734,-29.283194156741033,-78.74671551315151,63.85433434650028,60.91873440961117
137,-143.100927864835,-27.872697002054,-78.4646722472642,30.323255401033656,61.262405255850474
138,-143.39277058821122,-26.214997253282668,-77.81381104986575,25.355596453907907,62.05548222505433
139,-143.68461331158744,-24.557297504511332,-77.11173308512629,24.193568565410757,62.910967029872864
140,-143.97645603496366,-22.89959775574,-76.36919391600951,26.88776465455156,63.81575397386662
141,-144.26829875833988,-21.24189800696867,-75.58668896735279,29.749941830548593,64.76923937989204
142,-144.56014148171613,-19.584198258197333,-74.84040225011896,27.64624480226894,65.67859272623778
143,-144.85198420509235,-17.926498509426,-74.10649722892305,25.6785419120088,66.57285892649676
144,-145.14382692846857,-16.26879876065467,-73.44109276580741,20.729359388735354,67.38365692307693
145,-145.4356696518448,-14.611099011883335,-72.66194119612375,17.040263377110044,68.33305622342704
146,-145.727512375221,-12.953399263112,-71.94966286159153,13.169908088861803,69.22058208729987
147,-144.61776710175957,-14.35702672199882,-72.09686103102072,56.60682597511378,69.02160866208585
148,-143.50802182829815,-15.760654180885638,-72.30176579011722,96.08580645718143,68.7719313945375
149,-142.3982765548367,-17.164281639772454,-72.41702488329776,141.91792904809117,68.62883693871221
150,-141.28853128137527,-18.56790909865927,-72.53050072815505,189.1867296449725,68.49321695874818
151,-140.17878600791386,-19.97153655754609,-72.68222545971214,233.6027799805573,68.30833976720947
152,-139.06904073445241,-21.375164016432908,-72.8070012184134,279.1054875554419,68.15630000675603
153,-137.95929546099097,-22.77879147531973,-73.33933541894437,302.2129039520358,67.50764865674752
154,-136.84955018752956,-24.182418934206545,-73.69359422045366,338.86724853379616,67.07598289185361
155,-135.73980491406812,-25.586046393093362,-74.04934099782278,377.82672698438387,66.64250402243012
156,-134.6300596406067,-26.98967385198018,-74.20856090063272,424.43737775910586,66.44849393477676
157,-133.52031436714526,-28.393301310867,-74.92898135675824,441.4495092960191,65.57065873092658
158,-132.41056909368382,-29.796928769753816,-74.7194556444506,519.8795284322781,65.82596664842328
159,-131.3008238202224,-31.200556228640636,-75.53749225795173,534.5476191058154,64.82918576683679
160,-130.19107854676096,-32.60418368752745,-75.82122985368582,574.8497271776657,64.48345037291038
161,-129.08133327329952,-34.00781114641427,-75.78377582532525,657.5471429516992,64.52908825609559
162,-127.9715879998381,-35.411438605301086,-76.52347041733567,676.508961724795,63.627767440670006
163,-126.86184272637666,-36.8150660641879,-78.09159242611537,645.5715349091467,61.71700450836472
164,-125.75209745291524,-38.21869352307473,-78.38120956514292,679.6914344139323,61.401055115653435
165,-124.64235217945381,-39.62232098196154,-79.6461508667265,701.931648969244,59.35792777623253
166,-123.53260690599237,-41.02594844084836,-78.11994032726739,884.7314430607954,63.48664025478387
167,-122.42286163253094,-42.429575899735184,-76.32470301505501,1014.3026886734052,65.32865203839279
168,-121.31311635906951,-43.833203358622,-76.38292959858104,1106.4755300568336,66.32864973225136
169,-120.20337108560807,-45.23683081750882,-75.81748276005084,1282.527333438361,69.26949757910653
170,-119.09362581214664,-46.640458276395634,-76.60909487093191,1250.7022830018986,67.78849625219148
171,-117.98388053868521,-48.04408573528245,-77.76989924801919,1199.051741432219,65.61678513367205
172,-116.87413526522377,-49.44771319416927,-79.5314045852306,1126.013521926018,62.32124214497976
173,-115.76438999176234,-50.851340653056084,-80.95285194949327,1045.5144798385604,59.661902547117876
174,-114.65464471830091,-52.2549681119429,-78.639652512418,1302.773897281886,63.98959206656552
175,-113.54489944483949,-53.65859557082972,-81.11439651791905,1086.5278775017832,59.35967407321522
176,-112.43515417137806,-55.062223029716534,-75.6609615481722,1449.1630573715584,69.5623280187834
177,-111.32540889791662,-56.465850488603365,-77.77496658777821,1277.5550151493794,65.60730481268662
178,-110.21566362445519,-57.86947794749018,-76.74052832073887,1334.115021863691,66.01868306851429
179,-109.10591835099376,-59.273105406377,-77.86833290676141,1235.0143519910825,62.93957755447185
180,-107.99617307753232,-60.676732865263816,-79.1599535449836,1345.8900877942274,63.00244970391007
181,-106.88642780407089,-62.08036032415063,-84.15594865221568,1159.1667424533027,60.09865522195857
182,-105.77668253060946,-63.48398778303745,-84.54368785932702,1356.5199862019979,64.12741962651538
183,-104.66693725714802,-64.88761524192427,-84.26322029143992,1524.1438456713413,65.05199715662714
184,-103.5571919836866,-66.29124270081108,-80.05069335005811,2169.525280335895,78.93883542578578
185,-102.44744671022517,-67.6948701596979,-76.96296885731016,2748.9411101300484,89.11769748344774
186,-101.33770143676372,-69.09849761858472,-79.45324661739082,2479.237999601285,80.90835307313485
187,-100.22795616330231,-70.50212507747153,-79.49536987291431,2444.3677644083004,80.76949132934863
188,-99.11821088984087,-71.90575253635836,-84.86754938648001,1660.5900429165938,63.05979140436694
189,-98.00846561637943,-73.30937999524518,-77.54848431590773,2845.7746982913695,87.18751196991056
190,-96.89872034291801,-74.713007454132,-74.60744451057514,3329.3552657496066,96.88281948678366
191,-95.78897506945657,-76.11663491301881,-77.89685917007046,2977.537052406301,86.66471611464324
192,-94.67922979599514,-77.52026237190563,-78.43879404469243,2838.386818445753,83.45469420499411
193,-93.56948452253371,-78.92388983079245,-84.6148986614158,2232.853428070858,67.03295019013375
194,-92.45973924907227,-80.32751728967926,-84.6355368639346,2450.681261459841,76.43161140906787
195,-91.34999397561086,-81.73114474856608,-84.3178273801242,5935.091333978856,158.84813469730872
196,-90.24024870214942,-83.13477220745291,-84.3436607323471,6041.746924581095,158.96159739387107
197,-89.13050342868797,-84.53839966633973,-91.28697556045024,3642.7805465695005,88.46488692949195
198,-88.02075815522655,-85.94202712522655,-91.07827550192262,3628.762796442529,90.58385574541899
199,-86.91101288176512,-87.34565458411336,-89.02331950041804,4363.004143768969,111.44818954585863
200,-85.80126760830368,-88.74928204300018,-88.49351782756779,4501.302812896243,116.827360166686
201,-84.69152233484226,-90.152909501887,-93.66851369418404,2227.2430617751793,64.28470665102027
202,-83.58177706138082,-91.55653696077381,-93.50629987460607,2654.774318284813,65.93169241433696
203,-82.47203178791939,-92.96016441966063,-93.54787814207083,-1204.7832309378246,-27.99290289959182
204,-81.36228651445796,-94.36379187854745,-91.52046591979973,-203.08967179468422,-13.983573424178822
205,-80.25254124099654,-95.76741933743426,-93.10549571164081,-2790.3933551823557,-70.00112837237704
206,-79.1427959675351,-97.17104679632108,-95.01889437285801,-1968.7824515141483,-50.5740514268241
207,-78.03305069407365,-98.57467425520791,-94.08806518324064,-2398.593141123156,-60.02492575656886
208,-76.92330542061222,-99.97830171409473,-97.11127071277883,-1095.3153112654527,-29.329782274447922
209,-75.8135601471508,-101.38192917298154,-96.46535065480342,-1321.922926876614,-35.887923513548074
210,-74.70381487368937,-102.78555663186836,-96.48526488032613,-1300.5241026673534,-35.68573083965228
211,-73.59406960022793,-104.18918409075518,-96.28306421257629,-1330.29814583136,-37.738710184959466
212,-72.4843243267665,-105.592811549642,-96.29543664030308,-1215.909304712032,-37.613090725551956
213,-71.37457905330507,-106.99643900852881,-96.65334781914584,-1048.9824642152364,-33.97915486472659
214,-70.26483377984364,-108.40006646741563,-96.4261875292688,-1069.7997521006762,-36.28555369308555
215,-69.15508850638221,-109.80369392630244,-96.70449269461665,-878.9384572136195,-33.45987184687837
216,-68.04534323292077,-111.20732138518926,-96.31752370397882,-863.6155127247639,-33.80318038930267
217,-66.93559795945934,-112.61094884407608,-96.45351196496071,-626.4035120826786,-29.673271912534545
218,-65.8258526859979,-114.01457630296291,-94.95896705288324,-549.8459495768896,-29.691493387280097
219,-64.71610741253647,-115.41820376184972,-93.48040174303388,-909.1722198349017,-40.10272435911678
220,-63.606362139075046,-116.82183122073654,-93.63777198084665,-664.0718299806249,-36.279653490858784
221,-62.49661686561362,-118.22545867962336,-93.33253217821864,-562.2869655582002,-35.15448691235093
222,-61.386871592152175,-119.62908613851017,-93.4115446298283,-500.49588412848965,-34.89401780389878
223,-60.27712631869075,-121.03271359739699,-93.0780733030124,-460.4357800118381,-35.99332528544931
224,-59.16738104522932,-122.43634105628381,-92.29538225395184,-493.3344327612051,-38.573511516722846
225,-58.05763577176789,-123.83996851517063,-93.44781078778416,-298.43590833823754,-34.77446432039969
226,-56.94789049830645,-125.24359597405744,-93.90438394796513,-196.97572884734313,-33.26934453797478
227,-55.83814522484502,-126.64722343294426,-93.94812958027234,-140.59354982165598,-33.1251345354548
228,-54.728399951383594,-128.05085089183106,-94.0093210944301,-83.6533093920259,-32.923413176190344
229,-53.61865467792215,-129.4544783507179,-93.98119185365789,-23.12983298321845,-33.01614284241514
230,-52.508909404460724,-130.85810580960472,-93.8389068589442,13.301597381178752,-33.485193542199966
231,-51.399164130999296,-132.26173326849153,-94.08215040078603,93.04096326152086,-32.683327163045874
232,-50.289418857537854,-133.66536072737836,-94.111621938688,153.20384270769873,-32.58617253683608
233,-49.179673584076426,-135.06898818626516,-94.20792008852946,208.53630490640492,-32.26872012618662
234,-48.069928310615,-136.472615645152,-94.30970150157187,269.35162148943397,-31.933191821823392
235,-46.5153326627945,-136.98925572603036,-94.09234513230386,280.5053105248349,-32.649719642012634
236,-44.960737014974,-137.50589580690874,-93.81576403147731,281.78529187694403,-33.56148520907721
237,-43.4061413671535,-138.02253588778711,-93.46043095846638,280.1453663338012,-34.73286119913011
238,-41.851545719333004,-138.5391759686655,-92.99386259338524,269.4075120449677,-36.28899300650742
239,-40.2969500715125,-139.05581604954386,-92.56942573837085,271.8439176713733,-37.45696141182294
240,-38.742354423692,-139.57245613042224,-92.15285988679955,269.3975351043116,-38.70817231912905
241,-37.1877587758715,-140.0890962113006,-91.70333383890025,274.76526157657383,-39.54917596759621
242,-35.633163128051,-140.605736292179,-91.33767389092087,280.9365901633495,-40.233277260026526
243,-36.74157070870934,-139.2038007732309,-91.10538124859805,220.45393443564993,-40.66786600214388
244,-37.849978289367684,-137.8018652542828,-90.98039485023163,158.88063093458035,-40.901698985852306
245,-38.95838587002602,-136.39992973533472,-90.80118644295689,93.07769261518149,-41.23697416080235
246,-40.066793450684365,-134.99799421638662,-90.77509550143665,35.828183302870954,-41.2857868538887
247,-41.1752010313427,-133.59605869743854,-90.60143477916235,-28.883609549201665,-41.622200100499285
248,-42.28360861200104,-132.19412317849046,-90.35213079089003,-112.32415130614021,-42.23493578976747
249,-43.39201619265938,-130.79218765954235,-91.00451016271602,-127.1918093818235,-41.75950104426029
250,-44.50042377331772,-129.39025214059427,-91.28763894552661,-174.66692908239247,-41.75417198891034
251,-45.60883135397606,-127.98831662164618,-91.7502108389018,-195.07775207770524,-40.27558980704753
252,-46.7172389346344,-126.58638110269808,-91.59338689903684,-278.60028895080103,-40.887679733343695
253,-47.825646515292746,-125.18444558375,-91.53918085224765,-343.33351772681624,-41.06637309612732
254,-48.93405409595108,-123.78251006480191,-91.98209873938156,-342.7867028130072,-39.606268709678375
255,-50.04246167660942,-122.38057454585382,-92.14619362581867,-381.8868898643986,-39.06532044265056
256,-51.150869257267765,-120.97863902690573,-92.18086169373103,-432.534826292145,-38.951035155244185
257,-52.2592768379261,-119.57670350795765,-92.38826937973836,-473.5019215877017,-38.26730374380318
258,-53.367684418584446,-118.17476798900955,-91.95201420013066,-532.3977365673558,-39.705444130225835
259,-54.47609199924278,-116.77283247006146,-91.57088485726372,-673.6341768723316,-40.961859013186015
260,-55.58449957990112,-115.37089695111337,-92.10153158469622,-656.7482363330781,-39.212551439737894
261,-56.69290716055946,-113.96896143216529,-91.32440698913379,-827.9270892952587,-41.77438753568002
262,-57.8013147412178,-112.5670259132172,-90.07067783478178,-1030.4512276284904,-45.907378076056794
263,-58.909722321876146,-111.1650903942691,-90.20778250194873,-1111.2404257486655,-45.455404625112145
264,-60.01812990253448,-109.763154875321,-91.57257170617468,-1034.9414528111622,-41.186625297954734
265,-61.12653748319282,-108.36121935637291,-90.80005264810589,-965.9854201190378,-37.902489143900084
266,-62.23494506385116,-106.95928383742483,-91.97858976916781,-965.1224168513656,-35.43449865312515
267,-63.3433526445095,-105.55734831847674,-92.93797700926729,-835.1758462571631,-29.81436778428691
268,-64.45176022516785,-104.15541279952865,-96.02763940738892,-1071.8751019438002,-34.10035221717322
269,-65.56016780582618,-102.75347728058057,-95.96034135038008,-1308.3497582881764,-41.01537280788928
270,-66.66857538648452,-101.35154176163246,-96.54691637033152,-1165.6680851092574,-35.05977229561171
271,-67.77698296714286,-99.94960624268438,-95.45091689305427,-1668.1948390240252,-46.18764993497753
272,-68.8853905478012,-98.5476707237363,-96.29388631151218,-1384.4844689202646,-37.62883148952607
273,-69.99379812845953,-97.1457352047882,-95.95961487031516,-1652.445821755069,-41.02274888921104
274,-71.10220570911788,-95.74379968584012,-94.61514303739635,-2109.5726000930085,-54.67341055144149
275,-72.21061328977622,-94.34186416689202,-95.77276939608262,-1665.0540101019467,-42.91982422349129
276,-73.31902087043457,-92.93992864794393,-94.53962537088212,-2243.7775578090605,-55.440154851962106
277,-74.42742845109291,-91.53799312899585,-91.86272866229291,-3438.9396175825427,-82.61916327667755
278,-75.53583603175124,-90.13605761004776,-89.93196298952384,-2763.2604649245195,-72.80383361800747
279,-76.64424361240958,-88.73412209109966,-88.05371529961089,-757.6955033969666,-29.781774521465554
280,-77.75265119306792,-87.33218657215157,-82.34839964208496,1054.590959708936,21.315695089624533
281,-78.86105877372626,-85.93025105320348,-86.14261158014047,-489.80671451064154,-2.275444472774231
282,-79.9694663543846,-84.5283155342554,-97.46836221449418,449.1852893786338,25.704168741294726
283,-81.07787393504293,-83.1263800153073,-81.88291269782906,7358.682758589706,183.94600988415027
284,-82.18628151570128,-81.72444449635921,-84.4924382970597,6286.977323082806,157.4510323161192
285,-83.29468909635962,-80.32250897741113,-85.59003483266056,6063.890674233965,146.3069394595275
286,-84.40309667701797,-78.92057345846302,-84.8315968155787,5978.011298567912,154.00749555112202
287,-85.51150425767631,-77.51863793951495,-79.77746456404111,7945.825154966611,205.32299928475499
288,-86.61991183833464,-76.11670242056685,-75.78890790522414,4982.892203963542,126.99471311343478
289,-87.72831941899298,-74.71476690161877,-74.9234189769077,3756.6784473567186,108.25401967201717
290,-88.83672699965132,-73.31283138267068,-73.37860467461132,3316.2096890989383,95.25987730483122
291,-89.94513458030966,-71.91089586372259,-75.88718804898122,3341.7484943454997,94.13502739456823
292,-91.053542160968,-70.5089603447745,-70.61439444956966,3865.47233726131,110.04613954845838
293,-92.16194974162634,-69.1070248258264,-70.79982552121052,3787.27878320488,109.43485531507882
294,-93.27035732228468,-67.7050893068783,-83.68850591406118,2107.777653929496,66.94657628233381
295,-94.37876490294303,-66.30315378793021,-73.64471820073655,3248.486871498885,100.05650234940427
296,-95.48717248360137,-64.90121826898213,-73.69562092543748,3300.8916025512217,99.88869857859993
297,-96.5955800642597,-63.49928275003404,-74.9011096399276,2916.8270252511934,95.91473543335113
298,-97.70398764491804,-62.09734723108595,-79.25901999543063,2280.8809179104373,81.54863234594671
299,-98.81239522557638,-60.69541171213787,-80.20839818803154,2073.9426848613984,78.41895232244295
300,-99.92080280623472,-59.293476193189775,-77.45394889532218,1528.1470239899456,73.45613895396508
301,-101.02921038689306,-57.89154067424168,-75.87169557656462,1686.8191089914792,70.82468697948104
302,-102.13761796755139,-56.4896051552936,-72.20031743986317,1717.2499129198861,71.41465014847722
303,-103.24602554820973,-55.08766963634551,-71.281054596323,1694.2662729059584,74.72442872868157
304,-104.35443312886807,-53.685734117397416,-73.4238148343959,1513.3198405720277,71.25740685626373
305,-105.46284070952643,-52.28379859844932,-71.12287479279657,1778.6083296513116,78.05248678970824
306,-106.57124829018477,-50.88186307950123,-77.63286710079619,1463.1806456983838,65.8731541167613
307,-107.6796558708431,-49.479927560553136,-75.62862442811202,1643.3686378680466,69.6228264839531
308,-108.78806345150144,-48.07799204160506,-77.7181097303372,1423.6626224807562,65.71367645626964
309,-109.89647103215978,-46.676056522656964,-75.16793875086847,1625.0229607520257,70.48470831965254
310,-111.00487861281812,-45.27412100370887,-73.21376614758839,1687.3540913434936,74.14070622405279
311,-112.11328619347645,-43.87218548476079,-74.646070042134,1581.816975805957,71.46105549712416
312,-113.22169377413479,-42.4702499658127,-72.5088087905748,1758.005989318937,72.53076024044017
313,-114.33010135479313,-41.068314446864605,-74.1509257599519,1663.1482200773748,71.42876256379586
314,-115.43850893545147,-39.666378927916526,-73.53289911411517,1423.0512608392182,68.25258437647683
315,-116.5469165161098,-38.26444340896843,-74.96596115047468,1249.451097679533,63.250020944587675
316,-117.65532409676817,-36.86250789002034,-75.87292246978426,1220.1549315442132,64.21940918519243
317,-118.7637316774265,-35.460572371072246,-75.06688882043495,1178.4806152768244,65.55036713724812
318,-119.87213925808484,-34.05863685212415,-76.98545768110814,949.9850897775079,63.064834114136005
319,-120.98054683874318,-32.65670133317606,-76.11251230008713,1026.5152923809085,64.12852154830452
320,-122.08895441940152,-31.254765814227966,-72.03976299875238,1018.8398590906716,69.09118284250988
321,-123.19736200005985,-29.852830295279887,-74.389700018443,762.9696257923937,66.22777519607872
322,-124.30576958071819,-28.450894776331793,-74.5274225085542,702.5714804310769,66.05995979168046
323,-125.41417716137656,-27.0489592573837,-74.27859798812159,659.515754478386,66.3631534638751
324,-126.52258474203487,-25.64702373843562,-72.56689256902263,692.6561860432391,68.44887335526653
325,-127.6309923226932,-24.245088219487528,-72.23210983195932,643.3455772969627,68.85680745782659
326,-128.73939990335157,-22.843152700539434,-71.94278470178942,568.1824396933869,69.20935128478513
327,-129.8478074840099,-21.441217181591355,-70.6275596495871,582.91017327003,70.81195826518403
328,-130.95621506466824,-20.039281662643262,-69.7773162214491,553.2168064953732,71.66783371069953
329,-132.06462264532658,-18.63734614369517,-70.02765849803336,468.5668508272371,70.55377851275901
330,-133.17303022598492,-17.235410624747075,-69.32258445284563,457.7649162189637,71.3441326885688
331,-134.28143780664325,-15.833475105798982,-68.65880723250905,433.86042482083496,71.96691812525707
332,-135.3898453873016,-14.431539586850889,-68.10545725939234,407.3055622746082,72.62306828100657
333,-136.49825296795993,-13.02960406790281,-67.43972559072608,387.2985109152723,73.39507841716318
334,-137.6066605486183,-11.627668548954716,-67.10172460138256,350.5237920160417,73.67246855354158
335,-138.71506812927663,-10.225733030006609,-66.70376333067662,318.7148153517417,73.99906680217042
336,-139.82347570993494,-8.823797511058558,-66.35220780041112,280.44567096530665,74.28758085851776
337,-140.9318832905933,-7.4218619921104505,-66.16063654460713,241.05685306092778,74.44479926452557
338,-142.04029087125164,-6.019926473162371,-66.02492041702956,198.73664944787373,74.55617856909682
339,-143.14869845190998,-4.617990954214264,-65.97841197791296,142.68502109369066,74.59434704397131
340,-144.25710603256832,-3.2160554352661848,-65.75249693701846,103.99458173303994,74.77975065514225
341,-145.36551361322665,-1.8141199163180772,-65.5591060260394,60.35736878577882,74.93846241298357
342,-146.473921193885,-0.41218439737,-65.58801495109327,3.221314356762754,74.9147374804654
343,-146.45593028582272,1.2217949854757144,-64.6670043518145,11.159709182800285,75.67059105425541
344,-146.43793937776042,2.8557743683214287,-63.80264376593689,9.535917332745058,76.37995318145613
345,-146.41994846969814,4.489753751167143,-62.88770463334839,9.605404825014055,77.13082403322362
346,-146.40195756163584,6.123733134012857,-61.89961452370495,12.654597961059615,77.9417283172627
347,-146.38396665357357,7.757712516858572,-60.94279681532309,12.499446767499741,78.72696801473451
348,-146.36597574551126,9.391691899704286,-60.123073819452905,8.285652932667588,79.39969703265407
349,-146.347984837449,11.02567128255,-59.40980451953337,1.6411772678695655,79.98506179375566
350,-145.23743500933944,9.621026207257609,-59.438362080321255,53.75914409731477,79.96162521832741
351,-144.12688518122988,8.216381131965218,-59.56695302606335,103.14905484867144,79.85609339711674
352,-143.01633535312033,6.811736056672827,-59.70799153333705,150.14239089786773,79.74034613009472
353,-141.90578552501077,5.407090981380437,-59.95163255943354,193.1151202468096,79.54039518442579
354,-140.79523569690122,4.002445906088044,-60.10921572874809,236.74310837422564,79.4110700693958
355,-139.68468586879166,2.597800830795654,-60.33062520648578,273.90096978889295,79.22936407692401
356,-138.5741360406821,1.1931557555032644,-60.57846964043224,311.372021383221,79.02596348491225
357,-137.46358621257255,-0.211489319789127,-60.791742672939385,346.71501475911987,78.85093489790165
358,-136.353036384463,-1.6161343950815183,-61.1181056627606,377.8298016687806,78.58309581721971
359,-135.24248655635344,-3.0207794703739115,-61.484569596573316,408.6695632473372,78.28234675498919
360,-134.1319367282439,-4.425424545666303,-61.27731602043936,465.12666785528086,78.45243530372497
361,-133.02138690013433,-5.830069620958692,-62.09381456111612,491.9507638977688,77.78235252677524
362,-131.91083707202478,-7.234714696251082,-62.410812585618885,531.465204453759,77.52219907154638
363,-130.80028724391522,-8.639359771543472,-62.85878107162655,559.9973494031013,77.15456097774013
364,-129.68973741580567,-10.044004846835865,-65.11146276675078,539.5346850039847,75.3058336002221
365,-128.5791875876961,-11.448649922128254,-65.68627781872867,567.5749674947531,74.83409526013565
366,-127.46863775958657,-12.853294997420647,-65.06201486123899,624.5641802532618,74.55025113178438
367,-126.35808793147702,-14.257940072713037,-66.35540598156666,661.1054691121356,74.14743817492923
368,-125.24753810336746,-15.66258514800543,-66.67671848962868,672.8314174287445,72.65512210073163
369,-124.1369882752579,-17.067230223297823,-67.57045334210262,678.2162142541406,71.3530418576121
370,-123.02643844714835,-18.471875298590213,-68.47717063684145,705.3443855054275,70.65201090972505
371,-121.9158886190388,-19.876520373882606,-69.92489375962842,694.4720895143171,69.39244200143226
372,-120.80533879092924,-21.281165449174992,-70.36139431936823,820.6169971483299,71.13628178337937
373,-119.69478896281969,-22.685810524467385,-71.43312135908111,813.5256563763395,69.830378103967
374,-118.58423913471013,-24.09045559975978,-73.68093983615518,761.3844251952967,67.091402309675
375,-117.47368930660058,-25.495100675052164,-74.26158368981226,836.6375693265059,66.38388545433668
376,-116.36313947849102,-26.899745750344557,-74.58710815050466,842.1835432045409,65.98723259852109
377,-115.25258965038147,-28.304390825636943,-73.88239760749474,972.0325040969062,66.84592521047932
378,-114.14203982227193,-29.709035900929337,-71.99074579448695,1278.7979148304628,69.15091050172981
379,-113.03148999416237,-31.11368097622173,-74.44065385086797,1411.1100769745256,66.1656877477098
380,-111.92094016605282,-32.51832605151412,-74.98336677456102,1447.1989241667286,65.50438988206548
381,-110.81039033794326,-33.92297112680651,-72.9129227399741,1560.7963652588808,66.87206407752998
382,-109.6998405098337,-35.3276162020989,-73.29431814191359,1646.3114275769838,67.26015613780706
383,-108.58929068172415,-36.732261277391295,-70.90783161333871,1528.5063475390077,63.16868798387969
384,-107.4787408536146,-38.13690635268369,-70.21461642061418,2179.215004505008,78.50971072493748
385,-106.36819102550504,-39.541551427976074,-68.16353367556245,2195.757953500026,78.22203479144495
386,-105.25764119739549,-40.94619650326847,-71.74869136299166,1844.4506855222462,74.07503350355128
387,-104.14709136928593,-42.35084157856086,-70.97188177294314,2056.4972020992127,78.334974714898
388,-103.03654154117638,-43.755486653853254,-71.14981185309385,2078.5839393003657,78.00209112054758
389,-101.92599171306682,-45.16013172914565,-72.17513674051638,1664.6800899029065,76.08384416863873
390,-100.81544188495727,-46.56477680443803,-71.21892904797848,1749.9704022231606,77.87278201078325
391,-99.70489205684771,-47.969421879730426,-72.29507121207635,1796.6678105976016,75.85946267032463
392,-98.59434222873816,-49.37406695502282,-65.45970876642085,2246.0242195049054,88.64751974122343
393,-97.4837924006286,-50.77871203031521,-65.21931736808867,2103.027085456731,85.27726863366127
394,-96.37324257251905,-52.1833571056076,-65.49410454475077,2121.9710934276864,84.64388641792797
395,-95.26269274440949,-53.588002180899984,-71.6899410123861,1934.8410658187822,78.5244172080326
396,-94.15214291629994,-54.99264725619238,-76.6103729995429,1890.7823551879774,77.5025429541094
397,-93.04159308819038,-56.39729233148477,-73.76521051332044,1687.1590383915013,69.01847278807281
398,-91.93104326008083,-57.801937406777164,-75.91476446910423,2715.935887549183,92.57316376641533
399,-90.82049343197127,-59.20658248206956,-70.22979258321197,3618.8456809580293,111.31400180558933
400,-89.70994360386172,-60.611227557361936,-72.12100528391133,3498.3404483361705,105.07950995007288
401,-88.59939377575216,-62.01587263265433,-74.92999501673333,3125.698424772204,95.81951312103624
402,-87.48884394764261,-63.42051770794672,-80.71583660523946,2572.1052967723945,76.74615228356393
403,-86.37829411953305,-64.82516278323911,-71.01025908036871,3714.3579011214324,108.7411489381004
404,-85.2677442914235,-66.2298078585315,-69.00474335522223,4081.325249185917,115.3524473129004
405,-84.15719446331394,-67.6344529338239,-65.95274415670315,4613.283818020613,124.85406999360987
406,-83.04664463520439,-69.03909800911629,-67.02349236372191,4129.686587936752,114.70440169069838
407,-81.93609480709485,-70.44374308440868,-69.45102641640256,5019.083688405866,134.20368321350887
408,-80.82554497898528,-71.84838815970107,-73.05292791305364,5297.654779147924,132.08286351459145
409,-79.71499515087574,-73.25303323499347,-78.26863913960219,8588.53989897413,220.6423721954358
410,-78.60444532276617,-74.65767831028586,-87.57980803366091,4986.16023492726,126.10441822673788
411,-77.49389549465663,-76.06232338557825,-80.4364008223498,7975.3616618973365,198.63270224846178
412,-76.38334566654706,-77.46696846087065,-71.82955485864994,11725.100334249442,286.01954022657344
413,-75.27279583843752,-78.87161353616301,-98.07923738692612,409.36660701185303,19.50184445859333
414,-74.16224601032795,-80.27625861145543,-82.30053148870078,-670.4233276842656,-4.027799907266795
415,-73.05169618221841,-81.6809036867478,-70.93945154127503,2407.1073498729534,62.583211318784805
416,-71.94114635410884,-83.08554876204022,-84.59789906927593,-1001.8728670256867,-38.5029517253671
417,-70.8305965259993,-84.49019383733258,-88.88420605162534,-3159.1002163394737,-81.65225356546144
418,-69.72004669788973,-85.89483891262498,-91.8668666770181,-3494.6120964547013,-82.57714927713981
419,-68.60949686978019,-87.29948398791737,-93.30347012949119,-2998.5967687239627,-67.99105889402784
420,-67.49894704167062,-88.70412906320976,-94.52496003486623,-2153.212190956866,-55.589054617074645
421,-66.38839721356108,-90.10877413850216,-95.02680796226733,-1971.5392865243653,-50.49370334595884
422,-65.27784738545151,-91.51341921379455,-95.97835780105399,-1805.0150468053068,-40.83244857959576
423,-64.16729755734197,-92.91806428908694,-95.35477027850891,-1864.709846714321,-47.1638436141574
424,-63.05674772923241,-94.32270936437934,-95.0150595543893,-1957.510480962344,-50.612987020842546
425,-61.94619790112286,-95.72735443967173,-95.64371247918706,-1657.636169873011,-44.23016205622028
426,-60.8356480730133,-97.1319995149641,-95.08785217282596,-1530.6206308803824,-41.05477499761474
427,-59.72509824490375,-98.53664459025651,-90.5954671820904,-1289.6823973414566,-37.72630880289502
428,-58.61454841679419,-99.94128966554888,-89.15627563697939,-1290.082638579786,-39.110218785746085
429,-57.50399858868464,-101.3459347408413,-88.75779716276423,-1203.661460727165,-40.45710376407776
430,-56.39344876057508,-102.75057981613367,-87.14345720567118,-1422.3943226592173,-46.62340542480872
431,-55.28289893246553,-104.15522489142606,-88.39906382179277,-1445.778629794862,-51.09336201612851
432,-54.17234910435597,-105.55986996671845,-89.45668302596485,-1302.182706726318,-47.931447411823534
433,-53.06179927624642,-106.96451504201085,-89.45568742126129,-1168.4818253847884,-47.93472948020981
434,-51.95124944813686,-108.36916011730324,-90.80833755153269,-947.0799444302206,-43.47564023159019
435,-50.84069962002731,-109.77380519259563,-90.50415902725705,-938.25324181225,-44.4783822983706
436,-49.73014979191775,-111.17845026788802,-90.51843413410606,-881.029590626537,-44.43132358448115
437,-48.6195999638082,-112.58309534318042,-90.64419036683886,-845.5700806216586,-44.01676090284123
438,-47.509050135698644,-113.98774041847281,-91.72802850527694,-642.4245737293104,-40.44382590494709
439,-46.39850030758909,-115.3923854937652,-90.17378268672313,-739.3290317377212,-45.5674869789561
440,-45.287950479479534,-116.7970305690576,-90.73324201520303,-640.7810240202139,-43.72319700268268
441,-44.17740065136999,-118.20167564434996,-89.84907735615678,-656.9073381461493,-46.58192552933668
442,-43.066850823260424,-119.60632071964235,-90.29418111506601,-585.3579308165275,-45.016963171509964
443,-41.95630099515088,-121.01096579493475,-87.89150983165425,-509.0845003838372,-44.564624003817535
444,-40.845751167041314,-122.41561087022714,-87.55588702355887,-496.340051554341,-45.760040063310434
445,-39.73520133893177,-123.82025594551953,-87.22810346073373,-414.86167539674597,-45.818230806997775
446,-38.624651510822204,-125.22490102081193,-86.81600281843828,-441.19246923316706,-48.671926993800426
447,-37.51410168271266,-126.62954609610432,-86.57707176662103,-396.6382270005927,-49.13973279057141
448,-36.403551854603094,-128.0341911713967,-86.61705501898406,-349.00102537331605,-49.06492942540042
449,-35.293002026493554,-129.4388362466891,-86.75061011655526,-280.88671812410763,-48.81506554130817
450,-34.182452198383984,-130.8434813219815,-86.77454451368087,-243.5622557126147,-48.77028745692229
451,-33.071902370274444,-132.24812639727386,-86.67619519489823,-188.7488185265633,-48.95428599562085
452,-31.961352542164875,-133.6527714725663,-86.77250622022443,-132.7769139009006,-48.774100833792154
453,-30.850802714055334,-135.05741654785865,-86.75423344653052,-79.0798914667408,-48.80828677121673
454,-29.740252885945765,-136.46206162315107,-86.87586914686041,-13.309168825220894,-48.58072249938126
455,-28.629703057836224,-137.86670669844344,-86.9652894280041,49.395093831057984,-48.41342900651196
456,-27.519153229726655,-139.27135177373583,-87.11141465987691,109.04921599057145,-48.14004806738187
457,-26.408603401617114,-140.67599684902822,-87.21195612242981,170.73937912061913,-47.951948318269764
458,-25.29805357350756,-142.08064192432062,-87.31202163379501,225.17732560427706,-47.764739010739966
459,-24.187503745398,-143.485286999613,-87.53466200528882,287.8602765159705,-47.34820838788194
460,-22.445637080754167,-143.755576845555,-86.8686795890618,285.3542467871782,-48.59417320900701
461,-20.703770416110334,-144.02586669149701,-86.13491255393606,278.4997551911436,-49.966954066867125
462,-18.9619037514665,-144.296156537439,-85.56725692751415,279.89686450426274,-51.02896249802411
463,-17.220037086822668,-144.566446383381,-85.1269766271637,285.89110016520743,-51.85266857840216
464,-15.478170422178833,-144.836736229323,-84.64389723843487,290.66134515049146,-52.7601027967236
465,-13.736303757535,-145.107026075265,-84.05433577907598,290.9357657614008,-53.843895816528885
466,-14.843931875032084,-143.70607643652068,-83.86577675443048,231.73678285158118,-54.20516257800644
467,-15.951559992529168,-142.30512679777632,-83.70161128717776,172.22124772607322,-54.47547638794562
468,-17.059188110026252,-140.90417715903197,-83.58112284229603,111.75590785490209,-54.68056705666312
469,-18.166816227523334,-139.50322752028765,-83.46128404131699,51.76460129472997,-54.7887629886565
470,-19.27444434502042,-138.10227788154333,-83.28194505448391,-7.981179614749237,-55.10302506641588
471,-20.382072462517502,-136.70132824279898,-83.29155251519126,-54.767307228121915,-54.99412446800722
472,-21.48970058001459,-135.30037860405466,-83.22532245521457,-131.95576144102563,-55.24778263570678
473,-22.59732869751167,-133.8994289653103,-83.4281005028182,-164.2145385141715,-55.03104061166948
474,-23.704956815008757,-132.49847932656598,-83.390127587218,-207.35095475259251,-55.10208290323849
475,-24.812584932505843,-131.09752968782163,-83.36737713637861,-246.1037777054538,-55.14464598106141
476,-25.920213050002925,-129.69658004907728,-83.09761700688856,-337.6420260177064,-55.64933142514702
477,-27.027841167500007,-128.29563041033296,-83.48504771448097,-398.1172199087965,-54.92449992731483
478,-28.135469284997093,-126.89468077158863,-83.57422971848383,-449.6937212058953,-54.75765221939112
479,-29.243097402494175,-125.49373113284429,-83.3610931366831,-448.6688809491506,-55.156402511512965
480,-30.350725519991258,-124.09278149409995,-83.67385287789384,-477.51030316426113,-54.571270493733266
481,-31.458353637488344,-122.69183185535562,-83.14867327795835,-571.1156974186405,-55.55381190976525
482,-32.56598175498543,-121.29088221661128,-83.15727622889099,-619.7785357575888,-55.537716928938764
483,-33.67360987248251,-119.88993257786694,-83.06777021851865,-726.6117955160911,-55.70517080983119
484,-34.781237989979594,-118.48898293912261,-82.94110303526558,-813.2266931042695,-55.94214831926537
485,-35.88886610747668,-117.08803330037827,-82.66671712278716,-776.4875145508133,-50.78212625494639
486,-36.996494224973766,-115.68708366163393,-83.21086984246817,-696.4412661014858,-47.54864354393021
487,-38.10412234247085,-114.2861340228896,-83.2303838109988,-734.7675489658529,-46.97041939484895
488,-39.21175045996793,-112.88518438414526,-84.48541108149233,-811.7643864225633,-45.230322207037084
489,-40.31937857746502,-111.48423474540093,-85.14302095498769,-855.6797348647307,-46.93280857281333
490,-41.4270066949621,-110.08328510665659,-89.68521614709388,-880.258594349178,-46.7888781539678
491,-42.53463481245918,-108.68233546791225,-89.47979665255623,-975.409813430572,-47.855252007318946
492,-43.64226292995627,-107.28138582916792,-90.66385247161679,-926.9245301400192,-43.95194363926473
493,-44.74989104745335,-105.88043619042358,-90.5365914895333,-970.82356325031,-44.37146681401431
494,-45.85751916495043,-104.47948655167926,-90.97825566483618,-965.2338557058176,-42.915495360998605
495,-46.96514728244752,-103.07853691293491,-88.43714301468226,-1309.6985794506668,-51.29241992134922
496,-48.072775399944604,-101.67758727419057,-88.8130686247775,-1306.4525480609564,-50.05315944390332
497,-49.18040351744168,-100.27663763544624,-89.22258251643095,-1332.2349683000766,-48.70317325710855
498,-50.28803163493877,-98.8756879967019,-89.02467258670836,-1438.7503318358222,-49.35559476661171
499,-51.395659752435854,-97.47473835795756,-89.22492573260712,-1445.8196817053504,-47.897840042420384
500,-52.50328786993294,-96.07378871921323,-83.79555717225169,-1888.7260204205008,-54.82652078653739
501,-53.61091598743002,-94.67283908046889,-84.1794349757732,-1643.9342389042838,-49.56313208423134
502,-54.718544104927105,-93.27188944172455,-87.36659730853064,-1341.9018526178204,-37.44761649280679
503,-55.826172222424184,-91.87093980298022,-88.32448075822404,-1678.153913721683,-43.66018847380293
504,-56.93380033992128,-90.4699901642359,-83.67280445383136,-1082.4470922180271,-33.81088319848082
505,-58.04142845741836,-89.06904052549154,-94.54753793432353,-1670.6538380672182,-43.2007265681551
506,-59.14905657491544,-87.66809088674722,-95.4765507371303,-1920.5029395118308,-45.92738495655759
507,-60.25668469241253,-86.26714124800287,-94.44310875865307,-2375.328605065658,-56.420105183439766
508,-61.364312809909606,-84.86619160925855,-95.13486981981319,-2087.447265695581,-49.3965320852228
509,-62.4719409274067,-83.4652419705142,-93.10147687422953,-2877.949737725761,-70.04193234345476
510,-63.57956904490378,-82.06429233176988,-91.8392865980968,-3512.2855457541427,-82.85717472412836
511,-64.68719716240086,-80.66334269302553,-88.56021351242046,-4901.033493413649,-116.15018701514606
512,-65.79482527989795,-79.2623930542812,-89.88277875532034,-4401.451256548214,-102.72194685792527
513,-66.90245339739504,-77.86144341553685,-82.42019316886164,-2150.044571550817,-67.49612371927712
514,-68.01008151489211,-76.46049377679253,-68.20132803719812,2986.995682377232,69.49492215567336
515,-69.11770963238921,-75.05954413804818,-73.53137707536891,-1323.4040412328748,-28.820574889073004
516,-70.22533774988628,-73.65859449930386,-90.01382728963533,3996.9827954617144,101.39138777928478
517,-71.33296586738336,-72.25764486055951,-87.40495172791545,5226.81101519786,127.87976540084118
518,-72.44059398488045,-70.85669522181517,-76.45318654657959,9649.059866736126,239.07498528883295
519,-73.54822210237754,-69.45574558307084,-78.51364531186096,8701.378015730528,218.15478094898918
520,-74.65585021987462,-68.0547959443265,-61.57178960200886,8361.604157019236,212.79067104172552
521,-75.76347833737171,-66.65384630558218,-61.36017931146999,7165.074743367866,179.57689100781343
522,-76.8711064548688,-65.25289666683783,-61.36106863616219,5338.680660056265,142.99367299580447
523,-77.97873457236587,-63.851947028093505,-59.7205759195016,4975.856770497055,133.67257334855816
524,-79.08636268986295,-62.450997389349155,-72.99417404882152,3714.6056287780875,102.20105870484312
525,-80.19399080736004,-61.05004775060483,-65.81130612460495,4446.038985491973,125.87979751419029
526,-81.30161892485711,-59.649098111860496,-77.6595548796638,3061.0842160784773,86.82136144391907
527,-82.40924704235421,-58.248148473116146,-73.63544792417319,3383.426029360142,100.08706235130899
528,-83.5168751598513,-56.84719883437181,-79.99943099288474,2313.119576786366,79.107824745798
529,-84.62450327734837,-55.44624919562749,-65.64890222035324,4257.746274701155,126.41517136081589
530,-85.73213139484545,-54.04529955688315,-61.24815282239193,2854.0048534219814,98.8279556001072
531,-86.83975951234254,-52.6443499181388,-69.09351204097514,1687.7448550649792,70.723570358969
532,-87.94738762983962,-51.24340027939448,-65.87082227604158,2174.2055480722565,86.50410180873021
533,-89.05501574733671,-49.84245064065014,-59.816071564884915,2557.45120543474,94.30523317847585
534,-90.1626438648338,-48.44150100190579,-59.5435702982128,2538.41410038172,94.93799975219906
535,-91.27027198233088,-47.040551363161455,-53.580138934806214,3015.137161542972,105.54856243021115
536,-92.37790009982795,-45.63960172441713,-58.72261353772668,2836.614617227596,101.25173187504771
537,-93.48552821732504,-44.2386520856728,-67.19604997829686,2118.3409293653694,85.39905549538983
538,-94.59315633482214,-42.837702446928446,-66.89360112664633,2096.350971877512,85.96489720556818
539,-95.70078445231921,-41.43675280818411,-68.8170027055838,2208.7249957187396,82.36646780884399
540,-96.8084125698163,-40.03580316943979,-64.9365013082126,2693.982148706386,89.62637154150121
541,-97.91604068731337,-38.63485353069545,-67.69898416856117,2312.4006270008276,78.42613966265934
542,-99.02366880481047,-37.2339038919511,-69.19572306524917,2264.7966683582185,72.12600595242421
543,-100.13129692230756,-35.83295425320678,-64.46656235823973,2144.7856323641267,68.98804729132563
544,-101.23892503980463,-34.43200461446244,-67.31990238397029,1888.650891414382,65.5274614799051
545,-102.34655315730173,-33.03105497571809,-66.96258885332976,1980.0547891880074,67.16530272630222
546,-103.4541812747988,-31.630105336973756,-72.5443013761944,1933.1718244241185,68.5890737131281
547,-104.56180939229588,-30.229155698229434,-72.99448679874645,1814.1138974788682,67.92784807812019
548,-105.66943750979297,-28.828206059485098,-76.07934795547868,1470.7517439583416,64.16893243470041
549,-106.77706562729006,-27.427256420740747,-74.9438687468189,1100.3331387216354,65.55251838666283
550,-107.88469374478714,-26.026306781996425,-73.85121018391781,1066.2859877565397,66.88392721070063
551,-108.99232186228421,-24.62535714325209,-72.964942040004,1045.9669726932648,67.96384848467814
552,-110.0999499797813,-23.224407504507752,-73.65624761865881,902.2453392457794,67.12148987533911
553,-111.2075780972784,-21.8234578657634,-72.32614781898248,922.8978877864299,68.7422217949593
554,-112.31520621477547,-20.42250822701908,-68.48057993392007,980.6667382421181,70.66416298526968
555,-113.42283433227256,-19.021558588274743,-68.02801759385929,900.6362512447627,70.06541750622259
556,-114.53046244976963,-17.620608949530407,-68.20702390071708,759.797005392112,68.35471497785689
557,-115.63809056726673,-16.219659310786056,-65.31542410725618,906.2383498421509,72.42146123522963
558,-116.7457186847638,-14.818709672041734,-63.775718927507164,893.8524070631593,73.90145944874445
559,-117.85334680226089,-13.417760033297412,-62.76199161250182,832.5611300819737,73.34965982388883
560,-118.96097491975799,-12.016810394553062,-62.98487266919776,827.5243209674388,75.67373768826346
561,-120.06860303725506,-10.615860755808711,-63.136247926436404,762.0299725450873,75.81862048077731
562,-121.17623115475214,-9.21491111706439,-64.03246348307329,690.7849777238994,76.19134508654268
563,-122.28385927224922,-7.813961478320067,-62.10452919311297,703.9946711820778,77.77355925893121
564,-123.39148738974632,-6.4130118395757165,-61.544815404843426,677.7220339087976,78.23290431695152
565,-124.4991155072434,-5.012062200831366,-60.536225988450504,625.8925297950243,79.06063194078602
566,-125.60674362474047,-3.611112562087044,-58.15050632379845,674.5728079937139,81.01854071621206
567,-126.71437174223756,-2.210162923342722,-58.07257824971635,632.9775784236328,81.08249460918537
568,-127.82199985973465,-0.8092132845983713,-58.040192881659294,598.0465413350739,81.10907258364472
569,-128.92962797723175,0.5917363541459792,-57.44319825137267,576.2338273281748,81.5990132262268
570,-130.03725609472883,1.9926859928903013,-56.959021161399214,534.1161026804971,81.99636694190633
571,-131.14488421222592,3.393635631634652,-56.69512474833399,513.0909919825212,82.21294104765707
572,-132.252512329723,4.794585270378974,-56.24935360826741,479.70162360048886,82.57877582694796
573,-133.36014044722006,6.1955349091233245,-55.67261740676442,463.02087054000765,83.05209081309634
574,-134.46776856471715,7.596484547867647,-55.182737897393444,430.63269488375465,83.37044255248503
575,-135.57539668221426,8.997434186611997,-54.951766919265594,392.45832754796777,83.5388042024624
576,-136.68302479971132,10.39838382535632,-54.67953618852505,357.06818859733585,83.74642153048887
577,-137.7906529172084,11.799333464100641,-54.54031216601874,312.7435102443782,83.77140779937577
578,-138.8982810347055,13.200283102844992,-54.21098858938973,281.6803107763907,83.87251700586465
579,-140.00590915220258,14.601232741589342,-54.230445668807384,229.84093866264516,83.8572563277939
580,-141.11353726969966,16.002182380333664,-54.202614989484914,180.29539102724203,83.86969370063657
581,-142.22116538719675,17.403132019077987,-54.02029362191293,134.97749742405904,83.96554025928876
582,-143.32879350469383,18.804081657822337,-53.77478114470742,90.30593223633164,84.09958552473081
583,-144.43642162219092,20.205031296566688,-53.61823808936383,43.19455451647753,84.18325957432967
584,-145.544049739688,21.605980935311,-53.49588191091417,0.07742552820042192,84.24866034807755
585,-145.2683650597065,23.190146650128668,-52.39074169498319,7.290707319794485,84.83937040569444
586,-144.99268037972502,24.774312364946333,-51.385060787916885,7.537173636839938,85.37691832766274
587,-144.7169956997435,26.358478079763998,-50.35381565308765,7.867541129809943,85.92813062111719
588,-144.441311019762,27.942643794581667,-49.38075877704201,8.079993416067772,86.44824062618945
589,-144.16562633978052,29.526809509399335,-48.41179045134758,5.376727412800335,86.96616525443918
590,-143.889941659799,31.110975224217,-47.49744586572926,-0.6875493327495832,87.4548928702352
591,-142.7769447863854,29.703235078313302,-47.66190020895872,46.44367732435828,87.36699014697525
592,-141.66394791297176,28.295494932409603,-47.872283664491974,91.10480569172267,87.25453778903167
593,-140.55095103955816,26.887754786505905,-48.062283227015634,137.38029761521398,87.15298085452905
594,-139.43795416614452,25.480014640602207,-48.16136791838615,190.43221321353715,87.10001895620637
595,-138.32495729273091,24.072274494698508,-48.343636579057176,235.33496049026311,87.00259427697142
596,-137.21196041931728,22.66453434879481,-48.48001560505168,279.68595322018894,86.92969813117777
597,-136.09896354590367,21.25679420289111,-48.65512753253612,323.5155586138196,86.8360988075059
598,-134.98596667249006,19.849054056987413,-48.895599069629625,362.5532848605059,86.70756402659391
599,-133.87296979907643,18.441313911083714,-49.06363100116347,405.5246366004988,86.6177490415567
600,-132.75997292566282,17.033573765180016,-48.84097961203043,467.5240234049495,86.73675875001483
601,-131.6469760522492,15.625833619276316,-50.25275370360735,446.17816506957706,85.81626871252756
602,-130.53397917883558,14.218093473372619,-49.91144933253168,496.39634583121006,85.91820886723153
603,-129.42098230542197,12.81035332746892,-50.42770969326592,501.55143437031325,85.54166182426329
604,-128.30798543200834,11.402613181565222,-50.45984814743202,546.2200573954572,85.05083836490923
605,-127.19498855859473,9.994873035661524,-50.88468004847467,546.9474185230728,84.22921320416336
606,-126.0819916851811,8.587132889757825,-51.75380551931072,599.3932560639273,85.66109881671139
607,-124.96899481176749,7.179392743854127,-52.178983239776876,629.6617418255041,85.62349478197481
608,-123.85599793835387,5.771652597950428,-52.71013642580231,657.913855511151,85.32605795185285
609,-122.74300106494024,4.36391245204673,-52.57632698150557,711.4313289525206,85.48434155706417
610,-121.63000419152662,2.956172306143028,-53.35938014977024,742.7089507364146,84.9505148367638
611,-120.517007318113,1.5484321602393294,-53.870210120925634,759.9392628712936,84.53128767520973
612,-119.4040104446994,0.14069201433563094,-55.02285196493901,752.9994783915405,83.58533932480024
613,-118.29101357128577,-1.2670481315680675,-55.35030620048695,803.506048385959,83.31660468223988
614,-117.17801669787215,-2.6747882774717624,-57.55495713892384,812.9796824647806,81.50729511285834
615,-116.06501982445853,-4.082528423375464,-59.74320226273679,779.5028241741488,79.7114494423983
616,-114.95202295104491,-5.490268569279159,-60.408213086394234,798.5529714375537,79.16568937398638
617,-113.8390260776313,-6.898008715182861,-61.004758883689746,821.8171281419358,78.6761170789788
618,-112.72602920421767,-8.305748861086556,-61.384908598281434,820.4808415113671,76.5918043024891
619,-111.61303233080406,-9.713489006990258,-60.28244705804079,940.5207657356834,76.09101754773313
620,-110.50003545739044,-11.121229152893953,-58.94722800392319,895.7682913661672,71.58973832590907
621,-109.38703858397682,-12.528969298797655,-60.2363278598726,945.2506050586917,71.92727886734481
622,-108.2740417105632,-13.93670944470135,-60.69224556609594,967.2345064811478,71.19015938261768
623,-107.16104483714957,-15.344449590605059,-66.22230167397261,907.7050936819853,69.04301524047334
624,-106.04804796373597,-16.752189736508747,-66.8013653517173,926.3111237232479,68.23401681650866
625,-104.93505109032233,-18.159929882412456,-67.14107376584101,1030.8933918439388,68.94475264926946
626,-103.82205421690873,-19.567670028316144,-69.3065077410024,993.5044950990537,67.58397737647881
627,-102.7090573434951,-20.975410174219853,-72.60508868840643,1070.982183097367,68.40233123120441
628,-101.59606047008148,-22.38315032012354,-71.56192200948351,1247.8289152096772,69.67343399689642
629,-100.48306359666786,-23.79089046602725,-71.42801437028595,1242.17657190213,69.83660099021617
630,-99.37006672325424,-25.198630611930945,-73.74750741967354,1305.8447189905542,67.01028944322242
631,-98.25706984984063,-26.606370757834647,-77.00215455544809,1191.74268565075,63.04448890604901
632,-97.14407297642701,-28.01411090373834,-74.33280390506276,1687.292260956488,66.29710333753117
633,-96.03107610301339,-29.421851049642044,-75.37810929659395,2378.397049465933,67.69787177463806
634,-94.91807922959977,-30.82959119554574,-64.22694623091171,2074.9653780874764,63.15201511683673
635,-93.80508235618615,-32.23733134144944,-63.756458904004646,2251.8115376591877,67.84375695122176
636,-92.69208548277254,-33.645071487353135,-60.21079148467071,2557.6465573032433,72.2127310979069
637,-91.5790886093589,-35.05281163325684,-65.62738842774289,2342.357743076204,77.17443202207077
638,-90.4660917359453,-36.460551779160525,-64.03518057495644,2747.826006145664,84.00014645269584
639,-89.35309486253166,-37.86829192506423,-58.365686698220884,3081.3521791050575,101.91949467914348
640,-88.24009798911806,-39.27603207096793,-66.06911595553399,2152.670071754974,87.50739967066966
641,-87.12710111570443,-40.68377221687163,-62.906211305166245,2467.7124514926318,93.42477501108425
642,-86.01410424229081,-42.09151236277532,-63.21195384379187,2489.6735160378994,92.85277124917278
643,-84.9011073688772,-43.49925250867902,-52.915762417989455,3054.9731252804672,110.98384471266462
644,-83.78811049546358,-44.90699265458272,-53.63413308450841,2957.6338564415523,105.1371184815047
645,-82.67511362204996,-46.314732800486425,-53.906914332972434,2976.863671718035,104.50086569166871
646,-81.56211674863634,-47.72247294639011,-56.97409651855894,2100.5298417421504,78.82741744415685
647,-80.44911987522272,-49.130213092293815,-64.80457489532127,1942.4441235879121,76.87821951958813
648,-79.3361230018091,-50.53795323819752,-51.158005541058465,3643.466403545657,116.08507612167054
649,-78.22312612839548,-51.94569338410122,-60.646499578426436,4970.909245209405,142.905880479666
650,-77.11012925498187,-53.35343353000491,-85.54306811007964,1721.2694621562096,60.832904931484435
651,-75.99713238156825,-54.76117367590861,-79.53116747470816,2843.4075540986087,80.65148246829
652,-74.88413550815463,-56.16891382181231,-67.36211607771524,4460.563882980705,120.76746296898196
653,-73.771138634741,-57.57665396771601,-57.398487873419654,5689.033247844654,153.61313858659398
654,-72.65814176132739,-58.9843941136197,-52.10096819839036,6089.775721887292,162.20594759670215
655,-71.54514488791376,-60.39213425952342,-48.991301989714685,5592.085027964734,141.3877109829776
656,-70.43214801450014,-61.79987440542712,-54.929003165042715,8373.889823026886,207.9276978081077
657,-69.31915114108654,-63.207614551330806,-54.29257811213452,9427.090398573035,240.83651397778425
658,-68.20615426767291,-64.6153546972345,-72.51815806235216,10953.594641579717,279.02802941682376
659,-67.09315739425928,-66.02309484313821,-82.88416250282584,6786.310738090715,173.78014252066401
660,-65.98016052084567,-67.43083498904191,-79.42188586660862,8840.800336842643,208.9332530469359
661,-64.86716364743205,-68.8385751349456,-82.16815660228292,-6002.988066327745,-142.44507981874742
662,-63.754166774018444,-70.24631528084929,-58.425303737658986,3848.8846175805,89.96253613118904
663,-62.64116990060481,-71.654055426753,-79.12244503706987,-2563.4164657767633,-79.55971739129122
664,-61.5281730271912,-73.0617955726567,-81.68896382220343,-4846.855239051558,-121.93888365335022
665,-60.41517615377758,-74.4695357185604,-86.43405864348262,-5870.301324120261,-137.73741558085567
666,-59.30217928036396,-75.87727586446408,-90.36319964158089,-4216.383060918449,-97.84414814676164
667,-58.18918240695034,-77.2850160103678,-94.25553511970662,-2303.8316374054716,-58.32457370358188
668,-57.076185533536716,-78.6927561562715,-94.34162269976684,-2517.932322800855,-57.45051119074698
669,-55.96318866012311,-80.10049630217519,-94.93378608355985,-2127.249113858003,-51.43817102637466
670,-54.85019178670949,-81.50823644807889,-94.04733039622195,-2348.248856214183,-53.95559916515151
671,-53.73719491329585,-82.91597659398259,-81.16204085680675,-1430.274209120389,-40.09403551608533
672,-52.624198039882245,-84.3237167398863,-80.38468115443325,-1321.0455059995143,-37.97037024448245
673,-51.511201166468624,-85.73145688578998,-84.90381810202575,-1677.63794041665,-41.286207681385214
674,-50.39820429305502,-87.13919703169368,-82.08885989973307,-1652.7487407600242,-46.49919810036544
675,-49.28520741964138,-88.54693717759739,-83.07139097218976,-1870.2577980027777,-52.35070511752555
676,-48.17221054622776,-89.95467732350109,-84.73877370408925,-1563.6807940485592,-44.907321267683656
677,-47.05921367281415,-91.36241746940478,-86.75607056038521,-1750.888536354027,-55.95326971082716
678,-45.94621679940053,-92.77015761530848,-87.3748287361004,-1711.1729824699762,-54.79440027256321
679,-44.83321992598691,-94.17789776121218,-86.884576904273,-1688.6536089583078,-56.41054374048221
680,-43.72022305257329,-95.58563790711588,-89.39610056326032,-1254.6185756078085,-48.13116099781007
681,-42.60722617915968,-96.99337805301958,-89.3274941040028,-1441.2771906257951,-48.357326151692256
682,-41.49422930574606,-98.40111819892327,-89.26821681645613,-1283.4865831206394,-48.552737152416526
683,-40.381232432332425,-99.80885834482699,-90.14308555098881,-1142.9724341740366,-45.66868185917896
684,-39.26823555891882,-101.21659849073068,-90.22503350100631,-1155.18082700061,-45.36506072067631
685,-38.155238685505196,-102.62433863663436,-81.723857892119,-956.9115200176635,-43.256272907622716
686,-37.04224181209159,-104.03207878253805,-81.26806195264652,-1170.267644191854,-48.020323923565805
687,-35.929244938677954,-105.43981892844177,-79.40195040025023,-932.0110059587957,-45.49246631361237
688,-34.81624806526433,-106.84755907434545,-79.46568122123341,-1038.1245087954185,-50.8640253800271
689,-33.703251191850725,-108.25529922024917,-78.43260585914301,-1031.9736559448902,-49.779819331206724
690,-32.590254318437104,-109.66303936615286,-78.99651515421273,-1054.2765662812992,-56.91517612516112
691,-31.477257445023483,-111.07077951205657,-79.34331389705986,-1066.5807694378832,-62.67313489009089
692,-30.36426057160986,-112.47851965796026,-79.41073246968824,-1010.5420046665338,-62.54700367740608
693,-29.251263698196254,-113.88625980386395,-79.39766863228562,-962.4251814187198,-62.57144438550277
694,-28.138266824782633,-115.29399994976764,-80.9703986705071,-720.8007205945613,-59.62907495801554
695,-27.025269951368998,-116.70174009567135,-80.42995315361588,-726.2726535028996,-60.640176881090255
696,-25.91227307795539,-118.10948024157504,-79.60840373129776,-747.0876110561916,-62.17718694934868
697,-24.79927620454177,-119.51722038747876,-79.33347706331703,-688.5142502940166,-62.69153830209714
698,-23.686279331128162,-120.92496053338245,-79.84895404696834,-624.3369932452559,-61.72714919499742
699,-22.573282457714527,-122.33270067928616,-79.60865740757463,-457.54517719036824,-60.09911872503316
700,-21.460285584300905,-123.74044082518985,-79.62517948858729,-419.1130031491795,-60.184287508059214
701,-20.347288710887298,-125.14818097109354,-79.76639608043023,-409.75899184508404,-60.09179459593974
702,-19.234291837473677,-126.55592111699723,-79.2333220096992,-448.27280532725104,-61.399465853239604
703,-18.121294964060056,-127.96366126290094,-78.71019703955761,-360.00481309836624,-61.11407765734014
704,-17.008298090646434,-129.37140140880462,-78.8199303692079,-313.48335358136745,-61.076228579533705
705,-15.895301217232813,-130.77914155470836,-78.71292946851972,-291.7466557803883,-60.584987105102165
706,-14.782304343819192,-132.18688170061205,-78.99293954621807,-247.92062706243087,-60.750224921125586
707,-13.669307470405585,-133.59462184651574,-79.2190862644199,-193.2002907786105,-60.343148762081626
708,-12.556310596991949,-135.00236199241942,-79.17988753406735,-136.53949749505327,-60.39091257161411
709,-11.443313723578342,-136.4101021383231,-79.1048680046257,-88.49911461132196,-60.48232416793987
710,-10.330316850164735,-137.8178422842268,-79.191941013213,-44.174793335447994,-60.37622535912184
711,-9.2173199767511,-139.22558243013054,-79.23753505330014,12.348709125626435,-60.32066883912859
712,-8.104323103337492,-140.63332257603423,-79.27373053991681,65.56690208599511,-60.27656449408615
713,-6.991326229923857,-142.04106272193792,-79.37592498098454,122.92132031146467,-60.15204015938095
714,-5.87832935651025,-143.4488028678416,-79.52990624813549,182.32135548889136,-59.96441337020634
715,-4.765332483096614,-144.85654301374535,-79.71998598949365,240.58447484056487,-59.732800445997675
716,-3.652335609683,-146.264283159649,-79.88738153412491,292.95298335023455,-59.52882830612361
717,-2.0997017712588333,-146.29522763746317,-79.16797644713253,292.1728494191261,-60.405426278628696
718,-0.5470679328346666,-146.32617211527733,-78.48870266869616,292.37628532706805,-61.23312409133469
719,1.0055659055895,-146.35711659309152,-77.85348602694468,295.6373724777326,-62.00713810698313
720,2.558199744013667,-146.38806107090568,-77.0980215184425,294.01805290607643,-62.9276746286544
721,4.1108335824378335,-146.41900554871984,-76.29050969797392,290.90105333356354,-63.9116310078844
722,5.663467420862,-146.449950026534,-75.57252052063525,290.51582255576176,-64.78650368881989
723,4.556048356453662,-145.04926480221226,-75.55334968198122,241.0601905096083,-64.80986343230688
724,3.4486292920453234,-143.64857957789056,-75.49470378066857,189.86349076864576,-64.8813236973452
725,2.341210227636985,-142.24789435356882,-75.27506015344446,127.00273915223885,-65.14896033458845
726,1.2337911632286467,-140.84720912924712,-75.19450701160356,70.29227180491111,-65.24711465972933
727,0.1263720988203083,-139.44652390492539,-75.21560899440995,15.486465988314322,-65.22140180937788
728,-0.9810469655880301,-138.04583868060368,-75.25933188099299,-29.733940719054324,-65.1681252974046
729,-2.0884660299963684,-136.64515345628195,-75.05632280578024,-87.30559603541724,-65.41549266656737
730,-3.195885094404707,-135.2444682319602,-75.1048034381015,-141.88700311000872,-65.35641882240509
731,-4.303304158813045,-133.8437830076385,-75.283909507871,-172.45893249287673,-65.1381773608667
732,-5.4107232232213835,-132.44309778331677,-75.26749661345679,-226.47116150579362,-65.15817653827955
733,-6.518142287629722,-131.04241255899507,-75.31752412483655,-277.44819093376475,-65.09721781580473
734,-7.62556135203806,-129.64172733467333,-74.77701707390202,-336.3975752052776,-65.75582781668021
735,-8.732980416446399,-128.2410421103516,-75.37254359765367,-329.4141400006739,-65.03017636837559
736,-9.840399480854737,-126.8403568860299,-75.16366060261869,-406.84443156133193,-65.28470113230796
737,-10.947818545263074,-125.43967166170818,-75.24378257575387,-467.58548366918285,-65.18707218795754
738,-12.055237609671414,-124.03898643738646,-75.24914870417733,-515.4290882107803,-65.18053353903598
739,-13.16265667407975,-122.63830121306472,-74.3221047180256,-587.2451173194735,-65.84552820522362
740,-14.27007573848809,-121.237615988743,-74.01923832150705,-550.66932240362,-65.58998683013246
741,-15.377494802896427,-119.83693076442128,-74.65395174700245,-610.7102063679763,-66.5320122136626
742,-16.48491386730477,-118.43624554009956,-73.75836147153878,-667.4732445267942,-66.76389256823076
743,-17.592332931713102,-117.03556031577784,-75.43822969669182,-542.0640131404909,-63.94881518207974
744,-18.699751996121442,-115.63487509145612,-76.66618509913404,-607.2257156163128,-64.19015649501253
745,-19.807171060529782,-114.2341898671344,-75.77830426718123,-675.2895651674932,-65.3622620909659
746,-20.914590124938123,-112.83350464281267,-75.92370246299392,-750.0806583142827,-65.71288892689239
747,-22.022009189346456,-111.43281941849095,-76.404519471437,-741.9751662281185,-64.20508283989619
748,-23.129428253754796,-110.03213419416923,-76.10918418010249,-632.3344336676695,-68.72376288881922
749,-24.236847318163136,-108.63144896984751,-76.25955758036268,-1002.1791119550056,-68.4424341897545
750,-25.344266382571476,-107.23076374552579,-78.31935316522413,-1010.1962161935809,-64.58882968772346
751,-26.451685446979816,-105.83007852120406,-78.33115412370094,-999.641126489726,-64.5667516586953
752,-27.55910451138815,-104.42939329688235,-77.98207273630182,-1092.6900862939247,-65.21983666185929
753,-28.66652357579649,-103.02870807256062,-75.56101952953439,-1433.9164758478505,-69.74930628779006
754,-29.77394264020483,-101.6280228482389,-75.39159537547322,-1364.859662133209,-62.14323441150684
755,-30.88136170461317,-100.22733762391718,-74.18382150600769,-1217.5348171413,-52.884781515537114
756,-31.988780769021503,-98.82665239959546,-74.32622107689312,-1401.792962944904,-52.25480134694522
757,-33.09619983342984,-97.42596717527374,-75.62614952434164,-1208.9049572944878,-47.747204065581144
758,-34.20361889783818,-96.025281950952,-70.96741808691556,-926.2215991359988,-46.54959692123781
759,-35.311037962246516,-94.6245967266303,-79.13534019472853,-1152.9113698522856,-45.679634425445926
760,-36.418457026654856,-93.22391150230857,-79.65449468890412,-1181.8037273315576,-45.47810015148358
761,-37.525876091063196,-91.82322627798685,-89.26882803445363,-1621.8895008061545,-48.55072223699933
762,-38.63329515547154,-90.42254105366513,-88.06171808625098,-1608.7010704511133,-52.53002987278241
763,-39.74071421987987,-89.02185582934341,-89.36981626588224,-1438.7806383369373,-48.2178087016195
764,-40.84813328428821,-87.62117060502169,-89.2913779746103,-1386.9522859447964,-48.47638505736961
765,-41.95555234869655,-86.22048538069996,-84.99471554113522,-2083.6951289498647,-62.640580833708626
766,-43.06297141310489,-84.81980015637825,-86.50037229202394,-1937.5010410882328,-57.67709642650776
767,-44.17039047751322,-83.41911493205652,-81.08087368565619,-1919.8383666792333,-51.83428777286119
768,-45.27780954192156,-82.0184297077348,-81.67859688943003,-1832.5841706399626,-47.95427566138546
769,-46.3852286063299,-80.61774448341308,-79.07642480292552,-1968.4127707515986,-51.746994668668975
770,-47.49264767073824,-79.21705925909136,-82.42541530777868,-1992.2145594225126,-45.69216975991866
771,-48.60006673514658,-77.81637403476964,-74.48666700143517,-1541.6909904698996,-45.36305506873856
772,-49.70748579955492,-76.4156888104479,-78.013569421175,-1689.4996383983917,-44.56961819540648
773,-50.81490486396326,-75.01500358612618,-93.23182915766355,-2768.1217488159673,-61.075660468943056
774,-51.9223239283716,-73.61431836180446,-93.58343644297847,-2816.070545089512,-65.14851111529934
775,-53.02974299277993,-72.21363313748274,-93.55916522457676,-2955.89887151391,-65.39494111287999
776,-54.13716205718827,-70.81294791316103,-92.89432071957677,-3096.1659531223586,-72.14522562872368
777,-55.24458112159661,-69.4122626888393,-88.88924369097391,-4930.281423490636,-112.80948508735766
778,-56.35200018600495,-68.01157746451757,-84.30218782188919,-6852.082109948584,-159.38267923057904
779,-57.45941925041328,-66.61089224019585,-73.96779719908356,-2916.016644652236,-85.3116052429934
780,-58.56683831482163,-65.21020701587413,-54.22475686415012,1882.9254311525115,47.72078674673318
781,-59.674257379229964,-63.80952179155241,-79.57103706963434,-6931.138001505285,-165.10365340539042
782,-60.7816764436383,-62.40883656723069,-62.622199292489576,3970.2805404387414,99.99707821364284
783,-61.889095508046644,-61.008151342908974,-79.12554589991475,7944.359935984455,211.94204543906338
784,-62.99651457245498,-59.607466118587254,-69.97388758637402,12216.167732596972,304.86046011146817
785,-64.1039336368633,-58.20678089426552,-43.462261543081624,11530.123866931506,286.52334516636074
786,-65.21135270127165,-56.8060956699438,-39.364051952781224,10808.778230611322,279.6284513222792
787,-66.31877176567998,-55.40541044562208,-41.68564483279111,6385.227235555538,159.72382727297946
788,-67.42619083008833,-54.00472522130036,-75.55610338388061,2377.408028948989,67.47260757323711
789,-68.53360989449666,-52.60403999697863,-56.33996456922161,5855.694279580956,157.10262177188312
790,-69.641028958905,-51.20335477265692,-77.23275289761949,3220.5784325092004,88.22833881880007
791,-70.74844802331334,-49.80266954833519,-83.93797511131889,2167.4323379848634,66.12418667066564
792,-71.85586708772168,-48.40198432401347,-80.4190219981098,2070.9629304332248,77.7246187723195
793,-72.96328615213002,-47.001299099691735,-56.37019389676312,2389.644648968088,81.69646196999321
794,-74.07070521653836,-45.60061387537003,-49.490290609951046,3761.714928687624,122.35838655058278
795,-75.1781242809467,-44.199928651048296,-45.43179999343846,1926.0130242374064,78.57227237338219
796,-76.28554334535502,-42.79924342672659,-48.0007052725789,3396.4067183920783,114.69021714537732
797,-77.39296240976337,-41.39855820240486,-51.408813838431186,3059.308670318447,105.5252927869248
798,-78.5003814741717,-39.99787297808314,-56.32295028070247,2899.586582749119,101.04262407066437
799,-79.60780053858005,-38.59718775376142,-58.93428693919572,2840.1563811299657,100.85571899937369
800,-80.71521960298838,-37.1965025294397,-58.62896767845058,2818.3831882305826,101.42693086447983
801,-81.82263866739673,-35.795817305117964,-65.32424548614658,2002.1742117585368,88.90095358221174
802,-82.93005773180506,-34.39513208079626,-59.6382898909161,2889.112210764189,86.77146825621203
803,-84.03747679621341,-32.994446856474525,-62.32072155356256,2713.5668772415147,81.37617445453154
804,-85.14489586062173,-31.59376163215282,-58.49114812436215,2057.4751700413067,54.07276776100046
805,-86.25231492503008,-30.193076407831086,-60.226057934162725,2618.8151198109854,70.08968859335916
806,-87.35973398943841,-28.792391183509366,-60.997699428357905,2141.32158707328,62.05119621234041
807,-88.46715305384676,-27.391705959187632,-72.83314363308968,1800.0984277067905,63.42248555476619
808,-89.57457211825509,-25.991020734865927,-73.09826305082919,1962.6087205079873,67.80139630037388
809,-90.68199118266344,-24.590335510544193,-78.92136584069495,1205.6250853268173,60.70592228777611
810,-91.78941024707177,-23.189650286222488,-74.92517777924067,1251.213686738401,65.57529340532652
811,-92.89682931148012,-21.788965061900754,-69.97192954244316,1442.510740736719,71.61084616996405
812,-94.00424837588844,-20.388279837579034,-70.1406007554184,1110.6886758373275,64.4191828617194
813,-95.11166744029678,-18.9875946132573,-69.01713044534283,1108.381732995937,66.31476741720783
814,-96.21908650470512,-17.586909388935595,-69.13152865969832,942.8282201808979,62.408122076253775
815,-97.32650556911346,-16.18622416461386,-65.51762750146216,1096.926255161666,67.9438324717975
816,-98.4339246335218,-14.785538940292156,-64.94374049525364,1078.3328147082195,68.74904038740746
817,-99.54134369793015,-13.384853715970422,-61.94766647739766,1067.7222993648516,68.59755415973945
818,-100.64876276233848,-11.984168491648717,-57.54036543261647,1138.9168256340934,72.01505997357233
819,-101.75618182674683,-10.583483267326983,-57.842358827403686,995.0864066875026,68.88286080518174
820,-102.86360089115514,-9.182798043005278,-57.8912280331521,1147.2168241037634,77.04797256695457
821,-103.97101995556349,-7.782112818683544,-59.50337718964744,943.6295436587235,76.4126425176453
822,-105.07843901997182,-6.38142759436181,-61.328375996325754,922.7097531579163,78.41053148059673
823,-106.18585808438017,-4.980742370040076,-58.64935919860206,982.1121517028203,80.60914289982341
824,-107.2932771487885,-3.5800571457183707,-57.967478235503016,964.6428001707372,81.1687479285401
825,-108.40069621319685,-2.179371921396637,-55.7616925996049,893.8230114783598,82.97898871970314
826,-109.50811527760519,-0.7786866970749315,-52.286887257721304,985.5263984883368,85.83068666752703
827,-110.61553434201353,0.6219985272468023,-51.60348355471445,920.3716624430052,86.39154137610862
828,-111.72295340642185,2.0226837515685077,-51.66832924026611,934.5305715094571,86.33832391779978
829,-112.8303724708302,3.4233689758902415,-50.9617810791012,861.1014669693375,86.70474446556469
830,-113.93779153523853,4.824054200211947,-49.44847342626837,903.7349353800184,87.90572672810815
831,-115.04521059964688,6.224739424533681,-48.113478508329926,800.0134728698516,83.37929008949007
832,-116.15262966405521,7.625424648855386,-48.56878321675427,743.9292455131132,82.29032321842737
833,-117.26004872846356,9.02610987317712,-47.862123041017085,746.9384960632908,83.71500340220736
834,-118.36746779287189,10.426795097498854,-47.27628582778891,727.3128765956677,84.01195991782187
835,-119.47488685728024,11.827480321820559,-48.8098690507891,748.2910790226565,85.69298585028086
836,-120.58230592168856,13.228165546142293,-48.17543435366585,719.7224518879918,86.6795585490358
837,-121.6897249860969,14.628850770464027,-47.81373823132721,680.6644260870382,86.87293461452113
838,-122.79714405050525,16.029535994785732,-47.74465619725418,639.2635023430571,86.9922621778233
839,-123.90456311491359,17.430221219107466,-45.84682890596724,693.7352953144136,88.33716647257899
840,-125.01198217932192,18.83090644342917,-45.56818108201497,660.5267242552015,88.48610691449659
841,-126.11940124373025,20.231591667750905,-46.31215569866973,608.4903474103053,88.08844399142635
842,-127.22682030813858,21.63227689207261,-45.215209125980934,578.6426303064403,88.67477445322184
843,-128.33423937254696,23.032962116394344,-44.201004315414956,514.6535756515489,89.21687849888812
844,-129.4416584369553,24.43364734071605,-43.804339265717964,477.0675951028195,89.42890049481535
845,-130.54907750136363,25.834332565037784,-43.64199725824149,447.8545770015348,89.51567415050867
846,-131.65649656577196,27.23501778935949,-43.25564719113853,406.458911166912,89.72218267052159
847,-132.76391563018032,28.635703013681223,-43.11898163920322,373.30037461800913,89.79523196770059
848,-133.87133469458863,30.036388238002957,-42.96563546657777,330.5188781156362,89.87719724700275
849,-134.978753758997,31.43707346232469,-42.770502962172536,290.16725762819266,89.98149779751982
850,-136.08617282340532,32.837758686646396,-42.64568866848168,244.14742480028747,90.04821246191685
851,-137.19359188781365,34.23844391096813,-42.54845208771664,197.97357099756638,90.10018652402971
852,-138.301010952222,35.639129135289835,-42.446531027768074,145.24068554459342,90.15466449372684
853,-139.40843001663035,37.03981435961157,-42.18100102853863,101.21321447902689,90.29659330862546
854,-140.51584908103868,38.440499583933274,-42.07517759592935,55.52665922202327,90.35315714104485
855,-141.623268145447,39.841184808255,-42.039168624551806,12.27522055115955,90.37240434719156
856,-141.24098578209768,41.29052369478417,-41.002273625083475,12.481580755219596,90.92663655777368
857,-140.85870341874835,42.73986258131333,-40.08408300701973,11.252349312087581,91.42348095470967
858,-140.476421055399,44.1892014678425,-39.128753678364035,9.936132914445508,91.89090303748345
859,-140.09413869204965,45.63854035437167,-38.15209890313479,5.342979186540575,92.321966055293
860,-139.71185632870032,47.08787924090083,-37.193507438170045,3.9781623563207056,92.6840351044256
861,-139.329573965351,48.53721812743,-36.108979572680845,2.997687655638771,93.04298995348346
862,-138.21726402724693,47.1303468306992,-36.48985225545453,47.57438548902034,92.92745347164912
863,-137.10495408914286,45.723475533968404,-36.71514058574725,93.39691784192793,92.85628875648901
864,-135.9926441510388,44.31660423723761,-36.96536397250017,137.35117525680187,92.78320854849439
865,-134.88033421293474,42.909732940506814,-36.99132951681965,190.23602993388863,92.7753319856027
866,-133.76802427483065,41.502861643776015,-37.02576691735971,241.39179142508948,92.76488551285244
867,-132.6557143367266,40.095990347045216,-37.2708447655323,287.1693965934026,92.72310693819549
868,-131.54340439862253,38.68911905031442,-37.6002006782566,329.9450120290825,92.66248386772712
869,-130.43109446051847,37.282247753583626,-38.096633205139405,362.0862981795293,92.51641687107602
870,-129.3187845224144,35.87537645685283,-38.266122044083815,382.87493636186645,92.30291409085382
871,-128.20647458431034,34.46850516012203,-38.575477028096685,421.46371035830373,91.96217737779766
872,-127.09416464620628,33.061633863391236,-38.81514704049276,478.559969724989,91.79834178473192
873,-125.9818547081022,31.654762566660438,-39.335601509115406,492.5664764238703,91.72324697078993
874,-124.86954476999814,30.24789126992964,-39.84110536914905,533.6277950548991,91.42815182315843
875,-123.75723483189408,28.84101997319884,-40.20765279351377,577.9687673967726,91.35137046070624
876,-122.64492489379,27.434148676468045,-39.80563504457833,627.5198880599839,91.56625353546313
877,-121.53261495568594,26.027277379737246,-39.77604654409904,700.0811470844823,91.58206892664234
878,-120.42030501758188,24.62040608300645,-39.94199534435869,707.20034236163,91.49336739904456
879,-119.30799507947782,23.213534786275655,-40.220042989401016,751.6203069808,91.34474775960376
880,-118.19568514137376,21.806663489544857,-40.27464457340619,792.9683220482466,91.31556258982285
881,-117.08337520326968,20.399792192814058,-43.032002263949565,823.5296507403455,89.84172343640917
882,-115.97106526516562,18.99292089608326,-43.56406580730627,856.2482075824623,89.55732940041139
883,-114.85875532706156,17.586049599352467,-44.22724628951707,910.5271242199835,89.20285186424904
884,-113.7464453889575,16.179178302621672,-45.067998824813486,844.8189377832364,88.22505445300328
885,-112.63413545085342,14.772307005890873,-45.328565034611714,877.7950816040245,88.0567268989764
886,-111.52182551274936,13.365435709160074,-45.76900483150279,907.9539580249793,87.78346099866833
887,-110.4095155746453,11.958564412429276,-45.63381803899761,950.4843059836943,87.643377452906
888,-109.29720563654124,10.551693115698477,-46.197533892178164,859.8381422513107,82.54615030511688
889,-108.18489569843716,9.144821818967678,-46.61191120390355,884.2365704297124,82.00830315173562
890,-107.07258576033311,7.737950522236886,-44.743013661229824,910.363739650829,82.18604173373332
891,-105.96027582222904,6.3310792255060875,-45.309145905604055,951.7918559583845,82.09488006052517
892,-104.84796588412497,4.924207928775289,-45.635627012999734,998.0428017827345,83.1852074435562
893,-103.7356559460209,3.51733663204449,-45.536152533534995,945.7079712797637,81.90084152561361
894,-102.62334600791684,2.110465335313691,-48.261776987889775,1085.6877388548946,88.84087459026142
895,-101.51103606981277,0.7035940385828994,-48.501693405624174,1121.8265411645393,88.93711378447442
896,-100.39872613170871,-0.7032772581478994,-52.6989192543259,1048.2646499945122,85.49254087702971
897,-99.28641619360465,-2.110148554878691,-55.1453578181558,1028.2714360218547,83.48480140804119
898,-98.17410625550058,-3.517019851609497,-55.94186653566911,1056.5527463093358,82.83112384867476
899,-97.06179631739651,-4.923891148340289,-59.37674559832256,1084.386992956894,80.0121925387898
900,-95.94948637929245,-6.33076244507108,-57.278838990352924,1092.4227824989478,77.46507013794483
901,-94.83717644118838,-7.737633741801886,-57.84193696329918,1112.7529327722127,76.85533018645324
902,-93.72486650308431,-9.144505038532678,-56.46255028833509,903.4561161420911,64.67456294355836
903,-92.61255656498025,-10.551376335263484,-53.83931773520341,1037.791534986909,64.80333876600517
904,-91.50024662687619,-11.958247631994276,-55.94273540826572,1140.3571063034858,65.29570798914236
905,-90.38793668877213,-13.365118928725067,-61.45523888153173,1090.866478767868,62.1841961859684
906,-89.27562675066807,-14.771990225455873,-62.03339400679175,1107.299296208932,61.26809910448716
907,-88.163316812564,-16.178861522186658,-68.08707620104076,1069.3108278548339,61.69422263378234
908,-87.05100687445993,-17.58573281891747,-66.91913218985204,1217.438733136809,64.38098555587005
909,-85.93869693635587,-18.992604115648255,-69.07262449841751,1263.0658041245363,64.41189910217
910,-84.82638699825179,-20.39947541237907,-68.76799254379357,1652.746086515694,73.07784821251616
911,-83.71407706014773,-21.806346709109853,-73.94821488386896,1098.628584532093,66.76572659627908
912,-82.60176712204367,-23.213218005840652,-74.83050677370935,1811.5129264829832,65.69065040377507
913,-81.4894571839396,-24.62008930257145,-72.14280307211895,2252.3793184867845,68.96562810147022
914,-80.37714724583554,-26.02696059930225,-57.28295402068821,2738.921499583133,65.97561501112483
915,-79.26483730773148,-27.43383189603305,-58.63174182039153,2627.3055289482086,67.49507463875116
916,-78.15252736962742,-28.840703192763847,-51.471320704486786,2976.791452962904,68.1804277827502
917,-77.04021743152333,-30.247574489494646,-51.10226042233708,1870.9204708589464,56.18415435624098
918,-75.92790749341928,-31.65444578622543,-75.29437837707898,898.1180339423272,51.56975300960866
919,-74.81559755531522,-33.06131708295623,-62.216770320358286,2250.1828380281368,94.71462770446199
920,-73.70328761721115,-34.46818837968703,-59.162377644918216,2788.0469594360707,100.42899152364598
921,-72.59097767910708,-35.87505967641783,-62.73101580823097,2068.171585523839,86.18495063200788
922,-71.47866774100302,-37.281930973148626,-38.01556056437094,3622.605753045258,157.17713481719827
923,-70.36635780289896,-38.688802269879425,-46.181741484594355,3445.056556611854,113.9770468874666
924,-69.2540478647949,-40.09567356661021,-36.54697462346938,3286.6406694718926,102.33349624139123
925,-68.14173792669082,-41.50254486334102,-39.3374779331583,2149.277109327101,83.40090871803329
926,-67.02942798858676,-42.90941616007181,-51.36622616235293,2665.2215449432565,88.22296590129335
927,-65.9171180504827,-44.31628745680262,-78.5563310462117,2304.2123929026575,83.86508703623011
928,-64.80480811237864,-45.723158753533404,-78.78199933433149,2667.6487718700746,83.12115849566766
929,-63.69249817427456,-47.1300300502642,-74.87426127661143,3602.3822351196845,96.00324261309233
930,-62.5801882361705,-48.536901346995,-65.87586037607102,4589.5427892559865,116.48379951224493
931,-61.467878298066424,-49.9437726437258,-72.89514812606414,2648.3104171295595,72.8256808244264
932,-60.355568359962376,-51.350643940456585,-48.013203191591046,6191.225994336412,151.83255129941944
933,-59.2432584218583,-52.757515237187384,-40.253773327705645,5661.885467282607,148.91481380502464
934,-58.13094848375424,-54.1643865339182,-35.50590560867572,12106.30446973086,300.2090097959336
935,-57.01863854565016,-55.571257830648996,-61.59546201725759,14951.980820951208,389.9281051939802
936,-55.906328607546115,-56.97812912737978,-57.76038121717729,4479.600655231663,112.47781806888878
937,-54.79401866944204,-58.38500042411058,-59.74558298300573,296.69305663835263,12.626452744594626
938,-53.68170873133798,-59.79187172084139,-57.461924969254326,-423.9479752517168,-11.170261534191672
939,-52.569398793233916,-61.19874301757216,-74.01212485546009,-3327.762973142314,-95.80339247959358
940,-51.457088855129854,-62.605614314302976,-82.19474043369883,-7783.426707841179,-180.77996741674104
941,-50.34477891702578,-64.01248561103378,-91.87792404566643,-3393.9872491616065,-82.46488184647252
942,-49.232468978921716,-65.41935690776458,-93.40748364009455,-2831.8347767525893,-66.93499121989066
943,-48.120159040817654,-66.82622820449535,-93.63936207066357,-2770.875260052887,-64.58068826986602
944,-47.00784910271359,-68.23309950122615,-92.42928484253702,-3195.054758307468,-68.06920035811653
945,-45.89553916460952,-69.63997079795698,-74.85768993090186,-1953.885063345459,-48.90254802202506
946,-44.78322922650547,-71.04684209468775,-69.36914220318221,-1792.7944544555478,-52.251765499942366
947,-43.67091928840139,-72.45371339141855,-69.66323114457262,-1780.8947693696787,-46.72581501606904
948,-42.55860935029733,-73.86058468814934,-75.61255310884577,-1488.0979629826127,-39.61727894497483
949,-41.44629941219327,-75.26745598488014,-80.02928288948463,-1732.338962673954,-43.44963897208076
950,-40.33398947408921,-76.67432728161094,-80.94851207598367,-1794.0590276593982,-49.75564521773333
951,-39.22167953598513,-78.08119857834174,-84.74241265702042,-2267.124929440124,-63.47231185769812
952,-38.109369597881056,-79.48806987507254,-88.2751110628518,-1659.47115570787,-51.82656760534303
953,-36.99705965977701,-80.89494117180331,-88.05241783485108,-1610.7441904414695,-52.560688688463586
954,-35.88474972167293,-82.30181246853414,-88.49235706071819,-1811.3698625909658,-51.11040363085232
955,-34.77243978356887,-83.70868376526494,-88.36753347055496,-1960.6136653185088,-51.52189180241686
956,-33.66012984546482,-85.1155550619957,-76.23065265171807,-1608.173595850417,-49.66054575884954
957,-32.54781990736075,-86.5224263587265,-69.67087327676882,-1431.7127355910206,-48.90530989323819
958,-31.43550996925667,-87.9292976554573,-62.43760551383647,-1222.949981223208,-50.35897293055689
959,-30.32320003115261,-89.33616895218813,-71.85415627871905,-1487.6019584286146,-49.955247832359134
960,-29.210890093048548,-90.7430402489189,-70.02704460834991,-1549.8236912761072,-55.34793303996791
961,-28.098580154944486,-92.1499115456497,-70.95443318639198,-1260.3117032014673,-56.595965592776935
962,-26.98627021684041,-93.5567828423805,-73.1362445378682,-1415.674507574416,-63.70167393790966
963,-25.873960278736362,-94.9636541391113,-72.77315851054425,-1686.5891671260201,-74.9650247079947
964,-24.761650340632286,-96.3705254358421,-75.40958130492305,-1313.2345681383629,-70.03262713206738
965,-23.649340402528225,-97.7773967325729,-75.32119165262263,-1134.958351632752,-70.19799245498623
966,-22.53703046442415,-99.1842680293037,-74.53914269881255,-1059.2835369636975,-71.66110238267144
967,-21.4247205263201,-100.5911393260345,-71.3134391843818,-854.9071157625345,-71.35506999542201
968,-20.312410588216025,-101.99801062276529,-72.4490786502513,-899.800630775416,-68.9625756464485
969,-19.200100650111963,-103.40488191949609,-72.51687200199748,-841.2043534362776,-66.83678063570424
970,-18.0877907120079,-104.81175321622686,-69.18955145967817,-839.6595040659984,-69.85218205534593
971,-16.97548077390384,-106.21862451295769,-71.4987332232889,-818.5405812028588,-68.3652308438415
972,-15.863170835799764,-107.62549580968849,-71.5064940853897,-788.5071210210541,-68.6149832789363
973,-14.750860897695688,-109.03236710641929,-71.2362587006372,-1093.196567255438,-75.54714373156521
974,-13.63855095959164,-110.43923840315006,-70.62618555387468,-833.8228840325157,-66.67517851538265
975,-12.526241021487579,-111.84610969988086,-70.67115714944511,-793.6340878270648,-66.86108091875396
976,-11.413931083383503,-113.25298099661168,-70.58487657961561,-779.9512308196349,-67.17997968601658
977,-10.301621145279455,-114.65985229334245,-72.43571396665132,-756.8294217857734,-68.60871500631121
978,-9.189311207175365,-116.06672359007325,-72.32417999274003,-668.5061942500524,-68.74461959909729
979,-8.077001269071303,-117.47359488680405,-71.64170285402216,-745.3479779406249,-69.5762207191038
980,-6.964691330967241,-118.88046618353485,-70.531463390103,-682.5663243590534,-70.92905194126763
981,-5.85238139286318,-120.28733748026565,-71.06698910740843,-638.0755665707229,-70.27651171531939
982,-4.740071454759118,-121.69420877699645,-71.3867296248109,-582.5919597443503,-69.88690661750931
983,-3.627761516655056,-123.10108007372725,-71.90852142886342,-484.8660518631799,-69.25110121972634
984,-2.5154515785509943,-124.50795137045804,-71.79624955818329,-430.7241760285947,-69.38790494267336
985,-1.4031416404469326,-125.91482266718884,-71.59820103278484,-393.69972800898444,-69.62922786207015
986,-0.2908317023428424,-127.32169396391964,-72.02494697199566,-339.2590147007536,-69.10923623030264
987,0.821478235761191,-128.7285652606504,-71.84885850016579,-297.70855672258466,-69.32380073669628
988,1.9337881738652811,-130.1354365573812,-71.61087158656917,-259.1809458678184,-69.61378874166547
989,3.046098111969343,-131.54230785411204,-71.69965887796181,-208.05917513562338,-69.50560107240054
990,4.158408050073405,-132.94917915084284,-71.59724661406209,-166.04840358670114,-69.63039082509673
991,5.270717988177466,-134.3560504475736,-71.51225891145317,-122.90718530015835,-69.73394868024943
992,6.383027926281528,-135.7629217443044,-71.33538677236434,-87.22401472877571,-69.9494680883288
993,7.49533786438559,-137.16979304103523,-71.31125162177472,-43.24016719110392,-69.97887686574153
994,8.607647802489652,-138.576664337766,-71.2292335450392,2.8054806191620756,-70.07459962808355
995,9.719957740593713,-139.9835356344968,-71.23743479588848,53.599581489898185,-70.05167621653025
996,10.832267678697804,-141.3904069312276,-71.29458174216072,109.82284598417596,-69.96486740339488
997,11.944577616801865,-142.7972782279584,-71.5084311218891,172.89718360324355,-69.73861285712518
998,13.056887554905927,-144.2041495246892,-71.63888850083137,228.71038491363484,-69.56120908353738
999,14.16919749301,-145.61102082142,-71.75331215188126,284.14715109445166,-69.46324162353062
1000,15.8451080406936,-145.411316670034,-70.94959855655799,280.6038865100826,-70.38106105754308
1001,17.5210185883772,-145.211612518648,-70.09156474340357,282.5051126124891,-71.16654490785164
1002,19.1969291360608,-145.011908367262,-69.30491246790547,290.41729471610336,-71.86288371893879
1003,20.8728396837444,-144.812204215876,-68.3424645354791,285.36258662453633,-72.65421999693945
1004,22.548750231428,-144.61250006449,-67.49969271695628,291.3406295935138,-73.34586468747699
1005,21.43832439800959,-143.20801182010055,-67.30559194631067,232.52517075059092,-73.50515901186671
1006,20.327898564591187,-141.8035235757111,-67.05549236425566,169.18056521049584,-73.71041035538838
1007,19.217472731172784,-140.3990353313216,-66.81707918076036,105.86605189005668,-73.90607092316543
1008,18.107046897754376,-138.99454708693216,-66.73921645745381,52.678352944800665,-73.96997118416391
1009,16.99662106433597,-137.5900588425427,-66.74051786020956,5.858049055981823,-73.96890315093536
1010,15.886195230917565,-136.18557059815325,-66.704535041927,-41.96730522708508,-73.99843347535854
1011,14.775769397499161,-134.78108235376376,-66.80742007550734,-74.94904228801019,-73.91399794293142
1012,13.665343564080754,-133.3765941093743,-67.00994532301112,-121.51056567283644,-73.55755069443666
1013,12.554917730662348,-131.97210586498485,-67.36814634887055,-154.81997670302135,-73.22942881957941
1014,11.444491897243942,-130.5676176205954,-67.52215546261232,-195.91119852121832,-73.04214195866274
1015,10.334066063825537,-129.16312937620592,-66.09255651820133,-268.82493522989586,-73.79916547487412
1016,9.223640230407131,-127.75864113181646,-66.05252058884842,-325.99884364511547,-73.81893223414448
1017,8.113214396988726,-126.354152887427,-66.23167263288757,-361.75828720025686,-74.09788777526019
1018,7.002788563570322,-124.94966464303755,-66.38374137087621,-408.0156265511793,-74.13616855868086
1019,5.892362730151916,-123.54517639864808,-68.01400123991635,-411.6955169686758,-73.2505341578139
1020,4.781936896733509,-122.14068815425861,-68.18963997349242,-469.8662791793515,-73.70982019591139
1021,3.671511063315105,-120.73619990986916,-68.13962222180581,-495.0886696514923,-73.84351996018175
1022,2.5610852298966975,-119.3317116654797,-68.83421185575062,-610.7623671495359,-72.99715971635223
1023,1.4506593964782937,-117.92722342109023,-68.23654330508224,-663.1586686879009,-73.72542123301213
1024,0.3402335630598863,-116.52273517670076,-69.16324999218061,-709.6042773894095,-72.59622543261335
1025,-0.7701922703585176,-115.11824693231131,-69.16929885195258,-674.4433681464279,-72.58885487281611
1026,-1.880618103776925,-113.71375868792185,-69.66714109853854,-822.4108996318976,-71.98223210648412
1027,-2.991043937195329,-112.3092704435324,-70.07077317702274,-827.8939205185493,-71.49040480635126
1028,-4.101469770613736,-110.90478219914293,-70.2233126369002,-872.2939673979279,-71.30453486509928
1029,-5.21189560403214,-109.50029395475346,-69.86974676077394,-981.1817570503358,-71.73535629764578
1030,-6.322321437450547,-108.095805710364,-72.50189471178624,-830.046990180078,-68.52807350397389
1031,-7.432747270868948,-106.69131746597455,-72.7230895733306,-867.4027243807782,-68.25854668151425
1032,-8.543173104287355,-105.28682922158508,-68.77509584351806,-987.6530875696102,-73.0691928134245
1033,-9.653598937705762,-103.88234097719562,-68.67044388610485,-1109.3524130676917,-73.19671164161443
1034,-10.764024771124166,-102.47785273280616,-66.2419706590075,-1113.0446019483836,-70.89257194389285
1035,-11.87445060454257,-101.0733644884167,-65.13019604605327,-1152.1595911500558,-70.58487007239619
1036,-12.984876437960981,-99.66887624402723,-64.29200913381985,-1182.4874793049275,-68.96203628351273
1037,-14.095302271379385,-98.26438799963776,-62.73249625230736,-1145.8841824979,-68.51572386791099
1038,-15.205728104797789,-96.8598997552483,-63.01823639654606,-1049.0749794518995,-77.50146774248815
1039,-16.3161539382162,-95.45541151085885,-64.61860383511143,-1082.3445172991871,-75.04017922903384
1040,-17.426579771634604,-94.05092326646938,-66.12988970544376,-1168.3252207801904,-73.95848602342869
1041,-18.537005605053007,-92.64643502207993,-68.82395409472335,-1141.9254112135395,-74.00488038264325
1042,-19.64743143847141,-91.24194677769046,-67.39827853340276,-1077.1494235207608,-77.05641880176593
1043,-20.757857271889815,-89.837458533301,-71.5341625411684,-878.5627348428233,-69.98631973791719
1044,-21.868283105308226,-88.43297028891153,-71.67401928812161,-1384.629703477542,-77.02136849619248
1045,-22.97870893872663,-87.02848204452208,-72.47999634981252,-1623.6569100062216,-75.51349225046515
1046,-24.089134772145034,-85.62399380013261,-73.62244537528842,-1198.3094497089032,-61.041164307090625
1047,-25.199560605563438,-84.21950555574315,-67.01175489108194,-1504.3416489190045,-59.87355167443683
1048,-26.30998643898185,-82.8150173113537,-66.99476810238241,-1534.2838993024154,-59.27983664505305
1049,-27.420412272400252,-81.41052906696423,-55.621624216846165,-1629.0471037761888,-57.39274971762944
1050,-28.530838105818656,-80.00604082257478,-56.99694467835242,-1444.9369868384363,-52.86719347308313
1051,-29.64126393923706,-78.60155257818532,-62.17170408192851,-1715.2980496264793,-53.48148782825339
1052,-30.75168977265547,-77.19706433379585,-67.4717478443797,-1573.1533143121721,-49.78707566566705
1053,-31.862115606073875,-75.79257608940638,-75.87330225534835,-1463.4134385266793,-49.67091234210642
1054,-32.972541439492275,-74.38808784501693,-87.1799852941582,-2059.830167073795,-55.436712928056956
1055,-34.08296727291069,-72.98359960062746,-86.76136681668785,-1967.5047920381412,-56.8167129076445
1056,-35.1933931063291,-71.579111356238,-87.22650613437247,-1927.6193294093175,-55.28335429244743
1057,-36.30381893974749,-70.17462311184855,-81.74178036248648,-1710.920322925827,-42.0928090214245
1058,-37.41424477316589,-68.77013486745908,-78.99112212158434,-2058.827800695072,-48.78588280600392
1059,-38.52467060658431,-67.36564662306961,-71.64695940534963,-1722.210511940115,-44.97169924215335
1060,-39.63509644000271,-65.96115837868015,-60.29396498990293,-1926.821029459111,-53.525214283973995
1061,-40.745522273421116,-64.5566701342907,-65.4863087996396,-2034.398926830682,-57.09602220779705
1062,-41.85594810683952,-63.15218188990124,-65.34773467789583,-2054.619967289673,-56.32832636167477
1063,-42.966373940257924,-61.747693645511774,-77.84471622213965,-2142.9092527671082,-53.31556812754271
1064,-44.07679977367633,-60.343205401122304,-92.97473603384046,-3131.2576431848192,-71.32875463945577
1065,-45.18722560709473,-58.93871715673285,-92.70427700469467,-3197.0096301956746,-74.07477326920136
1066,-46.297651440513135,-57.534228912343394,-90.97103674961916,-3827.7888942536383,-91.6726698722252
1067,-47.40807727393155,-56.129740667953925,-72.3278025047902,-7741.422799435843,-190.9697371641653
1068,-48.51850310734996,-54.725252423564456,-31.999062229229054,1359.2765276990865,35.1555963408462
1069,-49.62892894076836,-53.320764179175,-52.983105846355876,704.3799420557334,23.983669568306183
1070,-50.739354774186765,-51.91627593478553,-52.98208606048475,4974.715366032598,124.29544002606207
1071,-51.84978060760517,-50.511787690396076,-65.46554535310847,12905.483579870997,350.6344607093349
1072,-52.96020644102357,-49.10729944600662,-28.233096949725706,13472.622703553634,333.1861956160419
1073,-54.07063227444198,-47.70281120161715,-31.739159029268805,2210.8050731140215,57.24130063539506
1074,-55.181058107860395,-46.29832295722768,-49.08708530450887,3467.04450505169,79.508371856501
1075,-56.2914839412788,-44.89383471283823,-61.886066770556056,4421.10757379015,111.99271606626006
1076,-57.4019097746972,-43.48934646844876,-72.62138623943505,3985.420359586224,103.42997524109344
1077,-58.512335608115606,-42.0848582240593,-77.01642310678433,2943.9849785175857,88.9414824639169
1078,-59.62276144153401,-40.68036997966985,-91.87370053466027,347.6738278857385,39.96360964982692
1079,-60.733187274952414,-39.27588173528038,-46.46679725632109,2944.2115751529814,94.42818719138546
1080,-61.84361310837082,-37.871393490890924,-33.06708328823635,2367.694295177819,88.90591888714457
1081,-62.95403894178922,-36.46690524650147,-28.04082171151704,3249.6723009627894,103.94779874263325
1082,-64.06446477520763,-35.062417002112014,-37.65761795622639,4007.1697890659743,129.7983155356357
1083,-65.17489060862603,-33.657928757722544,-65.26115185792084,1579.2331667012916,82.22749697358529
1084,-66.28531644204445,-32.25344051333306,-59.366180331901376,2281.830984570269,91.58731242595749
1085,-67.39574227546285,-30.848952268943606,-59.24369305019094,2503.9382057282232,100.27686117918532
1086,-68.50616810888125,-29.44446402455415,-73.28470014365874,1185.2126058879808,64.31028342496708
1087,-69.61659394229966,-28.039975780164696,-40.986007489506235,2355.6616214272385,66.2964986456751
1088,-70.72701977571806,-26.635487535775226,-55.63451387376342,2095.7532141358743,45.3220200288425
1089,-71.83744560913647,-25.23099929138577,-53.93485514904319,2855.9558632670864,62.42856161885535
1090,-72.94787144255487,-23.826511046996316,-53.069552878991885,1682.840858638478,60.06494353880295
1091,-74.05829727597329,-22.422022802606833,-74.64076435478543,2049.909410081937,65.92185229925104
1092,-75.16872310939169,-21.017534558217378,-78.86420636138205,1518.106215846479,60.77557134166857
1093,-76.2791489428101,-19.613046313827923,-73.06639986546254,1213.7646788592847,67.84022171903483
1094,-77.3895747762285,-18.208558069438453,-66.55941050548654,1217.669719105997,65.48936521945306
1095,-78.5000006096469,-16.804069825048998,-65.86093659139613,1373.2522577429913,63.877138333133786
1096,-79.61042644306531,-15.399581580659543,-66.88001115162518,1131.105585231967,60.71636462444656
1097,-80.72085227648371,-13.995093336270088,-60.329635946352184,1249.0230726099387,59.89699040469846
1098,-81.83127810990212,-12.590605091880633,-48.43693886340717,1059.8277883487917,53.79678868681811
1099,-82.94170394332053,-11.18611684749115,-48.958690470370854,1155.990691945765,60.73959617220413
1100,-84.05212977673894,-9.781628603101694,-50.94731947817148,1176.485139467621,63.60343320166593
1101,-85.16255561015734,-8.37714035871224,-54.15763975472458,1018.9335584899299,63.25238568923742
1102,-86.27298144357574,-6.972652114322756,-55.89139228512599,1271.7089757620608,77.61507187866074
1103,-87.38340727699415,-5.568163869933301,-55.58778343274214,1118.5773129881293,78.08273644824055
1104,-88.49383311041255,-4.163675625543846,-55.160218618311475,1257.7137178383293,83.47260546923691
1105,-89.60425894383094,-2.7591873811543906,-53.56202415572727,1220.1475029982262,84.78420926304956
1106,-90.71468477724937,-1.354699136764907,-53.09420952145507,1186.4659413175339,85.16813466354222
1107,-91.82511061066778,0.049789107624548024,-51.86132249118022,1185.5673164647096,86.17993851101387
1108,-92.93553644408618,1.454277352014003,-42.08235198198646,1129.4880644342336,82.22952285874469
1109,-94.04596227750459,2.858765596403458,-41.77439884237256,1107.1464008168373,82.70759861573966
1110,-95.15638811092298,4.263253840792913,-41.09423209415348,1091.1342166824732,79.29631515437111
1111,-96.26681394434138,5.667742085182397,-43.02340272378732,995.0704568569968,80.09275345057168
1112,-97.37723977775978,7.072230329571852,-43.06827723118978,1006.6491913297816,79.83579411650267
1113,-98.48766561117819,8.476718573961307,-42.58914467738021,1013.6966029005494,79.64956567034372
1114,-99.59809144459662,9.88120681835079,-44.47882641823802,965.0498034802386,81.8509829238963
1115,-100.70851727801502,11.285695062740245,-43.99480662838692,1067.1150926713563,82.94839429236117
1116,-101.81894311143341,12.6901833071297,-43.16595983599238,1134.711828397683,88.96726662031548
1117,-102.92936894485182,14.094671551519156,-43.10446316360522,1031.8333379103085,88.901215582684
1118,-104.03979477827022,15.49915979590861,-42.019428659004475,998.4031340065414,89.64312974189686
1119,-105.15022061168862,16.903648040298066,-41.15904365957769,1152.4322193047694,90.84284118522848
1120,-106.26064644510704,18.30813628468752,-41.19081136388692,1110.1375396105632,90.8258609847324
1121,-107.37107227852546,19.712624529077004,-40.16034259774889,1084.6701808505154,91.3766583002612
1122,-108.48149811194385,21.11711277346646,-37.41794220247489,1000.6178800372415,92.8425026086561
1123,-109.59192394536227,22.521601017855943,-37.22798027534803,960.8888223015385,92.94403942660965
1124,-110.70234977878066,23.926089262245398,-39.899161044236564,952.3283531251807,91.5162628212981
1125,-111.81277561219908,25.330577506634853,-39.073298995002474,1004.8502140291839,91.52668426578299
1126,-112.92320144561747,26.735065751024308,-34.831698931405825,1010.2101331729212,92.3370144236031
1127,-114.03362727903588,28.139553995413763,-36.921020554498654,854.5416127290298,91.79366106245351
1128,-115.14405311245427,29.54404223980322,-36.56800583308184,815.7582251603756,92.05336863237234
1129,-116.25447894587269,30.948530484192702,-36.21355927352423,776.9750121151776,92.3127625089695
1130,-117.36490477929111,32.35301872858216,-34.975635693459076,726.8956549085058,91.96978748006228
1131,-118.4753306127095,33.75750697297161,-34.68647903405765,689.0618870051717,92.25593962480501
1132,-119.58575644612792,35.161995217361095,-36.40097115232758,636.0364050949676,92.73010864236318
1133,-120.6961822795463,36.56648346175055,-35.895396905872246,598.6076877305685,92.93422774641509
1134,-121.80660811296472,37.970971706140006,-35.06902738203962,568.2493641834035,93.16460882386376
1135,-122.91703394638311,39.37545995052946,-34.569074078659135,532.4989348933474,93.47113292859184
1136,-124.02745977980153,40.779948194918944,-34.20829095111538,479.5540540349765,93.58893711708428
1137,-125.13788561321995,42.1844364393084,-33.48883173205889,439.04113600710633,93.8140060591178
1138,-126.24831144663834,43.588924683697854,-32.81354547730533,416.1922198475911,94.04264910132187
1139,-127.35873728005676,44.99341292808731,-32.64785948133949,383.2118692658311,94.09290940595629
1140,-128.46916311347516,46.397901172476764,-32.28979642392636,332.46685933038447,94.20152666258667
1141,-129.57958894689358,47.80238941686622,-31.874093715498113,291.2195846846234,94.32762871871479
1142,-130.69001478031197,49.2068776612557,-31.434885886699888,250.05907426384363,94.46086097618173
1143,-131.80044061373036,50.61136590564516,-31.133325530885433,204.87727954627277,94.55233832319908
1144,-132.9108664471488,52.01585415003464,-31.170094442635634,149.35701125264018,94.54118459415355
1145,-134.0212922805672,53.4203423944241,-31.059920551669432,97.93169588579609,94.57460548341119
1146,-135.1317181139856,54.82483063881355,-30.78203837227907,53.41637164526264,94.658900133102
1147,-136.242143947404,56.229318883203,-30.51462311881823,11.58703817860681,94.74001967506729
1148,-135.56217989090482,57.6887155748856,-29.452191991192176,15.339660469070076,95.06230468060578
1149,-134.8822158344056,59.1481122665682,-28.414361906846956,16.622150678768882,95.377127040177
1150,-134.2022517779064,60.607508958250804,-27.335190158361726,17.24804192110996,95.70449025826599
1151,-133.5222877214072,62.0669056499334,-26.275738888933535,14.06596923230132,96.02587133357228
1152,-132.842323664908,63.526302341616,-25.20557583906187,10.949339115829112,96.3505017924196
1153,-131.728653894247,62.11771110215415,-25.449326234302138,59.90404345271529,96.27656090774737
1154,-130.614984123586,60.709119862692305,-25.62231324161586,111.76215663958266,96.22408586521472
1155,-129.50131435292502,59.30052862323045,-25.776118936636195,159.1185496632697,96.17742941099146
1156,-128.38764458226402,57.8919373837686,-25.790991418488208,212.73523957459096,96.17291789229495
1157,-127.27397481160301,56.48334614430675,-26.16357253459069,263.08150692599105,96.05989663007446
1158,-126.160305040942,55.0747549048449,-26.645241734530256,313.9446899646577,95.91378385463545
1159,-125.046635270281,53.66616366538305,-27.05516914182865,345.2850159147136,95.78943371720423
1160,-123.93296549962001,52.2575724259212,-27.329207828818404,383.83149325916537,95.7063049783545
1161,-122.819295728959,50.84898118645935,-27.799772103683555,426.6887492476086,95.56356084559361
1162,-121.70562595829801,49.4403899469975,-28.5999913877111,457.18512213300266,95.32081694466794
1163,-120.59195618763701,48.03179870753565,-28.48603289058997,492.79493998551925,95.35538588181673
1164,-119.478286416976,46.6232074680738,-28.87246045166027,530.58321934867,95.23816434583065
1165,-118.36461664631501,45.214616228611945,-29.240838077037967,579.624008672169,95.12641819876474
1166,-117.25094687565401,43.806024989150096,-29.6217797115196,618.860845373101,95.01086080065551
1167,-116.137277104993,42.39743374968825,-30.288423807473183,642.652073729193,94.80863649587943
1168,-115.02360733433201,40.98884251022639,-30.512835308929525,684.7387139983839,94.71709903466387
1169,-113.90993756367101,39.58025127076455,-29.16715887328382,718.7185340175361,95.09622038205968
1170,-112.79626779301,38.17166003130269,-28.52306137878612,763.1093227884,95.2387458041699
1171,-111.68259802234901,36.763068791840844,-28.723025886518485,800.4806066200128,95.16778016716995
1172,-110.568928251688,35.354477552378995,-29.20488422121969,904.7184743951495,96.80048483396237
1173,-109.45525848102702,33.945886312917146,-29.801058072134843,941.8112268837028,98.12507280827847
1174,-108.34158871036601,32.5372950734553,-27.893950503431178,883.5094492221024,87.77205048898038
1175,-107.227918939705,31.12870383399344,-28.436794038022846,991.1032316423684,89.08331416506026
1176,-106.11424916904402,29.720112594531592,-28.56019182357405,1030.3291183523704,88.63918567618171
1177,-105.00057939838301,28.311521355069743,-27.41138052974687,1207.3651435012616,89.77281633310655
1178,-103.886909627722,26.902930115607887,-27.489206010393065,1252.3984841595407,89.38295109693776
1179,-102.77323985706101,25.49433887614604,-30.616069811148684,1335.2119618672928,93.70426416167989
1180,-101.65957008640001,24.08574763668419,-33.504606038525644,1271.1005357420627,91.38532133397948
1181,-100.545900315739,22.67715639722234,-34.891741311241795,1371.4315159857083,91.53797313128413
1182,-99.432230545078,21.26856515776049,-35.36959721671707,1168.3140666350619,91.70409174306525
1183,-98.31856077441701,19.859973918298635,-38.48304848727692,1293.2075508057364,92.27319114410734
1184,-97.20489100375602,18.451382678836787,-39.36927646838861,1314.5757789858592,91.79949217429532
1185,-96.09122123309501,17.042791439374938,-38.69920325721655,1382.7986078204226,92.15765395274964
1186,-94.97755146243401,15.634200199913089,-39.14111356381117,1419.6868429644048,91.92144785065781
1187,-93.863881691773,14.22560896045124,-40.81421769555163,1084.4460191753012,89.97994563504905
1188,-92.75021192111201,12.81701772098939,-41.91017741012193,1135.3972982560877,89.1090504442174
1189,-91.636542150451,11.408426481527535,-42.399925331648575,1160.2807291954848,88.80135145365597
1190,-90.52287237979002,9.999835242065686,-42.50464569393424,1160.0972273717566,80.70643923580035
1191,-89.40920260912901,8.59124400260383,-42.17735145565507,1144.0310368991773,81.18964115188172
1192,-88.295532838468,7.182652763141981,-39.6833750947506,1199.8728821202144,78.5691396525531
1193,-87.18186306780701,5.774061523680139,-39.69120015888568,1144.8760073420221,79.9801578466604
1194,-86.06819329714601,4.36547028421829,-40.04956287587976,1165.840700332273,79.42084258836024
1195,-84.95452352648502,2.956879044756434,-37.873935893681704,1176.035869854152,78.71107124385466
1196,-83.84085375582401,1.548287805294585,-38.18153447715503,1196.05624201851,78.12108889552721
1197,-82.72718398516301,0.13969656583272894,-44.23149128324162,1090.4416176318746,74.70864833272232
1198,-81.613514214502,-1.26889467362912,-51.3183118741815,1354.9558646497278,86.62557563591292
1199,-80.499844443841,-2.677485913090976,-53.48465028324502,1257.4742915022186,84.84770833469926
1200,-79.38617467318002,-4.086077152552818,-53.55796727863236,1431.8240320280802,84.7875386547559
1201,-78.27250490251902,-5.49466839201466,-53.95956631990762,1264.14474527226,78.52280999335945
1202,-77.15883513185801,-6.903259631476516,-51.603961163855566,1127.297896171421,62.29167632268825
1203,-76.04516536119701,-8.311850870938372,-52.09907321378846,1141.8559538538182,61.378644964412125
1204,-74.931495590536,-9.720442110400228,-51.28804202901576,977.985990090498,52.426453868613905
1205,-73.817825819875,-11.12903334986207,-44.844072714856985,1168.9473576123785,51.87316166226091
1206,-72.704156049214,-12.537624589323926,-45.22360803267044,1182.5587207303734,50.83746043406737
1207,-71.590486278553,-13.946215828785782,-54.23310942265891,955.5275579392013,51.46206045398104
1208,-70.47681650789201,-15.354807068247624,-66.19375572689839,1160.3819004281602,59.125803904195
1209,-69.363146737231,-16.763398307709465,-65.16301589788797,1304.6954784884433,63.86971464971423
1210,-68.24947696657001,-18.17198954717132,-72.5359852614081,1336.4442323897442,68.48653403306884
1211,-67.13580719590901,-19.580580786633178,-72.17245763963513,1874.0108463689264,68.92949389248245
1212,-66.022137425248,-20.98917202609502,-49.73857493813269,1790.7609318034106,59.87914306341285
1213,-64.908467654587,-22.397763265556875,-49.72824539008104,1860.319311126004,60.017428052537944
1214,-63.79479788392601,-23.80635450501873,-50.658464077901115,3177.9645691427863,62.80093453404967
1215,-62.68112811326502,-25.214945744480573,-47.424907095808734,1818.2460480366965,43.23331980670495
1216,-61.56745834260401,-26.62353698394243,-71.910166308132,1135.124121644966,61.21428829649694
1217,-60.45378857194301,-28.03212822340427,-63.81489307709405,2072.9403352130676,84.73049071955744
1218,-59.340118801282,-29.440719462866127,-56.21571575856226,2502.480066402068,96.54352890364972
1219,-58.22644903062101,-30.849310702327983,-58.69459613382866,1975.4413171508918,94.79897439814232
1220,-57.11277925996001,-32.257901941789825,-12.809459392036118,3763.191205054564,114.19027487321824
1221,-55.999109489299,-33.66649318125168,-26.696236581735135,2582.9292641329425,94.81601672904002
1222,-54.88543971863801,-35.07508442071352,-36.41562201719131,2311.3789364894974,80.09146266355046
1223,-53.771769947977006,-36.48367566017538,-59.15711756014449,1093.9140059153099,48.8791514845556
1224,-52.658100177316015,-37.89226689963722,-75.11796460029294,3218.5395281625742,95.19986053655245
1225,-51.54443040665501,-39.30085813909908,-78.37786441166304,2098.9822330419233,72.8815271483275
1226,-50.430760635994005,-40.70944937856093,-44.421814033934936,4731.66187343806,108.22508813381417
1227,-49.317090865333,-42.11804061802279,-27.692198688506522,5645.314775249944,131.10599857169262
1228,-48.20342109467201,-43.52663185748463,-25.049451055788197,2408.6825882557587,60.70417094472975
1229,-47.089751324011004,-44.93522309694649,-18.093240415676718,10828.434110960978,275.180691858243
1230,-45.97608155335,-46.34381433640834,-59.22604247636214,1899.5600860707261,52.42200756110118
1231,-44.862411782688994,-47.752405575870185,-36.892157511771224,2659.5811903925746,68.04558199275985
1232,-43.748742012028,-49.16099681533204,-62.39570597103409,-5870.831240092458,-157.8439271814371
1233,-42.63507224136701,-50.56958805479387,-86.02179102597378,-5895.253715773527,-141.92324203189042
1234,-41.52140247070602,-51.978179294255725,-91.99709927887977,-3234.5370205189593,-81.25487450583978
1235,-40.40773270004502,-53.38677053371758,-91.96238543306093,-3543.7250126430426,-81.60733035702559
1236,-39.29406292938401,-54.79536177317942,-75.42738108743015,-2398.66145412188,-57.63950367952988
1237,-38.18039315872301,-56.20395301264128,-68.55819939766369,-2481.0243986026558,-57.63833096706582
1238,-37.066723388062016,-57.612544252103135,-61.55982105348528,-2282.606654533244,-61.693853452881854
1239,-35.95305361740101,-59.02113549156499,-56.272865016617345,-1452.95744002767,-39.81065075133587
1240,-34.839383846740006,-60.42972673102683,-68.45867909186983,-1937.3769664663632,-47.899537813571584
1241,-33.725714076079,-61.83831797048869,-76.72455243489873,-2319.2598568274802,-52.095024018754046
1242,-32.61204430541801,-63.246909209950545,-81.58640738376177,-1637.8525042074818,-39.42410752042122
1243,-31.498374534757005,-64.65550044941239,-86.03776082419621,-2176.229024224128,-59.20212183870744
1244,-30.384704764096,-66.06409168887424,-85.53673878899524,-2224.8064447467464,-60.85376990385731
1245,-29.271034993434995,-67.4726829283361,-74.81612511427743,-1849.4214922063009,-54.12732560187345
1246,-28.157365222774004,-68.88127416779795,-63.63212028191015,-1813.9752988173336,-51.83602983774607
1247,-27.043695452113,-70.28986540725981,-56.837455161867915,-1921.3876608580874,-54.5635115075176
1248,-25.930025681452022,-71.69845664672164,-51.495378589180945,-1674.0201150177836,-55.177464485167626
1249,-24.816355910791017,-73.1070478861835,-48.36065746892736,-1115.9449037792056,-48.000284924436166
1250,-23.702686140130012,-74.51563912564532,-63.04787666611653,-1786.3364300013625,-62.40553335146004
1251,-22.589016369469007,-75.92423036510718,-64.57590546378684,-1735.8246021160032,-68.46939082856218
1252,-21.475346598808017,-77.33282160456903,-70.80356839577095,-1401.9719963322002,-64.24414106293335
1253,-20.36167682814701,-78.74141284403089,-68.62302867766999,-1664.525121850732,-82.72936750274542
1254,-19.248007057486006,-80.15000408349275,-68.46841806882519,-1061.0351718028137,-74.23416719083545
1255,-18.134337286825,-81.5585953229546,-66.78482536569402,-1284.3564158798,-75.75661892531093
1256,-17.02066751616401,-82.96718656241646,-64.09668455075064,-1281.4905966099318,-80.92055221996904
1257,-15.906997745503006,-84.37577780187829,-57.756368531974815,-1097.3784695052407,-80.20028402462556
1258,-14.793327974842,-85.78436904134014,-57.85118287571534,-1329.8708820192137,-83.12298569559655
1259,-13.679658204180996,-87.192960280802,-53.45751528481601,-1055.8211046905467,-59.97857627200657
1260,-12.565988433520005,-88.60155152026385,-58.166909411935364,-1369.7521089463457,-72.26840084026583
1261,-11.452318662859,-90.01014275972571,-60.47153379048011,-1493.6434119675152,-74.22936947122261
1262,-10.338648892197995,-91.41873399918757,-60.36484814685103,-1447.3376451832326,-74.7864678584961
1263,-9.224979121537018,-92.8273252386494,-65.09187107776437,-1463.3173878281618,-77.55721690488397
1264,-8.111309350876013,-94.23591647811125,-65.24032334769998,-1314.7993911833935,-77.37632722090439
1265,-6.997639580215008,-95.64450771757308,-70.5988338878393,-1166.4742832148934,-70.84696072063245
1266,-5.883969809554017,-97.05309895703493,-70.37215206600851,-1129.01450229028,-71.1231734261213
1267,-4.770300038892998,-98.46169019649679,-70.12358301553166,-1118.462299712484,-71.42605580715443
1268,-3.6566302682320213,-99.87028143595865,-67.36635035384643,-1217.1764564140676,-74.78575482049139
1269,-2.5429604975710163,-101.2788726754205,-66.83431651760458,-1231.7435192531384,-75.4340401754137
1270,-1.4292907269100112,-102.68746391488236,-66.89050756523663,-1138.5153133275699,-75.36557115939218
1271,-0.3156209562490062,-104.09605515434421,-66.20226474119512,-1107.6574357850084,-76.20419778999924
1272,0.7980488144119988,-105.50464639380604,-66.08427758904146,-1061.6940251086642,-76.34796560625419
1273,1.9117185850730039,-106.9132376332679,-65.8111953893533,-1002.8623666258234,-76.68071735753055
1274,3.025388355734009,-108.32182887272975,-66.63530886789547,-900.3204242424554,-71.52667442077878
1275,4.1390581263949855,-109.73042011219161,-63.327778206280485,-764.9106754513085,-69.92659015887216
1276,5.2527278970559905,-111.13901135165347,-62.60793160956686,-733.4864266999973,-75.54030737525372
1277,6.366397667716996,-112.5476025911153,-61.82920805821161,-700.9573186744069,-74.70346800709305
1278,7.480067438377972,-113.95619383057715,-61.1081685831426,-775.0659951611016,-72.67805777924438
1279,8.593737209038977,-115.364785070039,-60.95368605181891,-658.2705608904159,-71.4051949083663
1280,9.707406979699982,-116.77337630950086,-60.091892156751314,-546.2709463169208,-73.49890330107839
1281,10.821076750360987,-118.18196754896269,-60.091533130885914,-570.8018022634444,-77.17365263196152
1282,11.934746521021992,-119.59055878842454,-60.85612026587959,-594.8471062530708,-78.08603476783368
1283,13.048416291682997,-120.9991500278864,-61.41174750206349,-487.9308036715913,-77.73698212585194
1284,14.162086062344002,-122.40774126734826,-61.17608876170438,-461.66247809609933,-77.95333047820364
1285,15.275755833005007,-123.81633250681011,-61.640695976616826,-398.91770888995785,-77.79497215210971
1286,16.389425603665984,-125.22492374627197,-62.000362370905094,-335.8632026646894,-77.85904672769418
1287,17.50309537432699,-126.63351498573383,-61.77174754357576,-332.7707677528749,-78.04666599547843
1288,18.616765144987994,-128.04210622519565,-61.62074686427567,-268.8642445852212,-78.17058900264364
1289,19.730434915649,-129.4506974646575,-62.52087818709544,-208.56735723556451,-77.4318706016107
1290,20.844104686310004,-130.85928870411936,-62.315422218038506,-182.2462019174156,-77.60048389291241
1291,21.95777445697101,-132.26787994358122,-62.276881274224785,-134.72187511465634,-77.63211361589461
1292,23.071444227631986,-133.67647118304305,-62.280093030953445,-85.02774228533315,-77.62947779628144
1293,24.18511399829299,-135.0850624225049,-62.312726218171484,-34.981687399406695,-77.60269644197105
1294,25.298783768953996,-136.49365366196676,-62.241487101683944,12.217138027855079,-77.66116085142833
1295,26.412453539615,-137.90224490142862,-62.37179147343797,68.56596317056162,-77.5542228583717
1296,27.526123310275977,-139.31083614089044,-62.52086255016273,123.80901772470145,-77.43188343450474
1297,28.639793080936983,-140.7194273803523,-62.6675618725866,178.07017944586542,-77.3114904583398
1298,29.753462851597988,-142.12801861981416,-62.82724737962478,232.6188943909477,-77.18043999999354
1299,30.867132622259,-143.536609859276,-63.091823645392424,289.60811518341563,-76.96330795376396
1300,32.4101406016286,-143.168807948248,-62.24591373792425,289.47605839979514,-77.65752800635063
1301,33.953148580998196,-142.80100603722,-61.31880048999455,293.66073808445503,-78.41838989252703
1302,35.4961565603678,-142.433204126192,-60.48636446983244,294.4522787140864,-79.10155221583122
1303,37.0391645397374,-142.065402215164,-59.537891985607224,296.04864207489095,-79.8799431674712
1304,38.582172519107,-141.697600304136,-58.655942254642135,298.64816830453583,-80.60374032743341
1305,37.47018055038229,-140.29113118127574,-58.49070081794591,233.83150900920242,-80.739350417657
1306,36.35818858165758,-138.88466205841547,-58.35189982856254,177.25638872910454,-80.85326140190965
1307,35.24619661293287,-137.47819293555523,-58.244417123538526,123.16283173825444,-80.94147014432437
1308,34.13420464420816,-136.07172381269498,-58.15337027102777,70.92356250696785,-81.01619033636831
1309,33.02221267548345,-134.66525468983474,-58.12040355525583,23.330725827222352,-81.04324541038358
1310,31.910220706758746,-133.25878556697447,-58.131874618619776,-19.45496840842648,-81.03383135559899
1311,30.798228738034037,-131.85231644411422,-58.1503769225091,-66.06943582394334,-81.0186469130648
1312,29.686236769309332,-130.44584732125398,-57.96828212091485,-107.277901746585,-81.16808819708623
1313,28.574244800584623,-129.03937819839373,-58.025030942724484,-141.99487845554987,-81.12151566056303
1314,27.462252831859914,-127.63290907553348,-58.03852808568253,-195.23970098609954,-81.11043884586755
1315,26.350260863135205,-126.22643995267322,-57.58697071941223,-236.27679509567474,-81.4810222564536
1316,25.238268894410496,-124.81997082981297,-57.98109117295291,-264.50862249645536,-81.15757608379744
1317,24.126276925685787,-123.41350170695272,-58.155148597630536,-299.4057413411243,-81.01473090200443
1318,23.014284956961077,-122.00703258409246,-58.15568964663573,-340.4102379762165,-81.0142868747321
1319,21.902292988236372,-120.60056346123221,-58.18952489943613,-395.5018053625361,-80.9865190110731
1320,20.790301019511663,-119.19409433837197,-58.47897755888598,-397.72960721826695,-80.74897144402063
1321,19.67830905078695,-117.78762521551171,-58.826427342542054,-420.3669208247482,-80.4638268855382
1322,18.566317082062245,-116.38115609265145,-58.95928260236827,-455.39908780022733,-80.35479543354937
1323,17.454325113337536,-114.97468696979121,-56.44467233570474,-680.0597910760707,-82.41848195163615
1324,16.342333144612827,-113.56821784693095,-56.34849985757925,-728.2845990983576,-82.49740863429138
1325,15.230341175888121,-112.1617487240707,-57.99502312343618,-672.1655202198943,-80.66631347775883
1326,14.118349207163412,-110.75527960121045,-57.17834925899407,-689.9989636284414,-81.04195551101986
1327,13.006357238438703,-109.3488104783502,-56.10582422841507,-764.3184782482979,-81.33733565960695
1328,11.89436526971399,-107.94234135548994,-56.02421462281093,-806.3368036272403,-81.32295435593498
1329,10.782373300989281,-106.53587223262969,-54.63174949994281,-805.7144455832768,-75.5121750330396
1330,9.67038133226458,-105.12940310976944,-54.48035170808842,-844.5153876302456,-75.16286758871989
1331,8.558389363539867,-103.7229339869092,-55.8438964484617,-993.6221222157616,-72.22702704871224
1332,7.446397394815158,-102.31646486404894,-55.76943059372775,-1037.4382797973908,-71.7725069567309
1333,6.3344054260904485,-100.90999574118868,-57.233419331477386,-1019.6382722822166,-67.79731961495828
1334,5.222413457365747,-99.50352661832844,-57.21694860181856,-1061.1492997380792,-67.21070088251982
1335,4.1104214886410375,-98.09705749546819,-53.04358762417395,-932.3593488149274,-65.07138682115912
1336,2.9984295199163284,-96.69058837260793,-58.58139489348797,-1133.5630613355484,-70.3193233270169
1337,1.8864375511916123,-95.28411924974768,-64.07298170411408,-1287.555568779217,-72.87332609108587
1338,0.7744455824669032,-93.87765012688743,-62.83272984067833,-1415.3033019961051,-80.30998952748456
1339,-0.33754638625779876,-92.47118100402719,-63.170876911292865,-1479.6326864021485,-79.89795597105179
1340,-1.4495383549825078,-91.06471188116693,-68.19765422534171,-1537.8339773366215,-73.77280773203694
1341,-2.561530323707217,-89.65824275830667,-68.3121156401423,-1662.4140656075685,-73.63333604083198
1342,-3.673522292431926,-88.25177363544643,-67.4880981488218,-1272.887143595794,-74.63740464593491
1343,-4.785514261156635,-86.84530451258618,-67.36161820918727,-1299.01191284393,-74.79152095766366
1344,-5.897506229881344,-85.43883538972591,-68.33182376961493,-1443.6266922917366,-73.60932160633612
1345,-7.009498198606053,-84.03236626686567,-68.56156174606494,-1481.0118172246334,-73.32938496423452
1346,-8.121490167330755,-82.62589714400542,-55.37185780152322,-1535.7173372732761,-80.60604850802301
1347,-9.233482136055471,-81.21942802114516,-55.269784382759106,-1572.3481879285628,-80.48226495875488
1348,-10.345474104780173,-79.81295889828492,-55.86748207535631,-1809.7842085033164,-77.99210219126772
1349,-11.45746607350489,-78.40648977542466,-47.78234353526672,-1314.9172781034922,-64.15116738406735
1350,-12.569458042229591,-77.00002065256442,-47.499650489176425,-1268.6585594424475,-61.015092738516564
1351,-13.6814500109543,-75.59355152970416,-47.24873838362192,-959.3264210542083,-66.15215517890948
1352,-14.793441979679017,-74.1870824068439,-54.99275759989257,-1564.05595632721,-82.98096421650305
1353,-15.905433948403719,-72.78061328398366,-63.360276838765145,-1396.4044628977363,-76.89852143986904
1354,-17.017425917128435,-71.3741441611234,-63.450187541568475,-1519.7885917721621,-80.13195593241704
1355,-18.129417885853137,-69.96767503826315,-65.13039240850114,-1059.957840197141,-77.86720579659274
1356,-19.24140985457784,-68.56120591540291,-67.59358291141609,-1066.664810464576,-60.707499170169314
1357,-20.353401823302555,-67.15473679254265,-63.44604583671589,-1380.332314459148,-56.12889979564368
1358,-21.465393792027264,-65.74826766968239,-59.09549280562381,-2048.4648206512816,-65.33603781960623
1359,-22.577385760751966,-64.34179854682215,-42.383248371316974,-1125.4308020260569,-51.51119213607033
1360,-23.689377729476682,-62.93532942396189,-45.92067502373479,-1911.5370033707798,-57.254790234507226
1361,-24.801369698201384,-61.528860301101645,-55.20813618940789,-1941.29282750622,-58.07314511691075
1362,-25.9133616669261,-60.12239117824139,-59.3734452281452,-1496.7884419138531,-51.36801144398969
1363,-27.02535363565081,-58.71592205538114,-84.372054980313,-2491.038265549112,-64.69321732126997
1364,-28.137345604375504,-57.3094529325209,-79.58326248013836,-1733.559144778097,-42.567013986865504
1365,-29.249337573100227,-55.90298380966064,-79.91666450064642,-1829.232217791321,-40.925037653921024
1366,-30.361329541824922,-54.49651468680038,-72.05881812852778,-1998.9671866012873,-42.00736162232585
1367,-31.473321510549646,-53.09004556394012,-52.05618002841937,-1006.5642660694834,-30.51398387253594
1368,-32.58531347927434,-51.68357644107988,-45.60195285300766,-571.3280221978987,-18.258830657110934
1369,-33.69730544799905,-50.277107318219635,-57.59309134185908,-2536.5142160092037,-66.07919720427623
1370,-34.80929741672377,-48.870638195359376,-68.14610072706151,-2499.602258718144,-65.08008302534422
1371,-35.92128938544847,-47.46416907249913,-72.44757599414939,-1495.3391313816364,-46.32239777808415
1372,-37.03328135417319,-46.057699949638874,-91.26810318550739,-3555.3814633708007,-88.6565015091443
1373,-38.145273322897886,-44.651230826778615,-84.70211220959443,-6473.945742826472,-155.32217578723865
1374,-39.257265291622595,-43.24476170391837,-32.903228152811124,4619.585442716163,111.48167982674788
1375,-40.369257260347304,-41.83829258105811,-30.81031183674314,2913.694856151799,74.84612287319861
1376,-41.48124922907201,-40.43182345819787,-58.72642328161789,-2915.978171364642,-65.47507548249743
1377,-42.59324119779672,-39.02535433533761,4.963509367063821,7639.510670007933,199.5787621110989
1378,-43.70523316652143,-37.618885212477366,-27.263509919304795,367.102780441758,4.537467487509765
1379,-44.81722513524614,-36.21241608961712,-39.52173083777136,5147.338942768603,116.18725000491025
1380,-45.92921710397085,-34.80594696675685,-76.68400168444603,2267.286730170654,77.39333969498314
1381,-47.04120907269557,-33.39947784389659,-55.95671806718832,1453.3622980985806,49.88489026875718
1382,-48.15320104142027,-31.99300872103636,-55.68831687797199,1170.6910992762857,50.96594866186719
1383,-49.265193010144976,-30.586539598176103,-14.406976473313094,2520.8751152655796,78.93504117892459
1384,-50.377184978869685,-29.180070475315844,3.569315009648946,3314.22342839879,104.2587509486629
1385,-51.48917694759438,-27.773601352455614,-55.675239848618574,2141.480382254973,99.82008355754594
1386,-52.601168916319104,-26.367132229595356,-52.99576419196621,2720.925853645813,101.64483226118725
1387,-53.71316088504381,-24.960663106735097,-72.43896754291416,1255.6882222766048,64.30413033261985
1388,-54.82515285376851,-23.554193983874853,-54.2194021080703,1199.4288774353254,53.141888814081476
1389,-55.93714482249322,-22.147724861014595,-43.43514073951543,1972.0277147547165,42.752930202630466
1390,-57.04913679121794,-20.741255738154337,-43.356161524025985,1962.9149582890882,56.63482748660003
1391,-58.161128759942635,-19.334786615294107,-46.15691496496653,1688.610411936266,55.72254265183034
1392,-59.273120728667344,-17.928317492433848,-71.4282526046281,2054.515565206336,69.83631070071968
1393,-60.38511269739207,-16.52184836957359,-64.0432075016401,828.3846694921931,59.092826767911745
1394,-61.497104666116776,-15.115379246713331,-65.94598174524764,901.648406813287,53.403795725964436
1395,-62.60909663484147,-13.708910123853087,-64.98500183309092,1263.199774670778,58.58902369732578
1396,-63.72108860356618,-12.302441000992843,-51.63309834436188,1034.7725082682452,49.879055074092236
1397,-64.8330805722909,-10.89597187813257,-41.58567875700062,1290.0176524786712,49.049448721455974
1398,-65.9450725410156,-9.489502755272326,-48.99427548157142,1074.3130535263222,49.5400414221266
1399,-67.05706450974031,-8.083033632412082,-48.52282375696232,1062.7547771616578,50.5794841480639
1400,-68.16905647846502,-6.67656450955181,-50.737184051949725,1040.830010010134,60.85216276855112
1401,-69.28104844718973,-5.270095386691594,-50.214300937342585,1029.2893589972634,61.76253689631011
1402,-70.39304041591444,-3.8636262638313212,-53.524811594352514,1303.0570821737747,77.52766325384992
1403,-71.50503238463915,-2.457157140971077,-51.898946257368486,1405.8207307120201,86.14906149596675
1404,-72.61702435336386,-1.0506880181108045,-41.15522345525342,1175.2995944448849,70.93572192459678
1405,-73.72901632208857,0.3557811047494397,-40.20089973519493,1187.8470547478164,72.80636698665242
1406,-74.84100829081328,1.7622502276096839,-35.06846000365397,1289.2879989891676,72.01632562062083
1407,-75.95300025953799,3.1687193504699565,-34.61470329766741,1260.7873151081744,73.41215831243449
1408,-77.06499222826267,4.575188473330172,-36.69177863277177,1314.203375005566,79.35351739339907
1409,-78.1769841969874,5.981657596190445,-35.85471551860244,1234.1826033546524,75.43819143045903
1410,-79.28897616571211,7.388126719050689,-35.5133917594693,1214.420568970274,76.08525716829676
1411,-80.4009681344368,8.794595841910933,-40.38265187142777,1060.6150637777848,78.51967716299487
1412,-81.51296010316153,10.201064964771206,-39.903392063145276,1043.6301899909283,79.11494628821512
1413,-82.62495207188624,11.60753408763145,-39.072406813874125,1293.4818155373537,90.63215468810029
1414,-83.73694404061092,13.014003210491694,-38.59713678576024,1269.5341466325967,90.92382653977826
1415,-84.84893600933563,14.420472333351938,-38.12191849158752,1245.626896606172,91.2155693357189
1416,-85.96092797806037,15.82694145621221,-37.624468499087754,1614.1537868431571,92.73211194617457
1417,-87.07291994678508,17.233410579072455,-36.65319212090766,1456.5651561823718,90.93111837426146
1418,-88.18491191550976,18.6398797019327,-32.644102043246775,1445.0963508415991,92.4607427287844
1419,-89.29690388423447,20.046348824792943,-31.413768941076853,1377.14469129874,92.33174697870571
1420,-90.4088958529592,21.452817947653216,-30.39097241349251,1605.0186228388602,91.8426852704572
1421,-91.52088782168389,22.85928707051346,-30.063524083780305,1564.0792237827875,92.15128995909988
1422,-92.63287979040862,24.265756193373704,-22.352500813327364,1610.058498848284,88.81093801698344
1423,-93.74487175913333,25.672225316233977,-24.080058121569746,1372.1299190961881,87.0056383865126
1424,-94.85686372785801,27.078694439094193,-23.27338421312392,1226.3866519347189,84.69980220416505
1425,-95.96885569658275,28.485163561954465,-22.617437904529986,1119.4562827454415,82.99848197487167
1426,-97.08084766530746,29.89163268481471,-24.294809420336552,907.1958299275209,80.02937980467453
1427,-98.19283963403217,31.298101807674982,-26.609727619710206,1145.1204072752819,96.61426726141244
1428,-99.30483160275685,32.704570930535226,-24.72504655277264,1122.5907492932251,96.31145839689724
1429,-100.41682357148159,34.11104005339547,-24.52913271960211,1085.0960644386864,96.38059453005474
1430,-101.5288155402063,35.51750917625574,-24.332750337861338,1047.624513571681,96.44994605139138
1431,-102.64080750893098,36.92397829911596,-24.95138942886689,1020.7992816199644,96.2992200005285
1432,-103.75279947765569,38.33044742197623,-24.72123012770329,982.4272680974909,96.37678347839118
1433,-104.86479144638042,39.736916544836475,-28.738175011703888,938.5124182366533,95.27889939456428
1434,-105.9767834151051,41.14338566769672,-23.789074074920727,770.9835718211052,96.78019296677503
1435,-107.08877538382981,42.54985479055699,-23.605361832407677,739.4166547105231,96.83592147430487
1436,-108.20076735255455,43.956323913417236,-22.501398060608093,720.9095482000141,97.17080527152913
1437,-109.31275932127923,45.36279303627748,-23.00507877902093,662.3301224330066,97.01801537399861
1438,-110.42475129000394,46.769262159137725,-23.21947649658383,647.4449288893861,96.952978528037
1439,-111.53674325872865,48.175731281998,-22.915999088894946,622.6843291789389,97.04503740646646
1440,-112.64873522745339,49.58220040485824,-22.27797779614832,570.5893146611636,97.23857907756373
1441,-113.76072719617807,50.988669527718486,-23.12854139136096,565.0416668414153,96.98056339460231
1442,-114.87271916490278,52.39513865057876,-23.454168446182397,560.0026553884428,96.88178549320459
1443,-115.98471113362748,53.801607773439,-23.950335546110033,528.0261928056184,96.73127482725158
1444,-117.0967031023522,55.20807689629925,-22.98461960932252,500.9559504668758,97.02422159616974
1445,-118.2086950710769,56.61454601915949,-22.295366061661053,449.01965298108496,97.23330440412718
1446,-119.32068703980161,58.02101514201976,-21.85859011702915,427.57459066170065,97.36579895749118
1447,-120.43267900852632,59.42748426488001,-21.611048528491384,383.23216524188166,97.44088988824274
1448,-121.54467097725103,60.83395338774025,-21.324239159647448,340.45998861428336,97.45096578527979
1449,-122.65666294597574,62.240422510600524,-20.997723243470563,300.9617001013828,97.58773265541856
1450,-123.76865491470045,63.64689163346077,-20.74231729619023,262.69056007427224,97.64763500596337
1451,-124.88064688342516,65.05336075632101,-20.546284259855156,220.12037759739388,97.7213014041402
1452,-125.99263885214987,66.45982987918126,-20.473069025227414,160.70208975267568,97.74294210934248
1453,-127.10463082087458,67.86629900204153,-20.32080740207118,110.00801771216953,97.7988866205377
1454,-128.21662278959928,69.27276812490175,-20.096766068048634,63.36640491442891,97.86033874968783
1455,-129.328614758324,70.679237247762,-19.8200082900904,17.685889517470798,97.89623913548922
1456,-128.5801257542388,72.0519622496876,-18.764957627072075,16.712775645572908,98.10625632304006
1457,-127.83163675015359,73.42468725161321,-17.746201768898356,14.963323105406111,98.25150253630332
1458,-127.0831477460684,74.7974122535388,-16.72584018386788,10.353808673267189,98.35264974214914
1459,-126.3346587419832,76.1701372554644,-15.686357503426676,8.875823473897547,98.45502977465168
1460,-125.586169737898,77.54286225739,-14.64104172557125,7.909955487252397,98.557984316681
1461,-124.47127464378906,76.13272120494071,-14.781989599868654,55.686056275104825,98.54410217297311
1462,-123.35637954968011,74.72258015249143,-14.922708838266077,105.66171549742562,98.53024254791927
1463,-122.24148445557115,73.31243910004214,-15.03006958262952,160.52500030220716,98.51966844533514
1464,-121.12658936146221,71.90229804759285,-15.089315366962978,215.9288892523088,98.51383324919402
1465,-120.01169426735326,70.49215699514357,-15.412284080594992,259.44756629015177,98.48202363079332
1466,-118.89679917324432,69.08201594269428,-15.767415792123463,300.1683006869682,98.44704623592851
1467,-117.78190407913537,67.671874890245,-16.09627084340569,340.22692455358543,98.41465686429932
1468,-116.66700898502641,66.26173383779572,-16.419632767839524,381.6986949439249,98.3828085180435
1469,-115.55211389091747,64.85159278534643,-16.84687443258973,400.55119733793055,98.06726661177512
1470,-114.43721879680852,63.44145173289714,-17.131551043545524,431.2666273820623,97.9404284633992
1471,-113.32232370269958,62.03131068044786,-17.43259481775337,464.4989248401244,97.6927077694013
1472,-112.20742860859063,60.62116962799857,-17.764580909336033,494.17694834428187,97.35733543489664
1473,-111.09253351448169,59.211028575549285,-18.094064719244688,521.8100249662675,97.20469444548134
1474,-109.97763842037273,57.8008875231,-17.943396220998633,524.077109401249,97.4158312313829
1475,-108.86274332626378,56.39074647065071,-18.215766511346928,552.5059111498313,97.28227087849763
1476,-107.74784823215484,54.98060541820142,-18.307490911553103,586.9659138056513,96.56489498454839
1477,-106.63295313804589,53.570464365752144,-18.327121249859342,625.2802548851905,96.61163633707127
1478,-105.51805804393695,52.160323313302854,-19.563374362759014,688.4874771297857,96.82151565621866
1479,-104.40316294982799,50.75018226085357,-19.8913696623699,721.2713093325947,96.65562769522025
1480,-103.28826785571904,49.34004120840429,-18.764433590632457,734.8150834470335,95.46123882940779
1481,-102.1733727616101,47.929900155954996,-18.682826125035813,778.1105018076828,96.99031705342077
1482,-101.05847766750115,46.51975910350571,-17.036203556257046,784.519681067439,97.1853933162361
1483,-99.9435825733922,45.10961805105643,-17.120827075542696,814.5078852587594,97.0700397122947
1484,-98.82868747928325,43.69947699860714,-17.241448071078025,841.2992094309141,98.76639388657242
1485,-97.7137923851743,42.289335946157856,-17.334194006346465,870.9389234126975,98.73825971063918
1486,-96.59889729106536,40.87919489370857,-15.244607694718578,869.7928369403992,99.37212887966547
1487,-95.48400219695641,39.46905384125928,-15.976044887198306,976.1877890996205,99.15024980110721
1488,-94.36910710284747,38.05891278881,-13.825061633079976,1049.1099128396659,99.80274353170364
1489,-93.2542120087385,36.64877173636071,-15.912986909919926,1047.393990159144,99.16937823214406
1490,-92.13931691462956,35.238630683911424,-18.19596758368884,961.3270456631021,98.47684351628564
1491,-91.02442182052062,33.82848963146214,-20.147919460297196,878.4917336557897,97.68044100932106
1492,-89.90952672641166,32.41834857901285,-20.34578964930114,901.3105912768066,97.61164678367274
1493,-88.79463163230272,31.008207526563574,-24.052236380555414,1302.7108670905595,96.27477881499155
1494,-87.67973653819377,29.598066474114283,-24.367967102831095,1337.6014051564132,96.16269082863057
1495,-86.56484144408483,28.187925421665,-19.10180461723758,1102.8572966849947,79.69069447961856
1496,-85.44994634997587,26.77778436921571,-19.91168355967326,1110.4848505168566,76.00878919604017
1497,-84.33505125586693,25.367643316766426,-20.06148796336748,1135.8977058626285,75.23378076236837
1498,-83.22015616175798,23.957502264317142,-17.732924242930327,1414.4182088659268,79.52535005515571
1499,-82.10526106764902,22.54736121186786,-16.48163365293052,1456.294583870005,78.5252313646566
1500,-80.9903659735401,21.137220159418575,-17.2506075069791,1983.5232362320644,88.11689552135859
1501,-79.87547087943113,19.727079106969285,-27.06899834475334,1912.61913779645,92.50144064753772
1502,-78.76057578532219,18.31693805452,-28.68015012534582,1548.6134682373424,92.04399790000114
1503,-77.64568069121324,16.906797002070718,-28.588160166754303,1657.2180842053435,92.89648039277338
1504,-76.53078559710428,15.496655949621427,-34.496201564589626,1707.5321712714403,91.58068584082116
1505,-75.41589050299535,14.086514897172144,-36.449411351569196,1690.7756025886931,90.93245698406679
1506,-74.3009954088864,12.67637384472286,-37.97494927754132,1240.4012912092376,90.19598465523097
1507,-73.18610031477745,11.26623279227357,-36.56279549480759,1463.847897115418,91.75613430732852
1508,-72.0712052206685,9.85609173982428,-37.119551141446166,1086.9414743412765,79.40808289724161
1509,-70.95631012655954,8.445950687375003,-37.93877289910151,1186.1621016074039,77.80921671642906
1510,-69.84141503245061,7.035809634925712,-32.92639585381978,1079.3162859183037,71.14469354632678
1511,-68.72651993834165,5.625668582476422,-29.718877487579004,1143.8350476789842,71.63046978268994
1512,-67.61162484423271,4.2155275300271455,-32.91320199955854,1401.4470710331227,73.79256702572054
1513,-66.49672975012376,2.805386477577855,-31.03483314322193,1406.7089964544057,72.31369029275334
1514,-65.3818346560148,1.3952454251285644,-31.51410674800868,1436.7717110623576,70.80817342165776
1515,-64.26693956190586,-0.014895627320726135,-37.34141645239963,1318.0170512967481,71.81932076375188
1516,-63.15204446779691,-1.4250366797700025,-38.9548967639723,1189.3521725449239,70.05281588121507
1517,-62.03714937368796,-2.835177732219293,-40.694852365164195,1260.6271573289011,70.61253039294539
1518,-60.92225427957902,-4.245318784668584,-52.33445225829381,1442.6257545788415,77.48387494503449
1519,-59.80735918547006,-5.65545983711786,-48.486060339276534,1129.349564135164,59.645746295403434
1520,-58.69246409136112,-7.0656008895671505,-48.06120832740352,835.4322798314327,47.493929127146956
1521,-57.57756899725217,-8.475741942016441,-46.437154644390134,1164.3079588710718,47.23338390141587
1522,-56.46267390314323,-9.885882994465717,-39.738429160399875,1083.0190037370405,39.60081569871259
1523,-55.34777880903427,-11.296024046915008,-39.26193709103802,1108.0860605281691,42.74911918410764
1524,-54.23288371492532,-12.706165099364298,-51.732545979848844,1012.08742101639,45.06357023693544
1525,-53.11798862081639,-14.116306151813575,-60.820029982670256,944.2534261272792,56.468813864638896
1526,-52.00309352670743,-15.526447204262851,-58.87770522780498,1468.346495994353,62.074663767429605
1527,-50.888198432598486,-16.93658825671214,-37.70425548351207,1562.2540862338271,65.01577810129939
1528,-49.77330333848954,-18.346729309161432,-42.09209374673236,2093.5414011885405,58.74494013894641
1529,-48.658408244380595,-19.75687036161071,-36.02255766390915,1026.6828023356081,47.018244478832855
1530,-47.54351315027165,-21.16701141406,-53.58609700322479,1055.8231105688117,50.63870530707464
1531,-46.42861805616269,-22.57715246650929,-71.1691237155268,1244.146991406954,59.00798590890057
1532,-45.313722962053745,-23.98729351895858,-56.37652644949538,2302.0078693404216,96.63522836663402
1533,-44.1988278679448,-25.397434571407857,-22.898411759616437,2108.8842501254603,68.69536456489796
1534,-43.083932773835855,-26.807575623857147,-7.578311752778205,2714.081863790144,82.72892510275314
1535,-41.969037679726895,-28.217716676306438,-40.93319459116216,1644.618989357678,63.373607270530286
1536,-40.85414258561795,-29.627857728755714,-52.66622010329026,1554.560223111076,51.37170855594317
1537,-39.739247491509005,-31.037998781205005,-78.85201252428752,620.7587192309252,43.36171190182335
1538,-38.62435239740006,-32.44813983365428,-19.33715733676371,7360.406147871548,176.96300188574273
1539,-37.509457303291114,-33.85828088610357,-14.557565070696029,2732.1723946575794,59.87476423165748
1540,-36.39456220918217,-35.26842193855285,-51.90738616266651,-3802.3411019099976,-93.91919346463835
1541,-35.27966711507321,-36.67856299100215,-19.38401477411678,4885.701651284145,119.45724695674816
1542,-34.16477202096428,-38.08870404345143,-74.99898705556056,-922.0906337668777,-36.59405068925958
1543,-33.04987692685532,-39.49884509590072,-85.66856175011709,-6114.250537799788,-145.5096416989246
1544,-31.934981832746374,-40.908986148349996,-64.35157231400467,-1326.5544847511314,-44.83483834599944
1545,-30.820086738637414,-42.3191272007993,-59.16799407875599,-1549.470510705487,-54.48175256275549
1546,-29.705191644528483,-43.72926825324856,-59.264272610001356,-1538.4473874984133,-55.34703809612532
1547,-28.590296550419524,-45.13940930569787,-36.63353441886133,-593.8060536185388,-10.65631043983927
1548,-27.47540145631058,-46.549550358147144,-47.61157166303265,-1104.7045199614943,-31.737894095519973
1549,-26.36050636220162,-47.959691410596434,-77.56481757955166,-1709.8349201837748,-37.56432601249384
1550,-25.245611268092688,-49.36983246304571,-78.21404896851217,-1253.107189529358,-36.16705700925662
1551,-24.13071617398373,-50.779973515495016,-83.2892159496321,-2769.4543458226376,-68.26285870276219
1552,-23.015821079874783,-52.19011456794428,-55.50629409197637,-1666.492864113599,-53.367945919717656
1553,-21.900925985765824,-53.6002556203936,-46.978421688793205,-1057.1864719994037,-48.325206781614
1554,-20.786030891656893,-55.01039667284286,-35.49891614132706,-1738.3047071195092,-52.12977195861519
1555,-19.671135797547933,-56.42053772529215,-32.98432556807229,-1059.832132052818,-46.426747978049576
1556,-18.556240703438988,-57.83067877774144,-41.129689949891954,-1421.6408434769862,-50.930337002889786
1557,-17.441345609330043,-59.24081983019073,-62.890171624457814,-1194.4003641339325,-55.9818013015064
1558,-16.326450515221097,-60.65096088263999,-63.06362959406881,-1048.4421316877178,-62.53881964306028
1559,-15.211555421112138,-62.06110193508931,-60.089098778971334,-1738.315744463434,-84.67460977543092
1560,-14.096660327003207,-63.471242987538574,-53.13915922512863,-1515.1553062096116,-79.64592175695711
1561,-12.981765232894247,-64.88138403998786,-41.79512670735326,-1047.0713410995932,-57.21000901876963
1562,-11.866870138785302,-66.29152509243715,-42.72192867456924,-1087.4002628802036,-59.269620483966335
1563,-10.75197504467637,-67.70166614488642,-40.942269946693074,-1249.845096710307,-66.79018563367924
1564,-9.637079950567411,-69.11180719733571,-48.66904178480907,-1908.9420080402026,-82.27121753132556
1565,-8.522184856458466,-70.521948249785,-50.50490328983164,-1866.4694153619455,-84.61008419454592
1566,-7.407289762349507,-71.93208930223429,-61.06615089378937,-1692.0191146405361,-72.17335464045135
1567,-6.292394668240576,-73.34223035468358,-66.37099422196287,-1771.2675728744593,-75.99860024361399
1568,-5.177499574131616,-74.75237140713287,-66.13872331463915,-1733.7970152409714,-76.28162327210431
1569,-4.062604480022671,-76.16251245958213,-65.92190904836858,-1418.3900138169865,-76.54581232172252
1570,-2.9477093859137113,-77.57265351203145,-66.24989704899122,-1255.97740955999,-76.14615763266006
1571,-1.8328142918047803,-78.98279456448071,-66.4432316342452,-1927.9673115408182,-75.91057866816121
1572,-0.7179191976958208,-80.39293561693,-66.17154182609758,-1881.632132397984,-76.24163378478286
1573,0.3969758964131245,-81.8030766693793,-56.9809992704304,-1559.5200990060134,-71.48114283080642
1574,1.511870990522084,-83.21321772182858,-56.90926712882178,-1519.3093559599722,-71.91454253392003
1575,2.6267660846310292,-84.62335877427785,-54.37590319817708,-1460.0885968952146,-71.09562434642633
1576,3.7416611787399603,-86.03349982672717,-47.477708466400166,-1103.0095361976764,-60.8819315311797
1577,4.85655627284892,-87.44364087917643,-47.654523976440245,-1071.434819720899,-61.61453539648772
1578,5.971451366957879,-88.85378193162572,-50.563255244801226,-1429.6729387271032,-72.0177464570074
1579,7.08634646106681,-90.26392298407501,-50.64245919926823,-1385.7627493590505,-72.46848986110236
1580,8.20124155517577,-91.6740640365243,-48.93906665142279,-1043.9114600695802,-66.84755906401229
1581,9.3161366492847,-93.08420508897356,-49.085238101239305,-1009.375686292953,-67.4998963250823
1582,10.43103174339366,-94.49434614142288,-48.19448024267945,-1061.6470977639165,-77.43631943975795
1583,11.545926837502591,-95.90448719387214,-58.212139693042005,-690.0813931764686,-78.73550588630371
1584,12.660821931611551,-97.31462824632143,-59.08357607585134,-621.2031865912938,-78.72913292836859
1585,13.77571702572051,-98.72476929877072,-59.2556085909637,-622.8042586104941,-79.18648620642536
1586,14.89061211982947,-100.13491035122001,-55.56340031288933,-807.5333932668656,-83.14172293110786
1587,16.0055072139384,-101.5450514036693,-55.4923499013112,-771.6797338829875,-83.20003247450774
1588,17.12040230804736,-102.9551924561186,-55.15009186348351,-760.7033029269097,-83.48091627894287
1589,18.23529740215629,-104.36533350856786,-54.78628745488101,-709.4955672395197,-83.77948272608049
1590,19.350192496265223,-105.77547456101715,-54.46662103961634,-699.3820208314629,-84.04182607216977
1591,20.465087590374182,-107.18561561346644,-54.70740885592205,-650.8577800556845,-83.286987723974
1592,21.57998268448314,-108.5957566659157,-54.66415437862485,-613.1855690513318,-83.34955509089707
1593,22.6948777785921,-110.00589771836502,-54.74721253167337,-504.95347762952656,-83.23207721284597
1594,23.809772872701032,-111.41603877081428,-53.496656028182095,-531.0701830676462,-84.29715955319364
1595,24.92466796680999,-112.82617982326357,-53.35347538755366,-505.39121784753155,-84.4422624700841
1596,26.039563060918923,-114.23632087571286,-53.547779736857564,-473.8363584942578,-84.08921152239716
1597,27.154458155027882,-115.64646192816215,-52.79762026885602,-450.93175438350715,-84.73783692770338
1598,28.269353249136813,-117.05660298061142,-52.83382959210731,-380.53144891613977,-83.42468221795244
1599,29.384248343245773,-118.46674403306073,-53.17207204952712,-329.492474241055,-83.10345882164945
1600,30.499143437354704,-119.87688508551,-53.57992295561098,-272.74141790720574,-83.34430993096204
1601,31.614038531463663,-121.28702613795929,-53.358973079673454,-275.5180326327155,-83.80611925158571
1602,32.72893362557262,-122.69716719040858,-53.71589826594447,-209.51651395954713,-83.56234287702844
1603,33.84382871968158,-124.10730824285787,-53.535870176652644,-187.52876331807795,-83.84684664722046
1604,34.95872381379051,-125.51744929530716,-53.559004591642434,-152.36799646380308,-83.90128642295703
1605,36.07361890789947,-126.92759034775645,-53.63995985476868,-115.97565590437557,-83.9240600951267
1606,37.188514002008404,-128.3377314002057,-53.60624590647318,-83.89939535448431,-83.98533262212096
1607,38.30340909611736,-129.747872452655,-53.58305383733042,-63.805900438901936,-84.15229128236066
1608,39.418304190226294,-131.1580135051043,-53.66123950008722,-21.154380122434375,-84.1841594063806
1609,40.533199284335254,-132.56815455755358,-53.66897900926081,22.924145067346466,-84.15613797357366
1610,41.64809437844421,-133.97829561000287,-53.69136713243873,68.02318317724796,-84.14417126623492
1611,42.76298947255317,-135.38843666245216,-53.74912466761996,120.25999726090899,-84.1132992045337
1612,43.877884566662104,-136.79857771490143,-53.88033604397836,174.56292911675015,-84.04316522644534
1613,44.99277966077106,-138.20871876735075,-54.117356145366465,235.7195537965648,-83.91154880124515
1614,46.10767475488,-139.6188598198,-54.27841246983022,289.34257756986665,-83.8244570363992
1615,47.559772669431204,-139.13607308629102,-53.327052301875305,291.44704289947305,-84.3389017008445
1616,49.0118705839824,-138.653286352782,-52.38201956328821,294.1220578409086,-84.84403248462503
1617,50.4639684985336,-138.17049961927302,-51.42257278883706,292.58901942562244,-85.35686773507237
1618,51.916066413084806,-137.687712885764,-50.455932083071815,292.57660189550563,-85.8735482239064
1619,53.368164327636,-137.204926152255,-49.5663233453957,292.7998174695334,-86.34905424668418
1620,52.25392319555162,-135.79561224372486,-49.38158787094289,238.69752632528474,-86.44779746603753
1621,51.13968206346724,-134.38629833519474,-49.21936258128979,181.60727206998882,-86.53450873472228
1622,50.02544093138285,-132.9769844266646,-49.126123846298356,126.33577183635377,-86.58434590264444
1623,48.91119979929847,-131.56767051813446,-49.06807136788345,72.25377171370002,-86.61537561487006
1624,47.79695866721409,-130.1583566096043,-48.92775380387266,21.165823918742813,-86.69037695418126
1625,46.68271753512971,-128.74904270107416,-48.824529144351025,-22.273742448073925,-86.74555171272725
1626,45.568476403045324,-127.33972879254404,-48.73872585782207,-63.31288913931885,-86.79141454859064
1627,44.45423527096094,-125.93041488401389,-48.76031933254914,-99.00775859830179,-86.7798725899176
1628,43.33999413887656,-124.52110097548375,-48.690961125885835,-139.82899975390126,-86.81694534291643
1629,42.22575300679218,-123.11178706695361,-48.98585347274617,-176.36808264820064,-86.65932201811694
1630,41.1115118747078,-121.70247315842347,-49.03548364611125,-211.59187340233018,-86.63279412405845
1631,39.997270742623414,-120.29315924989334,-49.46727137959298,-238.2249590862158,-86.40199865281737
1632,38.88302961053903,-118.88384534136318,-49.53869490956052,-275.8513968175981,-86.36382196094229
1633,37.76878847845465,-117.47453143283305,-48.84809975907415,-331.00877119193126,-86.73295295016258
1634,36.654547346370265,-116.06521752430291,-48.93245013102346,-326.95941708056836,-85.39418918000372
1635,35.54030621428589,-114.65590361577277,-49.02506245484234,-359.57792010502936,-85.22734014255389
1636,34.426065082201504,-113.24658970724263,-49.02251963329488,-394.0878797957446,-85.07609129528544
1637,33.31182395011712,-111.83727579871248,-49.24398834152086,-425.4872496968304,-84.99940039346035
1638,32.19758281803274,-110.42796189018235,-49.25758528961337,-459.7961663429041,-84.85611812928161
1639,31.08334168594836,-109.01864798165221,-49.16533113503521,-499.95784728931966,-85.30750519850145
1640,29.969100553863978,-107.60933407312207,-48.86084534648961,-527.5530789626912,-85.6685106318903
1641,28.854859421779594,-106.20002016459193,-49.08350596168302,-552.0788384166433,-85.97421958773329
1642,27.740618289695213,-104.79070625606178,-48.285089786915826,-617.4550462940283,-85.04929467513642
1643,26.626377157610833,-103.38139234753166,-48.239432226421485,-653.6025210576856,-85.20077414884851
1644,25.51213602552645,-101.9720784390015,-48.17306270680409,-689.2053113148937,-85.09066445911051
1645,24.397894893442068,-100.56276453047137,-48.776226180117646,-687.7410017051493,-83.86029854769822
1646,23.283653761357684,-99.15345062194123,-51.130081585389576,-620.3303749515632,-81.31280072335564
1647,22.169412629273303,-97.74413671341108,-51.54927469753188,-626.0561404015639,-80.75156329608423
1648,21.055171497188923,-96.33482280488096,-52.30207343967188,-630.0789047593935,-78.83073301180794
1649,19.940930365104535,-94.9255088963508,-52.4241348324916,-657.0955755982542,-78.47419885415137
1650,18.826689233020154,-93.51619498782065,-52.54613411574608,-684.0957858160688,-78.1168860398285
1651,17.712448100935774,-92.10688107929053,-51.00120304039326,-769.1074766175803,-80.04629108674858
1652,16.598206968851386,-90.69756717076038,-53.18774122883357,-800.3903912771513,-83.89134649825829
1653,15.483965836767005,-89.28825326223024,-55.568469511454225,-775.702604498302,-81.83956958855929
1654,14.369724704682625,-87.8789393537001,-55.516109729430966,-755.4737728044797,-81.91559723240931
1655,13.255483572598244,-86.46962544516997,-56.66064967298713,-819.1810386233311,-81.03885933483865
1656,12.141242440513864,-85.06031153663983,-56.887741913342126,-845.7472960150984,-80.80904212600463
1657,11.027001308429476,-83.65099762810968,-56.57961355211961,-834.5288342178321,-80.27968176591402
1658,9.912760176345095,-82.24168371957956,-52.59189073939946,-773.9304353020796,-68.35236630439508
1659,8.798519044260715,-80.8323698110494,-52.675635345008565,-796.4489404275434,-67.74433514709811
1660,7.684277912176334,-79.42305590251927,-53.91777645755282,-606.9726952905997,-63.773438736747686
1661,6.570036780091954,-78.01374199398913,-43.18669092393216,-1353.7720947693667,-65.2190550042225
1662,5.455795648007573,-76.60442808545898,-43.04046714415799,-1388.3530916728305,-64.57480493554114
1663,4.341554515923185,-75.19511417692885,-40.74790901046475,-1271.864499678067,-57.733513861504754
1664,3.227313383838805,-73.7858002683987,-41.68247469611846,-1361.5837040006888,-59.131482697053464
1665,2.1130722517544243,-72.37648635986857,-39.235853720569956,-1227.0580649322276,-50.64603579270417
1666,0.9988311196700437,-70.96717245133843,-41.2902020929094,-1456.1797033051528,-55.337275910206294
1667,-0.1154100124143369,-69.55785854280829,-53.340027673204446,-1895.7553543097254,-72.48998785502613
1668,-1.2296511444987246,-68.14854463427815,-61.94510140982985,-1470.8883682712492,-81.39156831652667
1669,-2.343892276583105,-66.739230725748,-63.8235267287394,-1278.5620080530914,-79.10269956117432
1670,-3.4581334086674858,-65.32991681721786,-63.15276259937028,-1496.8248630579592,-79.92002833249602
1671,-4.572374540751866,-63.92060290868773,-62.21228471282669,-1830.7859409825246,-81.06600439443451
1672,-5.686615672836247,-62.51128900015759,-62.41482136227444,-1865.0013842764247,-80.81921267795371
1673,-6.800856804920635,-61.10197509162745,-58.00041025693868,-1967.1870371185155,-74.2428353101159
1674,-7.915097937005015,-59.6926611830973,-53.02060059730292,-1588.392728120088,-77.10845008448698
1675,-9.029339069089396,-58.28334727456716,-29.9946574212587,-1414.4100568894908,-63.961956909221094
1676,-10.143580201173776,-56.874033366037025,-32.22788761725113,-1381.1390014598458,-61.236529194891425
1677,-11.257821333258157,-55.46471945750689,-36.06257771367883,-1184.339293103268,-58.07259529008317
1678,-12.372062465342545,-54.055405548976736,-41.577375293265845,-1164.4173214400073,-52.2740114508415
1679,-13.486303597426932,-52.6460916404466,-59.97996186822832,-1164.2147564015054,-64.99524600839754
1680,-14.60054472951132,-51.23677773191646,-60.06982410978709,-1179.7195753432138,-64.34415899598605
1681,-15.714785861595693,-49.82746382338631,-58.862978952399466,-1058.3291118275104,-55.81185116422252
1682,-16.82902699368008,-48.41814991485617,-26.723409858856883,-1172.8083876805467,-47.413284941095654
1683,-17.943268125764455,-47.008836006326035,-30.339019833212987,-1408.092571076778,-54.167998842615845
1684,-19.057509257848842,-45.5995220977959,-42.23228619156929,-1167.1502064027704,-49.68808951666931
1685,-20.17175038993323,-44.19020818926576,-46.32549096765174,-1422.0660578453171,-56.179114751553044
1686,-21.285991522017603,-42.78089428073562,-60.75306343311546,-1094.8030948386993,-37.20792900430567
1687,-22.40023265410199,-41.37158037220547,-75.76208336367114,-1862.7367964500045,-39.17717069333018
1688,-23.514473786186365,-39.962266463675334,-47.4505457649357,-887.7064870435938,-22.676831841024416
1689,-24.628714918270752,-38.5529525551452,-31.241483499893377,-646.7066775963202,-10.088669598715867
1690,-25.74295605035514,-37.14363864661506,-35.59259297169119,-699.1105296463621,-22.619081552833567
1691,-26.857197182439513,-35.73432473808492,-56.68632388952774,-1399.8241965771251,-52.800341993353975
1692,-27.9714383145239,-34.32501082955477,-61.40438111675865,-1441.3002934791089,-47.51905081116145
1693,-29.085679446608275,-32.91569692102463,-84.54691495993194,-6638.081946377692,-156.89792106815983
1694,-30.199920578692662,-31.506383012494496,-25.099330897994818,6943.147351498135,165.71076891827838
1695,-31.31416171077705,-30.09706910396436,-33.545215198804144,-3020.386340872937,-69.23643153355476
1696,-32.42840284286142,-28.68775519543422,-30.993247633135127,-3147.6130277796656,-74.30216318304718
1697,-33.54264397494581,-27.278441286904084,-60.32726285996358,1014.2469180019298,37.214237693768226
1698,-34.656885107030185,-25.869127378373932,-49.37996188979595,1655.7511270587395,52.8476048295753
1699,-35.77112623911457,-24.459813469843795,-41.615155005541496,1766.246780494989,53.19588044956364
1700,-36.885367371198946,-23.050499561313657,-0.7531461154383976,2907.441961044189,86.50781243352358
1701,-37.99960850328333,-21.64118565278352,-17.33269248810838,2253.9533361151457,71.25136225114512
1702,-39.11384963536772,-20.231871744253382,-69.00567725815971,1442.3303661522898,58.52039435302764
1703,-40.228090767452095,-18.822557835723245,-50.69936493134824,1295.928089464251,49.323449692660475
1704,-41.34233189953648,-17.413243927193093,-30.053790572660304,1054.6179793556962,45.98999027456024
1705,-42.456573031620856,-16.003930018662956,-39.41280106461814,1971.261593182954,54.8474166994669
1706,-43.57081416370524,-14.594616110132819,-57.34255306633936,1584.5617403295155,61.69190716319765
1707,-44.68505529578963,-13.185302201602681,-61.14439152834505,939.1999152431144,58.53016913920009
1708,-45.799296427874005,-11.775988293072544,-49.59136569109879,1084.5347069604225,42.792764938463456
1709,-46.91353755995839,-10.366674384542392,-30.329945098540676,1254.6381652268267,37.2171393597006
1710,-48.027778692042766,-8.95736047601227,-33.533812430855015,956.7414647018547,32.95621474595087
1711,-49.14201982412715,-7.5480465674821176,-46.25930730906022,900.0702254706134,43.98584707094521
1712,-50.25626095621154,-6.138732658951966,-45.74930958609728,892.6994406047622,45.04915303690771
1713,-51.370502088295915,-4.729418750421843,-46.27073958416639,1218.7132300023525,58.37755232879231
1714,-52.4847432203803,-3.320104841891691,-37.030295836763656,1116.3131686323795,59.97673774697543
1715,-53.598984352464676,-1.910790933361568,-36.28194590928334,1302.6172806561126,68.88198359619041
1716,-54.71322548454906,-0.5014770248314164,-36.206060089853736,1333.832759863503,57.53152414992374
1717,-55.82746661663345,0.9078368836987067,-34.65016655505865,1346.734844454158,61.52978669108248
1718,-56.941707748717825,2.3171507922288583,-23.35713805770984,1237.2347847396052,62.07238396821099
1719,-58.05594888080221,3.72646470075901,-26.368508861106108,1276.4335487456106,69.49885144507985
1720,-59.170190012886586,5.135778609289133,-25.81079588134693,1092.6918644780408,70.63246673630901
1721,-60.28443114497097,6.545092517819285,-32.627433737415615,1257.92564119245,72.43714669191942
1722,-61.39867227705536,7.954406426349408,-35.15142601086889,1217.8504983979346,78.21386286481389
1723,-62.512913409139735,9.36372033487956,-34.822331214617215,1481.2176004111898,89.08420868982752
1724,-63.62715454122412,10.773034243409711,-34.095301425055304,1295.0876794269982,89.15537556290772
1725,-64.74139567330849,12.182348151939834,-34.6697771343688,1411.614684308799,88.51412187352028
1726,-65.85563680539289,13.591662060469986,-25.806987484662613,1941.5522523280372,93.42530711821848
1727,-66.96987793747726,15.000975969000109,-26.223164412317345,1688.3464153449604,92.93120495752292
1728,-68.08411906956164,16.41028987753026,-18.655925814139522,1568.231668358633,78.47852992175766
1729,-69.19836020164604,17.819603786060412,-15.118206002284051,1441.159013689838,63.42620049117312
1730,-70.31260133373041,19.228917694590535,-15.220062019199425,1388.4356291091167,68.58571664412102
1731,-71.42684246581479,20.638231603120687,-15.855144558869732,1368.2927949272153,70.33761917482293
1732,-72.54108359789916,22.04754551165081,-15.704683496612411,1342.9088219188052,71.107667436217
1733,-73.65532472998356,23.45685942018096,-14.697973795222818,1339.3587071198178,75.60991068541772
1734,-74.76956586206794,24.866173328711085,-17.05942207351405,827.8922896934139,79.11208707474019
1735,-75.88380699415231,26.275487237241236,-19.705353864568288,1080.571942337957,97.65542897112408
1736,-76.99804812623668,27.684801145771388,-16.45616183861889,1098.3760722147617,98.72399075151878
1737,-78.11228925832108,29.09411505430154,-16.261969050945048,1075.606809503762,98.7915309980001
1738,-79.22653039040549,30.50342896283169,-13.496087384694505,1062.5872615799824,99.90253679331492
1739,-80.34077152248986,31.912742871361814,-8.175930631923116,1232.1729118446676,101.516388932948
1740,-81.45501265457423,33.322056779891966,-10.777795131082542,1280.8240734231752,100.72712185227104
1741,-82.56925378665863,34.73137068842209,-11.231052406976584,1141.4053389286855,97.14457958236663
1742,-83.68349491874301,36.14068459695224,-11.201361351939292,1113.1985659637326,97.2601682798824
1743,-84.79773605082738,37.54999850548239,-11.382850114277451,1031.051569511124,97.21904211094238
1744,-85.91197718291176,38.959312414012516,-12.644159389554492,959.3306290554765,91.85013997492212
1745,-87.02621831499616,40.36862632254267,-12.56433740874034,934.355456646784,92.1585523146473
1746,-88.14045944708053,41.77794023107279,-12.71835154582462,884.7375533328536,91.84554231998983
1747,-89.2547005791649,43.18725413960294,-12.83707541677177,931.179111254701,93.77634616961682
1748,-90.3689417112493,44.59656804813309,-12.744369549604265,903.9406226675937,94.04068581672648
1749,-91.48318284333368,46.00588195666322,-16.11732752489038,912.95242778881,96.32093144544534
1750,-92.59742397541805,47.41519586519337,-15.852272938062303,868.8634398722027,96.00110672124731
1751,-93.71166510750245,48.82450977372349,-15.589658441883204,840.2375191905862,96.17656152419806
1752,-94.82590623958683,50.23382368225364,-15.328248253571967,811.5919183353452,96.35142244279544
1753,-95.9401473716712,51.643137590783766,-15.526481625443935,768.2256783064328,97.30355018526109
1754,-97.05438850375558,53.05245149931392,-14.836405612567631,762.6631749336514,97.46008859830309
1755,-98.16862963583998,54.46176540784407,-15.103681467436456,729.3519429119071,97.49906065595351
1756,-99.28287076792435,55.87107931637419,-15.212355882756997,701.3895983643141,97.15379782436635
1757,-100.39711190000872,57.280393224904344,-14.481333871817279,677.7482849249957,97.44099086914314
1758,-101.51135303209313,58.68970713343447,-14.176769710667756,648.444411057149,97.56924823988123
1759,-102.6255941641775,60.09902104196462,-13.872066125555326,619.1651439811201,97.69811430315217
1760,-103.73983529626187,61.50833495049477,-13.569039738249653,589.9298134058809,97.82807621137006
1761,-104.85407642834627,62.917648859024894,-14.080925231289715,599.2233807194287,98.61315093558554
1762,-105.96831756043065,64.32696276755505,-13.371404101076866,558.8608801757405,98.68303261590516
1763,-107.08255869251502,65.73627667608517,-13.001652264037535,525.2870334491483,98.71944996638751
1764,-108.1967998245994,67.14559058461532,-12.634180341479194,489.5539778574499,98.75564276505858
1765,-109.3110409566838,68.55490449314547,-12.058209349030632,475.35821686956194,98.81237091458615
1766,-110.42528208876817,69.9642184016756,-11.724830841785959,452.96573474414004,98.84520580741274
1767,-111.53952322085254,71.37353231020575,-11.322844986304768,414.9880966047286,98.8847979292673
1768,-112.65376435293695,72.78284621873587,-11.000986580886945,377.1713413212231,98.91649819193437
1769,-113.76800548502132,74.19216012726602,-10.561603219782373,338.303996464948,98.959773643885
1770,-114.8822466171057,75.60147403579614,-10.257422274431349,299.9968834054051,98.98973282998561
1771,-115.9964877491901,77.0107879443263,-9.983053501229708,259.0853127663543,99.01675577557822
1772,-117.11072888127447,78.42010185285645,-9.82753986429929,213.16844864531825,99.03207252063142
1773,-118.22497001335884,79.82941576138657,-9.805737511049834,155.84307922812127,99.03421986341674
1774,-119.33921114544322,81.23872966991672,-9.584887386076545,103.18756539884858,99.0559716861247
1775,-120.45345227752762,82.64804357844685,-9.370805551583562,54.13580809945114,99.07705689089626
1776,-121.567693409612,84.057357486977,-9.275935919125578,9.871241845413422,99.08640072724612
1777,-120.6990500306246,85.2781088928428,-8.270764065249237,11.648125381077996,99.18540144078067
1778,-119.8304066516372,86.49886029870859,-7.27193388618186,14.109942034263327,99.283777554324
1779,-118.9617632726498,87.7196117045744,-6.244433606482064,14.671011444040062,99.3849774242317
1780,-118.0931198936624,88.9403631104402,-5.1316147575867666,15.790508784787932,99.49458043355844
1781,-117.224476514675,90.161114516306,-4.129686920163141,16.668581464306918,99.5932616395955
1782,-116.11460338904165,88.75732534749937,-4.277638630992138,57.2131040944456,99.57868967870716
1783,-115.0047302634083,87.35353617869274,-4.48364858528035,102.11346874589982,99.5583994841588
1784,-113.89485713777495,85.94974700988611,-4.656082710382662,154.41536132001212,99.54141621770836
1785,-112.7849840121416,84.54595784107947,-4.662351759934337,213.1645969380406,99.54079877067538
1786,-111.67511088650825,83.14216867227285,-4.8561289507578715,258.10323689965844,99.52171339727953
1787,-110.56523776087491,81.7383795034662,-5.175892107664991,295.9678154899574,99.49021949842651
1788,-109.45536463524155,80.33459033465958,-5.510880134202887,329.79115862637934,99.4572260819029
1789,-108.34549150960821,78.93080116585296,-5.813602492050333,366.0725569471311,99.42741055402654
1790,-107.23561838397485,77.52701199704632,-6.06889897688139,405.60029855249445,99.4022660634962
1791,-106.12574525834151,76.12322282823969,-6.442873477955255,446.98697082794484,99.36543281721373
1792,-105.01587213270815,74.71943365943305,-7.235263226488602,458.2402783195068,99.28738929639717
1793,-103.9059990070748,73.31564449062643,-7.629172266744774,491.39299335398437,99.24859267082243
1794,-102.79612588144145,71.91185532181979,-8.021553650011409,524.5601133132465,99.20994650621759
1795,-101.6862527558081,70.50806615301316,-9.198231812670318,552.5888716691578,99.0940539080967
1796,-100.57637963017476,69.10427698420654,-10.570943613771735,582.8344497241951,98.95885369605107
1797,-99.4665065045414,67.7004878153999,-10.595338810340944,612.0831673013781,98.9564509806767
1798,-98.35663337890806,66.29669864659327,-11.119900032702747,644.0418837299193,98.90478624781923
1799,-97.2467602532747,64.89290947778663,-11.645131702797883,676.0068701948167,98.8530554816723
1800,-96.13688712764136,63.489120308980006,-12.171382317487119,707.9752481579565,98.80122435831632
1801,-95.027014002008,62.08533114017337,-12.806840693835632,727.2109210898991,98.73863721718475
1802,-93.91714087637465,60.68154197136674,-13.337684793379427,758.2883959975238,98.68635367539257
1803,-92.8072677507413,59.27775280256011,-13.86901492869266,789.3654183979177,98.63402226329066
1804,-91.69739462510796,57.87396363375348,-14.400881934114453,820.4417370057336,98.58163797413737
1805,-90.5875214994746,56.47017446494685,-14.933050731282483,851.5179339679339,98.52922396111333
1806,-89.47764837384125,55.06638529614022,-13.72152656989231,791.0075166831625,96.52754064869175
1807,-88.3677752482079,53.662596127333586,-13.82693961836552,824.3687543327103,96.2825419860489
1808,-87.25790212257455,52.258806958526954,-14.242866036006289,850.5901544670648,96.11373870989725
1809,-86.1480289969412,50.85501778972033,-14.65937412364417,876.8326477249302,95.94546272763753
1810,-85.03815587130785,49.451228620913696,-17.10943686804392,849.1681660047868,94.14364886494214
1811,-83.9282827456745,48.04743945210706,-17.611599794552994,873.0762403031167,93.90388991796112
1812,-82.81840962004115,46.643650283300424,-16.615456486363648,914.8839957902227,95.16189244677615
1813,-81.70853649440781,45.23986111449379,-14.897514097950225,1059.5632224523329,100.16482442355874
1814,-80.59866336877445,43.836071945687166,-14.267616794592607,1047.2996903356293,97.13101615389164
1815,-79.4887902431411,42.432282776880534,-12.816863181008719,1106.506677384424,95.54910289894144
1816,-78.37891711750775,41.0284936080739,-13.081113539269246,1134.97491785897,95.37478440873501
1817,-77.2690439918744,39.62470443926727,-8.755735792771953,1075.7533672253212,90.40998234832772
1818,-76.15917086624106,38.22091527046064,-8.865891714810964,1101.0996742526222,90.06641260763463
1819,-75.0492977406077,36.81712610165401,-8.51561720376564,1188.8298862768866,92.56262902709554
1820,-73.93942461497434,35.41333693284738,-8.299355854762709,1114.268148744334,90.00093675387693
1821,-72.829551489341,34.00954776404075,-4.566029970419141,1064.215466032432,89.40180159496724
1822,-71.71967836370766,32.60575859523412,-4.546143225360744,1086.0447457723549,89.06531627116624
1823,-70.6098052380743,31.201969426427482,-7.1419815314232835,1008.5329874780605,87.29404777801942
1824,-69.49993211244094,29.798180257620857,-5.476692986360362,1114.7300802462614,88.43695378859104
1825,-68.39005898680759,28.394391088814217,-5.481230316544455,1136.0084170101475,88.09947387488788
1826,-67.28018586117425,26.99060192000759,-9.601270508211137,1034.877177564355,86.54180659455588
1827,-66.1703127355409,25.586812751200966,-11.106619486293159,1057.0477851718013,100.27916416516169
1828,-65.06043960990755,24.183023582394327,-11.272587774188239,1074.8366926936606,100.21976005022647
1829,-63.9505664842742,22.7792344135877,-11.224507813394737,1106.0274675023256,100.20243439190374
1830,-62.84069335864085,21.375445244781062,-13.060888059364046,940.156169821074,76.26549612243335
1831,-61.7308202330075,19.971656075974437,-13.246299302704259,954.3281141006162,75.6452053573275
1832,-60.62094710737415,18.56786690716781,-14.308645351870993,948.4166415249032,73.19452875566851
1833,-59.5110739817408,17.164077738361172,-11.516971765695779,1578.0792130273771,66.13122922333085
1834,-58.40120085610745,15.760288569554547,-10.52155400287021,1366.3689239225114,60.10214812673168
1835,-57.291327730474094,14.356499400747907,-14.733252837791813,1176.1418273776171,49.629789772116325
1836,-56.18145460484075,12.952710231941282,-13.774059531714613,1533.386308449953,60.498407749088756
1837,-55.0715814792074,11.548921063134657,-14.714804624700289,1578.7645674626926,61.9580345267982
1838,-53.961708353574046,10.145131894328017,-26.193396754381496,1418.6828820293408,90.77539377059489
1839,-52.8518352279407,8.741342725521392,-32.15231618939697,1444.099783531861,89.3840965454052
1840,-51.74196210230734,7.337553556714752,-25.944907599597897,812.5306381654203,73.21534268622435
1841,-50.632088976674,5.933764387908113,-30.439899478875063,1107.1244982547432,67.19831190072455
1842,-49.522215851040656,4.5299752191014875,-27.00739276306262,1315.4386507354711,67.17117768718707
1843,-48.4123427254073,3.126186050294848,-22.449273035759674,1203.41309047814,68.51463533096347
1844,-47.30246959977394,1.7223968814882227,-18.0243332291964,1282.2105168550327,58.018197933320344
1845,-46.1925964741406,0.31860771268158317,-26.280916755004522,1011.1454386331857,48.465251430751486
1846,-45.082723348507244,-1.0851814561250421,-33.606787922763544,1453.4285924417986,54.93463191146439
1847,-43.9728502228739,-2.4889706249316674,-33.96399417930621,1197.239873117955,58.69128971307674
1848,-42.862977097240545,-3.892759793738307,-36.48064253198707,891.3883886556052,35.76344217674652
1849,-41.7531039716072,-5.296548962544932,-36.93732770829959,898.6548836487009,34.65438460652466
1850,-40.64323084597385,-6.700338131351572,-43.97718775839979,957.7886269665441,41.48176876552782
1851,-39.533357720340504,-8.104127300158197,-30.01278839764158,1019.2521582994889,29.51146461680569
1852,-38.42348459470715,-9.507916468964822,-30.667425935123184,821.2557433702423,22.654618999927678
1853,-37.31361146907379,-10.911705637771462,-24.967116277384527,941.1637728993542,34.97673253638065
1854,-36.20373834344045,-12.315494806578087,-55.283205142948546,1688.792817535114,62.12386422017373
1855,-35.09386521780709,-13.719283975384727,-30.86691146006914,1052.6057400288619,56.16610154967171
1856,-33.98399209217375,-15.123073144191352,-28.142010352455458,737.8995947901876,39.23357658438355
1857,-32.874118966540394,-16.526862312997977,-49.944516264684125,1358.6865338696068,49.45515120152007
1858,-31.76424584090705,-17.930651481804617,-15.4568373833322,2344.6609397695124,62.158070162119095
1859,-30.654372715273695,-19.334440650611242,6.065627173460271,3101.0396697551905,90.25714995780939
1860,-29.54449958964034,-20.73822981941788,-37.793105703890646,1875.5766868872106,54.57395652136576
1861,-28.434626464006996,-22.142018988224507,-56.71890185155815,861.3663058856828,32.26231894171993
1862,-27.324753338373654,-23.545808157031132,-35.14285588566588,-4650.566682001273,-111.12297925778888
1863,-26.214880212740297,-24.949597325837757,-21.3966822428644,-2001.98608010175,-46.25009724134046
1864,-25.10500708710694,-26.35338649464441,-30.43698484605902,2206.1948513274683,52.37782946979728
1865,-23.9951339614736,-27.757175663451036,-58.458596184938045,-1555.9532206301144,-50.21381023492234
1866,-22.885260835840242,-29.160964832257662,-58.690690798832826,-1548.6529041061083,-50.99181478281983
1867,-21.7753877102069,-30.564754001064287,-24.860520641831044,-561.0601905149962,-18.72614698369335
1868,-20.665514584573557,-31.968543169870912,-31.993833559869287,-194.8720716684614,0.41298993308799936
1869,-19.555641458940187,-33.372332338677566,-43.83496526112271,-702.6301703055572,-16.039192451069184
1870,-18.445768333306845,-34.77612150748419,-57.76055749231838,-901.710252859485,-27.836596952691195
1871,-17.335895207673488,-36.17991067629082,-47.19342909402917,-1008.4635632468219,-37.72677811438032
1872,-16.226022082040146,-37.58369984509744,-24.7877064415503,-1054.9407152195672,-43.84138476129894
1873,-15.116148956406803,-38.98748901390407,-26.80496821285844,-1607.6479812769858,-61.76167436558448
1874,-14.006275830773433,-40.391278182710735,-42.72497705079574,-676.1687209217963,-40.518021245004846
1875,-12.89640270514009,-41.795067351517346,-55.658816740162735,-1161.853036705362,-57.50437430996174
1876,-11.786529579506748,-43.198856520323986,-46.339068240981454,-863.193019492203,-35.48294716841514
1877,-10.676656453873392,-44.6026456891306,-38.40138258603392,-1075.252078388955,-49.600993242662014
1878,-9.56678332824005,-46.006434857937236,-27.73416006793842,-1262.0402469255955,-54.09540613609847
1879,-8.456910202606693,-47.410224026743876,-31.353202769796496,-1013.8864591597368,-47.29781517382848
1880,-7.347037076973336,-48.814013195550515,-39.3552239739389,-1288.8963768203814,-46.66259755977855
1881,-6.237163951339994,-50.21780236435713,-54.937778774220476,-2243.804017681392,-76.30141050878193
1882,-5.127290825706652,-51.621591533163766,-59.997683456001454,-2132.1999404526623,-83.7645048731514
1883,-4.017417700073295,-53.02538070197038,-61.48171737447187,-1584.4698756721182,-81.95620361481738
1884,-2.907544574439939,-54.429169870777045,-61.95782384767631,-1497.3428438597196,-81.37606597518487
1885,-1.7976714488065966,-55.832959039583656,-51.247755840814605,-1159.352042882358,-72.4897341377258
1886,-0.6877983231732401,-57.236748208390296,-35.31432394377053,-1754.4403091398349,-52.34037737075463
1887,0.4220748024601022,-58.64053737719691,-29.812103483964762,-1305.1781078599395,-38.90384384710043
1888,1.5319479280934445,-60.044326546003546,-33.02304302541464,-1457.0518315495444,-47.42055998468581
1889,2.641821053726815,-61.448115714810186,-32.187147477359844,-1469.978075840943,-49.73539060729553
1890,3.7516941793601575,-62.851904883616825,-41.21419116888978,-606.5015183399439,-47.93636669087626
1891,4.8615673049935,-64.25569405242344,-50.764370782396526,-769.0090278035813,-60.94999301458937
1892,5.971440430626856,-65.65948322123008,-50.6484191982787,-752.3572985283008,-61.64288050732077
1893,7.0813135562601985,-67.06327239003669,-50.532749213054494,-735.6967568045266,-62.33652943742937
1894,8.19118668189357,-68.46706155884335,-49.0427157182345,-968.9730947250068,-66.99072499542974
1895,9.301059807526912,-69.87085072764997,-53.01256905324161,-1001.7735142885556,-79.94934715607366
1896,10.410932933160254,-71.2746398964566,-51.02495145914487,-569.6300323244584,-68.07751725067598
1897,11.52080605879361,-72.67842906526322,-51.18986254977986,-723.4493656222367,-74.99135196240437
1898,12.630679184426938,-74.08221823406986,-49.73275443149693,-884.7594210679588,-76.08254462209791
1899,13.740552310060323,-75.4860074028765,-51.21450256162641,-782.6061615340841,-74.58647162157425
1900,14.850425435693651,-76.88979657168314,-49.46403542314367,-961.0765499551984,-77.63613869478988
1901,15.960298561327008,-78.29358574048977,-49.34191714760607,-934.2247548593552,-77.99368995505584
1902,17.070171686960364,-79.69737490929639,-49.21976387366398,-907.3634150417496,-78.35081363151889
1903,18.180044812593692,-81.10116407810303,-49.097562528103225,-880.4917212968342,-78.70746064666291
1904,19.289917938227077,-82.50495324690966,-48.97529719019528,-853.6091446032297,-79.06359010953634
1905,20.399791063860405,-83.9087424157163,-47.142386598844205,-788.1584740605306,-78.09046552604681
1906,21.509664189493762,-85.31253158452292,-47.53743830364222,-787.0065334032068,-78.72472578476031
1907,22.61953731512712,-86.71632075332955,-47.44805437335207,-760.5511121264469,-79.10765150585253
1908,23.729410440760446,-88.12010992213617,-44.764236521839315,-666.144856728189,-78.77700526026062
1909,24.839283566393803,-89.52389909094283,-44.761012289161584,-641.8258705807829,-79.17554743065271
1910,25.94915669202716,-90.92768825974944,-44.75777892110398,-617.4936034093306,-79.5743171784767
1911,27.059029817660516,-92.33147742855608,-46.65445537062714,-684.301486260507,-85.34753741014832
1912,28.168902943293844,-93.7352665973627,-47.76388212704834,-584.8850886439118,-83.26618623192249
1913,29.2787760689272,-95.13905576616934,-47.61708132467077,-559.9307477237633,-83.52834168338597
1914,30.388649194560557,-96.54284493497597,-47.47011384511362,-534.9895336392851,-83.79140687341734
1915,31.498522320193914,-97.94663410378261,-47.322950006629156,-510.06335375136047,-84.05549887340416
1916,32.60839544582727,-99.35042327258923,-45.15450708562321,-521.7236298172635,-85.49045257515817
1917,33.7182685714606,-100.75421244139586,-45.11203090349892,-494.9722768189284,-85.69502084253261
1918,34.828141697093955,-102.15800161020248,-45.06974087115357,-468.23818637874473,-85.90066895241736
1919,35.93801482272731,-103.56179077900914,-46.10233594616428,-476.38898057009163,-86.3493524540251
1920,37.04788794836067,-104.96557994781575,-47.267188411505444,-464.7841219490891,-87.57796810728718
1921,38.157761073993996,-106.3693691166224,-47.07698519496648,-434.35394214738847,-87.67963389718523
1922,39.26763419962735,-107.773158285429,-45.81035197989453,-387.55816369915783,-88.35666380585097
1923,40.37750732526071,-109.17694745423564,-46.73519307603405,-371.21254044451575,-87.86232568539178
1924,41.487380450894065,-110.58073662304228,-44.996132492628504,-386.2742215494621,-88.79187341391902
1925,42.59725357652742,-111.98452579184892,-45.42885975121243,-343.8724140234856,-88.56057575578869
1926,43.70712670216075,-113.38831496065553,-45.31854438731735,-310.64542865319544,-88.61954057674359
1927,44.816999827794106,-114.79210412946217,-44.55760320895121,-293.15832363186996,-89.02627232067623
1928,45.92687295342746,-116.19589329826879,-44.79087892431086,-259.42983214584274,-88.9015837886019
1929,47.03674607906082,-117.59968246707545,-43.82982891026736,-279.3685080140068,-89.41527598890798
1930,48.146619204694176,-119.00347163588206,-43.89791589124451,-235.08611971788193,-89.37888272054603
1931,49.256492330327504,-120.4072608046887,-43.91156851717408,-195.5315216049987,-89.37158523617867
1932,50.36636545596086,-121.81104997349532,-44.07356814289109,-145.42170104441297,-89.28499458744314
1933,51.47623858159422,-123.21483914230195,-44.129288619914085,-101.3997578112644,-89.25521135657505
1934,52.58611170722757,-124.6186283111086,-44.08148707394248,-63.19453535122852,-89.28076182842284
1935,53.6959848328609,-126.02241747991523,-44.21132613554535,-16.487706559509462,-89.21136136823262
1936,54.80585795849426,-127.42620664872184,-44.347529229632556,31.1403891462469,-89.13855926005122
1937,55.915731084127614,-128.82999581752847,-44.4279792023596,78.22090116498278,-89.09555783150866
1938,57.02560420976094,-130.23378498633514,-44.49455278954968,129.7308164421055,-89.05997348939717
1939,58.13547733539433,-131.63757415514175,-44.65067745909245,184.95378523472402,-88.97652307178359
1940,59.245350461027655,-133.04136332394836,-44.804091501713614,240.0577232985333,-88.8945215151941
1941,60.355223586661,-134.445152492755,-44.93960724443226,297.151154196327,-88.82208680416343
1942,61.6705947136634,-133.7894310525538,-44.06026011364811,296.132161629543,-89.29210788094882
1943,62.9859658406658,-133.1337096123526,-43.1113537555345,290.96747897634486,-89.79930915857324
1944,64.3013369676682,-132.4779881721514,-42.26707137893571,294.883854465873,-90.25058772407672
1945,65.6167080946706,-131.8222667319502,-41.34091466720458,292.7845051024311,-90.74562905608371
1946,66.932079221673,-131.166545291749,-40.433633840070186,292.4392972831382,-91.21819412267928
1947,65.81692735383002,-129.75607946687452,-40.18677768216805,229.64559466362542,-91.36252844595374
1948,64.70177548598703,-128.34561364200002,-39.99817537579401,174.70285301159333,-91.4617106065951
1949,63.586623618144046,-126.93514781712553,-39.8460747718768,120.37170310168821,-91.54703376360209
1950,62.471471750301056,-125.52468199225105,-39.788638948131464,71.87774387720249,-91.57747072051328
1951,61.35631988245807,-124.11421616737655,-39.772593132941566,24.231111491493664,-91.55099434477819
1952,60.241168014615084,-122.70375034250206,-39.84402707419089,-21.483300465235914,-91.439544464134
1953,59.126016146772095,-121.29328451762757,-39.84370703195017,-67.1052959940028,-91.30984176652429
1954,58.010864278929105,-119.88281869275308,-39.87548013232876,-112.51898982391334,-91.19792198436072
1955,56.895712411086116,-118.47235286787858,-40.23168902931037,-158.5441898414341,-90.93011339982107
1956,55.78056054324313,-117.06188704300409,-40.32465647119089,-166.5607639380173,-90.71853846814378
1957,54.665408675400144,-115.6514212181296,-40.423619169278844,-204.5202191154471,-90.56898115257158
1958,53.550256807557155,-114.24095539325512,-40.52480930968053,-242.52482673002433,-90.41704421277603
1959,52.435104939714165,-112.83048956838063,-40.62774399514461,-280.56840575990856,-90.26321216448717
1960,51.31995307187118,-111.42002374350614,-40.14519709424926,-355.9613100912986,-90.762569584864
1961,50.20480120402819,-110.00955791863164,-40.57435043747503,-352.3583003604496,-90.1795641128356
1962,49.089649336185204,-108.59909209375715,-40.65054021313053,-390.05908384912027,-90.04720215871684
1963,47.97449746834222,-107.18862626888266,-40.6762157742218,-422.86509604342416,-90.11440322133177
1964,46.859345600499225,-105.77816044400817,-41.277002058825474,-460.8903777740335,-89.8199589727826
1965,45.74419373265624,-104.36769461913369,-41.39938053863193,-498.19977749784863,-89.68534235193636
1966,44.62904186481326,-102.9572287942592,-41.521474980832224,-535.5190889927935,-89.5509404220485
1967,43.51388999697026,-101.5467629693847,-42.67406613165485,-486.09510321868584,-90.03304438399876
1968,42.39873812912728,-100.13629714451021,-42.85787039197168,-516.9627645382419,-89.9347989092283
1969,41.2835862612843,-98.72583131963572,-43.04169354580761,-547.8837013088645,-89.83654333565646
1970,40.1684343934413,-97.31536549476122,-43.22541831760524,-578.8508731486892,-89.73834034840671
1971,39.05328252559832,-95.90489966988673,-43.58223439310916,-611.2513407872392,-89.54761808395452
1972,37.93813065775533,-94.49443384501225,-43.776162342007446,-642.3686799908438,-89.44396138210269
1973,36.82297878991234,-93.08396802013775,-43.969899514095644,-673.5213500307462,-89.34040665263315
1974,35.70782692206936,-91.67350219526327,-45.03217281179069,-578.4377309816332,-88.77260945202373
1975,34.59267505422637,-90.26303637038876,-45.26416677442674,-604.1161743148688,-88.64860603140811
1976,33.47752318638338,-88.85257054551428,-45.81242677694325,-605.6681177684022,-88.35555480315053
1977,32.36237131854039,-87.44210472063979,-46.05686387236611,-630.4217395526573,-88.22490038605501
1978,31.247219450697408,-86.0316388957653,-43.7905047360815,-457.56307579524906,-82.54835205056936
1979,30.132067582854418,-84.62117307089082,-43.66490834574523,-661.1814809821931,-83.88774625657335
1980,29.01691571501143,-83.21070724601631,-43.8019598666847,-684.8472867591739,-83.59663981682728
1981,27.901763847168446,-81.80024142114183,-43.939268867720024,-708.5224860999477,-83.30611456567864
1982,26.78661197932545,-80.38977559626733,-44.07688742439838,-732.2075216336171,-83.01607089508587
1983,25.671460111482467,-78.97930977139285,-46.07381701443973,-781.4845012440231,-83.16132367582497
1984,24.556308243639478,-77.56884394651836,-44.7862336823316,-734.937094974907,-81.70560694358636
1985,23.44115637579649,-76.15837812164386,-44.67847788356485,-855.4141241533353,-83.19315524638264
1986,22.326004507953506,-74.74791229676939,-44.825823153602286,-880.5480250360197,-82.93306357621032
1987,21.210852640110517,-73.33744647189488,-41.22426093223722,-781.1608615976313,-76.56773547449724
1988,20.095700772267527,-71.9269806470204,-41.258792511502456,-802.7523642361423,-76.12445037299474
1989,18.980548904424538,-70.5165148221459,-42.29089785438789,-867.2939733469333,-77.1309967242383
1990,17.865397036581548,-69.10604899727142,-37.64142449604136,-816.9085902247007,-68.72275496757698
1991,16.750245168738573,-67.69558317239694,-34.73640293953635,-718.9029251967481,-61.61452232159189
1992,15.635093300895583,-66.28511734752243,-34.60437320855388,-736.9062513029763,-60.84330671733791
1993,14.519941433052594,-64.87465152264794,-35.12657426753668,-919.6140250269875,-64.95870179158473
1994,13.404789565209605,-63.464185697773445,-44.95869446666334,-1136.232721758905,-77.07160987999093
1995,12.289637697366615,-62.05371987289895,-45.14160815311263,-1016.13141163338,-76.04317315302792
1996,11.174485829523633,-60.643254048024474,-45.24066255006286,-1038.6104876445993,-75.64685288965637
1997,10.059333961680643,-59.23278822314998,-49.95925876185527,-766.2837965061299,-68.62211475918708
1998,8.944182093837654,-57.82232239827549,-49.05772554172792,-708.5760225947384,-64.32468481811723
1999,7.829030225994664,-56.411856573400996,-48.02512389100062,-701.5390620845518,-66.22959258938069
2000,6.713878358151675,-55.001390748526504,-45.043722670091725,-536.3057754550988,-50.494992894201204
2001,5.598726490308692,-53.590924923652025,-48.31996600636897,-572.741119114048,-54.51149596122548
2002,4.483574622465703,-52.18045909877752,-47.35230371182763,-894.6192405909046,-59.65233777676693
2003,3.3684227546227135,-50.769993273903026,-37.65915586238986,-601.3258492350295,-46.7432834345894
2004,2.253270886779731,-49.35952744902853,-35.14819772136428,-538.4906705984761,-39.86967338814346
2005,1.1381190189367345,-47.94906162415404,-33.88411725418077,-487.9919199243549,-38.04528258002241
2006,0.022967151093752136,-46.53859579927956,-23.187200189007775,-1503.5657699768428,-34.678555116270935
2007,-1.0921847167492302,-45.12812997440507,-30.475817086918077,-815.9560547942261,-47.76705975682614
2008,-2.207336584592227,-43.71766414953058,-33.56466496509797,-1215.1559069840384,-56.69623241969503
2009,-3.322488452435209,-42.307198324656085,-60.060324797049674,-1713.03499041051,-83.68817614883355
2010,-4.4376403202781916,-40.896732499781606,-59.480450860363234,-1809.4264883048502,-84.3947548572671
2011,-5.552792188121188,-39.486266674907114,-50.38008668592184,-1791.8705548896014,-76.99251640072073
2012,-6.6679440559641705,-38.07580085003262,-34.40968290779506,-1443.777897862463,-45.27140364660113
2013,-7.783095923807167,-36.66533502515813,-29.15589393659129,-1041.674856705581,-35.4663821028455
2014,-8.89824779165015,-35.254869200283636,-30.14993415466632,-1103.5962121273676,-42.21765959950078
2015,-10.013399659493132,-33.844403375409144,-42.275329636554886,-950.5806287085697,-34.18064564445854
2016,-11.128551527336114,-32.43393755053465,-38.867990119313184,-730.3822917255759,-38.395558657837064
2017,-12.24370339517911,-31.02347172566016,-38.30741117293137,-743.2804957631292,-39.90085190185455
2018,-13.358855263022107,-29.613005900785666,-18.954429498076806,-1145.7374096995477,-44.60939202213843
2019,-14.47400713086509,-28.202540075911173,-42.09786184604229,-1047.9454431940105,-34.43290798802063
2020,-15.589158998708072,-26.792074251036695,-38.59497667693927,-779.5761969032094,-26.681960348966744
2021,-16.704310866551054,-25.381608426162202,-27.069542004610867,-210.00844674302346,1.7203990249311296
2022,-17.81946273439405,-23.97114260128771,-19.412751708558417,-603.4525359171557,-18.929551448663464
2023,-18.934614602237033,-22.560676776413217,-25.974473593829345,-501.3433292260532,-16.320046785008614
2024,-20.04976647008003,-21.150210951538725,-17.555779999087704,3678.746963430451,83.59441184706473
2025,-21.164918337923012,-19.739745126664246,-16.84351843690797,-383.81178680256085,-4.7711949881457
2026,-22.280070205765995,-18.329279301789754,-37.47444761685418,874.8227299433438,22.98845101385145
2027,-23.395222073608977,-16.91881347691526,-33.94711292212466,1984.839647795068,56.03614608016676
2028,-24.510373941451974,-15.508347652040769,1.1398904743683573,2145.476504380791,43.79435458165698
2029,-25.625525809294956,-14.097881827166276,-30.382313121126884,949.4712049188952,39.516986061543705
2030,-26.740677677137953,-12.687416002291783,-18.27896433424433,496.22787405546615,34.9723827701536
2031,-27.855829544980935,-11.27695017741729,-26.949890033841065,1108.6587121124617,56.33375204015239
2032,-28.97098141282393,-9.866484352542798,-16.75608674369191,1071.2900487607665,38.1414284018137
2033,-30.086133280666914,-8.456018527668306,-27.128126253390185,865.5300831526279,18.897609342052363
2034,-31.20128514850991,-7.045552702793813,-26.335667159245766,804.2925688106234,25.953072818160344
2035,-32.31643701635289,-5.635086877919321,-33.34114556718092,665.0673102447348,23.252115356331785
2036,-33.43158888419586,-4.2246210530448565,-33.994836603929315,950.3729058097165,31.6078758520092
2037,-34.54674075203886,-2.814155228170364,-35.40536482880947,744.1828239242548,21.20018378567992
2038,-35.66189261988184,-1.4036894032958571,-24.937049259266352,734.5496270686883,40.20708854517346
2039,-36.77704448772484,0.006776421578621239,-23.38385195116387,832.4935151924981,46.92514741578189
2040,-37.89219635556782,1.417242246453128,-12.247419307080143,1126.2159357391479,55.77931054137842
2041,-39.007348223410816,2.8277080713276064,-19.228128516562325,1003.9759623375854,66.74573331677537
2042,-40.1225000912538,4.238173896202113,-16.761535472493016,988.0808842593138,62.64682071241649
2043,-41.237651959096794,5.6486397210765915,-23.062349188713807,877.0105242560911,71.57991048488134
2044,-42.35280382693978,7.059105545951098,-15.321082592129255,1122.034560361638,63.29077192566969
2045,-43.46795569478277,8.469571370825577,-14.850897727561719,1121.4290039929897,61.44755624805309
2046,-44.58310756262574,9.880037195700055,-10.634195876329315,1440.9727144774165,51.31463225334332
2047,-45.69825943046874,11.290503020574562,-8.669100821582315,896.0405793455064,51.10693487672638
2048,-46.81341129831172,12.70096884544904,-8.172124604206868,886.395152601997,55.941249644417454
2049,-47.92856316615472,14.111434670323547,-9.563066932716701,1090.6323283081,71.7590366710426
2050,-49.0437150339977,15.521900495198025,-9.376036626577019,1076.4408016568846,72.37622820514045
2051,-50.158866901840696,16.932366320072532,-9.18909835029369,1062.240332270364,72.99433610232651
2052,-51.27401876968368,18.34283214494701,-14.311528082400539,765.4940829434029,64.32641385883694
2053,-52.389170637526675,19.753297969821517,-18.449817752680456,869.2271700899273,77.9746747747443
2054,-53.50432250536966,21.163763794695996,-16.444720952598022,1003.1045619676773,78.74392823093326
2055,-54.619474373212626,22.574229619570474,-4.826302790502218,1136.2506525627632,81.73895316848252
2056,-55.73462624105562,23.984695444444952,-4.728513300220207,1118.903082470837,82.16984955440793
2057,-56.849778108898605,25.39516126931946,-2.330580366843993,1185.490035813301,85.17471381308371
2058,-57.9649299767416,26.805627094193966,-2.2749829585823065,1166.5143116794113,85.55308245491973
2059,-59.08008184458458,28.216092919068444,-3.706052659130478,1235.1663145824161,85.6694380594879
2060,-60.19523371242758,29.62655874394295,-3.2059681669514397,1130.444562245682,83.69207733589755
2061,-61.31038558027058,31.03702456881743,-4.533131802097774,1038.8529350688568,77.46982294542157
2062,-62.425537448113545,32.447490393691936,-4.429375785738898,1020.6375971187626,78.04586718146288
2063,-63.54068931595654,33.857956218566414,-6.520579177486528,949.4193513271377,74.37587537444296
2064,-64.65584118379954,35.26842204344092,-13.952493946699713,1156.0696184979033,86.99564011978198
2065,-65.7709930516425,36.67888786831537,-21.345911787357885,1103.4834955251742,87.32542227435768
2066,-66.8861449194855,38.08935369318988,-18.365153887268036,1154.0334634712872,91.77999718050611
2067,-68.0012967873285,39.499819518064356,-20.088271091751917,1117.93880888463,92.77550084513639
2068,-69.11644865517147,40.91028534293886,-19.287780470447473,1100.4941551800944,93.1727795218187
2069,-70.23160052301446,42.32075116781334,-18.721401952057498,1076.589914334158,93.38394429319828
2070,-71.34675239085746,43.73121699268785,-18.1556363884825,1052.702895874172,93.59547270739446
2071,-72.46190425870046,45.141682817562355,-17.59046390827978,1028.832891938337,93.80735821879142
2072,-73.57705612654343,46.55214864243683,-17.02588561668947,1004.9798539071801,94.01959991670218
2073,-74.69220799438642,47.96261446731134,-16.46196688877953,981.1475622177022,94.23226708359576
2074,-75.80735986222939,49.37308029218579,-17.046053108312883,1037.27968836565,98.32111154509269
2075,-76.92251173007239,50.7835461170603,-16.415715049431054,1009.8784160882617,98.38319437934295
2076,-78.03766359791538,52.194011941934775,-15.785230673080004,982.474042498574,98.44529162459555
2077,-79.15281546575835,53.60447776680928,-15.154579788890606,955.0661231221732,98.50740526942674
2078,-80.26796733360135,55.01494359168376,-15.505432681271609,956.6115886243691,98.4728493011538
2079,-81.38311920144434,56.42540941655827,-13.797531955618583,932.0714621423622,98.6410627164357
2080,-82.49827106928734,57.835875241432745,-13.165879066054414,903.2733394474674,98.70327505010967
2081,-83.61342293713031,59.24634106630725,-11.806342702820967,899.1669272819463,98.8371775957463
2082,-84.7285748049733,60.65680689118173,-11.217223142157444,869.0479882506302,98.89520076525507
2083,-85.8437266728163,62.06727271605624,-10.636413834177826,838.0214829066242,98.95240544691787
2084,-86.95887854065927,63.477738540930716,-10.046053146242802,807.9375038452263,99.01055085670316
2085,-88.07403040850227,64.8882043658052,-9.128907131254085,792.9929481638168,99.10088178822414
2086,-89.18918227634524,66.2986701906797,-8.146883111142532,757.4982263662708,98.26717392031793
2087,-90.30433414418823,67.70913601555418,-7.602079643970717,726.8770102776684,98.37784077297336
2088,-91.41948601203123,69.11960184042869,-7.309254716962267,737.4054734177242,99.26416915791714
2089,-92.53463787987423,70.53006766530316,-6.740822459946408,703.3511097860458,99.3097205308333
2090,-93.64978974771722,71.94053349017767,-6.09886461555776,678.3437738625516,98.85794656843537
2091,-94.76494161556019,73.35099931505215,-5.532763186674313,643.4738669038031,98.95068879866757
2092,-95.88009348340319,74.76146513992666,-4.964996049841188,608.6154873433478,99.0435620110494
2093,-96.99524535124615,76.1719309648011,-3.8636394453915806,572.6785773624274,98.58104544130873
2094,-98.11039721908915,77.58239678967561,-3.366793801174719,537.9134917753964,98.7415962206314
2095,-99.22554908693215,78.99286261455012,-2.868740158392754,503.17583964956395,98.90177532696346
2096,-100.34070095477512,80.4033284394246,-2.369126911703085,468.4675049220116,99.0629496542904
2097,-101.45585282261811,81.8137942642991,-1.4749288031917793,431.5419045966937,99.44462998377642
2098,-102.57100469046111,83.22426008917358,-0.9986835369138678,394.6713678444255,99.57017717194248
2099,-103.6861565583041,84.63472591404809,-0.34589907376757983,366.4764504223235,99.95672086635213
2100,-104.80130842614707,86.04519173892257,-0.12019124265827197,330.74252490889967,99.93610202072743
2101,-105.91646029399007,87.45565756379708,0.14043917563672753,297.1118219384439,99.91178970919826
2102,-107.03161216183307,88.86612338867155,0.38376214983835294,257.7488881711026,99.90627313585735
2103,-108.14676402967604,90.27658921354603,0.5079125202818666,212.73085581950616,99.89067119691101
2104,-109.26191589751903,91.68705503842051,0.582822079417916,157.43953775356465,99.92597841036456
2105,-110.377067765362,93.09752086329502,0.726220496961141,101.2936860859546,99.91405164502993
2106,-111.492219633205,94.5079866881695,0.9825241801791224,56.18237858054776,99.89301768368018
2107,-112.607371501048,95.918452513044,1.09227855735432,11.824948868154685,99.84444669102072
2108,-111.6142893899402,96.9818113843074,2.1428281042617012,9.594941072988604,99.78895000841332
2109,-110.6212072788324,98.04517025557081,3.111181290922982,9.648896118708425,99.69357561440974
2110,-109.62812516772459,99.1085291268342,4.134885644419517,9.484618032237094,99.59274961032521
2111,-108.6350430566168,100.1718879980976,5.088868681165957,7.440684024756322,99.49879055151006
2112,-107.641960945509,101.235246869361,6.157332666770783,6.961504467322378,99.39355611169469
2113,-106.53127862007173,99.83043420886517,5.99915555703585,58.13088878686169,99.40913518572883
2114,-105.42059629463446,98.42562154836935,5.757619018199835,109.42102222088634,99.43292444086684
2115,-104.30991396919718,97.02080888787353,5.557716496281339,163.02029105180858,99.45261310627363
2116,-103.19923164375992,95.61599622737769,5.494431725969661,217.13639901488858,99.45884610751871
2117,-102.08854931832265,94.21118356688187,5.314553647745519,261.73295393476116,99.47656253881824
2118,-100.97786699288538,92.80637090638604,5.132494270809001,302.105313950814,99.49449380913073
2119,-99.86718466744811,91.40155824589021,4.926279573501389,339.7226670991717,99.51480416909158
2120,-98.75650234201083,89.99674558539438,4.407626811359103,377.4369150187455,99.56588696983927
2121,-97.64582001657357,88.59193292489856,4.050600582479437,415.9003325352981,99.60105095823923
2122,-96.5351376911363,87.18712026440272,3.6741924627636076,437.7071313078508,99.50743970684422
2123,-95.42445536569903,85.7823076039069,3.3059565982663996,472.15918063947925,99.51049305810788
2124,-94.31377304026176,84.37749494341107,2.9367209095796727,506.63160152659873,99.51403546688438
2125,-93.2030907148245,82.97268228291524,2.700058430215166,537.6897657559324,99.5443197086281
2126,-92.09240838938722,81.56786962241941,2.3507020796857234,571.6443722973684,99.55346564307624
2127,-90.98172606394995,80.16305696192359,2.4094828790034857,633.7122766557716,99.34696677815947
2128,-89.87104373851268,78.75824430142775,2.0970772563201385,670.7783213126163,99.33163846750352
2129,-88.76036141307542,77.35343164093193,1.7852845074765624,707.8420706868162,99.31621528816787
2130,-87.64967908763813,75.9486189804361,1.4740076059588385,744.903551074905,99.3007261655719
2131,-86.53899676220087,74.54380631994027,0.40540203447364176,750.8191451699586,95.645015901924
2132,-85.4283144367636,73.13899365944444,0.03418157405889399,785.2479441683101,95.33216354581708
2133,-84.31763211132633,71.7341809989486,-1.198366287663383,797.2820690782453,96.13200449607689
2134,-83.20694978588907,70.32936833845278,-1.3973934129971637,804.7321283033685,95.32624611862626
2135,-82.0962674604518,68.92455567795696,-1.0178832065590762,876.5155460739837,95.64424471514947
2136,-80.98558513501452,67.51974301746112,-1.3876133589747086,910.2320321979508,95.40859270895679
2137,-79.87490280957725,66.11493035696529,-1.756598381412061,943.9566920419477,95.17304156759384
2138,-78.76422048413998,64.71011769646947,-2.12493190261924,977.6882337745387,94.93758632259248
2139,-77.65353815870272,63.305305035973646,-4.698500121025867,1013.0120614446586,94.5381020202751
2140,-76.54285583326543,61.90049237547781,-5.170597459472034,1046.8663889187455,94.29567617935567
2141,-75.43217350782817,60.49567971498199,-5.642355794966991,1080.7223525239483,94.05297189111238
2142,-74.3214911823909,59.09086705448616,-6.113760348423535,1114.5779588656044,93.81008303851794
2143,-73.21080885695363,57.686054393990325,-6.177696388148998,1016.2121483128901,93.01859366068145
2144,-72.10012653151637,56.2812417334945,-6.632255394883769,1044.8031223912672,92.75219165922859
2145,-70.9894442060791,54.876429072998675,-4.949788263683427,1020.428935808028,89.38218341674383
2146,-69.87876188064183,53.47161641250285,-5.325852591217096,1046.8204199815048,88.99400767287263
2147,-68.76807955520455,52.06680375200701,-4.949084736370235,997.7960274394723,86.88006232541282
2148,-67.65739722976728,50.66199109151119,-5.297849428649696,1021.6652276228166,86.4365855621106
2149,-66.54671490433002,49.25717843101536,-5.530268459912261,1005.3303510452232,84.52743843151961
2150,-65.43603257889274,47.85236577051953,-5.8745629930078,1027.9722945857739,84.03914853981097
2151,-64.32535025345547,46.447553110023705,-6.218873994829422,1050.6131368480164,83.55058780640334
2152,-63.2146679280182,45.04274044952788,-6.563176441993129,1073.2527881787134,83.06171543744489
2153,-62.103985602580934,43.63792778903205,-6.907484583313421,1095.891387107606,82.57258513463675
2154,-60.99330327714366,42.23311512853621,-6.470230993915523,1090.9136257177436,82.27565564479505
2155,-59.8826209517064,40.8283024680404,-11.646400575620476,1180.9875600871565,85.97956596284699
2156,-58.771938626269126,39.42348980754456,-7.540861607541498,1144.5015154164719,93.07305743927269
2157,-57.66125630083185,38.01867714704873,-7.86658356286641,1166.1847487384446,92.872323760035
2158,-56.550573975394585,36.61386448655291,-8.192538346830588,1187.8778932022742,92.67190738575215
2159,-55.43989164995732,35.20905182605708,-8.518681871332495,1209.5793308689254,92.47176232906241
2160,-54.32920932452004,33.80423916556124,-5.416228379654724,1092.480231084564,90.80835358064873
2161,-53.218526999082776,32.39942650506542,-5.6631338325556015,1110.9563502322844,90.57335457173335
2162,-52.1078446736455,30.994613844569585,-5.910213221149524,1129.440584884415,90.33866237952566
2163,-50.99716234820823,29.589801184073764,-7.573066859712906,1210.8973392708526,88.58000386064373
2164,-49.88648002277097,28.184988523577942,-7.849587304516199,1230.6473193097413,88.31283087496797
2165,-48.775797697333694,26.780175863082107,-7.190416300874144,946.4999624892087,62.6866483817313
2166,-47.66511537189643,25.375363202586286,-3.0423081378734693,1129.9503240518964,67.96643335872498
2167,-46.55443304645916,23.97055054209045,-9.704315865140472,781.284894877233,56.6827882203183
2168,-45.443750721021885,22.565737881594615,-9.997132146460974,790.7109307705256,55.79194249601225
2169,-44.33306839558462,21.160925221098793,-10.290014011592998,800.1388144287746,54.901151459775946
2170,-43.22238607014735,19.756112560602972,-9.979779500140971,493.44752390468415,46.46715414088912
2171,-42.11170374471007,18.351299900107136,-7.131276529514146,871.0788502370908,61.29935802490656
2172,-41.0010214192728,16.946487239611315,-5.14832234889656,1164.1355648118242,74.49339624449479
2173,-39.890339093835536,15.54167457911548,-5.3287662385479315,1179.2277859151284,73.98778675023567
2174,-38.77965676839827,14.136861918619644,-16.310861690732025,835.9433188639857,76.34420317663225
2175,-37.668974442961,12.732049258123823,-11.535436849097152,849.3264975292211,58.91693409113522
2176,-36.55829211752372,11.327236597627987,-11.816597900738813,858.2469510667981,58.155876957290516
2177,-35.44760979208647,9.92242393713218,-4.903724974362724,851.2102545599457,51.21294824111302
2178,-34.336927466649186,8.517611276636345,-5.877132023273184,842.68604313744,48.225696343779575
2179,-33.22624514121192,7.112798616140509,-5.641968945483917,886.653833884752,47.33994989536529
2180,-32.11556281577465,5.707985955644688,-8.58431308142766,701.6604413620073,47.14742249533144
2181,-31.00488049033737,4.303173295148852,-14.35411371471266,903.0321853571402,45.61753636332983
2182,-29.894198164900104,2.8983606346530166,-12.992649544212547,786.9949081592204,58.31328523530921
2183,-28.783515839462837,1.4935479741571953,-13.261603631164725,793.2206145610066,57.54086879820348
2184,-27.67283351402557,0.088735313661374,-15.55039067151327,772.9112703682229,39.05391850725926
2185,-26.562151188588288,-1.3160773468344615,-21.584960501784607,773.2501901962871,36.95639520020552
2186,-25.451468863151035,-2.720890007330283,-24.434773738280242,561.459080342443,13.73750268137124
2187,-24.340786537713754,-4.125702667826118,-33.4233758848726,788.6836923810372,15.155082453393021
2188,-23.230104212276487,-5.53051532832194,-17.955821841897148,680.8924592538822,13.420406806917391
2189,-22.11942188683922,-6.935327988817775,-22.987914208622634,847.7949186236161,21.8748104074528
2190,-21.008739561401953,-8.340140649313597,-17.978238406571094,708.7191642958073,21.253893898089515
2191,-19.898057235964686,-9.744953309809418,-15.359944858425678,694.6465510058781,38.56497662788239
2192,-18.787374910527404,-11.149765970305253,-20.72082928078106,684.2708573257357,20.020917046574823
2193,-17.676692585090137,-12.554578630801089,-1.0075771272550327,1867.7979661889958,54.087273360961916
2194,-16.56601025965287,-13.95939129129691,-20.30858134824311,-1516.1565276452031,-30.253967658361816
2195,-15.455327934215603,-15.364203951792732,-9.831161041522009,2822.1559871852073,63.49697696334147
2196,-14.344645608778322,-16.76901661228858,-13.856694838052704,-647.7352209634552,-18.656748814941096
2197,-13.233963283341055,-18.173829272784403,-16.31197555666219,-320.85131811800744,-12.703344856862554
2198,-12.123280957903802,-19.57864193328021,-16.34082995673566,-321.98047698717255,-14.470217649403654
2199,-11.01259863246652,-20.98345459377606,-26.041222071637677,-475.8734398333851,-23.088628595649098
2200,-9.901916307029254,-22.38826725427188,-27.428543880742346,-636.2437024989271,-34.075449708128005
2201,-8.791233981591986,-23.793079914767702,-27.075573893127995,-502.64002524864304,-18.47907615003021
2202,-7.680551656154705,-25.197892575263552,-32.12914577507203,-762.9933511138776,-20.324944415473546
2203,-6.569869330717438,-26.602705235759373,-26.00127507114432,-614.7364771369815,-19.00376699271599
2204,-5.459187005280171,-28.00751789625518,-26.213264810109663,-955.0874039186104,-41.0903935113279
2205,-4.34850467984289,-29.41233055675103,-48.8729901372411,-1532.897513160207,-76.34430855308909
2206,-3.237822354405637,-30.81714321724685,-25.818011771138394,-1205.9975285322778,-56.252486966562614
2207,-2.1271400289683697,-32.22195587774267,-28.20410476924708,-411.13780999849126,-38.863112451751945
2208,-1.0164577035310884,-33.62676853823852,-28.145708323842214,-417.87822927515845,-38.79775209361741
2209,0.09422462190617864,-35.031581198734344,-29.903358437959774,-627.5393590566177,-34.46917303939702
2210,1.2049069473434457,-36.436393859230165,-31.192651964017877,-444.36812976888893,-33.37318692100114
2211,2.315589272780727,-37.841206519726015,-31.662561157067493,-356.98594952633715,-33.706819622164346
2212,3.426271598217994,-39.246019180221836,-40.94358591109618,-390.98187063991463,-36.6958469410726
2213,4.536953923655261,-40.65083184071766,-41.44362907262822,-631.8644564365388,-46.21758541343524
2214,5.6476362490925425,-42.05564450121348,-41.12317090066922,-655.2840728346575,-47.6978833536009
2215,6.758318574529795,-43.4604571617093,-31.392361604672928,-618.7678904324159,-44.42413046529042
2216,7.869000899967062,-44.86526982220512,-31.458421399976523,-607.9015193070654,-45.33455734517888
2217,8.97968322540433,-46.27008248270094,-28.43574227943557,-962.4114633425193,-54.1694784130404
2218,10.09036555084161,-47.67489514319679,-28.567223375760925,-944.5124100345543,-54.93716519905508
2219,11.201047876278878,-49.079707803692614,-28.698589773082364,-926.6086194612641,-55.704841472967665
2220,12.311730201716145,-50.484520464188435,-28.829852302301155,-908.6998873382615,-56.47254171864466
2221,13.422412527153426,-51.889333124684285,-27.298428304157127,-743.3825375525897,-48.116853964282804
2222,14.53309485259068,-53.294145785180106,-39.60733654245722,-952.6349556269556,-71.6618053628935
2223,15.643777178027946,-54.69895844567593,-39.52146322701664,-933.102323127596,-72.14588869131565
2224,16.754459503465227,-56.10377110617178,-44.73932278529865,-837.0820644724096,-79.07480473216017
2225,17.865141828902495,-57.5085837666676,-44.53332967090907,-818.8705056891823,-79.40608189090122
2226,18.97582415433976,-58.91339642716342,-41.75169921220848,-756.3873016642107,-79.11088516357262
2227,20.086506479777043,-60.31820908765927,-41.606594019726494,-739.2118963102821,-79.45735547777304
2228,21.197188805214296,-61.72302174815506,-41.461679434025626,-722.0391935740588,-79.8041659773313
2229,22.307871130651563,-63.127834408650884,-41.31695809283323,-704.8697055311262,-80.15135270656431
2230,23.41855345608886,-64.53264706914673,-41.17246660493936,-687.703162563527,-80.4989301759141
2231,24.529235781526125,-65.93745972964255,-41.02823306360248,-670.5390023523909,-80.84688712774853
2232,25.639918106963393,-67.34227239013838,-41.44998468108179,-537.9803285856033,-79.25170589733641
2233,26.75060043240066,-68.74708505063423,-41.2899593031426,-523.752485678691,-79.64464678173597
2234,27.861282757837927,-70.15189771113005,-43.00900555545396,-595.0789033785013,-86.15710283886162
2235,28.971965083275194,-71.55671037162587,-42.79061679979702,-578.3086412411443,-86.37100696404481
2236,30.08264740871246,-72.96152303212172,-41.15558925065702,-708.1421262082414,-87.55765701359577
2237,31.193329734149728,-74.36633569261754,-40.978466555128705,-687.0671960312538,-87.74275634382602
2238,32.304012059586995,-75.77114835311336,-39.20312733862876,-608.6366890605497,-85.01776204753546
2239,33.41469438502429,-77.17596101360921,-38.2575350536823,-660.1153288835769,-85.52520148076417
2240,34.52537671046156,-78.58077367410503,-38.151656275993936,-638.6638332069189,-85.78975196545363
2241,35.636059035898825,-79.98558633460085,-38.045539976119,-617.2288832070037,-86.05420356067492
2242,36.74674136133606,-81.39039899509665,-38.42859230955549,-603.5451032733307,-84.16395806033724
2243,37.85742368677336,-82.7952116555925,-38.30261555009974,-581.9593152483046,-84.50505395944502
2244,38.968106012210626,-84.20002431608832,-36.27702460907277,-859.0317959105041,-84.87035735033677
2245,40.07878833764789,-85.60483697658414,-33.56247819698281,-753.3159902359199,-82.29324158619147
2246,41.18947066308516,-87.00964963707999,-33.62560719077551,-722.3654271845597,-82.74277181137145
2247,42.30015298852243,-88.41446229757581,-34.60705265763693,-742.7294526539991,-83.3153203908208
2248,43.410835313959694,-89.81927495807163,-34.62864489526519,-709.535333491763,-83.75983640561198
2249,44.52151763939699,-91.22408761856748,-34.65040379286347,-676.3502001981825,-84.20405257792116
2250,45.63219996483426,-92.6289002790633,-34.67234965576596,-643.1750895823329,-84.64794702626807
2251,46.742882290271496,-94.03371293955912,-34.28678633580625,-567.2850433878643,-85.34458808082648
2252,47.85356461570879,-95.43852560005497,-34.33095542942881,-536.4015846388512,-85.77047348962967
2253,48.96424694114606,-96.8433382605508,-34.58781694253068,-543.4523433984922,-85.07080264767883
2254,50.074929266583325,-98.24815092104662,-34.62004406531476,-510.34549393613884,-85.56788799245315
2255,51.18561159202059,-99.65296358154244,-34.65267024550418,-477.2577525548044,-86.0649521635418
2256,52.29629391745786,-101.05777624203826,-34.79345571602488,-444.24786916480025,-87.21506094187205
2257,53.40697624289513,-102.46258890253408,-34.82034113934593,-411.2252562141091,-87.66348905865708
2258,54.51765856833242,-103.86740156302993,-35.00556321076046,-435.3264923534592,-90.13799784158981
2259,55.62834089376969,-105.27221422352575,-35.011282010055616,-397.09565841266874,-90.42479428193242
2260,56.73902321920693,-106.67702688402157,-35.059781456345426,-356.1589484466921,-91.65196602461107
2261,57.84970554464422,-108.08183954451742,-35.061577047798906,-318.259060914746,-91.83833329793076
2262,58.96038787008149,-109.48665220501324,-35.21972874556765,-285.0948884988386,-92.29304334772748
2263,60.07107019551876,-110.89146486550906,-35.198132323867156,-246.6968399586802,-92.44768204189285
2264,61.181752520956024,-112.29627752600489,-35.21062085307722,-234.78470624343362,-93.30180621846448
2265,62.29243484639329,-113.70109018650074,-35.183490647420534,-191.43114338665043,-93.3136918911064
2266,63.40311717183056,-115.10590284699656,-35.155331555970086,-148.123860738525,-93.32550310394652
2267,64.51379949726783,-116.51071550749238,-35.06238297647837,-104.18319753900592,-93.35324596248064
2268,65.62448182270509,-117.9155281679882,-35.05389525094725,-61.46798515042884,-93.35843235833548
2269,66.73516414814236,-119.32034082848402,-35.05394331742825,-20.142289794934847,-93.36303174868868
2270,67.84584647357963,-120.72515348897984,-35.029447425045355,22.916733849046224,-93.37046249747515
2271,68.95652879901692,-122.12996614947569,-35.02161987313084,71.1606868446917,-93.37283695973113
2272,70.06721112445419,-123.53477880997151,-35.092301707898926,123.99224370706345,-93.35139585647521
2273,71.17789344989146,-124.93959147046733,-35.27845017750795,177.71478426852596,-93.29492832742893
2274,72.28857577532872,-126.34440413096318,-35.458090119064984,230.95308333815439,-93.24043513906669
2275,73.399258100766,-127.749216791459,-35.58922309728271,292.0557640992148,-93.20065637928427
2276,74.660405758207,-127.02491244974641,-34.667331339122626,290.30855712117335,-93.48030922703954
2277,75.921553415648,-126.3006081080338,-33.70377066961182,293.6014813867851,-93.77260220268288
2278,77.18270107308899,-125.5763037663212,-32.55459964065791,290.8535408025018,-94.12119947341482
2279,78.44384873053,-124.8519994246086,-31.43021578160963,288.1533303030076,-94.462277637277
2280,79.704996387971,-124.127695082896,-30.4313537136551,287.4077694232938,-94.76527917660707
2281,78.5937365686642,-122.72215199689442,-30.581696880345408,236.5869251555721,-94.71967306902086
2282,77.4824767493574,-121.31660891089287,-30.497294164691652,183.2290098200037,-94.74527635658899
2283,76.3712169300506,-119.9110658248913,-30.270648430677138,125.86764048284077,-94.81402859825694
2284,75.2599571107438,-118.50552273888972,-30.13260655793036,72.52440395993167,-94.85590314858395
2285,74.148697291437,-117.09997965288817,-30.25585176707504,25.44107403206462,-94.8185171177355
2286,73.03743747213021,-115.6944365668866,-30.339624550373735,-10.459937636745309,-94.79310491808572
2287,71.9261776528234,-114.28889348088502,-30.350776897075345,-44.92269389104375,-94.78972189021216
2288,70.8149178335166,-112.88335039488346,-30.404104394968154,-78.89399448869868,-94.77354516825169
2289,69.70365801420981,-111.47780730888189,-30.46233373563593,-114.6145830494782,-94.75588148832779
2290,68.59239819490301,-110.07226422288032,-30.27127208198965,-154.9513028613233,-94.81383941567235
2291,67.4811383755962,-108.66672113687876,-30.279828037593553,-191.82911971795627,-94.81124399454103
2292,66.36987855628941,-107.26117805087719,-30.29232814808243,-228.7082819952276,-94.80745212693346
2293,65.25861873698261,-105.85563496487563,-30.307389516324783,-265.5655678947763,-94.8028833101686
2294,64.1473589176758,-104.45009187887406,-29.79693290572267,-268.21520479201973,-94.9577286524193
2295,63.03609909836901,-103.04454879287249,-29.44600787077887,-294.3049453447564,-95.0641806132943
2296,61.92483927906221,-101.63900570687093,-29.374561204012952,-326.32794655387573,-95.08585372583367
2297,60.81357945975542,-100.23346262086936,-29.30383259583263,-358.35590091513797,-95.10730901765115
2298,59.702319640448614,-98.82791953486779,-29.23353348014318,-390.3870409840901,-95.12863402432698
2299,58.59105982114181,-97.42237644886623,-29.163563884565676,-422.42086540533575,-95.14985907215544
2300,57.47980000183502,-96.01683336286466,-29.093916096934237,-454.4574964299975,-95.17098650059651
2301,56.36854018252822,-94.61129027686309,-29.024482478714443,-486.4960989321321,-95.19204896144753
2302,55.25728036322142,-93.20574719086153,-28.955402122659766,-518.5379450104712,-95.21300426137681
2303,54.14602054391462,-91.80020410485994,-28.886618515706537,-550.5825783551833,-95.23386954343742
2304,53.03476072460782,-90.39466101885839,-28.81801714141577,-582.6290037008955,-95.25467954581623
2305,51.923500905301026,-88.98911793285683,-26.567824896069325,-625.0742951645285,-96.02068465468729
2306,50.81224108599423,-87.58357484685526,-22.040973670504822,-560.594646073499,-93.24995970372798
2307,49.70098126668742,-86.17803176085368,-21.651827595933845,-588.2615356682574,-93.15598992188053
2308,48.589721447380626,-84.77248867485213,-21.262290296747565,-615.94007956629,-93.06298741359257
2309,47.47846162807383,-83.36694558885056,-20.872405306056873,-643.6290648111767,-92.97085013453292
2310,46.36720180876703,-81.96140250284898,-20.482210295077657,-671.3274234163766,-92.87948856804935
2311,45.25594198946023,-80.55585941684743,-20.09173795273572,-699.0342152012079,-92.7888241477847
2312,44.14468217015343,-79.15031633084585,-15.616282324031769,-635.4811589188199,-86.31894951974164
2313,43.033422350846635,-77.74477324484428,-17.094297173919998,-553.6798908026236,-78.021051143322
2314,41.92216253153984,-76.33923015884272,-16.62246792814939,-574.0628406060224,-77.3983010675714
2315,40.81090271223304,-74.93368707284115,-16.150465683686452,-594.4520095949351,-76.77603187631364
2316,39.699642892926235,-73.52814398683958,-15.67830619997347,-614.8468653737847,-76.15419969038945
2317,38.58838307361944,-72.12260090083802,-15.206002533264865,-635.2463814018415,-75.5327628382884
2318,37.47712325431264,-70.71705781483645,-17.61513346038027,-686.6847187900732,-77.01457870863807
2319,36.36586343500584,-69.31151472883488,-17.231803238237845,-708.098356161964,-76.46037123810271
2320,35.25460361569905,-67.90597164283332,-16.84823052634114,-729.5126608996565,-75.90628626434678
2321,34.143343796392244,-66.50042855683175,-16.464417581640358,-750.9269207337618,-75.35230151775916
2322,33.03208397708544,-65.09488547083018,-16.080382455023937,-772.341127290095,-74.79840809424121
2323,31.920824157778647,-63.68934238482861,-15.696140244555153,-793.7550455850733,-74.24459238060359
2324,30.809564338471844,-62.28379929882705,-21.555975169299707,-525.1938108581018,-66.89926457001847
2325,29.698304519165042,-60.87825621282548,-21.336592622589606,-538.8881419925499,-66.16729626680136
2326,28.587044699858247,-59.472713126823905,-21.117025976069993,-552.5866096849595,-65.43532308618215
2327,27.47578488055146,-58.06717004082235,-19.51539436101422,-463.2938189236551,-65.53847997592281
2328,26.364525061244656,-56.66162695482079,-19.264739969384124,-474.5510322777449,-64.8301228073838
2329,25.253265241937854,-55.25608386881922,-23.9200385227385,-472.26920427177157,-63.484511112328825
2330,24.14200542263106,-53.850540782817646,-23.785107198928763,-483.2404021447216,-62.763164776659664
2331,23.030745603324256,-52.444997696816074,-23.649775754989953,-494.2110439211945,-62.041494468576786
2332,21.91948578401746,-51.039454610814516,-35.43060769128432,-645.1188965984255,-70.32446980268838
2333,20.808225964710658,-49.633911524812945,-29.004203232718957,-605.5365550622062,-68.74979340263165
2334,19.696966145403856,-48.22836843881137,-28.95496452931205,-629.5846420824781,-70.46008545345722
2335,18.58570632609706,-46.8228253528098,-28.924609708382807,-642.3357399347339,-69.93628585428647
2336,17.474446506790258,-45.41728226680824,-28.89424062870195,-655.0916263114274,-69.41259544479949
2337,16.36318668748347,-44.011739180806686,-28.863858810773564,-667.8520491131899,-68.88900697513856
2338,15.251926868176668,-42.606196094805114,-33.35624897050538,-680.1353103380762,-72.8985901423977
2339,14.140667048869872,-41.20065300880354,-33.40652398678692,-692.988293925579,-72.45494743324419
2340,13.029407229563063,-39.795109922801984,-41.746591992673665,-723.760096663852,-71.04310136617298
2341,11.918147410256267,-38.38956683680041,-41.943418794661625,-736.8944566144005,-70.58339842369429
2342,10.806887590949472,-36.98402375079884,-42.14034220358644,-750.0290078397034,-70.12382405412227
2343,9.695627771642677,-35.57848066479727,-37.5880063866462,-818.0567581833357,-60.10133691251643
2344,8.584367952335867,-34.17293757879571,-14.209812408613672,-575.5879292767685,-36.4233776925138
2345,7.473108133029072,-32.76739449279414,-20.833101144898677,-922.1483686227817,-39.73939908559105
2346,6.361848313722277,-31.361851406792567,-22.756336216910647,-1122.9918348635522,-50.2903936919424
2347,5.2505884944154815,-29.95630832079101,-22.624818427013025,-1140.8865208814782,-49.522493342461956
2348,4.139328675108686,-28.550765234789452,-24.86421060379474,-533.7453940809567,-31.13895256326979
2349,3.0280688558018767,-27.14522214878788,-24.776599480659407,-541.8134461207814,-30.0969596489266
2350,1.9168090364950814,-25.73967906278631,-19.578423597472927,-301.40050435304727,-21.742276371657056
2351,0.8055492171882861,-24.334135976784736,-26.678512753587476,-406.40401949218403,-28.509480875074395
2352,-0.3057106021185234,-22.92859289078318,-26.596746491622667,-412.26923085822233,-27.46299253137049
2353,-1.4169704214253187,-21.523049804781607,-20.287437198700204,-295.4789170332649,-28.039662090856027
2354,-2.528230240732114,-20.117506718780035,-22.752367983489115,-473.01922564735565,-34.67868675565715
2355,-3.6394900600389235,-18.711963632778463,-23.05072469887662,-441.0265006802167,-36.594472604865516
2356,-4.750749879345719,-17.306420546776906,-25.499735946141946,-323.8806415910619,-18.328321661848776
2357,-5.8620096986525,-15.900877460775348,-22.58948848301352,-170.31676286785836,0.6648339282218387
2358,-6.973269517959309,-14.495334374773776,-19.802821008594165,-137.16239669967675,-3.183142208036834
2359,-8.084529337266105,-13.089791288772204,-18.957092806014685,-294.1990813803213,-9.913253534575684
2360,-9.1957891565729,-11.684248202770632,0.8931857856313457,-14.604440585928124,-5.609924614526303
2361,-10.30704897587971,-10.278705116769075,-10.768057383977052,-344.3812121236893,-11.379480453728256
2362,-11.418308795186505,-8.873162030767503,-16.546889716505547,-1043.222119385531,-26.24488638605723
2363,-12.5295686144933,-7.467618944765931,-3.018322731353166,438.5103399155731,24.37714610957792
2364,-13.64082843380011,-6.0620758587643735,-14.379391100133688,713.3203931917346,8.014034744042334
2365,-14.752088253106905,-4.656532772762802,-16.17129914259923,607.0705893654758,0.41502763608515636
2366,-15.8633480724137,-3.25098968676123,-20.331817626079015,506.04261368620115,-0.4564543303092279
2367,-16.97460789172051,-1.845446600759658,-17.90726690087842,387.9141253148124,9.779455531265683
2368,-18.085867711027305,-0.4399035147581003,-18.799665050622835,238.01852791499775,17.418310054463376
2369,-19.1971275303341,0.9656395712434716,-5.315779610643695,556.3777227280261,28.364531701012922
2370,-20.30838734964091,2.3711826572450434,-5.087438310462062,553.2585363357662,29.42545364217615
2371,-21.419647168947705,3.7767257432466153,-3.565082481542504,727.1130168881417,40.77264014063239
2372,-22.5309069882545,5.182268829248187,-6.532357339668874,803.3899763812127,33.555307348269345
2373,-23.64216680756128,6.587811915249716,-4.831217817047413,813.1637105724744,37.58446120801236
2374,-24.753426626868077,7.993355001251302,-6.609987504422762,955.7127997101097,52.04289532879492
2375,-25.864686446174886,9.39889808725286,-5.240587201760675,897.2111502469802,51.555834077622876
2376,-26.97594626548168,10.804441173254418,-2.4849591050505815,754.7248050039668,43.94945187470505
2377,-28.087206084788477,12.209984259256004,-9.72075831383383,437.2014114109153,33.232549006595946
2378,-29.198465904095286,13.615527345257561,1.4601155106566175,641.7387457014329,39.703028644655674
2379,-30.30972572340208,15.021070431259119,6.886435097123181,769.5763323095068,46.521029315232965
2380,-31.420985542708877,16.426613517260705,6.950228173460987,761.743607873153,47.433250727922285
2381,-32.532245362015686,17.832156603262263,4.043907561993475,810.5927774743851,53.0218660859752
2382,-33.64350518132248,19.23769968926385,-2.452153016674721,1129.7408164275416,69.06877343124904
2383,-34.75476500062928,20.643242775265406,-2.229386616071414,1115.233737469865,69.6177165152316
2384,-35.86602481993607,22.048785861266964,-2.006764873899469,1100.7297425988734,70.16658597264046
2385,-36.97728463924288,23.45432894726855,-1.7842843051628332,1086.2287423607272,70.7153764299481
2386,-38.08854445854968,24.859872033270108,-1.561978080152624,1071.7314248280204,71.26408242909818
2387,-39.19980427785647,26.265415119271665,-1.33984604356497,1057.2377587074009,71.8127005543169
2388,-40.31106409716328,27.67095820527325,-1.1178868054713398,1042.7476923561244,72.36122199139216
2389,-41.42232391647008,29.07650129127481,-0.11464189966016747,1026.211111496591,71.95793027095571
2390,-42.53358373577687,30.482044377276395,0.0914211008222292,1011.7496594249758,72.52477398346468
2391,-43.64484355508368,31.887587463277953,-5.983655088206742,1381.4534461491999,76.6401394679049
2392,-44.75610337439048,33.29313054927951,-9.638733411426468,1217.074964479985,76.40861432711093
2393,-45.86736319369726,34.69867363528107,-6.901373685971052,1344.2759785807652,76.71487002797167
2394,-46.978623013004054,36.104216721282626,-6.522203737680982,1321.428537877423,77.22285314116291
2395,-48.08988283231085,37.50975980728421,-5.286955056350848,1316.0930290106094,78.462121451423
2396,-49.20114265161766,38.91530289328577,-4.926409423974286,1292.9079380326523,78.95583195540603
2397,-50.31240247092447,40.32084597928733,-4.5657972587809414,1269.7288332680325,79.44965227007098
2398,-51.42366229023125,41.72638906528891,-4.225959083130171,1536.9217464217988,88.53426488706607
2399,-52.53492210953806,43.13193215129047,-3.8599486128140055,1506.29583498488,88.80459503853938
2400,-53.64618192884487,44.53747523729203,-2.7397048907231136,1373.403365515159,83.40750194227283
2401,-54.75744174815165,45.943018323293614,-2.3944309689356715,1345.4028055384588,83.8236541402088
2402,-55.86870156745846,47.34856140929517,-2.0488853681846706,1317.403212280943,84.23986170267551
2403,-56.97996138676524,48.75410449529673,-1.7030486036600927,1289.4046475544756,84.6561286330736
2404,-58.09122120607205,50.159647581298316,-4.0012690629013274,894.2010434721874,79.46959135721023
2405,-59.20248102537886,51.56519066729987,-3.5845171186876845,876.6509530076385,80.05057547306764
2406,-60.31374084468564,52.97073375330146,-3.167724587004389,859.0986877694356,80.63201781294109
2407,-61.42500066399245,54.37627683930302,-2.75089485471527,841.5437735574826,81.21392393000885
2408,-62.53626048329926,55.781819925304575,2.1077883767517895,940.5816895967757,87.17796309632485
2409,-63.64752030260604,57.18736301130616,0.14882071698320853,954.5709321738102,89.01529400148762
2410,-64.75878012191285,58.59290609730772,0.4949226273799443,932.070782156343,89.36876853271009
2411,-65.87003994121966,59.998449183309276,0.8410710712209628,909.5819008324634,89.722944617745
2412,-66.98129976052644,61.40399226931086,4.487711484355244,981.6006588189406,98.39390526537645
2413,-68.09255957983325,62.80953535531242,4.70582398585752,955.3111005210626,98.41742294291933
2414,-69.20381939914003,64.21507844131398,4.923708339034076,929.0281010349108,98.44101366212497
2415,-70.31507921844684,65.62062152731554,5.141349878186854,902.7527651219855,98.46468313212323
2416,-71.42633903775362,67.02616461331709,5.35874324214086,876.4859594354891,98.48843401770546
2417,-72.53759885706043,68.43170769931868,4.853663285652133,820.4859654229394,98.73781661248351
2418,-73.64885867636724,69.83725078532024,5.107070663302405,795.6569116660896,98.7508122272576
2419,-74.76011849567402,71.24279387132182,5.360381143882075,770.8405216481451,98.76391204046396
2420,-75.87137831498083,72.64833695732338,5.613568299473997,746.0389271038233,98.77713503244975
2421,-76.98263813428764,74.05388004332494,5.433901521800787,891.4201860866453,99.4648078078786
2422,-78.09389795359442,75.45942312932652,5.710860280703438,856.5002837315221,99.43752977114761
2423,-79.20515777290123,76.86496621532808,5.987439614955931,821.5799549124251,99.41028910445532
2424,-80.31641759220804,78.27050930132964,6.263547715838267,786.6576381852045,99.38309485016475
2425,-81.42767741151482,79.67605238733123,6.539089308516288,751.7329025885595,99.35595639202116
2426,-82.53893723082163,81.08159547333278,5.5368819544685595,714.227542314412,99.45466512802251
2427,-83.65019705012844,82.48713855933437,5.923284464904977,679.5617762972056,99.41660783055923
2428,-84.76145686943522,83.89268164533593,6.6527012700019394,655.7037039490322,99.34476659874375
2429,-85.87271668874203,85.29822473133748,7.203090071402486,626.0489038054484,99.29055807325642
2430,-86.98397650804884,86.70376781733907,7.536867528670858,589.7875938754767,99.25768388731109
2431,-88.09523632735562,88.10931090334063,7.871133556446874,553.5587652154933,99.22476158140633
2432,-89.20649614666243,89.51485398934219,8.206167313632152,517.3765918116787,99.19176366081041
2433,-90.31775596596921,90.92039707534377,8.66228391356185,484.6896998262209,99.14684012989989
2434,-91.429015785276,92.3259401613453,8.978833021687677,448.0482532834486,99.1156627869885
2435,-92.5402756045828,93.73148324734689,9.617497120900548,415.00212582136714,99.05275990994602
2436,-93.65153542388961,95.13702633334844,9.84097981079598,377.1232447580429,99.03074880241556
2437,-94.7627952431964,96.54256941935,10.18510685680074,339.46648931711314,98.99685527170273
2438,-95.8740550625032,97.94811250535159,10.320246579219347,302.80857294699376,98.98354518060269
2439,-96.98531488181001,99.35365559135315,10.448066518497482,264.54073287938695,98.97095602468508
2440,-98.0965747011168,100.75919867735473,10.53396681549055,216.54602059198797,98.96249559012122
2441,-99.2078345204236,102.16474176335629,10.567655245622671,162.2253933330061,98.95917757180617
2442,-100.31909433973041,103.57028484935785,10.817020120395926,109.55255226449493,98.934617293444
2443,-101.4303541590372,104.97582793535943,11.05359971780803,58.8138473443975,98.91131625406337
2444,-102.541613978344,106.381371021361,11.132572638193746,8.97294910440879,98.90353810604026
2445,-101.4710979568952,107.34678997307441,12.106209922517184,8.32416696237474,98.80764327422605
2446,-100.4005819354464,108.31220892478781,13.16913767865457,6.688538106972857,98.70295410501834
2447,-99.3300659139976,109.2776278765012,14.106914941460456,4.643739520516043,98.61059117444461
2448,-98.25954989254879,110.2430468282146,15.15817722276376,2.0538069191753436,98.5070509533773
2449,-97.1890338711,111.208465779928,16.163509107212626,2.114613833401087,98.40803447821872
2450,-96.08056372847267,109.80645113138173,16.041291208703605,60.224739659071886,98.42007188168603
2451,-94.97209358584534,108.40443648283548,15.775726470666799,115.82900342207567,98.44622770613921
2452,-93.86362344321802,107.00242183428921,15.66255086434533,171.1016389172954,98.4573745222158
2453,-92.75515330059069,105.60040718574294,15.581155938324905,223.964487769681,98.46539121679696
2454,-91.64668315796335,104.19839253719667,15.365637890367031,268.0911117580854,98.48661787614395
2455,-90.53821301533603,102.7963778886504,15.108644966057918,307.14250465159387,98.511929451256
2456,-89.4297428727087,101.39436324010414,14.840235143094787,345.62539208615163,98.5383654919097
2457,-88.32127273008138,99.99234859155787,14.780009020261485,374.4648299059895,98.52792967994866
2458,-87.21280258745405,98.5903339430116,14.57950528785921,409.90844060049363,98.5429818961777
2459,-86.10433244482672,97.18831929446534,14.6005559495281,448.2487788941027,98.53312897252127
2460,-84.9958623021994,95.78630464591907,14.435961671486911,484.6988946343229,98.54788368152029
2461,-83.88739215957207,94.3842899973728,14.368621152900484,504.08697419641567,98.53998082272399
2462,-82.77892201694475,92.98227534882653,14.219725928747646,537.8588358513427,98.55033033916428
2463,-81.67045187431741,91.58026070028026,14.072218034669039,571.6316558336024,98.56037900877699
2464,-80.56198173169008,90.178246051734,12.71371413088103,620.6120862999501,98.71657645815017
2465,-79.45351158906276,88.77623140318774,12.441028945027941,656.1638182492752,98.74125563114474
2466,-78.34504144643543,87.37421675464147,11.212641749259046,707.9919327601681,99.01880003324364
2467,-77.2365713038081,85.97220210609521,10.854451570354527,745.0171363567633,99.06631129302491
2468,-76.12810116118078,84.57018745754894,10.49607766174106,782.0389054573524,99.11390777256759
2469,-75.01963101855345,83.16817280900267,10.137538654221615,819.057741711942,99.16157684717669
2470,-73.91116087592613,81.7661581604564,9.778854092496633,856.0741062411373,99.20930751258547
2471,-72.80269073329879,80.36414351191014,10.377304038982556,880.2394075400164,98.78043028500173
2472,-71.69422059067146,78.96212886336386,9.750539265722635,848.169481365391,98.81207693970751
2473,-70.58575044804414,77.5601142148176,9.43256124510434,880.2168424360941,98.83068747536565
2474,-69.47728030541681,76.15809956627135,9.1145511886846,912.2782750212098,98.84931528741893
2475,-68.36881016278949,74.75608491772508,8.202124770493995,912.2361457741015,98.90903289455146
2476,-67.26034002016216,73.3540702691788,7.853453197846292,942.792327015545,98.92989982387243
2477,-66.15186987753484,71.95205562063254,7.504853142970786,973.3520527936979,98.95076310445772
2478,-65.0433997349075,70.55004097208626,7.15631971894995,1003.9151306904457,98.97162146877048
2479,-63.93492959228018,69.14802632354,6.807854990127897,1034.4817772254914,98.99247226629493
2480,-62.82645944965285,67.74601167499374,6.4594417224232075,1065.050923723057,99.0133201042167
2481,-61.717989307025526,66.34399702644747,6.111076910646787,1095.6224530671407,99.0341643657908
2482,-60.60951916439819,64.9419823779012,6.29176504552265,1083.7341475516873,98.95539940274658
2483,-59.50104902177087,63.539967729354935,5.963660159963895,1112.7254493582036,98.97249435085793
2484,-58.39257887914354,62.13795308080867,5.635528801658678,1141.7202303162537,98.98959318181684
2485,-57.28410873651622,60.73593843226241,3.410539945403695,1150.0449974138708,99.2178159763002
2486,-56.175638593888884,59.33392378371614,3.019025694957495,1178.3898493554568,99.24198662484869
2487,-55.06716845126156,57.93190913516987,2.6275163185858457,1206.7343955796766,99.26615685725359
2488,-53.95869830863423,56.529894486623604,5.110470403395933,1156.5104991272715,98.92980472460069
2489,-52.85022816600691,55.127879838077334,4.807035552337526,1182.4684533056216,98.94295482753418
2490,-51.74175802337958,53.72586518953107,6.027017664017567,1240.5070927930792,98.85677799859869
2491,-50.633287880752256,52.32385054098481,2.5821869734939753,1143.256936790123,97.8998966620455
2492,-49.52481773812492,50.92183589243853,4.804992124902737,907.6124689805893,97.48772995138057
2493,-48.4163475954976,49.519821243892274,0.8336482920917057,1068.9862387508635,97.93184522532717
2494,-47.30787745287027,48.11780659534601,0.45692385781687683,1089.2004026554143,97.91674527031128
2495,-46.19940731024294,46.715791946799726,0.8191960039098349,1156.2857909545912,97.5470972146116
2496,-45.090937167615614,45.31377729825347,0.4622037310661531,1177.669755464501,97.52301894552656
2497,-43.98246702498829,43.9117626497072,0.10513078565422695,1199.056494640215,97.49896878706016
2498,-42.873996882360956,42.50974800116093,-0.4258426883674078,810.8383150930063,78.53771447698244
2499,-41.76552673973363,41.10773335261467,-0.7897414466619441,822.7148011946738,78.06618338612358
2500,-40.657056597106305,39.7057187040684,-1.153590839223729,834.5931836026325,77.5949840554012
2501,-39.548586454478986,38.30370405552215,-1.517393699050464,846.4733420716316,77.12409521975243
2502,-38.44011631185165,36.90168940697586,-1.88115199769981,858.3551715023718,76.65349730032612
2503,-37.33164616922433,35.499674758429606,-2.244870706916079,870.2385575834646,76.18317433814534
2504,-36.223176026597,34.097660109883336,-2.6085517311916897,882.1233971222224,75.71310693907097
2505,-35.11470588396967,32.695645461337065,-7.703035987160772,729.4544919635186,68.49307940333647
2506,-34.006235741342344,31.293630812790795,-8.161781329290568,738.0421023947049,67.88811532556065
2507,-32.89776559871501,29.89161616424454,-8.620469053116798,746.6315149714419,67.28338640427832
2508,-31.789295456087686,28.48960151569827,-5.106260093291178,937.6907446654393,65.37850418031536
2509,-30.68082531346036,27.087586867151998,-5.490054745490528,949.7005216378401,64.75048150133544
2510,-29.572355170833035,25.685572218605742,-5.873821263380148,961.711146910148,64.12264042767492
2511,-28.46388502820571,24.28355757005947,-3.832523318936979,725.8542548216519,44.85644195662705
2512,-27.355414885578384,22.8815429215132,-4.17036525066138,733.4373319472936,43.89633831821425
2513,-26.246944742951058,21.47952827296693,-9.126762687213427,698.9804579451086,44.16222349109218
2514,-25.138474600323732,20.077513624420675,-8.539506952672472,666.3989521469505,38.129554290689796
2515,-24.030004457696393,18.67549897587439,-4.800922159879649,524.9193432324457,29.36793737530961
2516,-22.921534315069067,17.273484327328134,-0.3428602143056638,624.0938891871465,38.100742029815954
2517,-21.81306417244174,15.871469678781864,-3.0715629088077323,669.6075025413559,39.54488622130444
2518,-20.704594029814416,14.469455030235608,-1.0248439045306759,604.6406062401214,33.89450643607904
2519,-19.59612388718709,13.067440381689337,-1.275793493745362,609.5202523175885,32.876083783703734
2520,-18.487653744559765,11.665425733143067,-1.526933568626899,614.3972296669497,31.85742263372221
2521,-17.37918360193244,10.263411084596811,3.6075126796900436,1081.6641985626115,57.125487709634925
2522,-16.2707134593051,8.861396436050526,6.567169807823429,755.6779483942064,32.62195413715408
2523,-15.162243316677774,7.45938178750427,6.437241728249182,762.1500690331159,31.62127616940751
2524,-14.053773174050463,6.057367138958,9.975820645179187,676.8585370875614,23.85808656842198
2525,-12.945303031423123,4.65535249041173,7.432668864775074,430.69848914381384,16.890546660770156
2526,-11.836832888795797,3.2533378418654593,-4.695015466838491,493.6458699411488,18.17847294716546
2527,-10.728362746168472,1.8513231933192031,-1.1029781511426364,580.045995165289,19.490561382738704
2528,-9.619892603541146,0.449308544772947,-5.047988591588023,522.2606847267741,19.810001953468415
2529,-8.51142246091382,-0.9527061037733375,-4.125788191609971,492.8870139052457,15.224667288188641
2530,-7.402952318286495,-2.3547207523195937,-5.99179138683381,347.97182071221556,10.581996520054332
2531,-6.294482175659169,-3.756735400865864,-6.584217640050042,459.25002627213547,-4.765253210204122
2532,-5.18601203303183,-5.158750049412134,-4.100137730499597,372.8395298479545,5.448159103746363
2533,-4.077541890404518,-6.5607646979583905,-8.915710312948079,41.50781960280877,-6.554329146176876
2534,-2.9690717477771784,-7.962779346504661,-9.22213680848023,-180.77899739008618,-15.300366607239809
2535,-1.8606016051498528,-9.364793995050945,-11.39681296929124,-214.49108637860755,-18.066569260239106
2536,-0.7521314625225415,-10.766808643597187,-13.900521081077706,-319.4490848425861,-14.41053699245402
2537,0.3563386801047983,-12.168823292143458,-12.724821193617274,-301.0821659204272,-14.33761048201631
2538,1.464808822732138,-13.570837940689742,-5.191973124901466,-368.85044326296764,-18.713326636932095
2539,2.5732789653594494,-14.972852589235984,0.8222942984647617,-275.1786428046123,-18.41952539869601
2540,3.681749107986775,-16.37486723778227,-7.428893201745225,-427.0432817897126,-38.134212778717625
2541,4.790219250614115,-17.776881886328553,-7.698380081953992,-362.51428718088187,-37.17899611941353
2542,5.898689393241426,-19.178896534874795,-7.956499628155207,-357.16734702695493,-38.06102758652166
2543,7.007159535868766,-20.580911183421065,-8.214538628119243,-351.8216595006597,-38.94301259916219
2544,8.115629678496106,-21.982925831967336,-8.47249390065835,-346.47733354425054,-39.82495349840681
2545,9.224099821123417,-23.384940480513606,-8.73036252896052,-341.1343101284607,-40.706841363200795
2546,10.332569963750743,-24.786955129059876,-8.98813828928754,-335.79266473323486,-41.588671153881826
2547,11.441040106378082,-26.188969777606147,-9.24582006597091,-330.4525191270854,-42.470449557854195
2548,12.549510249005394,-27.59098442615239,-6.616499856184944,-293.29758605221195,-39.043101473783366
2549,13.657980391632734,-28.99299907469866,-14.171088304360637,-205.37570138979942,-38.869212834689904
2550,14.766450534260045,-30.39501372324493,-14.744415388580101,-327.8203069965227,-47.03022182235264
2551,15.874920676887385,-31.7970283717912,-14.926436778605925,-322.13228951799226,-47.87863667625946
2552,16.98339081951471,-33.19904302033747,-15.108486535041045,-316.4446611721583,-48.727102103299714
2553,18.09186096214202,-34.60105766888371,-15.29055881941536,-310.7574634945428,-49.57561553346983
2554,19.20033110476936,-36.00307231743001,-15.472661479259749,-305.07070065844806,-50.424184449870026
2555,20.3088012473967,-37.40508696597628,-14.529053824395962,-355.7314647630329,-55.72054538926453
2556,21.417271390024013,-38.80710161452252,-14.7338830729786,-348.9046409363688,-56.48513539870469
2557,22.525741532651338,-40.20911626306879,-9.694218609636803,-523.5265971113216,-64.82154781367858
2558,23.634211675278678,-41.611130911615064,-10.0004161992867,-513.1991551386934,-65.44018809890763
2559,24.74268181790599,-43.013145560161334,-10.306677042818489,-502.8727915782222,-66.05900823491851
2560,25.85115196053333,-44.415160208707604,-10.613004385102354,-492.5474483969826,-66.67800961485807
2561,26.959622103160655,-45.817174857253875,-10.91940423265974,-482.2230760823125,-67.29719889169512
2562,28.06809224578798,-47.21918950580012,-11.633520808531813,-500.0041893097285,-68.85411737188731
2563,29.176562388415306,-48.621204154346415,-11.93110135624088,-489.12637610337003,-69.45452779640203
2564,30.285032531042646,-50.023218802892686,-18.39464253411673,-501.97385660282714,-81.70302422032006
2565,31.39350267366997,-51.42523345143893,-13.729651310824416,-776.7380538380506,-97.50771148391105
2566,32.50197281629728,-52.8272480999852,-13.996740859933873,-758.649370528167,-97.47981151561291
2567,33.61044295892462,-54.22926274853147,-14.263802166190864,-740.5619174658267,-97.45192211413763
2568,34.718913101551934,-55.63127739707774,-14.53082790074519,-722.4756955519175,-97.42404562829638
2569,35.82738324417927,-57.03329204562401,-14.797815430208182,-704.3907925843461,-97.39618302816605
2570,36.935853386806585,-58.43530669417025,-15.064761470165237,-686.3072929545687,-97.3683354912747
2571,38.044323529433925,-59.83732134271652,-15.331658285921002,-668.2251425411985,-97.34050544205122
2572,39.152793672061264,-61.23933599126282,-15.598507649722531,-650.1445865818768,-97.31269266452435
2573,40.261263814688576,-62.64135063980906,-15.865311535540531,-632.0660044454658,-97.28489705572396
2574,41.369733957315916,-64.04336528835533,-16.13205948840037,-613.9893280731181,-97.25712191352707
2575,42.47820409994323,-65.4453799369016,-16.398746728464733,-595.9147125871535,-97.22936902438003
2576,43.58667424257057,-66.84739458544787,-20.437956657447444,-737.175512945047,-96.42366139243047
2577,44.69514438519788,-68.24940923399414,-20.586738980759453,-714.1493541801145,-96.42034993962223
2578,45.80361452782522,-69.65142388254041,-20.735467323229038,-691.1255812308866,-96.41706277939369
2579,46.91208467045253,-71.05343853108666,-20.884131555062986,-668.1044366815627,-96.41380386432377
2580,48.02055481307987,-72.45545317963293,-21.032723928607055,-645.0861738526373,-96.4105765085946
2581,49.12902495570721,-73.85746782817922,-20.325514973171984,-694.8082971302289,-96.5119508569774
2582,50.23749509833452,-75.25948247672547,-20.506105364040753,-669.0602999799311,-96.50490934593952
2583,51.34596524096186,-76.66149712527174,-20.686698885153312,-643.3111442888849,-96.49788209775708
2584,52.4544353835892,-78.063511773818,-20.86729454924547,-617.5607359446421,-96.49087117761277
2585,53.56290552621651,-79.46552642236428,-21.04789091196133,-591.8089749522837,-96.48387906310555
2586,54.67137566884385,-80.86754107091055,-21.22847741348319,-566.055749129258,-96.47691271719309
2587,55.77984581147116,-82.26955571945679,-22.574570566824228,-538.0675675605471,-96.02238687799381
2588,56.88831595409847,-83.67157036800306,-22.695973455087472,-512.5059832178781,-96.0381640899864
2589,57.99678609672581,-85.07358501654933,-22.924591349603954,-518.6793746855293,-96.0730021777496
2590,59.105256239353125,-86.4755996650956,-23.039623533577632,-491.49422833821643,-96.08809389528311
2591,60.213726381980464,-87.87761431364187,-23.154233274360784,-464.317868371712,-96.1033708918467
2592,61.322196524607804,-89.27962896218814,-23.268366864340734,-437.15160601833054,-96.1188568449576
2593,62.430666667235116,-90.68164361073438,-23.381953931991095,-409.9970447196389,-96.13458254946636
2594,63.539136809862455,-92.08365825928068,-23.494900095099304,-382.85620379505133,-96.15058904031505
2595,64.6476069524898,-93.48567290782695,-23.607164319129247,-355.73080739232915,-96.16689500744897
2596,65.7560770951171,-94.8876875563732,-23.71859167184082,-328.6239171005258,-96.18356708709773
2597,66.86454723774445,-96.28970220491946,-21.782113699416875,-351.9230193172401,-97.38899782848888
2598,67.97301738037176,-97.69171685346573,-22.075196381954285,-320.40769695692006,-97.3000921559152
2599,69.08148752299907,-99.093731502012,-23.529923288551235,-292.3346992220163,-96.85880550969549
2600,70.18995766562641,-100.49574615055828,-23.984592676996513,-274.4909117282413,-96.72088303871075
2601,71.29842780825375,-101.89776079910455,-24.12288324087342,-240.9147766782266,-96.67893304874335
2602,72.40689795088106,-103.29977544765079,-24.262002783867196,-207.35752607725388,-96.63673159067383
2603,73.5153680935084,-104.70179009619709,-24.66127884673255,-189.30274320828403,-96.51561250371759
2604,74.62383823613574,-106.10380474474336,-24.755816950971102,-153.0346739100445,-96.48693467919244
2605,75.73230837876305,-107.5058193932896,-24.544891598323996,-124.698859118831,-96.55091819462082
2606,76.84077852139039,-108.90783404183587,-24.767118466540825,-94.10133966620442,-96.48350640143092
2607,77.9492486640177,-110.30984869038211,-24.95286275597354,-54.8943416878889,-96.42716147911835
2608,79.05771880664504,-111.71186333892841,-25.089283006848916,-13.766259710662062,-96.38577884247896
2609,80.16618894927235,-113.11387798747468,-25.19797191119811,26.345629447955268,-96.35280841905167
2610,81.27465909189966,-114.51589263602092,-25.353046526710685,74.11926443323713,-96.30576704194985
2611,82.383129234527,-115.91790728456719,-25.490391638422885,128.24452213564817,-96.26410385180242
2612,83.49159937715434,-117.31992193311349,-25.652150020306077,180.10739201493504,-96.21503497604613
2613,84.60006951978166,-118.72193658165973,-25.759451223153487,233.74348315016607,-96.18248550732784
2614,85.708539662409,-120.123951230206,-25.79048246632705,288.9619893663185,-96.17307228126738
2615,86.8523031341848,-119.25117708179181,-24.75243460797868,288.1198804958881,-96.48796070186978
2616,87.99606660596059,-118.3784029333776,-23.631152860742976,280.56251741660407,-96.82809785026592
2617,89.1398300777364,-117.5056287849634,-22.633373409444474,280.08185056075496,-97.13077098137646
2618,90.2835935495122,-116.6328546365492,-21.733051164531027,283.1724454115406,-97.4038807878791
2619,91.427357021288,-115.760080488135,-20.79801585547164,286.350998901851,-97.6933754670935
2620,90.31676218496082,-114.35537848557142,-20.862560156267083,232.02856986644684,-97.6653738539589
2621,89.20616734863364,-112.95067648300785,-20.824607983235577,177.65271774345567,-97.67945405385578
2622,88.09557251230646,-111.54597448044427,-20.694192418124914,123.44768738907007,-97.71296818354004
2623,86.98497767597928,-110.1412724778807,-20.529824533490746,71.95600221624356,-97.74186254705387
2624,85.8743828396521,-108.73657047531712,-20.42969206959784,28.579215513590995,-97.74369373163802
2625,84.76378800332492,-107.33186847275354,-20.361961235726014,-8.668647224087117,-97.73332244742475
2626,83.65319316699772,-105.92716647018997,-20.498540002602553,-42.32417713185279,-97.6947441285986
2627,82.54259833067054,-104.52246446762639,-20.690861947617677,-75.08331962731994,-97.59830661776458
2628,81.43200349434336,-103.11776246506282,-20.793756553114413,-109.60096075402373,-97.54687424476727
2629,80.32140865801618,-101.71306046249924,-20.810949128175825,-137.25851971221726,-97.28566215671017
2630,79.210813821689,-100.30835845993568,-20.89323075693396,-170.2536173150534,-97.18231145419406
2631,78.10021898536182,-98.9036564573721,-20.97534660092996,-203.23168868393796,-97.07952608629765
2632,76.98962414903464,-97.49895445480851,-21.057490961550457,-236.19636496911147,-96.97757865774231
2633,75.87902931270746,-96.09425245224494,-21.13970064999871,-269.1510673897133,-96.876338524343
2634,74.76843447638028,-94.68955044968136,-20.767379568238916,-332.5524370861373,-96.7790591994216
2635,73.6578396400531,-93.2848484471178,-19.796193366332073,-304.3276686862361,-96.42100681837714
2636,72.5472448037259,-91.88014644455421,-19.732667572475417,-334.22572338440193,-96.29471008554984
2637,71.43664996739872,-90.47544444199065,-19.669612158133695,-364.14247128432396,-96.16952587505425
2638,70.32605513107154,-89.07074243942706,-19.60693592258261,-394.07481349551693,-96.0452413530472
2639,69.21546029474436,-87.66604043686348,-18.590056388926843,-410.5824179167697,-94.55214478243991
2640,68.10486545841718,-86.26133843429992,-18.459918430069614,-439.58235350600387,-94.33136728404342
2641,66.99427062209,-84.85663643173633,-18.330218979147148,-468.59347674244367,-94.11147097643135
2642,65.88367578576282,-83.45193442917275,-18.20081316029067,-497.6139405870852,-93.89222685446346
2643,64.77308094943564,-82.04723242660918,-18.07155519554393,-526.6424764934583,-93.67342576852944
2644,63.66248611310846,-80.64253042404562,-17.942539183690144,-555.6782127748971,-93.45514189888362
2645,62.55189127678128,-79.23782842148204,-17.813739588967195,-584.7202002197856,-93.23731332951394
2646,61.441296440454096,-77.83312641891845,-17.685127868010312,-613.7676376795005,-93.019880184843
2647,60.33070160412691,-76.42842441635489,-17.5567144204421,-642.8197550193913,-92.80282766882759
2648,59.22010676779973,-75.0237224137913,-17.428445599935984,-671.8760301732235,-92.58607759523656
2649,58.10951193147255,-73.61902041122772,-17.300297016704413,-700.9360110406113,-92.36958709445527
2650,56.998917095145366,-72.21431840866416,-17.172255642584602,-729.9992921091634,-92.15332771664534
2651,55.888322258818185,-70.80961640610059,-17.044310219054953,-759.065523198442,-91.93727492496686
2652,54.777727422491,-69.40491440353699,-16.916450975098016,-788.1344006428727,-91.72140746250707
2653,53.66713258616382,-68.00021240097342,-16.788684014085383,-817.2055645792153,-91.5057200874859
2654,52.556537749836636,-66.59551039840986,-16.66099010032991,-846.2788435649916,-91.29018538967044
2655,51.445942913509455,-65.19080839584628,-16.533357141642238,-875.3540733825488,-91.07478424387628
2656,50.335348077182275,-63.7861063932827,-15.178492430013794,-685.7852926159331,-82.13000545512756
2657,49.22475324085509,-62.38140439071912,-15.013034553787378,-707.8447541702927,-81.63633822197687
2658,48.114158404527906,-60.97670238815555,-14.847665117560755,-729.9102718991318,-81.1429235876378
2659,47.003563568200725,-59.57200038559197,-14.682376765583896,-751.981354842242,-80.64974087039502
2660,45.892968731873545,-58.1672983830284,-14.517162918399553,-774.0575621916421,-80.1567715306708
2661,44.78237389554637,-56.76259638046483,-14.352017675408604,-796.1384972547144,-79.66399890821839
2662,43.671779059219176,-55.357894377901246,-14.186935731392012,-818.2238022345099,-79.17140799586156
2663,42.561184222892,-53.95319237533767,-14.021912304744419,-840.3131537080536,-78.67898524420578
2664,41.45058938656482,-52.5484903727741,-15.55263847889762,-615.0898097213972,-71.8103009488654
2665,40.339994550237634,-51.143788370210515,-15.431601709853975,-630.8584187516483,-71.15524504764197
2666,39.22939971391045,-49.73908636764695,-15.310565607026408,-646.6321718007289,-70.50040584860548
2667,38.11880487758327,-48.334384365083366,-15.189529426412534,-662.4106627868746,-69.84576390839399
2668,37.008210041256085,-46.929682362519785,-15.068493046741175,-678.1935877063213,-69.19130649399355
2669,35.897615204928904,-45.52498035995622,-14.617422552568332,-621.7211052925416,-67.45835135795285
2670,34.78702036860173,-44.120278357392635,-14.489859515382818,-635.8873033831459,-66.78088232554799
2671,33.67642553227455,-42.71557635482907,-14.362269791024868,-650.0568406048235,-66.10354516426109
2672,32.56583069594736,-41.310874352265486,-14.23465490799375,-664.2295127772572,-65.42633174101046
2673,31.45523585962018,-39.90617234970192,-14.107016284256634,-678.4051318278421,-64.7492345710389
2674,30.344641023293,-38.50147034713834,-13.979355236623629,-692.583524254333,-64.0722467552724
2675,29.234046186965813,-37.096768344574755,-13.85167298924475,-706.7645297580824,-63.39536192470599
2676,28.123451350638632,-35.69206634201119,-13.723970681311133,-720.948000026178,-62.71857419095394
2677,27.01285651431145,-34.287364339447606,-13.59624937405658,-735.1337976442281,-62.041878102174415
2678,25.90226167798427,-32.882662336884025,-14.441929813126674,-545.7071083242721,-52.73516287445908
2679,24.79166684165709,-31.477960334320457,-14.332143098937262,-556.0854692093619,-51.8970481103825
2680,23.68107200532991,-30.07325833175689,-9.543697561487793,-252.90954423753922,-45.457565089826886
2681,22.57047716900273,-28.668556329193308,-9.349186703076672,-257.60654655922235,-44.51952658859339
2682,21.459882332675534,-27.263854326629726,-9.154702086117954,-262.30429005175995,-43.58149611159369
2683,20.349287496348367,-25.85915232406616,-8.960242423908252,-267.0027377904888,-42.6434732143932
2684,19.238692660021186,-24.454450321502577,-8.76580634059179,-271.70185252060685,-41.705457194236374
2685,18.12809782369399,-23.049748318938995,-8.571391500384301,-276.401581788247,-40.76744572220057
2686,17.01750298736681,-21.645046316375428,-5.787834798708552,-169.1708067721808,-33.91826826055223
2687,15.90690815103963,-20.24034431381186,-5.551006181671564,-172.0399363862632,-32.88285323529088
2688,14.79631331471245,-18.83564231124828,-5.314187670504481,-174.90928880343748,-31.847437610948532
2689,13.685718478385269,-17.430940308684697,-5.077380856448723,-177.77887222659095,-30.8120237026109
2690,12.575123642058088,-16.02623830612113,-4.8405850709079985,-180.6486738551041,-29.77661124650811
2691,11.464528805730907,-14.621536303557548,-4.603800469093262,-183.5186898198688,-28.741200812495478
2692,10.353933969403727,-13.216834300993966,-5.930719581631061,-121.69534681600328,-19.59299629290838
2693,9.243339133076546,-11.812132298430399,-5.718066853979138,-123.60035616712048,-18.433736575356747
2694,8.132744296749365,-10.407430295866831,-5.505400237266976,-125.50558710185024,-17.27454718682003
2695,7.02214946042217,-9.002728293303235,-2.5210133285012546,-63.044649948066414,-13.904170995272096
2696,5.91155462409499,-7.598026290739668,-1.9367304589727397,-37.924312722557985,-10.734104270776982
2697,4.800959787767809,-6.1933242881761,-1.6791251744238131,-38.53919711103912,-9.516366257498305
2698,3.6903649514406425,-4.788622285612519,-0.7189637676303828,-49.5819877910793,-10.711689335709991
2699,2.5797701151134476,-3.383920283048937,-1.724807621033234,-26.116005001193138,-9.677969845407958
2700,1.4691752787862669,-1.9792182804853695,-1.4744727474156907,-26.536789205549155,-8.49571506111866
2701,0.35858044245908616,-0.574516277921802,-0.47637980457691853,-11.093061055239447,-4.3335914177193615
2702,-0.7520143938680945,0.8301857246417939,0.9116070116067831,377.6179066991332,7.263960170609479
2703,-1.862609230195261,2.234887727205347,1.163353510532243,376.54858101957717,8.451301631028869
2704,-2.973204066522456,3.639589729768929,-2.4738189603754996,379.03724101501814,6.027406410255537
2705,-4.083798902849651,5.0442917323325105,-2.1670742138453267,377.8940791673871,7.263699679796915
2706,-5.194393739176817,6.448993734896078,-0.4037308223237641,398.16056603489676,9.417116459730465
2707,-6.304988575503998,7.85369573745966,1.90957393940627,380.9257612988746,15.986590308069239
2708,-7.415583411831193,9.258397740023241,2.167804565921479,379.72192440736586,17.1337335956121
2709,-8.52617824815836,10.663099742586809,2.426062895498829,378.51807888774175,18.28088180771472
2710,-9.636773084485554,12.06780174515039,2.6843499768815207,377.3142249486193,19.428035070823455
2711,-10.747367920812735,13.472503747713972,2.9426673309779705,376.11029943570554,20.575188359100878
2712,-11.857962757139902,14.87720575027754,3.2010166578215706,374.90634874187066,21.722345745037146
2713,-12.968557593467096,16.281907752841107,6.694883752233682,322.4231753169687,27.814643965142892
2714,-14.079152429794291,17.686609755404703,6.971717792214061,498.08247546906745,31.990735638808715
2715,-15.189747266121458,19.09131175796827,7.177866940568755,494.8995590984209,33.01100276393049
2716,-16.30034210244864,20.496013760531838,7.918669919678788,712.6848316890788,40.417872404900464
2717,-17.410936938775833,21.900715763095434,8.116313954151828,705.9244035006334,41.3349265585482
2718,-18.521531775103,23.305417765659,8.31397611254108,699.1644591997147,42.251964410089315
2719,-19.632126611430195,24.71011976822257,8.51165728583894,692.4050234780073,43.1689852255941
2720,-20.74272144775736,26.114821770786136,8.709358423745531,685.646122732471,44.08598822864701
2721,-21.853316284084542,27.519523773349732,9.55122767413026,1023.5374321676602,35.03838528182258
2722,-22.963911120411737,28.9242257759133,9.737567781393885,1010.7638911289391,36.13236707725734
2723,-24.074505956738903,30.328927778476867,9.923922494046572,997.993358034584,37.226409867713336
2724,-25.1851007930661,31.733629781040435,10.110292729896855,985.2258959677068,38.32051357947695
2725,-26.29569562939328,33.13833178360403,10.296679445920777,972.4616295662688,39.41467996097339
2726,-27.40629046572046,34.5430337861676,10.483083517128193,959.7007324976196,40.50891246234016
2727,-28.51688530204764,35.947735788731165,5.655751002803527,1280.7555514086612,46.64067150332896
2728,-29.627480138374835,37.35243779129476,5.939850476459103,1261.445348259364,47.63685260074221
2729,-30.738074974702002,38.75713979385833,6.22391663728251,1242.1381354951327,48.63313605005278
2730,-31.848669811029183,40.161841796421896,6.5079450418326275,1222.8341616748864,49.62952977124179
2731,-32.95926464735638,41.56654379898549,6.791933179019971,1203.5336297561355,50.62604064925067
2732,-34.069859483683544,42.97124580154906,7.07587851916648,1184.23675518081,51.62267604633152
2733,-35.18045432001074,44.37594780411263,7.359778318785924,1164.943771439925,52.61944394511673
2734,-36.29104915633792,45.78064980667622,7.6436295977934705,1145.6549319663552,53.61635301419811
2735,-37.4016439926651,47.18535180923979,8.724405077104453,1522.0569916837053,72.187208250993
2736,-38.51223882899228,48.59005381180336,8.989376479060816,1493.5451779135662,72.77494602254512
2737,-39.62283366531946,49.994755814366954,9.254287278099497,1465.0345826962416,73.36274101010208
2738,-40.73342850164664,51.39945781693049,9.519133016019019,1436.5252967742788,73.95059912469708
2739,-41.84402333797382,52.80415981949409,9.783908866930773,1408.017419224353,74.53852383464154
2740,-42.954618174301004,54.208861822057656,10.04860959746297,1379.5110574877278,75.12651998934496
2741,-44.065213010628185,55.613563824621224,10.313229436104123,1351.0063302246378,75.71459321295936
2742,-45.175807846955365,57.01826582718482,10.57776201421348,1322.5033686486174,76.30274972801394
2743,-46.286402683282546,58.42296782974839,7.232991078534571,1325.6164360228452,84.61046168029932
2744,-47.39699751960973,59.827669832311955,7.600744988033414,1296.2272272218925,84.97825061208516
2745,-48.507592355936936,61.23237183487555,7.9684451783613195,1266.8397866557625,85.34607255848735
2746,-49.61818719226409,62.63707383743912,8.336086808234503,1237.4542764615162,85.71393079943165
2747,-50.72878202859127,64.04177584000269,8.703664439470758,1208.0708791170264,86.08182906194332
2748,-51.83937686491848,65.44647784256628,9.071171942590844,1178.6898007154696,86.44977159859846
2749,-52.94997170124563,66.85117984512985,9.438602384003644,1149.3112748894746,86.81776328300916
2750,-54.06056653757284,68.25588184769342,9.805947890497134,1119.9355675390998,87.18580972678221
2751,-55.17116137390002,69.66058385025701,10.17319948559306,1090.562982561437,87.55391742377026
2752,-56.28175621022717,71.06528585282055,10.540346890710632,1061.1938688362147,87.92209392930275
2753,-57.39235104655438,72.46998785538415,10.907378282091148,1031.828628797945,88.29034808462211
2754,-58.50294588288156,73.87468985794774,11.274279991683446,1002.4677290273105,88.65869030032343
2755,-59.61354071920874,75.27939186051128,9.712817645673613,1086.55160389713,87.9903521184191
2756,-60.72413555553592,76.68409386307488,10.163623127280916,1052.257770301846,88.40556036553399
2757,-61.834730391863104,78.08879586563845,10.61425110055236,1017.9703221508473,88.8210118074956
2758,-62.945325228190285,79.49349786820201,10.90313677376961,985.2673464074535,91.72474306562931
2759,-64.05592006451747,80.89819987076561,11.360808631486558,950.9693834086158,92.01693718335792
2760,-65.16651490084465,82.30290187332918,11.818208687615233,916.6824889924362,92.30931224647436
2761,-66.27710973717183,83.70760387589274,12.275293982872988,882.4085266435638,92.60194208118287
2762,-67.38770457349901,85.11230587845634,12.732013269718681,848.1496256886027,92.89486366615694
2763,-68.49829940982619,86.51700788101991,13.114688568332554,832.892353582228,92.886084363316
2764,-69.60889424615337,87.92170988358347,13.577569387609351,797.3146400456246,93.20125139160834
2765,-70.71948908248055,89.32641188614707,14.040117322562342,761.7504115542727,93.51703063069695
2766,-71.83008391880773,90.73111388871061,14.502274977209115,726.2022320905578,93.83355070899034
2767,-72.94067875513491,92.1358158912742,14.963893987601274,690.6768259815019,94.15122776162785
2768,-74.05127359146212,93.5405178938378,15.424923010951735,655.1767108919018,94.47013929046697
2769,-75.16186842778927,94.94521989640134,17.76780694460602,605.1400314967309,94.73921961303812
2770,-76.27246326411645,96.34992189896494,18.02865819462651,571.1788723148561,95.06866628069409
2771,-77.38305810044366,97.75462390152853,18.289791155263412,537.2556810706247,95.40139423645637
2772,-78.49365293677081,99.15932590409207,18.599628605079392,504.5999293744661,96.39345739975118
2773,-79.60424777309802,100.56402790665567,19.429286980402956,489.73952712329253,98.33544839911778
2774,-80.7148426094252,101.96872990921926,19.399017451027422,458.07672016158256,98.18599303360628
2775,-81.82543744575239,103.3734319117828,19.59304123970021,422.3463531460952,98.05231540158542
2776,-82.93603228207957,104.7781339143464,19.796251557135154,381.85174999997275,97.99013148455543
2777,-84.04662711840672,106.18283591690997,20.002228856668918,341.40936772298386,97.926739016418
2778,-85.15722195473393,107.58753791947353,20.22082744027849,301.030229591003,97.8595712959016
2779,-86.26781679106111,108.99223992203713,20.43159571487652,260.61239816475836,97.79810482367176
2780,-87.37841162738829,110.39694192460067,20.5231343482861,214.7507859025282,97.77018832034395
2781,-88.48900646371547,111.80164392716426,20.621645470144827,160.42570096595963,97.73619940560154
2782,-89.59960130004265,113.20634592972786,20.82167797681502,106.72786946142715,97.67646209713207
2783,-90.71019613636983,114.6110479322914,21.059247251026658,55.55397319052182,97.60459897841173
2784,-91.820790972697,116.015749934855,21.137153673677986,5.3928383676263465,97.56978596806137
2785,-90.6417592695266,116.84391613656659,22.16938311825293,7.554751398253444,97.27152091770465
2786,-89.4627275663562,117.6720823382782,23.15893480721151,8.12833799885641,96.97134365137286
2787,-88.2836958631858,118.5002485399898,24.178785118335917,8.437664483915093,96.66197539716559
2788,-87.10466416001539,119.32841474170141,25.1367811596503,8.192181250908853,96.37137043327425
2789,-85.925632456845,120.156580943413,26.07374751735784,8.92591516669399,96.087144755081
2790,-84.81071914019189,118.74641684273459,25.914929655133705,58.445801880986615,96.13532163382216
2791,-83.6958058235388,117.33625274205617,25.682196786413957,111.07053644794156,96.20592038788156
2792,-82.5808925068857,115.92608864137776,25.52691874210234,165.75996720316314,96.25302347444381
2793,-81.4659791902326,114.51592454069934,25.434706720702575,216.3998745126117,96.28099568935242
2794,-80.3510658735795,113.10576044002093,25.238888272991556,266.0867157215218,96.34039657460893
2795,-79.23615255692641,111.69559633934252,25.021567914251126,312.48438599485576,96.40631999420674
2796,-78.12123924027331,110.2854322386641,24.718210950672656,353.8959950936502,96.49834233630949
2797,-77.00632592362021,108.87526813798569,24.45835841697762,397.0645374436196,96.5771677519844
2798,-75.89141260696712,107.46510403730727,24.31172891065381,436.3633423966761,96.62164733285216
2799,-74.77649929031402,106.05493993662886,24.189212865353365,475.29271534963726,96.6588121742348
2800,-73.66158597366092,104.64477583595044,23.813877926682366,533.0236295473537,96.77266879951894
2801,-72.54667265700783,103.23461173527203,24.12673419595735,555.4069300023781,96.67776487412159
2802,-71.43175934035473,101.82444763459361,23.977263756155715,596.2653763384938,96.72310624286231
2803,-70.31684602370163,100.4142835339152,23.827082074149043,637.162916246734,96.76866336459824
2804,-69.20193270704854,99.00411943323678,22.683348290411203,666.9785066661284,97.11561126478847
2805,-68.08701939039544,97.59395533255837,22.42389878210026,706.6717951199712,97.19431442403216
2806,-66.97210607374234,96.18379123187995,22.164365625381482,746.4006349693726,97.27304295774651
2807,-65.85719275708924,94.77362713120155,21.904783905754464,786.1579050243115,97.35178622286008
2808,-64.74227944043614,93.36346303052312,21.64517437308273,825.9381345438693,97.43053792496991
2809,-63.62736612378305,91.95329892984472,21.38558258064781,865.7391336288698,97.50928424563695
2810,-62.51245280712995,90.54313482916629,21.125976063865547,905.5548456429057,97.58803503288655
2811,-61.397539490476845,89.13297072848789,20.86636000090735,945.3828596814211,97.66678871593737
2812,-60.28262617382375,87.72280662780946,20.60673869413067,985.2212967809944,97.74554398968331
2813,-59.167712857170656,86.31264252713106,20.347114936535917,1025.068622322539,97.8243000068768
2814,-58.052799540517555,84.90247842645263,20.087494429092246,1064.9237373458393,97.90305503814774
2815,-56.93788622386446,83.49231432577423,19.827868999908407,1104.7852050656413,97.98181156241228
2816,-55.822972907211366,82.0821502250958,19.56824404616255,1144.6523723537978,98.06056794245474
2817,-54.708059590558264,80.6719861244174,19.308623136307176,1184.5246232925401,98.13932309579596
2818,-53.59314627390517,79.26182202373899,19.049004191424913,1224.4012563073484,98.21807765306878
2819,-52.478232957252075,77.85165792306057,18.091641987903095,1139.7269738841119,98.50849034434019
2820,-51.363319640598974,76.44149382238214,18.479465317164056,1131.8509204575794,98.39084540664176
2821,-50.24840632394588,75.03132972170374,18.218414805102157,1164.8820510959329,98.47003422513345
2822,-49.13349300729278,73.62116562102531,17.957420852400496,1197.9244521294686,98.54920588652836
2823,-48.01857969063968,72.21100152034691,17.69647774711997,1230.9769965500136,98.62836212352462
2824,-46.90366637398659,70.8008374196685,17.43558050802261,1264.0386997818334,98.70750444716447
2825,-45.78875305733349,69.39067331899008,17.174724773617285,1297.108698341502,98.78663418049148
2826,-44.67383974068039,67.98050921831167,16.913906692668203,1330.1862611349077,98.86575249176641
2827,-43.55892642402729,66.57034511763325,16.65312299667772,1363.270396000533,98.94486037247574
2828,-42.4440131073742,65.16018101695484,17.363243906117006,1263.8211525515185,98.72944751861573
2829,-41.3290997907211,63.75001691627642,17.13179400903385,1292.9761882615107,98.79965708742783
2830,-40.214186474068,62.33985281559801,16.90037535859721,1322.1326115925585,98.86985717767213
2831,-39.0992731574149,60.92968871491959,16.668981368535444,1351.2897642984851,98.94004978727217
2832,-37.984359840761805,59.51952461424118,16.43761197389235,1380.4478400399062,99.01023493593328
2833,-36.8694465241087,58.10936051356276,16.206265456684214,1409.6067840599858,99.08041314479829
2834,-35.75453320745561,56.69919641288434,14.401445651042266,1144.8164535653048,94.56580268668469
2835,-34.63961989080251,55.28903231220593,14.130267513400753,1166.4325573086737,94.51686774907274
2836,-33.52470657414942,53.87886821152753,13.859094392217642,1188.0510615554256,94.46801064987466
2837,-32.409793257496325,52.4687041108491,13.587926299752873,1209.6718174159698,94.41922449264196
2838,-31.294879940843224,51.05854001017069,13.316763246766204,1231.2947023911029,94.37050359577202
2839,-30.179966624190122,49.64837590949227,13.045604073593001,1252.9195788537202,94.32184840401646
2840,-29.065053307537028,48.23821180881386,13.458818103431884,1092.8824012674963,75.09123841817714
2841,-27.950139990883926,46.82804770813544,13.203228147772837,1110.4627004953163,74.61190409318348
2842,-26.83522667423083,45.41788360745703,12.947619511754773,1128.0459182058958,74.13290876287047
2843,-25.72031335757773,44.00771950677861,12.69199326570892,1145.6318837101371,73.65423292079407
2844,-24.605400040924636,42.5975554061002,12.436350403202365,1163.2204390153709,73.17585847456476
2845,-23.490486724271534,41.187391305421784,12.180691758294294,1180.81129067348,72.69776627643324
2846,-22.375573407618447,39.77722720474338,13.160968969200777,816.3795486881365,55.35993245477436
2847,-21.260660090965345,38.36706310406497,12.928552571142642,826.4090335270173,54.551835118058136
2848,-20.145746774312244,36.95689900338655,12.696131096070932,836.4442066717388,53.7440322046731
2849,-19.030833457659156,35.54673490270814,12.031572080321077,817.4140318793181,51.893380959247004
2850,-17.915920141006055,34.13657080202972,11.792018000373389,826.9559254472429,51.068331409780825
2851,-16.801006824352953,32.726406701351294,11.947402993220898,700.802524033952,47.031025726812715
2852,-15.686093507699852,31.31624260067288,11.715023597383802,707.9976737039611,46.15049128784207
2853,-14.571180191046764,29.906078499994464,11.48259596620181,715.1923552416974,45.270044591720854
2854,-13.456266874393663,28.49591439931605,19.50091807914213,634.2053258821788,34.13917962931653
2855,-12.341353557740561,27.085750298637635,19.406622339076566,639.8162159147037,33.09303920535142
2856,-11.226440241087474,25.675586197959234,20.820399822305543,649.0988865794245,32.62818835750858
2857,-10.111526924434372,24.26542209728082,20.749733950614086,654.774621449089,31.59076955601013
2858,-8.99661360778127,22.855257996602404,20.67904235028863,660.4515241225968,30.553264376758605
2859,-7.881700291128183,21.44509389592399,20.6083257038269,666.1292783340887,29.515669173072567
2860,-6.766786974475082,20.034929795245574,8.886374885662065,378.83452746598704,13.91641909768893
2861,-5.65187365782198,18.62476569456716,8.632883242216955,380.13677465834746,12.654847666717103
2862,-4.536960341168879,17.214601593888744,4.775025802486809,566.2684201597806,24.16945996166848
2863,-3.4220470245157912,15.80443749321033,4.47426939969759,570.1338512628381,23.08395732246288
2864,-2.3071337078626897,14.394273392531915,4.173532403323669,573.9996254686055,21.998596624583726
2865,-1.1922203912095881,12.984109291853486,6.666444604325058,611.487324386147,22.734899823246437
2866,-0.07730707455650077,11.573945191175085,6.381861293242835,639.7744560449732,19.608177313273544
2867,1.0376062420966008,10.16378109049667,0.092667416437898,512.0109052052062,12.098046283427493
2868,2.1525195587497024,8.753616989818255,2.6948252017499215,606.8003162846187,8.714045031429649
2869,3.2674328754027897,7.34345288913984,8.53946173028858,486.10925430838154,14.647906787149637
2870,4.382346192055891,5.933288788461425,7.5248651574936005,310.8019280186382,7.818811615390786
2871,5.497259508708993,4.52312468778301,7.457662092021572,176.91639221147142,1.0364289323294429
2872,6.612172825362094,3.1129605871045953,-2.953903742207906,-91.73170724654477,-16.32480421883138
2873,7.727086142015196,1.7027964864261804,3.62249611441095,-87.31246614435574,-16.129033750985926
2874,8.841999458668283,0.2926323857477655,7.891048957694622,-91.04277180823412,-10.452564279852226
2875,9.956912775321385,-1.1175317149306494,4.296863621766587,87.2662162444165,-4.324123909702024
2876,11.071826091974486,-2.5276958156090643,4.019912732780067,86.06526936387101,-5.62250330608488
2877,12.186739408627588,-3.9378599162874792,-0.8471425210311558,-206.4973296808847,-25.723202313577232
2878,13.301652725280675,-5.348024016965894,-3.536697720781543,-426.67865576206975,-25.808025488241498
2879,14.416566041933777,-6.758188117644323,2.200161692519714,-712.0257823213403,-34.955538772418684
2880,15.531479358586878,-8.168352218322738,3.2119457912290823,-352.41241565413617,-24.87570213211569
2881,16.64639267523998,-9.578516319001139,0.7099699418122736,-413.2227862641606,-29.89388606040218
2882,17.761305991893053,-10.98868041967954,0.4669816653559753,-407.0959871155751,-30.936375355247392
2883,18.876219308546155,-12.39884452035794,0.2239914743900897,-400.9689096310695,-31.97890026635409
2884,19.991132625199256,-13.80900862103637,5.0067872438501375,-481.3306907454408,-40.48596556792799
2885,21.106045941852344,-15.219172721714799,4.687424181138033,-473.88264014590976,-41.415872929622296
2886,22.220959258505445,-16.6293368223932,-1.277467727989528,-306.53791217923697,-45.78528432874506
2887,23.335872575158547,-18.03950092307163,-4.660692566618311,-472.684462021713,-48.20457848724314
2888,24.45078589181165,-19.44966502375003,-5.272280229143957,-486.2113840298135,-51.018905546719665
2889,25.56569920846475,-20.859829124428458,-4.129478118482899,-386.55617496880603,-50.043818172137335
2890,26.680612525117837,-22.26999322510686,-4.326972411688288,-379.85470364223625,-50.87289512390713
2891,27.79552584177094,-23.680157325785288,-6.127830887247344,-519.2823508821282,-49.388906637089875
2892,28.91043915842404,-25.09032142646369,-12.585928601744225,-668.5091443960334,-59.70980672799176
2893,30.025352475077142,-26.500485527142118,-12.641714591554106,-656.3322446070677,-60.41403679245612
2894,31.14026579173023,-27.91064962782052,-12.697650280280282,-644.1552166522291,-61.11843513423052
2895,32.25517910838333,-29.320813728498948,-10.108775690072534,-499.73539512817837,-58.594160443204025
2896,33.37009242503643,-30.73097782917735,-10.210957890307194,-490.03974187814026,-59.36085430330618
2897,34.485005741689534,-32.14114192985578,-10.389968689515433,-515.1010480174333,-64.2454849553891
2898,35.599919058342635,-33.55130603053418,-10.49030511919089,-504.7818550957997,-64.93053985215644
2899,36.71483237499572,-34.96147013121261,-10.590680632573227,-494.4653041314301,-65.61585577623997
2900,37.829745691648824,-36.371634231891036,-11.098310649619087,-578.3487301404217,-69.37230594405075
2901,38.944659008301926,-37.78179833256944,-11.190527153866563,-566.0215334931953,-69.99564421636974
2902,40.059572324955,-39.19196243324784,-11.282801948605579,-553.6963481822419,-70.61938505392826
2903,41.1744856416081,-40.60212653392624,-11.375138866750223,-541.3732953495179,-71.24355267891127
2904,42.28939895826119,-42.01229063460467,-10.147651365142567,-763.081825970994,-90.47052024247381
2905,43.404312274914304,-43.42245473528307,-11.141463487850553,-826.7953296306441,-91.3596345687821
2906,44.51922559156739,-44.8326188359615,-12.877641488193825,-831.8905620455204,-92.34933503705273
2907,45.63413890822051,-46.2427829366399,-12.940502441467165,-811.6121596588355,-92.49706061065251
2908,46.749052224873594,-47.65294703731833,-13.003447413077751,-791.3371305807048,-92.64485130242426
2909,47.86396554152668,-49.06311113799673,-13.066486220101496,-771.0655986012505,-92.79271139694154
2910,48.9788788581798,-50.47327523867516,-13.129602085525482,-750.7981223682522,-92.94064242201003
2911,50.093792174832885,-51.88343933935356,-13.192818011642505,-730.5345974727843,-93.08864979962284
2912,51.208705491486,-53.29360344003199,-13.256150921229876,-710.2752095903849,-93.23674057643406
2913,52.32361880813909,-54.703767540710416,-13.319650441606383,-690.0201375702495,-93.38493142963782
2914,53.438532124792175,-56.11393164138882,-13.383290379567613,-669.7701393792958,-93.5332232563032
2915,54.55344544144529,-57.524095742067246,-13.447080444414963,-649.5256453469856,-93.68162366480516
2916,55.66835875809838,-58.93425984274565,-13.511033268283612,-629.2871178800585,-93.8301414136644
2917,56.783272074751466,-60.344423943424076,-15.536096404938867,-740.0597773595442,-95.96242517216346
2918,57.89818539140458,-61.754588044102476,-15.535231743093554,-715.5101121502375,-96.0437710748671
2919,59.01309870805767,-63.164752144780905,-15.534517905883558,-690.9678071848303,-96.12511862921491
2920,60.128012024710785,-64.5749162454593,-15.533968792409569,-666.4335447824755,-96.20646820156982
2921,61.24292534136387,-65.98508034613774,-16.659395774853145,-743.5385154552237,-96.3179734431904
2922,62.35783865801696,-67.39524444681614,-16.61383374588438,-715.0591046437576,-96.39869091897124
2923,63.47275197467005,-68.80540854749454,-16.568319328328514,-686.5822616456271,-96.4794335423278
2924,64.58766529132313,-70.21557264817294,-16.522857862887957,-658.1082870702791,-96.56020408625163
2925,65.70257860797625,-71.62573674885137,-16.477455471963758,-629.6375283284191,-96.6410057232279
2926,66.81749192462934,-73.0359008495298,-16.432119194234126,-601.1703885998078,-96.72184209357778
2927,67.93240524128245,-74.4460649502082,-15.07437516918348,-567.5919870644868,-97.39787302585204
2928,69.04731855793554,-75.85622905088663,-15.092778533049616,-539.3827338143051,-97.44926113531716
2929,70.16223187458863,-77.26639315156503,-15.111229072483894,-511.17748898562775,-97.50070232354467
2930,71.27714519124174,-78.67655725224346,-15.129733264200896,-482.97690017392847,-97.55220498777905
2931,72.39205850789483,-80.08672135292186,-15.148298693068767,-454.7817563811434,-97.60377931150677
2932,73.50697182454795,-81.49688545360029,-15.16693424102201,-426.5930266322261,-97.65543773506585
2933,74.62188514120103,-82.90704955427869,-15.185650278846405,-398.4119109004828,-97.70719556784752
2934,75.73679845785412,-84.31721365495711,-15.204458822408796,-370.23990748128654,-97.75907178409135
2935,76.85171177450724,-85.72737775563552,-15.223460983251556,-342.080015957182,-97.81110975802807
2936,77.96662509116032,-87.13754185631394,-15.242378817094128,-313.93084838143363,-97.86327255842822
2937,79.08153840781341,-88.54770595699235,-15.26135725795288,-285.7965498049205,-97.91562007400869
2938,80.19645172446653,-89.95787005767077,-14.949795468176028,-270.30340799322806,-97.98460402391648
2939,81.31136504111961,-91.36803415834918,-15.002863309638666,-240.97087251522376,-98.03672679014542
2940,82.42627835777273,-92.7781982590276,-14.793814931377788,-244.56002948107513,-98.24560031500178
2941,83.54119167442582,-94.18836235970603,-14.882482319481841,-210.9008334102011,-98.27752264217195
2942,84.6561049910789,-95.59852646038443,-14.80889825741158,-196.2795524477225,-98.54145190348267
2943,85.77101830773199,-97.00869056106283,-15.109491770746205,-159.69357822691944,-98.51184604833536
2944,86.88593162438511,-98.41885466174124,-15.179415995192493,-122.6451738195705,-98.50495911841702
2945,88.0008449410382,-99.82901876241966,-15.319421928036816,-91.729896829621,-98.49116974777638
2946,89.11575825769128,-101.23918286309807,-15.35447184367072,-52.572115674225834,-98.48771763494246
2947,90.2306715743444,-102.6493469637765,-15.343091289340164,-15.213923865789454,-98.48883852088329
2948,91.34558489099749,-104.0595110644549,-15.41992146140729,24.837269206048802,-98.48127141499357
2949,92.46049820765057,-105.46967516513332,-15.524480624415832,70.42108101351005,-98.47097324388533
2950,93.57541152430369,-106.87983926581173,-15.636198932459973,120.86399134008913,-98.45996995905537
2951,94.69032484095678,-108.29000336649015,-15.825862794047833,175.11983742521616,-98.44128971292982
2952,95.80523815760989,-109.70016746716855,-15.90577895368579,230.65074663983992,-98.43341866401755
2953,96.920151474263,-111.110331567847,-16.01966390681287,288.01674780050973,-98.4222019834301
2954,98.0028050750106,-110.1602644630802,-15.074556902100367,292.07199418889303,-98.51528683003839
2955,99.0854586757582,-109.2101973583134,-14.118276851428512,291.5597678916506,-98.60947212481184
2956,100.1681122765058,-108.2601302535466,-13.134862046848024,290.165782774578,-98.70632995760775
2957,101.2507658772534,-107.3100631487798,-12.045243613940006,288.94719738819555,-98.81364792708955
2958,102.333419478001,-106.359996044013,-11.062044473341846,290.69418291959687,-98.91048451885284
2959,101.22234223183844,-104.95468388008395,-10.937763445138048,234.5193288783895,-98.9227251227093
2960,100.11126498567587,-103.5493717161549,-10.86300559526267,181.2826736709748,-98.93008812282856
2961,99.00018773951331,-102.14405955222584,-10.673423891705514,127.4293034593889,-98.94876027710038
2962,97.88911049335074,-100.73874738829679,-10.474744038371725,75.35898118629612,-98.96832852025119
2963,96.77803324718818,-99.33343522436773,-10.33222051971853,31.21737328278686,-98.98236585126845
2964,95.6669560010256,-97.92812306043868,-10.231004819168461,-8.354206325199357,-98.99233472030984
2965,94.55587875486303,-96.52281089650961,-10.092104789605376,-47.093964428850434,-99.00601516906465
2966,93.44480150870046,-95.11749873258056,-9.961193643011143,-86.57344722059622,-99.0189087821045
2967,92.3337242625379,-93.7121865686515,-9.904525943903298,-116.64416748015833,-99.02449005920097
2968,91.22264701637533,-92.30687440472245,-9.831310373844032,-154.78985229222906,-99.0317011581287
2969,90.11156977021277,-90.9015622407934,-9.724426133022568,-192.31612901692318,-99.04222832924489
2970,89.0004925240502,-89.49625007686434,-9.900730833443843,-214.80332470968727,-99.02486384468051
2971,87.88941527788764,-88.09093791293529,-9.83387011025787,-250.11239074540015,-99.03144904628293
2972,86.77833803172507,-86.68562574900623,-10.146703719348256,-266.72092520571294,-99.00063764781599
2973,85.66726078556249,-85.28031358507718,-10.1256420989999,-299.8501560834019,-99.00271203483216
2974,84.55618353939994,-83.87500142114813,-10.098131130830614,-325.4885874321585,-99.00542162669778
2975,83.44510629323736,-82.46968925721907,-10.073263871486276,-357.77132783587257,-99.00787083616306
2976,82.3340290470748,-81.06437709329002,-10.048571648982831,-390.0697631203155,-99.01030280601695
2977,81.22295180091223,-79.65906492936097,-9.454819595564794,-409.37364267380065,-99.06878223590184
2978,80.11187455474966,-78.2537527654319,-9.385500540492751,-440.70492791250206,-99.07560956188316
2979,79.0007973085871,-76.84844060150286,-7.909959727102898,-400.4833852610663,-98.09528725788633
2980,77.88972006242453,-75.44312843757379,-7.747774435167203,-427.1240763290934,-98.03375844784458
2981,76.77864281626196,-74.03781627364474,-8.812190917217332,-501.13788154006147,-97.68112577613938
2982,75.6675655700994,-72.63250410971568,-8.721535475184371,-530.5124652185771,-97.60347775173368
2983,74.55648832393683,-71.22719194578663,-8.631245207314183,-559.900041674366,-97.52608422914884
2984,73.44541107777425,-69.82187978185758,-8.541296932455634,-589.2993852229349,-97.44891663280302
2985,72.33433383161169,-68.41656761792852,-6.142616313895036,-567.3275860660499,-97.30541433729744
2986,71.22325658544912,-67.01125545399947,-5.9444924383900695,-594.3464262587393,-97.22581820595957
2987,70.11217933928657,-65.60594329007041,-5.74657526628406,-621.3710749363173,-97.1463378295542
2988,69.00110209312399,-64.20063112614136,-5.548840886284232,-648.4007651835037,-97.06695772732316
2989,67.89002484696142,-62.7953189622123,-5.351269751516104,-675.4349371391716,-96.98766704831485
2990,66.77894760079886,-61.390006798283245,-5.153844889653558,-702.4731089376197,-96.90845639870177
2991,65.66787035463628,-59.98469463435419,-4.956551513969424,-729.5148639539714,-96.82931761556624
2992,64.55679310847373,-58.57938247042514,-4.759376698073749,-756.5598403896804,-96.75024357914893
2993,63.445715862311154,-57.174070306496084,-5.313408904627534,-719.0268877298821,-91.95434039284495
2994,62.33463861614859,-55.76875814256703,-2.256860929190909,-660.8154263593174,-84.86454477392753
2995,61.22356136998602,-54.36344597863797,-1.1488945754700046,-590.6391277570391,-78.94050848625659
2996,60.11248412382345,-52.958133814708916,-0.8549498579679502,-609.5902044001747,-78.29175841363124
2997,59.00140687766089,-51.55282165077987,-0.5611928599642986,-628.551994863208,-77.64352083086834
2998,57.89032963149832,-50.14750948685081,-1.0902077644015349,-715.5337921428224,-82.57019767932167
2999,56.77925238533575,-48.742197322921754,-0.8217749471850814,-736.4481886784151,-82.08279545088438
3000,55.66817513917319,-47.3368851589927,0.8844397654611973,-736.5737158312886,-78.64245457249872
3001,54.557097893010614,-45.93157299506364,0.03867906272260546,-754.2713341491881,-80.1996641509261
3002,53.44602064684805,-44.526260831134586,0.31547492521323095,-774.562508489219,-79.68870583573711
3003,52.33494340068548,-43.12094866720553,0.5922634065406647,-794.8543830782396,-79.17774202976247
3004,51.22386615452291,-41.71563650327647,0.019650897514356558,-798.4302274980062,-80.06464077246716
3005,50.11278890836035,-40.31032433934743,0.27858966348563063,-818.1468292918629,-79.58110656847319
3006,49.001711662197785,-38.90501217541838,0.5374877412788233,-837.8658097876714,-79.09756977369415
3007,47.89063441603522,-37.499700011489324,-0.011709699934523421,-792.7144166151311,-76.29837162170244
3008,46.779557169872646,-36.094387847560256,2.180086984884512,-582.2637236053806,-73.33853664934793
3009,45.66847992371008,-34.6890756836312,2.465269721217447,-595.2641396216678,-72.75429827644928
3010,44.557402677547515,-33.28376351970215,2.7503429698127198,-608.2700694219067,-72.16978674054499
3011,43.44632543138494,-31.878451355773095,1.5708684587636625,-643.5370982285274,-72.33974376850136
3012,42.335248185222376,-30.47313919184404,1.8223793060699869,-657.074610300998,-71.77341333266327
3013,41.22417093905981,-29.067827027914987,4.981772179399545,-529.3785881728203,-71.46847717466432
3014,40.11309369289724,-27.66251486398592,5.290447173908875,-540.1593158625807,-70.90775156210037
3015,39.002016446734686,-26.25720270005688,5.898800108679076,-952.9339296621914,-95.55095076145244
3016,37.89093920057212,-24.851890536127826,6.209681408035962,-971.1983605871882,-95.44877710378165
3017,36.77986195440954,-23.446578372198772,6.520813579114954,-989.4604225969264,-95.34658959361842
3018,35.668784708246974,-22.041266208269718,0.2242142873335382,-946.2111463985395,-67.65433727161715
3019,34.55770746208441,-20.635954044340664,-2.7730164649624918,-855.2248963822425,-61.279117716590804
3020,33.44663021592184,-19.230641880411596,-2.6341618785962613,-870.338367190957,-60.55825657851157
3021,32.33555296975928,-17.825329716482543,-0.005754240048625903,-952.7604412740817,-55.95449090939172
3022,31.22447572359671,-16.42001755255349,-2.7013038231293507,-897.6714376715124,-55.04932158934797
3023,30.11339847743413,-15.014705388624435,4.816877893816201,-606.824781084433,-44.08624110535305
3024,29.002321231271566,-13.609393224695381,5.0745741488656755,-616.658098895621,-43.13720672256253
3025,27.891243985109014,-12.204081060766342,0.5384194293172584,-919.258803734422,-39.20210436589369
3026,26.78016673894645,-10.798768896837274,-3.292843218709457,-671.433745252798,-40.43635813226922
3027,25.66908949278387,-9.39345673290822,-3.1648782802116564,-681.2492181451121,-39.47745946586418
3028,24.558012246621303,-7.988144568979166,-2.7915079776506175,-347.0799796848048,-28.572199472220433
3029,23.446935000458737,-6.582832405050112,6.921357828188821,-352.76486439321076,-32.96208451427114
3030,22.33585775429617,-5.177520241121059,8.044892039964882,-182.22877725394721,-31.609790610469986
3031,21.224780508133605,-3.772208077192005,8.324778829202373,-184.4455707390056,-30.54599312427598
3032,20.11370326197104,-2.366895913262937,11.14413211085197,-82.25638685236946,-17.503751160213014
3033,19.00262601580846,-0.961583749333883,13.450201513553573,-151.2425389056441,-15.996161341873702
3034,17.891548769645894,0.44372841459517076,2.435361964618835,-248.84290899426185,-29.834543325159366
3035,16.780471523483342,1.8490405785242103,2.4648154746675814,-235.3569258066955,-33.64738926336433
3036,15.669394277320777,3.254352742453264,-1.5577497243397787,-60.59346489964672,-17.085299341685563
3037,14.55831703115821,4.659664906382332,7.758561215636938,101.97526581912403,-9.440518279965431
3038,13.44723978499563,6.064977070311386,19.06691098452699,64.52577864161059,-0.42629170594134536
3039,12.336162538833065,7.47028923424044,22.65458472095066,81.00888918297869,-1.180931290957055
3040,11.2250852926705,8.875601398169493,35.81925274661955,15.094333544521493,-13.019753911605072
3041,10.114008046507934,10.280913562098547,-26.433625496529217,-113.65371072805434,-11.126957776929473
3042,9.002930800345368,11.686225726027601,17.99948113391865,656.5473764846722,29.123252471905033
3043,7.891853554182788,13.091537889956655,18.795211058578417,534.7412946224298,3.9682295349644434
3044,6.780776308020222,14.496850053885723,21.809420084193675,421.6856904029454,14.883601947973908
3045,5.669699061857656,15.902162217814777,23.655693065805202,322.72553735527964,14.880519646837946
3046,4.558621815695091,17.30747438174383,18.246258015283196,353.23020118479644,17.279706097479988
3047,3.447544569532525,18.712786545672884,21.78401337556639,640.1570493320816,33.1740514352249
3048,2.336467323369959,20.118098709601938,19.300023058154657,719.9223980151535,34.517196955426414
3049,1.2253900772073791,21.52341087353099,14.646841016986855,658.0287906670243,27.18722777585267
3050,0.11431283104481338,22.92872303746006,14.938539244598992,642.8176851039013,22.43141204459588
3051,-0.996764415117724,24.33403520138907,17.313472928986975,724.1403211927741,28.723742459382173
3052,-2.107841661280304,25.73934736531814,30.05231989812762,1003.8763718588731,40.99117992494969
3053,-3.2189189074428697,27.144659529247207,25.6272007741224,1035.1147213466995,35.648982352746025
3054,-4.329996153605435,28.549971693176246,21.123078949256687,794.4705886174245,29.85553151801229
3055,-5.441073399768001,29.955283857105314,21.269178342412722,786.9322944749447,30.90714531092354
3056,-6.552150645930567,31.360596021034354,23.17414463366955,982.2176740350378,36.78833333103145
3057,-7.663227892093133,32.76590818496342,23.842901422105932,859.4847803599505,37.21393145665674
3058,-8.774305138255713,34.17122034889249,17.21361450873195,710.6049875301096,40.64614283042884
3059,-9.885382384418278,35.57653251282153,22.302098791457137,840.4905050788702,48.51006126107225
3060,-10.996459630580844,36.9818446767506,22.442070100618196,831.3138031822469,49.34550052975219
3061,-12.10753687674341,38.38715684067964,22.582149834739127,822.1392653921051,50.181363439763096
3062,-13.218614122905976,39.792469004608705,19.631684236310445,721.6711033425781,46.314724588028994
3063,-14.329691369068541,41.197781168537745,25.775231902787556,893.5542125426014,67.63212162753167
3064,-15.440768615231121,42.60309333246681,25.860247462940595,882.6383127159863,68.16456958843976
3065,-16.551845861393687,44.00840549639588,25.94535496069029,871.7246979347499,68.69709214853827
3066,-17.662923107556253,45.41371766032492,32.538646478842395,1121.3843231114543,76.20429422318264
3067,-18.77400035371882,46.81902982425399,32.48667943671954,1105.410166682547,76.5969227377199
3068,-19.885077599881384,48.22434198818303,26.559999796191946,813.7669149174765,61.89195610561065
3069,-20.99615484604395,49.629654152112096,26.627961372421215,803.1909785011071,62.58260287493247
3070,-22.10723209220653,51.034966316041164,26.69577751415129,792.6185931448183,63.27315040051581
3071,-23.218309338369068,52.440278479970175,18.71721894020367,1186.673502404114,60.56822175170708
3072,-24.329386584531633,53.84559064389924,18.96319993435951,1167.1490057396315,61.32668166444663
3073,-25.440463830694213,55.25090280782828,19.20896074734631,1147.6265618946907,62.08499416409795
3074,-26.551541076856765,56.65621497175735,19.454488013623337,1128.106294397646,62.84315010789991
3075,-27.662618323019345,58.06152713568642,19.699767412865796,1108.5883355340977,63.60113967518107
3076,-28.773695569181925,59.46683929961546,19.94478360566177,1089.0728269267283,64.35895231695602
3077,-29.884772815344476,60.872151463544526,20.189522023301507,1069.5599295491593,65.11658180336545
3078,-30.995850061507056,62.277463627473566,19.362561884631752,1014.5217956882459,63.889526456266424
3079,-32.10692730766961,63.682775791402634,19.636621946444905,995.9807190241964,64.70125242173643
3080,-33.21800455383219,65.08808795533167,19.910501262570136,977.4507457891079,65.51311414990798
3081,-34.32908179999477,66.49340011926074,20.18418276804161,958.9324580412091,66.32509945276178
3082,-35.44015904615732,67.89871228318981,15.07357392081775,1195.1390406770943,69.34707743651622
3083,-36.5512362923199,69.30402444711885,18.091127315643927,1309.5098260181444,76.9024921156977
3084,-37.66231353848245,70.70933661104792,18.44679691947243,1279.1575679322364,77.44798709506316
3085,-38.77339078464503,72.11464877497696,18.8024097037135,1248.8097111810473,77.99387324048807
3086,-39.88446803080758,73.51996093890602,19.15796191474474,1218.4664234187337,78.54016642833783
3087,-40.99554527697016,74.92527310283506,19.51345243447568,1188.128324345759,79.08691570941978
3088,-42.10662252313274,76.33058526676413,22.25068808150571,1210.565365714585,83.40294423649593
3089,-43.217699769295294,77.7358974306932,22.52467462375694,1178.4046595072814,83.81933672981921
3090,-44.328777015457874,79.14120959462224,22.798800473841553,1146.2534855972128,84.23651553428549
3091,-45.439854261620425,80.54652175855131,23.073081064172754,1114.1128197709024,84.65455831980815
3092,-46.55093150778298,81.95183392248032,23.347534666138024,1081.9835613515334,85.0735367878269
3093,-47.66200875394556,83.35714608640939,28.30871981035363,1119.8015933037432,93.77933215996288
3094,-48.77308600010811,84.76245825033845,28.382062989990896,1084.5271578491486,93.82870582530862
3095,-49.88416324627069,86.1677704142675,28.45566123347924,1049.2546165550332,93.87809823801798
3096,-50.99524049243327,87.57308257819656,28.529592423979224,1013.9832961930447,93.92746997601155
3097,-52.10631773859582,88.9783947421256,28.57412713958289,954.1190007604444,93.66474106433631
3098,-53.2173949847584,90.38370690605467,28.649646638804477,920.1312692130803,93.73154602087979
3099,-54.32847223092095,91.78901906998374,28.725613541469514,886.1545841479641,93.79853464090664
3100,-55.43954947708353,93.19433123391278,28.802102978972293,852.1902219249035,93.8657172649159
3101,-56.55062672324608,94.59964339784185,30.22356103099878,867.5200496689841,94.82831240684601
3102,-57.66170396940866,96.00495556177088,30.20904112114234,830.1884621627313,94.83271697398155
3103,-58.77278121557124,97.41026772569995,30.194962500367264,792.8635643874588,94.8369876775185
3104,-59.883858461733794,98.81557988962899,30.18141645170397,755.5468068279289,94.84109682704826
3105,-60.994935707896374,100.22089205355806,30.247416283125762,689.9420461682378,94.8210759941846
3106,-62.106012954058926,101.62620421748713,30.226839316980953,655.0770767066681,94.82731794952225
3107,-63.217090200221506,103.03151638141617,30.206736805154005,620.2122029325049,94.83341598069529
3108,-64.32816744638409,104.43682854534524,30.18723159975417,585.3486292997538,94.83933282091851
3109,-65.43924469254664,105.84214070927428,30.168566573722686,550.4915961282479,94.84499479547996
3110,-66.55032193870922,107.24745287320334,30.150989138418268,515.6378824244916,94.85032685295374
3111,-67.66139918487177,108.65276503713241,29.768893303705664,503.2761670462036,94.9662343739257
3112,-68.77247643103432,110.05807720106142,29.760419688421738,465.20354223176423,94.96880481739039
3113,-69.8835536771969,111.46338936499049,29.82436978221652,426.2450952089696,94.94940576572772
3114,-70.99463092335945,112.86870152891953,29.79344487288994,393.64399712172406,94.95878673576377
3115,-72.10570816952203,114.2740136928486,29.933880964065153,351.9414955982793,94.91618590711208
3116,-73.21678541568458,115.67932585677767,30.012120230574585,312.80698589851454,94.89245228167076
3117,-74.32786266184716,117.0846380207067,30.125611084997118,271.3550601461551,94.85802520240411
3118,-75.43893990800974,118.48995018463577,30.170293326568455,223.54546031524612,94.84447099065535
3119,-76.5500171541723,119.89526234856481,30.22343307777176,168.76097656341494,94.82835122103874
3120,-77.66109440033487,121.30057451249388,30.40251241790449,115.46214684959529,94.7740280892839
3121,-78.77217164649743,122.70588667642292,30.62296370145418,61.793673921078465,94.70715491389177
3122,-79.88324889266,124.111198840352,30.873970886558766,5.809170237942517,94.63101270576354
3123,-78.65403552082701,124.8758942891334,31.835467269559135,7.772370894181442,94.33934592467733
3124,-77.42482214899401,125.6405897379148,32.8331881156694,9.878016808645853,94.0366905712588
3125,-76.195608777161,126.4052851866962,33.83289086679253,11.203037935590011,93.73343401344084
3126,-74.966395405328,127.1699806354776,34.8576731432021,7.493756961958503,93.42256966370519
3127,-73.737182033495,127.934676084259,35.86641303379399,4.56497246358866,93.1165717192053
3128,-72.62583308309473,126.52902026351258,35.584520644701065,56.277059815876534,93.20208285288516
3129,-71.51448413269445,125.12336444276617,35.23341694214961,111.37855141467867,93.30858901199421
3130,-70.40313518229418,123.71770862201976,35.069892280506075,163.41235658274113,93.35819368293531
3131,-69.2917862318939,122.31205280127335,34.94193359142798,217.582754297359,93.39700953249574
3132,-68.18043728149362,120.90639698052694,34.82204488070411,267.7200783936012,93.43337738053306
3133,-67.06908833109334,119.50074115978053,34.747160484847974,316.37180332131106,93.45609331694128
3134,-65.95773938069307,118.09508533903411,34.625289187189296,359.2202013317658,93.49306257623688
3135,-64.8463904302928,116.68942951828771,34.50357507740096,397.86535375707217,93.52998415310638
3136,-63.735041479892516,115.28377369754129,34.376983145902855,428.1013033581787,93.30127048093534
3137,-62.623692529492246,113.87811787679489,34.25965888670817,468.05308882007114,93.25241836589132
3138,-61.51234357909197,112.47246205604847,34.130065659712166,508.860569513878,93.19515441674113
3139,-60.40099462869169,111.06680623530207,34.312013807097614,532.0979891964048,93.19284887618609
3140,-59.289645678291414,109.66115041455565,34.2245241389517,565.1289597829948,93.12677080260428
3141,-58.17829672789114,108.25549459380925,33.76925579395345,599.1071604128888,92.47639222881779
3142,-57.06694777749087,106.84983877306283,34.14402035810729,607.6600182929196,92.5051045699202
3143,-55.95559882709058,105.44418295231642,34.16499841843321,626.7133021768052,91.16142002665522
3144,-54.84424987669031,104.03852713157,34.10645921737723,658.8409920616275,90.92530279789234
3145,-53.732900926290036,102.6328713108236,34.04787007896439,690.9877546592295,90.69120487281259
3146,-52.62155197588976,101.22721549007719,33.98924218006507,723.1496952431854,90.45871770663976
3147,-51.51020302548949,99.82155966933078,33.93069651878277,755.3200485954258,90.2273203832779
3148,-50.398854075089204,98.41590384858436,33.27633761979613,753.0800963235808,88.67131599600121
3149,-49.287505124688934,97.01024802783796,33.176194895905624,782.8441853298262,88.34963661887492
3150,-48.17615617428866,95.60459220709154,33.07624137355454,812.6151056918161,88.02851073516425
3151,-47.06480722388838,94.19893638634514,32.976461588399346,842.3922125447018,87.707873240692
3152,-45.9534582734881,92.79328056559872,32.131114853638955,913.236798016231,87.89955932409637
3153,-44.842109323087826,91.3876247448523,31.239134849087115,844.282785522042,84.922680051728
3154,-43.730760372687556,89.9819689241059,29.84521023898713,787.9034068493359,82.46494490217052
3155,-42.61941142228727,88.5763131033595,32.77157013112884,1017.9886859468061,89.21977323551279
3156,-41.508062471887,87.17065728261308,32.68703266886919,1049.980640094927,89.01699082064368
3157,-40.396713521486724,85.76500146186666,32.601809914472234,1081.978475433937,88.8141558085446
3158,-39.28536457108645,84.35934564112026,32.51592303245341,1113.9808048429168,88.61126559283193
3159,-38.17401562068617,82.95368982037385,32.429492348537345,1145.9878961879242,88.40833474536198
3160,-37.0626666702859,81.54803399962744,32.34260910111502,1178.0016183247562,88.20538140296904
3161,-35.95131771988562,80.14237817888102,32.255248596536795,1210.0199065075087,88.00239477457333
3162,-34.839968769485345,78.73672235813461,32.16745332697565,1242.0423153918423,87.79937785905692
3163,-33.72861981908507,77.33106653738821,32.079263253301576,1274.0685217080475,87.59633382512742
3164,-32.61727086868479,75.92541071664179,32.806174250375214,1304.1931678279434,88.48045608148512
3165,-31.50592191828452,74.51975489589537,32.7454871116375,1336.1467985102358,88.31167510394619
3166,-30.394572967884237,73.11409907514897,38.72623563924637,1154.0538917331473,84.66940016953212
3167,-29.283224017483967,71.70844325440257,38.543400074512945,923.3654838925881,81.12102725392673
3168,-28.17187506708369,70.30278743365615,40.83411243539795,872.8793507029084,80.56389806069102
3169,-27.060526116683413,68.89713161290973,41.004830532464716,888.9921238841907,80.18949495535009
3170,-25.949177166283143,67.49147579216333,41.17539839237629,905.1077874971564,79.81508531379812
3171,-24.83782821588286,66.08581997141692,43.12295574680923,1127.4500274027878,82.32013204529628
3172,-23.72647926548258,64.68016415067049,43.33713521306217,1148.8155055314041,82.01741450139268
3173,-22.61513031508231,63.2745083299241,42.006978914642865,995.5741705551854,80.66672593050218
3174,-21.503781364682034,61.868852509177685,33.34794266407094,837.3980789004466,74.00979678240876
3175,-20.39243241428175,60.46319668843127,42.00313745526549,1074.9719967845203,77.64145796093938
3176,-19.28108346388148,59.057540867684864,36.951364112993886,1369.1154325623927,75.7204970860675
3177,-18.169734513481202,57.651885046938446,32.364778780755884,1257.7027615366717,60.355314960984494
3178,-17.058385563080925,56.24622922619203,32.298921420685716,1278.4487049508175,59.58521704059368
3179,-15.947036612680655,54.840573405445625,32.23323302133431,1299.2045928451391,58.81570838703659
3180,-14.835687662280378,53.43491758469922,32.60428833115077,1059.114096912899,52.45317162218309
3181,-13.724338711880108,52.02926176395282,32.55020159076841,1074.621854155431,51.571172713864065
3182,-12.612989761479824,50.6236059432064,31.72684598709236,1228.4361085513167,55.62368708026395
3183,-11.501640811079547,49.21795012245998,29.040622064008996,861.7256873509414,44.65780911471811
3184,-10.390291860679277,47.81229430171358,30.51394135614093,1061.2362515500904,50.679915962454686
3185,-9.278942910279,46.40663848096716,39.20369049756314,1339.4876971089739,62.04729902731176
3186,-8.167593959878715,45.00098266022074,38.23126566054435,1324.633772556315,59.17111365900453
3187,-7.056245009478445,43.59532683947434,39.119783977084396,1334.9908138596916,60.9158154602477
3188,-5.944896059078161,42.18967101872792,41.53109730328005,1166.4763486635559,56.61315603737612
3189,-4.833547108677891,40.78401519798152,41.634542983714205,1181.5771111900344,55.9342823640596
3190,-3.722198158277621,39.378359377235114,34.66236114600802,917.9443572779271,44.9536997268639
3191,-2.6108492078773367,37.972703556488696,53.04613207847221,1161.8526273336333,64.7323519903141
3192,-1.4995002574770666,36.56704773574229,30.747334670126605,798.4648075824055,45.36272060558161
3193,-0.38815130707679657,35.161391914995875,30.635387754457057,806.1749366666318,44.50735236901561
3194,0.7231976433234877,33.75573609424946,25.929753172590956,863.3810083966118,47.27039591665238
3195,1.8345465937237577,32.35008027350305,25.751412750371074,871.7527470949212,46.464460182772825
3196,2.945895544124042,30.944424452756635,26.529567278103436,729.4171493206261,35.34410216024661
3197,4.057244494524312,29.538768632010232,29.854621367460027,1167.962164536726,43.64030331809214
3198,5.168593444924582,28.13311281126383,26.169753163669732,456.3621445815222,21.116021295027345
3199,6.279942395324866,26.72745699051741,26.854326414574906,431.4686483008494,21.710979684414795
3200,7.391291345725151,25.321801169770993,28.702485894594787,466.00639763169397,25.370272798175783
3201,8.50264029612542,23.91614534902459,29.9621274834996,631.1187596192092,24.47321331416203
3202,9.61398924652569,22.51048952827817,25.545761541644197,743.1072901676641,21.97470649987176
3203,10.72533819692596,21.104833707531768,23.952838863933735,372.0582998088744,-4.184839733808936
3204,11.836687147326245,19.69917788678535,31.5522290227059,1391.0757236019529,41.42764498706043
3205,12.94803609772653,18.293522066038946,10.295835384760636,934.8310492369695,29.767741911387763
3206,14.0593850481268,16.887866245292543,5.676541675733802,862.6119942886826,27.66739254253033
3207,15.17073399852707,15.482210424546125,35.60937889620736,-123.5251428271685,-12.20226329658735
3208,16.282082948927354,14.076554603799707,-4.317916668410334,-600.8537643850699,-12.750249962685839
3209,17.393431899327624,12.670898783053303,13.123885989986022,-423.02801106890007,-21.93105649494166
3210,18.504780849727894,11.2652429623069,38.75725783188713,14.486353500295827,-15.421271249337458
3211,19.616129800128178,9.859587141560468,34.31352756368685,97.8075680769864,-11.49900937032345
3212,20.727478750528448,8.453931320814064,22.9872463804587,61.1056747927358,-3.7507059934447256
3213,21.838827700928718,7.0482755000676605,23.374134379374155,-305.04411687655005,-23.099673928705393
3214,22.950176651329016,5.642619679321243,19.594957039304873,-87.80485785934445,-23.83403375495554
3215,24.061525601729286,4.236963858574839,12.749993558519904,-55.239444713772635,-22.141834855369638
3216,25.172874552129556,2.8313080378284354,-0.9405806617422101,-214.07980917643368,-33.6970051473831
3217,26.28422350252984,1.4256522170820034,0.5681750097367058,-307.906843030236,-43.71746701896382
3218,27.39557245293011,0.019996396335599798,6.888732773617079,-228.74898913381597,-33.80268227478181
3219,28.50692140333038,-1.3856594244107896,12.108025647452848,-471.0002008066327,-44.3718451447949
3220,29.618270353730665,-2.7913152451572216,11.854194615990508,-465.108996824001,-45.308764863168406
3221,30.729619304130935,-4.196971065903625,15.865246137156447,-167.26440888006297,-24.685616484578162
3222,31.840968254531205,-5.602626886650029,14.143132339117578,-244.43051771298562,-26.779151492801418
3223,32.952317204931504,-7.008282707396461,13.832594032751132,-241.200857442681,-27.95540399818867
3224,34.063666155331774,-8.413938528142864,10.658799694654562,-318.8596225821917,-38.16341070106589
3225,35.175015105732044,-9.819594348889268,10.391740243929938,-314.16770038127663,-39.229325484173195
3226,36.28636405613233,-11.2252501696357,11.969669031118656,-420.63482562425446,-49.97035840260208
3227,37.3977130065326,-12.630905990382104,16.10978391668162,-804.6018715933984,-80.39397642234637
3228,38.50906195693287,-14.036561811128507,13.806465995771166,-702.654799101685,-71.39276388921797
3229,39.62041090733315,-15.44221763187494,10.79650755707884,-813.4151353563525,-68.19943354394394
3230,40.73175985773342,-16.847873452621343,5.500055097138208,-814.5484679096494,-57.01874109347186
3231,41.84310880813369,-18.253529273367747,8.311143146095183,-966.908807856545,-60.24482596855977
3232,42.95445775853396,-19.65918509411415,7.391747330153844,-858.3247147308878,-55.03743147247169
3233,44.06580670893425,-21.064840914860554,2.1242090945693235,-779.9092810981899,-51.807107933124705
3234,45.17715565933452,-22.470496735606957,-4.816867765146078,-1293.7822959201462,-64.80564822687597
3235,46.28850460973479,-23.87615255635336,-4.836809712630444,-1268.7881916271062,-65.52438485885247
3236,47.399853560135085,-25.281808377099793,-4.856663249976567,-1243.7869701185766,-66.24348697649287
3237,48.511202510535355,-26.687464197846197,-4.87642253756529,-1218.778335410186,-66.96296314662365
3238,49.622551460935625,-28.0931200185926,-4.896084265169428,-1193.7620252705758,-67.68282429358914
3239,50.73390041133591,-29.498775839339032,-3.036465619796676,-1179.6528763522697,-71.03939392330088
3240,51.84524936173618,-30.904431660085436,3.7362144390693093,-842.0331531855234,-97.12221773727333
3241,52.95659831213645,-32.31008748083184,3.5325514182660633,-823.2189005988024,-97.19909372685056
3242,54.067947262536734,-33.71574330157827,6.7020568961423805,-817.301813388131,-97.75237659798611
3243,55.179296212937004,-35.121399122324675,6.4229829076716065,-798.1501463842981,-97.81795248557196
3244,56.290645163337274,-36.52705494307108,5.46986520602448,-866.0333478122802,-98.62205655442168
3245,57.40199411373757,-37.93271076381751,7.1337332509979365,-720.6823318207875,-96.36422725178765
3246,58.51334306413784,-39.338366584563914,6.8252947338841885,-702.4019885621399,-96.46639001292587
3247,59.62469201453811,-40.74402240531032,5.14292335882039,-747.6782676255276,-97.03436624272426
3248,60.73604096493841,-42.14967822605675,4.868546865913618,-727.7740858553292,-97.12468996166271
3249,61.84738991533868,-43.555334046803154,5.622077476926636,-889.7950919738696,-97.6952630097607
3250,62.95873886573892,-44.96098986754953,5.315103232278707,-864.6374322259738,-97.77116727819066
3251,64.07008781613922,-46.36664568829596,4.059218299339826,-820.7202797144907,-97.74640389644438
3252,65.18143676653949,-47.772301509042364,3.7799219007000344,-796.1031127463494,-97.82517631089848
3253,66.29278571693976,-49.17795732978877,2.0422105452478894,-592.717765523377,-84.48612819347002
3254,67.40413466734006,-50.5836131505352,1.8059807813877145,-573.5838351116462,-84.96998249267581
3255,68.51548361774033,-51.989268971281604,0.8298293412091864,-634.6487638871239,-86.68606755619446
3256,69.6268325681406,-53.39492479202801,-0.28367101572432807,-673.863379700032,-88.84614082902436
3257,70.73818151854087,-54.80058061277441,-0.46118734077176615,-649.7638289170981,-89.2261858535326
3258,71.84953046894114,-56.20623643352084,-0.16769145219618853,-628.012860795077,-89.17964112604602
3259,72.96087941934141,-57.61189225426725,-0.36270999184207264,-603.8419104774656,-89.57782760020483
3260,74.07222836974168,-59.01754807501365,-0.5577133176027722,-579.673630633404,-89.97612949264305
3261,75.18357732014198,-60.42320389576008,-0.7527131891851235,-555.5078663347467,-90.37449011320943
3262,76.29492627054225,-61.828859716506486,-0.9477171949296825,-531.3445584908499,-90.77287491705411
3263,77.40627522094252,-63.23451553725289,-1.3629437064909722,-543.1393665911803,-91.15188266964154
3264,78.51762417134282,-64.64017135799932,-1.5479412376260158,-517.3328957841674,-91.5521247046037
3265,79.62897312174309,-66.04582717874572,-1.7329794649768555,-491.53718425781454,-91.95270712217464
3266,80.74032207214336,-67.45148299949213,-1.918092757296533,-465.75291446181075,-92.35352461565232
3267,81.85167102254363,-68.85713882023853,-1.9417625505399763,-473.0271401797943,-94.4756402291874
3268,82.9630199729439,-70.26279464098494,-4.041062868389289,-514.2627103349747,-97.6947912180947
3269,84.07436892334417,-71.66845046173134,-4.112479720741766,-482.0627903561255,-97.81286275685825
3270,85.18571787374447,-73.07410628247777,-4.184003077352519,-449.8658569252857,-97.93105324624632
3271,86.29706682414474,-74.47976210322418,-3.8077662530748775,-418.072175231507,-98.82504082726238
3272,87.408415774545,-75.88541792397058,-3.91854518589032,-385.76154244969996,-98.87315189979644
3273,88.5197647249453,-77.29107374471701,-4.0723888531622805,-378.24933938188207,-98.71188900189509
3274,89.63111367534557,-78.69672956546341,-4.180657971783866,-343.7962236648415,-98.77773276581021
3275,90.74246262574584,-80.10238538620982,-4.289606306723497,-309.35937240821056,-98.84349258082759
3276,91.85381157614611,-81.50804120695625,-4.475987682035225,-276.8731828762722,-98.93959038856816
3277,92.96516052654638,-82.91369702770265,-4.577334505332983,-242.28872052189251,-99.0033738118592
3278,94.07650947694665,-84.31935284844906,-4.680042653647787,-207.750079851976,-99.0678246003699
3279,95.18785842734692,-85.72500866919546,-4.805390460549743,-171.52535311354305,-99.19873104361882
3280,96.29920737774722,-87.13066448994189,-4.7653962722399354,-140.6856537210807,-99.30592468235086
3281,97.41055632814749,-88.5363203106883,-5.056499683450407,-111.8751483077661,-99.50197861717051
3282,98.52190527854776,-89.9419761314347,-5.046308493381931,-82.29229513186,-99.50298236104243
3283,99.63325422894806,-91.3476319521811,-5.161936295940832,-46.74691792407761,-99.49159402489511
3284,100.74460317934833,-92.75328777292751,-5.304672151459723,-10.592272526247925,-99.47753578053737
3285,101.8559521297486,-94.15894359367391,-5.331678147655571,30.341620752867797,-99.47487592403344
3286,102.96730108014887,-95.56459941442034,-5.436624327690214,78.03897592627666,-99.46453963510325
3287,104.07865003054914,-96.97025523516675,-5.612932252609643,128.61818950351875,-99.44717483295372
3288,105.18999898094941,-98.37591105591315,-5.787227209709273,181.57359162546504,-99.43000829068359
3289,106.30134793134971,-99.78156687665958,-5.947339293194271,236.46885344027635,-99.41423863850977
3290,107.41269688175,-101.187222697406,-6.121734256700655,296.7011434273721,-99.39706224647556
3291,108.395775912381,-100.1112117349226,-5.122203987848668,293.786536776735,-99.49550731279342
3292,109.378854943012,-99.0352007724392,-4.122077155587258,290.7304390965037,-99.5940111354354
3293,110.36193397364299,-97.9591898099558,-3.183319156827322,286.0584969711439,-99.68647065999835
3294,111.345013004274,-96.8831788474724,-2.251861233326518,287.4977346479601,-99.77821119043436
3295,112.328092034905,-95.807167884989,-1.247284614814801,288.3221856798935,-99.85514754710364
3296,111.21328246610881,-94.39713500662279,-0.963183596372058,235.7940809544651,-99.87996593826676
3297,110.09847289731262,-92.9871021282566,-0.7860216100167726,183.7602008642389,-99.89708035923455
3298,108.98366332851641,-91.57706924989039,-0.5823490294679184,130.75094046049048,-99.92971136039978
3299,107.86885375972022,-90.16703637152418,-0.3847329723504509,79.80590165097226,-99.93252557373293
3300,106.75404419092403,-88.75700349315797,-0.2629859318462193,38.7739007861521,-99.87360197849935
3301,105.63923462212784,-87.34697061479177,-0.12951227364508283,-1.0505913282685952,-99.84240424599548
3302,104.52442505333165,-85.93693773642556,-0.018409876097475242,-39.24663025510427,-99.78840707607924
3303,103.40961548453546,-84.52690485805935,0.12169699622186048,-75.17907128237763,-99.81286146420065
3304,102.29480591573926,-83.11687197969316,0.30100795541349146,-110.15117336860148,-99.83807921697758
3305,101.17999634694307,-81.70683910132695,0.11258290480948374,-142.2871837555583,-99.72116705207286
3306,100.06518677814688,-80.29680622296074,0.19014285161074218,-167.66752110137713,-99.79564571422982
3307,98.95037720935069,-78.88677334459453,0.23823419498965848,-201.90490049206065,-99.77713882661159
3308,97.8355676405545,-77.47674046622834,0.28756041058915516,-236.13299924461782,-99.75847863314506
3309,96.7207580717583,-76.06670758786213,0.7694613304166138,-247.3315626312609,-99.46323011065097
3310,95.60594850296211,-74.65667470949592,1.3213961599162767,-267.40513423256107,-99.10937521021826
3311,94.49113893416592,-73.24664183112972,1.600902131384153,-298.5416908192596,-99.27802980418424
3312,93.37632936536973,-71.83660895276351,1.5727060499990193,-328.34080059562064,-99.36886858875305
3313,92.26151979657354,-70.4265760743973,1.8416783458418111,-350.73763269544565,-99.25727733001001
3314,91.14671022777733,-69.01654319603111,2.002924746136773,-380.17222716410106,-99.20206030408666
3315,90.03190065898116,-67.6065103176649,2.1058085312491546,-392.4882870365406,-99.19114283756501
3316,88.91709109018495,-66.19647743929869,1.7444464076005097,-420.5736062346592,-99.1616932721987
3317,87.80228152138876,-64.78644456093248,1.8650034068326269,-448.86177953602055,-99.11147151860028
3318,86.68747195259257,-63.376411682566285,2.1415063810461117,-473.82840576452446,-99.2552555777891
3319,85.57266238379638,-61.966378804200076,2.272769511549555,-501.8938766556564,-99.21591500625743
3320,84.4578528150002,-60.556345925833874,3.1394079861473125,-509.41821803206415,-98.80968346153186
3321,83.34304324620399,-59.146313047467665,3.3096180071329506,-536.327674688357,-98.750591046289
3322,82.2282336774078,-57.736280169101455,3.4800059203013554,-563.2356664259089,-98.69151616989714
3323,81.11342410861161,-56.32624729073526,3.13284125249551,-637.1928109514807,-99.69144229597033
3324,79.9986145398154,-54.91621441236905,3.280428576691989,-666.1746955950537,-99.67690622400637
3325,78.88380497101923,-53.50618153400285,3.5296748382296563,-599.5429577952917,-99.24654353544322
3326,77.76899540222303,-52.09614865563664,3.6817962994159927,-624.2426219652127,-99.21329336478591
3327,76.65418583342685,-50.68611577727044,6.850319243794383,-557.0773247322826,-98.78457239888547
3328,75.53937626463065,-49.27608289890423,7.112114541018908,-578.3974776534203,-98.73668160142064
3329,74.42456669583444,-47.866050020538026,7.374530922117533,-599.7158892736038,-98.68881200451571
3330,73.30975712703827,-46.456017142171824,7.6375474615105805,-621.0305284030723,-98.64095533463428
3331,72.19494755824206,-45.045984263805614,8.394222184707631,-577.6157687144888,-98.04317797215876
3332,71.08013798944589,-43.63595138543941,6.227951702775357,-587.2114221719346,-97.62870852880478
3333,69.96532842064968,-42.2259185070732,6.4308836005430905,-606.1424354851379,-97.55226436510203
3334,68.8505188518535,-40.815885628706994,4.003826906634055,-1087.8257150676884,-98.5943040779081
3335,67.7357092830573,-39.40585275034079,1.6259007795207534,-881.7445043171647,-77.9313622222978
3336,66.62089971426111,-37.9958198719746,1.686485355111138,-907.0735063575264,-77.25540748248716
3337,65.50609014546492,-36.58578699360839,0.2505078214822518,-923.7742018427639,-74.47944870025361
3338,64.39128057666872,-35.17575411524218,0.2697556415231901,-948.9100755087336,-73.75374191374544
3339,63.27647100787253,-33.76572123687597,0.2891452844640767,-974.0341139997239,-73.02875965565426
3340,62.16166143907634,-32.355688358509774,0.30867351968507606,-999.1471290969374,-72.30438997881902
3341,61.04685187028015,-30.94565548014357,0.32835721777978577,-1024.2484784270691,-71.58058708603187
3342,59.93204230148395,-29.535622601777362,0.32473688266632905,-1192.7809753953725,-76.95971143103232
3343,58.81723273268776,-28.125589723411153,1.1414788326825303,-1064.6528116786737,-78.60933983231834
3344,57.70242316389157,-26.715556845044944,10.829390598251724,-711.3189929383672,-71.00146161451744
3345,56.587613595095384,-25.30552396667875,18.24712223110426,-857.808170541408,-86.16686145950798
3346,55.47280402629919,-23.89549108831254,18.66610630224774,-875.9871623523256,-85.80551830265055
3347,54.35799445750299,-22.48545820994633,19.084363260257213,-894.1852887161616,-85.44383456270634
3348,53.2431848887068,-21.07542533158012,23.264194440616215,-850.9290018203751,-93.09222131844065
3349,52.1283753199106,-19.66539245321391,17.850795966906595,-669.3906246400478,-83.00463214026668
3350,51.01356575111442,-18.255359574847716,16.631305614716997,-718.8850356556254,-84.60302998370537
3351,49.89875618231822,-16.84532669648152,12.167576138452837,-656.3723593573576,-68.55442470121223
3352,48.783946613522026,-15.435293818115312,12.402965301411662,-668.332482051981,-67.84848558159601
3353,47.66913704472583,-14.025260939749103,15.301345126275251,-370.53170923447135,-54.769147509304275
3354,46.55432747592964,-12.615228061382894,17.57687555898668,-430.8391325579087,-42.413623188285534
3355,45.43951790713345,-11.205195183016698,16.752934858706425,-210.04328552960234,-36.11191793057307
3356,44.32470833833726,-9.79516230465049,18.14915174028914,-524.2882236763334,-47.62348057232905
3357,43.20989876954107,-8.38512942628428,20.640838278970882,-345.6602744044253,-35.82451895925254
3358,42.095089200744866,-6.975096547918071,29.65662597828995,-985.2849892787735,-84.62668131411456
3359,40.98027963194869,-5.565063669551876,15.421883572474144,-414.0288035875144,-50.02756924216733
3360,39.865470063152486,-4.155030791185666,15.673845638919232,-419.9544728828624,-49.0877347694769
3361,38.750660494356296,-2.744997912819457,15.926489417140594,-425.8748520455405,-48.147813836114565
3362,37.635850925560106,-1.3349650344532478,2.8544315712807276,-502.2671249071743,-48.32685080161491
3363,36.5210413567639,0.0750678439129473,2.958329572545125,-508.7353194603911,-47.38567435290178
3364,35.40623178796773,1.4851007222791424,8.944756066177753,-289.2052538645848,-53.113381019014334
3365,34.29142221917154,2.8951336006453516,17.08927130801365,-247.19050493791778,-45.39778105251149
3366,33.17661265037533,4.305166479011561,19.620196782510945,-206.79521814197463,-38.832721771999005
3367,32.06180308157914,5.71519935737777,23.300344185286832,-200.22267340589127,-33.90653316878237
3368,30.946993512782953,7.1252322357439795,27.764892262949708,-863.439236136399,-51.549458238516735
3369,29.832183943986763,8.535265114110175,27.79658291870581,-565.7079214676386,-41.79579752711912
3370,28.717374375190573,9.945297992476384,27.13945279713225,-1.585066770882336,-9.675388430500881
3371,27.60256480639437,11.355330870842593,29.013227728453373,-120.73995103780601,-20.603568929759824
3372,26.48775523759818,12.765363749208802,42.90117941532917,81.6153590571875,-13.401897995920272
3373,25.37294566880199,14.175396627575012,41.84754909074435,14.059423088549089,-17.379419437143348
3374,24.2581361000058,15.585429505941207,49.06465356123179,-354.84951104123076,-34.07843801879322
3375,23.14332653120961,16.995462384307416,-10.340911394226481,-687.0477558550783,-32.68963447818959
3376,22.02851696241342,18.40549526267361,-4.104373734452636,-1143.8820398411863,-9.779735054223174
3377,20.91370739361723,19.815528141039806,50.19580770823451,-488.14964604040154,-20.976586289912852
3378,19.798897824821026,21.225561019406015,28.035890213227617,2485.558562581299,54.281110503119784
3379,18.684088256024836,22.635593897772225,50.704197768618414,5494.433672075983,134.9911385563553
3380,17.569278687228646,24.045626776138434,11.74350270934194,824.2527479429148,27.346481559732435
3381,16.454469118432442,25.455659654504643,34.1991646616903,1685.062396582109,72.10870345569055
3382,15.339659549636252,26.865692532870852,35.92741448373695,1317.1050863169671,40.34673375080888
3383,14.224849980840062,28.27572541123706,34.2737148867205,928.3241983707021,24.033709184112702
3384,13.110040412043858,29.68575828960327,6.04467106256908,639.2519154644093,1.60964767390211
3385,11.995230843247683,31.095791167969452,42.57148687102611,1077.6257359391273,44.77664852260963
3386,10.880421274451493,32.50582404633566,34.61021226021329,604.8668591013409,25.8741135843118
3387,9.765611705655303,33.915856924701856,35.72247725947777,1228.881534657456,47.39911243429267
3388,8.650802136859113,35.32588980306808,29.888714728511886,1315.0294163033218,54.326870272151524
3389,7.535992568062909,36.735922681434275,31.65683889468584,709.6385259318804,33.7970083442021
3390,6.421182999266719,38.1459555598005,30.830652269663403,670.2454957818991,30.746169150988354
3391,5.306373430470529,39.55598843816669,32.067080412820644,803.6783387078647,34.574130072138836
3392,4.191563861674325,40.96602131653292,42.018009570022144,1150.0710800812674,53.4341041531571
3393,3.0767542928781353,42.37605419489911,45.93419814536217,1146.927849491325,53.35901036111524
3394,1.9619447240819454,43.78608707326531,30.145617275817585,1897.3296720173962,56.05718114879145
3395,0.8471351552857698,45.1961199516315,31.33877830839431,1767.5339229438214,53.95183812992219
3396,-0.2676744135104343,46.6061528299977,25.984441329138427,1251.4856917995248,48.67244594567589
3397,-1.3824839823066242,48.01618570836392,35.041087580834294,920.2218871685973,49.92683972424734
3398,-2.497293551102814,49.426218586730116,37.7297671685258,969.2304847524097,52.65727814794309
3399,-3.612103119899018,50.83625146509634,55.31342335104603,1440.8633585354837,71.4267452434576
3400,-4.726912688695208,52.246284343462534,55.05489668704548,1419.8445638987673,71.87394677476337
3401,-5.841722257491398,53.65631722182876,54.504124057702086,1200.9737932221522,69.27596866610008
3402,-6.956531826287602,55.06635010019495,58.366660887077245,1277.9388948162045,77.93137640189619
3403,-8.071341395083792,56.476382978561176,58.02827880461636,1258.6801593057296,78.26017019567571
3404,-9.186150963879967,57.88641585692734,57.69014003106675,1239.4212213896105,78.58869615578267
3405,-10.300960532676157,59.296448735293566,43.820378629385324,1123.7172695119218,65.6596044795543
3406,-11.415770101472361,60.70648161365976,43.79065606517463,1157.5279894759785,66.33401801705389
3407,-12.530579670268551,62.116514492025956,43.70994934209701,1138.9203503132344,66.91805607539261
3408,-13.645389239064741,63.52654737039218,42.98702296908087,1135.6912422252487,65.63513675723841
3409,-14.760198807860945,64.93658024875837,43.10347579924578,1058.4860206522685,67.1803464984587
3410,-15.875008376657135,66.3466131271246,46.29467867861063,1370.7256733121674,68.64986120383706
3411,-16.98981794545334,67.7566460054908,46.1467281914188,1345.003894952652,69.23643485715237
3412,-18.104627514249515,69.16667888385702,45.99855335602995,1319.284192240099,69.82302999070681
3413,-19.21943708304572,70.57671176222321,45.85011848613427,1293.5680306314603,70.40964180563199
3414,-20.334246651841895,71.98674464058941,42.10361801782884,1177.337110919925,67.22135771358666
3415,-21.4490562206381,73.3967775189556,40.686413597703776,1063.7364199101744,63.995975376438416
3416,-22.563865789434274,74.80681039732183,45.316141050722216,1248.5066998335883,75.35561658475895
3417,-23.67867535823048,76.21684327568802,45.16042847815757,1221.4127653104258,75.83465293263555
3418,-24.793484927026682,77.62687615405424,42.91219324483727,1275.5100572547267,79.88247469899065
3419,-25.908294495822858,79.03690903242044,43.414281336422704,1172.2288014790197,79.799227509872
3420,-27.023104064619062,80.44694191078663,47.63240491816809,1246.1902210174344,84.17592777942197
3421,-28.137913633415266,81.85697478915286,47.3729307397208,1215.5495417987186,84.4236528550842
3422,-29.252723202211442,83.26700766751905,45.47044609228318,1248.8556788602177,86.36403212701317
3423,-30.367532771007617,84.67704054588525,45.95282024656551,1186.0931288319941,86.15373638036884
3424,-31.48234233980382,86.08707342425144,45.72507483006998,1154.2565412704798,86.35624722406041
3425,-32.597151908600026,87.49710630261767,45.78976571852174,1012.1066750837615,86.45891746764617
3426,-33.7119614773962,88.90713918098386,45.5502178585161,984.4998647276709,86.66545401890076
3427,-34.826771046192405,90.31717205935009,45.520063600534414,1090.3849312191987,88.51182625747947
3428,-35.94158061498861,91.72720493771628,45.26471518486044,1057.0974881355587,88.6483128997724
3429,-37.056390183784785,93.1372378160825,45.00886376137376,1023.8327867182134,88.7850684054816
3430,-38.17119975258099,94.5472706944487,42.15713510925971,1111.164593832878,90.30934991484543
3431,-39.28600932137719,95.9573035728149,42.03635670687472,1071.6002494539207,90.37390734928053
3432,-40.40081889017337,97.36733645118112,40.01100861867134,975.4429942172596,89.59719610337208
3433,-41.515628458969545,98.77736932954728,39.986268259142,938.7559259445884,89.70214938499188
3434,-42.63043802776575,100.18740220791351,39.960690849538956,902.0825536151979,89.80705333129127
3435,-43.745247596561924,101.5974350862797,39.81398124522993,851.5373669152056,89.64427734190146
3436,-44.86005716535813,103.00746796464593,39.79570295153251,815.7837013366043,89.76608490658934
3437,-45.97486673415433,104.41750084301212,39.333176232664655,732.8650920404715,88.76223791888754
3438,-47.08967630295051,105.82753372137834,38.449463476256035,696.7785086701605,88.95232566426681
3439,-48.20448587174671,107.23756659974454,38.53318496649975,664.9125430757231,89.15757260261486
3440,-49.319295440542916,108.64759947811076,38.61543882818336,633.0841244634328,89.36291489225462
3441,-50.43410500933909,110.05763235647696,39.17462472624421,675.5785306603871,90.3927527758134
3442,-51.54891457813527,111.46766523484315,38.94462783728279,587.468838857422,89.98254731535924
3443,-52.66372414693147,112.87769811320935,39.544839268397936,577.9175261340005,90.52427467570718
3444,-53.778533715727676,114.28773099157557,39.55432986265456,540.1938151235772,90.65604626007341
3445,-54.89334328452385,115.69776386994177,39.13994818220519,498.67898254189583,90.74704069942804
3446,-56.008152853320055,117.10779674830796,39.18076866631306,483.81809038113204,91.09884945081109
3447,-57.12296242211626,118.51782962667419,39.27072807188653,437.4170587875342,91.19104721214786
3448,-58.237771990912435,119.92786250504038,39.370697436279656,397.25615558479865,91.29691121775141
3449,-59.35258155970864,121.3378953834066,39.495611707402695,361.63057748092376,91.52209403341094
3450,-60.46739112850484,122.7479282617728,39.60810744567961,319.96278422101665,91.58701291678392
3451,-61.58220069730102,124.15796114013902,39.673738353220685,277.7736224029,91.6284368740103
3452,-62.697010266097195,125.56799401850519,39.70645140712879,229.83608154904772,91.61926832159416
3453,-63.8118198348934,126.97802689687141,39.84029445558997,172.20798104233683,91.5477276847334
3454,-64.9266294036896,128.3880597752376,40.0257625952808,114.32866239624468,91.44859284744892
3455,-66.04143897248578,129.79809265360382,40.27534943563752,59.22710140307744,91.3151858329161
3456,-67.156248541282,131.20812553197,40.53501072636558,4.785534175317089,91.17639390968705
3457,-65.8234423479846,131.8417947603848,41.455561667894564,6.118078910201589,90.6843489258279
3458,-64.4906361546872,132.47546398879962,42.389093668716846,6.444460717665642,90.18536541763262
3459,-63.1578299613898,133.1091332172144,43.30252570533706,6.109850628670195,89.69712556969037
3460,-61.8250237680924,133.74280244562922,44.20039892001803,5.530681527424072,89.21720208963673
3461,-60.492217574795,134.376471674044,45.108128581382545,5.31416790031647,88.73201022634595
3462,-59.38339810641705,132.97401519147746,44.74719942361078,64.0744970892382,88.92493098021005
3463,-58.2745786380391,131.5715587089109,44.52573227092274,113.49644871579872,89.0433077007734
3464,-57.16575916966115,130.16910222634434,44.391709135693766,168.74692135654638,89.1149445960667
3465,-56.0569397012832,128.7666457437778,44.28801094213146,225.6081664133525,89.17037246396163
3466,-54.94812023290525,127.36418926121124,44.24935488765785,274.79464312101135,89.19103456623263
3467,-53.8393007645273,125.96173277864467,44.20179211720976,322.1799017298442,89.21645740983814
3468,-52.73048129614935,124.55927629607811,44.12787036408276,368.5988832647089,89.25596943050245
3469,-51.6216618277714,123.15681981351156,44.14648762932165,396.73742998562534,89.2460182897663
3470,-50.512842359393446,121.75436333094501,44.22196328766186,432.620260194577,89.2056756890319
3471,-49.4040228910155,120.35190684837845,44.227577692773025,471.8412267288597,89.2026747254267
3472,-48.29520342263755,118.94945036581188,44.23019497302715,511.0764849545283,89.20127575926162
3473,-47.1863839542596,117.54699388324534,44.22976861373375,550.3303922930231,89.20150365316971
3474,-46.07756448588165,116.14453740067879,44.394106471473656,613.0258815453154,89.11366319273327
3475,-44.9687450175037,114.74208091811222,44.40364237554018,651.1762075230996,89.10856614318305
3476,-43.85992554912575,113.33962443554566,44.34689794753125,699.0701151661357,89.13889668753876
3477,-42.7511060807478,111.93716795297911,45.493009373906766,785.5301789371491,88.5262870503632
3478,-41.642286612369844,110.53471147041256,46.86963438095988,777.765448242782,87.7904652736233
3479,-40.5334671439919,109.132254987846,47.34207075762692,812.4412693755178,87.5379426387048
3480,-39.424647675613954,107.72979850527943,47.59685631170335,853.8009563278692,87.40175685235938
3481,-38.315828207235995,106.32734202271288,46.81843491544509,803.2592315310729,86.80185176976134
3482,-37.20700873885805,104.92488554014633,46.99372525046244,838.0667983337526,86.63109700623093
3483,-36.0981892704801,103.52242905757977,47.169308044594956,872.8790878329062,86.46072423269169
3484,-34.989369802102146,102.11997257501321,47.34513510814947,907.69662641391,86.29066492188743
3485,-33.8805503337242,100.71751609244666,47.45738072577353,943.8187592947909,85.72466676340218
3486,-32.77173086534625,99.31505960988011,47.633393437825944,978.5788248735805,85.53017714963084
3487,-31.662911396968298,97.91260312731355,49.07962146183067,1006.4206583259272,84.27394190296073
3488,-30.554091928590346,96.51014664474698,47.260439960625,995.7133638701207,81.9094552819195
3489,-29.4452724602124,95.10769016218043,47.39301762450711,1027.870030604136,81.55524981085856
3490,-28.33645299183445,93.70523367961388,47.52547539976831,1060.0485886157942,81.20197531075107
3491,-27.227633523456497,92.30277719704732,48.30027749865592,1200.826325002456,83.59791335173307
3492,-26.118814055078545,90.90032071448076,48.44955532062808,1237.432167267274,83.35618827007744
3493,-25.0099945867006,89.4978642319142,47.31131791457271,1092.5929137276396,75.9195105044259
3494,-23.901175118322648,88.09540774934766,47.408044952058304,1122.0419874749896,75.39264833953963
3495,-22.792355649944696,86.6929512667811,48.886758696804975,1039.1751454218058,73.1596811609625
3496,-21.68353618156675,85.29049478421453,47.65778969696883,1134.4137833436064,73.13666292486225
3497,-20.5747167131888,83.88803830164798,47.7571021812075,1162.3489188328676,72.57111916743987
3498,-19.465897244810847,82.48558181908143,47.85636744735131,1190.2764879418273,72.00550322122139
3499,-18.357077776432902,81.08312533651487,45.3760819609127,1256.1040098443868,73.1631315879866
3500,-17.24825830805495,79.6806688539483,47.32332324652759,933.3882788285514,70.25479037481605
3501,-16.139438839677,78.27821237138176,47.40565106877846,951.8590818297614,69.67637779503191
3502,-15.030619371299053,76.8757558888152,56.38406995042553,1138.7734035375793,80.06964099615158
3503,-13.921799902921094,75.47329940624864,56.24299357361801,1137.5345688557597,80.29247524950036
3504,-12.81298043454315,74.07084292368208,56.89851717484218,1152.0363069737145,79.41600209101935
3505,-11.704160966165198,72.66838644111553,58.82531092263433,1061.3451908393895,78.18947152711006
3506,-10.595341497787246,71.26592995854898,59.16050693268654,1080.496477417081,77.86387910822455
3507,-9.4865220294093,69.86347347598242,60.665505707569906,1317.9552070461773,78.95453485809065
3508,-8.377702561031349,68.46101699341585,61.032873726082386,1342.243251407014,78.6530438330077
3509,-7.268883092653397,67.0585605108493,56.87851872702453,1223.1763761150444,72.4209914325879
3510,-6.160063624275445,65.65610402828274,57.13451653769509,1244.0948363942907,71.97564567254689
3511,-5.0512441558975,64.25364754571619,57.390786200098376,1265.007558929792,71.53035232497466
3512,-3.942424687519555,62.85119106314964,54.54312525781862,1605.5511495293117,70.29890936465566
3513,-2.833605219141596,61.44873458058308,41.474392628518956,1538.7455604585903,58.14927167319673
3514,-1.724785750763651,60.04627809801653,41.37298627694794,1563.2226461827945,57.42755523794588
3515,-0.615966282385692,58.643821615449966,36.24111823792974,1590.3766069846506,56.50620837075654
3516,0.4928531859922529,57.2413651328834,36.04754865289646,1614.9322352882873,55.782382959228336
3517,1.6016726543701978,55.83890865031685,40.0294935415553,1493.9885265611665,52.30280999303572
3518,2.710492122748157,54.43645216775029,39.360952651232054,1493.9464049342107,62.96839636617406
3519,3.8193115911261017,53.03399568518374,49.618588465256934,1053.7963604747265,54.14936992493182
3520,4.928131059504061,51.631539202617176,52.893787195401096,1376.803662372279,69.44323435500675
3521,6.036950527882006,50.22908272005063,47.59093709471683,1112.4214984202367,56.5112708149922
3522,7.145769996259951,48.82662623748408,36.883378693550526,788.0141753859632,38.43318309539934
3523,8.25458946463791,47.424169754917514,22.219039698011947,1364.820703157506,45.93462711754318
3524,9.363408933015855,46.021713272350965,35.823794339305046,1165.0245052379273,48.403143735404235
3525,10.4722284013938,44.6192567897844,36.357363692771756,1243.7124137526248,54.72712661881687
3526,11.581047869771758,43.21680030721785,42.04419747923039,961.0239248112428,48.00330944829463
3527,12.689867338149703,41.81434382465129,53.45978444439724,2067.840361185014,79.34754687487198
3528,13.798686806527648,40.411887342084725,46.56947385030542,1008.3892163278749,44.975709213998165
3529,14.907506274905607,39.009430859518176,24.114295649040088,1894.2122899143462,55.03664624511095
3530,16.016325743283552,37.60697437695161,17.75428387646994,651.8584694481588,7.739136223839129
3531,17.125145211661497,36.20451789438506,45.533944411434064,797.7350874296552,32.88173867082482
3532,18.233964680039442,34.802061411818514,56.86716339503804,1357.1197576256884,51.455050349237226
3533,19.3427841484174,33.39960492925195,38.77516979548738,1579.7921981021034,69.09253948710634
3534,20.451603616795346,31.9971484466854,32.18988066836437,1068.243004349331,53.79551489382969
3535,21.560423085173305,30.594691964118837,20.653278126454907,2335.7977452345554,63.498895793992716
3536,22.66924255355125,29.192235481552274,66.23018275976086,6044.100536702867,155.21984661842993
3537,23.778062021929195,27.789778998985724,39.12097421870092,-2806.279658555991,-65.50786147881388
3538,24.886881490307154,26.38732251641916,26.709770834663004,5649.647781337687,133.94702113201927
3539,25.9957009586851,24.98486603385261,66.69229409055002,-583.1624446795297,-24.886334061553168
3540,27.104520427063058,23.582409551286048,62.14828566572762,-115.51630436239186,-22.923777657149657
3541,28.213339895441003,22.1799530687195,23.18191012705863,-778.3642375077208,-11.892546171761282
3542,29.322159363818947,20.77749658615295,7.44036347440759,-526.2575319237386,-15.937098055712827
3543,30.430978832196892,19.3750401035864,-3.7759257293806456,-638.7250671944576,-33.895521445017536
3544,31.539798300574866,17.972583621019822,51.53644948797228,-330.0731126033066,-35.25404900833412
3545,32.64861776895281,16.570127138453273,44.7868121201431,13.438209150811517,-19.776688735383992
3546,33.757437237330755,15.167670655886724,46.29744350194874,125.72646101796055,-16.614271517237064
3547,34.8662567057087,13.76521417332016,32.79400510785062,-111.82443790228959,-22.922275977563793
3548,35.975076174086645,12.362757690753611,28.774826432454418,-475.1991742085731,-47.14350085544364
3549,37.083895642464604,10.960301208187033,33.490062585711364,-357.58575792454735,-33.66550323042713
3550,38.19271511084256,9.557844725620484,31.574370579949495,-803.0773719314436,-51.97964838369653
3551,39.30153457922051,8.155388243053935,31.487962581820064,-1021.5321199282648,-51.98937215119478
3552,40.41035404759845,6.752931760487385,28.20124815394653,-847.8727598525523,-46.13916569691462
3553,41.5191735159764,5.350475277920822,28.768272090666393,-199.11594348333705,-45.01733779319416
3554,42.62799298435436,3.948018795354244,32.57925819428857,-508.4207299405669,-61.852500150929075
3555,43.7368124527323,2.5455623127876947,24.58678087714921,-326.1584360891259,-56.760585834814364
3556,44.84563192111025,1.1431058302211454,24.27440652429116,-321.70296022868297,-57.57740629907743
3557,45.954451389488206,-0.2593506523454039,10.772892784164775,-507.12502284120814,-56.13008381540912
3558,47.06327085786615,-1.6618071349119532,8.121166632738657,-454.6231970686442,-51.291646000780666
3559,48.17209032624411,-3.064263617478531,10.09052710265128,-805.3148723453806,-64.46669135980498
3560,49.280909794622055,-4.46672010004508,19.773739347069302,-603.4686517679173,-57.70406263388435
3561,50.389729263,-5.8691765826116296,19.430254252993763,-373.3429539287347,-53.10220587516016
3562,51.498548731377944,-7.271633065178179,38.633234680307865,-1000.0512149090564,-80.33866234607243
3563,52.60736819975589,-8.674089547744728,28.46264790177257,-1203.6391823671431,-88.4110546115499
3564,53.71618766813386,-10.076546030311306,21.56949398307553,-1031.998421534186,-91.32510292657113
3565,54.82500713651181,-11.479002512877855,18.753689494721606,-983.5670683724347,-83.71441407300588
3566,55.93382660488975,-12.881458995444405,18.47921034876132,-966.8272343098314,-84.15428482085822
3567,57.0426460732677,-14.283915478010954,20.849769896265855,-447.24546302138475,-54.18146662364072
3568,58.15146554164564,-15.686371960577503,17.19280618025831,-482.6216277787713,-52.10330249693948
3569,59.260285010023615,-17.08882844314408,17.97839448035649,-556.7992813265852,-59.658322422501264
3570,60.36910447840156,-18.49128492571063,14.477572712600313,-835.4850940501299,-72.29967068416533
3571,61.477923946779505,-19.893741408277208,18.83125759914138,-767.8315784114232,-86.57106837158402
3572,62.58674341515745,-21.296197890843757,18.530177602078666,-751.3455566007401,-86.93334262799223
3573,63.695562883535395,-22.698654373410307,17.938924204349632,-655.7599620680786,-88.73284726539649
3574,64.80438235191338,-24.101110855976884,17.64320698123518,-641.080267558029,-89.06760317424913
3575,65.9132018202913,-25.503567338543434,22.20015701795979,-636.5839428879165,-95.74567796515147
3576,67.02202128866927,-26.906023821109983,23.38862479402773,-579.2309847460633,-94.12156972139125
3577,68.1308407570472,-28.308480303676532,20.75619399470543,-722.1962985961673,-87.39282366464197
3578,69.23966022542513,-29.71093678624308,20.336601652247502,-704.1981112472141,-87.75176047374477
3579,70.34847969380311,-31.11339326880966,19.915958973005942,-686.2288309352317,-88.11029153548233
3580,71.45729916218104,-32.51584975137621,19.494200728569098,-668.2885774310852,-88.46829185732433
3581,72.566118630559,-33.91830623394276,7.946059771290235,-1088.8247637412064,-93.06643149800796
3582,73.67493809893693,-35.32076271650931,9.290136681721334,-1118.3402049643244,-96.90454458715418
3583,74.7837575673149,-36.72321919907586,9.146797681352263,-1085.6901140891894,-97.02549180048531
3584,75.89257703569285,-38.125675681642434,6.422793769942221,-793.9595320768285,-84.89906529349217
3585,77.00139650407081,-39.528132164208984,6.365599458470529,-768.7341433958759,-85.38431962044416
3586,78.11021597244874,-40.93058864677553,5.446910229987848,-728.2329264177623,-79.1422188488718
3587,79.2190354408267,-42.33304512934208,5.428006352577313,-703.2082987927483,-79.8681041020759
3588,80.32785490920463,-43.73550161190863,5.4091991548707234,-678.1731206853583,-80.59549724104451
3589,81.43667437758259,-45.13795809447521,5.390701719711036,-653.1150752571971,-81.32421653719905
3590,82.54549384596055,-46.54041457704176,8.219178687009839,-805.9832327091193,-98.42140005909411
3591,83.65431331433851,-47.94287105960831,8.087255507934145,-773.8968248914446,-98.46616575744048
3592,84.76313278271644,-49.345327542174886,7.955536590590931,-741.7971893318352,-98.51072755953763
3593,85.8719522510944,-50.747784024741435,7.824076363812802,-709.682819112121,-98.55504425460882
3594,86.98077171947236,-52.15024050730801,7.692918987845179,-677.5523690098275,-98.59908116345115
3595,88.08959118785029,-53.55269698987456,7.5621014313499995,-645.4046994000848,-98.64280858257297
3596,89.19841065622825,-54.95515347244111,7.648853072862698,-612.0559424654401,-98.8829262831581
3597,90.3072301246062,-56.35760995500766,6.383758410987732,-599.8854751471135,-99.08343265302251
3598,91.41604959298414,-57.76006643757421,6.300666153347144,-566.7457245644983,-99.10929647675992
3599,92.5248690613621,-59.16252292014079,4.46238436264568,-486.1811104906946,-99.28451434543909
3600,93.63368852974006,-60.56497940270734,5.8948057389824555,-575.6453331363966,-99.4194127381738
3601,94.74250799811799,-61.967435885273886,5.822694425097351,-537.1995094395405,-99.42651507744148
3602,95.85132746649595,-63.369892367840436,5.283279946380686,-478.0567854729225,-99.47964272728342
3603,96.96014693487388,-64.77234885040698,5.248036251288677,-441.2653293128083,-99.48311392571406
3604,98.06896640325186,-66.17480533297356,5.212269030121215,-404.4799407778823,-99.48663668692458
3605,99.1777858716298,-67.57726181554011,5.176123624695789,-367.68747822026694,-99.49019669600594
3606,100.28660534000775,-68.97971829810666,5.809203705512264,-276.2291620312965,-99.42784379636635
3607,101.39542480838568,-70.38217478067321,5.7232934582050285,-244.7721760227233,-99.43630521094991
3608,102.50424427676364,-71.78463126323976,5.823847655616207,-218.73867051749409,-99.42640149423298
3609,103.6130637451416,-73.18708774580634,5.7524222263431,-176.9816622388525,-99.4334362798125
3610,104.72188321351956,-74.58954422837289,5.623189433477188,-146.67294180864633,-99.44616458956015
3611,105.83070268189749,-75.99200071093946,5.4932127334020375,-116.39919477632563,-99.45896616771887
3612,106.93952215027545,-77.39445719350601,5.472295294785541,-93.28502829741021,-99.4610263540844
3613,108.04834161865338,-78.79691367607256,5.308451823444106,-61.252644207457294,-99.4771635156138
3614,109.15716108703137,-80.19937015863914,4.987073430787731,-32.97613810848818,-99.50881650118522
3615,110.2659805554093,-81.60182664120569,4.759797434956671,-7.8265562396069654,-99.53120121646528
3616,111.37480002378726,-83.00428312377224,4.831332002973615,33.720309680999804,-99.52415568166566
3617,112.48361949216519,-84.40673960633879,4.7776975002766875,80.80692899211901,-99.52943821521114
3618,113.59243896054315,-85.80919608890534,4.615792596019909,134.09055122849688,-99.54538444468858
3619,114.70125842892111,-87.21165257147192,4.485957806252239,186.39303995391327,-99.55817204591223
3620,115.81007789729904,-88.61410905403847,4.290994684279278,238.14224209483402,-99.57737422324517
3621,116.918897365677,-90.016565536605,3.998272998989133,291.9928401894161,-99.60620477157282
3622,117.786581118152,-88.794600376416,4.993994591507435,290.04557271118324,-99.5081348268555
3623,118.654264870627,-87.572635216227,6.020735308902184,289.4765765894196,-99.40700976724997
3624,119.52194862310199,-86.350670056038,7.076586070030026,291.0248928839406,-99.30301762069858
3625,120.389632375577,-85.128704895849,8.204793894172493,290.28148497483335,-99.19189893072071
3626,121.257316128052,-83.90673973566,9.340563370873776,292.78106393191206,-99.08003548351955
3627,120.14456305865569,-82.49930795783092,9.47404333816521,239.15386453633803,-99.06688886391072
3628,119.0318099892594,-81.09187618000186,9.631242534428553,186.47625154298817,-99.05140610587574
3629,117.9190569198631,-79.68444440217279,9.76007150261262,132.59554564709057,-99.0387175693584
3630,116.8063038504668,-78.27701262434371,9.976445175897071,82.87920809081926,-99.01740663833436
3631,115.6935507810705,-76.86958084651465,10.147904420247322,43.10608830813801,-99.00051938918655
3632,114.5807977116742,-75.46214906868558,10.269354448656792,6.924437682152707,-98.98855761426721
3633,113.4680446422779,-74.0547172908565,10.373937421280516,-29.919486344878358,-98.97825709811826
3634,112.3552915728816,-72.64728551302744,10.406755915518108,-62.667487931622865,-98.97502476094716
3635,111.2425385034853,-71.23985373519837,10.256513074080667,-101.1267711844708,-98.98982237833803
3636,110.129785434089,-69.83242195736929,10.263350475284906,-136.6009716796133,-98.98914895359445
3637,109.01703236469271,-68.42499017954023,10.2709842134482,-172.0740114393755,-98.98839709656403
3638,107.9042792952964,-67.01755840171116,10.278841122876658,-207.53790124875832,-98.98762325909873
3639,106.7915262259001,-65.61012662388208,10.857540360537504,-229.27122766835348,-98.93062640106953
3640,105.67877315650381,-64.20269484605302,10.644557082790618,-250.79530173130556,-98.83897833494872
3641,104.5660200871075,-62.795263068223946,10.69344472906467,-282.5271648686947,-98.81820852747198
3642,103.4532670177112,-61.38783129039487,10.468342458913135,-277.00724954147665,-98.69714152246078
3643,102.34051394831491,-59.98039951256581,10.482047649969294,-304.69062182730346,-98.62257160816591
3644,101.22776087891862,-58.572967734736736,10.503852838897547,-332.9082561657754,-98.5894799320817
3645,100.11500780952231,-57.16553595690767,10.525939046030484,-361.0887160638125,-98.55599362640613
3646,99.002254740126,-55.7581041790786,11.648371665775858,-431.0900798815174,-98.25698185106828
3647,97.88950167072971,-54.350672401249525,11.757441595980367,-462.04238483829903,-98.20022705074659
3648,96.77674860133341,-52.94324062342046,14.054341886890557,-550.1137704538381,-98.89689147954303
3649,95.6639955319371,-51.53580884559139,13.304112680672423,-649.8202763942983,-95.95526529602678
3650,94.55124246254081,-50.128377067762315,12.335208352341823,-706.7721218092985,-95.58865159672695
3651,93.43848939314452,-48.72094528993325,13.88160428911738,-698.4907553531575,-92.67262153317178
3652,92.32573632374822,-47.31351351210418,12.872173501226664,-688.4896631161279,-95.48258113282267
3653,91.21298325435191,-45.90608173427511,13.010754626470812,-722.0519856287156,-95.26619241266535
3654,90.10023018495562,-44.49864995644604,13.272585223632722,-756.8398080704003,-95.06339139868912
3655,88.98747711555932,-43.09121817861697,15.881710464855434,-799.8534688862281,-93.34121339073617
3656,87.87472404616301,-41.683786400787895,14.964579043842846,-851.183154151142,-96.47155697380579
3657,86.76197097676672,-40.27635462295883,14.990355495110414,-866.7094087240396,-94.7352821539864
3658,85.64921790737041,-38.86892284512975,15.177031998722999,-900.8244157399572,-94.5212031491794
3659,84.53646483797411,-37.461491067300685,17.3048853503034,-810.5722712078359,-92.64100779650688
3660,83.42371176857782,-36.05405928947162,24.327007745547558,-618.9587112713244,-95.954229226172
3661,82.31095869918153,-34.64662751164254,24.82698055365286,-640.1909282849766,-95.7824825010873
3662,81.19820562978522,-33.239195733813474,25.32596282853042,-661.4538613100324,-95.61104016349819
3663,80.08545256038892,-31.831763955984407,26.13719816294829,-651.1041635847326,-96.0678972093964
3664,78.97269949099262,-30.42433217815534,23.888620393420947,-681.9144522504643,-95.85362315020767
3665,77.85994642159632,-29.016900400326264,20.45523081309551,-508.8249486607998,-90.17395961152239
3666,76.74719335220001,-27.609468622497197,20.981104047126113,-586.7886852450068,-88.69302599859465
3667,75.63444028280372,-26.20203684466813,17.521844956950083,-851.6326741836882,-88.80175125860809
3668,74.52168721340743,-24.794605066839054,17.717672399033162,-874.480620656201,-88.45349204967141
3669,73.40893414401113,-23.387173289009986,17.295971994146168,-878.7910113687578,-88.81390351162973
3670,72.29618107461482,-21.97974151118092,17.477548702860467,-901.2392572550228,-88.48619862527826
3671,71.18342800521853,-20.57230973335185,22.561179728638052,-643.1242131348479,-70.90978199935465
3672,70.07067493582223,-19.164877955522783,22.893358844478968,-600.6562184656625,-66.6823783274506
3673,68.95792186642592,-17.75744617769371,19.122631660525467,-1058.458249321336,-89.81428903291834
3674,67.84516879702963,-16.350014399864634,18.609723754939353,-894.1139759623899,-91.11799326218987
3675,66.73241572763334,-14.942582622035573,21.90947825014007,-768.2781449762674,-93.64524867103363
3676,65.61966265823703,-13.535150844206498,22.175187034731078,-783.6816705031317,-93.3698639205342
3677,64.50690958884073,-12.127719066377423,21.60701721625243,-909.9651897183834,-95.22260594357327
3678,63.39415651944444,-10.720287288548363,30.89620812257813,-1046.4070498020408,-88.30772365326705
3679,62.28140345004813,-9.312855510719288,31.332000473669098,-1066.4421223543695,-87.93834075998689
3680,61.16865038065183,-7.9054237328902275,40.41162553346953,-887.7440118469858,-80.73656908499939
3681,60.055897311255535,-6.497991955061153,16.90185830826732,-582.3476691705696,-65.7071425780578
3682,58.94314424185924,-5.090560177232078,14.97968505423249,-706.3009560659872,-67.07444494625321
3683,57.83039117246294,-3.6831283994030173,15.113919914726488,-717.8192054328597,-66.30923519751282
3684,56.71763810306663,-2.2756966215739425,19.499829643599384,-813.4994268887707,-63.53353657962292
3685,55.60488503367033,-0.8682648437448535,22.12926819099009,-433.7674641224456,-56.63884107592321
3686,54.49213196427404,0.5391669340842071,27.87131237323626,-287.79852163631443,-59.887743025584264
3687,53.37937889487773,1.946598711913282,31.749407588381672,-559.6582187660796,-67.08648343078049
3688,52.26662582548143,3.3540304897423425,35.41434529640256,-456.53147120053785,-63.57068894518448
3689,51.153872756085136,4.761462267571417,35.79655228471549,-462.7168989437344,-62.771219963947686
3690,50.04111968668883,6.168894045400492,36.159861016816194,-775.0434364232226,-50.907908858437466
3691,48.92836661729254,7.576325823229553,34.56290320969438,-1032.7740613342514,-58.16068410697899
3692,47.815613547896234,8.983757601058628,34.88821860383398,-932.467252721866,-53.52197776799483
3693,46.70286047849994,10.391189378887702,35.00089119622662,-733.6807598134532,-53.42908638662104
3694,45.59010740910364,11.798621156716763,34.435170594270865,-793.8663461668416,-53.73991066381941
3695,44.47735433970733,13.206052934545838,33.99969674389557,-589.7451345766491,-56.74115068708152
3696,43.36460127031104,14.613484712374913,32.80049494511804,-438.2871660366798,-47.84010871829986
3697,42.251848200914736,16.020916490203973,36.004604729294144,-172.70078944319135,-18.92630314152092
3698,41.139095131518445,17.428348268033048,31.264200982743425,-552.1075572952275,-31.756343305516047
3699,40.02634206212214,18.83578004586211,54.05497261278255,-236.01749250092664,-36.980729683003105
3700,38.91358899272585,20.243211823691183,53.97143842928521,-305.2097350264593,-36.52178059973321
3701,37.800835923329544,21.650643601520258,63.07819468518631,-202.41710043825861,-69.93676112118118
3702,36.68808285393324,23.05807537934932,2.9133898238472113,-594.1149707875069,-34.0388455371248
3703,35.57532978453695,24.465507157178394,19.848934545073618,-1642.025954301189,-37.96287701293052
3704,34.46257671514064,25.87293893500747,41.92454902324416,-1563.1219836620571,-37.0756779982099
3705,33.34982364574435,27.28037071283653,79.37331512847676,916.5393888743002,-9.864027327500928
3706,32.237070576348046,28.687802490665604,74.89849429337238,-511.5127941030651,-27.1853399447431
3707,31.124317506951755,30.09523426849468,21.820464603654486,-1761.67809989487,-38.224970853722795
3708,30.01156443755545,31.50266604632374,33.707268682450476,4348.062756345449,96.04955130886731
3709,28.898811368159144,32.910097824152814,38.772417110321314,-1360.2327003929909,-27.478384023136417
3710,27.786058298762853,34.31752960198189,67.7080568404894,5531.358595469605,139.98635948334777
3711,26.673305229366548,35.72496137981095,68.59058639764648,5622.873730758662,144.9218379787177
3712,25.560552159970257,37.132393157640024,39.51028802972979,3557.6440334709855,91.33366887993044
3713,24.44779909057395,38.539824935469085,24.612113867909272,2802.268984177045,87.27680295855757
3714,23.33504602117766,39.94725671329816,44.789149934370165,2249.3256875942384,84.72863741110064
3715,22.222292951781355,41.354688491127234,57.53459900233459,2225.263485394298,78.88154558749686
3716,21.10953988238505,42.762120268956295,59.93544016597465,1268.267972464827,49.936243236875505
3717,19.99678681298876,44.16955204678537,28.87075343255445,1355.2583177838574,42.892424809114544
3718,18.884033743592454,45.57698382461443,29.38248284262525,1301.4113571970433,42.765990595589585
3719,17.771280674196163,46.98441560244352,25.112103936571415,900.3788610398246,29.316995851338177
3720,16.658527604799858,48.39184738027258,30.269940455350195,1740.3205454308616,54.22777088934489
3721,15.545774535403567,49.79927915810164,45.88153307368423,2596.3703461065647,87.13225185294016
3722,14.433021466007261,51.20671093593073,58.881298784492635,1760.7504815460698,78.17755174280398
3723,13.320268396610956,52.61414271375979,61.17904234433622,1993.4007909422933,94.96352087784966
3724,12.207515327214665,54.02157449158885,43.16819009171008,1067.3436732246437,49.62775391386229
3725,11.09476225781836,55.42900626941794,34.50763381338812,1128.115911410254,43.484221072722676
3726,9.982009188422069,56.836438047247,28.764332576103868,1252.8668782335312,46.50527510765596
3727,8.869256119025763,58.24386982507606,37.883079959438,1393.0050217818214,55.22368619241019
3728,7.7565030496294725,59.65130160290515,46.34969338411283,1642.9498300139064,65.97637887918711
3729,6.643749980233167,61.05873338073421,56.98228426895916,1235.244303096027,71.95462332514839
3730,5.530996910836876,62.46616515856327,58.662595717009864,1259.0000573793454,68.79035702493795
3731,4.418243841440571,63.87359693639233,57.72470187625211,1344.5521966899198,69.82939562423289
3732,3.3054907720442657,65.28102871422142,50.94391435294125,1652.7568946085512,78.2036979069265
3733,2.1927377026479746,66.68846049205048,50.946312388347664,1625.2679981974968,78.48241206623439
3734,1.0799846332516694,68.09589226987954,45.285532541659734,1295.7163153974016,58.816504574687784
3735,-0.03276843614462166,69.50332404770863,41.08470597620915,1498.8511973027632,58.50446558028564
3736,-1.145521505540927,70.91075582553769,41.86431028314878,1392.52342792838,58.20425555564269
3737,-2.258274574937218,72.31818760336675,44.22160669493783,1360.1585647203297,59.75569901571883
3738,-3.371027644333523,73.72561938119584,57.661868757029836,1677.4724819384594,72.57250720595715
3739,-4.4837807137298284,75.1330511590249,57.47432844637224,1643.9026931404085,72.97230910377466
3740,-5.5965337831261195,76.54048293685396,57.287124406240395,1610.2973440215094,73.37207803489508
3741,-6.709286852522425,77.94791471468305,58.45211646482879,1489.5833206692985,72.45828109332687
3742,-7.82203992191873,79.35534649251211,54.780681322104485,1385.2907539997436,76.9751436895792
3743,-8.934792991315021,80.76277827034117,58.95681003801545,1276.823818102284,74.5579564241326
3744,-10.04754606071134,82.17021004817029,62.18895777164052,1134.5304839997953,77.70427054188488
3745,-11.160299130107632,83.57764182599935,61.82062736078921,1110.132658219624,78.00655138164461
3746,-12.273052199503923,84.98507360382841,61.45243821821569,1085.7228033016356,78.30871628556937
3747,-13.385805268900242,86.39250538165747,61.08440027668513,1061.2999034741006,78.61075710205274
3748,-14.498558338296533,87.79993715948656,60.25503527849846,1007.7447576346225,79.29139910372648
3749,-15.611311407692824,89.20736893731562,58.5995371116704,1040.1456505646042,80.65003081413205
3750,-16.724064477089144,90.61480071514468,58.8093352033844,991.4513735679386,78.95455621317834
3751,-17.836817546485435,92.02223249297377,58.48055519203661,966.9727017122557,79.27094707223242
3752,-18.949570615881726,93.42966427080283,58.36150299511981,953.1979748262092,79.30524687946864
3753,-20.062323685278017,94.83709604863189,55.339997073134896,1119.179017271467,81.55896057380994
3754,-21.175076754674336,96.24452782646098,55.10948307437148,1086.4317752298575,81.8090987864548
3755,-22.287829824070627,97.65195960429004,56.086029391391904,1035.2440602762986,81.62419871237057
3756,-23.400582893466918,99.0593913821191,55.803265463589014,1003.3303539129524,81.89232683899074
3757,-24.513335962863238,100.46682315994819,54.46990458471631,993.2157053271831,80.11740011260824
3758,-25.62608903225953,101.87425493777725,54.230533854942244,960.2283891219827,80.47352603703276
3759,-26.73884210165582,103.28168671560631,53.99120084121962,927.2558998345049,80.82948045901409
3760,-27.85159517105211,104.6891184934354,52.54661484989557,886.1031876747024,81.9724596420536
3761,-28.96434824044843,106.09655027126446,51.01380807566865,846.2104639479435,81.3652340750862
3762,-30.07710130984472,107.50398204909352,50.90593457683443,812.9852813626633,81.69643238591208
3763,-31.189854379241012,108.91141382692261,50.79852168626775,779.7320352069272,82.0270135360975
3764,-32.30260744863733,110.31884560475167,50.514322508786755,773.3683288995787,82.92764857821727
3765,-33.41536051803362,111.72627738258073,50.41746759068545,738.1478655721637,83.21582632293128
3766,-34.528113587429914,113.13370916040982,50.32010055712172,702.9356247566316,83.50470131049282
3767,-35.640866656826205,114.54114093823888,50.02305798769568,665.6941029554696,85.00256011301443
3768,-36.753619726222524,115.94857271606794,49.92323370977367,630.6491748067683,85.16496681504644
3769,-37.866372795618815,117.35600449389703,51.340933178638615,627.6045766828735,84.71432862011746
3770,-38.97912586501511,118.76343627172609,51.04775868540221,589.4026770944208,84.95929176221142
3771,-40.091878934411426,120.17086804955515,50.76130863117989,551.9581257482992,85.23975397257924
3772,-41.20463200380772,121.57829982738421,50.06038300915086,539.6012587568617,86.08497371804546
3773,-42.31738507320401,122.9857316052133,49.580511718980205,500.45383692472006,86.34147039908117
3774,-43.4301381426003,124.39316338304236,49.4251766836979,455.7194592044774,86.42449874817102
3775,-44.54289121199662,125.80059516087142,49.021568282148124,421.9691598927186,86.64023204490313
3776,-45.65564428139291,127.20802693870051,48.96845103808693,372.64363829031385,86.66862381804431
3777,-46.7683973507892,128.6154587165296,48.88521731065944,326.9317254423597,86.71311319524331
3778,-47.88115042018552,130.02289049435865,48.814320944017645,277.1284986592804,86.75100811230459
3779,-48.99390348958181,131.4303222721877,48.82460207762125,227.38700232150447,86.745512729062
3780,-50.1066565589781,132.83775405001677,48.95394193342824,175.74249180695574,86.67637910006675
3781,-51.21940962837439,134.24518582784583,49.14364657877346,121.69831932344958,86.57497980216166
3782,-52.33216269777071,135.65261760567495,49.38851676294646,66.76310111784962,86.44409389418696
3783,-53.444915767167,137.060049383504,49.768909890006235,4.673553598711244,86.24076942660957
3784,-51.977733400203,137.52375700749582,50.79213612719576,2.2811311158360184,85.69384332545768
3785,-50.510551033239,137.9874646314876,51.672537530536424,9.167617604758,85.22325872795915
3786,-49.043368666275,138.4511722554794,52.50428903556958,11.089434847721584,84.77867805631364
3787,-47.576186299311,138.9148798794712,53.50324332583596,9.892229402352932,84.2447255877911
3788,-46.109003932347,139.378587503463,54.47970555789954,7.460298260108445,83.72279538106429
3789,-44.99528015838962,137.96992795957897,54.042349853984334,72.31675173184871,83.95656699604545
3790,-43.88155638443224,136.56126841569494,53.852610184212,128.94498095206302,84.05798501490658
3791,-42.767832610474855,135.1526088718109,53.5857203157566,185.93334936419947,84.20064069542562
3792,-41.654108836517466,133.74394932792686,53.544352473687226,239.23217611136928,84.2227522791143
3793,-40.540385062560084,132.33528978404283,53.57604730650152,288.28403107424526,84.20698260865358
3794,-39.4266612886027,130.9266302401588,53.64996518645347,331.14937657917426,84.08633020136895
3795,-38.31293751464532,129.51797069627477,53.77247061459482,369.5989061724989,83.9758315945652
3796,-37.19921374068794,128.10931115239075,53.903204991350705,408.81890957546545,84.09304501964719
3797,-36.08548996673055,126.7006516085067,53.9790270499505,450.17721433117015,84.07828259335247
3798,-34.971766192773174,125.29199206462268,54.13247106598853,494.9268007876382,83.88444222761235
3799,-33.858042418815785,123.88333252073863,54.20119277690289,537.9900115000903,83.83345065276727
3800,-32.7443186448584,122.4746729768546,54.25556747153978,580.1102454913291,83.7506643157467
3801,-31.63059487090102,121.06601343297058,54.31184455068525,622.2006412063267,83.66570405418476
3802,-30.516871096943635,119.65735388908654,54.37022544572926,664.25048763357,83.57891108697264
3803,-29.403147322986253,118.24869434520251,54.204828899648916,720.6248445907138,83.6321927978467
3804,-28.289423549028868,116.84003480131847,55.565082571459165,731.5491405018624,82.52846231214781
3805,-27.175699775071486,115.43137525743444,55.44239594627943,765.8863436853928,82.49337118892096
3806,-26.061976001114104,114.02271571355041,57.13272011614411,736.9357720633427,81.10712333420994
3807,-24.948252227156722,112.61405616966638,57.39802629794571,771.1898859741113,80.842621211207
3808,-23.83452845319934,111.20539662578236,57.56662692018549,810.0464620743883,80.67407422792716
3809,-22.720804679241954,109.79673708189831,57.82356351588134,844.6683757850717,80.41683604481727
3810,-21.607080905284572,108.38807753801429,58.75184591375711,834.4183898328611,79.78958278042955
3811,-20.49335713132719,106.97941799413024,58.62146500870765,908.274190400049,80.63203506103834
3812,-19.379633357369805,105.57075845024622,59.980242925959736,837.3034724373522,79.51691527246473
3813,-18.265909583412423,104.16209890636219,60.395117270180876,864.8931442815983,79.17643682846102
3814,-17.152185809455037,102.75343936247815,60.38360362661569,821.6487488033786,79.18588582790015
3815,-16.038462035497655,101.34477981859412,60.68729038065581,879.420500102884,78.93665664581074
3816,-14.92473826154027,99.93612027471008,60.01300134583459,1007.127951885951,79.49003114240853
3817,-13.811014487582888,98.52746073082605,60.28855096402669,1037.7614400843056,79.26389350204906
3818,-12.697290713625506,97.11880118694202,60.56421753124506,1068.3747061346503,79.03765988414096
3819,-11.583566939668117,95.710141643058,60.83998814634852,1098.9692070261785,78.81134087637341
3820,-10.469843165710735,94.30148209917395,61.059291848411085,1268.1274772908675,77.67063139113036
3821,-9.35611939175336,92.89282255528992,59.43721728162352,1276.5937684903324,74.80779096963853
3822,-8.242395617795971,91.48416301140588,59.62351927044699,1311.0612605430706,74.44278264806412
3823,-7.128671843838589,90.07550346752186,59.884352732026414,1320.8748555293123,73.04976540579474
3824,-6.014948069881207,88.66684392363783,60.06967385502449,1354.6891868784828,72.64931197279796
3825,-4.901224295923825,87.2581843797538,60.25552358345601,1388.4488684069788,72.24885312953995
3826,-3.787500521966443,85.84952483586976,60.44184840880105,1422.1597750741657,71.84835929268641
3827,-2.673776748009061,84.44086529198573,47.66236970479238,1172.8843273727623,60.560367606598774
3828,-1.560052974051679,83.0322057481017,47.00199123844173,1262.7690522947064,60.65572021523325
3829,-0.4463292000942971,81.62354620421766,52.017175239101334,1550.0915061995115,71.81241123055428
3830,0.667394573863092,80.21488666033363,54.931034369304435,1375.217118663022,76.60848763041255
3831,1.781118347820474,78.8062271164496,54.929905389742444,1402.8143872756427,76.33150686891489
3832,2.894842121777856,77.39756757256558,54.92849747130739,1430.3874846642723,76.0539509873864
3833,4.008565895735238,75.98890802868154,55.95475046595747,1419.7290856338136,74.36785431893342
3834,5.12228966969262,74.58024848479751,58.700997770669545,1265.9164192285148,71.66751597270466
3835,6.236013443650009,73.17158894091347,62.31255809076488,1495.3371064720754,80.94382088282643
3836,7.349737217607391,71.76292939702944,49.059822647952174,2018.2490233496233,97.09233196423219
3837,8.463460991564773,70.35426985314541,48.07610901322306,1508.217137842155,68.3383058689885
3838,9.577184765522155,68.94561030926137,36.59233187715361,1879.4862868585665,76.80882481117686
3839,10.690908539479544,67.53695076537734,33.9433199659651,1723.9440091555703,63.56866665876125
3840,11.804632313436926,66.1282912214933,39.82146554599046,1424.5495308196682,55.00534386455311
3841,12.918356087394308,64.71963167760927,43.7942668125139,679.8219360037764,35.34416974513856
3842,14.03207986135169,63.310972133725244,63.97244760894229,1814.0008652468796,89.92988788832231
3843,15.145803635309072,61.9023125898412,64.01472027976098,1805.9821905303727,89.84376948877815
3844,16.25952740926646,60.493653045957174,66.22730894396818,1688.4573520885363,85.79114914144552
3845,17.373251183223843,59.08499350207315,51.70660204183284,2206.2196646155176,88.15738461382878
3846,18.486974957181225,57.676333958189105,44.87740370117792,2178.9477360486967,82.15413249224457
3847,19.600698731138614,56.26767441430508,35.386276654011894,1576.9150907022527,58.75650617682698
3848,20.71442250509599,54.859014870421035,31.405672373574376,843.7507098423661,29.911854024060972
3849,21.828146279053378,53.45035532653701,35.25188736834453,1208.2674590174202,42.01054316972779
3850,22.941870053010767,52.04169578265298,34.76625506116939,1258.008122449818,42.03580137633554
3851,24.055593826968142,50.63303623876894,59.70368116938989,1246.8201062342346,53.26730811791357
3852,25.16931760092553,49.22437669488491,79.75858557746652,1922.6435985733026,79.90178556273887
3853,26.283041374882906,47.81571715100088,61.74157053530968,2546.812414733802,90.95013649995055
3854,27.39676514884028,46.407057607116855,45.69194024810888,1993.9667702852112,77.99152136991592
3855,28.51048892279767,44.99839806323283,30.439166743855125,5517.2953406746965,153.7109047121273
3856,29.62421269675506,43.589738519348785,44.177943426386925,3299.520961410698,85.300804583989
3857,30.737936470712434,42.18107897546476,71.9083772851846,5006.676995298513,129.95864387166282
3858,31.851660244669823,40.77241943158073,71.94212460383326,5626.791313498565,153.84823704068202
3859,32.9653840186272,39.36375988769669,99.10222587518784,874.4929729029718,9.115260377262224
3860,34.07910779258459,37.95510034381266,34.21052512419821,1881.1275028948273,56.89876878161506
3861,35.192831566541976,36.54644079992862,37.76119749376882,2823.8696329097784,62.323290321764254
3862,36.30655534049935,35.13778125604459,24.06902281679102,-719.7482731560564,-17.46429290199802
3863,37.42027911445674,33.72912171216056,50.45643590896957,-3194.204633541517,-67.71271537623332
3864,38.534002888414115,32.32046216827652,76.33869567426188,-472.2508706292732,-27.520395806257213
3865,39.647726662371504,30.911802624392493,70.26233906800874,-956.7635574747876,-38.00854560453871
3866,40.76145043632888,29.503143080508465,45.750230631544454,-1446.6514524871086,-36.86679901964763
3867,41.87517421028627,28.094483536624423,25.29572234293076,-1519.0760101068151,-37.77294002788
3868,42.98889798424364,26.68582399274041,12.385160519366536,-465.0949364864373,-25.492739767957588
3869,44.10262175820103,25.277164448856368,65.28249625126682,-185.97327973378182,-67.52943755118685
3870,45.21634553215841,23.86850490497234,69.94952906371361,-1019.9246957920791,-80.24766111538855
3871,46.33006930611581,22.4598453610883,56.38896500169707,-280.3167043285693,-37.83201717702562
3872,47.443793080073185,21.05118581720427,48.89155968934074,-70.07216078211435,-24.87819073488222
3873,48.557516854030574,19.64252627332023,35.45809089126747,-506.77118293798236,-33.63437449013743
3874,49.67124062798795,18.233866729436215,29.57781393665391,-495.5580036370263,-34.13060295679756
3875,50.78496440194534,16.82520718555216,36.817126349520585,-401.28839871362146,-48.564398318611865
3876,51.89868817590271,15.416547641668146,37.887502061976505,-540.0875213309517,-56.8211097038204
3877,53.0124119498601,14.007888097784104,41.13828835401756,-1763.0850160645143,-106.74475314771871
3878,54.12613572381748,12.599228553900076,39.24514659861053,-1260.538864364773,-78.5349790914324
3879,55.23985949777488,11.19056901001602,38.63169453411219,-853.3879139894522,-54.16545038309461
3880,56.35358327173224,9.78190946613202,38.30085590133569,-944.3298697461697,-58.490541441655616
3881,57.467307045689644,8.373249922247965,37.95200309837049,-932.9682638517113,-59.35880883399537
3882,58.58103081964702,6.964590378363937,37.415460936599565,-984.7689023072421,-60.49696923716363
3883,59.69475459360441,5.555930834479909,43.491854662573175,-952.2080444844471,-70.12616868643006
3884,60.80847836756178,4.1472712905958815,39.47662087812572,-593.0405603830512,-65.95956634616752
3885,61.92220214151917,2.7386117467118254,43.572663346476105,-726.156387126997,-76.04226066372205
3886,63.03592591547655,1.3299522028278261,34.940048273781436,-495.14290602877657,-68.49012409535956
3887,64.14964968943394,-0.07870734105623,35.04547465115475,-835.7296422135554,-63.659330548495106
3888,65.2633734633913,-1.4873668849402577,30.588210492355273,-417.854834143785,-62.85791091846979
3889,66.37709723734872,-2.8960264288242854,24.020359911653298,-716.0552370581992,-65.6194498534567
3890,67.49082101130608,-4.304685972708313,23.81329937815763,-703.2313017454653,-66.40583647045943
3891,68.60454478526347,-5.713345516592341,22.997521088224314,-843.4558511022868,-69.86355297527498
3892,69.71826855922086,-7.122005060476397,19.86825526767023,-607.3525418720305,-69.68946092357253
3893,70.83199233317822,-8.530664604360396,18.677256716053385,-643.9346386653675,-72.70598475283084
3894,71.94571610713561,-9.939324148244452,28.355813028793204,-1028.4369884850807,-96.595912394374
3895,73.059439881093,-11.34798369212848,33.76402069750836,-909.4892589372661,-87.83919115953503
3896,74.17316365505039,-12.756643236012508,25.27019703303145,-792.2664772828812,-93.97560915258936
3897,75.28688742900775,-14.165302779896535,24.889378969121186,-805.5357499002886,-93.81537954138975
3898,76.40061120296514,-15.573962323780592,25.831185163339953,-661.0731910413956,-92.59509059059422
3899,77.51433497692253,-16.98262186766459,25.565172896668336,-645.7156813809846,-92.8704462500977
3900,78.62805875087992,-18.391281411548647,23.61292454112541,-831.2795584998794,-94.57344366185
3901,79.7417825248373,-19.799940955432675,22.50548506679231,-755.8505555478155,-90.05033198773039
3902,80.8555062987947,-21.208600499316702,22.30222465167341,-736.4367843745604,-90.3958962950595
3903,81.96923007275205,-22.61726004320073,20.907790724275817,-964.8182436460283,-93.04822488149796
3904,83.08295384670944,-24.025919587084786,20.746374213056683,-725.8263690365717,-81.61985389148047
3905,84.19667762066683,-25.434579130968814,21.769779853192603,-796.2656528093231,-91.8192840986734
3906,85.31040139462422,-26.84323867485284,21.29374182957912,-698.0412567408129,-89.59486344368852
3907,86.42412516858158,-28.25189821873687,21.116028250579557,-675.5356419104227,-89.92312970537192
3908,87.53784894253897,-29.660557762620925,21.394440527665918,-666.8034906895733,-89.72979495225472
3909,88.65157271649636,-31.069217306504925,21.203874545698763,-643.9751611287953,-90.08156800788385
3910,89.76529649045375,-32.47787685038898,25.127608973294247,-754.7577649656953,-95.38869338409826
3911,90.87902026441111,-33.88653639427301,27.00960915183775,-666.8068202808648,-94.98551198163466
3912,91.99274403836853,-35.295195938157036,26.41121768350226,-747.3884815819619,-95.47680770616823
3913,93.10646781232589,-36.703855482041064,28.857910797460633,-533.6446494657754,-95.24257793581533
3914,94.22019158628328,-38.11251502592512,28.27845156852989,-510.86324608484966,-95.41835499651062
3915,95.33391536024067,-39.52117456980912,25.183257436543037,-543.9470392587324,-96.35727200678201
3916,96.44763913419806,-40.929834113693175,24.71891147140318,-518.5447732097622,-96.49812983563837
3917,97.56136290815542,-42.3384936575772,21.57266024267525,-649.0025829892392,-97.28030266180645
3918,98.6750866821128,-43.74715320146123,19.204965289043816,-596.7897131181495,-97.9094298041491
3919,99.7888104560702,-45.15581274534526,19.013863245432134,-563.4576049006573,-97.97857279658305
3920,100.90253423002756,-46.564472289229286,19.845318932230185,-538.504607129926,-97.75519870095167
3921,102.01625800398494,-47.97313183311334,19.59113584678829,-504.54127561333786,-97.84141512695959
3922,103.12998177794233,-49.38179137699734,19.59161529619972,-474.41947100544326,-95.618183656031
3923,104.24370555189972,-50.7904509208814,19.31042017915164,-440.2234486439955,-95.84815476380221
3924,105.35742932585711,-52.199110464765425,19.02869712093995,-406.0536726811556,-96.07719230405554
3925,106.4711530998145,-53.60777000864945,19.16264211323206,-360.29567249092855,-96.50166654369208
3926,107.58487687377186,-55.01642955253348,18.541523722787755,-339.8382670073754,-96.36353797874872
3927,108.69860064772925,-56.42508909641754,18.388225640147496,-301.637728583308,-97.61052829541666
3928,109.81232442168664,-57.833748640301536,18.401088434236787,-272.37331579036123,-99.20734468331399
3929,110.92604819564403,-59.24240818418559,18.04719892782788,-237.77223886766708,-99.11605875897457
3930,112.03977196960139,-60.65106772806962,16.970517791877196,-208.55724129687232,-98.5421691304174
3931,113.15349574355878,-62.05972727195365,16.744261725760573,-172.81136426671168,-98.52292697792168
3932,114.26721951751617,-63.468386815837675,16.2654100425042,-133.5532859738054,-98.2908165654772
3933,115.38094329147356,-64.87704635972173,16.104781784319766,-98.42034208691824,-98.33085402048795
3934,116.49466706543095,-66.28570590360576,16.04074221498459,-59.42369533469017,-98.36838242467947
3935,117.60839083938833,-67.69436544748979,15.839345009670314,-29.992103667260075,-98.43996183157151
3936,118.7221146133457,-69.10302499137381,15.654932135492734,6.502312016733605,-98.45812490095922
3937,119.83583838730308,-70.51168453525784,15.456360653559477,43.13318619452812,-98.47768247046656
3938,120.94956216126047,-71.92034407914187,15.319322544104196,86.58767273773034,-98.49117953623214
3939,122.06328593521786,-73.32900362302593,15.095007991962163,138.81704381187663,-98.51327257498228
3940,123.17700970917522,-74.73766316690995,14.888125651357548,190.3228239397033,-98.53364869201994
3941,124.29073348313264,-76.14632271079398,14.704517849961524,242.07047466780853,-98.55173246871804
3942,125.40445725709,-77.554982254678,14.529526296602166,294.4223053866891,-98.56896761968086
3943,126.144705453282,-76.1718341182558,15.617036267604872,291.3320932498734,-98.46185731541793
3944,126.884953649474,-74.7886859818336,16.67382914766847,288.7440404558561,-98.35777237831884
3945,127.625201845666,-73.4055378454114,17.686472218033362,287.15401480270106,-98.25803581472991
3946,128.365450041858,-72.0223897089892,18.708132665376866,286.40206570239184,-98.14842703650939
3947,129.10569823805,-70.639241572567,19.801166751562377,286.10587233503236,-97.88853247175459
3948,127.99505890569557,-69.2344832905606,20.11643748134864,235.21240049049345,-97.85198301806295
3949,126.88441957334113,-67.8297250085542,20.306990585113514,184.9826122482518,-97.80018276335996
3950,125.77378024098671,-66.42496672654781,20.42325325768302,130.80366592167263,-97.77130818992556
3951,124.66314090863227,-65.02020844454141,20.60163539185353,83.1038802261057,-97.73863756224446
3952,123.55250157627785,-63.61545016253501,20.830056866259355,44.098171095656205,-97.66877043415522
3953,122.44186224392341,-62.210691880528614,20.995690153378856,10.671262731821962,-97.62099718771344
3954,121.33122291156899,-60.805933598522216,21.147489129938794,-22.28336719241382,-97.57608233145851
3955,120.22058357921455,-59.40117531651582,21.38361427638591,-59.47977463308731,-97.45852522451617
3956,119.10994424686012,-57.99641703450942,21.73754347946754,-92.92188715346745,-97.33798652880789
3957,117.99930491450569,-56.59165875250302,21.890121130576976,-125.62358930056533,-97.35623412772321
3958,116.88866558215126,-55.18690047049663,21.980915523587413,-166.12739252528962,-97.32869194574704
3959,115.77802624979682,-53.782142188490226,22.175707135153168,-201.10141874898324,-97.26960254787461
3960,114.6673869174424,-52.377383906483836,22.68880089162645,-233.87556141475508,-97.11395723605452
3961,113.55674758508798,-50.97262562447744,22.92586821129405,-268.586275364109,-97.04204364048552
3962,112.44610825273354,-49.56786734247104,22.971951465368065,-313.2335397749663,-97.02806443617915
3963,111.3354689203791,-48.16310906046464,23.80634935726296,-331.66775062046776,-96.77495256641357
3964,110.22482958802468,-46.758350778458244,24.320019031637482,-346.1143446193648,-96.6191325517829
3965,109.11419025567025,-45.353592496451846,25.18021072867873,-404.0294720089172,-96.35819621564171
3966,108.00355092331581,-43.94883421444545,27.01725559419996,-380.566437319258,-95.80093466779735
3967,106.89291159096138,-42.54407593243905,27.89099922089514,-406.340540903193,-95.5358873981472
3968,105.78227225860695,-41.13931765043266,29.84462036079819,-413.2714515374657,-94.94326281898928
3969,104.67163292625253,-39.73455936842626,30.42882484588433,-440.37363627454454,-94.7660463003691
3970,103.56099359389809,-38.32980108641986,28.832409999705206,-539.0876779577874,-95.25031351935772
3971,102.45035426154367,-36.92504280441346,28.68582919274045,-508.5348634627561,-94.74912550746258
3972,101.33971492918923,-35.52028452240706,27.623927438286266,-540.3355076444057,-94.85112548028194
3973,100.2290755968348,-34.11552624040067,25.849722175826745,-504.0920192962664,-91.72906324365186
3974,99.11843626448038,-32.71076795839427,27.091807794936535,-617.6236612651481,-92.17472124471861
3975,98.00779693212594,-31.306009676387873,26.60651230387492,-590.279952851038,-91.95492934736859
3976,96.8971575997715,-29.901251394381475,26.844243319823406,-616.3169736769042,-91.68522210179204
3977,95.78651826741708,-28.496493112375077,24.62447125304582,-807.2732915449939,-97.93013107054948
3978,94.67587893506266,-27.09173483036868,22.08925594328523,-758.1289180607187,-92.61612961298613
3979,93.56523960270822,-25.68697654836228,22.692361263415002,-768.4863952609645,-96.53191803464566
3980,92.45460027035378,-24.282218266355883,25.463600884496888,-637.2428931408947,-93.04981866412423
3981,91.34396093799936,-22.877459984349485,27.203143067122603,-634.1686020628223,-93.94149583693661
3982,90.23332160564493,-21.472701702343095,27.422927368439495,-654.9194870637889,-93.70577418005654
3983,89.12268227329051,-20.06794342033669,27.642939910688625,-675.6806000091444,-93.46966587026164
3984,88.01204294093607,-18.66318513833029,28.420827298014377,-609.9114910249701,-92.75095035696563
3985,86.90140360858163,-17.258426856323894,28.377414846003443,-682.0835862714171,-93.21592506124846
3986,85.79076427622721,-15.853668574317503,28.933100032085367,-638.9286187462667,-93.04086132084699
3987,84.68012494387277,-14.448910292311098,29.171837164582104,-656.9287096685699,-92.8127327360988
3988,83.56948561151835,-13.044152010304707,31.521889151923624,-838.4367960358967,-95.1064384217171
3989,82.45884627916392,-11.639393728298309,36.02102849788447,-1038.1233662676475,-92.9580774628313
3990,81.34820694680948,-10.234635446291911,36.46361457282421,-1063.9226725583749,-92.70282929985892
3991,80.23756761445506,-8.829877164285513,39.535330646291776,-1035.7524703715994,-92.36730338790468
3992,79.12692828210062,-7.425118882279108,27.45453374083168,-712.5796935735594,-72.16574574818954
3993,78.01628894974618,-6.020360600272724,32.379537502930035,-741.5783693821489,-66.90014399605357
3994,76.90564961739176,-4.615602318266326,28.379857593810993,-608.6511319721812,-68.31962561736114
3995,75.79501028503734,-3.210844036259914,33.2691935012938,-597.3501038613416,-68.76022951978592
3996,74.68437095268291,-1.8060857542535302,37.88374360461436,-715.1623100578961,-66.43412799843648
3997,73.57373162032846,-0.40132747224711807,38.26001591003795,-728.9132436661946,-65.62746616976021
3998,72.46309228797404,1.0034308097592657,45.26252512468649,-608.165308422713,-74.51260820085292
3999,71.35245295561961,2.4081890917656636,46.60805689796204,-620.679504554017,-76.33340360610825
4000,70.24181362326517,3.8129473737720616,46.30330473857987,-647.4451665203655,-75.67187405562115
4001,69.13117429091075,5.21770565577846,45.86120381482979,-838.0565700962059,-70.94368551003694
4002,68.02053495855633,6.6224639377848575,44.533418230918855,-979.1363193359302,-71.54122040279188
4003,66.90989562620189,8.027222219791255,43.97982628563478,-807.4679912910924,-63.23466735191248
4004,65.79925629384746,9.431980501797653,40.37716339710383,-868.9219042311777,-63.994587116217204
4005,64.68861696149303,10.836738783804051,41.754206224415896,-846.6938760832753,-59.533868981749734
4006,63.5779776291386,12.24149706581045,42.08779099993481,-766.0780962797505,-55.56063948135577
4007,62.46733829678416,13.646255347816847,48.69660615459121,-1006.8537489664873,-75.26462714644157
4008,61.35669896442974,15.051013629823245,47.331884776239754,-1322.2196979910605,-99.19783116398153
4009,60.2460596320753,16.455771911829643,44.761937773275264,-1605.4301137507646,-102.32932185396747
4010,59.13542029972088,17.86053019383604,40.41179710735944,-773.1004278525675,-64.98996520314587
4011,58.02478096736644,19.26528847584244,41.861429172984955,-337.73235358674725,-44.08554290826578
4012,56.914141635012015,20.670046757848837,38.69102546653504,-909.1660881157892,-45.738122467023025
4013,55.80350230265758,22.074805039855235,39.69787023858611,-461.91797234275174,-35.33264673760878
4014,54.69286297030315,23.479563321861633,51.987343400984436,-63.554538347317994,-27.24085518536795
4015,53.582223637948715,24.88432160386803,58.87126219334976,-255.61432089684516,-38.97830125653432
4016,52.47158430559429,26.28907988587443,71.31529001466889,-932.2558910360852,-77.69250341528561
4017,51.36094497323987,27.693838167880813,71.81010977176174,-936.853464433286,-76.76676124084427
4018,50.25030564088543,29.098596449887225,67.55100699137864,-169.4605305607641,-64.9824133601152
4019,49.139666308531005,30.503354731893623,35.61835525026811,-2530.3622327433573,-72.55371151794063
4020,48.02902697617657,31.90811301390002,41.51670497778912,-1240.6122238278865,-37.348236182554814
4021,46.91838764382214,33.31287129590642,49.61575376671756,-1330.9325587873082,-36.51373322404572
4022,45.807748311467705,34.7176295779128,72.18997508038365,-879.7666134667436,-37.46489381003832
4023,44.69710897911328,36.122387859919215,92.37171530577729,521.1356314709117,-16.507918492211537
4024,43.58646964675884,37.52714614192561,54.00872861101293,-2940.250857592326,-64.63971736827207
4025,42.47583031440442,38.931904423932,46.427005755027935,-3169.685932837476,-64.001403244593
4026,41.36519098204998,40.336662705938394,26.85975073370888,-2018.8445784895305,-56.78495152782294
4027,40.25455164969554,41.74142098794481,62.43360934763876,-7616.1527924713055,-213.6584282187539
4028,39.14391231734113,43.14617926995119,39.76194318548998,-535.7772708879975,-3.9033046498374135
4029,38.033272984986695,44.55093755195759,8.139869622918923,-3567.4810840406367,-65.36846405110191
4030,36.92263365263226,45.955695833964,83.19218519695966,6997.3249750082905,170.65273331880644
4031,35.81199432027785,47.360454115970384,74.21628627032993,5171.501447572043,141.9069046007221
4032,34.70135498792341,48.76521239797678,74.18936356683852,4600.955064892758,120.06817709081257
4033,33.59071565556897,50.16997067998318,67.32189654186783,4269.076736015156,114.2107488573165
4034,32.48007632321455,51.574728961989564,36.33924383822424,5063.515769103847,141.86349222000126
4035,31.36943699086011,52.979487243995976,44.44714198195167,2320.692835131616,65.28308435374868
4036,30.258797658505685,54.384245526002374,52.067411646591445,1793.520574012003,72.91068984454922
4037,29.148158326151247,55.789003808008786,64.95189707829634,2326.7122998287527,85.13591394152091
4038,28.037518993796823,57.19376209001517,75.10482329946642,2527.9698781532575,95.2431815934339
4039,26.926879661442385,58.598520372021554,57.1170214795079,1207.5330406307016,45.03253705328599
4040,25.816240329087947,60.003278654027966,40.67908129586546,1160.0686505174936,41.238790759829314
4041,24.705600996733537,61.40803693603435,41.13704876371793,1114.5512501077094,41.313540454701155
4042,23.5949616643791,62.81279521804076,40.44076797095248,1206.434666323018,54.564435559235704
4043,22.48432233202466,64.21755350004717,39.00930620965871,1666.9345551193214,59.8745681503605
4044,21.37368299967025,65.62231178205356,44.57030942597578,2138.6255918670336,85.39204717858459
4045,20.263043667315813,67.02707006405994,52.795557710772975,2262.2578747319035,86.92997935844834
4046,19.152404334961375,68.43182834606635,62.78120729492677,2029.8137954407034,93.65864094427246
4047,18.041765002606937,69.83658662807277,68.79785538357157,1517.512455715415,81.15519482343603
4048,16.931125670252513,71.24134491007915,66.84664184649967,1617.7573999855667,84.73184399074714
4049,15.820486337898089,72.64610319208553,66.45747961213345,1646.5585440540897,85.49888030262103
4050,14.70984700554365,74.05086147409195,58.39306083616807,2492.15301169829,99.75738387701162
4051,13.599207673189227,75.45561975609833,45.757877358822164,1277.2032468335906,54.49746231487487
4052,12.488568340834789,76.86037803810474,44.823051085606984,1557.6799205241796,64.27889980985913
4053,11.37792900848035,78.26513632011113,39.15847302698777,1725.3506500229587,73.86389993208451
4054,10.267289676125941,79.66989460211751,43.386964269115126,1637.0172366099775,73.91337405346442
4055,9.156650343771503,81.07465288412392,51.77236506493717,1803.9989926463934,91.85427184812809
4056,8.046011011417065,82.47941116613033,54.000773179168014,1744.150886758993,91.07176400297506
4057,6.935371679062655,83.88416944813672,57.522370834043144,1725.113374948567,86.78068319181699
4058,5.824732346708217,85.28892773014313,67.28421033848241,1274.7089655536197,74.88584275735936
4059,4.714093014353779,86.69368601214951,59.323912501302146,1690.4952187204683,84.58549747314976
4060,3.6034536819993406,88.09844429415593,59.74637462262682,1205.2159020404447,72.49893919671658
4061,2.492814349644931,89.50320257616231,59.721651405399605,1178.623367181708,72.81029852192249
4062,1.3821750172904927,90.90796085816872,58.91396179427003,1180.8773225259831,74.18231912324518
4063,0.2715356849360546,92.3127191401751,58.913483716102526,1153.265330624161,74.4564183179563
4064,-0.8391036474183693,93.71747742218149,57.095562598297334,1287.0412422183413,73.41425775066614
4065,-1.9497429797727932,95.1222357041879,54.74548708061181,1378.0869820885532,73.83111202571652
4066,-3.0603823121272455,96.52699398619431,54.16106458877178,1333.430400787532,75.7001885484812
4067,-4.1710216444816695,97.9317522682007,54.18158478651188,1262.538559942919,73.29968239405751
4068,-5.281660976836093,99.33651055020708,63.03740119756756,1134.9908846161795,71.51678786153047
4069,-6.392300309190517,100.74126883221349,62.854317072884015,1101.1609045901905,71.91699761499144
4070,-7.50293964154497,102.1460271142199,62.67206215037288,1067.250876309605,72.31728243471156
4071,-8.613578973899394,103.55078539622629,62.49072798146348,1033.247821479727,72.71749158834284
4072,-9.724218306253817,104.95554367823267,61.4361393426319,1055.84245100147,74.46855637159219
4073,-10.834857638608241,106.36030196023908,63.03543402162789,994.147777445874,73.77546074316683
4074,-11.945496970962665,107.76506024224547,63.751701433708476,959.5264870169301,75.73243694379107
4075,-13.056136303317118,109.16981852425188,62.21529035918794,1065.4534166384042,77.6826599541018
4076,-14.166775635671542,110.57457680625829,62.500833239356034,978.1360313204405,77.44832105874659
4077,-15.277414968025965,111.97933508826468,62.23673546828615,938.1836103500434,77.66506041467741
4078,-16.38805430038039,113.38409337027106,61.973108795668935,898.2137552505283,77.8814131502487
4079,-17.49869363273484,114.78885165227747,61.709784635366255,858.2473856521649,78.0975176204751
4080,-18.609332965089266,116.19360993428386,61.3549728191633,779.1211097905765,78.38870404059885
4081,-19.71997229744369,117.59836821629027,60.77121962258686,734.4665212558257,78.86777772356086
4082,-20.830611629798113,119.00312649829665,59.79077685596872,721.607106125342,79.67240599779046
4083,-21.941250962152566,120.40788478030306,59.6182952279391,682.1737879522555,79.81395795719396
4084,-23.05189029450699,121.81264306230945,59.64852974658675,620.2535524589948,79.78914513854725
4085,-24.162529626861414,123.21740134431586,59.41230353460593,578.9531354673023,79.98301090587762
4086,-25.273168959215838,124.62215962632224,58.968042584752254,568.4184899365346,80.34760630456819
4087,-26.38380829157026,126.02691790832863,58.82225212059168,528.3296952968781,80.46725340031993
4088,-27.494447623924714,127.43167619033504,58.607275830199505,490.8290957878124,80.6436798144136
4089,-28.605086956279138,128.83643447234147,58.4337705794886,453.1521103363592,80.78607183891788
4090,-29.71572628863356,130.24119275434782,58.07578829025238,430.90718091842643,81.07986019801453
4091,-30.826365620987985,131.64595103635423,58.06274764014749,380.90815717926637,81.0905623788516
4092,-31.937004953342438,133.05070931836065,57.99026700427717,336.33816117501624,81.15004567654225
4093,-33.04764428569686,134.45546760036706,57.982761078504396,287.494946638635,81.15620562825656
4094,-34.158283618051286,135.8602258823734,57.98174231312611,238.0252548730236,81.15704170707328
4095,-35.26892295040571,137.26498416437983,58.053018727040495,183.16662879910237,81.09854668842061
4096,-36.37956228276016,138.66974244638624,58.167229044092736,130.23048952708365,81.0048167396283
4097,-37.490201615114586,140.0745007283926,58.40590575258044,74.28233940031389,80.8089399025624
4098,-38.600840947469,141.479259010399,58.84545023688897,12.234399394505985,80.4482152056214
4099,-37.0396459230934,141.8240575923056,59.76733988797662,13.842984844468695,79.6916402129337
4100,-35.4784508987178,142.1688561742122,60.716324000836785,15.086383894081017,78.912829378686
4101,-33.9172558743422,142.5136547561188,61.71958454773304,9.982543783747133,78.08947504334192
4102,-32.356060849966596,142.8584533380254,62.38532917488688,8.191902150641383,77.54311275819585
4103,-30.794865825591,143.203251919932,63.35488887000938,-0.09506393731098228,76.74741598648119
4104,-29.68368801296056,141.7978125575736,62.78528504235463,73.44178303072563,77.21487758693881
4105,-28.572510200330115,140.39237319521519,62.521274452988415,132.05601154593046,77.43154539472201
4106,-27.461332387699674,138.9869338328568,62.29757721064812,190.0869924268953,77.6151289063584
4107,-26.350154575069233,137.5814944704984,62.13972696871349,248.30587356738795,77.74467320213886
4108,-25.23897676243879,136.17605510814,62.17171025458408,297.77370089671285,77.71842520787497
4109,-24.127798949808348,134.77061574578158,62.29150879305203,341.9544511651052,77.62010912605493
4110,-23.016621137177907,133.3651763834232,62.449028931196786,383.79130723606727,77.49083573934921
4111,-21.905443324547463,131.9597370210648,62.61947081652141,430.42622872977694,77.35095775287763
4112,-20.794265511917022,130.5542976587064,62.83107612323805,479.518659613508,77.17729783252493
4113,-19.683087699286578,129.14885829634798,63.551228813346064,495.63013677790235,76.58628402126278
4114,-18.571909886656137,127.74341893398959,63.7759592101341,536.7693450767811,76.40185262201013
4115,-17.460732074025696,126.33797957163118,63.97429862971686,588.0709983588893,76.23907972967595
4116,-16.349554261395255,124.93254020927279,63.66476492982122,638.4056143202693,76.49310737437166
4117,-15.238376448764813,123.52710084691438,64.25621675060216,673.1599606197151,76.00771559624019
4118,-14.12719863613437,122.12166148455597,64.45921789994375,715.8838367861343,75.8411169226381
4119,-13.01602082350393,120.71622212219758,64.29650889420557,760.433632930263,75.97286629436485
4120,-11.904843010873485,119.31078275983917,63.96422633474154,766.7057229512095,75.63912752018696
4121,-10.793665198243044,117.90534339748078,62.815507835155216,885.6987646495757,75.86563025187468
4122,-9.6824873856126,116.49990403512237,63.10385694226982,905.8499386552071,75.28286938501833
4123,-8.571309572982155,115.09446467276396,63.13827980080691,949.3526651626153,75.08222818498471
4124,-7.460131760351718,113.68902531040557,63.02721941970597,1050.0419644956612,74.18320689588606
4125,-6.348953947721274,112.28358594804718,64.10479622172869,1120.6443315135934,74.05200070302114
4126,-5.237776135090833,110.87814658568877,64.15051958375426,1233.393377916254,72.83236351060732
4127,-4.126598322460392,109.47270722333036,61.52928609058181,1075.7530014590718,69.43061646933138
4128,-3.0154205098299514,108.06726786097197,59.65526176563398,1061.5315076959646,73.85559707617743
4129,-1.904242697199507,106.66182849861357,60.52107393400274,1031.6909248354782,72.10404406696912
4130,-0.7930648845690627,105.25638913625517,62.03345642802799,1004.3048015217514,72.0991045935816
4131,0.3181129280613746,103.85094977389676,60.38890232933657,1058.5630705873211,75.4210776540135
4132,1.4292907406918154,102.44551041153835,62.34556300395816,1523.8372808206116,80.90360426424738
4133,2.5404685533222597,101.04007104917996,61.92398102610365,1612.5481438664044,81.41730358847235
4134,3.651646365952704,99.63463168682156,61.87986388138425,1661.515550581121,81.47106050555979
4135,4.762824178583141,98.22919232446316,62.61150087260089,1430.6383818445108,80.57955790889096
4136,5.874001991213586,96.82375296210475,61.1422907812742,1452.9462106830376,82.36979627462892
4137,6.98517980384403,95.41831359974634,60.95364685978933,1448.7049630138172,82.59965964658555
4138,8.096357616474467,94.01287423738796,61.07229469579579,1453.753074012072,82.45508678441685
4139,9.207535429104912,92.60743487502955,58.02743885361967,1578.550926262191,86.16525579222949
4140,10.318713241735356,91.20199551267115,57.031220544197055,1540.382089144508,85.77496020590306
4141,11.4298910543658,89.79655615031274,52.674188243782616,1416.205145952475,72.69407429302379
4142,12.541068866996245,88.39111678795433,47.59277661182604,1663.010606137799,77.33445545041646
4143,13.652246679626689,86.98567742559594,51.120617400649515,1350.5797391025353,62.71448514727408
4144,14.76342449225712,85.58023806323754,64.40343215201801,1544.8055159276275,75.54175775838861
4145,15.874602304887564,84.17479870087914,61.49497617538904,2029.0878903640019,90.01364976321926
4146,16.985780117518008,82.76935933852074,62.401266138809675,2187.4744757399963,92.55064406903928
4147,18.096957930148452,81.36391997616234,69.37115906668735,1461.5193864414064,80.22283447236455
4148,19.20813574277889,79.95848061380394,70.78958894540938,1385.2474471811543,77.5656662921098
4149,20.319313555409334,78.55304125144553,66.17715974600195,1775.804936825,87.305264060505
4150,21.430491368039778,77.14760188908713,66.20952863912268,1803.9645020513476,87.24470615215007
4151,22.541669180670215,75.74216252672873,59.63807867174987,1609.4233634523125,76.62242583679912
4152,23.65284699330066,74.33672316437034,50.29656168901232,1906.1919440985764,79.98247145688984
4153,24.764024805931097,72.93128380201193,45.389589994843746,1497.2109062988006,57.625617534841425
4154,25.87520261856154,71.52584443965353,50.686487428973265,1549.614909177437,68.24594832906669
4155,26.986380431191986,70.12040507729513,46.30294271845379,1105.7455572563877,52.07239675876558
4156,28.09755824382243,68.71496571493672,46.7276820948893,1056.4330526349338,40.9377639270304
4157,29.208736056452874,67.30952635257832,62.730454372158704,1528.3230610465725,61.02567892945785
4158,30.31991386908332,65.90408699021992,61.1577145136538,1111.1563045890698,43.323245471834156
4159,31.43109168171375,64.49864762786153,77.24449575031201,2294.763792914601,88.18962782693603
4160,32.5422694943442,63.09320826550312,68.15018940323904,2116.961304189519,79.09592132424136
4161,33.65344730697463,61.687768903144715,56.574975958600255,1640.6700745941746,68.07376320290966
4162,34.76462511960507,60.28232954078632,53.76399472090229,4063.2372065854424,107.8078787114826
4163,35.875802932235516,58.876890178427914,45.86143231925146,3726.1393355988303,90.21460003293876
4164,36.98698074486596,57.471450816069506,69.2589471890295,5386.836519242882,127.842163732368
4165,38.098158557496404,56.06601145371111,75.39111031381411,4687.235745567566,126.58912624099048
4166,39.209336370126834,54.66057209135272,75.49160867281921,5103.733947420286,142.03153156356535
4167,40.32051418275728,53.25513272899431,82.89959180681416,6713.082837389103,173.6234860528548
4168,41.43169199538772,51.849693366635904,87.5349591278908,5643.576045980158,126.55977714434786
4169,42.54286980801817,50.44425400427751,17.205226042859678,-3474.826848476698,-65.60281785564776
4170,43.65404762064861,49.0388146419191,27.982586220082467,2400.049903738999,73.07169284717105
4171,44.765225433279056,47.633375279560696,47.73323681562641,-22049.256036099538,-530.6737433546309
4172,45.8764032459095,46.2279359172023,77.87098390740655,-3122.0456205876603,-97.2946249194215
4173,46.98758105853993,44.82249655484391,52.83448101735005,3057.1864872071887,70.79071567746716
4174,48.098758871170375,43.4170571924855,55.97562777568865,-1981.5255109736217,-44.50376491615871
4175,49.20993668380082,42.01161783012711,65.54970974894033,-1749.136288878415,-43.89041349108108
4176,50.321114496431264,40.6061784677687,69.02760370460996,-2009.0781469266142,-59.929165678873986
4177,51.43229230906171,39.20073910541029,87.16925031968788,-1042.4886912040226,-33.72631753624794
4178,52.54347012169215,37.795299743051885,73.94348537371003,-801.861085015914,-37.53394881899833
4179,53.6546479343226,36.38986038069349,53.324524248600426,-1212.4922784210098,-36.75664712873678
4180,54.76582574695304,34.984421018335084,25.250443331678383,-2324.8330625095946,-57.20090941085
4181,55.877003559583486,33.578981655976676,40.51901307363512,-2302.297014353721,-69.758335948557
4182,56.98818137221393,32.17354229361828,69.57895800968618,-153.06769520692376,-62.96670172929322
4183,58.099359184844374,30.768102931259875,73.4062356713666,-851.3216911989409,-73.78062125795797
4184,59.21053699747479,29.362663568901496,72.91071437085417,-846.7565357420602,-74.70767592714186
4185,60.321714810105235,27.95722420654309,72.41516069370584,-842.1934172062288,-75.63479116871822
4186,61.43289262273568,26.551784844184695,57.19292485855803,-430.8186580866008,-51.640953617616816
4187,62.54407043536612,25.146345481826287,45.65818399749594,-631.1842893327649,-41.48615386207421
4188,63.65524824799657,23.74090611946788,43.128938862162215,-824.3801783287453,-46.06192441243495
4189,64.76642606062701,22.335466757109486,41.18837171513294,-668.0584619951065,-53.30802259554943
4190,65.87760387325746,20.93002739475108,41.70467010537101,-797.792654406643,-58.52127832516916
4191,66.9887816858879,19.52458803239267,44.036871061429096,-864.3832998864864,-73.50843303131494
4192,68.09995949851834,18.119148670034278,48.189208544319214,-1437.828446802623,-98.15317872759081
4193,69.21113731114878,16.71370930767587,50.45249193859793,-1182.4652581991625,-95.39535886990296
4194,70.32231512377922,15.308269945317463,51.63430803535002,-899.3420885474885,-74.0741674591419
4195,71.43349293640966,13.90283058295907,51.00361176255488,-764.781872313317,-71.71814212063818
4196,72.54467074904011,12.497391220600662,45.1829148810725,-695.9511879284984,-61.057874538098844
4197,73.65584856167055,11.091951858242254,44.091834781243215,-772.6820389434957,-64.27990463663875
4198,74.767026374301,9.686512495883846,45.36621938316215,-640.7680325851736,-64.33046395043296
4199,75.87820418693143,8.281073133525467,48.77701035271223,-782.9604117547306,-72.51717792834735
4200,76.98938199956187,6.87563377116706,47.3098457904619,-853.738033629536,-71.89007054190311
4201,78.10055981219232,5.4701944088086805,53.823580622815854,-810.6611541978484,-80.91610365395952
4202,79.21173762482275,4.064755046450273,55.477534608003275,-798.5690257010481,-79.67318644768214
4203,80.32291543745319,2.6593156840918653,56.93702136071721,-795.7572130662069,-79.3357147158893
4204,81.43409325008363,1.2538763217334576,50.23842136160554,-800.1028468635102,-75.30751182557512
4205,82.54527106271408,-0.15156304062494996,49.70200900979129,-782.8967281269822,-75.94242353331768
4206,83.65644887534452,-1.5570024029833576,41.25488627752058,-614.0752205372266,-68.07697246729072
4207,84.76762668797497,-2.9624417653417368,40.92973259476361,-735.8696396063407,-71.26939743394357
4208,85.87880450060541,-4.367881127700144,40.54638286348234,-718.5516929260034,-72.01682629325623
4209,86.98998231323586,-5.773320490058552,39.115952513105476,-604.7717763861465,-69.68697788815066
4210,88.1011601258663,-7.17875985241696,36.115721434162204,-614.5393059956776,-69.67383305233447
4211,89.21233793849674,-8.584199214775367,37.14473465643743,-940.1738607180126,-81.53997515516984
4212,90.32351575112719,-9.989638577133775,45.274758015173084,-1040.0778651391477,-89.78158398425752
4213,91.43469356375763,-11.395077939492154,41.77834988866195,-1077.3790164712998,-89.91435182932695
4214,92.54587137638805,-12.800517301850533,38.88978652898713,-844.88035563385,-91.53901730558339
4215,93.6570491890185,-14.20595666420894,38.44381550308716,-819.1024739928673,-91.7963616885952
4216,94.76822700164894,-15.611396026567348,35.034890438862114,-904.1447367232732,-94.11627097243063
4217,95.87940481427938,-17.016835388925756,32.406326068835185,-802.0960117557212,-95.52126862619913
4218,96.99058262690983,-18.422274751284164,31.676899832653483,-775.930126829818,-95.91115527387602
4219,98.10176043954026,-19.82771411364257,32.19449903906418,-521.3433691392637,-92.21951261592484
4220,99.2129382521707,-21.23315347600095,33.09081812877855,-673.952937173205,-92.4457796627084
4221,100.32411606480115,-22.638592838359358,31.525574893111223,-506.92997266711274,-92.52462843145675
4222,101.43529387743159,-24.044032200717766,31.30526387706155,-486.22365026106377,-92.76037604044096
4223,102.54647169006203,-25.449471563076173,31.276033877306528,-530.7341254181981,-93.40683901770221
4224,103.65764950269248,-26.85491092543458,30.999950704777994,-645.8587832634792,-93.88008148530376
4225,104.76882731532292,-28.26035028779299,27.73210652941492,-550.3984546893076,-95.0157903786604
4226,105.88000512795337,-29.665789650151396,30.51913038480855,-612.0369941200566,-96.07633525257297
4227,106.99118294058381,-31.071229012509775,30.304874208920015,-579.4588701797022,-96.13256833637054
4228,108.10236075321423,-32.476668374868154,29.978973133182414,-551.4427987920702,-95.47813565744195
4229,109.21353856584467,-33.88210773722656,29.399960652981207,-526.9261544403586,-94.67013860024814
4230,110.32471637847512,-35.28754709958497,29.19919618134876,-493.6908509813612,-94.78840171487579
4231,111.43589419110556,-36.69298646194338,28.998680162038738,-460.51513815314314,-94.90507736314805
4232,112.547072003736,-38.098425824301785,30.89452532975655,-390.8703684136202,-94.29125207913272
4233,113.65824981636645,-39.50386518666019,30.535131832413384,-358.6936731980507,-94.43303186462705
4234,114.7694276289969,-40.90930454901857,30.760548070600187,-337.0318009997918,-94.66541914578487
4235,115.88060544162734,-42.31474391137698,30.62585763737157,-292.39769615701323,-94.70627704790225
4236,116.99178325425778,-43.72018327373539,30.172903531682806,-247.86933064583928,-94.84367919347638
4237,118.10296106688823,-45.125622636093794,29.448453862414397,-211.07951508482176,-95.06343862973671
4238,119.21413887951867,-46.5310619984522,28.732149469074162,-194.95294683705572,-95.28072722320134
4239,120.32531669214912,-47.93650136081061,27.496508065643493,-176.4839255422285,-95.65555499903846
4240,121.43649450477956,-49.34194072316899,26.7515989414856,-143.71871475792005,-95.88152074398165
4241,122.54767231741,-50.747380085527396,26.64937246958471,-107.23930075653905,-95.9125308096754
4242,123.65885013004045,-52.152819447885804,26.59155618890483,-72.36157924182254,-95.93006918920383
4243,124.77002794267086,-53.55825881024418,26.408216892038887,-36.16737152766288,-95.98568456489208
4244,125.88120575530131,-54.96369817260259,26.319563355588304,-2.642225143590622,-96.01257732503727
4245,126.99238356793175,-56.369137534961,26.177101772579903,37.388467768019794,-96.05579258000766
4246,128.1035613805622,-57.774576897319406,26.02714722860323,79.24794567062946,-96.10128080016557
4247,129.21473919319266,-59.180016259677785,25.824105091015866,129.1202153435,-96.16287296810506
4248,130.3259170058231,-60.58545562203619,25.664173813654635,181.02705438693556,-96.21138759768421
4249,131.43709481845355,-61.9908949843946,25.388166005259777,232.05164780829435,-96.29511366306781
4250,132.548272631084,-63.396334346753,25.144457699878433,288.6490740047583,-96.36904177991912
4251,133.2179413870166,-61.9239159581838,26.17658459381767,286.44314190636845,-96.05594946449266
4252,133.8876101429492,-60.4514975696146,27.203819715483473,284.10870310417727,-95.74434105217594
4253,134.55727889888178,-58.9790791810454,28.277571187864794,285.4399202603223,-95.41862205710417
4254,135.22694765481438,-57.5066607924762,29.3181614472798,283.997994411542,-95.10296240745876
4255,135.896616410747,-56.034242403907,30.496272993089953,286.9317285296491,-94.74558612565237
4256,134.78723506796211,-54.631075251635544,30.746011986101742,235.76885091329754,-94.66982861944506
4257,133.67785372517724,-53.22790809936409,30.959818293139787,184.02118567051363,-94.60497117593067
4258,132.56847238239237,-51.824740947092636,31.168833476276408,134.8114194273358,-94.54156710417185
4259,131.4590910396075,-50.421573794821185,31.292049235631332,85.54150806926395,-94.50419000682074
4260,130.34970969682263,-49.01840664254973,31.40743969062203,39.11983812529882,-94.46918668993858
4261,129.24032835403773,-47.61523949027827,31.48300854958417,-1.7965516676036941,-94.44626312388723
4262,128.13094701125286,-46.21207233800682,31.621912455943136,-39.29668346101364,-94.40412707848517
4263,127.02156566846799,-44.80890518573537,32.03696331797368,-72.86366828470503,-94.27822275782853
4264,125.91218432568311,-43.40573803346391,32.46488485685752,-113.8453461703077,-94.14841415947036
4265,124.80280298289824,-42.002570881192455,32.749587515772326,-150.9593929285349,-94.06205053963724
4266,123.69342164011337,-40.599403728921004,33.27062361117379,-175.5434571463447,-93.80572934932744
4267,122.5840402973285,-39.19623657664955,33.56879460258767,-210.6292209607453,-93.68752932884061
4268,121.47465895454363,-37.79306942437809,33.928634785732775,-232.72159209056082,-93.47827616471157
4269,120.36527761175874,-36.38990227210664,34.37308490794185,-275.5655929869121,-93.38627633710787
4270,119.25589626897387,-34.98673511983519,34.336151337451724,-297.941475570855,-93.21645121145916
4271,118.146514926189,-33.58356796756373,34.15622243137535,-325.8638513909556,-94.24726076709067
4272,117.03713358340413,-32.18040081529227,34.64106853470522,-360.668216117418,-94.23497922217551
4273,115.92775224061924,-30.77723366302082,34.69734523130036,-392.3796565775525,-93.48815215820068
4274,114.81837089783437,-29.374066510749365,34.829381835982964,-403.7644077725395,-92.7033752566874
4275,113.7089895550495,-27.970899358477908,35.0291987858144,-434.50986108272326,-92.51189570718172
4276,112.59960821226463,-26.567732206206458,35.77236160863707,-415.90525994583874,-92.17503863037989
4277,111.49022686947976,-25.164565053935,36.41322009805154,-433.3995480180438,-91.67372382037631
4278,110.38084552669488,-23.76139790166355,36.50768565073349,-514.155867434674,-93.32904512369119
4279,109.27146418391001,-22.358230749392092,36.81251977561933,-547.1811806852744,-93.16610780507845
4280,108.16208284112514,-20.955063597120642,37.231210725421946,-539.6257844603218,-92.94231271417844
4281,107.05270149834026,-19.551896444849184,37.962264550858436,-626.2538607058401,-92.55155610147034
4282,105.94332015555538,-18.148729292577734,38.29483780185264,-655.7292765976899,-92.37379190338518
4283,104.83393881277051,-16.745562140306276,39.78763362695431,-769.4074531099678,-91.57587549862089
4284,103.72455746998564,-15.342394988034826,41.32237648093015,-626.5126098442119,-90.37249122810917
4285,102.61517612720075,-13.939227835763369,42.96365968811574,-900.6252589428249,-89.62154158048125
4286,101.50579478441588,-12.536060683491918,43.45050826726815,-935.5799454462951,-89.3475195957914
4287,100.39641344163101,-11.13289353122046,46.95292744143457,-815.4968716292576,-88.632612257054
4288,99.28703209884614,-9.729726378949003,40.64497178562357,-742.099399244018,-82.04508048088312
4289,98.17765075606127,-8.326559226677553,41.894033748491054,-515.3839019232894,-74.03021256867274
4290,97.0682694132764,-6.923392074406095,42.3154149842926,-483.5396928411896,-72.27812415280037
4291,95.95888807049151,-5.520224922134638,43.53061741274863,-578.0468917896428,-74.00296585102048
4292,94.84950672770664,-4.117057769863187,43.918141784203776,-595.3125365963348,-73.25855978008416
4293,93.74012538492177,-2.71389061759173,49.290815778145316,-636.8973832678998,-76.32104314916354
4294,92.6307440421369,-1.3107234653202795,51.242298727932464,-639.545166062194,-76.82054080265894
4295,91.52136269935201,0.0924436869511851,51.78205635280827,-656.7431805424075,-76.18979434900024
4296,90.41198135656714,1.4956108392226355,56.084752690640904,-924.5508716561643,-82.71386025695807
4297,89.30260001378227,2.898777991494086,56.80837996649946,-809.4601748643006,-80.08671489803412
4298,88.1932186709974,4.301945143765536,55.2842607854644,-799.5958666030417,-80.5990536220756
4299,87.08383732821252,5.705112296037001,55.560878020888374,-689.5085833733053,-80.02835552140493
4300,85.97445598542765,7.108279448308451,55.749693814031446,-745.6177360886758,-79.89058451855531
4301,84.86507464264278,8.511446600579902,51.38996008994061,-669.566653226298,-72.68197672635971
4302,83.75569329985791,9.914613752851352,50.47547731114461,-755.7743006155853,-73.05054696348175
4303,82.64631195707302,11.317780905122817,49.157992058563,-607.1921486265351,-67.8360997085631
4304,81.53693061428815,12.720948057394267,47.799791994004075,-676.3186952018225,-64.59047252456593
4305,80.42754927150328,14.124115209665717,51.701876174108534,-771.4446806212663,-72.89571587951504
4306,79.3181679287184,15.527282361937182,53.95725936938388,-671.7816676396865,-70.9191993403276
4307,78.20878658593352,16.930449514208632,54.913180090133395,-1092.9375228478975,-87.20471822696851
4308,77.09940524314865,18.333616666480083,53.56137087160096,-1042.2843246234488,-91.60717747014698
4309,75.99002390036378,19.736783818751533,53.938669016087935,-1057.3433411175859,-91.14743817379318
4310,74.88064255757891,21.139950971022998,57.1803007510056,-1081.1365024041531,-87.19749695456092
4311,73.77126121479404,22.543118123294448,45.233256819782724,-894.4223236621569,-67.76624734722108
4312,72.66187987200917,23.9462852755659,45.51557561220464,-591.7617086130067,-54.03081990798165
4313,71.5524985292243,25.34945242783735,45.125528954489475,-941.4258727126056,-59.59160083919992
4314,70.44311718643941,26.752619580108814,47.554952538434854,-739.3368896667998,-46.431920241314096
4315,69.33373584365454,28.155786732380264,53.54823892831717,-815.1542505527938,-58.951513310347735
4316,68.22435450086967,29.558953884651714,62.343504251867444,-892.5020985650277,-55.003895848217674
4317,67.1149731580848,30.962121036923165,73.98554419930409,-756.5394577697068,-72.69681179272527
4318,66.00559181529991,32.36528818919463,74.48085284942064,-761.0540646387032,-71.77015496424139
4319,64.89621047251504,33.76845534146608,74.97613502934365,-765.5695571782662,-70.84354765798794
4320,63.786829129730165,35.17162249373753,71.58321498371575,-136.70886904965172,-61.00620296242026
4321,62.677447786945294,36.574789646008995,45.407467217901164,-2073.3277785861474,-67.01789011086234
4322,61.56806644416042,37.977956798280445,31.650299970044045,-2094.969294753754,-55.59107655513782
4323,60.45868510137555,39.381123950551896,62.10164310098816,-1095.1800981719366,-38.63722544504357
4324,59.34930375859068,40.78429110282336,73.46192546619216,-1444.719359314374,-39.766598602249005
4325,58.23992241580579,42.18745825509481,84.09295570627286,-984.6878590853726,-33.031381835314995
4326,57.13054107302092,43.59062540736626,90.95756400966098,-194.90482836870706,-27.984022254614295
4327,56.021159730236036,44.993792559637726,86.866676791762,-1240.853690857701,-56.46955249481981
4328,54.911778387451164,46.396959711909176,68.47993722510392,-1584.4063685656554,-41.92742178866552
4329,53.80239704466629,47.800126864180626,60.53309317251213,-2236.1853034660144,-43.427713858170804
4330,52.69301570188142,49.20329401645209,45.31210624117729,-1786.8270236829878,-38.86056329529289
4331,51.58363435909655,50.60646116872354,79.75383437418495,-2824.4872813017146,-89.90952662930376
4332,50.47425301631168,52.00962832099499,72.36948828358737,-11595.366936544126,-280.5375001246792
4333,49.36487167352681,53.41279547326644,52.984926536900645,-17700.893717121533,-434.71905915946553
4334,48.255490330741935,54.81596262553789,21.064049975764064,-6201.90431630728,-132.61916570022066
4335,47.14610898795705,56.21912977780937,22.00846781490627,-5953.92848482176,-136.14911121713342
4336,46.03672764517218,57.62229693008082,95.91204221150052,1804.895807500718,41.50576255596676
4337,44.927346302387306,59.02546408235227,84.73707110265799,6036.179239464791,154.9672319277972
4338,43.817964959602435,60.42863123462372,77.84040079162155,4630.448805625807,128.79905254229473
4339,42.70858361681756,61.83179838689517,78.74907195301301,3791.770742996183,100.25877920890656
4340,41.59920227403269,63.23496553916662,74.84729805722672,5224.726616529319,135.81922600364425
4341,40.48982093124782,64.63813269143807,71.42616302481922,4810.143832068932,113.14678008281076
4342,39.380439588462934,66.04129984370955,57.21372631486064,3503.011553410078,85.87203732584658
4343,38.27105824567806,67.444466995981,58.55329712747991,3644.3917140515146,98.4276231869371
4344,37.16167690289319,68.84763414825245,73.10203304858967,2233.300113621028,69.63010979072794
4345,36.05229556010832,70.2508013005239,76.92351935585037,2783.3034703536973,89.24774504259437
4346,34.94291421732345,71.65396845279535,78.09630828053105,2156.727966372295,85.38157864234837
4347,33.83353287453858,73.0571356050668,75.61909892105317,2609.4458720503135,93.54784231558054
4348,32.724151531753705,74.46030275733827,55.94456470013063,1359.1975684161803,53.209179573158565
4349,31.614770188968834,75.8634699096097,66.62859182822302,1365.780522493896,57.88065709057482
4350,30.505388846183934,77.26663706188117,61.61083610297404,1350.6858089833445,64.97227897953357
4351,29.396007503399062,78.66980421415263,54.74918295692116,1698.1037815998466,77.71378945619254
4352,28.28662616061419,80.07297136642407,48.634902261523166,2619.4108492886926,95.92737451463495
4353,27.17724481782932,81.47613851869554,51.729651573053545,1330.1519543374206,55.30984021800472
4354,26.067863475044447,82.879305670967,54.39281284572547,1843.1933462892973,78.03644585125497
4355,24.958482132259576,84.28247282323844,64.02219581607478,1419.1908609618745,71.71058391151328
4356,23.849100789474704,85.6856399755099,68.51342332314985,1887.6638711376347,82.93442459225886
4357,22.73971944668982,87.08880712778137,69.61105380105592,1553.4416908069952,80.88090346506019
4358,21.630338103904947,88.49197428005283,69.14254159866925,1789.9616763977892,81.75742769185302
4359,20.520956761120075,89.89514143232427,73.39086137064925,1197.0565581730816,72.8879954487047
4360,19.411575418335204,91.29830858459573,64.58777548197165,1959.4258203332777,88.86227911806907
4361,18.302194075550332,92.70147573686717,66.46014624297334,1847.8880786064537,85.28021545127129
4362,17.19281273276546,94.10464288913863,65.73097940589581,1711.0154324652449,83.1910503705707
4363,16.08343138998059,95.50781004141007,56.207950512955435,1836.0928549024497,94.89429968449716
4364,14.974050047195718,96.91097719368153,56.56254590533905,1791.7546016057968,94.4821275395423
4365,13.864668704410832,98.314144345953,54.60390227432854,1393.4475844617696,72.93525879577639
4366,12.75528736162596,99.71731149822446,58.72653442223406,1189.6520655732297,69.27087681942815
4367,11.645906018841075,101.1204786504959,64.18764133053871,1087.0678305977501,72.03009645007542
4368,10.536524676056203,102.52364580276736,63.099011319824925,1304.1267323676554,79.98552448135649
4369,9.427143333271331,103.9268129550388,63.223048659511434,1266.7037335072855,79.83438448742251
4370,8.31776199048646,105.32998010731026,65.53020848322352,1164.012053795861,77.02310102518493
4371,7.208380647701603,106.7331472595817,67.49383487518513,1052.725647914965,74.63041442194276
4372,6.098999304916703,108.13631441185319,63.45862754062427,1496.0485394415327,79.54733067965529
4373,4.989617962131831,109.53948156412463,63.42175926194241,1428.0807610190714,79.59225482451696
4374,3.8802366193469595,110.94264871639609,61.242252975774264,1487.7717955404685,82.24799194128468
4375,2.770855276562088,112.34581586866753,66.18122155370887,1224.967282440861,76.22983899801854
4376,1.6614739337772164,113.748983020939,66.22923182642468,1175.9847251585604,76.17133828891448
4377,0.5520925909923449,115.15215017321043,66.52764687352978,1100.3500270962497,75.80771836185643
4378,-0.5572887517925267,116.5553173254819,66.8585541019293,1022.6289512195016,75.40450658208563
4379,-1.6666700945773982,117.95848447775333,67.05580807753466,969.2414146410708,75.16415182478592
4380,-2.776051437362298,119.36165163002482,63.358301801154525,1293.8287113553583,79.67229638001791
4381,-3.8854327801471698,120.76481878229626,66.41001848675458,858.394876943451,69.71721359009983
4382,-4.994814122932041,122.16798593456772,67.14921566815312,880.0429762368035,70.30699114006944
4383,-6.104195465716913,123.57115308683916,67.01047486754473,812.8925561580204,70.69769718297131
4384,-7.213576808501784,124.97432023911063,66.8074548070441,746.2198024466439,72.09680476219654
4385,-8.322958151286656,126.37748739138206,67.04747026702594,690.2791343076469,72.23809010596153
4386,-9.432339494071527,127.78065454365353,67.01848436965909,639.7664679554639,72.49110321892424
4387,-10.541720836856399,129.183821695925,66.9912144097444,589.0927601456578,72.74509894606138
4388,-11.65110217964127,130.58698884819646,67.15606917649728,529.6903183998547,73.27228893261581
4389,-12.760483522426142,131.9901560004679,67.06384641779455,481.86591671353284,73.54665580948361
4390,-13.869864865211014,133.39332315273936,66.79425985131653,442.25758064293393,73.92548267395813
4391,-14.979246207995885,134.7964903050108,66.71624904101088,395.95696616395526,73.98882004845788
4392,-16.088627550780757,136.19965745728226,66.57351131342546,345.7284006557548,74.10596182901345
4393,-17.19800889356563,137.60282460955372,66.56910550788446,299.64559990153424,74.10957757878464
4394,-18.3073902363505,139.00599176182516,66.56031017309155,246.6362603616599,74.11679572072686
4395,-19.4167715791354,140.40915891409662,66.6368598157808,193.47315008147123,74.05397307672658
4396,-20.52615292192027,141.8123260663681,66.87789099038518,135.31973685543576,73.85616397999938
4397,-21.635534264705143,143.21549321863952,67.15750827990674,75.88181034824021,73.6266880893377
4398,-22.74491560749,144.618660370911,67.46435870659458,16.28697021938934,73.37486254920533
4399,-21.063230559174002,144.81106082131018,68.42653339848285,11.875493553097805,72.58522649068055
4400,-19.381545510858,145.0034612717094,69.3920593813038,8.484558218478867,71.79284009982493
4401,-17.699860462542,145.1958617221086,70.19460023455719,10.092362637692169,71.07217275194185
4402,-16.018175414226,145.3882621725078,71.02927469998379,10.26895768939103,70.23088610872604
4403,-14.33649036591,145.580662622907,71.80237347005031,9.56439308871682,69.33058207042001
4404,-13.225125764077406,144.17498700592384,71.52048066853628,77.63460410615198,69.7097525279865
4405,-12.113761162244812,142.76931138894068,71.32525800850527,138.19479025105184,69.95004855991567
4406,-11.002396560412219,141.3636357719575,71.11564490597313,195.92221026015542,70.20879072101607
4407,-9.891031958579624,139.95796015497433,70.97053237435681,251.44414484905587,70.38321533849486
4408,-8.77966735674703,138.55228453799117,70.95190288404092,305.4099919490709,70.40952521742025
4409,-7.668302754914436,137.146608921008,70.99441712113949,365.81993463747926,70.36494602064441
4410,-6.55693815308184,135.74093330402482,71.02700429319567,421.7787233240806,70.32018771556235
4411,-5.445573551249247,134.33525768704166,70.99017084437607,471.5333326405847,70.36555017173814
4412,-4.334208949416652,132.9295820700585,70.93476077622239,530.8228414587409,70.42579800009823
4413,-3.222844347584058,131.52390645307534,70.31383312876858,687.6207070863948,71.19423528413087
4414,-2.111479745751465,130.11823083609215,69.96223045723127,768.4023748034065,71.62266454404276
4415,-1.0001151439188707,128.712555219109,69.99745002571633,781.958279912707,71.57974935914245
4416,0.11124945791372376,127.30687960212583,70.7884156990708,740.0426115160712,70.61595452627245
4417,1.22261405974632,125.90120398514267,70.7689797105546,791.6738416526857,70.63963735592569
4418,2.3339786615789127,124.4955283681595,70.44695205759848,809.192448330545,71.03202933754494
4419,3.445343263411507,123.08985275117632,67.57676165548266,981.2887079616625,74.52936780886016
4420,4.5567078652441015,121.68417713419316,67.34898306814354,1037.5413584485464,74.80691692750247
4421,5.668072467076696,120.27850151721,68.77119860389149,1028.740839066543,73.07394161547894
4422,6.77943706890929,118.87282590022683,68.92870038316893,1101.7956429921935,72.88202506821382
4423,7.890801670741885,117.46715028324367,70.15395853346115,1049.9244812760965,71.3890431172078
4424,9.00216627257448,116.0614746662605,68.50161534596845,932.6910273957762,73.40242989223614
4425,10.11353087440707,114.65579904927733,68.37172900815314,970.3642769789872,73.56069691375669
4426,11.224895476239665,113.25012343229417,68.2429791991547,1008.0060062432574,73.71757907037343
4427,12.336260078072259,111.844447815311,69.28793595954107,1167.169890762787,71.06475769863808
4428,13.447624679904854,110.43877219832783,67.23282673027148,1085.2307155756164,70.2673162743923
4429,14.558989281737448,109.03309658134467,60.57901606369013,1625.9294264366854,93.18673685619288
4430,15.670353883570042,107.6274209643615,60.24605780390297,1686.432209752992,93.43149888895422
4431,16.781718485402642,106.22174534737833,62.85471525811114,1456.3045923472407,85.1457046250786
4432,17.893083087235226,104.81606973039516,60.99173875777115,1896.588103869178,90.99217559486812
4433,19.004447689067824,103.410394113412,66.36692257310821,1918.2017023858637,86.11951269311345
4434,20.115812290900415,102.00471849642884,70.48833050395207,1526.7486481367405,78.05180751967522
4435,21.227176892733013,100.59904287944566,68.98983226890324,1623.4570944496504,80.91145031004413
4436,22.338541494565604,99.19336726246249,70.03334203886168,1639.0707947419517,79.26110866076343
4437,23.449906096398202,97.78769164547933,73.35786532684722,1478.624521903291,73.87111576079883
4438,24.5612706982308,96.38201602849617,72.1244829151157,1559.686769740253,76.17861076151995
4439,25.67263530006339,94.97634041151301,72.13534539894961,1594.105212245901,76.1582884941488
4440,26.78399990189599,93.57066479452982,68.54025230346954,1751.9860623232353,79.11423813424639
4441,27.89536450372858,92.16498917754666,64.35281120305612,1475.0988242183482,70.51035139755459
4442,29.00672910556117,90.7593135605635,60.30694510259052,2081.285439449055,78.85551978201451
4443,30.11809370739377,89.35363794358034,61.523081935428365,1797.1440940650236,78.06207810727233
4444,31.22945830922636,87.94796232659716,55.24684113348993,2269.011164985125,87.04612492942798
4445,32.34082291105896,86.54228670961399,63.67066987485225,1911.15060740885,83.941572575457
4446,33.45218751289155,85.13661109263083,68.0321086799893,1673.2992617756875,75.30871199628433
4447,34.56355211472414,83.73093547564767,70.51000695939874,1211.5321488903921,54.423323111741816
4448,35.67491671655674,82.3252598586645,82.26999006635877,1645.2932435880302,71.62279567116988
4449,36.78628131838933,80.91958424168133,80.25072037520071,1999.598632478906,78.2794347890026
4450,37.897645920221926,79.51390862469816,80.11891819661606,2203.9221170760006,78.71392828020142
4451,39.00901052205452,78.108233007715,81.05015013782864,2229.4747934175157,75.64406842205662
4452,40.120375123887115,76.70255739073183,75.84184597295639,3238.252546628463,92.81354379885735
4453,41.231739725719706,75.29688177374867,68.9185764100205,3778.794489192015,99.45486851812696
4454,42.3431043275523,73.8912061567655,59.636436937090146,3588.872589013107,92.93594096973368
4455,43.454468929384895,72.48553053978233,63.705824032182505,3810.0380154669674,89.59733232156525
4456,44.565833531217486,71.07985492279917,74.57225306684242,4283.193011449991,101.85289814578834
4457,45.677198133050084,69.674179305816,77.70638593708671,4012.0524033357838,95.57409780555444
4458,46.788562734882674,68.26850368883284,81.02650684077436,3389.4608699119526,90.33009355615103
4459,47.89992733671528,66.86282807184966,90.17657980107859,4326.503767647507,99.73893258164824
4460,49.01129193854786,65.4571524548665,86.32591177376312,5390.217173012227,138.83544998531374
4461,50.122656540380454,64.05147683788333,85.0750394748251,6036.449320193804,151.53577893039466
4462,51.23402114221306,62.645801220900154,101.7082536948477,495.2258564839648,-17.344203612650038
4463,52.34538574404565,61.240125603916994,31.643205031650055,-3898.1650320107337,-85.88162505736966
4464,53.45675034587824,59.83444998693382,46.84191811442956,2417.1829749864455,65.76263951515108
4465,54.56811494771083,58.42877436995066,47.79539839676595,-21737.014152571282,-530.0426057645637
4466,55.67947954954342,57.0230987529675,75.11081153221355,-10389.17257351431,-252.70435757935385
4467,56.79084415137603,55.617423135984325,81.71283030174473,-2527.542070965151,-81.96855764536048
4468,57.90220875320862,54.211747519001165,38.94554261125566,-2168.814499312788,-34.89221566649734
4469,59.01357335504121,52.80607190201799,65.7859165855993,-2030.2942819039856,-40.45375169367919
4470,60.1249379568738,51.40039628503483,71.53101582050428,-1420.666080106305,-39.438299562219946
4471,61.236302558706406,49.994720668051656,74.73319609908954,-1738.4311811705234,-49.277809290480036
4472,62.347667160539,48.589045051068496,89.61653011973611,-1167.7469314438931,-47.404502238561484
4473,63.4590317623716,47.18336943408532,87.67305480267862,-1775.3177705941525,-53.811280826247696
4474,64.57039636420419,45.777693817102175,85.12110538549265,-880.4562743449538,-33.03845655636499
4475,65.68176096603679,44.372018200119,75.56877478890647,-1291.573080270934,-39.1902072453337
4476,66.79312556786938,42.96634258313583,63.227676401870504,-1120.9839558642796,-45.24562411283958
4477,67.90449016970199,41.56066696615265,58.879026769221255,-1124.7200301542773,-43.804371894519775
4478,69.01585477153456,40.15499134916951,65.58508697690947,-1298.3003250140623,-43.26870381927375
4479,70.12721937336717,38.74931573218633,76.93184955448059,-567.3669759628044,-61.30446824382976
4480,71.23858397519976,37.34364011520316,76.74893899924295,-681.6767309877475,-67.52686642523142
4481,72.34994857703235,35.93796449822,76.25208698346574,-677.2053901212895,-68.45641068628012
4482,73.46131317886494,34.53228888123684,75.75521810305092,-672.7333021376038,-69.38598649883043
4483,74.57267778069755,33.12661326425366,73.04648757139802,-1039.7357508087612,-74.45366226640812
4484,75.68404238253014,31.72093764727049,60.07129314701654,-1201.4183492870761,-79.05931708205239
4485,76.79540698436273,30.31526203028733,54.898467856536556,-835.1254942935086,-63.10364739635059
4486,77.90677158619532,28.909586413304154,49.89686658420003,-836.4004228729106,-58.22238777559651
4487,79.01813618802792,27.503910796320994,52.750227325223385,-749.2775968570055,-62.25421054971694
4488,80.1295007898605,26.098235179337834,50.70068365981565,-848.7447384282335,-66.37182543836624
4489,81.2408653916931,24.69255956235466,52.87860557378233,-740.5665159790292,-66.84695738976293
4490,82.3522299935257,23.286883945371486,55.59339028145674,-1342.5043633991515,-89.13115370137257
4491,83.46359459535829,21.88120832838834,59.65018395344592,-827.8733922459802,-84.18793440526714
4492,84.57495919719088,20.475532711405165,56.80991640776119,-907.7757839628061,-87.64881175647926
4493,85.68632379902348,19.06985709442199,59.59340551396326,-931.7165396145725,-84.25711916060459
4494,86.79768840085609,17.664181477438817,57.22448081206714,-930.4432020920345,-87.14366337365854
4495,87.90905300268867,16.25850586045567,57.13622978821957,-849.5311806889961,-83.96923569555496
4496,89.02041760452127,14.852830243472482,53.392378867527654,-840.7893071098836,-75.75334918189535
4497,90.13178220635386,13.447154626489322,53.202441891485336,-731.473962867426,-75.14369781445438
4498,91.24314680818644,12.041479009506162,52.391845830761,-512.3029721548105,-68.30678322906917
4499,92.35451141001904,10.635803392523002,54.012010352610474,-565.2150398258476,-72.5925680636888
4500,93.46587601185165,9.230127775539813,54.256078697279285,-658.9092173657458,-74.57218088127276
4501,94.57724061368424,7.824452158556653,56.907211079850136,-761.9247076303113,-80.08721227493253
4502,95.68860521551683,6.418776541573493,56.367927491816104,-713.8743088990628,-80.20728482331513
4503,96.79996981734942,5.013100924590333,56.748089455849346,-694.1992500540858,-79.95629749747813
4504,97.91133441918203,3.6074253076071443,55.490734078292974,-827.8448779056982,-81.55614243512919
4505,99.0226990210146,2.2017496906240126,55.876886239117006,-877.5944527315564,-82.88445177933419
4506,100.13406362284721,0.796074073640824,57.65438929912278,-720.5386764970206,-81.42569327929064
4507,101.2454282246798,-0.6096015433423361,59.72695992907077,-652.9234928240433,-79.72477917601645
4508,102.3567928265124,-2.0152771603255246,53.4392530812579,-514.7084937445937,-78.10248020216711
4509,103.46815742834498,-3.4209527773086563,51.772305403190494,-683.266671627358,-80.18749657004024
4510,104.57952203017759,-4.826628394291845,48.90874683173042,-687.6953592834524,-79.2313419376898
4511,105.69088663201018,-6.232304011275005,48.46763149789339,-662.840537314071,-79.84237919601817
4512,106.80225123384277,-7.637979628258165,45.34573267774716,-478.58198999901,-77.30451949757406
4513,107.91361583567536,-9.043655245241325,46.15600578615539,-616.1528431385967,-80.16307231377561
4514,109.02498043750796,-10.449330862224514,48.30452971566027,-673.1415398647437,-86.03564419759799
4515,110.13634503934057,-11.855006479207674,47.93672382496031,-668.2659644247659,-86.88047774579098
4516,111.24770964117315,-13.260682096190834,46.107680810217325,-679.9729193256774,-87.99498508807919
4517,112.35907424300574,-14.666357713173994,45.619942131350925,-644.9910771398298,-88.26968535302434
4518,113.47043884483834,-16.072033330157183,45.13227999321491,-610.013493877977,-88.54434430244316
4519,114.58180344667092,-17.477708947140343,43.47358432668881,-624.702073517716,-89.6056927844041
4520,115.69316804850352,-18.883384564123503,43.42876208669196,-566.0860985037477,-89.6296507832076
4521,116.80453265033613,-20.28906018110669,41.99567017941813,-448.07780725987743,-90.39565476253328
4522,117.91589725216873,-21.69473579808985,41.8225844259891,-411.88776375844157,-90.48817107304927
4523,119.02726185400131,-23.10041141507301,41.715507474656455,-442.46733879667244,-90.54540492553181
4524,120.13862645583391,-24.506087032056172,41.56413442407808,-372.522002277329,-90.62631554858201
4525,121.24999105766649,-25.91176264903936,41.37801615791503,-314.8123596437714,-90.72579788588533
4526,122.3613556594991,-27.317438266022492,40.473126391851345,-270.28359867484016,-91.20947179272811
4527,123.47272026133167,-28.72311388300568,39.18921186507464,-253.88728238294874,-91.8957387597197
4528,124.58408486316428,-30.12878949998884,38.878477907344454,-250.46964127440327,-92.06182960631844
4529,125.69544946499686,-31.534465116972,39.210239578401115,-213.06000782622533,-91.57201395697776
4530,126.80681406682946,-32.94014073395516,38.73737580256175,-180.20380133266048,-91.97764704116861
4531,127.91817866866207,-34.34581635093835,38.183056019266935,-132.8885571039042,-92.37817739431397
4532,129.02954327049466,-35.75149196792151,38.153100384668114,-84.59223469307128,-92.09283166981298
4533,130.14090787232723,-37.15716758490467,37.93982497530005,-51.3013425613686,-92.22908192152497
4534,131.25227247415984,-38.56284320188783,37.623781948634964,-21.287005514678626,-92.44664795670546
4535,132.36363707599241,-39.96851881887102,37.428309940721455,15.443825133685316,-92.61476029359034
4536,133.47500167782502,-41.37419443585418,37.27281282868761,53.04252499753029,-92.68541174855523
4537,134.5863662796576,-42.77987005283734,37.0847367465116,95.05949500689283,-92.74540487066139
4538,135.6977308814902,-44.1855456698205,36.86898352962923,142.75025611733528,-92.81244524041422
4539,136.8090954833228,-45.59122128680369,36.65789905517073,193.81276242889058,-92.8714456241178
4540,137.92046008515538,-46.99689690378685,36.39022571439352,246.71053206896335,-92.95767485683143
4541,139.031824686988,-48.40257252077,35.926765418920134,294.629973099355,-93.09826402069307
4542,139.51474436966538,-46.6939502632488,37.169407987385306,291.483745508198,-92.70851065592852
4543,139.9976640523428,-44.9853280057276,38.33895282247299,288.1911409384125,-92.25000652123057
4544,140.4805837350202,-43.276705748206396,39.621141108231306,293.2611375235582,-91.66143893309699
4545,140.9635034176976,-41.5680834906852,40.697762770444186,290.7068727279,-91.08940108475038
4546,141.446423100375,-39.859461233164,41.73205026708318,291.05320713580386,-90.5365626141882
4547,140.33256272827856,-38.45062891729041,41.99795832466231,241.93943466321997,-90.39443172278726
4548,139.21870235618215,-37.04179660141681,42.26211194067406,194.60526967332308,-90.25323860042622
4549,138.1048419840857,-35.632964285543224,42.453271377190205,147.2196122477588,-90.1510617000378
4550,136.99098161198927,-34.224131969669635,42.57652240702351,99.2876330614244,-90.08518261801304
4551,135.87712123989283,-32.815299653796046,42.79927962245165,53.87476361808338,-89.96611634419249
4552,134.76326086779642,-31.40646733792245,42.976021253599015,12.133414461985495,-89.87164592531408
4553,133.64940049569998,-29.99763502204886,43.259912042988155,-25.168032726801087,-89.71990305853615
4554,132.53554012360354,-28.588802706175272,43.68537348261607,-57.57191464536558,-89.49248906355758
4555,131.42167975150713,-27.179970390301683,43.812240572635005,-99.27668448476078,-89.42467715609601
4556,130.3078193794107,-25.771138074428087,44.462758442711156,-134.96860397344244,-89.07696793062928
4557,129.19395900731425,-24.3623057585545,45.197345984619616,-194.33895932207267,-88.6843225061391
4558,128.0800986352178,-22.953473442680906,45.269584019626485,-231.2771438852495,-88.64571045202514
4559,126.96623826312138,-21.544641126807317,45.61020763998912,-263.5865896709333,-88.4636432396393
4560,125.85237789102496,-20.135808810933725,45.91481551758438,-311.68003237571594,-88.30082685278539
4561,124.73851751892852,-18.726976495060136,46.33884753092362,-347.6703048081256,-88.07417690247115
4562,123.62465714683209,-17.318144179186543,46.71260378709898,-387.77769269120904,-87.87439991812347
4563,122.51079677473567,-15.909311863312954,48.09493555139958,-376.51057361404315,-87.02121651272151
4564,121.39693640263923,-14.500479547439365,49.441547660259644,-409.14408562808785,-86.2585116020127
4565,120.28307603054279,-13.09164723156577,49.80815590961612,-399.8597005125071,-85.62853132865517
4566,119.16921565844636,-11.68281491569218,50.1690589216786,-498.4077051046888,-85.31228436515505
4567,118.05535528634994,-10.273982599818591,49.124608251886855,-490.38530919230755,-82.17174613202194
4568,116.9414949142535,-8.865150283944999,50.172399603066516,-573.6219521720295,-82.6914175233217
4569,115.82763454215707,-7.456317968071403,50.204885558396434,-452.48325331600915,-80.59510987160945
4570,114.71377417006065,-6.047485652197814,52.2398715683294,-471.6172674430999,-80.56314213898742
4571,113.5999137979642,-4.638653336324225,52.39568787171547,-590.7074880007503,-81.61955171378393
4572,112.48605342586778,-3.229821020450636,56.21350426967713,-695.5753211671461,-82.60819660746087
4573,111.37219305377134,-1.82098870457704,57.64195019381279,-554.3431041234788,-81.43590178526303
4574,110.25833268167491,-0.41215638870345117,56.25602528422424,-692.5307408485439,-82.57330052609998
4575,109.14447230957848,0.9966759271701378,55.07282016831164,-850.0660702930866,-83.54433149587327
4576,108.03061193748205,2.4055082430437267,55.74847907154787,-783.8187079718485,-82.98983277775417
4577,106.91675156538561,3.8143405589173227,56.52332363015219,-780.7298536596879,-82.35393452727651
4578,105.80289119328918,5.223172874790912,58.05186904541434,-569.6227045186005,-79.5961892195031
4579,104.68903082119274,6.632005190664501,58.130061562456,-577.1040571607609,-79.46663457612327
4580,103.57517044909632,8.04083750653809,58.86871203392643,-604.6954256082954,-78.86844950367367
4581,102.4613100769999,9.449669822411678,58.63673016537039,-623.2866174392295,-78.6647832636664
4582,101.34744970490345,10.858502138285267,56.524507838164276,-496.2395446846497,-73.2667807249002
4583,100.23358933280703,12.267334454158856,56.48843563488537,-615.594756513095,-76.51299547132392
4584,99.11972896071059,13.67616677003246,55.97179365410222,-680.1158293601536,-76.12564775720416
4585,98.00586858861416,15.084999085906048,56.453348773843686,-686.2093794334476,-74.86855722988398
4586,96.89200821651772,16.493831401779637,57.08143144848138,-663.5968820300246,-74.61768609409279
4587,95.7781478444213,17.902663717653226,59.463913479127754,-760.9311527143446,-82.15780381094197
4588,94.66428747232487,19.311496033526815,60.155660114102034,-782.1504581038465,-83.57200968414298
4589,93.55042710022843,20.720328349400404,62.218099402324334,-785.7638293542892,-81.0589191720519
4590,92.43656672813201,22.129160665274,59.92659824199433,-768.100436900698,-83.85112249040239
4591,91.32270635603558,23.53799298114759,61.71121713790477,-829.7806496445687,-81.6765572362287
4592,90.20884598393914,24.946825297021192,59.01589634235849,-1142.4504631124798,-84.96081639334008
4593,89.0949856118427,26.355657612894774,61.44713423119542,-1159.692382638172,-81.99834331305883
4594,87.98112523974628,27.76448992876837,55.53455761456518,-936.1229825559211,-70.4000968890231
4595,86.86726486764985,29.173322244641952,55.21256952996403,-735.6088722694825,-64.48517581841713
4596,85.75340449555341,30.582154560515548,57.03289009748665,-650.6248137532334,-60.80002721135715
4597,84.63954412345697,31.99098687638913,57.12722967998118,-866.5464332565961,-65.39921732560208
4598,83.52568375136056,33.399819192262726,60.72784007743847,-726.4226133416663,-60.578213407709214
4599,82.41182337926412,34.80865150813631,72.5421452186109,-1112.260447143262,-75.39721995511677
4600,81.29796300716768,36.21748382400992,74.92716000491669,-907.5991800414142,-70.9351734367797
4601,80.18410263507124,37.6263161398835,77.35624959259755,-587.4518098612332,-66.3906688074266
4602,79.07024226297483,39.035148455757096,77.85510457564716,-591.8689667314886,-65.4573772601151
4603,77.95638189087839,40.44398077163068,78.3539589987804,-596.2826673935455,-64.52408676033309
4604,76.84252151878196,41.85281308750427,82.28755660228815,-1330.6896020073746,-53.59138831467783
4605,75.72866114668552,43.261645403377855,78.49124597614924,-940.1493615897431,-45.11053646647874
4606,74.6148007745891,44.67047771925145,62.42688871493463,-1167.1642533720258,-54.73963181263176
4607,73.50094040249266,46.07931003512505,64.18742390270603,-1231.5169537104969,-55.04667901213074
4608,72.38708003039622,47.48814235099864,77.89589323709917,-1231.955912677741,-49.52419126989001
4609,71.2732196582998,48.896974666872225,83.20042156985487,-1348.0891443041535,-47.020095717429285
4610,70.15935928620337,50.30580698274582,87.66606079287192,-965.3664506564004,-39.513703670549724
4611,69.04549891410693,51.7146392986194,84.35309444256568,-2173.920934572646,-64.75572182862845
4612,67.9316385420105,53.123471614493,87.28353703576948,-1740.2343726487118,-55.09534863335619
4613,66.81777816991408,54.532303930366595,77.30132633664181,-1536.776934921012,-46.183254939283614
4614,65.70391779781764,55.94113624624018,71.55429202672633,-2073.6152068679894,-54.7859356460486
4615,64.59005742572121,57.34996856211377,60.73994237044748,-2470.261360649977,-67.15154106447315
4616,63.47619705362479,58.758800877987355,45.71679954657432,-1919.1026272327551,-33.050260576898076
4617,62.36233668152835,60.16763319386095,86.20124292479389,-1717.2582159650904,-56.43979741740135
4618,61.24847630943192,61.57646550973453,75.09561616757642,-10526.845606918883,-252.85863881932266
4619,60.13461593733548,62.98529782560813,58.132306042713736,-17389.166966995643,-425.0901437987086
4620,59.02075556523906,64.39413014148171,48.887066465192206,-19028.829218780327,-471.33147613046185
4621,57.90689519314262,65.80296245735532,37.40151887701834,-5960.782089316459,-128.7064503620949
4622,56.79303482104618,67.21179477322892,37.99504707822886,-10764.46757310197,-253.3699127305163
4623,55.67917444894975,68.6206270891025,101.43614511059623,467.74304679602676,-14.581436756509202
4624,54.56531407685331,70.0294594049761,93.34045978608678,2611.319215996401,67.6154963312274
4625,53.45145370475689,71.43829172084969,91.93870935923444,3758.0539190004406,81.84771774586493
4626,52.33759333266046,72.84712403672327,91.28633422813186,3822.1732628854697,88.47139849059786
4627,51.22373296056402,74.25595635259687,82.62795960384668,3616.6680547073497,102.48542820494869
4628,50.109872588467596,75.66478866847045,79.98091773100802,3349.616138347833,88.95535686952795
4629,48.99601221637117,77.07362098434405,80.48541589767794,3869.035307571225,94.28655957566872
4630,47.88215184427473,78.48245330021763,77.77915887125289,3724.172478961473,90.65599795898129
4631,46.768291472178305,79.89128561609122,65.83249036489858,3658.888085756805,91.01257935741302
4632,45.654431100081865,81.3001179319648,69.06359233311926,3753.9385461786264,100.52754215769122
4633,44.54057072798544,82.7089502478384,70.02482712053208,3553.0420995818595,93.44128618541583
4634,43.426710355889014,84.117782563712,78.83758386963822,2800.967069899903,82.93792086590153
4635,42.312849983792574,85.52661487958558,83.26163167752497,1936.7307652475984,68.35379184831928
4636,41.19898961169615,86.93544719545918,81.74110780713227,2270.6884188217246,73.3662865733059
4637,40.085129239599695,88.34427951133277,80.5663939719983,2171.1717170299075,77.2387985519945
4638,38.97126886750327,89.75311182720638,82.34612046832741,1714.30643464896,71.3718274057526
4639,37.857408495406844,91.16194414307996,74.39194419442427,1062.6004964516128,50.77283903026135
4640,36.743548123310404,92.57077645895355,72.30979406375442,1446.6578241452753,68.36075585528455
4641,35.62968775121398,93.97960877482713,69.36283419675335,1624.3797255879958,73.93334187915158
4642,34.51582737911755,95.38844109070074,68.88456382581947,1607.3960775446062,75.62448083800273
4643,33.40196700702111,96.79727340657432,62.11094312079844,1890.7817728280293,78.14944682940668
4644,32.28810663492469,98.2061057224479,63.47750720269574,2162.7179924557104,86.37567755676716
4645,31.174246262828262,99.61493803832148,71.04007396211654,1489.2705304125948,66.08114836588285
4646,30.060385890731823,101.0237703541951,72.32367764302163,1573.0125792863764,72.31534710713382
4647,28.946525518635397,102.43260267006868,73.23154240804213,1581.913780452539,74.10744919708459
4648,27.832665146538957,103.84143498594226,75.76181444445321,1310.8810619373946,69.37364561844814
4649,26.718804774442532,105.25026730181587,75.7532504078069,1276.388183566687,69.38966779580339
4650,25.604944402346106,106.65909961768945,73.60543044891327,1435.951555366295,73.40795423353339
4651,24.491084030249667,108.06793193356303,72.76169486592363,1492.389753447126,74.98647166751041
4652,23.37722365815324,109.47676424943661,72.98387943031555,1563.1569702289025,74.57079379932021
4653,22.263363286056816,110.88559656531022,73.46275634765519,1258.1959506634287,72.85124009327967
4654,21.14950291396036,112.29442888118383,71.45492928370717,1497.8958026813998,76.81504418179195
4655,20.035642541863936,113.70326119705742,68.20477160727441,1459.5246641209364,80.29153686500291
4656,18.921782169767496,115.112093512931,70.6841748152595,1401.012071375712,76.51559017920258
4657,17.80792179767107,116.52092582880461,67.9241201086757,1479.439260959074,82.4273064195761
4658,16.694061425574645,117.92975814467819,70.05426970212737,1186.7055681533877,75.0242454143086
4659,15.580201053478206,119.33859046055177,73.1135945471951,1154.0527489643882,71.71034284495505
4660,14.46634068138178,120.74742277642535,71.49104990408722,1132.6212657999727,71.83318403620775
4661,13.35248030928534,122.15625509229896,73.89770495807494,839.8373651068189,65.96516323016556
4662,12.238619937188929,123.56508740817254,75.64566135938355,812.5285071807375,64.69738128460929
4663,11.12475956509249,124.97391972404613,74.56146089979768,695.0344080034572,66.01848387596759
4664,10.01089919299605,126.38275203991971,74.5520337963234,657.9767403863184,66.02997083921213
4665,8.89703882089961,127.79158435579332,74.66730879093822,714.3510881062049,65.8895077977534
4666,7.7831784488031985,129.20041667166691,73.0274610665775,791.493227796394,67.88766880103668
4667,6.669318076706759,130.60924898754047,73.45830633669244,703.9416855328072,67.36268211818583
4668,5.555457704610319,132.01808130341408,73.76932495041993,616.7512402101495,66.98370469484742
4669,4.441597332513908,133.4269136192877,73.60779407746976,548.0919169056244,67.18053070884886
4670,3.3277369604174396,134.8357459351613,73.78044478716838,513.9675145216811,66.97015512934603
4671,2.2138765883210283,136.24457825103485,74.41649678942841,460.38147508927443,66.19512322358067
4672,1.1000162162245886,137.65341056690846,74.43104636924875,398.06690998096644,66.1773945024444
4673,-0.013844155871851171,139.06224288278207,74.69187620575838,321.98044896820426,65.85957230464889
4674,-1.1277045279682625,140.47107519865563,74.86978328181381,253.45777316546696,65.64279182174111
4675,-2.241564900064702,141.87990751452924,75.08865718323565,195.32478333050815,65.376093098463
4676,-3.355425272161142,143.2887398304028,75.29049581937721,134.75101333908458,65.13015191398434
4677,-4.469285644257553,144.6975721462764,75.52097599832805,76.28713432901253,64.84931089517032
4678,-5.583146016354,146.10640446215,75.77408417013186,12.961929452790919,64.5408975766667
4679,-4.06088762596,146.11387944324318,76.45055060082821,13.760717628510506,63.71662052839718
4680,-2.5386292355660003,146.12135442433635,77.15599685085176,10.51566939501459,62.857031454503755
4681,-1.0163708451720002,146.12882940542949,77.82439287888026,8.97203802515395,62.04258822412602
4682,0.5058875452219995,146.13630438652265,78.47336137259,9.968798180543537,61.25181752192817
4683,2.028145935616,146.14377936761582,79.09766650568548,11.876694323196794,60.491099223168305
4684,3.55040432601,146.151254348709,79.81877173545642,8.748007724043923,59.61242961989548
4685,4.661766977976698,144.7455811979542,79.59664385624542,69.27990341386823,59.88309332810932
4686,5.773129629943396,143.33990804719946,79.38710739141352,130.88374411108143,60.138414347599756
4687,6.884492281910095,141.93423489644468,79.21891648216877,190.2870031390113,60.34335564243292
4688,7.995854933876793,140.5285617456899,78.9688631892739,254.88559187251414,60.6480465787818
4689,9.107217585843491,139.12288859493515,78.52264239316152,330.9688690396066,61.191768401485376
4690,10.21858023781019,137.71721544418037,78.3499352217542,399.4686884575581,61.40221277980597
4691,11.329942889776888,136.3115422934256,78.12451112911317,481.43406775185133,61.67689293725254
4692,12.441305541743587,134.90586914267084,77.974498458652,555.1458513927112,61.85968397550627
4693,13.552668193710284,133.50019599191606,78.10650050965862,596.1864401785042,61.69883894900985
4694,14.664030845676983,132.09452284116128,77.9844046594552,658.3511544312721,61.847613230252534
4695,15.77539349764368,130.68884969040653,77.45237860891349,693.0362806169695,63.10552722889061
4696,16.886756149610378,129.28317653965175,78.05693725957669,723.4226275519843,62.949151272153706
4697,17.99811880157708,127.87750338889698,77.18821845517711,772.5450866120823,63.91664096431088
4698,19.109481453543776,126.47183023814222,76.24368056195344,967.79533067714,67.67595472416915
4699,20.220844105510473,125.06615708738744,75.92366809246131,1036.4893194954623,68.24429705663752
4700,21.332206757477174,123.66048393663267,76.2812831381492,1070.5959396856433,68.14901885420942
4701,22.44356940944387,122.25481078587791,76.21975468475478,1076.9585206004122,68.28607507269783
4702,23.554932061410568,120.84913763512313,76.13621735717278,1120.9540663467292,68.27237324494007
4703,24.666294713377265,119.44346448436836,74.96386490419941,1326.2910066275517,70.86650343565881
4704,25.777657365343966,118.0377913336136,78.0967848405901,1169.3384616686299,65.00522552045675
4705,26.889020017310663,116.63211818285882,77.05246872175692,1365.8875253418385,66.95900254894286
4706,28.00038266927736,115.22644503210405,76.0874627421324,1308.288165477065,68.7644008199651
4707,29.11174532124406,113.82077188134929,77.0721965285472,1163.1739648401494,66.9220944374677
4708,30.22310797321076,112.41509873059451,75.90685583693633,1429.0077463881657,69.10229239914727
4709,31.334470625177456,111.00942557983974,77.22422891389004,1294.6455438680064,66.63766199722079
4710,32.44583327714415,109.60375242908498,77.4738290539026,1292.40855177001,63.586462002661925
4711,33.557195929110854,108.1980792783302,72.56248686412378,1663.7710543570447,72.25920154859305
4712,34.66855858107755,106.79240612757545,70.03767635153434,1716.746040020416,75.48498147871584
4713,35.77992123304425,105.38673297682067,70.29054291588305,1791.0924110370745,76.52235097646647
4714,36.89128388501095,103.98105982606589,73.60183206480055,1452.8838027533916,68.43742432487112
4715,38.00264653697765,102.57538667531114,75.34028034928716,1815.1502538954646,75.4296543358314
4716,39.11400918894435,101.16971352455636,75.36488427243096,1645.5417441193251,73.0670468324328
4717,40.22537184091105,99.76404037380158,81.09480069365512,1854.521766017571,75.4968752869118
4718,41.33673449287774,98.35836722304683,84.72361243923982,1591.8893287493643,63.53428786103171
4719,42.44809714484444,96.95269407229205,83.79185796421737,1653.9641049723427,66.60587028204573
4720,43.55945979681114,95.54702092153728,82.9557253064622,2071.3702028029647,69.3622298617883
4721,44.67082244877784,94.1413477707825,81.97995320059285,2233.3677905311615,72.57891894421437
4722,45.78218510074453,92.73567462002774,82.95633312463667,2197.1840135803295,69.36022615408527
4723,46.89354775271124,91.33000146927296,80.67940029668935,2485.059078520865,76.86626667832067
4724,48.00491040467793,89.9243283185182,76.94309902695119,3200.7415201858785,89.18319952639601
4725,49.11627305664463,88.51865516776343,77.9573653310633,2743.8270715809663,74.20054121273414
4726,50.22763570861133,87.11298201700866,73.05907133850972,3467.659686412022,90.81065910314786
4727,51.33899836057803,85.70730886625388,80.23538151649888,3826.131541474059,97.44912931391889
4728,52.45036101254472,84.30163571549912,82.18033202712277,3847.4145395216274,99.80563346394584
4729,53.56172366451142,82.89596256474434,83.16206533115201,3029.26669537245,74.60275372646979
4730,54.67308631647812,81.49028941398959,84.56842790082555,2955.836834863244,78.82592527223689
4731,55.78444896844482,80.0846162632348,92.36454561383414,3282.671874420576,77.52412650897804
4732,56.89581162041152,78.67894311248004,92.83267464459409,3232.0775025708163,72.77112919307267
4733,58.00717427237822,77.27326996172526,90.88167772802522,3888.127334090005,92.57994791285523
4734,59.11853692434491,75.8675968109705,94.18203987177905,2288.1120807274538,59.07078402846293
4735,60.22989957631161,74.46192366021573,101.1841118482634,437.8344321631724,-12.02249821462797
4736,61.34126222827831,73.05625050946097,90.18566125946467,4490.815006203261,99.64672691932266
4737,62.45262488024501,71.65057735870619,55.279777012679304,-7442.311154316625,-174.6132940751951
4738,63.56398753221171,70.24490420795142,55.69016146790054,-16465.19264672013,-408.59477526531293
4739,64.67535018417841,68.83923105719664,8.268508642380027,-38152.29545895628,-931.3661481299469
4740,65.7867128361451,67.43355790644189,79.08125009891991,-8668.163840635261,-212.39178858553217
4741,66.8980754881118,66.02788475568711,87.28816668939909,-5247.779733018698,-129.06550466958322
4742,68.0094381400785,64.62221160493235,92.3129725789602,196.13394975456296,-9.3727136660611
4743,69.1208007920452,63.21653845417757,86.48715272684811,-819.6187415752937,-31.079712714327027
4744,70.23216344401189,61.8108653034228,65.50594357734835,-2148.097531770943,-61.10084625839176
4745,71.34352609597859,60.405192152668036,75.70245666643245,-2072.303600295052,-55.996799812562564
4746,72.45488874794529,58.99951900191327,79.32048526885345,-1429.2335153891725,-46.46307448278561
4747,73.56625139991199,57.59384585115849,88.45808480653359,-1196.722914997555,-51.22338409545429
4748,74.67761405187869,56.188172700403726,87.63727310709463,-1376.066194797695,-53.92923725156392
4749,75.78897670384539,54.782499549648946,85.56872852332191,-1884.7500959225467,-60.748313897748176
4750,76.9003393558121,53.37682639889418,86.10799961354618,-1249.1106040954949,-48.10432072993885
4751,78.01170200777878,51.971153248139416,81.51952996101926,-1215.21207095642,-51.67090760984158
4752,79.12306465974548,50.56548009738465,77.59596874377715,-1133.7171073987097,-51.19473464228009
4753,80.23442731171218,49.15980694662986,67.96470815021904,-1061.5436210700702,-52.83443059845797
4754,81.34578996367888,47.75413379587509,73.95854140758291,-1013.246606005494,-50.6507249493148
4755,82.45715261564558,46.34846064512034,75.51552829688595,-962.3449468084405,-51.43103572127214
4756,83.56851526761227,44.942787494365575,83.40866000072131,-1143.6324965185227,-51.991233606703005
4757,84.67987791957898,43.53711434361078,82.91463018671351,-911.4063185850953,-55.991675509783846
4758,85.79124057154567,42.131441192856016,79.45724646478308,-506.5924817953837,-62.459982158270556
4759,86.90260322351237,40.72576804210125,78.44952395040812,-795.6448721572169,-64.34529740349865
4760,88.01396587547906,39.320094891346486,75.36882789679653,-1116.1635933513498,-70.10887135658344
4761,89.12532852744577,37.914421740591706,74.88854969615191,-1084.5486337230275,-71.0074082064701
4762,90.23669117941247,36.50874858983694,66.6434515252052,-883.4374160996758,-71.89551013544798
4763,91.34805383137916,35.103075439082176,65.06741909110019,-860.7858219575606,-62.059247055522334
4764,92.45941648334586,33.69740228832741,61.02727876090065,-709.4263926994971,-63.462618334960155
4765,93.57077913531256,32.29172913757263,59.73244987187421,-622.9524325728343,-62.578136227689974
4766,94.68214178727926,30.886055986817865,59.96094070284353,-791.1755277463517,-67.72140762476084
4767,95.79350443924595,29.4803828360631,64.53547769183018,-948.7350398084345,-75.33437744080597
4768,96.90486709121265,28.074709685308335,64.52841342102744,-961.1128878868764,-78.24379231061718
4769,98.01622974317937,26.66903653455354,62.456637118261426,-943.2804629912881,-80.76826001223073
4770,99.12759239514605,25.263363383798776,64.60869564864232,-682.5770950958683,-78.14596809554288
4771,100.23895504711275,23.857690233044025,65.21899785669106,-615.3476531202019,-77.40231241689352
4772,101.35031769907944,22.45201708228926,64.86786399429138,-640.7623716115847,-77.83017043099848
4773,102.46168035104616,21.046343931534466,63.61774332409701,-684.9922317956673,-79.35344746183036
4774,103.57304300301284,19.6406707807797,62.98351196157568,-667.1653842958533,-80.12626091080071
4775,104.68440565497954,18.234997630024935,61.52766733281793,-646.5553995972514,-79.87927131935132
4776,105.79576830694624,16.829324479270184,60.43812989263464,-665.1909964188135,-80.29749959681281
4777,106.90713095891294,15.423651328515376,59.37873744541212,-606.6218388594227,-75.8961850114083
4778,108.01849361087964,14.017978177760625,57.33175032374048,-667.900446015803,-77.11767529547565
4779,109.12985626284633,12.612305027005874,57.29044761880313,-611.4026986098013,-77.16492589063988
4780,110.24121891481303,11.206631876251095,60.20435584307511,-498.1108863028615,-77.12084889275589
4781,111.35258156677973,9.800958725496315,60.827954562571776,-467.77814863134904,-77.33266384549921
4782,112.46394421874643,8.395285574741536,60.88203371514231,-449.42272582794493,-77.60286531042732
4783,113.57530687071313,6.9896124239867845,59.908078239349486,-480.51598302733606,-78.64270247829023
4784,114.68666952267982,5.583939273232005,59.46367667770947,-599.4691937354365,-79.94085007315523
4785,115.79803217464654,4.1782661224772255,58.76468062327529,-560.6206333019036,-80.5145010889231
4786,116.90939482661322,2.7725929717224744,58.0689436867071,-554.8987764221924,-81.08547741681178
4787,118.02075747857992,1.366919820967695,57.711473970696964,-572.4683768356635,-81.37884511809514
4788,119.13212013054661,-0.038753329787056146,56.96511695323053,-561.4004229091157,-81.99136425676411
4789,120.24348278251333,-1.4444264805418356,57.17793740156654,-484.0737274586512,-81.8167070958408
4790,121.35484543448003,-2.850099631296615,57.12072658128329,-430.5468237576791,-81.86365878456657
4791,122.46620808644671,-4.255772782051366,57.26053025739354,-385.4179980038585,-81.74892491690028
4792,123.57757073841341,-5.661445932806146,56.55687306574674,-375.158396527081,-82.32640122764614
4793,124.68893339038011,-7.067119083560925,54.35063970890727,-383.43307533298866,-81.78271783227729
4794,125.80029604234682,-8.472792234315705,53.59692135367037,-338.7389807366651,-82.77732474934193
4795,126.9116586943135,-9.878465385070456,52.85666703151816,-300.1174623274784,-82.71187648710966
4796,128.02302134628022,-11.284138535825207,52.71989335360932,-275.6549764841938,-84.21033259960858
4797,129.13438399824693,-12.689811686580015,52.23564048259236,-238.71298093028557,-84.56707789435055
4798,130.24574665021362,-14.095484837334766,51.9032240295029,-204.1995808523368,-84.85280680249214
4799,131.3571093021803,-15.501157988089545,51.075034389644344,-164.38450087600452,-85.47202671581297
4800,132.46847195414702,-16.906831138844296,50.388041253654784,-132.7607073444997,-85.90172440139025
4801,133.5798346061137,-18.312504289599076,49.79726380342985,-90.75729089788682,-86.22561393630103
4802,134.69119725808042,-19.718177440353855,49.6301666044305,-49.89518661500046,-86.3149292961311
4803,135.8025599100471,-21.123850591108607,49.088754158687536,-12.625384654296376,-86.60432042714689
4804,136.9139225620138,-22.529523741863386,48.8482546767431,27.722827744804245,-86.73287014490062
4805,138.0252852139805,-23.935196892618166,48.5328501221863,67.7165035377889,-86.90145747880547
4806,139.1366478659472,-25.340870043372917,48.250197678850846,108.14387618251993,-87.05253843548535
4807,140.2480105179139,-26.746543194127696,48.060882257373585,149.38917169248066,-87.15372968879105
4808,141.3593731698806,-28.152216344882447,47.89485561084791,202.35127582894438,-87.24247282610644
4809,142.4707358218473,-29.557889495637255,47.687081418912584,247.18428732201724,-87.35353050287918
4810,143.582098473814,-30.963562646392,47.383847794496965,289.050778873661,-87.51561233572515
4811,143.86713977070232,-29.391231363066666,48.3128655755573,286.92503451579444,-87.0190417295103
4812,144.15218106759067,-27.818900079741333,49.23933597431788,287.9629667101409,-86.52383272820623
4813,144.437222364479,-26.246568796416,50.23565326396318,288.8273463775793,-85.99128976660995
4814,144.72226366136732,-24.674237513090667,51.31384809585423,290.09749499464607,-85.41498232427149
4815,145.00730495825567,-23.101906229765333,52.40264597007109,291.0887667180854,-84.83300743480467
4816,145.292346255144,-21.52957494644,53.395316188908986,292.6429705134407,-84.30241387417645
4817,144.18428135537158,-20.128072856957765,53.67094872154644,253.41488866538475,-84.15508513987804
4818,143.07621645559917,-18.72657076747553,53.887379522913434,208.98154195004736,-84.03940040657217
4819,141.96815155582675,-17.325068677993293,54.07515989310513,160.78064085560848,-83.93866093912537
4820,140.86008665605436,-15.92356658851106,54.248625329810885,110.76857392722113,-83.84616099726881
4821,139.75202175628195,-14.522064499028822,54.485037170262686,66.89706332345641,-83.70759340859347
4822,138.64395685650953,-13.120562409546588,54.83573513091583,30.393691654818458,-83.51504573626183
4823,137.53589195673712,-11.719060320064353,55.354291838392754,-12.865238653212963,-83.29479110165171
4824,136.4278270569647,-10.317558230582119,55.62636380491793,-51.730917673209454,-83.09297849072298
4825,135.3197621571923,-8.916056141099883,56.4475407733282,-90.15702301328506,-82.44100660230325
4826,134.21169725741987,-7.514554051617646,56.69892216572701,-131.62526090500967,-82.2120229957095
4827,133.10363235764746,-6.113051962135412,57.11433653108814,-170.49742500548322,-81.868902961214
4828,131.99556745787504,-4.711549872653176,57.76368271467097,-169.60722341281013,-81.33599852572507
4829,130.88750255810265,-3.3100477831709405,58.01543678403355,-227.74003791519698,-81.12938938008341
4830,129.77943765833024,-1.9085456936887049,58.35486602122016,-275.6012334436482,-80.8508271114437
4831,128.67137275855782,-0.5070436042064728,58.8458962721069,-302.08838477337923,-80.44784915411903
4832,127.56330785878541,0.8944584852757629,59.3552270871271,-335.19050973584723,-80.02985231773533
4833,126.45524295901299,2.2959605747579985,59.886567940425344,-334.3064333086265,-79.5937923167097
4834,125.34717805924059,3.697462664240234,60.545296582454064,-356.5692741676483,-79.05318789953449
4835,124.23911315946818,5.09896475372247,60.60480164036173,-434.1460205585987,-79.00435337937458
4836,123.13104825969576,6.500466843204709,61.13518916411185,-452.75558751957715,-78.56907575538833
4837,122.02298335992334,7.901968932686941,61.646559026711515,-464.473771608091,-78.14940551654728
4838,120.91491846015094,9.303471022169177,63.094819301317855,-301.5053970061882,-76.14993645324026
4839,119.80685356037853,10.704973111651412,61.4324916617287,-418.5813306145335,-77.70124345846676
4840,118.69878866060611,12.106475201133648,60.68575090101202,-498.5522474622024,-78.24566755337116
4841,117.5907237608337,13.507977290615884,62.726879383237865,-450.61806592650606,-77.40259854939542
4842,116.48265886106128,14.90947938009812,61.07943151261523,-479.09702134678196,-75.24355460339059
4843,115.37459396128888,16.310981469580355,61.71959969523652,-586.5304870904531,-79.6470717831464
4844,114.26652906151647,17.71248355906259,62.03247450292895,-609.9125244027537,-79.2477851817772
4845,113.15846416174406,19.11398564854482,64.42654202010739,-478.87662223090325,-76.8682102886454
4846,112.05039926197165,20.515487738027055,65.42057937311314,-604.6998554257475,-77.15668453382054
4847,110.94233436219923,21.916989827509298,66.02952504826696,-515.5054687746875,-76.41468179592319
4848,109.83426946242682,23.318491916991526,66.61411586446613,-533.0173902567545,-75.70235555095917
4849,108.7262045626544,24.71999400647377,68.58374855607818,-494.5480578834369,-73.30235024759754
4850,107.61813966288199,26.121496095955997,67.0209010869156,-549.8486123074777,-75.20668613230772
4851,106.51007476310957,27.522998185438233,65.94248261386831,-654.7713980154541,-76.52074334997008
4852,105.40200986333718,28.92450027492047,67.35947752821221,-750.007282759356,-74.79412938598387
4853,104.29394496356477,30.326002364402704,66.22401432209602,-918.2786359313151,-76.17769583878277
4854,103.18588006379235,31.72750445388494,66.19905340201595,-874.5530973567842,-73.23663856793091
4855,102.07781516401994,33.129006543367176,64.20812198063624,-638.1422165717662,-65.53139131360143
4856,100.96975026424752,34.53050863284942,65.31674684759868,-581.8145793306129,-65.72356977052347
4857,99.86168536447511,35.93201072233165,69.64384246329438,-755.6247051731605,-63.902225483295794
4858,98.75362046470269,37.33351281181388,68.53895472321524,-702.0877178023435,-60.48704894986781
4859,97.64555556493029,38.73501490129612,71.85247893280187,-807.0303471201933,-65.63619145541506
4860,96.53749066515788,40.136516990778354,76.29243861226405,-929.179551416322,-68.38091813762907
4861,95.42942576538547,41.53801908026058,77.21276011207236,-918.8685941896297,-66.65911860516898
4862,94.32136086561306,42.939521169742825,78.49397047663857,-823.707816767953,-64.26214384455274
4863,93.21329596584064,44.34102325922506,80.74283880989148,-418.76340369020073,-60.05480929291446
4864,92.10523106606823,45.7425253487073,83.70040886831613,-754.9931375376624,-54.521587755796645
4865,90.99716616629581,47.14402743818953,85.5296116101193,-857.3653058944698,-51.09939189677611
4866,89.8891012665234,48.54552952767177,84.7171957075321,-959.8160989580226,-50.01230182593093
4867,88.781036366751,49.94703161715399,80.83291729022696,-901.449826526469,-49.51668597454734
4868,87.67297146697858,51.34853370663624,76.85641181840272,-852.6116475904985,-48.57322739307622
4869,86.56490656720617,52.750035796118475,79.92719371702157,-1002.9481806479673,-52.63415717436689
4870,85.45684166743376,54.15153788560071,80.01034644783957,-957.0380905763286,-48.70779424977181
4871,84.34877676766135,55.553039975082946,83.37373559439156,-1027.4199949064994,-48.959212305106696
4872,83.24071186788893,56.95454206456518,86.02122869694435,-1606.999758235165,-59.25662095066431
4873,82.13264696811652,58.35604415404742,86.90450119766089,-1597.882834156648,-56.34486215701818
4874,81.02458206834412,59.75754624352964,86.17183433491505,-1655.914163439254,-58.760140769997534
4875,79.9165171685717,61.15904833301189,87.95865161871143,-789.7116222026182,-52.869794433486476
4876,78.80845226879929,62.56055042249411,90.01485061822595,-984.0267866632033,-46.091415718574176
4877,77.70038736902688,63.962052511976346,79.4542537320963,-1773.4925616956561,-53.076190343110255
4878,76.59232246925446,65.36355460145859,76.30928263280886,-1960.4764211362658,-59.9455581098847
4879,75.48425756948205,66.76505669094081,68.30775672145465,-4481.579102334848,-121.95698655310676
4880,74.37619266970964,68.16655878042306,92.53195567924055,-1946.3314902580594,-57.51165463678863
4881,73.26812776993724,69.56806086990528,108.99287908984564,5852.0203674044915,131.23772313159458
4882,72.16006287016481,70.96956295938753,88.99930755988233,-4454.123522815815,-111.69198704915135
4883,71.0519979703924,72.37106504886975,81.32833620990152,-7772.907164802531,-189.5767236091842
4884,69.94393307061999,73.772567138352,30.773509697612923,-28754.868922385678,-702.8688694281626
4885,68.83586817084758,75.17406922783425,54.78157380851756,-19027.65673696474,-459.110724170748
4886,67.72780327107516,76.57557131731647,60.75812465459292,-14035.155811492594,-349.5497796796225
4887,66.61973837130276,77.9770734067987,57.22076779158429,-5200.763989147007,-124.51480940878987
4888,65.51167347153036,79.37857549628094,98.9213928258181,1031.8383534342386,10.951290492455001
4889,64.40360857175793,80.7800775857632,100.85907958795258,417.1549291254404,-8.722387861864764
4890,63.29554367198553,82.18157967524542,89.82338299988486,4177.114236414245,103.32500252765071
4891,62.18747877221311,83.58308176472764,92.24351576168485,3286.1222394183224,78.75296412555875
4892,61.07941387244071,84.98458385420989,90.39910138910405,4059.194538267843,97.4796313182782
4893,59.97134897266828,86.38608594369211,93.8485009530449,2665.6650884258647,62.45726399728662
4894,58.86328407289588,87.78758803317436,88.36703577008467,2737.1384019299753,75.0045584678117
4895,57.755219173123464,89.18909012265658,84.42788958658736,3313.8306688802245,90.77901943516011
4896,56.64715427335105,90.59059221213883,84.3432207661361,3604.0229787566,94.7136886068875
4897,55.53908937357863,91.99209430162105,83.54842947077077,3371.0216837364287,89.66803162410635
4898,54.43102447380623,93.3935963911033,82.22896259108613,2874.459223768588,80.95089062009687
4899,53.32295957403382,94.79509848058552,80.82491004398608,2671.853846983898,72.53385760176884
4900,52.2148946742614,96.19660057006777,80.47126228839643,2714.2593526158857,77.55240563934
4901,51.106829774488986,97.59810265955,79.82895162902732,2848.4057526580827,79.66981981124589
4902,49.998764874716585,98.99960474903224,81.96818187113739,2374.6793929664836,72.61772381137385
4903,48.89069997494417,100.40110683851447,82.89801910824951,2161.3466905172504,69.55246167581942
4904,47.782635075171754,101.80260892799672,82.93374822733549,2113.670919615309,69.4346785719601
4905,46.67457017539934,103.20411101747894,86.00680314994112,1529.9385587301526,59.30417559920775
4906,45.56650527562694,104.60561310696116,85.63502472547087,1498.053673638602,60.52976463980682
4907,44.45844037585452,106.00711519644341,85.62865481751511,1423.3073873575859,60.55076340914454
4908,43.35037547608211,107.40861728592566,85.69615755667954,1258.326005948342,60.328236732272046
4909,42.24231057630969,108.81011937540788,81.85300384318784,1725.4876090024447,72.99741483022038
4910,41.13424567653729,110.21162146489013,80.01865889932395,1417.88733599664,65.0124967966136
4911,40.02618077676486,111.61312355437238,79.74299444912782,1206.9609189812259,60.21135299293388
4912,38.91811587699246,113.0146256438546,76.4539941115519,1373.9326854166384,65.66855094092583
4913,37.81005097722006,114.41612773333682,76.36332080891027,1306.1418523975094,64.83280275471456
4914,36.70198607744764,115.81762982281907,79.3993232370155,1067.3301096272596,58.753456145623545
4915,35.59392117767523,117.2191319123013,78.79539158427706,1203.2037551539229,62.360052214723574
4916,34.48585627790281,118.62063400178354,82.16124688320257,1005.4467525616983,57.40115580554872
4917,33.37779137813041,120.02213609126576,79.8113690312401,1125.2664513909706,61.797465777324526
4918,32.269726478357995,121.42363818074799,80.05334604333353,1058.472757208594,61.344758863082696
4919,31.16166157858558,122.82514027023024,80.53673211980431,961.0712014429323,60.4404075894915
4920,30.053596678813165,124.22664235971249,80.53975015277689,949.4227530238276,60.43476124985665
4921,28.945531779040763,125.6281444491947,80.79677326370698,963.4525011859697,59.953905079134714
4922,27.837466879268334,127.02964653867696,81.12761735894857,879.2682051997517,59.334939632144
4923,26.729401979495933,128.43114862815918,82.25245733983512,734.5327931094807,57.230513131637196
4924,25.621337079723517,129.83265071764143,81.51353993593871,736.5053418837815,58.612929646757635
4925,24.513272179951116,131.23415280712365,81.69380403801698,694.6166103731732,58.27567940676827
4926,23.405207280178686,132.6356548966059,81.5994473938064,643.7787018650176,58.45220818059374
4927,22.297142380406285,134.03715698608812,81.99143547915978,541.8081766400378,57.66087412850012
4928,21.18907748063387,135.43865907557037,82.24926173459811,478.59821277823045,57.18535130754528
4929,20.08101258086147,136.8401611650526,82.6862694405759,403.04279509673654,56.379620647835175
4930,18.97294768108904,138.24166325453484,82.75225168415693,341.29124570244545,56.10319490032238
4931,17.864882781316638,139.64316534401706,83.05464345558782,269.50576439366205,55.52594683218854
4932,16.756817881544237,141.04466743349928,83.32995948671108,206.3570441595043,55.15687534226183
4933,15.648752981771821,142.44616952298153,83.54552218952877,139.12918970759574,54.76448629652236
4934,14.540688081999406,143.84767161246378,83.72086681309852,74.15798178234294,54.480315589787196
4935,13.432623182227,145.249173701946,84.0157138472613,6.85477105452712,54.07297127825503
4936,15.145549050238666,145.01548873985118,84.48984773479482,9.74610543564853,53.05551815224833
4937,16.858474918250334,144.78180377775632,84.98962187449483,13.742191214604524,52.10159150649136
4938,18.571400786262,144.5481188156615,85.58973594247892,16.073300203288795,50.986907240742184
4939,20.284326654273666,144.31443385356667,86.21737133715682,6.473492868279351,49.81268461382678
4940,21.997252522285333,144.0807488914718,86.78374319495818,5.745175838597959,48.75307794358827
4941,23.710178390297,143.847063929377,87.3074791730857,8.32526967750887,47.77323735259888
4942,24.8207940611404,142.44233557491108,87.11439108983026,74.80103740291217,48.13447956148131
4943,25.9314097319838,141.03760722044518,87.0495243676607,130.57867320891222,48.255836600219475
4944,27.0420254028272,139.63287886597925,86.86906963185396,196.48023836194423,48.59344349064523
4945,28.152641073670598,138.22815051151335,86.67259777679358,257.5218144610932,48.9610162880371
4946,29.263256744514,136.82342215704745,86.44494242913093,321.06091049753735,49.38692926654426
4947,30.373872415357397,135.41869380258154,86.15653863262187,397.52333400708136,49.926494540301775
4948,31.4844880862008,134.0139654481156,85.82454089280172,482.56981745577036,50.547618303377114
4949,32.5951037570442,132.6092370936497,85.80062744677295,534.1584640358487,50.59235719103806
4950,33.7057194278876,131.2045087391838,85.47592903447796,563.3783986610388,51.199824879879856
4951,34.816335098731,129.7997803847179,85.97291690807917,582.9108570177834,50.27002644685065
4952,35.926950769574404,128.39505203025197,85.34795855393834,678.7513829414595,51.4392406857778
4953,37.0375664404178,126.99032367578607,84.87673646748017,737.2727953620437,52.32083474645921
4954,38.1481821112612,125.58559532132017,85.06288438327239,763.9809092840209,51.91549644885261
4955,39.258797782104594,124.18086696685427,84.26340497067812,816.2729470614743,52.61785820672416
4956,40.369413452947995,122.77613861238835,84.19472135323313,759.4770823716985,51.29434411945175
4957,41.4800291237914,121.37141025792243,84.94345718556872,861.4448287526989,52.275828032012086
4958,42.5906447946348,119.96668190345653,85.10830173024088,999.8264466467806,54.59229364440821
4959,43.7012604654782,118.56195354899063,85.60717047294347,1257.3108088495196,60.621587791405624
4960,44.8118761363216,117.15722519452471,85.90652664826794,1242.5955735802345,59.634742876357805
4961,45.922491807165,115.7524968400588,86.1882941372532,1254.2363606815102,58.70588008129626
4962,47.033107478008404,114.3477684855929,86.85541362550806,1177.946023644634,56.50668217265107
4963,48.143723148851805,112.94304013112699,86.99473258726556,1249.8885703186802,56.04740917174797
4964,49.25433881969519,111.53831177666109,86.83196575598771,1391.4064221121441,56.583979428268876
4965,50.364954490538594,110.13358342219517,86.48633537994297,1560.8298055142302,57.723369917595136
4966,51.475570161381995,108.72885506772926,86.43238951481081,1617.8547199195282,57.90120557652492
4967,52.5861858322254,107.32412671326335,83.37446699580872,2130.291161070851,67.9818237071409
4968,53.6968015030688,105.91939835879745,86.53410204702483,1814.8998986479392,57.56590434178983
4969,54.8074171739122,104.51467000433153,84.10169310669615,2205.29283572723,65.58448084677892
4970,55.9180328447556,103.10994164986562,83.61056963033596,2309.2889529150493,67.20349774122319
4971,57.028648515599,101.70521329539972,84.8066748932143,2101.6904821926582,60.3140151061864
4972,58.139264186442404,100.30048494093381,87.08465769286494,2490.275070971905,72.10136887017656
4973,59.24987985728579,98.8957565864679,87.86254974985066,2470.0734623109197,72.16556316193922
4974,60.36049552812919,97.49102823200198,87.44838939627846,2857.038430473367,77.43936207471674
4975,61.471111198972594,96.08629987753608,88.44867035065937,2505.495856133991,71.12204954672771
4976,62.581726869815995,94.68157152307018,90.3056626469903,2537.9219243586217,68.85235740363312
4977,63.692342540659396,93.27684316860426,92.53621084308321,2975.1645125590258,75.78117890213869
4978,64.8029582115028,91.87211481413834,91.93008663791962,3383.5835991068125,81.9352657691104
4979,65.9135738823462,90.46738645967244,91.6624321494363,3488.319902562791,84.65280939866585
4980,67.0241895531896,89.06265810520654,92.9237169608005,3022.74803399977,71.84676036283862
4981,68.134805224033,87.65792975074062,92.94558323823154,2945.0672942644287,71.62474815869892
4982,69.2454208948764,86.2532013962747,100.6673936130003,378.7625916246986,-6.776166062788201
4983,70.3560365657198,84.8484730418088,95.57834175320664,2290.268806338127,44.893882664655514
4984,71.4666522365632,83.4437446873429,72.48062075545079,-11909.62050504811,-301.04844148205154
4985,72.57726790740661,82.03901633287698,67.80476622620765,-11460.66630381781,-286.7257834982601
4986,73.68788357825,80.63428797841107,62.789782567703014,-15596.491289020225,-377.80195621029435
4987,74.7984992490934,79.22955962394518,65.66431455442347,-14274.661255499503,-348.61632165311914
4988,75.9091149199368,77.82483126947926,49.96006024129818,-20925.697747232323,-508.0644090263687
4989,77.0197305907802,76.42010291501336,90.76350191692381,-3655.916732030295,-93.77980794302032
4990,78.1303462616236,75.01537456054744,102.44958434304286,1334.0880790104427,24.871065545035307
4991,79.240961932467,73.61064620608154,91.50919089125384,-3327.788089847385,-83.67346770222525
4992,80.3515776033104,72.20591785161562,82.22541566292509,-5026.653469226093,-140.6240082084051
4993,81.46219327415379,70.80118949714972,73.08170874186237,-2821.5793063381034,-82.77944401105758
4994,82.57280894499719,69.3964611426838,81.4118895676196,-1621.386243616438,-53.7576012747986
4995,83.6834246158406,67.9917327882179,82.70801411177858,-2215.918592191875,-72.13414290388172
4996,84.794040286684,66.58700443375199,89.66714676853601,-1055.7065064302271,-47.23764153348277
4997,85.9046559575274,65.18227607928608,89.33540976885591,-648.6278903899232,-48.33123170549952
4998,87.0152716283708,63.77754772482017,88.81694465187368,-765.4483542736053,-50.04038189680302
4999,88.1258872992142,62.372819370354264,87.20219419314499,-1460.7192290862513,-55.36350001033517
5000,89.2365029700576,60.96809101588835,87.55998469208276,-1319.051656097869,-54.184022973837095
5001,90.347118640901,59.563362661422445,86.1537237001366,-1017.0736498767694,-49.257829459245606
5002,91.4577343117444,58.15863430695653,84.76044923109828,-946.361051882057,-49.6598951349958
5003,92.5683499825878,56.753905952490626,82.40349603077541,-818.352746360946,-49.30923664330998
5004,93.6789656534312,55.34917759802471,79.075914491095,-1039.554163046059,-59.49281927852262
5005,94.7895813242746,53.94444924355881,83.93678753440554,-693.1704799910507,-47.23137951421109
5006,95.90019699511801,52.53972088909289,83.57124673665982,-783.3516090380633,-52.65152656222038
5007,97.0108126659614,51.13499253462699,83.86875658256301,-814.9998668029828,-54.206631497855994
5008,98.12142833680481,49.73026418016107,86.19468722464106,-685.4671250949216,-49.85512358143999
5009,99.2320440076482,48.32553582569517,82.18099030495043,-576.0942346667091,-57.364218480558165
5010,100.3426596784916,46.92080747122925,80.74178468234983,-662.0856791168396,-60.056781425814535
5011,101.453275349335,45.51607911676335,79.6205907631551,-737.877913320138,-62.154386628201785
5012,102.5638910201784,44.111350762297434,79.58433731983061,-766.8972783677322,-62.222212015068436
5013,103.6745066910218,42.70662240783153,80.2382850921912,-683.3362191797135,-60.99876241735875
5014,104.7851223618652,41.301894053365615,74.28565910162969,-715.3879249690324,-64.03441524674933
5015,105.8957380327086,39.89716569889971,72.59965426739434,-847.346351377434,-67.84004334865017
5016,107.006353703552,38.49243734443381,72.86446345955977,-585.3618279897067,-61.559408784627294
5017,108.1169693743954,37.087708989967894,68.65541153196328,-664.9644876306852,-66.1851957610423
5018,109.2275850452388,35.68298063550199,70.0100062443196,-568.3331296608374,-65.29750218983705
5019,110.3382007160822,34.278252281036075,68.95561333860326,-681.414816031497,-68.38536708676591
5020,111.4488163869256,32.87352392657017,69.91340214255808,-695.6587777380591,-71.68216204053992
5021,112.559432057769,31.468795572104256,69.55704734324426,-671.8072749864416,-72.11638178713207
5022,113.6700477286124,30.064067217638353,70.6195154388411,-534.8651844435051,-70.82176016811448
5023,114.7806633994558,28.659338863172437,70.02291325674457,-500.65770333113517,-71.54872231040952
5024,115.89127907029919,27.254610508706534,69.83367673455622,-485.9046525153524,-71.77930776869098
5025,117.0018947411426,25.849882154240618,69.65487763631818,-441.40368662354325,-71.99717518419187
5026,118.112510411986,24.445153799774715,69.10114246301768,-414.5818789977419,-72.67190370501646
5027,119.22312608282941,23.0404254453088,68.22605136321017,-447.4589876516709,-73.73820570609851
5028,120.3337417536728,21.635697090842896,68.18275917436992,-404.8420622075696,-73.79095741115155
5029,121.44435742451621,20.23096873637698,67.31241188139066,-420.11090363297086,-74.8514790646619
5030,122.5549730953596,18.826240381911077,66.59850646879093,-406.32085329155905,-74.85781474072455
5031,123.665588766203,17.42151202744516,65.70317339463138,-357.4416173206151,-75.05194157289827
5032,124.7762044370464,16.01678367297926,64.66646106106839,-396.99863915065816,-75.84375389704152
5033,125.88682010788979,14.61205531851337,64.68674205595266,-320.96259791583856,-74.91477649026746
5034,126.9974357787332,13.20732696404744,64.46179018616998,-283.61703207629074,-75.35821750950946
5035,128.10805144957658,11.802598609581537,64.05134668521963,-271.0063394495839,-75.89745745800434
5036,129.21866712042,10.397870255115606,64.54584394534871,-216.54432432667093,-75.33543552106622
5037,130.32928279126338,8.993141900649732,63.9720493499069,-264.7022663340233,-76.2409256651996
5038,131.43989846210678,7.588413546183801,63.666893380755376,-238.28386759481018,-76.49136060050557
5039,132.55051413295018,6.183685191717899,63.26693135634078,-198.6893863114554,-76.81960082463631
5040,133.66112980379359,4.778956837251968,62.86966486396224,-146.0041439033825,-77.14562888364722
5041,134.771745474637,3.374228482786094,62.451559604784784,-111.13090423783626,-77.48875887000914
5042,135.8823611454804,1.9695001283201634,62.05777874394788,-81.7202822954552,-77.81192634624306
5043,136.9929768163238,0.564771773854261,61.35537556749243,-55.484339146084864,-78.38837351371438
5044,138.1035924871672,-0.8399565806116698,61.06586423104399,-17.267885144306028,-78.62596923571652
5045,139.2142081580106,-2.2446849350775437,60.58116257794226,9.941912959729947,-79.02375344906407
5046,140.324823828854,-3.6494132895434745,60.28921545952708,50.23782879323258,-79.26334816489539
5047,141.4354394996974,-5.054141644009377,60.024686326213626,92.31224867464505,-79.4804415305343
5048,142.5460551705408,-6.458869998475308,59.8537419862855,138.56989094611262,-79.62073187068349
5049,143.6566708413842,-7.863598352941182,59.72495510599516,190.82440970782974,-79.72642449116032
5050,144.7672865122276,-9.268326707407113,59.57613250970731,237.66967492874716,-79.84855999248137
5051,145.877902183071,-10.673055061873,59.422063964212875,281.86138893410237,-79.97500073139555
5052,145.88937272175627,-9.030828588709857,60.31546429110935,283.36446185210366,-79.24180631383005
5053,145.90084326044158,-7.388602115546715,61.215187496686966,285.41382287191533,-78.50342284583286
5054,145.91231379912685,-5.746375642383572,62.16275050041489,284.26806462329586,-77.72577828526013
5055,145.92378433781215,-4.104149169220429,63.05497022990909,282.0980590718564,-76.99355275856998
5056,145.93525487649742,-2.461922696057286,63.86771816522194,283.769521156936,-76.32654802270946
5057,145.94672541518273,-0.8196962228941427,64.74416083524878,283.58953519916344,-75.60727038911807
5058,145.958195953868,0.822530250269,65.67751947348513,285.7151317433237,-74.84128304555092
5059,144.8513072491091,2.22254466536551,65.77649657093801,234.78470343267378,-74.76005467218401
5060,143.74441854435025,3.62255908046202,65.90699049116658,186.19214096025303,-74.65296112077445
5061,142.63752983959137,5.022573495558529,66.05513751566255,139.72432286396872,-74.53138004668112
5062,141.53064113483248,6.422587910655039,66.2195696880471,95.23064336747166,-74.39643410225851
5063,140.4237524300736,7.822602325751549,66.46908856814527,56.94011133583284,-74.19165932833306
5064,139.31686372531473,9.222616740848059,66.71075110616279,12.075475009102867,-73.99333208524294
5065,138.20997502055585,10.622631155944571,66.9543134258375,-28.889979841175204,-73.79344573224024
5066,137.10308631579696,12.02264557104108,67.25778055475283,-63.19342914142223,-73.53831411638609
5067,135.99619761103807,13.422659986137589,67.82339778154297,-69.08821268189023,-72.98275209703782
5068,134.8893089062792,14.8226744012341,67.94738468995513,-116.71257834425144,-72.97322665707537
5069,133.78242020152032,16.22268881633061,68.47535946136134,-132.73569289217224,-72.65799322082331
5070,132.67553149676144,17.622703231427117,68.79710607980657,-160.1906188785686,-72.30649014812515
5071,131.56864279200255,19.02271764652363,69.37154083901503,-173.8544537677215,-71.93596453037415
5072,130.4617540872437,20.42273206162014,69.98693249418363,-209.89247676514142,-71.59256501333229
5073,129.3548653824848,21.82274647671665,70.2989240165278,-244.83252501230155,-71.21240209695779
5074,128.24797667772592,23.22276089181316,70.83748389409229,-239.49730777608355,-70.5561647346126
5075,127.14108797296704,24.62277530690967,70.83404404981397,-297.30985133428726,-70.56035619860775
5076,126.03419926820817,26.022789722006177,71.46946300058255,-293.984422059653,-69.78609566861378
5077,124.92731056344928,27.422804137102688,71.91603489154734,-309.15181424963055,-69.24194603542992
5078,123.8204218586904,28.822818552199198,72.41548151089238,-332.0395969000052,-68.63336833448153
5079,122.71353315393152,30.222832967295705,72.95667156592638,-325.5767255544639,-67.97392609038221
5080,121.60664444917265,31.62284738239222,72.70174576531863,-389.94083685115976,-68.28455419684485
5081,120.49975574441376,33.02286179748872,72.99999749095281,-432.12993512536906,-67.9211332776516
5082,119.39286703965487,34.42287621258523,73.58970371907289,-445.9126308020039,-67.20257388282609
5083,118.285978334896,35.822890627681744,73.29943444519326,-530.0778518095015,-67.55626815266676
5084,117.17908963013713,37.22290504277826,72.5960890226005,-584.0837429104841,-66.91601697304336
5085,116.07220092537824,38.622919457874765,73.36294896244357,-510.29501888405366,-64.94426661885014
5086,114.96531222061935,40.02293387297128,74.65664902732749,-519.2130018823668,-62.7061874761867
5087,113.85842351586048,41.42294828806778,75.25082025758891,-586.7271347443799,-63.82605899215395
5088,112.7515348111016,42.82296270316429,76.1283596039323,-611.2962224232738,-63.284238474905216
5089,111.64464610634272,44.2229771182608,80.63623460544336,-539.4074617977401,-60.254251628462974
5090,110.53775740158383,45.622991533357315,81.27868963717052,-562.6166825570807,-59.05230342505318
5091,109.43086869682496,47.02300594845383,81.10537808257767,-533.0227664078366,-59.37654637029546
5092,108.32397999206609,48.423020363550336,81.55337928226915,-545.4112507229781,-58.53839551069804
5093,107.2170912873072,49.82303477864684,82.6327035735843,-493.43423360629464,-56.519122832024166
5094,106.11020258254833,51.22304919374335,84.62749333890015,-574.047146317998,-52.787135601483946
5095,105.00331387778945,52.623063608839864,84.84043697984657,-606.1659381640899,-52.388746276124756
5096,103.89642517303056,54.02307802393637,85.34678085047574,-615.8297571909732,-51.441444012845245
5097,102.78953646827168,55.423092439032885,85.25145569052955,-594.2693878994526,-50.04612869944339
5098,101.68264776351279,56.82310685412939,84.16771061019901,-690.2877351555036,-51.726963741985884
5099,100.57575905875393,58.2231212692259,83.71216614413206,-835.8553942019903,-55.17084069763583
5100,99.46887035399504,59.623135684322406,84.62305057068639,-626.3846312554787,-46.80583528077317
5101,98.36198164923616,61.02315009941892,85.53594641845855,-631.2556002040432,-45.809718057090656
5102,97.25509294447728,62.423164514515435,86.54632616935488,-867.1848733500035,-50.92866451119009
5103,96.14820423971841,63.82317892961194,85.65522857865818,-1156.9807282414608,-60.463161471320724
5104,95.04131553495952,65.22319334470845,89.15324292559313,-1032.836897904184,-48.931755221572146
5105,93.93442683020064,66.62320775980496,88.94413933036955,-1145.5589810947174,-49.621077295656846
5106,92.82753812544176,68.02322217490146,88.33751393231421,-996.4028862423214,-51.620852943381706
5107,91.72064942068289,69.42323658999798,90.33052205756222,-644.1568484777728,-45.05078659376241
5108,90.613760715924,70.82325100509449,90.46412680768911,-975.6482294258707,-44.610350821404765
5109,89.50687201116511,72.223265420191,85.70448724520034,-1740.2690405481671,-61.83882715446505
5110,88.39998330640624,73.62327983528752,81.65261307322105,-1872.1085913734382,-61.300155673406564
5111,87.29309460164737,75.02329425038403,78.17457018841247,-2254.844051312789,-74.94970738936878
5112,86.18620589688848,76.42330866548053,81.9021959171353,-4537.231607065689,-125.92000644285818
5113,85.0793171921296,77.82332308057704,86.7942604497891,-4244.864299166312,-115.06393850300884
5114,83.9724284873707,79.22333749567356,92.78314107409489,-2619.790523737556,-73.2740523449388
5115,82.86553978261185,80.62335191077005,92.55258177997348,-2838.3454321914105,-75.61496186797272
5116,81.75865107785296,82.02336632586656,87.48878891152707,-5011.094816104975,-127.02855156343031
5117,80.65176237309409,83.42338074096307,60.669941966614246,-16357.292151208174,-399.32507489140266
5118,79.5448736683352,84.82339515605959,72.01474896617349,-11541.039496830843,-284.13923151222747
5119,78.43798496357633,86.2234095711561,73.71805145753605,-10854.896381644194,-266.8452983492332
5120,77.33109625881744,87.6234239862526,74.89915862796832,-8870.80967667155,-223.42736222893913
5121,76.22420755405857,89.02343840134913,84.91911934791224,-623.7074936019353,-33.297180704754524
5122,75.11731884929968,90.42345281644563,93.41480378190064,3398.0958804759375,66.8606685180842
5123,74.0104301445408,91.82346723154214,99.16238856464221,810.4555278733334,8.504417890008895
5124,72.90354143978192,93.22348164663866,93.9422884421476,2813.5830217498988,61.50502293834252
5125,71.79665273502305,94.62349606173517,94.45576573463043,2370.720485220266,56.291596655029075
5126,70.68976403026416,96.02351047683167,94.2318819765027,2420.4921954829283,58.564728273739625
5127,69.58287532550528,97.42352489192817,95.68542674469349,1865.1041185119966,43.80662969877361
5128,68.47598662074641,98.82353930702469,93.67896083097638,2452.169831917132,64.17863501292798
5129,67.36909791598752,100.2235537221212,95.38915041786439,1701.7179551578324,46.81477594404875
5130,66.26220921122865,101.6235681372177,93.35502815204823,2518.0134226027144,67.46758112032822
5131,65.15532050646976,103.02358255231421,90.73789847742711,2177.21278898152,63.154975238035405
5132,64.04843180171089,104.42359696741073,90.55636749227364,2108.806668060501,60.15983416729567
5133,62.941543096952,105.82361138250724,90.87389747430004,1818.7948413338988,56.35984813683909
5134,61.834654392193116,107.22362579760375,89.58343474036582,1863.526473293408,57.92292779044672
5135,60.72776568743424,108.62364021270027,88.4780727400357,1649.0427255159748,52.3059585868464
5136,59.620876982675355,110.02365462779677,87.72128414216068,1725.40490660886,53.65229002415954
5137,58.51398827791648,111.42366904289328,88.37218577197193,1563.3914552635483,51.506555222199275
5138,57.407099573157595,112.82368345798979,90.26214216500958,1243.9880670297052,45.276204857420986
5139,56.30021086839872,114.22369787308631,88.08719050828871,1452.3100319748446,52.44605856290599
5140,55.19332216363985,115.6237122881828,88.55919076492451,1328.4279658921662,50.8900824663462
5141,54.08643345888096,117.02372670327931,89.98130538305078,1066.756117965984,46.20199952303622
5142,52.97954475412209,118.42374111837582,90.05092239195578,1017.4768601597265,45.972503033898136
5143,51.8726560493632,119.82375553347234,90.01191661384671,880.7028640015546,46.101087833402445
5144,50.76576734460433,121.22376994856884,89.81892136222127,871.0677294190176,46.73730782281313
5145,49.65887863984544,122.62378436366535,89.84220869545864,792.8563313462048,46.6605397843205
5146,48.55198993508657,124.02379877876187,89.73847659232287,794.3394261528938,47.00249865119787
5147,47.44510123032768,125.42381319385838,89.62965982889092,771.4694267361583,47.36121939430069
5148,46.33821252556881,126.82382760895489,89.87408925501181,697.4576342182629,46.55544367915463
5149,45.23132382080992,128.2238420240514,90.17725103632336,628.2507360791603,45.55605336425677
5150,44.124435116051046,129.62385643914791,90.68139143466345,524.2883610536242,43.51556374828269
5151,43.01754641129216,131.02387085424445,89.74526396108497,481.54325491032796,43.81959921028073
5152,41.910657706533286,132.42388526934093,90.0364716445667,385.01418477075936,42.72607595288088
5153,40.80376900177441,133.82389968443744,90.17144771356217,332.63332995375924,42.41556039026049
5154,39.696880297015525,135.22391409953394,90.28792630307326,283.88796441960056,42.19721584706741
5155,38.58999159225665,136.62392851463048,90.46912929607244,224.93515694511404,41.85820906662024
5156,37.483102887497765,138.02394292972699,90.6996186639282,158.50820395710485,41.42699401199677
5157,36.37621418273889,139.4239573448235,90.89564167086259,90.25491512402328,41.060260949951164
5158,35.26932547798,140.82397175992,91.24292031906944,7.679364243699666,40.41054863285292
5159,36.816685396496126,140.31648357054289,91.69654343583113,16.214646845810265,39.56187991163329
5160,38.36404531501225,139.80899538116574,92.10385253416977,30.60303915748475,38.7926856295411
5161,39.91140523352837,139.30150719178863,92.50320281931444,42.16607749700371,37.977456226377626
5162,41.4587651520445,138.79401900241152,92.77798866378764,47.01871244983907,37.01970982809198
5163,43.00612507056063,138.28653081303437,93.13231576263057,41.69298684258986,35.81954332450313
5164,44.55348498907675,137.77904262365726,93.555906540087,25.80755305188861,34.418120432111046
5165,46.10084490759287,137.27155443428012,93.99315813745056,10.724168914009809,32.976695297028776
5166,47.648204826109,136.764066244903,94.30015468002581,12.106984370542726,31.964663470228167
5167,48.756472483122124,135.3623077041095,94.15734782044045,87.64603255420083,32.43543452769182
5168,49.864740140135254,133.960549163316,93.9958362141201,161.06052261275659,32.967866862670924
5169,50.97300779714838,132.55879062252248,93.83193361972063,228.0298676731301,33.50818122789474
5170,52.0812754541615,131.15703208172897,93.62978421010828,304.5422712477577,34.17457842761726
5171,53.18954311117463,129.75527354093546,93.61476875033351,350.2381423994568,34.22407775767051
5172,54.29781076818775,128.35351500014193,93.47704655643493,415.9954449136893,34.678086921138444
5173,55.406078425200874,126.95175645934843,93.35717664221592,470.7345297533989,35.07324501395582
5174,56.514346082214004,125.54999791855491,93.2541898544427,540.92898731752,35.41274690571039
5175,57.62261373922713,124.1482393777614,92.71547256490395,663.0184758433215,37.18865955308926
5176,58.73088139624025,122.74648083696789,92.8867933008825,673.440972256017,36.62389085586954
5177,59.83914905325338,121.34472229617438,92.71749733322216,753.4172079534458,37.181984787429975
5178,60.9474167102665,119.94296375538087,93.34290454559024,778.5028500130093,35.12029380447057
5179,62.055684367279625,118.54120521458736,93.81847589936238,802.4257659354885,33.55254538002659
5180,63.163952024292755,117.13944667379384,92.46320351963072,1024.2429833636338,39.01837786784198
5181,64.27221968130587,115.73768813300033,92.13999586958438,1253.9787973955556,44.03812597102065
5182,65.380487338319,114.33592959220682,93.20366470437308,1196.5298954162706,41.87349464637766
5183,66.48875499533213,112.93417105141332,93.70980382668915,1301.445475047181,43.60484790372887
5184,67.59702265234526,111.53241251061979,93.55708899688179,1482.2036817759704,47.656727016870676
5185,68.70529030935838,110.13065396982628,93.25584496461926,1727.233983530452,53.09200478914566
5186,69.8135579663715,108.72889542903278,94.94965870099387,1768.7855013718004,51.27701351828387
5187,70.92182562338462,107.32713688823927,95.43690755579306,1573.3775679282257,46.32988922804483
5188,72.03009328039775,105.92537834744576,95.67463256198712,1536.9984201690459,43.91622495576378
5189,73.13836093741088,104.52361980665225,96.93063447749462,1207.537970794734,31.16381410124481
5190,74.246628594424,103.12186126585874,95.92101284286026,1731.838793227126,41.414682140139966
5191,75.35489625143713,101.72010272506522,94.1052933225483,2379.7788663581377,59.85000539379135
5192,76.46316390845026,100.31834418427171,90.87210035628652,3769.83160309507,92.67718867165114
5193,77.57143156546337,98.91658564347819,95.65410095615867,2028.3037268793905,44.124686001712575
5194,78.6796992224765,97.51482710268468,100.00112073071648,549.9856792921099,-0.011378978308684395
5195,79.78796687948963,96.11306856189117,103.73776040621021,7952.886248398837,175.42874565609145
5196,80.89623453650275,94.71131002109766,92.27820958276723,-1629.4791888965615,-56.56168213926591
5197,82.00450219351588,93.30955148030415,98.73435605415408,1334.9442890719808,16.328008185819215
5198,83.11276985052899,91.90779293951064,85.07066648960343,-5924.951908327626,-151.58017862717819
5199,84.22103750754212,90.50603439871713,80.48303863361383,-7946.576402895073,-198.15918025519147
5200,85.32930516455525,89.10427585792362,72.33621587644058,-11175.100649970895,-280.8753207926303
5201,86.43757282156838,87.70251731713012,74.13969775957474,-10419.229578265635,-262.5642484459658
5202,87.54584047858151,86.3007587763366,93.5221146089898,-2414.3701671281024,-65.77112260315424
5203,88.65410813559463,84.89900023554307,91.3368122495218,-3192.4849290744837,-87.95888616084886
5204,89.76237579260774,83.49724169474956,95.31456395830595,-1296.318414251498,-47.57206553471625
5205,90.87064344962087,82.09548315395605,88.0304360091093,-3508.0281324167804,-104.78759183047976
5206,91.978911106634,80.69372461316254,85.7661651459175,-3170.2878476800965,-94.69093619725214
5207,93.08717876364713,79.29196607236904,84.3641916464223,-1748.7594297578323,-62.446732545333084
5208,94.19544642066026,77.89020753157553,87.16428078477419,-1557.6603622944501,-59.055121115712915
5209,95.30371407767338,76.48844899078202,88.71011894922916,-1264.411514946713,-51.51302246499774
5210,96.41198173468649,75.08669044998851,86.59070686543934,-1378.221980533328,-57.379303289852004
5211,97.52024939169962,73.684931909195,87.37681188874468,-1085.1286375678685,-54.787862695377335
5212,98.62851704871275,72.28317336840148,90.3368118907762,-722.3037814990541,-45.03005179543421
5213,99.73678470572588,70.88141482760797,88.80288139776606,-818.8804635492562,-50.08674222589818
5214,100.845052362739,69.47965628681446,88.39982681119444,-973.8320087675662,-51.41543494056771
5215,101.95332001975211,68.07789774602095,86.93445529433457,-989.024290150472,-56.24611674795574
5216,103.06158767676526,66.67613920522743,89.17317887062336,-608.6481572822454,-45.84706618486909
5217,104.16985533377837,65.27438066443392,88.4807309111883,-600.3715505956947,-47.71170799753885
5218,105.2781229907915,63.87262212364041,86.96063618128832,-504.238595750804,-46.42262537999951
5219,106.38639064780463,62.4708635828469,85.80413098012298,-623.3317588062499,-51.291079606414975
5220,107.49465830481775,61.06910504205338,86.4770571694055,-557.7779602221565,-49.13878726663098
5221,108.60292596183086,59.66734650125987,86.30734695523506,-474.3538959874893,-48.34602664402338
5222,109.71119361884399,58.26558796046636,85.70023853891655,-516.2311971828003,-50.944316405137556
5223,110.81946127585712,56.863829419672854,86.80670849243917,-416.4168845768793,-48.710112916177785
5224,111.92772893287025,55.462070878879345,86.29457033453252,-406.8463819566661,-49.66825552288884
5225,113.03599658988338,54.060312338085836,84.93990286468923,-413.6977700828697,-52.2026587903346
5226,114.14426424689648,52.65855379729233,83.6202420376025,-490.70332482144875,-54.67156926950628
5227,115.25253190390964,51.256795256498805,83.28781385053087,-440.22077224118493,-55.29349834233101
5228,116.36079956092274,49.855036715705296,83.1891368363043,-342.446199961573,-55.478109955767415
5229,117.46906721793587,48.45327817491179,82.19229418292613,-403.85087768107013,-57.343070423256364
5230,118.577334874949,47.051519634118264,81.99644292560819,-347.97372917518373,-57.70948216453585
5231,119.68560253196213,45.649761093324756,81.21425616370067,-370.46741003560044,-59.17284991290348
5232,120.79387018897526,44.24800255253125,79.69940103836453,-344.2278621456184,-59.84818295498642
5233,121.90213784598836,42.84624401173774,78.05429043554373,-382.9096701728752,-61.645418065300355
5234,123.0104055030015,41.44448547094423,77.53423770771154,-363.6348092863707,-62.15592413451137
5235,124.11867316001462,40.04272693015072,76.95317158289363,-329.2253908531144,-62.12218977454986
5236,125.22694081702775,38.64096838935721,77.09504212832081,-311.710587947938,-63.222171894471686
5237,126.33520847404085,37.2392098485637,76.62003123644784,-279.1511340173435,-63.51010769682387
5238,127.44347613105401,35.83745130777018,76.4694867964974,-227.31613694237203,-63.693546698324624
5239,128.5517437880671,34.43569276697667,76.58627838147707,-212.543213571165,-63.55123568544748
5240,129.66001144508024,33.03393422618315,75.9112468379111,-202.56315324706227,-64.37376431801636
5241,130.76827910209337,31.63217568538964,75.44204571035922,-178.2349408559185,-64.9454877663848
5242,131.8765467591065,30.23041714459613,75.37515169151074,-148.17569115867488,-65.02699839559153
5243,132.98481441611963,28.828658603802623,74.98378270293071,-110.27567362669039,-65.50388307168538
5244,134.09308207313273,27.426900063009114,74.426342098727,-111.85739316508327,-66.18312667486862
5245,135.20134973014586,26.025141522215606,74.15692606768339,-60.302628778003616,-66.51141118500537
5246,136.309617387159,24.623382981422097,73.70173655719086,-36.43787790224701,-67.0660614220109
5247,137.41788504417212,23.221624440628588,73.40088659554642,-8.49915024510804,-67.43264830216256
5248,138.52615270118525,21.81986589983508,73.04860245706645,14.919024593558632,-67.86190793226655
5249,139.63442035819838,20.418107359041556,72.90004426653735,61.58501466858945,-68.04292668091242
5250,140.7426880152115,19.016348818248034,72.66813213931374,96.2721429993004,-68.3255125344174
5251,141.85095567222461,17.614590277454525,72.53834378192289,143.1386514891696,-68.48366016639929
5252,142.95922332923774,16.212831736661016,72.44671025926789,196.55715725861307,-68.59531597982799
5253,144.06749098625087,14.811073195867507,72.23705464909396,244.74823079723075,-68.85078217839369
5254,145.175758643264,13.409314655074,72.07481922173483,291.23329544794245,-69.05077600491214
5255,144.90473681021,15.040679735815111,72.65087262208472,285.9171143903591,-68.34654332511224
5256,144.63371497715602,16.672044816556223,73.29240620172436,281.09580795672645,-67.56483209541115
5257,144.362693144102,18.303409897297335,74.21327641511118,279.07865809637553,-66.4427480615464
5258,144.091671311048,19.934774978038444,75.01154232470978,278.4324108282214,-65.47005786164866
5259,143.820649477994,21.566140058779556,75.6832232277647,278.1853470517367,-64.65161199792826
5260,143.54962764494002,23.197505139520665,76.41335595957612,278.60164848343476,-63.76194234735446
5261,143.278605811886,24.828870220261777,77.2986139233272,282.0657731913322,-62.6832519819409
5262,143.007583978832,26.46023530100289,77.9949594746583,280.1380506084229,-61.83475214576129
5263,142.736562145778,28.091600381744,78.89066687286302,291.2063527937588,-60.74332910272075
5264,141.62669311245628,29.495384374515112,78.96772496357949,244.99501841315598,-60.64943351133762
5265,140.51682407913452,30.899168367286222,79.08949030310998,197.43126578214904,-60.50106195867032
5266,139.4069550458128,32.30295236005733,79.24790647604634,151.76055475383424,-60.30803121907879
5267,138.29708601249104,33.70673635282844,79.47642095227602,113.33270471158366,-60.029585416883485
5268,137.1872169791693,35.11052034559955,79.67666603209797,74.54567077735356,-59.78558598714644
5269,136.07734794584758,36.51430433837066,79.95453678863136,41.40998550331067,-59.44699936022395
5270,134.96747891252582,37.91808833114177,80.33471497675262,15.756389415461584,-58.98375071919606
5271,133.8576098792041,39.32187232391288,80.51096661031923,-17.619262144635897,-58.76898739957439
5272,132.74774084588236,40.72565631668399,80.7074579796644,-56.008089735333435,-58.577703818116646
5273,131.6378718125606,42.1294403094551,81.1222266276315,-88.92496559650279,-58.278112794312385
5274,130.52800277923888,43.53322430222621,81.20456846526253,-121.79717129564489,-57.9128413258565
5275,129.41813374591715,44.93700829499731,81.64667178565341,-169.70494054217315,-57.7504354480279
5276,128.3082647125954,46.34079228776842,82.52211166224265,-171.01885911134337,-56.72602563857787
5277,127.19839567927366,47.74457628053953,83.31477622066033,-138.1107886797176,-55.24305532182946
5278,126.08852664595192,49.148360273310644,83.6264481148868,-168.4471171536642,-54.659958521557115
5279,124.97865761263017,50.552144266081754,83.91411869427267,-190.01085612871873,-54.12176499984511
5280,123.86878857930843,51.955928258852865,84.44020302883712,-196.93179322571063,-53.13753094524986
5281,122.75891954598669,53.359712251623975,85.25296143960028,-182.77165665333328,-51.61696769431377
5282,121.64905051266496,54.763496244395085,85.50458146460738,-236.89067430076085,-51.14621998114495
5283,120.53918147934321,56.167280237166196,85.83722707708932,-256.91602824780495,-50.52388413419848
5284,119.42931244602147,57.571064229937306,86.01584171980254,-301.3162016442331,-50.18971981403627
5285,118.31944341269974,58.97484822270842,86.88433366766569,-269.4815229005316,-48.564886502973366
5286,117.209574379378,60.37863221547952,87.306547366215,-282.78217407583736,-47.77498063973774
5287,116.09970534605625,61.78241620825063,88.03844490259654,-283.4475701226099,-46.4056973662157
5288,114.98983631273451,63.18620020102174,88.72627868395516,-292.5017179985315,-45.3374833124246
5289,113.87996727941277,64.58998419379284,88.8994555810885,-314.23846955222666,-44.534854699111214
5290,112.77009824609104,65.99376818656395,88.55980658275766,-393.8208430335027,-46.518757707398606
5291,111.6602292127693,67.39755217933507,89.27644153441389,-392.65493451738666,-45.01796678910411
5292,110.55036017944755,68.80133617210618,89.52906164113394,-492.4050762404757,-46.00957889899821
5293,109.44049114612582,70.20512016487729,89.43857624528454,-631.4582577348542,-47.99113745971799
5294,108.33062211280408,71.6089041576484,89.65531756622221,-612.4442751898243,-47.27663718185886
5295,107.22075307948234,73.0126881504195,89.63031678739458,-649.9664364294177,-47.35905369266381
5296,106.1108840461606,74.41647214319062,90.99370144589753,-563.2547770043767,-42.864577451979926
5297,105.00101501283885,75.82025613596173,91.5863997535495,-512.2146596609348,-40.910713261839966
5298,103.89114597951712,77.22404012873284,86.8639601010272,-1277.566623622227,-56.47850822267797
5299,102.78127694619538,78.62782412150395,88.36977676771868,-1083.4853433175158,-51.51449664380188
5300,101.67140791287363,80.03160811427506,88.31259712351147,-1159.5947974068658,-51.7029926421521
5301,100.5615388795519,81.43539210704617,87.8196501768674,-1359.0274349530082,-54.52662227076054
5302,99.45166984623015,82.83917609981728,90.69118112183699,-1060.8158612447282,-48.69409845059248
5303,98.34180081290842,84.24296009258839,90.03009832612202,-1960.5144545311334,-66.84676838634998
5304,97.23193177958667,85.6467440853595,91.79767109270404,-2044.8785109345504,-68.18896542973866
5305,96.12206274626493,87.05052807813061,90.60061863714344,-2853.0115386766606,-86.52300597995445
5306,95.0121937129432,88.45431207090172,96.4754276542119,-808.3658145853144,-35.785609946146664
5307,93.90232467962146,89.85809606367283,94.01273961189526,-2003.4003518244442,-60.789719680678594
5308,92.79245564629971,91.26188005644394,95.8207105518442,-1405.972196532094,-42.4330691416952
5309,91.68258661297799,92.66566404921504,86.47266756842347,-5271.290731113445,-137.34541229852346
5310,90.57271757965623,94.06944804198616,89.19246707458561,-4349.358217414269,-109.73080413888067
5311,89.4628485463345,95.47323203475726,90.6630212048238,-3542.4587255732367,-94.80000648558097
5312,88.35297951301276,96.87701602752837,90.77459008403449,-3510.716749802026,-93.66722781008122
5313,87.24311047969101,98.28080002029948,89.34677898503148,-3945.0110552047436,-108.1640478645059
5314,86.13324144636928,99.68458401307059,97.68856470344971,27.680991654944762,-10.99866286846864
5315,85.02337241304754,101.0883680058417,103.43694396709759,2854.303687212265,58.37267780577237
5316,83.9135033797258,102.49215199861281,99.32451920058023,817.3738321393533,6.858276704986704
5317,82.80363434640407,103.89593599138392,97.95714248608073,1137.2972650285597,20.741495704016486
5318,81.69376531308231,105.29971998415503,98.66946805743291,706.1599619511626,13.509127475985412
5319,80.58389627976058,106.70350397692614,94.51543607088034,2318.1258834667046,55.68575311745684
5320,79.47402724643884,108.10728796969725,96.1178100366818,1562.5504825791515,39.416565226746386
5321,78.36415821311711,109.51107196246836,95.80981624619983,1627.5755326370543,42.543680964686615
5322,77.25428917979535,110.91485595523947,96.54484647525231,1218.863117515023,35.08078830852433
5323,76.14442014647362,112.31863994801057,96.13233334746734,1375.7764770066765,39.269107469064686
5324,75.03455111315188,113.7224239407817,97.03221816589692,922.273524019052,30.132416844098742
5325,73.92468207983015,115.12620793355279,97.11245681266024,881.195258541771,29.31773959137894
5326,72.81481304650839,116.52999192632392,97.04817626112404,838.0014876180024,29.970391464774792
5327,71.70494401318666,117.93377591909501,96.83887863330453,805.2822811720627,30.004499728664076
5328,70.59507497986492,119.33755991186612,96.90745353110673,581.1417754527915,26.138228554221527
5329,69.48520594654319,120.74134390463723,96.93681854090832,515.304858003133,25.604853196036572
5330,68.37533691322143,122.14512789740834,96.86733357376357,441.94330466609745,24.759835080381574
5331,67.2654678798997,123.54891189017945,96.8785979533177,368.2999733104442,24.12930207601125
5332,66.15559884657796,124.95269588295056,96.86255071057279,303.5787049051457,23.825313535543025
5333,65.04572981325623,126.35647987572167,96.85679977312206,242.89908531287404,23.570046794613088
5334,63.93586077993447,127.76026386849279,97.11951349441672,159.28304994384325,22.669473210572946
5335,62.82599174661274,129.1640478612639,97.18823187436102,98.3589356378293,22.442274516745194
5336,61.716122713291,130.567831854035,97.4791989660922,1.6988106600427244,21.484760441616594
5337,63.18590887339375,129.67524619848643,97.5544094440007,44.77401365389487,21.23237176552012
5338,64.6556950334965,128.78266054293783,97.90240628951656,44.125043207431034,19.961264439875254
5339,66.12548119359926,127.89007488738926,98.16708936303567,31.236743063095275,18.524795251220382
5340,67.595267353702,126.99748923184067,98.26091520719363,47.192084375147466,17.71190702373375
5341,69.06505351380474,126.10490357629209,98.36710326624681,59.23243323893293,16.795331640851362
5342,70.5348396739075,125.2123179207435,98.43245533051703,72.51412710161416,15.969636222880494
5343,72.00462583401026,124.31973226519492,98.59471080013901,50.22776641084208,14.26815120644409
5344,73.474411994113,123.42714660964633,98.7088948089978,56.50369230986128,13.108820654472133
5345,74.94419815421574,122.53456095409774,98.85030531852344,45.73941275462759,11.673054598423297
5346,76.4139843143185,121.64197529854917,98.92961090199995,61.52196393602195,10.867850903219505
5347,77.88377047442125,120.74938964300058,99.07451328842657,45.05612409458159,9.396631199891095
5348,79.353556634524,119.856803987452,99.29431763389617,-2.497164650350882,7.164918583510589
5349,80.46179087746663,118.45508770942634,99.31603943185435,43.284093405858485,6.944373305162322
5350,81.57002512040927,117.05337143140069,99.23886123306876,126.53343025201497,7.727977285199181
5351,82.6782593633519,115.65165515337503,98.99057343241586,275.3603780775,10.24888748843796
5352,83.78649360629454,114.24993887534939,98.91367030441043,374.7077295410045,11.029698625916641
5353,84.89472784923717,112.84822259732373,98.83686838769077,456.03734897699206,11.809482147208364
5354,86.0029620921798,111.44650631929807,98.79280180416026,528.9619916067224,12.256898007962908
5355,87.11119633512244,110.04479004127242,98.41761024914783,760.8050658661646,16.592347841706836
5356,88.21943057806507,108.64307376324676,99.04797989449746,912.1637750388626,18.168331699679058
5357,89.32766482100772,107.24135748522112,99.95979171202737,1275.369121520242,25.116935631973643
5358,90.43589906395034,105.83964120719546,101.04303279835193,1190.8798812399732,22.396315033095195
5359,91.54413330689297,104.43792492916981,98.68738747712788,-226.7112986827873,-13.327188420478224
5360,92.65236754983562,103.03620865114415,98.35547803817977,-312.43447154373905,-16.697123991197202
5361,93.76060179277825,101.63449237311849,98.00267944430976,-463.4435151836425,-20.279150867413506
5362,94.86883603572089,100.23277609509285,98.37627308785417,-228.6870267723823,-16.48598815301563
5363,95.97707027866352,98.8310598170672,101.83926599732051,1224.3850547100003,18.674394822956558
5364,97.08530452160616,97.42934353904154,98.72533863735876,-58.02514956548126,-12.941863540241826
5365,98.19353876454879,96.02762726101588,94.94037333538253,-1639.9523385916941,-51.3712894869318
5366,99.30177300749142,94.62591098299023,97.2965225958451,-516.3922855507041,-27.44888695472995
5367,100.41000725043406,93.22419470496457,96.53810337812394,-841.7739773122587,-35.14925217307044
5368,101.51824149337669,91.82247842693891,96.25664978071212,-878.6917434732438,-38.006900610037086
5369,102.62647573631932,90.42076214891327,95.35515568843795,-938.7741733784945,-41.240088574334465
5370,103.73470997926196,89.01904587088761,95.25762198544011,-515.1278058465942,-33.541123968236775
5371,104.8429442222046,87.61732959286196,94.042509244511,-757.2787994158098,-40.243824400880655
5372,105.95117846514724,86.2156133148363,93.26100214959857,-516.9560526569801,-35.83057288936335
5373,107.05941270808987,84.81389703681066,93.38841562001791,-482.17710863305706,-34.9702639200739
5374,108.16764695103251,83.412180758785,92.48853999556434,-560.0096704426755,-37.93675586968877
5375,109.27588119397514,82.01046448075934,91.87340989257491,-585.1047597480538,-39.964567768240656
5376,110.38411543691777,80.6087482027337,91.81001118598327,-543.0691566749508,-40.17356526479372
5377,111.49234967986041,79.20703192470803,93.31616049901162,-262.2279901680924,-35.20845709806291
5378,112.60058392280304,77.80531564668239,92.84740569547988,-256.86700439335146,-36.75373437109114
5379,113.70881816574567,76.40359936865673,92.22519431056874,-320.025933097671,-38.804890124330264
5380,114.81705240868831,75.00188309063108,91.96158574911551,-296.3984650534176,-39.67389096639161
5381,115.92528665163094,73.60016681260542,92.27381913933648,-196.67795052056684,-38.64459556898173
5382,117.03352089457358,72.19845053457976,91.62373944576599,-237.54564367029764,-40.78762081067081
5383,118.14175513751621,70.79673425655412,91.73065284984408,-147.94626642607915,-39.894736117354526
5384,119.24998938045886,69.39501797852847,91.09650696257634,-190.68024631226723,-41.57826760097056
5385,120.35822362340149,67.9933017005028,91.07515269082067,-113.13118451333054,-40.98406158293682
5386,121.46645786634411,66.59158542247715,90.83222730109192,-79.02271420515143,-41.293305947572264
5387,122.57469210928676,65.1898691444515,90.34453910467451,-60.72395891617794,-42.09130079961002
5388,123.6829263522294,63.78815286642584,89.38193107677424,-86.19774401278431,-43.89221282081784
5389,124.79116059517202,62.386436588400194,89.16621510001946,-54.479485693478765,-44.29578881898574
5390,125.89939483811466,60.984720310374534,88.88353057839862,-19.88979892790541,-44.82465408754874
5391,127.00762908105729,59.58300403234889,88.62072629992589,-0.7334304046573408,-45.31632605641732
5392,128.11586332399992,58.18128775432323,88.16782270892797,12.091809850570186,-46.1636486403101
5393,129.22409756694256,56.779571476297576,87.76113322881409,31.923124688601092,-46.924510748673626
5394,130.3323318098852,55.37785519827193,87.41416170300177,54.17894228773997,-47.57364848048256
5395,131.44056605282782,53.97613892024627,87.18875246375694,84.34706343257744,-47.995359287874045
5396,132.54880029577046,52.57442264222061,86.93125946712709,114.40456724924103,-48.47709455245414
5397,133.6570345387131,51.172706364194966,86.60848838701934,139.52448519854335,-49.080956458252174
5398,134.76526878165575,49.770990086169306,86.52131666992912,186.85931005878055,-49.24404318583694
5399,135.87350302459836,48.36927380814366,86.38995473145687,232.30834892201838,-49.48980395997047
5400,136.981737267541,46.967557530118,86.40602864925893,284.09030279615956,-49.45973179044903
