sample_index,face_index,u,v,x,y,z
0,49,-50.17423226976306,-134.64950446824983,-94.51914837981606,217.30673852600867,-31.24273809544252
1,31,-112.58991118549285,81.78159624660643,-5.629644692767458,260.0278941699283,99.44552880248229
2,15,87.97532818027936,112.63698579712386,99.76919703983094,128.8396443232025,2.3433835077596545
3,38,-143.56653704909883,-5.29916611192156,-66.63109660248742,119.21602824261528,74.0587028218215
4,32,-116.63629564530243,88.71638697169782,-4.64153175594286,49.409440245691215,99.542849360575
5,27,-83.83442260786103,109.32627821331371,21.500782580834574,293.01886339871123,97.47433870259617
6,32,-119.85714196163148,86.16594525130076,-7.436406518239439,2.960998036135091,99.26757842591843
7,51,-32.47586358138897,-139.7168564920357,-89.20588612916929,174.77106001354701,-44.221569582059765
8,31,-113.41696148694562,92.24308781831793,-0.9630702974560994,53.696539319977205,99.90514592478452
9,40,-143.2666373798862,-25.711000102051518,-77.60202447297682,28.754334262089078,62.31354501507543
10,4,134.8838148295124,-33.688069738894505,41.95437834810898,30.20028265919864,-90.41772571760313
11,32,-124.25334873840224,77.61071147722691,-13.869418985500431,41.30055048957274,98.63398246719814
12,37,-141.77966175580465,4.824838013692696,-60.02492131713787,200.65626475097326,79.48024867854103
13,25,-47.515410290665635,137.6299968496389,52.327072467477294,67.35489121120739,84.8734023344092
14,63,115.80420511085245,-84.28610905249428,6.2011268463356215,165.1567137197607,-99.38924276466963
15,49,-56.368239921769714,-132.3773511022216,-95.86875884306362,226.79118655067117,-26.79366928466007
16,47,-90.21520963224174,-109.98801111456659,-99.92839513073552,137.55700422174633,-0.7270169740750233
17,3,140.7068227173277,-35.18282943094194,43.881983806948426,224.44355732923742,-89.38739860142414
18,4,139.2310561914611,-25.696260637644723,48.10670075793277,101.6748955532967,-87.12923917734727
19,0,125.36589742682237,-71.0767095254306,18.110984016923517,191.02096636418767,-98.21622508273231
20,19,39.843044512908165,135.47360118370923,90.43690364964282,273.49276668269795,41.91849897940325
21,14,91.4531949589498,109.7039352327186,99.61558670180143,5.659104354001272,-3.903016592604222
22,15,85.267843304695,113.8084764050951,99.17655573186991,292.2710038734905,8.360576121215532
23,63,109.03357052721621,-86.084855667062,2.228262699794882,39.79416499907067,-99.78053544140599
24,20,19.490462281544524,143.41726078697414,85.46567710361838,55.216781597097295,51.21900488356825
25,34,-136.5144339019973,44.12338153598429,-37.323400132485176,122.64786090080365,92.67459945111074
26,25,-46.33007808310141,138.25076173404872,53.604236458818576,48.30015267457473,84.19074360564706
27,26,-68.41813639041304,129.0305797749541,38.6901396642723,55.23177284908806,92.16249854661471
28,44,-125.08289422519478,-71.91385043971998,-94.22176413765152,45.35549333709154,32.22308241898067
29,51,-44.63373135369917,-133.81280102919146,-92.29722366530848,46.33905137527587,-38.43808682575244
30,48,-69.429618515612,-124.55214244411457,-98.10430469080305,116.5328028469285,-19.247331663578116
31,14,101.71184479128704,100.48969494468419,98.6841767671599,14.428035482732085,-13.359787329876156
32,31,-110.5058890513338,81.27518583930878,-5.51523773010876,297.00457738151874,99.45679689648317
33,22,-1.8685817143031815,145.53380039528136,76.99691304664523,48.13172898373532,63.050875705465145
34,0,122.50319165564429,-71.3121628107897,16.31330587180662,114.93502571490619,-98.39328079552978
35,24,-39.070911022879926,135.60883326672703,55.64289552907689,212.08387605803782,83.07648291834187
36,52,-20.450822823863426,-139.8064680087966,-84.4081465402395,70.17342400831129,-53.19750438615195
37,21,10.63535879500894,141.96092926600966,80.83205622187646,180.51469023285964,58.37773842514713
38,41,-131.87655730201695,-52.98667050679718,-86.30810446958657,259.47805662534313,49.64293495022693
39,1,135.06599712165556,-54.00359938001247,31.131347567857524,237.11452460909868,-94.5529383318103
40,34,-130.76737351512585,66.252269470893,-22.705553942940217,39.00457582958184,97.10887525276635
41,19,30.58428787127524,138.7297344064809,88.00089841695547,200.62825897715473,46.475941863856775
42,40,-139.6183946011933,-36.995413867546496,-82.0113089594142,88.07035202778476,56.94081425337294
43,30,-103.47167845047274,98.12236988541433,6.574430749957692,156.61931155548228,99.35247556642258
44,59,66.93477770856376,-122.87962541863752,-36.52391712743045,51.14015687482946,-92.91712000421964
45,60,75.02146539645297,-120.09964073524914,-30.965949910889318,109.60030047724493,-94.60311116975335
46,40,-136.09253447480253,-39.21292561251679,-81.16548610515679,242.12369525737745,57.971452780326224
47,18,55.028367929678296,132.84432674710035,95.49536499665524,97.22438799667943,28.0245836569421
48,27,-67.57624174243672,123.74701139234377,36.35073398388123,208.42701785120946,92.96965454403743
49,38,-143.42467950339068,-6.0809542757475805,-67.00599566768781,138.94306393739288,73.75103122882987
50,28,-86.43141089751639,113.89146030362318,22.759371814802865,151.6063872245072,97.092549777467
51,45,-105.91644113501175,-95.758614922478,-98.50332714522827,193.37333266179007,15.195985709258743
52,46,-106.04338255586751,-95.76712030743407,-98.79338375853663,65.8192160368055,12.25098932166667
53,56,39.03575732190295,-138.00156062095934,-56.59230304904041,171.80888146214497,-82.29732460299839
54,32,-119.15729174764884,79.57677730394957,-10.51710177367292,138.29153186686224,98.96415665053323
55,0,107.94250756485711,-86.28506966344402,1.5616230911280524,23.557008944970264,-99.8461936636034
56,23,-26.428402927207244,139.18153509180877,62.91371654268727,186.01987071818405,77.1094766191436
57,60,83.92351237426388,-113.64377714549225,-23.392648071160888,93.24695124629363,-96.9004474976291
58,3,136.83452795756995,-37.23703207450183,41.11883235321386,119.49103219376084,-90.86433458738375
59,45,-105.66678314212358,-95.46218830450712,-98.62109361904155,154.06759800551418,14.000281753387004
60,10,128.1354328916214,58.48087339909623,88.34887914100335,18.413587505647673,-45.82491605592388
61,43,-122.21960243254934,-71.38269096551899,-92.61869095208692,292.41139056765337,37.507705727349936
62,4,136.667385304467,-27.56036317558031,45.798891491553576,49.28560282084364,-88.36278956765966
63,26,-55.55040363543461,135.7431030326034,47.89139890836556,20.91581577762678,87.24432047303219
64,34,-134.03159399011471,45.86701196434353,-34.84922412834089,180.84988903446632,93.42513264471219
65,32,-123.00484294430166,69.54196359526404,-17.324572297214424,194.13055414220648,98.29367981953465
66,17,61.48535391764074,128.1549157059733,96.40463613780261,194.6826019543327,25.027118844103484
67,8,138.66877023275305,34.39398649046102,80.02134982146536,144.62184215466303,-59.36558741279937
68,28,-83.43450759861815,113.82763377741823,23.951570977286384,194.60987989062437,96.73090006324742
69,35,-138.52901580102738,34.58357033408776,-43.21525523131776,145.98602528247451,89.74377263401132
70,16,76.44358875068029,121.47115602560564,98.95891895943315,61.93869025908297,10.570280983045532
71,35,-140.04157881577893,39.72413887133427,-41.17718400964941,67.31931363055176,90.83314496109182
72,41,-133.1048767342108,-52.50174474934796,-87.046957491095,165.93481439871528,48.260638886020246
73,29,-100.51415535606277,97.32319382574843,7.714969129886061,244.95429653028572,99.24014242359632
74,56,32.43284093291582,-137.9871826796991,-59.5745546916402,113.00345874460457,-79.84985487380601
75,55,22.79993184252208,-144.22286391872274,-67.12491160598336,272.3294196355223,-73.65343947797311
76,31,-113.74892630141684,92.91857316844147,-0.7817521502557722,44.05926423836944,99.92300419039388
77,53,-9.616954726216827,-141.8154247139503,-80.44159383578993,114.95999258160128,-58.8535184024808
78,48,-80.4181367121263,-117.33575073385833,-99.01428197573554,107.5964184944869,-10.008170431049837
79,56,20.001971748576164,-139.80005618513718,-66.13082766441761,78.88556417925749,-74.46926277085173
80,16,78.94496016681106,119.74836738749734,99.0696643746816,90.10160932037584,9.445863083625536
81,15,88.75271601635765,111.73992646741986,99.46196388937264,278.69449490328526,5.46277633224361
82,29,-93.77336639527208,104.89833306124638,14.836215781879343,220.3954063715609,98.53876136414465
83,37,-140.74076553994044,9.353964323281216,-57.33894342604729,232.6314502924335,81.68457291725397
84,60,78.06356957826566,-119.56830905367441,-29.213182077378143,139.12741051039015,-95.13480755575156
85,20,21.43706972950503,141.0424162784414,85.14427459339265,176.654854894656,51.82030637652845
86,51,-32.043628173823244,-138.82809747172777,-88.78002044343785,137.58603306296897,-45.01830782922214
87,31,-118.91034428479632,74.79524023779993,-12.423073041794863,236.20224220261866,98.77643500393845
88,1,128.881297332922,-62.22033987306684,23.85194343492424,151.81473238393016,-96.76112175217112
89,63,114.52318397922099,-84.19713567956681,5.930315284843811,131.5184025630684,-99.41591535574715
90,9,136.1217759333378,48.21551703740038,86.3691155663513,242.2316323927963,-49.52879127553689
91,2,135.63381823777172,-49.17582016633303,34.13300819597749,197.10329470853353,-93.64239440382899
92,7,143.290506954582,23.099432287336377,76.26818504806036,269.0927994401916,-63.93883368299048
93,49,-61.07302046393637,-130.26548486662193,-97.09439368276739,247.48182124945131,-22.75329327452373
94,23,-13.147215897995345,139.60191223076077,69.43034680645138,254.1622029849089,71.76141843415495
95,28,-78.33383864844053,123.24042671733116,31.16834165683425,54.906110064436575,94.54171629599006
96,18,52.58347466866538,133.61992917002883,94.76327301243107,121.96150459913777,30.437967149685605
97,58,62.60571739731208,-124.15596717035419,-39.10760911273452,37.49170907838072,-91.93935636212126
98,10,127.81713178830567,63.38503093700176,90.70545594770618,113.87640016468424,-41.41607322781225
99,12,118.8927970172615,79.36654023074556,95.0268896855142,95.69361324717617,-29.56893956716805
100,20,20.90407073017661,143.32725158222107,86.0170692725178,48.55530261642908,50.18742322562501
101,18,49.4786191985158,135.52197547750163,94.58328387456547,41.1561318723274,31.031311734189337
102,58,60.65864580995897,-130.12511436517087,-42.98595855321298,169.26297293084988,-89.86633432526288
103,34,-132.76611027153388,39.48618419418077,-37.842756938539196,277.8925275615802,92.51705426369746
104,42,-136.37500645685017,-49.29698566557011,-87.1511985800818,26.665960181079857,48.0656176262562
105,63,117.32067478098332,-88.1378561122221,5.044116182094333,267.80991564764616,-99.5031982846986
106,12,115.60423565778893,84.07776992462571,96.16584820285354,92.5096313491925,-25.814297057894667
107,31,-121.33426096626037,68.80214351385975,-16.893146641998687,260.7532984414427,98.33617150644248
108,14,94.00309503971792,107.80322739020284,99.73630964980352,138.1995062486785,-2.6772950284225083
109,26,-56.70317090469377,133.97419393508963,46.29444330780536,69.70242168101345,88.09791146648256
110,47,-91.57528790047316,-109.19032660690733,-99.94608160409113,110.47634253009353,-0.5474430641840067
111,23,-22.823523918301987,142.24686421472364,66.09859500518397,108.32181845448699,74.49571542046681
112,42,-134.26020569063485,-53.02736901666061,-87.88270197367078,77.99223948569733,46.69707174165316
113,49,-42.17422388097143,-138.3406403492594,-93.10572146089697,272.01303184238753,-35.902181536738496
114,33,-130.9017477156649,47.25010017502446,-32.722280877072805,263.0998870182084,94.07033391912007
115,39,-134.23379677817564,-43.34062338157855,-82.78081291127529,296.61007530278994,56.00317061388162
116,38,-146.04306568808857,-9.475936674002515,-70.58462785709928,9.161033914163294,70.81412482214493
117,12,115.288968925024,85.05328031805998,97.05344726228789,205.50381765132795,-22.88827551364343
118,7,141.17644711508504,21.997918106582368,74.61247666893536,154.33582048772573,-65.95632095746684
119,4,137.98364508376721,-20.97030711804143,49.88321302019027,39.20149040305066,-86.17967309906356
120,59,72.05860389524751,-128.41950963910799,-36.44759772985313,291.51985165939794,-92.9402712437036
121,34,-132.86817632356744,53.901501807444376,-30.148101275867013,132.0920248467793,94.85120287660756
122,47,-87.33819436651456,-112.16162692660996,-99.55964893750456,93.38778906300402,-4.470962663219012
123,54,9.955169800443892,-139.28802894043403,-70.83914007357785,30.115477752966996,-70.55414667329299
124,35,-135.44174319861136,31.418677222259536,-42.91251300150306,273.28241842648566,89.90559181083518
125,6,142.6493345894058,5.0661262619872955,66.28002448007102,154.17647102433085,-74.34682015575258
126,51,-39.05986709510668,-136.46466120671354,-90.76830653367097,91.66182403043908,-41.298488112663335
127,8,138.44616354909567,29.06693811580959,76.88504971920833,70.67542101257563,-63.187181616838124
128,54,-1.0588514542500667,-140.2230592040347,-76.06684266097444,45.93725689641395,-64.18417018601235
129,35,-137.24138849392014,40.579626293588255,-39.32520123895943,134.60113157771184,91.82305088742545
130,15,91.77671235911541,109.44096219073282,99.83993128419888,241.2847344083404,1.6252061431180638
131,35,-136.29999810230714,37.44473199618979,-40.35186224669606,210.69803927123192,91.27428886221745
132,11,124.446963565097,70.44579806489622,93.16320358794286,133.62375181408166,-35.712688386246796
133,5,145.42099857988006,3.2979741796182207,66.97910773970813,268.7204723057687,-73.77309757255186
134,62,104.73878516015724,-94.45011501025228,-3.943108820875677,84.45354997876669,-99.61163796488572
135,29,-92.1579005833089,107.48132701421122,16.701898542257663,185.99662396401433,98.35500778629202
136,43,-120.39534214289255,-76.13340954862039,-94.70252754656383,152.9309893759436,30.638218085008134
137,26,-54.8475485572107,135.5922678990047,48.40547450569292,29.92038094674356,86.96954119947108
138,13,109.47283507138461,92.0301335633414,98.37441314051381,214.285945682726,-16.504872529193047
139,47,-86.86068616623895,-114.08133350962255,-99.91622160513799,279.63905588940816,-0.8506169447843575
140,31,-111.64188709037217,86.56975608466666,-3.1957381367384623,195.08888600389912,99.68524749814019
141,23,-24.59239885882711,141.59662628643324,64.63414721125801,126.37035849836886,75.69755620224998
142,37,-142.7801607688565,4.95633523446299,-60.68844935906947,159.7477249966944,78.93570549717415
143,11,125.22039397718865,70.9482266585408,93.88699063717132,239.69956916938327,-33.32668259119548
144,18,48.047174805392885,135.3247056914923,93.94772382793437,103.91068995999595,33.12647212146264
145,22,-1.9329260037366391,145.75959286845634,77.08537863488847,35.28907742613004,62.94308003277297
146,17,58.063965291963044,130.87884482419997,95.96835617011067,140.21060177812296,26.465340945876957
147,15,82.2709758629382,116.63543137537914,99.10003885601792,208.05417290278973,9.13746557187723
148,0,122.56127472820408,-69.6841334916318,17.378767369523068,89.68776053188823,-98.28834207474215
149,5,139.0791783852961,-10.032459749394315,56.571419544790714,27.93168378776345,-82.31446324541224
150,22,-10.184004691049248,139.41644077266457,70.72314448656235,264.05809642476686,70.6954877594708
151,37,-143.903567651484,7.788858084657556,-59.72452519240502,105.02008840048435,79.72677731198976
152,50,-56.66172033326487,-130.5513848751698,-95.28644456691778,109.56840562170808,-28.7133019154265
153,58,55.88545887368278,-130.16657575673648,-44.7996124067931,105.00041242462852,-88.89691564254592
154,4,138.42081715964852,-30.7076442412157,45.323846174607134,110.42016248697594,-88.61670671093151
155,8,140.43916417587758,30.695621514456366,78.77275652974161,189.868958912678,-60.88700332686298
156,18,46.75899881633469,133.88277056732434,92.77844801005581,263.5786215230068,36.9810573623088
157,39,-141.6679969689766,-15.036295627377314,-71.04429923674253,178.75568370561763,70.30415941337124
158,40,-142.74096150297265,-27.880936730813985,-78.35205899599077,44.80065048819567,61.39962495241424
159,11,124.13994177488973,70.74004140014459,93.01750244733009,104.17196097327943,-36.19300060821632
160,51,-40.774781477530375,-137.49124103314392,-92.19513289547757,192.0496241782504,-38.62908512341249
161,61,95.30725621615771,-105.94310528456882,-14.531275079455128,135.00991490577874,-98.56879537973043
162,23,-21.197853319069036,137.96131735532887,64.57180945455363,265.9165207072814,75.7487154573378
163,61,99.25210941081693,-108.99247131361,-14.040562669196973,277.23753803532134,-98.61712629803905
164,0,125.89911968063358,-69.4142181477027,18.713448533919795,175.36727749576622,-98.15688755071541
165,10,127.78370629925378,63.379512368604686,90.60617769964892,87.19551326742325,-41.601809670049036
166,51,-40.36389422461395,-136.73116982861217,-91.7327733605649,146.6643334595788,-39.49409852493231
167,41,-132.9837274443498,-51.792713957930765,-86.49008132281676,197.88913150191064,49.30248037986698
168,26,-50.76825929245877,136.05243282169408,50.60603976521313,80.7205958453235,85.79331395472659
169,5,144.91403016788334,5.438469448837234,67.59056839070712,241.88448518410274,-73.27128497815666
170,44,-127.08627538960322,-68.56024033138374,-93.43497586575813,38.40989303555696,34.816775381872375
171,45,-90.18873831580062,-110.32109132039034,-99.69612023652125,298.89200512261067,3.085345290010195
172,20,19.205325531941018,143.1678195898925,85.27977908100016,72.99374573796449,51.56679544208065
173,62,104.59521179397908,-95.1726462017926,-4.426393766339261,106.89972474051491,-99.5640385874689
174,42,-132.85150137228473,-56.665947795741715,-89.96450904614238,15.21030578609763,42.80228666404719
175,20,19.435538610949866,143.65074069137899,85.38680090281107,61.93144414743143,51.36657179980409
176,33,-127.27977585163214,65.16075245585569,-21.845370350984293,141.42243057374387,97.36980913025643
177,16,74.54972412282868,121.11514987209657,98.47737385257237,222.14814164493473,15.459494105933304
178,62,94.81554442562248,-102.39796112484986,-12.901139859903799,41.729748036411614,-98.7293495668289
179,35,-139.10765858516314,26.867369020722446,-47.37007160259154,185.8473874999205,87.52297586751678
180,44,-121.64887249299419,-75.82235565308966,-94.93005835096292,87.91944137378334,29.88814965199646
181,13,109.84442179943669,91.04860248217979,98.09638396739345,119.8668727997369,-19.32775217722308
182,49,-44.40461688879399,-137.8131605581925,-93.86454565622181,297.6555116690079,-33.40067376673868
183,57,56.58942973131409,-134.3518833960536,-46.46303107400078,228.6026334202702,-88.00779938147542
184,37,-141.64369134605013,-5.233618671679378,-65.27610590362593,218.66519060626794,75.17071452178313
185,48,-91.11300984525371,-108.77176789562502,-99.72205741485577,6.921939845202636,-2.8220005049066854
186,30,-101.43215499747261,103.68903452819501,10.484104616017854,83.26446954094965,98.9674065845021
187,32,-121.1593803141616,70.48836119759846,-15.753910173920076,241.60877079254928,98.44837642223811
188,8,138.48275382597896,38.49077866113666,82.58304367108974,202.6223444266131,-56.24415322313074
189,42,-126.01962076812495,-66.42248198335824,-91.6541345352796,224.6102489195763,39.641221343031894
190,34,-135.39279279473894,52.435141903210436,-32.4093408990622,56.490985694050856,94.1652632372884
191,28,-79.78117694232418,120.99506550946471,29.24294152173649,89.1875999601136,95.12578012569945
192,8,139.88082972103746,30.239066560920044,78.51490726684483,165.15036041049484,-61.20119368380389
193,8,140.12013060413958,29.706139206025593,77.78387359935749,137.1710206389534,-62.09196112809799
194,56,24.043700383362772,-136.96042839715932,-63.1787696924413,21.97707710291247,-76.89195320449153
195,21,10.923742060695417,141.12401933840906,80.40858943976504,227.6782394201793,58.89373439088885
196,62,98.30335461168039,-100.37289909564213,-10.182244315328774,66.73741265134493,-98.9971372072217
197,42,-126.45397388425451,-67.41268661917388,-92.37231667241075,178.48944252470096,38.297597763455585
198,57,47.27482775108756,-137.60004764675347,-52.583716722450305,244.87163802329405,-84.73622305122258
199,39,-135.67823610039932,-40.18962573687174,-81.5198620545934,264.38239573254003,57.53964427021485
200,4,141.2970246054397,-23.479841352583875,49.76294621178032,155.43456049686964,-86.24395708068067
201,56,34.90185474973733,-135.283574861,-57.29797423424289,41.00745461302696,-81.71819545109332
202,47,-83.15096285155057,-115.5238560615804,-99.28416194639507,130.29014034841728,-7.268031085111894
203,38,-142.8842726117635,-7.580313552489494,-67.43992836259804,155.33103706341163,73.3949120066526
204,52,-18.620752306855415,-141.58593453454577,-84.50831929664396,153.3987241836182,-53.01009443736955
205,45,-102.92313194174864,-98.96477754086106,-98.63546536735416,259.94933442606055,13.854362836451187
206,8,139.07358905281998,37.034630530004186,81.61187703273299,187.37540583176136,-57.42752365175429
207,44,-126.31222078193123,-70.11166510459731,-93.9273964101722,3.817499242684137,33.19348262770295
208,24,-38.39694529546643,141.53630595882183,58.89011608905808,11.700563927682046,80.41155890219247
209,62,107.40555656899848,-88.80097151252009,-0.030246079391737127,45.09577139942883,-99.99702102339032
210,3,136.60215771921574,-35.66826140842187,41.713657687181275,89.7281005601769,-90.5463936580476
211,58,52.11232328593511,-132.39097220851647,-47.73188023337829,135.0291698995354,-87.3295850252893
212,59,92.95015640943149,-114.29301709284034,-19.789920937502785,298.2311436267693,-97.9933229829502
213,7,139.5940966360735,19.18743207996798,72.16534800833098,42.742532539140385,-68.93815700662958
214,43,-120.81378105485055,-76.84999085373698,-94.64288035649186,168.84138755341772,30.834848490763427
215,42,-128.3038020908056,-63.765599559760716,-91.03191975798597,168.07283695077714,40.805302713354045
216,22,-9.96561157304995,144.33293484259386,72.94380753069781,83.04152976919542,67.98960096869975
217,8,137.55371624831633,32.794048516026116,78.58391286296481,62.189540751486945,-61.1171100892561
218,6,144.6405548562344,7.014935236082118,68.65393927889957,254.00799802061331,-72.39859937960446
219,25,-48.89148524956924,136.16777806175205,50.9656546448289,96.23383485387888,85.6010956975358
220,42,-138.2026461981044,-43.56225148571909,-85.53118638877993,1.2143058620291194,51.096445694647386
221,38,-139.7771959089648,-15.522545025938447,-70.21560506701559,270.7335318702588,71.11697388263693
222,63,116.94256492362736,-81.82214738312179,8.28032488394174,144.80032021343723,-99.18445978302444
223,38,-146.39368864969362,-3.713326352276048,-67.41930017738679,3.5194780217921457,73.41184111422739
224,56,30.319788993952223,-138.78592469559604,-60.78993810331971,123.48101524860579,-78.8524158693446
225,54,14.256592390815435,-145.60240096968226,-71.63224758032415,273.360393561269,-69.58774200787848
226,25,-53.11867984869867,130.9347657215587,46.591792179073295,208.9019816667405,87.93897510135263
227,8,136.0379190094555,39.26329331090227,81.35371278467665,53.19066396965989,-57.7420978193705
228,58,54.90600350505707,-132.01324471831555,-46.207347556268786,148.570276176486,-88.1444651396425
229,8,139.82371289321281,26.087278290080743,76.06529984492126,111.74840651906656,-64.18605011353665
230,55,24.989045214895732,-140.6715668972162,-64.28912294848863,155.9143280199095,-75.98071018795083
231,4,143.10715171519743,-21.85596335759874,52.27828014003893,229.9380107234381,-84.89948239025816
232,55,22.62367110176665,-141.2202972720612,-65.75105730276928,167.51327391428265,-74.78093213198197
233,48,-71.18701219017336,-122.56202870299323,-98.10593657243973,30.425395526018537,-19.230762879056407
234,34,-136.5270461350476,50.14824672717343,-33.59900178871055,73.99759639668075,93.80438349982636
235,8,138.669044755172,30.884852633893797,77.99800778590293,88.34234152318633,-61.83103776633178
236,58,53.66317164178931,-130.85704526469678,-46.29523409779768,99.32625990198363,-88.09748878020693
237,28,-87.61086691226774,113.62533415987814,21.650244387727213,136.26756206138037,97.42899995262016
238,15,86.3630935620812,114.19069325732265,99.58736188256117,141.67521835975487,4.189588202728619
239,26,-62.17407344619555,128.79592692431763,41.74684864860136,144.48583470917723,90.52865271038304
240,35,-138.4754050889018,17.842830354270852,-51.49473414395402,280.5927244916238,85.31829666723463
241,27,-72.98384269903569,117.38533651948956,30.897008895820562,276.7269716282403,94.62402420105064
242,50,-52.077141826848475,-132.74943526867366,-94.685635863603,161.66007704145292,-30.693902493116372
243,18,57.33669677730232,131.99529013732652,95.90215900613953,110.12248782535549,26.683563718748477
244,34,-137.38375967150782,47.580778330742234,-35.64077516403442,68.51622299319574,93.18501822855
245,45,-96.02670308085332,-105.31230563015286,-99.33276213394221,237.48018660608935,6.774584736379892
246,5,143.7847864257615,-4.873629853913311,61.43828794745751,187.9608849651732,-78.32032910819169
247,1,131.2118932728931,-63.59750901689659,24.20069566797197,246.25179109781467,-96.65532890364034
248,43,-116.24641188064885,-82.31176346275603,-95.24065416537141,269.34795770146195,28.86425261779653
249,16,82.81104985323299,116.81203378707968,99.55714141831717,32.13501153731901,4.49642195154345
250,18,49.917499271833236,134.4008443630898,94.1261877550087,138.33783126988286,32.538155482389186
251,10,128.14899423765797,62.36546503861136,90.27858433091207,105.19504892056177,-42.21469343865117
252,61,103.13434662864795,-105.63308548217003,-10.311814990191554,288.1965156028588,-98.98437561902651
253,60,85.91545894390588,-113.67948721403476,-22.724724685357685,134.90965848251076,-97.10305987079425
254,50,-49.637890375066156,-133.41828445362628,-94.0001199077663,140.1199706416259,-32.95374541925059
255,10,132.50431275287903,47.92902563821834,84.72810663100853,29.530522742753515,-52.598901468794615
256,18,53.71466631849681,134.31418438332065,95.55949115146856,18.703275342366453,27.813188085327383
257,53,-6.798633725454142,-146.13770447002068,-81.33720290308767,294.71414648350213,-57.762215176043235
258,6,143.56108552481845,8.804180530276914,68.99165832759081,206.50032866521357,-72.1214406258506
259,26,-65.97156404440717,131.7921497877026,41.34224282987767,4.63923481141998,90.74491913797753
260,55,16.480130495995663,-141.37437098016804,-68.83236843849585,139.164182904781,-72.25216640906669
261,40,-144.86478123294862,-18.775323704855307,-74.83903151939828,2.149810414231863,65.68026296709695
262,15,86.6892313870434,113.4682919656937,99.86979216446677,49.259249613785414,1.322023314372325
263,27,-75.10426901818157,119.83047373432036,30.906645804203023,194.39909591303956,94.62110087643161
264,1,132.89068662764078,-56.44302281349388,29.189577734037037,204.51903749290983,-95.14196785605398
265,4,142.0494959120503,-20.336506563441414,52.20302010017967,172.22691357705506,-84.93970974045375
266,33,-125.53611680393458,59.39764733759864,-24.190502708180475,269.3081944816724,96.6584209046345
267,45,-95.42809371074033,-106.31448938819095,-99.30907697278612,270.3925794906646,7.015064390501913
268,45,-95.29252265121062,-106.76170551101694,-99.51561072618182,224.7812730421803,4.918090455901184
269,53,-12.753005489777543,-142.1622859219705,-82.48170793371514,163.32598969334717,-56.367631223955385
270,56,30.232727869509105,-136.7723796920629,-60.21840290671108,50.94008101703702,-79.32146250272936
271,35,-138.19060734727051,30.128374350336454,-45.09295619644404,206.8423460916756,88.74012003924749
272,14,93.32430420872822,108.08433176444969,99.73898657079395,124.25234307529907,-2.650115773459824
273,53,-11.416050293368807,-145.17215823707352,-83.01030139080792,270.8302381440757,-55.7235379847705
274,60,89.50260209918268,-113.03367424355544,-20.860251795530942,184.71498875252405,-97.66864162004778
275,47,-77.39903251515827,-120.34917991337782,-98.93720946481821,205.88795475349855,-10.790701343361453
276,59,68.03494697532896,-126.80016747545633,-37.75302002606077,184.45748995524607,-92.54427566241506
277,7,140.794182992954,18.96390452955501,72.62266372403761,90.93953885998218,-68.3809159800765
278,56,22.583136087401137,-139.47377750695233,-64.75902713440426,94.18284244193305,-75.59506993740287
279,28,-88.527477503371,117.59297856533004,23.57820269710117,30.130521967301064,96.84416010911625
280,20,18.592492375673583,140.45732940342538,83.73136883864306,228.21652697083914,54.46366575522869
281,59,73.80493672679853,-124.52373566610963,-33.81658502982667,201.09206610937912,-93.73838033572021
282,28,-79.93170103755223,119.97048691338237,28.75553254336262,110.62319528479291,95.27363404414187
283,60,80.51980517471279,-116.22476790678779,-26.372179739974968,102.55852443240495,-95.99661631703162
284,37,-140.47521096593323,-4.210429614088104,-64.19142025774119,258.04747535564513,76.06089268316663
285,14,94.10376281138151,107.5073368460916,99.45141082151994,29.741507082689434,-5.56992350723716
286,20,27.768346309692287,141.2117957346477,87.83786397514294,110.74017014957228,46.780957693375214
287,61,103.7187752496822,-102.76543498574715,-8.598818800404857,240.08308386291168,-99.15309089335182
288,10,126.83829390404534,65.81869835997242,92.13900899583157,161.33662072737613,-38.73408550011828
289,24,-35.87715053601529,139.56068861183263,58.44613241857114,117.8834722964847,80.77592674367526
290,29,-94.26959797145787,108.97724134129217,16.212495641263914,118.22273922306653,98.40320972929052
291,51,-25.814547342910224,-140.83471164700157,-87.02501514738097,181.30411512366757,-48.30169010253074
292,49,-66.26088680423634,-125.39217052363976,-97.12217808290578,57.18048010118401,-22.66170039535735
293,61,105.20527652746932,-103.48750127598197,-8.166139374186809,293.7889592702659,-99.19570606583413
294,48,-83.86312338521597,-114.94027240549269,-99.26306145825129,97.44370968007979,-7.482268094401407
295,59,67.26819259486889,-124.32822397873794,-36.81105167045299,95.21471050988396,-92.83001868030128
296,26,-49.60239689533459,137.81848571763751,51.910346851592905,41.315376164339824,85.09614693190096
297,39,-140.32079128012717,-28.561656798756353,-77.3727046819983,166.60178769832672,62.59297209650947
298,50,-52.59902367681888,-131.8223645603389,-94.38830127714519,97.82205761997957,-31.67408312375049
299,38,-145.9961258237957,13.23377996959559,-58.13446442411605,8.913156808638652,81.03170595797454
300,53,-13.139456010069647,-143.3298271155264,-83.09822504070779,214.31745240738772,-55.61640266611481
301,28,-88.64169189996066,109.08227561728027,19.57038363890285,223.610422105063,98.059918903999
302,11,117.86645872836309,81.53216838147695,96.34000823839884,226.18582245808975,-25.240168445728457
303,59,76.19925233090632,-121.90683783650495,-31.428851773382327,182.23596906452877,-94.46269140470875
304,15,87.62338822921673,113.0185181545915,99.98943804149908,22.505141824731748,0.10723744332634404
305,36,-140.06281828658936,21.431953652647785,-50.74764113543147,196.69995310120683,85.7176264063463
306,41,-131.9811687428983,-52.585134975481516,-86.46669254130802,233.51162605383857,49.34623768975808
307,37,-138.28662949639534,9.992183166933536,-55.90071039611619,295.9845716335708,82.86489980650748
308,29,-104.7235120717551,92.3515898450432,3.4596658229651407,252.87343209000255,99.65925290909831
309,6,140.28723166749654,15.638589870405387,70.69050042444145,54.69136434860799,-70.72723748506698
310,33,-129.21990733220377,58.202616853662185,-25.991574827729277,180.73589298233446,96.11207157155259
311,58,65.31519221477195,-130.46188881401187,-40.95878776190147,242.07149311652873,-90.94988024791857
312,7,143.55340621316373,18.1054110935198,73.81600125747627,240.05085767894656,-66.9268294282286
313,1,122.40662378000312,-63.66593210459137,20.374050983897817,30.524316855087708,-97.81612904506338
314,52,-24.959243061682635,-139.2802983592142,-85.91542137007278,75.08916265255893,-50.37759297711057
315,40,-139.98114355518538,-31.274854990115998,-79.136594948777,122.88729755170044,60.4436647597432
316,63,121.25681025339799,-82.41503392898436,10.058083351187394,268.12015459345486,-99.0093659858089
317,39,-141.52108667851329,-18.2304329623856,-72.67289552988069,172.8185571742393,68.31970832398191
318,47,-86.02369200841483,-114.3725627672828,-99.84556226227727,266.49996482419783,-1.5680338211001477
319,1,125.53102246096995,-62.23684484157206,22.539261241172195,65.54149526209702,-97.15931959962022
320,15,87.30245261049387,113.48717398030159,99.57423302274285,168.12894067950742,4.3228878517081695
321,20,20.055232772935746,143.84807459996807,85.88898128630711,41.58856248118635,50.42705886905743
322,53,-5.986417495807288,-143.18114063560225,-79.52602699361864,175.58734669567002,-59.96914025733261
323,13,104.23313633430438,98.13576214008651,98.89364957246654,192.35242411072758,-11.232972678451523
324,48,-89.55683124006798,-110.19560201646654,-99.61330091475318,14.085271108393394,-3.9262245950804635
325,32,-127.84992304126943,72.74242410118927,-17.949518051264945,28.03248714406003,98.23212808056309
326,24,-20.770578392151396,144.56299967758048,68.5408311870443,13.097117560890036,72.49142475590344
327,55,29.767456429490156,-143.75074562889762,-63.67188357269788,282.90309383685224,-76.48726525739377
328,51,-34.238952786972234,-140.9594466789388,-91.13407518907275,294.99635093787964,-40.614183443055495
329,21,-8.086665172376858,139.26920566056822,71.49037700825608,288.7469508607631,69.76061186671271
330,62,95.73364451632665,-99.47550248684607,-10.824137701975447,16.459178680916953,-98.93391627336243
331,13,108.42908023225833,93.68011418855282,98.65872888259081,271.6268572708618,-13.618164228347881
332,53,-11.808832272439584,-144.29943258376295,-82.86109546410381,245.25739731550019,-55.90534600253332
333,15,81.49950764325978,116.50628094529506,99.03371715616919,226.2464015963376,9.810841587151234
334,0,123.430843847724,-68.1009860716232,18.678159136801106,82.97981008335627,-98.16036325039948
335,58,50.28837388148155,-131.60504687908772,-48.4949681650599,88.37940683574854,-86.92170581721015
336,30,-106.90420034699328,100.17003602348277,6.186731326906033,43.76508856265586,99.39066059853528
337,39,-139.87968584327783,-19.522033334681627,-72.17827803632957,260.5443815971271,68.92240171585816
338,61,93.12153460524316,-114.14383105249871,-19.177298982881133,267.8780646073725,-98.11120230272185
339,25,-52.8461839600613,132.8014445707261,48.01715231759431,145.36409435685994,87.17710384066265
340,54,-6.324339617134253,-140.89440662985461,-78.56654185920908,68.63953956549213,-61.138276726729174
341,27,-72.00140101197975,127.92562443809591,36.61653710857026,31.58995252661618,92.88902403605903
342,59,79.22210973349671,-124.21626831277972,-30.93689379154863,289.323268958569,-94.61192524846315
343,7,140.76210076546178,17.57396406777586,71.62571057416524,84.66390725644632,-69.59570737599827
344,5,143.72346919979705,-12.092193392587438,57.86621539011731,219.01354677287316,-81.25185216603387
345,23,-20.931568066597663,140.16677992476377,65.69183387767153,191.4683659299808,74.82953552215716
346,22,3.364598977079019,144.15409339238278,78.81947732693297,88.07493283607889,60.83007384883691
347,42,-133.69608196156233,-52.14950887772927,-87.31850003135118,119.71378186250008,47.752618787659586
348,30,-99.06516872167731,108.89450063842064,13.950828112943025,19.982672589892353,98.62596437389999
349,2,131.18856325670953,-40.951439678951466,36.51008074953849,0.884616259085376,-92.92131722417074
350,10,125.90201232012434,65.97247439070206,91.32762155477269,62.733983218531755,-40.25208384846721
351,1,131.94639013069153,-59.77686983853784,26.992385810628683,224.01963421497163,-95.8084788352522
352,63,111.68296422120392,-87.24007492957824,3.0697049725853875,108.07652423364377,-99.69766067219798
353,8,139.1996649034665,37.32824564179632,82.34843571291148,221.18045884824406,-56.530023957423744
354,63,109.35099900713053,-87.61977737417853,1.6741741943998738,62.07413003645899,-99.83510835566324
355,10,126.04535952427477,65.06241462601362,90.9279579951181,46.80352276356478,-40.99980139097586
356,7,142.3515761008386,23.343639909385686,75.96678107984361,215.73405551917006,-64.30609562236371
357,54,-3.8764452353780237,-142.20483496362039,-78.01246959655737,110.42035604180778,-61.8134159922748
358,27,-70.24030110486312,122.94611211186471,34.63617916125913,183.09781569570742,93.48975913824248
359,44,-114.52249153133951,-85.4799533860004,-96.75000179782143,175.1912831416184,23.888601006439686
360,29,-97.33998472017319,99.70216939952516,10.490131842528614,251.74988660719754,98.96681295494224
361,54,-1.5376081006445297,-140.8277888103341,-76.30708273989788,54.98228694103241,-63.89143669009118
362,63,114.50932694306282,-88.53134625204343,3.824894700546707,206.59408438847794,-99.62328103091195
363,39,-138.17710758410453,-24.88070858133799,-74.60786554088833,276.4837325241308,65.9619396354135
364,43,-115.5366325215595,-83.73415850194216,-95.87705192636801,245.8797646852419,26.76633065675256
365,60,82.44714335116517,-117.88844765020669,-26.474251320858333,182.16464835800113,-95.96565323702113
366,54,10.78042475599005,-143.11301811156272,-72.05533893442505,174.22366145851785,-69.07220350266739
367,56,37.93149835151135,-136.8464505696408,-56.63887251321661,116.48852903633585,-82.25910604617111
368,5,145.71093738517322,3.852191785112757,67.24460729764303,294.23793073963805,-73.5552078003148
369,16,66.9343730531607,127.78695909766053,98.28700291072474,18.149447003976974,17.39236413999024
370,52,-27.68992844614813,-139.86906803977362,-87.65621529074686,149.7993720983885,-47.12079830334711
371,53,-3.3094909581217884,-144.80109523498638,-78.87884095243912,236.80616062653525,-60.7577390340015
372,46,-104.10737601537318,-97.72328053751644,-99.10212267063329,9.234390590853435,9.116308231437099
373,45,-100.61407078831863,-101.27609868725294,-99.04082186528922,191.71252474466849,9.738706211733744
374,34,-132.7993848176983,61.718249263055604,-26.13998555334424,46.948037673244144,96.06705166364227
375,57,44.84148287655389,-134.76034260115784,-52.407478151475196,129.33925220161848,-84.83042457869783
376,35,-137.46201874034782,27.963128645503833,-45.934739277931286,243.99319323341575,88.29017737550384
377,9,133.3479798042721,52.23985525026597,87.10078707044647,156.62334259333048,-48.15993087846076
378,57,65.12975050285621,-131.01916023004333,-41.16444636747789,274.3440292613007,-90.8399533761984
379,43,-114.12683150905127,-85.2341465697047,-96.29135592269532,233.80643383203417,25.400553613347817
380,26,-55.65496090462242,130.89742040322514,45.07887984473342,175.7816575070439,88.7476440098805
381,3,138.8587825734423,-34.23262796863815,43.40005776418018,157.6476504492365,-89.64499357117272
382,3,135.11329667970864,-40.896692100470936,38.44850771849317,94.5666085670184,-92.29165357921211
383,7,142.32469822867242,29.639627337407724,79.59415417560443,290.6949048700984,-59.886127013916564
384,4,138.42392105891267,-21.068752868827456,50.18974027195867,65.82802635526357,-86.0158307848096
385,2,140.01087857962708,-45.83904906387475,37.7300882843062,287.1759170199397,-92.55123193122742
386,28,-72.81707296120038,127.64277592084012,36.4840412959553,21.059198188261977,92.92921620719565
387,10,129.62679824518696,58.430313022689084,88.72284845016867,75.63956320147288,-45.12526905016634
388,52,-14.388299443269453,-144.56582539591707,-84.05982807924069,263.023084219494,-53.84916205515115
389,62,109.21391854383478,-95.85094554664748,-2.648800228911442,218.634520689975,-99.7391161405272
390,40,-138.19747973302805,-38.07921346142752,-82.27062161835721,119.22340864939956,56.62484074250344
391,63,110.80957678467738,-90.73933721089185,0.8146529255836313,156.97728414214706,-99.9197637492487
392,27,-73.67874454058732,120.06261281411375,31.888025438454235,218.33412168374355,94.32340257615053
393,48,-70.50216034609564,-123.50725459688486,-98.29306979196406,142.81335782135037,-17.33076601564503
394,32,-123.27697451495642,67.01608209146279,-18.536246785757637,231.26577442283673,98.17434038670555
395,29,-94.14297992531623,101.66882432366356,12.96166272915283,265.9897265838415,98.72338858889492
396,16,72.74088879605256,122.29787700960439,98.28907861092274,244.05912024369985,17.371289186672957
397,9,135.70556856501594,47.835182423011524,86.07137584063238,209.35883278282498,-50.08582283531719
398,7,144.12371367248693,22.111236637111823,76.04880361540646,296.8869191184077,-64.20615083510248
399,12,112.9940065036628,87.05963500480256,96.84991116604851,74.55763486898594,-23.559244005891166
400,14,97.1117755720835,104.1226247244802,99.0745822530713,4.655252043630677,-9.395930989586827
401,15,79.6030904026862,118.38102404639547,99.03349429718969,151.01000352099115,9.813104314010278
402,6,139.51077828264945,13.612438320839079,69.21979422648064,27.66034230228709,-71.9342144043275
403,39,-135.98238191924332,-37.9959580262794,-80.48931026895785,258.7642536885332,58.795375738039766
404,46,-101.54986946224105,-100.12886554033302,-99.15315309457601,93.43680455967699,8.598187260311965
405,24,-42.241954864289056,138.90693604002863,55.919543335556206,59.18875414472946,82.84944401849393
406,48,-91.97755528013859,-108.71509399654204,-99.82927837282779,22.904066885912414,-1.7333670471133293
407,31,-112.64170444011216,92.2124906082009,-0.5800044874103877,72.06205590311585,99.94287458618601
408,22,-10.536454537368563,144.6118314771476,73.05420835048285,55.06964109601989,67.85507712874325
409,30,-105.19754123284555,94.15040974983566,3.8547858274925075,210.67716502359977,99.62033701404104
410,8,137.5594413279752,29.05032379620947,76.38387388279199,17.04913160428365,-63.797866375696074
411,29,-89.29875496238564,107.71969843715081,18.16424362772283,239.9362844056507,98.21097947278872
412,17,62.691417475711816,127.86246632349452,96.62099282863957,212.4083517753018,24.31388652157795
413,18,45.71159023038889,137.11772150251787,93.79077530645242,36.850210358191134,33.64386198382597
414,4,137.73574632184418,-16.79772644975192,52.21078937900289,0.8542810528101188,-84.93555697225733
415,10,129.05739371029617,62.79534324548085,91.46965558668535,214.89504364235316,-39.986357002151514
416,4,141.8711997778008,-19.511046268641657,52.88470343649126,165.8276918894994,-84.57534221761426
417,43,-110.76451941067685,-89.70723494462068,-97.27650559047696,260.55474592518067,22.152950856672962
418,23,-21.07096955617124,142.57529699877776,67.10735654422326,99.44506372619482,73.66784653928148
419,61,97.07194159599335,-107.68492339387801,-14.297188415698486,207.44453110063768,-98.59185088675788
420,13,110.4063074569409,91.59381353186491,98.39524177051423,265.3118640416141,-16.29339574398861
421,41,-129.00168269284507,-59.25085470682841,-88.79526777610019,240.70757455913218,44.98978209092879
422,21,10.35266718683249,143.93568273657164,81.78474217245814,93.32382974892387,57.21688678840739
423,51,-25.656195736386554,-141.38755644005988,-87.14298822807179,197.83635981872965,-48.080978106539554
424,6,142.41853562801174,1.2020450789247998,63.95434365267173,135.5924564022299,-76.25545634979986
425,18,46.90265387824653,134.26640968681792,93.08560525870251,206.1108003604609,35.9684957586655
426,47,-81.49330779004556,-117.17450729669203,-99.19519427145627,160.38956047757222,-8.17133571353871
427,44,-109.08292343621555,-92.04385961244957,-97.69371422411366,273.48520498846926,20.7775985086809
428,0,126.25458139784692,-73.2673216802097,17.094080572399374,254.64021876388784,-98.31638125624173
429,48,-76.22425376270765,-120.48256973266155,-98.74437714505451,156.84557935560076,-12.748562185208035
430,45,-101.52181226841543,-99.99357413520333,-98.69880521113052,281.9197263731165,13.211262136265868
431,4,141.39726504491236,-15.679219025738918,54.62141895061598,124.25207187463467,-83.64704795538032
432,62,89.7569808454463,-105.46205463179032,-16.843629713678844,25.09155776724091,-98.34104849460805
433,6,140.24914806552866,8.46922237558946,66.70813776077034,47.82468665876298,-73.99547680155348
434,32,-119.37939707270063,78.25382178121181,-11.348961721158622,146.6991785639084,98.8822256572963
435,51,-41.383888994444845,-136.86699333329307,-92.24786297852633,167.721400425062,-38.53043412769104
436,46,-93.85155649489894,-107.3667063052454,-99.6816403201578,183.37189718939294,3.232362456406159
437,9,133.87407246862273,51.22088694830559,86.64423066864404,140.5999701221197,-49.01408738716855
438,48,-84.95917775718758,-114.07183772705008,-99.26153598731125,40.69891794180166,-7.497756472192914
439,39,-138.9064366610823,-27.09109582788142,-75.51264584960187,260.27064437750664,64.8594612146719
440,38,-144.72680074758392,-7.834796926429558,-68.64005986715041,73.57961058386212,72.40998991406839
441,9,133.3376567083224,50.27946887612537,86.11846512298894,113.94059951591395,-49.99772502997169
442,28,-88.31009331161485,114.850597134705,22.261881906580104,92.86884274044333,97.24346171298716
443,42,-131.36794429987853,-57.783899101474994,-89.060279226595,139.19625619125495,44.49398079577971
444,0,120.9856028195095,-65.83214245376433,18.612428251743268,15.437349032785317,-98.16683717274111
445,31,-118.26388859782827,77.97041491556335,-10.878505234963354,187.4233521395646,98.9285615426881
446,37,-143.46299719891067,6.872839966274691,-60.11255015479918,119.32020435641273,79.40833357771022
447,10,130.40792858361107,60.59532394934725,90.83861191999108,225.90391738227183,-41.16695605422438
448,53,1.2347738871139964,-144.23324590387216,-76.72895359723542,218.06575750364283,-63.377385365062125
449,27,-68.39625608260073,123.64272351549812,36.068374677658326,189.40896031254928,93.05530731550056
450,40,-140.38272206254922,-32.325104186381076,-79.75195810534669,104.71919018254115,59.69384229510297
451,2,131.54516774587694,-47.97014236824628,32.63422622579763,61.97741328639562,-94.09704500940724
452,7,142.42799904545686,25.5373880863398,77.09403914554625,235.76021221762562,-62.93252716593795
453,48,-74.83646420211171,-120.91718865961457,-98.62479898517488,134.92859513334298,-13.962660511958072
454,27,-82.70682950757575,113.31552536507549,24.14295073812388,239.23051262197774,96.67284563912744
455,32,-122.78679417700707,70.3780104191912,-16.84808744097666,186.79630179691213,98.34060944711429
456,62,110.57217461550908,-94.99688863324002,-1.5079792613865148,227.4069249101763,-99.85147711578192
457,46,-101.34071818808472,-99.8649827021574,-99.08454358355227,126.67859674083697,9.294791829381248
458,24,-29.76162444729895,142.186235641258,62.89507075360547,57.479292417888075,77.12477881688667
459,3,139.83512225296673,-32.634972202503334,44.6384173926413,173.0962400121978,-88.98307621721739
460,63,115.62265884498191,-91.1929307220603,2.9751494017280713,282.4356900279938,-99.70697357620284
461,57,45.25504758393165,-139.70724099543338,-54.766774601656245,276.7584136327978,-83.56935370105569
462,46,-108.07513123093263,-93.53492468265443,-98.7222355377649,3.4207486882905664,12.973369862370511
463,31,-115.35336572526231,80.24748591598396,-7.992148368980638,231.52192444780337,99.2128426714778
464,20,24.061425670902395,143.3899388429015,87.23314055336016,32.112074431892786,47.912315056112014
465,58,51.832047881889466,-129.93022890937996,-46.93990535198756,56.06564831249455,-87.75290463765482
466,58,51.58779062754037,-132.28794767501938,-48.095639733335595,127.2909568641083,-87.13515142122628
467,17,59.9100961567736,129.56018510410726,96.19279499773081,172.3332524039409,25.725465392829932
468,60,74.38407399926564,-117.55131549539317,-29.9284040256367,35.206219372489244,-94.91784731845996
469,25,-38.240720174114465,134.42823154634712,55.51965102584494,258.1384185603482,83.16693266026837
470,59,68.36630370583478,-126.02182476390944,-37.420863461296655,162.5970680046005,-92.64503426928479
471,50,-57.9041618755619,-128.74790675503988,-95.140560592727,21.899159246135625,-29.194216858841635
472,0,121.73124706535586,-69.89661681506234,16.597095120062832,66.44909304983135,-98.36533001481257
473,33,-131.1117024900158,49.40352306949909,-31.162260311078544,240.97608810593908,94.54356105232259
474,36,-143.7690005213066,30.46861425473255,-47.63988956279138,17.646633544885564,87.37875508854398
475,2,138.7471889669166,-46.82423114291985,36.84646660633562,274.4131465829904,-92.81927567540403
476,55,28.752277385889954,-141.06809306891404,-62.674891320288054,182.600828079915,-77.30547533837982
477,29,-96.00836337618938,109.22538016334835,15.891060558538458,77.25982966637652,98.4348682983423
478,42,-129.05080683716466,-64.7749600696812,-92.34779737029749,63.61828213811898,38.34347012754104
479,5,145.3664312189658,-9.754309385261232,59.61048469460759,262.69517611116095,-79.82036789377511
480,33,-129.48376627857698,53.141026089544745,-28.88067001967078,245.96721883758448,95.23567400024221
481,49,-62.251072181024036,-129.01751677169716,-96.98171950427772,202.41150839424046,-23.12473020906901
482,60,87.31506575287283,-111.31130615657553,-20.781585705135285,105.81943795608936,-97.69250472111815
483,20,19.738841024782317,144.49770227008756,85.94958905958438,18.572390000093705,50.31366975914968
484,4,136.19303390670632,-32.479730544114496,43.150369178270665,63.777950303274665,-89.77845496986468
485,35,-136.85394144771527,27.330186490810792,-45.80964546239024,259.6783027404447,88.35704144751982
486,56,16.950748092111947,-138.4041361579831,-67.06713667720639,30.726129186964737,-73.70085411839715
487,4,137.31157601698334,-21.599066211603727,49.598077639520696,31.094464503145254,-86.33208121408455
488,36,-140.6086890904532,25.056537095139603,-49.08081995251415,157.1956196413708,86.60856135089416
489,3,142.0150982520276,-31.244878901116575,46.65400338403062,236.56942119513184,-87.90572250232944
490,32,-124.75073858635007,74.32794391141891,-15.907699999202134,81.24046274629589,98.43322945768818
491,45,-95.80566049261797,-105.90779720720911,-99.42742470516436,215.55848197096446,5.813458813030994
492,48,-81.55998801746458,-115.55780201253394,-98.94730925128943,11.300927961306144,-10.688156414859723
493,54,10.904633364696458,-143.60521177811742,-72.23942893971513,197.00612923862633,-68.84788909578658
494,9,137.75484446075347,44.58266505505121,85.64351645018347,294.29705939944733,-50.886291039729414
495,55,35.62409865771424,-141.87311060189464,-60.194662186999615,274.3072968406633,-79.34094600037022
496,30,-104.46301748424027,103.45027910611942,9.110752242128438,28.177159978064598,99.10266988741401
497,39,-138.24106328410463,-27.065320868712593,-75.36499209164052,291.0038438426939,65.03937790862079
498,49,-61.56011088024673,-128.3708447137652,-96.69734436818733,148.30036211915285,-24.06218926336338
499,50,-65.40505885257996,-126.03841161266277,-96.8788632033911,39.63123870597223,-23.46380194326855
500,41,-136.80384784934824,-41.506171449882444,-83.20916500912529,173.9657794978365,55.440639899263985
501,61,99.69113630440512,-106.26141023162643,-12.443036594546516,225.50400737880955,-98.77446876706115
502,38,-142.70852512153277,-11.003607452977521,-69.6965548955838,129.82262530640762,71.54294718561546
503,27,-81.46956359152192,114.41418087647638,25.561100636728167,220.60307426530773,96.24265450857644
504,26,-56.87603965170069,132.86244588946755,45.78968354322434,96.8253137991244,88.36771132112557
505,16,78.2034442508176,119.6549306753683,98.95885100150545,132.05174162855013,10.570970971973303
506,33,-128.2804726481778,65.098877547621,-22.14001620469245,108.03741941465614,97.2804292748239
507,14,91.70844756329717,109.4331552318913,99.95875867176693,157.7706591249921,-0.41873054118846137
508,53,-11.090108764742489,-144.05521439059189,-82.2415931612578,222.14646999752932,-56.660212033447
509,62,92.79758818391802,-101.96760492340583,-13.612603848015674,10.820960939695217,-98.65927653184927
510,7,143.74901087026763,17.268365399322473,73.58296354156924,250.86551108738996,-67.21078681604104
511,19,33.74591893272846,140.38127974816666,89.96489014833351,79.24922766587417,42.80157367236478
512,46,-109.5107488286275,-92.77200947568346,-98.52758470405008,49.5125948569123,14.949694399823596
513,22,-13.240194377486308,142.8409739640226,70.79289163670734,135.65465861280035,70.61050057838105
514,52,-15.782298506996465,-142.4379901128712,-83.78077786298765,180.0055474467737,-54.37122802011816
515,61,98.87916781758281,-107.90471406107055,-13.420120545432788,248.51240776872328,-98.67823446847048
516,29,-94.99455739690666,101.39591229169505,12.491287483620413,257.9065911535587,98.76971647278573
517,56,42.88130321902746,-139.60899194450622,-55.89453192716284,254.9568034846069,-82.86997034298405
518,44,-117.47860057191299,-81.58342553105493,-95.93304925478479,143.08759000705442,26.581732230665395
519,0,117.72452614239936,-71.78919512748959,13.492421027419736,11.80335707436249,-98.67111349778472
520,21,1.1607309383838578,141.65981000536323,76.30500106265737,208.0607861390011,63.893973222124984
521,42,-135.2919920842499,-50.16739751935887,-86.80197978625861,92.53185488398883,48.718959698625675
522,50,-51.215722743498326,-132.20067831942944,-93.9738705028737,73.83530413444431,-33.04027809796766
523,18,49.44918681360971,133.04572046338362,93.49788982466073,241.3234812662227,34.609375884062615
524,57,39.45190622878067,-133.66712460605126,-54.50510748063218,31.09314168131676,-83.70921776346911
525,12,113.4354216839971,86.56900096978032,96.96168146528998,115.24315457442759,-23.190786761472342
526,13,99.55649885014078,102.7970180410278,99.38557783262995,216.41209179787717,-6.23833755321981
527,8,139.02119111920402,19.94076748181253,72.36704306606762,22.602448463105418,-68.6923907730109
528,57,43.2794558165374,-135.7327159853461,-53.81499651178136,140.6835159003083,-84.07808995207957
529,54,12.340415097126465,-144.29011709280823,-72.07229610633622,238.83511307337895,-69.05154112095016
530,25,-45.73397897036844,136.3946744426286,52.725502178190865,111.93743861561441,84.66043710702981
531,16,75.36391477719862,121.38286786496276,98.666434135467,145.96473387179807,13.539931425354414
532,10,126.75039602278262,67.18127581654299,92.35979690689817,142.9145426799705,-38.32102058516579
533,55,12.270060223809226,-140.013987217545,-70.1097604710332,69.1824335601472,-71.20383826422196
534,11,123.20938056463949,73.71280629122597,94.98323571032797,299.787960934117,-29.712847416696995
535,53,-9.110899450394081,-142.40744120844866,-80.6638506734606,145.63650045671517,-58.58269755786873
536,33,-128.75839960817345,56.051145579637755,-26.50970764060332,233.9665259624801,95.95489767846468
537,9,134.873812128261,43.98278817055091,83.6263962408824,75.1946003901457,-54.66005557094314
538,29,-103.57957207621699,90.81449797870904,3.1043318689769883,293.56950114065296,99.69425022309215
539,28,-88.97802643338076,115.79916990898043,22.575960675099527,54.02798459767099,97.1481869464449
540,21,-3.7376432408528872,140.7142425646013,73.79087144678796,232.18563713158485,66.95745020294527
541,44,-116.09045816671235,-82.95519899998969,-96.1301916474263,184.0176288865231,25.93184095146341
542,37,-144.72757474309842,9.178107971614038,-59.50521765300597,86.94712028215805,79.90675828891193
543,1,130.34536335944136,-60.9771412766117,25.5255702980323,186.72707280472488,-96.2534325205394
544,27,-69.58692036604751,125.85216685571613,36.471169130804064,119.17178321660546,92.93312093636746
545,7,144.56658909754134,13.318384422025241,72.13038189195274,271.70168671304987,-68.98076335912519
546,14,104.84583715384143,96.16040510926462,98.3609684776621,22.286477325722853,-16.641378582542796
547,46,-100.90073124153092,-100.95865783944524,-99.37757639489692,18.73038495607254,6.319577573747215
548,24,-30.16304455400547,139.05457877340066,61.31736620175415,163.1917180423503,78.41956698201244
549,7,141.2703582189049,30.596954644156103,79.7095715884843,261.2658365769552,-59.745490435232846
550,47,-75.41974367197885,-121.65229747834597,-98.77594969834038,212.75423622550085,-12.42800043585362
551,59,68.92211601355656,-128.4980823931914,-37.92753664479793,232.3462794375492,-92.4913366172631
552,56,27.867771514370528,-139.24529341115712,-62.45208094496382,135.08170984824346,-77.48833101734617
553,44,-122.54158680056153,-75.22639264910147,-94.78127395204282,77.21849669249198,30.378626012985542
554,26,-65.31850708700291,125.21414316052858,38.33471374724834,195.26646340774957,92.35247775549446
555,12,110.22733149893612,90.9772005429298,97.93590885259933,93.32071723122652,-19.979189932963607
556,25,-49.112755143796065,131.7607234514845,48.90609477233429,221.0699520324482,86.70195395371806
557,62,109.05745319972277,-96.63635708743699,-3.1260279152911545,234.62405655622118,-99.69211335061834
558,30,-104.26907969528354,100.85489594348924,7.586871782137235,88.97466741542995,99.2527589018434
559,63,122.20442603789283,-79.05361837065391,12.20887898448457,232.27969773150244,-98.7975312616846
560,7,141.10311614945783,33.80081803520516,81.35019526899957,282.5076576739908,-57.7463839262754
561,29,-91.93965177162856,101.78427393774909,13.87833198939714,297.8774380406609,98.63310461358323
562,47,-73.54868514346151,-122.81734252307575,-98.81087885708038,264.3581251341034,-12.073358474280631
563,46,-97.12021827517724,-104.39159327287365,-99.62175027146498,86.4731018609768,3.840436773489673
564,7,142.7225640225652,17.307498427416586,72.7858040060418,177.28133755944432,-68.18212889471314
565,28,-80.98352802335782,118.9771151779219,27.74285128333713,115.95266092678494,95.5808275901605
566,32,-122.10866984122507,75.51928622140866,-13.97424974598312,124.6028445515134,98.62365754609321
567,16,81.60076404848313,117.47316511888877,99.49785016117818,2.522334093202475,5.098416631473449
568,2,132.65480264604219,-41.48839925091551,36.948861671945664,34.47826156422902,-92.78821446736038
569,39,-140.3650111774004,-23.102992743453317,-74.70950568381998,194.98655744957082,65.8380907152015
570,40,-139.10710474745636,-35.7367226647328,-80.45640923654179,147.07123830577018,58.83546577747752
571,50,-65.72307132601755,-124.38561345651357,-96.87154599324182,2.4552870311064825,-23.4879235489789
572,46,-90.26968725115069,-110.9372836994562,-99.98422446864295,216.4563778195287,0.16017177587831546
573,23,-9.89702908849655,139.429542986895,70.65649563536151,276.29781086748164,70.75514448350131
574,40,-140.89372478390223,-32.01721813431757,-79.66897051758224,98.44256557810125,59.79496300232723
575,17,61.08560589473227,129.9341143143753,96.80632615875142,93.37693799506718,23.702924498791816
576,9,132.84346896267442,53.77478931527721,87.63651994468898,165.07618280576352,-47.157645685094835
577,21,9.371360048909912,143.7534484460617,80.93065151902265,115.85266968924958,58.257599661688836
578,49,-51.256363512555374,-135.0791709317652,-94.84031539335538,249.11632573285112,-30.183992492987972
579,17,65.60995168700506,127.2947579999275,97.55976519739872,132.86022878329845,21.219169208687255
580,29,-98.72090045686777,104.59584700838448,12.05742110114116,126.45888576847041,98.81244855016976
581,38,-140.4548739448572,-14.013685241887702,-69.71335201169997,247.10939002563418,71.52916215398206
582,16,72.77365711126515,121.98909475111142,98.30323734931392,235.51629373423225,17.22753299735779
583,49,-52.43267894934139,-133.19405291816472,-94.84770236468803,196.44868942183928,-30.159640915509
584,51,-31.387552134753477,-141.8867465249268,-89.91470493297392,281.0918242319046,-42.89546355797601
585,58,50.5929058201387,-129.21445851291514,-47.233327728360166,25.406337802470848,-87.5960670288568
586,2,131.54141471533467,-45.847128479763725,33.73544762492473,41.44668451394056,-93.76299310195816
587,22,-4.888660603936594,145.9380134854529,75.88054716328496,30.42697526370593,64.41117199419271
588,36,-141.3290519501425,23.640268514404642,-49.95674429833963,135.06310779768995,86.14036979173105
589,53,-3.3922018923551414,-145.35761945532767,-79.32112992355528,253.82459543543223,-60.21880815576334
590,25,-43.6084972654334,131.66741165301679,51.645230805409035,285.95093809887817,85.23785448417252
591,38,-145.41165173771927,-4.5064997650951035,-67.09646726724857,48.37787418872278,73.67678313449957
592,6,144.1995849810346,4.694798735250077,66.8939769893983,217.2269728026758,-73.84296254686541
593,42,-131.84669697336508,-59.305571948632874,-90.43837866185726,57.11099209592953,41.91573942707103
594,1,130.66556379114851,-59.3436393760507,26.4085670534349,175.20851806469113,-95.9855783445786
595,42,-127.21953989623374,-65.22311979766609,-91.93272100136123,140.52318182231656,39.120022993162955
596,33,-128.5828109136612,58.56540691395315,-25.63200523986557,199.8169493304972,96.22114582926477
597,48,-80.87889909368458,-116.89282047464805,-98.97345651652812,79.84000813689539,-10.422678580049844
598,52,-18.490840874124846,-141.37720427871565,-84.42764704618837,145.38351087863848,-53.16102152442103
599,40,-136.03968661782417,-41.4924343757381,-82.08317245420957,250.90967760956306,56.85324829787195
600,14,97.07299132183327,104.81188225360296,99.46738567597225,152.40589664836887,-5.407727968518903
601,18,47.035193170622186,136.3874004199648,93.94287727040947,64.30556336178904,33.14244907815556
602,63,121.1935098252683,-82.21823785472422,10.443244683868434,252.32533618956933,-98.9714309335944
603,44,-111.45914510342267,-88.87417109543973,-97.89071155801102,153.66014294107325,20.128185424003853
604,5,145.7999197851953,-15.780455850075,57.01975766701256,296.54495776343595,-81.94652179912156
605,11,125.30134112622756,71.50288553279707,93.98530185743797,256.7466024719508,-33.00259397766635
606,7,142.10722075390808,16.49572823613883,72.25950835702328,157.68536028022532,-68.82342224557985
607,5,139.75016299872087,-12.052711604135443,55.69474583414304,61.14474797954512,-83.03393048906793
608,3,141.11241401785807,-27.772794389900895,48.020479466368954,190.40871536352384,-87.17532544167216
609,50,-48.7901118928034,-133.50627923596275,-93.57055047595077,104.36714864998955,-34.36984585208012
610,57,49.284369337781186,-137.16523165180644,-51.47206250306612,259.7837903243515,-85.33041491802499
611,51,-36.03872410283068,-137.6274118928786,-90.03924515530515,106.97348722048484,-42.66246531048635
612,0,116.94762329565647,-75.34574380082177,11.546434195365391,50.051967701964585,-98.86277633052248
613,11,121.20813783284282,76.91672136577937,95.02773562673383,201.34624022228104,-29.566150873097804
614,52,-38.19755245140767,-135.95830857770386,-90.31438302322802,64.05342675856217,-42.14771883064178
615,55,35.45762029191176,-142.36617363104872,-60.60542603529005,299.9023563742584,-79.00384095189719
616,55,27.680949989484226,-142.75955608493248,-64.04808783623943,243.58450547810259,-76.1785225162184
617,48,-78.76859374275058,-118.52001398601234,-98.886239001018,122.40673099747993,-11.308213528494603
618,17,68.16279961017688,124.93544603824776,97.75693598041123,219.81662721952586,20.569184338988165
619,17,48.873807655241535,132.3238759929943,93.03919819772531,288.4646981258017,36.12147931445158
620,24,-35.48702016497141,140.50708474967965,59.69153572114552,76.52591930333351,79.75385106094384
621,52,-32.811493959287574,-136.52254658170315,-88.26193879821919,24.157209954859255,-45.987569912851995
622,14,96.95859100897641,104.85425470957226,99.6518337961631,231.11120860374925,-3.5349933962417617
623,17,57.20296418410348,131.7835380280874,95.65306674381051,128.98863067581644,27.504710742659746
624,14,101.33630421805864,100.45674348016352,98.77692011681837,40.596563762347614,-12.418147604437351
625,34,-138.58777742169815,51.09972344768809,-34.22993292624045,5.388403213748172,93.61299260411006
626,41,-134.29187205220103,-50.49518513822777,-86.56410148297827,134.18516519506926,49.16399847198452
627,16,78.47849945173628,119.85473297575717,98.97174278243664,115.91001290560534,10.440078427104439
628,55,22.946026829535842,-140.9889255924529,-65.37824155051723,146.67580159131043,-75.08689399488085
629,58,50.4783596593309,-132.70389286799175,-48.307701396345266,118.38104886563072,-87.02180204223437
630,60,81.19850069357281,-114.36344743387905,-25.60184245108492,71.80387892676602,-96.23029561252737
631,12,117.27908055826889,82.24442363380129,95.55226503873781,84.38209864149132,-27.837009383138195
632,63,115.12532272183597,-82.64443565232395,6.856708878459977,122.06364922739982,-99.3246736179009
633,15,76.58615328921115,119.54465956272321,98.49939621796695,285.28499154201796,15.235897112941124
634,2,128.57768145845256,-58.469549006233095,26.06946479172727,86.55762256229352,-96.08844390588492
635,27,-73.39397907074408,123.26067686426151,33.256483674361206,133.67697979735487,93.90828524885244
636,55,19.93463931866554,-140.31770218814233,-66.38348059671965,103.79538735651377,-74.26191594774397
637,9,137.4159962430878,45.751901340258875,85.86013042608192,266.38483943207285,-50.48103500419843
638,10,130.46492703155346,60.98602482123147,91.09551247118065,247.21293740260703,-40.68632917653106
639,51,-38.01632141295532,-136.5430755581164,-90.399637626648,82.06248097807861,-41.988218768610025
640,6,141.91883721283236,-0.8969572665336936,62.47645645678023,100.7368640906711,-77.46832655948889
641,5,138.38426969818104,-11.829370215773165,55.65557014888539,18.287836354707082,-83.06608113069014
642,63,117.56522838602474,-86.42291599056878,6.342665553365729,235.3655485821406,-99.37530242905964
643,38,-145.31013697096512,8.361323579868806,-59.7922182297858,66.49668549956684,79.67122309332493
644,2,135.76909540999435,-42.374679717919754,37.80378460435044,143.1022065575483,-92.52887639372855
645,20,12.952664981089123,144.94112845855045,83.7384158500382,25.691560868716756,54.450481731028574
646,42,-130.9477704936939,-61.50926006500664,-91.44022513525027,36.26051908526457,40.041417475618154
647,45,-97.80054284215747,-104.11732496481419,-99.24260449900999,231.41055679660292,7.689971240279088
648,15,87.83477474351771,112.82019144900765,99.70578037359319,146.772691610832,2.987264200060138
649,25,-45.10025531447177,135.44398067181038,52.90669302501843,147.27850826694726,84.56358853159452
650,17,65.63690805293461,126.05267938602925,96.87046145694211,255.6713109881161,23.49149878550576
651,55,36.434708161202614,-141.62467085041737,-59.66890925606689,280.9102727750272,-79.77242011379222
652,39,-139.51969394371966,-25.664884755026524,-75.12672088942207,237.29963467275797,65.32971232041132
653,21,8.471316400817757,140.4916692337334,79.23617661696537,255.5297800880445,60.32232409922946
654,27,-64.84692107906493,121.27111511177844,36.65393203149782,298.87743927471865,92.87768040857162
655,39,-141.19110474678783,-20.646020330908165,-73.29215640441211,187.7730163832694,67.56513647443404
656,29,-103.44402173658351,94.76745192428798,5.183130470578758,234.00666393002766,99.4895065824306
657,12,118.15574515086082,81.06829172852207,95.6538187614512,149.45076720695786,-27.502231673090076
658,37,-141.42716360886286,-5.234673639169357,-65.23757682258392,232.4554056958845,75.20233450924391
659,58,55.68517118602138,-126.76479040911923,-43.59151413307564,21.14045597509137,-89.54265795703884
660,40,-141.49823765705517,-26.410776030235027,-76.91847516380926,115.05227379694603,63.146452579058085
661,15,78.57513434281357,118.90784197160151,98.80970098695946,203.3114277518362,12.085317599127377
662,6,143.04750118968994,3.4843653183162844,65.5165509924515,160.41360316732178,-74.9733864130389
663,20,15.400147114523193,144.34943389010039,84.31374116460908,33.65257236408999,53.37412433000418
664,41,-134.35157768245017,-49.94491103259366,-86.55345673377566,127.08492931771647,49.18391338672249
665,51,-28.318020737947176,-140.303613920332,-87.81153170054941,167.46850230682276,-46.83022188865171
666,16,72.66922034758308,124.05179072262132,98.71687219367433,26.947492512496055,13.027824848905311
667,51,-16.408218586280316,-144.31894582817108,-84.82027989208714,279.97205162486193,-52.42645751538969
668,17,68.62660470135978,123.97520159634846,97.50961210479358,276.0529754873399,21.384501774008978
669,34,-132.64676517353308,55.369520812387826,-29.25515427283534,110.43643495638415,95.12207542762238
670,42,-131.71570486694455,-58.76753171370034,-89.8211160727241,93.44388211949725,43.07055590978476
671,0,106.97210516065236,-85.64490553818496,1.4439898016483803,3.5076588615564757,-99.85777952282638
672,11,125.26768659188957,70.07258109939623,93.46448578629793,213.4548444476618,-34.71949422508122
673,43,-122.55399529654304,-72.61734218355726,-93.18795432030821,243.89356118002917,35.631096168040585
674,39,-137.72700431555194,-28.21961559304429,-75.98681300804735,283.69211152184516,64.28168663782043
675,2,136.85956936126493,-44.1851561255236,37.40186957859959,175.2606071061471,-92.65079600143952
676,49,-61.01321233984583,-130.3751083430943,-97.14454041402632,267.51834178326885,-22.58798167974703
677,7,141.77401928274512,23.929653323638473,76.0665760751002,200.95220680996908,-64.18449502196512
678,25,-48.12896645818433,130.49929201994996,48.802233011004006,265.19433795731965,86.75746925045162
679,36,-140.68304931503172,14.14150284912598,-54.80006883870329,214.59807665871242,83.5515575513899
680,23,-23.238591403981474,136.03344280358334,63.38109892582489,298.70759503553774,76.72590595785294
681,37,-142.7098340387337,15.178982844750879,-55.63709596631725,124.19884235412536,83.08124249466134
682,6,142.0242412157243,4.697835789537871,65.2460276068791,91.23938805941015,-75.1953991324786
683,61,94.47802194038357,-109.7997640703927,-16.640550204564967,199.60394001210204,-98.36105006571152
684,32,-116.49638114211226,91.17789694986514,-3.1027831356058817,17.0402171147213,99.69440275990287
685,8,135.67471809142972,32.55068938520266,77.75056310621915,4.131349688706195,-62.13255009706162
686,27,-72.59390603489356,124.23185362563854,34.23332304534127,114.51418379208046,93.61196422257571
687,3,142.5766590741884,-34.42399635242719,44.88329618815078,285.3825518409071,-88.85218570638506
688,20,19.450269430280642,140.73766417332996,84.35104837110255,192.425050202557,53.30432749193054
689,49,-47.25943454971652,-135.98546751777477,-93.94449475338936,240.61414740628848,-33.137116952128274
690,37,-142.1810194812878,1.5736690078711013,-61.79535533978584,207.22054631163388,78.02729158529391
691,62,98.6904024600807,-100.06188317395336,-9.71984970635263,77.7310155737317,-99.04267906759775
692,7,140.21327730383393,16.419347037587862,71.20926565826889,77.3445060234604,-70.10314716970473
693,37,-141.93205726226302,1.7362945617227699,-61.798035965952494,196.02654070937217,78.02509165310025
694,41,-131.15680570570612,-57.01818420986812,-88.53538018610004,176.6893404911441,45.47599732228825
695,2,135.41175486860797,-41.723286239695625,38.13663449830241,113.61532484789544,-92.42790746771874
696,12,111.62710291450732,89.59743843901474,97.79467989374822,131.59853564416156,-20.444759349557938
697,22,-4.439653195389583,143.21294491894076,74.82311833459299,142.08958325735315,65.69965324635497
698,8,138.5005414224158,27.18593612679933,75.78724428852631,46.306867006810506,-64.52486191982872
699,41,-133.27872936923157,-52.24451060996664,-86.72117517763549,186.22761410944247,48.87013441026382
700,60,82.09040795464269,-116.00487465222072,-25.78345437708525,128.86527148794934,-96.17520422913798
701,4,136.9232486426929,-28.858750344894457,44.94219030072354,54.917897831917024,-88.82070613109711
702,6,141.63861410149167,13.324490977292184,70.12632106751806,101.91650875596949,-71.19024733915882
703,18,50.55526339431207,132.8629473373866,93.84019507933866,222.82269755559904,33.480946849295165
704,33,-129.67244867484604,60.96445779422126,-25.21924577011736,127.2745632385445,96.34635506357164
705,26,-62.26363671027784,125.69525762963741,40.05240872237879,225.60551100372496,91.4343501884212
706,50,-43.498028224235256,-137.4777517654335,-93.0696502103281,229.72306407048163,-36.021092496783695
707,59,73.04066713138923,-126.42809969550449,-35.13895936757211,243.00508095297957,-93.33724240811026
708,9,134.7373231701225,48.983654713519236,86.21988040579765,176.04620878674717,-49.80799047899064
709,40,-141.1911692399375,-24.646168420231056,-76.05856029388136,124.40520077094595,64.1942622834031
710,59,78.0527425538944,-123.51667483224855,-31.36636403305048,255.8897031846727,-94.48164685623428
711,21,12.512421595634583,144.05104762179792,82.75887908894681,83.93568754632622,56.02989706401392
712,38,-144.00874942476878,-6.13934616022109,-67.37175176053888,106.27099324633734,73.45086307644009
713,44,-114.74741642417352,-85.4713133131148,-97.28174031657042,99.17284496774485,22.13569427988312
714,33,-126.70697096371016,55.624513371105344,-26.473241222978842,288.5399727056696,95.96595964690712
715,61,90.34744583542013,-106.36879302876143,-17.101589738293054,47.565907231287746,-98.31564166849992
716,0,115.92152437930241,-79.00445051540365,9.09575116606712,73.9574942168941,-99.10414736335818
717,17,59.2789721543546,129.15857982575605,95.61960649102166,237.75505753465097,27.615014397779326
718,28,-83.30814506493113,120.50621765907515,27.518453870540917,43.46538756443636,95.64889781094502
719,21,9.58921043722795,140.87938800026868,79.69155953244521,246.7813872304706,59.767438197474185
720,25,-57.7992647480929,127.65373378234898,42.813565876177535,237.75776148389846,89.95848017853685
721,60,87.20386157903853,-114.42205129722304,-22.660435191340934,174.97593330276368,-97.1225618784035
722,36,-143.78040927866354,22.995990135244874,-51.5631605475274,54.06046135857592,85.28172197362139
723,50,-54.468721713625925,-131.1206483118476,-94.69398436630831,81.81882057233588,-30.666381171954168
724,52,-28.852551999156745,-138.28574958051433,-87.18161549919958,64.42466426984464,-48.00871160251691
725,56,24.197529668908476,-137.89994298699216,-63.566136404959025,63.11619762359938,-76.57404968171656
726,4,135.99216447022016,-23.91751390794942,47.81873697599347,12.452675018903165,-87.28315910512552
727,22,-7.05629201711019,146.04490851914585,75.20154237696738,9.57029548507491,65.23854203892739
728,41,-137.49530927123004,-44.658367765837944,-84.90434169773681,71.88179117954972,52.26918901987431
729,19,32.12562598406771,138.66432371662808,88.65324574863293,186.37900622963426,45.25548647851839
730,36,-140.92628251175617,24.60223858105687,-49.33706180603212,142.38384972067374,86.47159715587757
731,35,-138.84424017847311,35.080213570424114,-43.187142341855576,120.0101780912224,89.75879929426183
732,42,-127.5892650926501,-63.76925891660734,-90.8304316443406,200.6967354144864,41.18226026562585
733,33,-126.6933026334011,61.49311411809716,-23.179794264140753,213.97281754731625,96.9650160033803
734,15,81.59402730580236,116.71911101416605,98.98710086679579,237.40278887115255,10.284145064847458
735,1,128.44370168812404,-60.42936042011431,24.785881853440525,133.03566862343024,-96.47781458942197
736,54,-2.209310691971122,-141.34415101327215,-76.94560914849062,87.47723608090978,-63.11338971032427
737,46,-99.92585350627185,-101.60039512647093,-99.19691742018803,134.2772136159112,8.153840277966877
738,42,-132.87303632181738,-55.465356535873674,-88.71972107067603,99.893085476602,45.13111996264567
739,52,-20.26459944166204,-141.28845795720298,-85.15120864759459,163.83756503495783,-51.80733368026372
740,50,-58.3574499936866,-129.09868813231571,-95.53835407818626,75.18647560737864,-27.882867667734605
741,12,112.80486446412708,87.68302568307581,97.47482959815486,157.56738635081322,-21.49916431528392
742,15,78.91834831424576,118.86441628948005,98.89013272628362,194.13829589811087,11.268679843291823
743,34,-130.9553430772124,63.424192401359086,-24.35428317534486,58.60039647306616,96.60873863592583
744,25,-51.60614628474889,128.50909953746643,46.29657669360897,282.85349027427327,88.09677114742368
745,12,116.20085931607277,82.547467426938,95.64454666433039,56.79734916045523,-27.532797676566023
746,14,90.71840213956128,110.80424840663579,99.74788005795858,11.395597886719244,-2.559818616383435
747,18,60.618406953839056,130.59693622720107,97.21600120261903,9.36735227214028,22.352407064419374
748,30,-110.55732594553675,92.14582934714676,0.17249048860179986,105.29691587683061,99.98301118223353
749,52,-34.59629764127069,-136.9330195549797,-89.01963908356092,54.43148143122359,-44.57001311632179
750,29,-91.8368783272179,105.62720026583587,15.73791563728418,245.68927757433207,98.44995174543635
751,9,133.4582014512911,51.52897113435179,86.70027664829111,146.66831223770896,-48.90923278845204
752,50,-46.20116998441299,-135.28767487052036,-93.45015942848602,182.69974875995354,-34.76672189072901
753,38,-146.16907096477982,1.169072153116749,-64.37838171893024,18.997587337185582,75.90745743637206
754,57,45.15919504005463,-135.49994800354085,-52.587096435266005,149.51248990090102,-84.73441655615225
755,33,-131.57771475803983,52.091392056998394,-30.350469683220645,189.3381480132438,94.78981508252954
756,48,-76.16445812751101,-119.95046742811863,-98.5302479671727,51.039407526625936,-14.922653815622388
757,4,142.76447584040903,-21.83656662730512,52.22687912536463,216.8309454463813,-84.92695681920583
758,13,106.43428086629429,95.71391604720083,98.77024013229484,235.58104076421392,-12.485970675480422
759,45,-101.54353341814306,-100.23263689331553,-98.89583114454065,205.97251464416348,11.210822789144615
760,36,-140.0570238636047,12.592467537934121,-55.33413343951948,245.31041308041716,83.26609392734335
761,2,138.2602087243951,-46.05107238873444,37.01447067596382,244.56607568905895,-92.76831219071057
762,59,65.79132499455325,-125.3368425870686,-37.971714698016015,101.45042723015058,-92.47793534940126
763,2,132.17117562907475,-42.70415249124406,35.76428902087622,26.82159997489998,-93.14755070430185
764,16,79.11219529822877,119.08487667047505,99.27437927197411,13.111643570224496,7.367356318562489
765,15,91.00484954402198,109.64077542234227,99.96559675306622,178.63748388318479,0.3493022854601452
766,50,-46.02894908423933,-136.14242302036126,-93.51805037446174,209.07820910584343,-34.54291546769033
767,27,-70.6990346713832,120.53656844085327,33.269694944537775,246.9653995469609,93.904277653281
768,46,-106.08860053312593,-95.64828547459905,-98.87478887277996,15.914242658570533,11.424468717141687
769,48,-77.15888594454212,-119.45523628246028,-98.7446531995404,100.5501677445553,-12.745759354910852
770,13,110.66411692777221,91.32231614348832,98.25647337720936,193.15336748760356,-17.702335924091937
771,24,-29.912011337443317,140.21354063899062,61.6746348459621,135.0059402602152,78.12636429602907
772,26,-69.00957264929671,130.29447617159508,39.22484940205296,0.008441318170381818,91.87669008949814
773,50,-56.09591470763452,-128.7506986905337,-94.79326679827446,10.059046306072865,-30.339090902985483
774,22,-0.49702629835960244,142.75140523960752,76.27436903537313,162.81278109664103,63.931298469745
775,35,-136.08401474177955,39.39924580758397,-39.53373797353174,187.72996608128068,91.71158562291087
776,25,-52.612239325457516,127.69758430151434,45.487566538666854,288.9182130622035,88.5291963079142
777,8,139.8042391865818,28.294163007815314,77.22830457319961,130.5106799214234,-62.76892420595538
778,16,78.00372423890367,119.94971430436512,98.980635417483,104.85849381111125,10.349789921736374
779,8,135.242852290872,36.636536375371065,79.84527347962246,15.847413706271043,-59.580137138755404
780,3,140.61242007011913,-38.81096044921108,41.93180124345446,236.81754637872075,-90.42979343769788
781,38,-145.47808762167867,-3.4410691369172333,-66.28098744100396,59.74406348955121,74.34602987444293
782,4,141.30027563923164,-21.568830597558705,51.315508305709955,146.41384271268254,-85.41409492315677
783,16,77.60635272334791,119.69140143595638,98.81181721729658,176.9225252093816,12.06383113609842
784,45,-106.43569794278258,-95.15176531902644,-98.29174444889259,253.04910969874476,17.34422245958982
785,27,-77.76069769938785,116.01043962407005,27.874437938647233,247.84899527876067,95.5409112089169
786,13,107.00069767390774,95.06782255480108,98.48125543843798,136.2317190145847,-15.42008367421794
787,43,-121.59181803542371,-75.55454933455208,-94.44818575124643,137.18417518526323,31.47667049749326
788,51,-45.02848324615547,-133.9030265796073,-92.38680931584209,51.93734854846704,-38.27048394867521
789,30,-106.37862615888433,94.40811745351358,3.2182889016456415,164.26042204006248,99.68302644329472
790,48,-72.55091048379322,-122.45276307431045,-98.24566996225701,43.98890645834917,-17.812024917717775
791,37,-138.80707518529624,3.85732511570778,-59.495868031212524,289.4755856931154,79.9144313222643
792,28,-80.26120528425528,123.24694631415109,30.25270616032517,22.1107428668948,94.81947132724842
793,5,145.4932207055896,-7.926013307697422,60.69365300561762,270.28247597844563,-78.93143497646219
794,28,-83.92578053781156,114.98234409596056,24.157805892861152,168.9891753639302,96.66833937655448
795,54,3.0662577832788833,-138.774572731966,-73.8884605184455,1.4415541077156253,-66.83853752926471
796,10,122.81328676074904,68.45722821406606,92.00538046864463,11.619818831148509,-38.9840867612881
797,1,122.50234581695243,-63.527303573289004,20.43372362027589,23.057036706953518,-97.7980275461092
798,47,-68.10963116845333,-125.90097973443024,-98.4550738646962,297.0078122909839,-15.685909849362053
799,50,-58.58430002462105,-129.00933141772447,-95.53315080038081,69.38940625714547,-27.900020573427426
800,36,-141.87044503819325,37.792294698979674,-42.76945118130814,22.04200425984488,89.98205998639507
801,19,34.85170595877494,137.41287851884334,89.30656318655534,215.05833696455431,44.03321615298868
802,56,34.574230229344685,-135.64919785887528,-57.8481448076535,58.92290863763993,-81.26668230408703
803,33,-127.04757950507887,64.46470214672944,-22.123546400884777,156.58308892906018,97.28542533590812
804,12,115.8592854338476,84.67558018947243,97.13964246859025,236.71568078411715,-22.604128039656008
805,39,-137.76881812506284,-32.48983719173125,-78.1618374871645,243.6686730871396,61.631410620849095
806,29,-95.0117640553368,104.55314564429786,14.205615388706434,206.9085779315543,98.60087003604839
807,2,129.85567487409205,-54.5060265708294,28.60995307007807,81.00321876548662,-95.31779510092362
808,50,-60.02271296060308,-128.6319313431784,-95.98598583058686,90.18658420334746,-26.407223752282846
809,18,44.28919023800286,137.51256062553156,93.13877107233859,81.72270057969745,35.79323158452817
810,22,-8.036945925746691,139.7050006238617,71.66877339459798,269.8798588893207,69.54323515726611
811,29,-100.40346421795688,98.58799758777867,8.338115207504833,223.11247504749704,99.17876793715143
812,43,-126.26206459085618,-66.42635257105259,-92.39894546218395,149.97274602303824,38.23210942164625
813,29,-97.74016340819581,105.9550401775736,13.225321509955995,107.67298350029861,98.69742048470607
814,28,-75.7873534947023,124.61594619617965,32.84476693541289,60.52195693817917,94.03317817418372
815,40,-144.38645199337432,-21.407836056171288,-75.9085900034647,20.87654662935715,64.37700168140329
816,20,18.881904900327516,144.59247040533648,85.74135451894675,9.092507235551968,50.70324898204794
817,5,144.07729516196719,-0.8371042272853322,63.67957809052782,183.14402009739325,-76.48095053223764
818,53,-16.650473720425953,-139.1843443814487,-82.87686183531576,15.992782393731332,-55.88613461622532
819,42,-134.43645472696528,-53.32777627171474,-88.13144811734008,58.91646284279797,46.23170067951866
820,22,0.2756399464831413,145.03776027290473,77.68651911187595,61.86582662705217,62.21058796002292
821,17,62.68226923564242,126.67073867285409,96.07580997013969,294.95168838045123,26.111113290321647
822,9,136.10043944830085,46.67608377993433,85.517625193658,200.76281562412245,-51.12181689310943
823,29,-100.05166291337056,99.62548857327516,9.148703500281599,207.06981448220625,99.09893201749435
824,39,-141.6214172672601,-21.028074089095423,-74.40912095856199,135.09648242479315,66.20411070295766
825,34,-135.37909692250864,48.54169348233887,-34.21455428028868,110.3591295096094,93.61765766602971
826,5,144.486061887208,-3.711122740600362,62.23832907170703,214.79232639618948,-77.66375257865282
827,32,-121.31535835879923,77.46691529014328,-12.499775953148081,100.62090135453685,98.76888043212581
828,8,139.11832492672045,24.49934235341554,74.58657772967781,51.1820304805524,-65.98787891841776
829,45,-92.93122837523924,-108.53324164252122,-99.63923603272332,244.2412037614933,3.662900729223194
830,23,-19.020009818611374,138.74972352137954,66.05791803403235,240.10752900061175,74.52909813510655
831,8,140.58812346954153,30.99677477960292,79.17807326354465,198.46340569899468,-60.393123267494
832,51,-30.193358041848484,-140.24137586698956,-88.63079401712761,190.43832926240464,-45.29749069206423
833,25,-52.602426553381214,131.00656639439654,46.77695294525112,200.60226060793292,87.84000455871869
834,17,60.217469634634824,128.6842032655237,95.87776460010534,226.20821650453257,26.763981286631854
835,29,-94.30848057748261,106.3747803682296,14.9283540324304,175.07229959750424,98.52968654523363
836,9,133.345645839931,47.307623066154484,84.68112386252885,61.99418775986989,-52.6868000007955
837,61,96.7631205467932,-105.30064576521546,-13.355668181772042,149.11463587768512,-98.68458246753829
838,22,-7.055232353645927,141.14118890346847,72.6897792462581,212.12666578677945,68.29913544812602
839,20,19.38964107790395,141.49373959742937,84.77034349426137,151.64909586413577,52.519881896377306
840,35,-138.36214554670812,18.779748239217188,-50.892920920590385,269.5351660227472,85.63997270320102
841,9,134.3389580905106,52.886298937918625,88.53629582324588,286.85466577451444,-45.474284286561115
842,34,-133.68067061154042,55.35510910599444,-29.891044160940453,89.80405427475505,94.92918031114765
843,16,67.68040923204998,126.66448526633114,98.34040486669515,8.195323129013124,16.850164582361103
844,37,-143.3918569258322,14.60985222544722,-55.93884893588183,106.77257773111904,82.8336003278657
845,22,-3.3037393470174967,144.2361100571198,75.82479783312402,93.84442114063104,64.47910277571096
846,6,142.61642830204354,0.2825374612671806,63.45344757721027,143.23254598364173,-76.66653097698808
847,1,130.43120207233423,-58.08823463967451,26.842076107596448,145.0392530034287,-95.85407479174725
848,19,37.74037762530827,139.08416995894325,91.23676003090328,92.72788726577525,40.42207371543167
849,53,7.230514058742025,-145.9427742861053,-74.81334962507337,275.08030426206693,-65.71155645793036
850,14,104.61061274621163,97.22634903785413,98.55021632585637,73.09991978915485,-14.719911518114323
851,34,-135.7131726885504,42.64600056885813,-37.78755423945181,161.87000557205536,92.5337998218033
852,28,-78.93247444818404,120.0560838676908,29.09261032455458,130.30378430730357,95.17138260237446
853,12,117.33723308142598,78.58483476677645,94.4157907419147,1.5991741065125842,-31.583462516055352
854,5,144.3058144391886,-12.930648957372629,57.577685661080764,227.69352163939644,-81.48864230396246
855,8,137.72106943266706,39.34475492179835,82.55199919408992,159.1834266959167,-56.28198104237693
856,39,-139.46041794974298,-23.44930894364509,-73.98875264219778,251.15268519723412,66.71633117580812
857,63,119.10375724007768,-81.34094745098952,9.59508156140181,192.20682361873054,-99.05496764823087
858,26,-58.03067025874133,132.79140580197074,45.4245604974257,84.20713198630821,88.562873756002
859,8,133.80711464656693,41.86272514655322,81.75837224872308,4.817655433017325,-57.24901864582575
860,50,-58.549625975789034,-128.63965521915406,-95.33346783008732,44.94048195166404,-28.558287013537438
861,51,-36.386961349380385,-138.53374467357278,-90.65926214275297,184.8948347274018,-41.50249571363656
862,0,119.04216510032519,-78.23106440555084,11.036477764736217,137.24717455550203,-98.91300261800664
863,3,138.98602195804904,-38.49850394952921,41.653639739778875,213.26170538796518,-90.57847393587754
864,44,-126.83485054173859,-68.8471474117374,-93.5816469996876,30.1301148053579,34.3332655209326
865,13,99.51737006157904,102.35362483250206,99.50593489188613,273.152943106279,-5.016330922556076
866,61,109.9374187239032,-97.6790559829473,-3.2110740854677973,262.8896270605371,-99.68373704014131
867,59,66.6804311943015,-126.40547684521204,-38.13957716465616,148.92583302433331,-92.42701481951083
868,39,-138.66353512270405,-31.556203085069075,-77.93545125148647,224.02673286818475,61.90726315342999
869,14,103.5334586691566,98.64040590156593,98.71426946232637,88.04485652965637,-13.054250843231792
870,57,47.94208468438814,-134.63703401321447,-50.82771411243764,162.3546129791302,-85.67482648631892
871,0,116.05018515466811,-78.73952830552611,9.314492369890814,65.84795545883019,-99.08260325110072
872,41,-125.40252786726263,-65.10065118925523,-90.345311822681,298.0153396143552,42.0898551466479
873,20,35.43857797687572,140.7210077401731,91.2543497482128,17.25647364310837,40.38916568595944
874,55,27.288597962256887,-142.3819810361965,-64.05537955993127,226.7218884654975,-76.17253835554109
875,21,7.3322209136532415,141.14511380370598,78.94257218323979,222.58464439300747,60.68008227466625
876,56,35.64303819670478,-139.91656191266185,-59.15420207132599,202.8619619059587,-80.1948292210777
877,35,-139.412474802761,44.2960633632095,-38.43171103231099,48.97547007061597,92.30063159966546
878,8,138.0659288111187,25.094848476507348,74.73142170489683,32.23262913605142,-65.81138595596545
879,19,25.685857742095905,138.06976950207797,85.46489484395332,297.8069774060739,51.22046838770876
880,54,11.622745030993212,-144.56903136650996,-72.30277364797412,228.92101586720472,-68.77070331571252
881,36,-143.03521520705468,32.901603221049676,-46.27454568662642,0.10461951744813532,88.10854697208052
882,22,-12.862359827836993,144.94085540702955,72.18417602988687,34.39207913684399,68.91521498714627
883,59,80.416618806643,-120.93156518025731,-28.78528064655122,219.58487186296645,-95.26461005439646
884,53,11.185440758782267,-145.7731772766171,-73.18709550647971,294.2368186074681,-67.69315359828029
885,20,21.647280625245198,143.53726937063843,86.6397766440629,2.675842621424436,49.022420276754374
886,7,144.0198898707305,19.086124948327946,74.87909476046701,275.9056053303339,-65.63144574780307
887,23,-20.255436721438866,143.51873325445308,67.74524731413379,80.09834718231524,73.1443433152121
888,47,-70.02274246847635,-125.43210394499138,-98.46996126510405,256.235803635357,-15.534755424983832
889,61,104.50205792084212,-100.56801672684543,-7.190062360162183,203.45424531069068,-99.29184118987331
890,32,-123.88837345639404,73.10027807426312,-16.09674888416313,118.50391861073925,98.41460978142896
891,37,-141.52619501502826,-0.7637530117442137,-62.78133005252567,222.91803046418465,77.21812336195907
892,9,137.05908677822632,41.80241032714749,83.3053825761105,133.6888395045236,-55.26062958560283
893,32,-124.65349950053242,73.70759641542436,-15.99256529123111,89.06203548949864,98.42487096214059
894,23,-17.422670915644616,143.69697984681895,69.2007205631318,86.73262871637148,71.9498677492714
895,17,65.21664867946578,128.02143630011275,98.04084787836666,46.16907557611935,19.633252375950384
896,16,81.96225971379316,117.15403696378961,99.44386716458395,59.194243805046895,5.6465155979066095
897,5,141.6114569625495,-8.265861765970708,58.427974794100265,100.78819619748063,-80.79082831523003
898,9,137.41986349853806,43.07868671293227,84.20064157390664,194.3178947088504,-53.585718672235075
899,48,-85.13824073521015,-113.81048065105293,-99.34578865550768,86.02204454788377,-6.642324145884447
900,2,127.45045259898335,-53.838759568658986,27.561457266437554,25.836796640654075,-95.63585287153734
901,1,124.16296154975619,-65.7393888709594,19.940023291337052,72.82812653621963,-97.94778992515576
902,30,-111.60090897139963,96.11906492518372,1.8925398084506242,35.09323286005574,99.81360123574234
903,26,-57.770563934256266,131.20601085843742,44.510710726040905,135.0726019007967,89.05133688794325
904,35,-138.76711719133166,35.149402960329176,-43.01995264575491,128.1088926008899,89.84816409484813
905,19,38.61033688927552,137.5601329378698,91.08711612634752,163.6274709508194,40.70203762473211
906,36,-142.42219563909765,15.992841204612144,-54.77312119119712,142.0348831168913,83.56596137651684
907,23,-18.49601673435853,141.08239753018063,67.4706925444842,176.34855297195912,73.36966450478715
908,52,-32.93553807109446,-137.50942494698614,-88.5376922947786,71.5254487422858,-45.47167167343339
909,16,70.97122076635729,124.73279192107992,98.4298589148359,89.8997491668194,15.941921720303315
910,12,121.21654811581446,76.30174777449866,94.17267249592723,88.00540512162479,-32.38491585019163
911,50,-69.97799223181254,-122.707994371628,-97.81092013888323,8.420098148858823,-20.39122244385272
912,60,84.65405378890597,-117.35781641259473,-25.169341363410396,200.7472027404116,-96.36149340202364
913,10,130.86276702364782,60.04756753437923,90.31329491298561,202.6523045695761,-42.14975454067031
914,2,126.28304396743049,-54.09350185377793,27.133899006801634,2.8295281579926126,-95.76555127032452
915,43,-124.37313881708513,-70.13882234639371,-92.91303912790518,197.57657206628082,36.537369971807216
916,19,31.132263391580143,140.57287408309418,88.75486203531041,125.48098188845425,45.06537587594306
917,63,111.79566584478397,-88.1331238797689,2.613788217635204,137.54431453369517,-99.74256452011052
918,37,-138.75853472853498,-13.00485713315601,-68.75965603349626,295.4375543890241,72.31183991469284
919,52,-21.56672122928478,-138.633813231311,-84.50598160421754,36.29247955422116,-53.014467950025356
920,5,144.7430706179134,-15.942525606381624,56.17033278154876,257.19314928135645,-82.64362651848825
921,58,52.71351076710734,-131.65087418407634,-46.964939942645294,112.10999344581505,-87.73952336324578
922,40,-141.41367434961134,-29.431598469747286,-78.55697806970483,80.16965092461172,61.1499302424472
923,33,-124.58116241038732,60.30646131920958,-22.874863989764734,280.25104357713326,97.05751560416451
924,36,-140.89398379636063,35.46650742454781,-44.015565620947186,55.51801778567576,89.31599759736483
925,11,121.02378860274021,77.11057283150781,95.15420165648392,219.8158592470108,-29.149248304610985
926,33,-125.71963284783125,59.54118810170502,-23.788312321314898,263.1472636859224,96.78042404223845
927,52,-14.303584267961536,-143.78197593774223,-83.56391868672938,228.86314620154943,-54.77694279301969
928,53,-10.422410633476755,-141.80629988448982,-80.7896736505321,130.56672571880728,-58.42938175764753
929,8,136.21839147185403,38.892196738871554,81.28170419482628,66.93521077121989,-57.82984057377564
930,51,-27.896099489875237,-140.9932830325967,-88.01747929968485,213.45953068132496,-46.44492123015739
931,47,-84.72582587393038,-114.38484796015123,-99.45508120220248,149.98741733249568,-5.532657479312973
932,24,-36.44097605799935,142.01716159911376,60.09631214823658,6.5185608231228045,79.42165976016805
933,33,-129.1061351079553,63.43355882229183,-23.365411074050247,113.1244174899264,96.90870975156388
934,40,-139.24731205392314,-34.02557178647974,-80.30172115106049,128.89311067783137,59.023953827611436
935,44,-114.93608139654806,-84.90410333683432,-96.94469174217711,130.8910458993496,23.246794364602103
936,52,-16.337048873923386,-140.72816960367246,-83.20669512655496,96.49917659334062,-55.445260722156505
937,44,-119.23288600949958,-80.52910797892446,-96.44846598486865,15.787978613470251,24.882631222768943
938,21,-0.8250405066412788,141.85123477344277,75.73372772323347,200.8186024142757,64.59007206843536
939,18,45.741357222093605,135.62162393098998,93.09121263541586,168.90845496640546,35.950010717592484
940,14,99.16168491236499,103.11563484830947,99.09510798261147,67.24157451006741,-9.1875296066325
941,28,-89.29472365699311,116.18407390461243,22.63800844819384,43.56989334739893,97.12936495754099
942,61,97.74247076494692,-110.03000289961555,-15.206852230829803,287.3330666845659,-98.50225688705797
943,7,143.3395122758207,21.106306925813236,75.46135509646754,258.06208699082043,-64.92195920227131
944,57,53.249429218309366,-134.44434687770143,-48.25187143571798,206.58443957391125,-87.05164379333841
945,54,-1.2252586070766813,-142.46734057727446,-77.0480649856558,139.0902914362107,-62.98854686343004
946,35,-138.71972638737358,19.159389595001194,-50.99914202496528,249.42303606820676,85.58319631068457
947,35,-137.8781076235055,26.68815343658192,-46.787559482069135,234.0350231952317,87.83433524374438
948,27,-74.65633267948877,119.80643473241086,31.15613604832351,204.4840925424618,94.54541882738638
949,61,101.05074150651029,-101.54023192774234,-9.447861874628614,159.85708831675575,-99.06946751109578
950,62,104.36962833889184,-95.70238568469381,-4.835759049464028,117.04425416828033,-99.52371965596546
951,35,-134.44106662808696,35.747971825010076,-40.39285703563336,265.27360870442317,91.25237667968527
952,49,-53.389334795635705,-132.6056259710083,-94.9868743591538,182.19425979311308,-29.70085240076814
953,9,134.40690946322476,46.34817351937661,84.5145304072184,81.3902640565018,-52.99847427280166
954,52,-24.329499101827047,-140.1579161530017,-86.06106451366671,124.37441761235843,-50.1051139612468
955,45,-106.52131565222528,-94.79322239858205,-98.26355087140564,245.19917596050297,17.63047686663584
956,59,85.8237643384923,-118.8381825175812,-25.3143478008486,255.74962516258253,-96.31750617379049
957,58,57.791196051613696,-127.9777942234985,-43.24763848344129,78.93427876797205,-89.7264634161836
958,34,-134.83439306394703,44.04057644075117,-36.4267253265575,171.7153956738871,92.94660281893405
959,63,121.32015311214882,-83.13748112126254,9.69481199463796,281.3151266604759,-99.0451450651438
960,60,80.68088634697534,-113.95880367954709,-25.3622109991736,44.64817286350691,-96.30298702922089
961,30,-98.91271607311172,107.86130970839507,13.795751840054612,53.74898221024213,98.64123804238666
962,33,-129.03798445251905,58.231260981202034,-25.72971723387399,187.4247501376405,96.19150521566513
963,23,-17.13699564666666,142.02242119076217,68.72465914398803,141.35735082882297,72.34056110859336
964,34,-134.2119804232753,55.28410036245564,-30.16337326927001,62.39587345282921,94.84657016738954
965,51,-36.657909908906255,-139.60005430549128,-90.94148116839241,221.47658654074735,-40.97450132635067
966,10,130.85504522835816,55.16824788476183,87.42174617245853,64.25293892072071,-47.55945894349214
967,41,-140.0998856837952,-39.06165352731111,-83.61041333591247,34.107783800545405,54.689957467519825
968,23,-19.24703901653161,143.86290865945483,68.68108233680947,72.10908204543134,72.37632365624056
969,12,116.06532028494263,82.68136583340623,95.63152611512687,64.38256363012557,-27.575720668746403
970,7,141.222823757279,31.968446550564042,79.83750857338705,231.70708293255913,-59.58959870802384
971,47,-74.05712894854199,-122.85124979892643,-98.7706925175822,248.92774238205553,-12.481377527191718
972,60,82.05364637273992,-115.3945514370709,-25.376455974178803,110.22219872836433,-96.2986658626727
973,13,107.23471550794393,95.043565589667,98.83504348532563,293.0581458546525,-11.828010705518915
974,21,9.266279397085555,143.634352109508,81.1267626690954,107.63799940472238,58.01863744186616
975,25,-47.745217629027586,128.9949372980974,48.595560656809695,298.3007000898373,86.86793798237727
976,19,24.86678957372695,138.80340948443475,85.43617405516812,274.9257192602755,51.274201176427184
977,40,-138.1390581538509,-37.98935775509937,-81.61966385673182,158.53895220133182,57.41803537560355
978,7,142.8930736108847,15.722568188819135,72.46162137629655,210.74520633014316,-68.57714672415904
979,4,139.96388432786372,-28.02615724205057,46.99078950184725,147.16712763950397,-87.72570647884916
980,11,117.88351005237877,82.36750770615434,96.63387464085729,252.91852371975972,-24.2714208838811
981,61,94.07180598317596,-105.6231454790811,-14.708532332582228,109.92300090836952,-98.55133707698243
982,58,58.57580248171378,-128.29200261867842,-42.876388419056376,95.65606402626632,-89.92490081241783
983,5,146.0341524170006,-0.43955891826927856,64.98915656623345,299.1313686109355,-75.40620766630786
984,35,-135.66914821659026,34.788573275377935,-41.21733946589735,249.45543091968307,90.8116814114608
985,53,7.752221537555214,-144.46371983292298,-74.11608958659592,243.32040118687533,-66.56117060035115
986,31,-110.57045082794232,91.8370239323144,-0.1637159824485528,121.54818063147579,99.98387539502136
987,15,89.91479603245763,110.5425766651983,99.69122461698618,254.75709551695408,3.1350513859387514
988,33,-130.3729380068156,46.724373643831804,-32.975881225840176,272.7444225180732,93.9934050832814
989,28,-84.366743217557,113.35345529996667,23.650613883600023,203.0006972983712,96.82219441267247
990,54,-16.978419227261334,-138.23102210692934,-82.48242307341812,1.2130381515967577,-56.36675982337034
991,55,35.91136116376149,-140.43763413375297,-59.537521110927166,227.89493838118392,-79.88024753633792
992,49,-56.652110423356426,-130.98742469833303,-95.57674439950799,153.76831503427758,-27.756311757062868
993,24,-40.001694841753384,140.50876543697947,57.855956467761686,23.545167244880457,81.26027144278464
994,2,136.50042023848337,-48.92763800070178,34.79714195223258,222.81242191239085,-93.44093160238491
995,8,135.40910174998007,39.52952211203858,81.32349729144714,41.99374750322681,-57.77891551858078
996,25,-40.14639076639589,134.37959968676236,54.71886010432969,244.9476285529904,83.59496454669178
997,63,114.72777703794566,-83.22008169792672,6.412635500695257,114.7820669727133,-99.3684109958337
998,50,-41.67616499494085,-137.96109087865207,-92.80232152357078,236.98328532891063,-36.90235694668837
999,40,-138.04583279608227,-35.46185880015025,-79.94626171950942,204.05790250671578,59.457082565007724
1000,14,101.84338202517768,100.8734514548309,99.02909703565575,141.57204363180222,-9.857750492509979
1001,5,141.17627860084914,-6.4701995002505415,59.12358323513886,85.08096469400715,-80.21995744085653
1002,21,1.4067904840005816,140.249133849572,75.34606047247603,287.82551472067655,65.06244616220404
1003,29,-97.51775109912553,100.79399813070252,10.930564951360301,236.25666585645462,98.92343411194099
1004,21,4.793657693968403,142.0836375528625,78.20627676830773,188.68772811657902,61.5772611792423
1005,39,-140.35319278671605,-18.57487587080369,-72.0440860227028,232.31927103228273,69.08591522055605
1006,30,-111.36526335461338,96.42769076919683,2.0259243146476993,26.118214923327397,99.80046401822372
1007,59,68.12706881745565,-123.12501511430301,-35.94133770550253,77.41022148553714,-93.09384356524912
1008,0,115.14807576287106,-82.05870713783291,6.8606221812428645,90.07274426254108,-99.32428819150213
1009,11,127.02890124233257,67.03591424936754,92.86391435341916,227.56252314306394,-36.699312627080126
1010,11,124.33731978361729,70.98680391697954,93.29237314165948,148.34695838058468,-35.28687349491854
1011,32,-119.66058386270727,86.36729600137413,-7.314922048631176,26.531776162181792,99.27954359299727
1012,53,3.758163700156608,-144.82609719556993,-75.8649338958421,231.10375217975218,-64.43019682294644
1013,46,-97.8200150579734,-103.74941205563206,-99.47829524651468,119.26246859760155,5.2969611583049225
1014,52,-34.097241446644375,-137.92535885109652,-89.13115341684572,100.63214755182047,-44.36138458058473
1015,20,36.747168597539385,140.14941920002204,91.694287777598,11.688230960725713,39.56609994918749
1016,54,-5.1281109378905345,-140.60568176205823,-78.11065022452846,63.74014697520724,-61.6937825048629
1017,4,132.7749614380323,-37.295462005284584,38.896147825542094,7.141242315639426,-92.0523848333872
1018,19,34.67914192264571,137.78517880812507,89.16604500646379,227.42448199181058,44.296107041481584
1019,2,131.94131019910836,-51.749597296399855,30.78107640479022,122.72943522357662,-94.65919194279151
1020,1,131.2716737248073,-61.58153140086169,25.654759796374442,218.7942984043199,-96.21424330901681
1021,12,114.62268250594161,83.5974051298619,95.61372728842548,18.938890522569515,-27.634395528568696
1022,14,96.72998750913312,105.57978286463441,99.36689488518454,88.68492291782864,-6.428028841788426
1023,46,-96.29470206050202,-105.22414823627601,-99.62988262075929,100.30091279848263,3.7578675845951794
1024,33,-129.76063717389277,67.38310849339108,-21.97826183802139,50.47856014336057,97.32949693257875
1025,4,139.75262327711187,-22.6371237345798,50.215890155518906,117.19565419862812,-86.0018533736161
1026,43,-121.89509279697033,-73.93930470813454,-93.5108230422846,248.93213019934817,34.56674078547646
1027,37,-139.47136171578754,7.7196081006422546,-57.699181269495995,283.5095900324954,81.38893347336665
1028,26,-56.96296540113092,132.52560462299664,45.30924128148767,105.96112412393762,88.62451319297942
1029,22,-6.324663370906652,143.53914854413256,73.98208389568751,126.6226207111315,66.72445707007233
1030,42,-125.97764597223807,-67.17551048686768,-92.17354345941921,190.18458642415388,38.66947609647909
1031,25,-44.75595449134481,137.64433179004513,53.932829395173556,91.3007759833188,84.01510693116116
1032,12,115.90333707142555,84.0892385878927,96.34738790645726,133.12826270415292,-25.21584094391458
1033,28,-86.73882012284925,116.26199488071192,23.741936118863027,83.88250550789039,96.79449211147646
1034,35,-139.12867468008923,27.614547554501023,-47.135376483055786,173.02637558150477,87.64842308732189
1035,19,23.03273344598701,139.05690911838477,84.97118494572999,258.788539562074,52.14413416331959
1036,19,33.11352633469097,139.16661761520277,89.4061968485451,145.62576834376696,43.84681477839624
1037,44,-124.31850774107008,-73.82554628883105,-94.54112223759788,60.66123059925595,31.170300004621595
1038,21,0.4803425915870357,140.20642163068473,75.53639466377473,263.66368389036063,64.83052318972636
1039,51,-15.667754468343025,-144.81782524258102,-84.79244138023837,293.3097119955638,-52.47853968091076
1040,57,44.43460130914146,-135.08758313756005,-52.81099958703794,134.4534293784553,-84.61473776627817
1041,63,123.72220054070247,-80.0842645489076,12.230966602266102,286.54095450291413,-98.7953558228159
1042,49,-68.48709949432732,-124.23023459329637,-97.86013352054795,80.36691719205471,-20.228987689899537
1043,32,-121.62030389965007,81.85756406980734,-10.433988793386646,33.40990445180948,98.97234255856536
1044,59,74.2537657465712,-124.30139305475744,-33.326973983231326,194.2063521113643,-93.88690224435088
1045,24,-39.84108379663924,137.70221768433927,56.194049053485074,128.4469768110083,82.62416308461022
1046,22,-11.469334555356731,145.78002102913564,73.27715467454463,5.576595056991415,67.5834161422091
1047,12,115.40604740668296,82.70512979561647,95.56829322311901,39.39841138242499,-27.78417154795105
1048,32,-122.63622268381098,80.10824875669043,-11.692977035452461,51.231674251127615,98.84834313118839
1049,59,71.57318755903785,-127.56803144193746,-36.53726358305845,258.0099237469471,-92.91307140058395
1050,11,120.97553272275393,77.16548903040398,94.95455158540761,174.8688283363675,-29.80740629055211
1051,55,33.82499484973672,-142.9606365785217,-61.49298706137398,291.96864532638784,-78.27543872281578
1052,44,-113.55676810663684,-87.38023158689079,-97.85598497490417,73.75523627684392,20.242663610127238
1053,11,123.13024372148809,74.0336516199785,94.8309608364032,280.6973253463358,-30.21483033005876
1054,43,-127.12897323190163,-67.25875126675537,-92.8898390105156,72.86193449879748,36.61385049822226
1055,24,-36.587358407928996,137.4193004901012,57.59255624869391,164.95881693759898,81.47643833280236
1056,31,-118.36972801542613,70.50068488475509,-14.731011029334331,289.0116079270419,98.54912312022547
1057,55,21.309964931144634,-142.46451006371615,-66.88042644750976,206.17636358941516,-73.8540831849137
1058,2,136.30055477666332,-45.500906457449865,36.18704707698953,169.25943165084283,-93.01930843154358
1059,53,0.31234163009529115,-146.423786052047,-78.17038996091277,291.3135005662173,-61.620989397419905
1060,44,-113.70842178552871,-85.95107283192368,-97.10894353312565,158.64289319958428,22.705328852793734
1061,3,138.33402900112353,-40.581634581952365,40.076165272858745,202.82094672808992,-91.42165204107258
1062,0,119.11090923762332,-71.87858400041301,14.678890577750527,36.00688635838124,-98.55425653286198
1063,48,-82.75126244600973,-115.37538482154187,-99.04953924452587,31.803445470577525,-9.650197109774378
1064,48,-66.57651185841662,-126.49678806147242,-98.15219082532833,223.5460896245314,-18.761135222186223
1065,63,114.59795537042106,-92.15717351365753,1.925390469722035,276.5517335573128,-99.81036573039725
1066,42,-136.0692637619592,-49.96510698146067,-87.08410384181337,52.18409007108263,48.19114298777947
1067,39,-145.51366911438478,-11.75804315448557,-71.36841529280338,22.57490899715706,69.90922270422575
1068,52,-33.040813715988186,-136.869457843725,-88.33254619588318,18.74475542758495,-45.85547283122192
1069,63,118.4159957875097,-88.12820368882356,5.4493143003619045,291.1598453028683,-99.46328978280746
1070,47,-80.87837428624984,-118.14327271499282,-99.32491301693747,250.08522200989808,-6.854278217459498
1071,39,-140.48027228916703,-27.19811655932874,-76.69362530600958,159.14461473948273,63.420433029056426
1072,37,-141.9631114602885,5.719748790340666,-60.029678182662366,184.97261790469034,79.47634482139807
1073,20,19.8121116444028,142.47231096909135,84.95798266191767,123.24019267340236,52.16883388629704
1074,36,-141.46731209344313,13.648941771744042,-55.15538550425511,205.68973910567323,83.36163673866885
1075,55,37.53109840396375,-140.97485400944757,-58.82197209094785,263.1339710952854,-80.46748321462091
1076,12,121.08694706380814,74.33779119670636,93.38065779850616,31.63936704734738,-34.995838026578966
1077,56,39.203433677251354,-139.97268471160703,-57.54815417272308,243.37862350224745,-81.51287816078322
1078,33,-124.67071119816636,61.4533172649381,-22.598227044216568,274.37303216073497,97.14143251624456
1079,13,103.9596207586268,98.11920250502382,98.93364584428558,212.4052243740736,-10.826883416494216
1080,43,-125.8658786000157,-68.70013473705305,-93.03444469306989,116.4701518110732,36.137149516987996
1081,11,118.8520909600293,80.8530900139199,96.42886525401859,279.4744305158903,-24.947246163648785
1082,54,10.36632361180155,-141.06932906588506,-71.2646691135543,89.13160623214324,-70.03563783810407
1083,5,145.61939714079324,-1.6677530651402313,64.16297272197379,259.82929999486726,-76.08423896342893
1084,27,-77.25987783681322,117.04673579210987,28.654080171162477,241.91110714143576,95.30440928922478
1085,57,52.222790656898525,-134.73792688544566,-48.80800527286948,199.75335145763432,-86.75438391060969
1086,61,108.12334607600684,-98.49590023049464,-4.565395730804351,250.21130265936256,-99.55034809900997
1087,4,139.05853340211362,-28.156914676818303,46.87276657189354,125.01206942931942,-87.78879108182358
1088,27,-72.90271554981936,119.29535340795196,31.58602472329088,253.7606261213155,94.41501350473517
1089,46,-103.8300988269076,-97.91038286444375,-98.90872265829039,111.63598719188397,11.079932957016396
1090,1,131.22158002945037,-57.61452909760581,27.3896742893806,155.90231053602022,-95.68796267543202
1091,28,-83.51521523557685,121.38196721015957,27.659804216855882,27.279855682091,95.60601964598878
1092,4,139.61346026271713,-20.70376394208325,50.77787858480757,84.0513646379043,-85.70146414457565
1093,14,95.72927789918661,106.08704221314447,99.93088271376165,281.8245760966668,-0.7017601011418384
1094,48,-71.25285399732107,-121.95718712393129,-98.09640051680447,14.311823232006358,-19.327584148109434
1095,7,141.56320054717045,32.37985341298635,80.53939968984216,272.81212213220203,-58.73434157858628
1096,60,64.35116911138788,-121.97353299726643,-37.395771700029776,12.481788794169514,-92.6526457729471
1097,25,-47.6294593809436,135.7812390486975,51.33989366271656,121.6687759318178,85.40106067154349
1098,47,-88.44007924481437,-111.8244836466062,-99.84702827569843,186.82965828925757,-1.5531491260738322
1099,41,-139.07692380619395,-41.86641400934028,-84.27921510751824,48.665793234707046,53.43871800620221
1100,23,-16.27099155042902,140.81425707684508,68.46719192719972,201.17855867080814,72.55185891135004
1101,46,-94.22342071466802,-106.67789115573778,-99.70588115540544,150.1689584738048,2.986240944394275
1102,23,-10.725933582662508,140.05767861615348,70.59200997846054,242.03820436448015,70.80806647404621
1103,32,-114.73143087625009,93.61863703461871,-1.2292270751428265,9.98462035422733,99.87893178955835
1104,58,57.4444763311953,-130.3674822033901,-44.45740206833439,139.39830264703122,-89.07983097386226
1105,41,-130.41191847617603,-55.24374975429591,-87.2987612162648,266.3933200315589,47.78954749419759
1106,29,-99.23420554719584,96.91997630575447,8.276170656193349,263.57250556849374,99.18486893844369
1107,26,-63.985558674264574,126.27236315996095,39.23002865794024,201.23422244899007,91.87392171811912
1108,25,-44.893824865029096,131.95669867183616,51.21786787212524,253.19784656764364,85.4662848492106
1109,1,130.9787451987744,-66.43261503411907,22.857047270256608,283.6911876985822,-97.06292024771835
1110,37,-142.53654164031164,10.71066187259103,-57.71991796449554,156.09906458680712,81.37191531414429
1111,9,133.01300758002864,55.87585337460132,89.54012851787144,277.7103618678995,-43.59624637846676
1112,29,-94.23300039342294,111.66863949378478,18.08934200458261,49.909894078810474,98.21835663332817
1113,57,44.653086305556386,-140.085765543303,-55.13674892425394,284.4109416125624,-83.37159820336589
1114,59,69.06063638720276,-125.797316996467,-36.854982094500755,175.58965813315547,-92.81669252993784
1115,10,128.62934167032608,60.306803479285286,89.19113688778103,55.87509218309005,-44.24916345760405
1116,39,-134.44424168062878,-42.49635541338848,-82.65316532131618,288.7202499678638,56.15870971219566
1117,46,-96.48394602504959,-105.07862587940703,-99.61020088513064,114.26433175242576,3.9576997472436983
1118,14,95.47557977346553,105.93142774616267,99.67162033746061,185.07080226979747,-3.334097122995336
1119,8,139.52316034706763,37.445275944339166,82.66683597072333,257.56779300982544,-56.142051971279145
1120,3,141.30800365703962,-38.34541764827625,42.23389147815332,276.4311180276015,-90.2683227597042
1121,48,-70.66629456198247,-123.47278508586872,-98.19916686421152,106.94690038428713,-18.284179143728135
1122,43,-120.9080748976965,-75.96749133749007,-94.3130959731538,190.70238586650123,31.92200175027648
1123,36,-141.46807124729673,27.054873664469593,-48.28167861448115,110.25572302430142,87.03571151612078
1124,63,118.16935607492395,-81.7170188337341,8.666683031204014,173.2971074353245,-99.14640685494916
1125,9,134.012935722529,48.223547780871456,85.24658066554886,104.11414388714869,-51.62890527675725
1126,24,-31.739028161631545,138.79413858654792,60.631330253503066,156.94586900697675,78.98258191760608
1127,16,76.14742696635666,120.61493626244219,98.66082287588739,181.82935139581892,13.59690354194685
1128,27,-67.58421531418149,125.87584610773423,37.74088749059339,153.89742229105957,92.54795602734286
1129,43,-117.18254331526167,-79.63242443135631,-94.6052235092641,297.4804139597642,30.95898646173788
1130,51,-20.139764736768733,-143.72137293353035,-86.01479426367362,267.1420946044727,-50.19167946560751
1131,18,46.35319660969838,134.19891915376257,92.82731720020243,233.3647225716223,36.81995725556669
1132,20,29.06842448295979,142.42675353973357,89.10886957134012,22.25278642171617,44.40307470167928
1133,28,-77.99915020875163,120.92641229749246,29.880678117245527,122.83752584527177,94.93232481657748
1134,63,112.56531721849606,-90.27294584412944,1.9865730751123882,193.02465002654557,-99.80433977417276
1135,24,-31.97185690759453,137.57315546924715,59.40566690896707,215.06076245129324,79.98845744168408
1136,57,42.30094701257851,-133.87854628835294,-53.506960989321875,77.73153273886948,-84.24273845423077
1137,38,-145.095515408321,-10.673855156693703,-70.30051412829422,52.48915926088312,71.04729084373935
1138,30,-106.398521037527,99.46985789434154,6.168491814253495,68.30949747683465,99.39245703240891
1139,47,-78.0611203061712,-120.46771614952944,-99.14694234925261,269.9639155785312,-8.661246062291983
1140,57,43.86801973653629,-137.77163841009542,-54.36396440089638,207.4941100503189,-83.78466035035635
1141,50,-42.78353968723561,-135.64345594594414,-92.42768364987259,136.33902668010427,-38.1373723267542
1142,30,-107.20099959471757,99.36912804570171,5.418162356865851,56.96323337755361,99.46635797917827
1143,31,-112.6187869274168,82.38985945366002,-5.477737128428311,251.8429731856274,99.46049038064712
1144,54,-13.806662500003123,-139.0334912490041,-81.11251659133221,7.510396683110105,-58.03599634453332
1145,19,31.389036345953517,137.40617021700137,87.65731288240525,268.46767831980554,47.118744854846085
1146,58,57.915557468357584,-127.48143807860056,-42.8600141923076,71.08161295049601,-89.9336530234828
1147,5,144.6627869108021,2.544141782338815,65.86438787714474,229.2058417293116,-74.68792416906771
1148,53,-10.65956632299159,-144.98208653875372,-82.53037128691298,252.48685453364658,-56.30833473367496
1149,51,-31.48263593868439,-141.15595132542308,-89.35392950195666,246.03860756479992,-43.9446000555387
1150,54,4.950680205268722,-141.18577202269827,-73.6541184880096,82.3992933958947,-67.12408422954127
1151,31,-120.34247204979624,70.82047782959069,-15.454355177235552,251.53636229171676,98.47787999249852
1152,49,-64.16985757896965,-127.03904471628492,-97.21903634950858,136.377891109304,-22.342401527466162
1153,40,-143.7296156708069,-24.949060808918492,-77.59583211161036,7.222461487315229,62.321090432138796
1154,62,104.62297613157506,-94.80054065307259,-4.443183339576756,100.63992518277615,-99.56238496005778
1155,27,-79.99314460908049,113.32447029859725,25.509055739945403,261.8473390154667,96.25844215768771
1156,11,122.4867282994734,72.21858429600063,93.2388189235395,75.0897329793114,-35.46341806686121
1157,35,-134.80517352207448,30.834977362235094,-43.137753395333824,294.5054908384583,89.78519824981964
1158,42,-129.9969277674178,-62.129987913034036,-91.2113432385776,81.17198298954779,40.46962516473728
1159,16,79.65528034918404,119.0766836306503,99.24206123713797,42.88366884123196,7.695487074696281
1160,32,-117.87512860973705,84.76077651147455,-6.999704566954917,74.15411961564986,99.31058978224758
1161,51,-22.625940536846507,-142.4841656080157,-86.3288425283423,223.6384523392484,-49.60413679123881
1162,32,-120.25353623050948,75.65506984755581,-12.600936871360911,182.06971396842607,98.75891695866974
1163,2,129.53692576424044,-48.762324835976116,31.135482651547832,16.148872116884526,-94.55168396770577
1164,24,-32.664404706883445,141.72739875223806,61.811797393012895,42.734760539798955,78.01379794613075
1165,36,-141.43725617234315,19.65543641703666,-52.3897064317853,160.84942269106466,84.83992376568843
1166,36,-140.74479221961545,33.63327644264899,-44.62941434607729,88.41055035012252,88.9878884483514
1167,54,3.2068391920612296,-140.92520706010524,-74.38514831602978,70.4905217269686,-66.23332146365323
1168,52,-39.5922570709437,-134.9460235635935,-90.5358660187141,16.527612147516805,-41.7333535048777
1169,34,-133.28552668092019,51.3747706019582,-31.91261967712155,147.80451394192596,94.31594199434055
1170,62,104.3926670420361,-91.17955614728966,-2.786909256026051,29.823089716559107,-99.72551359865619
1171,12,114.37991361735956,86.994169113384,97.95491208940342,274.1425799262515,-19.916544665702126
1172,3,144.90001975932284,-22.49432400276216,52.74834581036923,282.9128736091614,-84.64822692493188
1173,24,-27.39073152129065,141.39261597342104,63.34591754306743,113.37994783384364,76.75477856139184
1174,38,-142.62527585573753,-9.189791736778558,-68.2550527538291,161.62399445399893,72.72595696457395
1175,63,113.31647827826134,-92.42678049318616,1.1413210810826322,250.385823221985,-99.88758976789545
1176,38,-146.3233080926537,12.033139014518827,-58.9358356558787,1.5358219214950286,80.37403783783061
1177,34,-130.17796713046576,68.87614704182505,-21.244485571665013,12.597834796837045,97.55208556154248
1178,44,-125.42941216349607,-71.246596168611,-94.1480909479464,21.672180434046442,32.46595034230662
1179,13,109.8484950928774,92.00651773162558,98.10459416250455,100.296000691106,-19.244392605904086
1180,29,-100.17057754377677,99.76959737469053,9.0387455726,185.28340856097668,99.10976192011974
1181,61,105.94576994498951,-102.03041739870076,-7.47236938788531,275.3968518966637,-99.26403639502892
1182,61,92.82809814473391,-106.60302237043449,-15.828265017804938,99.22363249807096,-98.44105311471519
1183,10,127.49926515661838,64.98108632391614,91.80732664498929,168.14246935292445,-39.35461921222257
1184,56,13.25194119104672,-138.59500127464364,-68.92793900520182,21.408055239526227,-72.17373370215711
1185,29,-96.06443035000645,103.47668178599679,12.74546225302333,201.87080237310715,98.74468246150067
1186,57,52.033744217504996,-136.658185167749,-49.82159814340517,266.4438044591309,-86.21260695387322
1187,24,-35.555234942780444,140.3535971420611,59.15023389002165,90.23346951095252,80.19808582205782
1188,22,4.519158318561431,146.00940190951775,80.29741688083062,7.816054318785714,59.02919859808195
1189,24,-35.13063732636882,134.99132837238764,57.22390221651137,252.989336605435,81.77898476162247
1190,49,-51.66357042704457,-134.72406494457988,-95.18452790655769,272.69854963367726,-29.049276070380856
1191,5,145.96021850749517,-1.4086516007460845,64.51895927591715,290.0077141379268,-75.79208846132829
1192,28,-90.35503403716432,114.77986433149987,21.615444567519525,59.957494085741686,97.4395563641905
1193,28,-88.63745861919111,111.10744239284787,20.067611294561825,173.4019116173956,97.90908652193582
1194,22,-7.423202369667197,142.05670868488414,73.00555339740318,179.32719834501307,67.91436338344612
1195,5,145.6045850610827,0.884448968996398,65.41048179532139,247.89849132313003,-75.0604351199513
1196,6,141.9641051068055,6.60932369526036,66.51296557609946,106.06691138569228,-74.1556504123712
1197,57,53.448710463651324,-133.12935894710404,-47.52767536311832,173.55001985368853,-87.43873485889237
1198,50,-50.258115306033176,-133.23057572236746,-93.98100521358576,135.17663587201318,-33.01675811218844
1199,22,-9.425067921465685,144.59222227820993,73.23577297779437,72.5858658881566,67.6338399050181
1200,47,-75.82930367179752,-121.28556961004283,-98.96978572567167,259.6621540858519,-10.459948772542695
1201,62,102.0590975419937,-97.63849697654148,-6.975780538930674,94.89414855385895,-99.31294609160489
1202,58,46.11795106241789,-131.69765391611455,-50.515626527643,42.43558939139351,-85.84164086203164
1203,58,63.38312691147249,-123.40806613362759,-38.41948913017043,26.438355030869648,-92.30716434583971
1204,48,-69.75529417486908,-125.0258176421174,-98.29485300278886,202.59434087591708,-17.31266075895935
1205,63,125.98847633079464,-73.96967891222181,16.741006726225137,259.75925893975193,-98.3511559692093
1206,7,141.42526272627046,17.77059210726186,72.41449264966298,131.44185624564773,-68.63457326584012
1207,15,86.56212188277831,114.05714435664211,99.69247438489747,97.11391321389304,3.122362270037963
1208,49,-59.271928158443565,-130.16619347779988,-96.34860263624057,197.94865934542213,-25.21183651705242
1209,2,135.50659818393174,-45.99396703691232,35.8758054384692,159.3224563416943,-93.11372256398568
1210,16,68.09966324627014,126.23584102685606,98.14585179304495,128.25012675582053,18.8254965444895
1211,35,-139.05047710543533,15.82703480752251,-52.850543082161195,261.2790939631084,84.5936013168522
1212,7,143.2986222297366,24.926612118085444,77.45943500016426,284.4148360630015,-62.487290857338834
1213,40,-141.42478004365486,-33.96164637389548,-81.25954850034736,40.48847652946334,57.856837376009636
1214,12,113.16641889468636,84.96948823466857,96.00200635734181,6.732135636934514,-26.3544111609027
1215,7,142.59096353976986,25.121479235745362,77.12481376399626,252.09275561281572,-62.895028170412814
1216,41,-135.61884521835609,-44.59107930804232,-84.21704148150609,179.95477090263762,53.55503661901454
1217,24,-21.877240672690988,143.88199326586857,67.33543168217085,64.63103817520849,73.4806701829558
1218,37,-139.8702523554474,-3.3401542577519576,-63.3424532973396,282.2010370622228,76.75762159329173
1219,51,-33.97570768175722,-139.9565561757269,-90.32508628209378,230.74246679439818,-42.12769445207983
1220,50,-45.95490315411451,-133.71128965564327,-92.7691257737061,63.804441468023924,-37.01178865264757
1221,26,-62.973723897479054,132.10782221573066,42.9172873473363,33.96809351170241,89.903039868501
1222,34,-132.81668876238126,63.27070251836871,-25.470261827862473,3.3894797630017477,96.27021016395693
1223,36,-145.1724013674434,26.17151572114945,-50.37453494417626,10.25976778125457,85.91705592357538
1224,53,-8.840449020913628,-142.58307849217059,-80.59102833783612,139.30467712847042,-58.67143186475051
1225,17,65.27402463836971,126.79080729520673,97.08064972110591,201.3198253787049,22.798601037637514
1226,35,-132.93125658388496,38.6984754516395,-38.407127685044145,290.1240723226191,92.31377167933233
1227,59,68.73514399556016,-123.62437386369157,-35.79077494749754,105.9180494879155,-93.13951628514198
1228,26,-56.15324543149139,129.5827218196584,44.560348063249776,189.19312657860613,89.02480516472848
1229,11,127.57113026535865,65.85353933544532,92.40813459180713,187.22995920788395,-38.20181692531631
1230,11,123.47818248207736,75.29952688375552,94.71913120180076,268.17388428715907,-30.58348317692076
1231,12,116.81087988361715,83.76088699664851,97.00302383268816,243.1823236316356,-23.054499260475577
1232,30,-108.0138316717433,100.7360016272612,5.456289429650216,17.99454769154199,99.4626027930416
1233,62,105.75235095857833,-95.25594310031167,-3.8115009822484933,134.14228174198644,-99.62460019605103
1234,48,-88.65241168432132,-111.31911814541498,-99.57442249030287,53.2346340320432,-4.320964153870473
1235,34,-138.0532189273968,48.16771366347554,-35.66046669443892,40.50061703903759,93.17904486724643
1236,14,90.2718261439075,111.0082776880313,99.94598866728788,89.94104596272398,-0.5483866680784046
1237,2,133.65414209429352,-47.790248929340585,33.8388760683038,134.9495631058603,-93.73161842215023
1238,32,-120.69364366990352,84.59174544968148,-8.624149815924287,21.0035210404595,99.15059600792372
1239,23,-26.053864037857984,136.35757963694812,61.739998546615446,288.659043409679,78.07272171387675
1240,1,128.92683117340195,-66.12224524139708,22.347906984509873,208.35984600885828,-97.21736628713212
1241,34,-137.11027207071163,54.36606846723976,-31.666757582160248,11.28466874822123,94.39052345621224
1242,28,-89.45623930926638,111.07261822469192,19.753733008086794,157.508679789487,98.00430047290602
1243,62,100.15339987719743,-101.1264049814226,-9.683827866735685,131.75172187759833,-99.04622690651817
1244,21,13.831463542845277,140.14638693649817,81.47247667918796,269.5121144277503,57.59738353944975
1245,47,-80.10741791129004,-118.321246324691,-99.26498910233659,240.6259501223701,-7.462696381131357
1246,18,47.044257753492886,136.1632973811458,93.63946829967209,86.4946633514884,34.142654267267005
1247,46,-101.18970525398069,-101.1389118303611,-99.32612601208005,45.56683146046697,6.8419624620201915
1248,2,132.20252885392662,-50.54095639148347,31.9453763414815,115.26945244659201,-94.30600536740997
1249,19,42.90941126381316,135.63120541955888,92.37781872771629,189.56450042483675,38.287304147306656
1250,37,-144.49110656540003,15.237645534050735,-55.831288161972196,72.7652668084727,82.9218731397344
1251,18,48.880941544087264,135.7714430445451,94.43372025522947,54.49288878225839,31.52435684026703
1252,5,143.58335213388483,-7.373671748315805,59.93301133680178,175.4400729717947,-79.5556772210121
1253,30,-106.53495418068438,91.35412768157234,1.8276759452194153,239.0340066904347,99.81998976395046
1254,40,-136.7590505018558,-39.84174984183019,-81.77747558622633,223.53486677866383,57.225741152760676
1255,35,-139.84751959678235,34.05695591371864,-43.974959805040456,102.43675202334236,89.33770186937312
1256,60,64.63358435014034,-121.64025712358476,-37.24772215768275,7.320276404605222,-92.69755611709516
1257,7,142.7363757631423,24.683815384502545,76.71153463682325,243.46293801922772,-63.39861043791266
1258,31,-120.6448067667084,66.68550880599084,-17.803556825408723,294.79454738091204,98.24650399593756
1259,26,-64.64509937151512,129.570389680857,40.83236260962848,82.86364606700994,91.0174559346114
1260,0,124.80390635227234,-74.2976366420047,16.053769049125332,224.67244557287725,-98.41884292257784
1261,40,-136.83355034928803,-37.26415387992853,-80.44065459128946,234.3668936876776,58.85466287565688
1262,51,-31.95456818042032,-140.28687301536178,-89.39797540397554,208.66226798231395,-43.86219601138814
1263,37,-144.6536917040142,7.2297268869579705,-60.320697028876424,96.80689213951639,79.23751191858089
1264,33,-131.79824135111318,52.95694073814848,-29.78333694062149,177.70910876865275,94.96185294393712
1265,14,90.57710185159421,110.55662591287597,99.97992801559815,118.15327141318322,-0.20379442785681967
1266,2,132.00114100801085,-47.04216238616327,33.51624550164155,69.09029850041355,-93.82948734867156
1267,58,58.93226475692018,-124.75247507265573,-41.33994598187044,15.139318438761299,-90.74614682944974
1268,38,-145.92027820220355,-8.965441382882885,-70.06825807233852,38.22613888329796,71.23789838947873
1269,38,-145.81098645246428,2.1556592911277024,-63.95474763256246,35.61886287103186,76.25512481219931
1270,29,-91.92856637490009,102.12489121802362,14.405636689453123,292.6620792800326,98.58116967195676
1271,22,2.951605359954309,146.1948315854041,79.40861797507446,18.840004941951236,60.11220361547471
1272,62,108.57253479264145,-90.40719625898676,-0.13288367049799518,103.35805273421954,-99.98691211045588
1273,13,102.3545403269193,99.89293395925912,99.17895551960319,249.54140310417492,-8.336210649506786
1274,4,137.79230738820303,-25.2013066429765,47.70510321117481,73.9177022505044,-87.34389764924474
1275,50,-47.0081784753126,-133.2750245702168,-92.780793269458,30.396352580307923,-36.97332607928784
1276,57,56.6726808371384,-134.81960611669896,-46.765079175885305,255.57470463474317,-87.84635122395184
1277,48,-86.2852044804862,-113.29621399126584,-99.37901423483596,74.08688827150424,-6.304978929095984
1278,47,-75.4207584914768,-121.77944503639526,-98.8313688735601,232.3984858814927,-11.86531969238146
1279,2,131.2344525700845,-52.62812497318899,30.117145369775972,99.228809265707,-94.86059324941064
1280,26,-57.546776904717795,133.70233324764922,45.89346185392064,53.67024382885865,88.31224062970824
1281,47,-75.69104283076015,-121.3170376550271,-99.04196403853513,293.6236586086461,-9.727109523608314
1282,20,20.47575906001869,142.02439131471826,85.20578605713524,134.7317637179853,51.705226581549226
1283,6,142.01277244386378,4.394916720030028,65.47024318338185,113.7430024796884,-75.01139023515245
1284,38,-140.439932919019,-13.873375069915785,-69.29733243093537,255.5172835196676,71.87058046896536
1285,19,33.26395849767881,137.71116430917732,88.67122361152161,234.75023136781573,45.22185228011837
1286,9,135.5829873636283,48.40969944443986,86.39633386594792,222.78865221204285,-49.47786944492706
1287,25,-52.890012348453475,129.72259685189195,46.40098672734693,245.02782974617065,88.04096279283115
1288,36,-143.08808301439223,30.502198567490538,-47.4298353130576,38.589305613625015,87.49103148223072
1289,30,-99.57369548817039,104.7088827259925,11.62715224958227,95.54748412485829,98.85482630194599
1290,4,139.59428974087902,-20.35691524223063,51.328099737394794,90.52288832175547,-85.4073646592239
1291,3,139.8529965813388,-42.24638889460541,39.916839137001176,262.7034039629943,-91.50681367896755
1292,0,118.48569276349252,-76.55192624164468,11.708317575625966,86.81535873664748,-98.84683222097208
1293,59,75.40555184767693,-123.45828611263744,-32.58316035768413,208.75972864039005,-94.11253567337579
1294,60,67.33032747239716,-120.18683030917856,-34.97060201604839,1.4985821816393994,-93.38831305971053
1295,50,-50.072474113633156,-131.75665033620302,-93.52683813384165,26.083655041681858,-34.51394611154011
1296,20,20.408993609865796,142.69039483575145,85.42511499253146,100.36656762961792,51.29489121668074
1297,3,142.19620931758226,-36.64168067562527,43.90897713434197,297.02102105410296,-89.37297035987609
1298,44,-112.1652118528024,-88.22828887130355,-97.69538397008915,144.55678690240958,20.772094094671196
1299,45,-88.37732855904382,-112.19354502928054,-99.89659737200228,293.50237490535187,1.0498652743942252
1300,49,-56.98222449876378,-130.9226699563158,-95.74599574709978,166.17816205796402,-27.198364918134605
1301,36,-140.77161255373042,41.314559699885336,-40.92898364786324,37.83881005054454,90.96581088700577
1302,55,14.605921544058964,-139.67962879348897,-68.8477455405232,63.42051768641005,-72.23954675242972
1303,17,60.20033387115939,127.80153569499932,95.58018794980669,279.26309290988036,27.744959894692613
1304,47,-75.25090642447049,-121.51919707069807,-98.7494588621991,197.77167870314508,-12.69696660714862
1305,14,103.2558371281022,98.14709861364919,98.52430126632737,5.747384977187591,-14.983031727050804
1306,28,-84.6543308344759,116.90177365718371,25.148601575084914,100.24402516105168,96.36778474893691
1307,25,-55.82897700576017,125.8983505160576,43.27375902311851,299.62933736182356,89.71250168963047
1308,51,-37.19445597166344,-137.67357443069258,-90.91092086049433,156.30858255179237,-41.03167561149096
1309,24,-35.07878003923824,137.17570565072256,58.169435915511066,183.49245649277464,81.00300560775884
1310,63,113.01619398653769,-90.77097410878699,1.8275389394828219,213.75190769024294,-99.82000325782778
1311,56,14.845282706506408,-138.21608635065738,-67.95575926832475,16.258956034142276,-72.97158068574251
1312,20,23.728027256860482,142.1223596249492,86.49467984355184,106.07019778524752,49.2938771571309
1313,45,-106.7297900667077,-93.87642106277656,-98.14438657872536,287.4377540221335,18.840373126095677
1314,44,-120.92472141493764,-78.6328570151499,-95.7257246357028,49.714629033481195,27.26518980719119
1315,48,-78.68514877684865,-118.6848187679363,-98.96652492256882,151.50469024471752,-10.493056286448425
1316,7,141.13282415755592,29.546534971212736,78.82399604841311,223.2845535032946,-60.82456776866119
1317,18,44.9093687051296,136.86226187248215,93.21774897434634,96.80670675589374,35.532876370833236
1318,11,124.57769418288055,72.69154086196879,94.54068521829679,286.39789765894363,-31.171740663978564
1319,17,63.50787475678015,128.83965439495182,97.12887226985147,122.03065460389877,22.63963262160728
1320,28,-83.25059717727214,114.61093452465926,24.475177838596014,184.52432262355183,96.57206563548154
1321,16,76.83291533810696,120.49976369998141,98.74920260281569,169.2052834528182,12.699568454249777
1322,11,122.55424137350278,74.62666811378473,94.46282563691676,183.6675146853466,-31.428409269158845
1323,26,-58.55202142910266,135.29156098093816,46.462702999389094,4.1114455609480265,88.00797474109945
1324,59,69.21370384887584,-123.78862683332078,-35.549042253599396,115.070672560406,-93.21284510671543
1325,18,54.28762497392491,133.61850063416807,95.25701577455564,85.7420054328764,28.810315628496227
1326,57,56.22621121272916,-136.08191803313352,-47.79955012116541,288.7694342510872,-87.29341469799742
1327,28,-89.3119168577949,114.47319719626151,21.66462663022839,76.73751987823766,97.4246371464263
1328,18,39.75497583326753,138.96443266527103,92.43158053578655,53.26613395144433,38.12452601735519
1329,43,-120.00270462354413,-77.61498207593293,-94.92987362116264,161.46287711642074,29.888758624448315
1330,10,125.88433688900018,67.73776697372395,92.13604207232869,108.40848748982378,-38.739636220710125
1331,28,-82.0746929963526,121.79997478073514,28.736233241151133,33.859534804944545,95.27948842430675
1332,15,88.95514748419555,111.51274837372996,99.68113028864474,214.6870776712858,3.2375408970781123
1333,53,-2.448102785458175,-144.724006523286,-78.74821733445782,244.18223470379644,-60.91690443434971
1334,6,139.73783210044053,12.0768811999248,68.35465241329446,14.42417410076911,-72.64421766796423
1335,0,111.2633102646858,-85.01924159997849,3.9781486244443607,56.583017397626065,-99.60818684800252
1336,30,-107.22626597175551,96.59080332497182,3.978421794818804,99.42734377471956,99.60815994308882
1337,34,-134.4048857685028,60.06369877467788,-27.600926692480343,20.130095634487457,95.62387995031915
1338,43,-122.77071817298494,-71.09199364387311,-93.05023492295828,229.33250939766148,36.08509611252456
1339,40,-138.2024692397271,-38.45479094839068,-82.20288199691,137.43864683484134,56.70738174185493
1340,39,-143.88540261110285,-14.477591116181351,-71.6864415978055,99.7194599589574,69.52170638107371
1341,58,59.32858877534343,-129.14669751026952,-42.80765398127293,129.3522592781376,-89.96164015383175
1342,18,44.86136175815331,137.26567438779392,93.62414550187327,46.899506905645296,34.19316675486036
1343,22,-2.3268525745304447,144.02773361306234,76.05984554981944,106.6028956705742,64.19269619390802
1344,46,-93.87743785917243,-107.16698020088776,-99.93350181494807,66.13678947876264,0.6751679009337661
1345,51,-19.931679849927434,-143.52877203290967,-85.36188969872697,239.02008467655173,-51.41317736052818
1346,5,144.1588043730032,2.287562906412136,65.42390531949043,209.81540716137368,-75.04941872261128
1347,27,-67.73256026716662,126.92156192607462,37.83290120819841,126.54619973160949,92.52004396724142
1348,26,-57.28721923601471,129.02135472600827,43.777416036228786,195.39215810232164,89.4432912682335
1349,3,140.8294404105637,-29.40733171666786,47.329346206407344,213.1861592226197,-87.54474405654804
1350,62,112.54039239122858,-93.84236764718223,-0.042524987761079575,267.38820211423683,-99.9958116573647
1351,41,-132.50918452464313,-50.81766374021771,-85.8369081023809,238.76129668404698,50.52448089359619
1352,20,19.48776115339502,142.42095703465125,84.99594002910831,110.44068288402222,52.09782068374131
1353,39,-143.8536468021696,-15.694781279989948,-72.47350081589258,86.76714106548442,68.56267157955318
1354,1,127.2016653419954,-69.27164713333504,19.972243953592308,212.70589434101626,-97.93801589270946
1355,36,-141.5646619490389,28.523647108650255,-47.866912788968556,94.60286292271773,87.25740858329306
1356,50,-60.66638630460843,-127.79981571981337,-95.80966930782276,33.75584046576167,-26.98846134906892
1357,3,136.68578664745266,-33.50566976958332,42.826420212945706,79.29012547038363,-89.9516093888366
1358,0,122.03268153886378,-75.82874276548563,13.83963979056601,182.2502152686067,-98.6369154597363
1359,2,133.96699300385754,-46.709437811051934,34.77057455214454,127.84864402506362,-93.44899073625426
1360,35,-134.29804393485614,36.883969579781095,-39.97645904506826,254.5859741235281,91.47494615770488
1361,10,130.64671745382708,59.59767526235389,90.20184142448412,208.243243497317,-42.358269243883136
1362,34,-133.97576596174048,41.98429998767718,-36.779860442132886,232.26384899227526,92.83948043733241
1363,22,2.7112591511322663,145.38178689470962,79.32186369519583,29.28860607569533,60.21791405208793
1364,16,72.83243400009995,121.96401663261094,98.19366154020486,269.77814044409473,18.340075677605565
1365,25,-49.41935748534842,129.91608332891104,47.85392128167375,274.34402208963013,87.26435269220524
1366,39,-136.78965362350039,-33.4860862693009,-78.54685813986521,277.91003800773444,61.162261417385636
1367,53,11.174865802002818,-145.47890907903366,-72.95117198247904,260.9129003539574,-67.98062735478352
1368,30,-98.0515603229726,110.38067536630597,15.278486019274153,5.321639970968274,98.49520157990644
1369,53,8.002694610545085,-145.3541884044285,-74.33936084593907,254.05844021056737,-66.28911367887854
1370,26,-64.3171817317968,126.65136228186172,39.365544058409775,165.4295641441448,91.80148719002452
1371,0,113.47670702886944,-80.61972040847027,7.131986117259112,44.03840997532525,-99.29756119632262
1372,52,-22.762774656575118,-139.1901019840104,-85.0579121066993,52.69086714557583,-51.981879141308625
1373,42,-131.6204321712918,-58.583857433808824,-89.93482526529735,85.703954460617,42.85782108325965
1374,61,105.76837097989191,-100.95263179968981,-6.832032269242902,255.26469683197695,-99.32710404998143
1375,20,23.778174977412025,142.4086121306084,86.57602302321541,84.08755233952118,49.14169485046662
1376,6,139.36682773335625,-2.470241557565488,60.7524237467294,9.24868366551403,-78.88320309429011
1377,54,5.996759897689077,-141.6853931050113,-73.41572373918392,105.02129165261347,-67.41456918336627
1378,17,57.21981000686569,129.4750597839119,94.85703334145559,288.37103320583077,30.128880811878222
1379,53,-12.778474956843564,-140.4386965261225,-81.47841595033448,64.40691339768057,-57.5901465138305
1380,43,-123.2550219804255,-70.6219381113141,-92.68188167216734,272.4585717995139,37.29939387033885
1381,37,-142.27347237537657,7.377050698665087,-58.34181640496116,211.00689420027578,80.8615366506105
1382,60,89.85067614811433,-115.27413227653417,-21.255604442595985,224.46974246231667,-97.54871268843439
1383,44,-117.7694868833148,-81.99835582567229,-96.43103621380752,82.10208862309665,24.940089469365944
1384,4,143.77384291044797,-20.094694205487418,53.42455140989877,240.15849323218575,-84.28678731491601
1385,21,8.339593428837107,144.5365148820896,81.21682288378858,59.63806693308332,57.90889871047426
1386,30,-105.16136506633156,94.36950966353939,3.8892277154940387,198.87380998406786,99.61694478665775
1387,42,-137.98149118174177,-45.88135352940659,-85.82145982273241,44.04449031992315,50.553382577064
1388,25,-44.39904461079271,133.31891583769377,51.82646089552874,227.82951737867108,85.14098493274973
1389,56,32.72834959633348,-133.6213040145535,-57.955768035234556,3.2682083807286206,-81.17835823783452
1390,44,-115.58427072345484,-85.70181987243876,-97.57270419295236,24.569010636327906,21.17651506282203
1391,34,-135.10631250760008,53.188976406216895,-31.692200142961568,79.31826716899246,94.38280553865921
1392,37,-140.6599681080505,1.5716463134539604,-61.22347382340074,253.38521564591179,78.4966224358646
1393,25,-42.94805617628609,137.47550578019585,54.823213546791806,105.91731087586187,83.53918644078202
1394,49,-67.17562957971403,-125.66347299422097,-97.96339477923497,153.6520432023826,-19.888580988931093
1395,45,-106.11443704504202,-95.38848453345717,-98.67891958979344,118.16854152144752,13.413164386777389
1396,38,-142.7699756365324,-11.968286482186729,-70.27988618849234,135.81661148619403,71.06421974991196
1397,21,4.677793563368026,142.49439927289868,78.37641532057917,175.0693801064516,61.36994667360037
1398,34,-133.4629486100513,39.04582235428831,-38.240000444492274,284.0688247383966,92.39655174622861
1399,40,-144.16991151257298,-19.11525300864848,-74.12544789302193,56.62043925792112,66.54976746658484
1400,6,141.60709917355925,-3.819449991764343,60.78345355151797,89.98269608421643,-78.8577376014263
1401,54,1.7269864970762865,-142.07626660852856,-75.557949137626,132.72794598498396,-64.80425897722903
1402,18,45.88922002809092,137.24757397837732,93.91819940357371,13.703584372705283,33.223801090936696
1403,8,139.68989559169557,27.29440028429394,76.54701815469713,105.98690836207749,-63.599074428622465
1404,30,-104.27538067690405,98.42326063374121,5.998421566514777,134.08890054839395,99.40920747743203
1405,31,-109.94198807287478,88.03225440899732,-1.7180711510650957,215.82428270945408,99.8307848859848
1406,35,-136.8703650955632,22.330729375885713,-48.75915291259334,293.09312978428676,86.78049605469553
1407,13,105.04538775238315,96.96669432706855,98.69207315236514,162.3795890991463,-13.279613926348924
1408,6,140.59416476834366,-1.1506155339581017,61.720878903911704,66.67575411745794,-78.08841279308749
1409,30,-94.46655263518713,113.16794024839493,18.284118693162736,15.550039442171377,98.19917281806816
1410,16,73.62717395251818,121.51676407292825,98.3108590402216,254.46996137223547,17.15014861389403
1411,42,-131.66497650617956,-59.85015733596416,-90.75870419175175,46.90401638151597,41.3164528215509
1412,26,-62.230650314970106,125.10366513102687,39.597742936091315,257.2313871418618,91.67737423997838
1413,62,105.92529168641802,-91.90818901958404,-2.1798382367569102,70.72634291894906,-99.78530483121213
1414,24,-38.071168646089085,136.1328586237823,56.17576680326117,192.63912814469296,82.63916693383786
1415,8,137.4783773624947,40.566230333106816,83.10149475900994,169.15592620654297,-55.61241850130116
1416,32,-117.65449125183255,82.17370595863936,-8.451946975393605,124.68176060404377,99.16755649484888
1417,38,-145.01104587842192,0.4582937871760555,-63.97695070416593,81.28917890863056,76.23690322926234
1418,43,-122.4011215242063,-73.55409534193821,-93.84664295948504,183.54780416497417,33.459691040129385
1419,6,141.923984235939,10.1947717286698,68.8321048255211,120.14907457384345,-72.2523827505607
1420,61,109.12926243459196,-99.18547241899687,-4.182687649998955,299.5558263554648,-99.58804152718253
1421,49,-44.10901221739837,-137.52897153146998,-93.5068319441475,265.4368374652822,-34.57989767090834
1422,54,5.956656807543802,-142.62206898916625,-73.96287826782802,153.4453307213382,-66.74785920434512
1423,59,85.28046786854604,-119.47127660819255,-25.796167190635956,265.1289041174032,-96.1713478387527
1424,18,44.458438139833646,137.76369388212657,93.66065042192628,0.9914227115613342,34.07282617832311
1425,34,-135.589771646905,46.04045624577582,-35.900091404834185,141.88623442807219,93.10635549556974
1426,31,-116.34772896018863,75.42324235453911,-10.911335450105316,266.9523617575607,98.92532805110952
1427,17,65.2369158527415,126.59776083030361,96.68402930289929,266.4361056875812,24.106083144820083
1428,24,-40.209955015443974,140.5340203580776,57.423927383213766,41.83406106025898,81.61482841291341
1429,31,-112.16657009814638,80.79029564888522,-6.328391388017128,275.95156453912216,99.37670831060038
1430,3,140.15676472706187,-31.726402946309275,45.43471928686138,179.52977592998414,-88.5574437671134
1431,5,140.6626930787121,-11.135437858690064,56.46472818278069,81.47463282175912,-82.40202254964927
1432,1,131.62839139794013,-58.81948012292624,27.260902154129354,198.04434610576885,-95.72702528122687
1433,11,121.48103484915282,74.93163832684439,93.95747555649584,109.1534386630475,-33.09432498525143
1434,28,-85.55670100306887,120.41130626616923,26.401289589189027,5.565413556031792,95.98778593954057
1435,56,27.99099449988083,-139.16843030794084,-62.147217109706844,108.61479051563121,-77.73852620465321
1436,32,-123.2105244509098,70.31158249609419,-16.837371088827666,176.37785450525163,98.34166491489839
1437,19,27.230101494023433,139.14847089793443,86.66079239735825,222.97968183286045,48.983102588092606
1438,50,-42.39880759372256,-137.40075874864849,-92.67385160593626,202.28029137808846,-37.32586544727912
1439,44,-120.82119193330816,-76.86905194049434,-95.09295690824855,99.00627403535455,29.351145153085696
1440,34,-135.53895526061507,55.740836015817685,-30.636068886376997,33.474253680100375,94.70317949893487
1441,11,126.73967147810053,67.6280181012775,92.99117037379519,222.3246155397204,-36.2798058088854
1442,12,110.32144927114523,89.96143825819519,97.16747597581406,12.812882709934248,-22.512373276147326
1443,36,-141.7006501923957,21.66927054584999,-51.44700029384873,122.45812478972294,85.34381095486937
1444,14,102.9413330080769,98.63488126306706,98.58913241375994,27.921955830791642,-14.324789555584152
1445,4,137.12395951362564,-16.524874388155414,52.231552609522794,10.648825569564284,-84.92445878858805
1446,4,135.59695716899182,-30.459420386741463,44.0551533923348,18.16078580044193,-89.29483748177027
1447,25,-43.86803655727986,134.13087245948844,52.58399189279366,197.72446118932174,84.73607596953372
1448,0,124.1733479650123,-71.40959927648733,16.909815152773707,163.92933364105647,-98.3345298026344
1449,31,-111.73491701326385,92.03026159857562,-0.5134597214682773,89.95677918554043,99.94942866873902
1450,46,-95.92144880250977,-105.40051651280179,-99.56996424023191,141.5825748732777,4.366229559834406
1451,5,145.55377161270084,-11.092181869489673,59.231411659485246,274.8893156316792,-80.13146497403567
1452,13,109.36426668339547,92.32927912162918,98.40433623593967,219.94538729992277,-16.20105801888226
1453,10,128.3634120468378,57.0234103329769,87.63887489768221,1.0558933923242544,-47.153239880206485
1454,23,-14.54112929732626,143.07746994418028,70.2220712088195,124.39078771498592,71.11166725924414
1455,25,-51.819760323274316,132.1924651538243,47.84001649956262,170.1202956482863,87.27178495692931
1456,51,-39.65525604829349,-136.90418597388663,-91.15247771862337,119.66172100758378,-40.57975474962287
1457,5,143.0702416523182,-12.942637838122211,57.055441993887925,187.3635370658726,-81.91723644017112
1458,27,-73.54760175370652,121.74402629664353,32.57558503135257,161.95537348144185,94.11483362382664
1459,9,134.97569442886794,49.866508279386665,86.8988843393956,216.9023694309681,-48.5376641249384
1460,59,72.04114887976002,-121.46078559830757,-33.16934256297286,99.24926246706985,-93.93471921980468
1461,15,83.8483046052958,115.77365449655913,99.30837477182769,172.66643723943827,7.022193961734046
1462,35,-140.33964860486032,43.589731187339275,-39.18463866505677,17.911381470404145,91.89818318731996
1463,11,114.75519920781926,85.8719227269172,97.96581443621105,296.951918077516,-19.88060445001247
1464,31,-113.91603413065256,87.12501318520596,-4.2353999005756435,133.15972687945046,99.58284982747567
1465,12,113.72806289649685,87.05064852708803,97.26804826946153,151.89813335799192,-22.180830903677013
1466,30,-99.29441817757491,107.45781949920257,13.403093218622033,35.20734299937675,98.67991151254742
1467,22,-11.733306063802976,145.4437221941251,72.50642620842667,48.78662808042796,68.5225518572143
1468,16,75.16842843546168,121.71095523209874,98.88155912659012,56.14128977398377,11.35572912597499
1469,43,-124.0347392347566,-71.20433239054591,-93.49431391465995,133.14870818589242,34.62116407783251
1470,62,99.61056558876885,-101.07991652806119,-9.669754192154533,119.62386341861581,-99.04761304145642
1471,61,88.46847090167917,-108.05264653442903,-18.579233866742026,55.378287470247294,-98.17010653189377
1472,5,142.08279268358768,-4.494636594294742,60.23734485302227,95.91941347812943,-79.30591725512303
1473,54,-5.579736270555411,-141.65449161188434,-78.51149894970847,100.12588237259769,-61.20534673185069
1474,4,141.05066652151964,-17.57497886210449,53.353170930239585,140.48739668825252,-84.32494099590994
1475,28,-79.74453232965439,124.20166164349097,30.74661576444563,2.52332937015439,94.66964546526042
1476,18,48.984390287017206,133.70177601015533,93.67457015254017,185.15686282667963,34.026938982709794
1477,19,35.92434497871126,139.56953976902028,90.61796806650666,99.07340206495857,41.579751456536215
1478,2,129.53500024227225,-51.04974240410447,29.99010355176621,46.747399065470844,-94.89913096913313
1479,38,-145.14623028358403,-0.5328225293430691,-64.59893218752677,66.91959393567934,75.72645641421197
1480,15,88.80642155464172,111.64915191237714,99.67480176977213,206.00779826078158,3.3017954748519527
1481,47,-80.66897467484785,-117.94560966085011,-99.11409931545322,166.5243395965465,-8.994707226281966
1482,7,141.0321555115704,32.12476446914709,80.3309028610993,251.87480482409183,-58.98839579734894
1483,0,113.60587061987498,-77.22583963076653,8.910756504047667,8.162095626907973,-99.12236773380467
1484,26,-56.48459821564281,130.85468042166573,45.200488348886694,158.41286897839882,88.68264287657674
1485,5,143.29256455100486,-5.107398807265744,60.73326725754825,164.2883299937118,-78.89892441261175
1486,2,135.61031472814773,-42.4576125681336,37.83061817253558,107.15851652753427,-92.52073651863802
1487,40,-145.1286526763829,-18.299580091212917,-74.17235307908922,33.11279399029278,66.49261330997683
1488,63,127.22516849730086,-73.44120967843065,17.41072672806347,271.28813960110864,-98.28519435498914
1489,8,139.76359047659577,26.299115614596264,75.93946323974042,95.33321040086665,-64.33938251966353
1490,0,124.7954014850368,-68.36830853790097,18.937509624059572,138.34931190370807,-98.13481947577517
1491,43,-121.32395868045175,-74.85844053231057,-93.93095248352364,211.42808405863747,33.18175982659283
1492,3,142.16776631189597,-33.76114153288147,45.25684041292734,270.2618510490429,-88.65252205523984
1493,52,-14.711611781524626,-143.0146074724512,-83.49787164780084,195.43848888748707,-54.900508047956386
1494,8,140.3923189306999,34.29194562154665,81.05973336855965,243.4708001888064,-58.10031291234933
1495,10,129.61942838812277,59.697256797932845,89.21848181833474,99.84133445286781,-44.19800471725915
1496,47,-91.84741831364181,-108.85130088068168,-99.84923989092842,29.506327213876,-1.5306942032615805
1497,28,-86.5642202795852,115.12979338844798,23.028020511148114,113.66033512617726,97.01105607463941
1498,51,-38.97027078703339,-136.14842430737255,-90.65584035348685,76.28796930144425,-41.508897427776404
1499,38,-141.47924361734894,-13.586696214306631,-70.13147539802594,204.10079560520828,71.18601729105956
1500,37,-142.29974125654337,-0.4833493990005016,-63.48278879038216,181.8221971759062,76.6424512749166
1501,19,41.13393388758789,135.63542211982312,91.21575139148007,239.0695044741064,40.461378094981704
1502,47,-68.8658755402153,-125.59881313501708,-98.51012756431899,288.75535511600066,-15.126939844633174
1503,23,-17.870298917118625,141.5720228961246,67.94892296563297,169.89315943771985,72.97719109220812
1504,35,-136.40578854326745,34.84566383599924,-41.80821345509682,218.73088266630975,90.49585252099709
1505,14,95.85217912022102,105.9623778026776,99.66167079926221,192.03145716513603,-3.4351165540585358
1506,26,-49.44371138155372,138.44558632373096,52.41168223100094,0.184571577314922,84.82817745021308
1507,38,-141.64959297245616,-13.326938922076392,-70.26025837754645,189.8997451162716,71.08032787186056
1508,56,33.96447162664679,-136.63096956221295,-58.565939272658284,89.97707520276838,-80.67760383740554
1509,47,-81.29983834313107,-117.5225801630212,-99.48951006146288,299.67246224569544,-5.183095147345079
1510,49,-56.69422352053955,-131.8480869944567,-96.04867295054697,236.6055336928012,-26.200572042143275
1511,54,15.317225941090236,-145.14168491414767,-71.01946624656327,265.17838468774033,-70.33441851111183
1512,18,52.50221603852995,134.27727947193748,94.97547432555693,80.02526070912566,29.73843326969214
1513,15,84.86251581943502,114.95889301944223,99.51682115574401,120.62635741537905,4.905800749255964
1514,38,-145.30457848995235,10.358754370080254,-59.12365415137291,45.356568556803204,80.21989924142974
1515,17,50.267487550288735,131.85998507377053,93.22757582865212,294.35614791298116,35.500481578268605
1516,13,110.0166846151327,91.45736140103523,98.26434575254571,171.68622742186042,-17.62240629703441
1517,33,-127.36043591762436,58.564285081742405,-24.96612516867718,239.76873129317198,96.42313836962869
1518,58,65.65677479791285,-126.28545394403866,-38.78837117439872,133.64159445735478,-92.10999268340379
1519,1,136.70483901291223,-51.883197904432556,33.19940975737378,255.31446162562332,-93.9255984347843
1520,15,82.6062366740552,116.67394225725073,99.29349496402726,136.39027288881346,7.173271297018767
1521,60,77.93063503815206,-113.62586932157208,-26.42828563610354,6.183306981392664,-95.97959677705921
1522,43,-115.43121111752733,-83.12471568177364,-95.51174834856407,282.82902632207157,27.970574991494843
1523,34,-131.78167643131195,53.22489777411346,-30.23098798302318,162.8663433399709,94.82605946525572
1524,23,-24.820651781406927,139.3855323334233,63.547157014042924,205.31626634764888,76.58962565930412
1525,25,-55.35509624670251,129.69944513687568,45.09173068732567,216.96101069705927,88.74077508785714
1526,57,53.98824809673048,-133.10612843288615,-47.24216859999691,178.7186094152709,-87.59134148207221
1527,17,64.01146493137264,126.88796674020644,96.86426362025958,207.3199794156483,23.511930311956903
1528,34,-136.43513438888667,46.363672506239645,-35.976845410847204,103.01575684276905,93.08307241903915
1529,6,140.58880964505826,5.81732235416079,65.44869640093361,59.7363228011504,-75.02907321570656
1530,20,28.364626833270506,141.44164224236584,88.08059791850091,96.0841684808566,46.32683466107296
1531,54,-15.35027686525781,-139.04504685733707,-82.10237002865173,23.76683947261716,-56.82985597672035
1532,55,30.371845906238956,-141.53251937743406,-62.12525404111986,214.24149883064416,-77.7565508222807
1533,42,-129.81352988994533,-59.70163737567516,-89.40845073927555,189.21787512948532,43.842598047605186
1534,48,-78.50468995755232,-118.20504367148926,-98.753353281848,67.27473599512874,-12.657425871748794
1535,12,114.8331677632707,85.94164868406402,97.18944251069664,198.01512780758551,-22.4399593256865
1536,49,-56.078940525047116,-132.6867637659535,-96.36781931102473,292.7865011898977,-25.148487639166966
1537,60,77.6557335307349,-119.07338523300842,-29.0060171390918,121.16841369528994,-95.19765036179038
1538,62,90.50040811704109,-103.5821307373395,-15.707985892213063,6.299617570226227,-98.45289956585783
1539,28,-86.39577704582966,108.66594622939093,20.406166238752014,261.2944308282743,97.8063869876072
1540,62,98.59397667706598,-101.23766108594204,-10.267504341108625,87.96432823567525,-98.98873983382168
1541,58,56.26817159148536,-127.36287508652902,-43.540059964836516,46.87218180268512,-89.57016079717351
1542,58,62.35452608698534,-130.57388036677227,-42.116329835286,208.8875269633807,-90.3311607994666
1543,16,68.3538343475089,125.20057634323378,98.13345947332317,149.86200834119097,18.951317970859797
1544,28,-75.11858571449545,125.50377889053334,33.89134043816217,44.59811261453459,93.71570352725426
1545,12,117.08735007296045,81.03554299558988,95.3449615238452,69.5062519910112,-28.520397388485335
1546,32,-124.64213673560582,68.16081679077097,-18.654045879660703,171.21659368972962,98.16273819718428
1547,47,-88.19337156298582,-112.31562781895279,-99.92296282977081,234.8737611159096,-0.7821720920188562
1548,25,-42.59950864397894,135.66400323082587,53.82856570953168,177.0023073294228,84.07083706102614
1549,62,102.22100116971717,-94.2656583459519,-5.326320695414336,38.071913322610804,-99.47540358663417
1550,43,-124.23805915578221,-70.26740626184319,-93.23429007992416,154.26586991586404,35.47834766130839
1551,33,-127.91371971173845,70.03316346167875,-19.647051861850734,70.9213728406484,98.03666184948048
1552,45,-104.25713670152334,-97.74293939806296,-98.64577179102382,228.36074405796774,13.749719883718905
1553,6,143.8777242590703,8.47214703160679,68.75219613527054,181.07962582887507,-72.31796209259005
1554,40,-142.34330557266986,-28.292128557309702,-78.20280712117531,60.90680701317507,61.5814889581343
1555,63,125.55410547891138,-76.67637881210129,14.893148003631227,275.6332322453371,-98.53315403386097
1556,57,49.95220813569381,-135.08017628058315,-50.22574932516798,185.40364307174428,-85.99658353492278
1557,21,16.374869222211846,139.6291242205546,82.16338989426755,285.87105744745975,56.75550302669469
1558,42,-125.0686145064773,-68.38533213267705,-92.37407883423869,214.28822433843226,38.29430099225981
1559,22,-7.443854666710139,141.0795302526909,72.42301275763494,223.8999798091041,68.62419148023864
1560,17,61.708284459962535,128.7671089206594,96.70306780065773,152.39336212767128,24.043321637786836
1561,28,-83.71924973198634,119.26984122097953,26.76092318672484,61.10027925087685,95.87869226470386
1562,9,132.40259159803878,58.124342084259034,90.53529355365589,291.3173514704424,-41.73442451111821
1563,22,-7.819820346531586,143.782225437737,73.53667795679095,110.3694540489634,67.26718598600308
1564,48,-72.55935521226132,-122.84216623677545,-98.3603580428032,111.97777378415933,-16.647576436243902
1565,63,125.4768187031551,-77.20462604219465,14.953761884745488,299.8765584016251,-98.52718409204726
1566,10,130.790902874827,54.48675123474823,87.011521058807,44.269169743983625,-48.326935753536915
1567,13,100.65227034375762,101.3503498247307,99.22916230082866,204.56738777961007,-7.826452269391952
1568,19,38.964669555383246,135.40996502676035,90.05863541873056,280.08125351261066,42.62618869790357
1569,34,-133.98278906779262,60.7021861883825,-27.28343793172308,26.467316889554876,95.72018912684685
1570,60,82.35710540204636,-115.3949000601718,-25.14736200139258,115.53390078037599,-96.36816076955972
1571,10,130.2170769390118,62.20291486483876,91.29043095478504,238.14375879408556,-40.32166253122533
1572,6,144.64187558553655,10.372871207670494,70.31535369895984,236.3363229238807,-71.03511232752041
1573,16,72.51779669920919,123.55261416029585,98.74590768080441,2.7463696035992524,12.733022383501382
1574,19,38.859964285405006,139.7549230126929,92.32678713272215,28.874791239143853,38.38277749702188
1575,47,-82.32831642720336,-116.85878354425371,-99.28205299280273,185.08109924752213,-7.289443666056722
1576,7,143.58276157455123,19.083129445648098,74.07175090455857,230.9736543873542,-66.61519746154555
1577,23,-20.40902497848308,141.45329301387733,66.91637772080571,149.35485602685958,73.82457874878202
1578,2,139.11920044206715,-46.26737891293864,37.256040211328504,280.99459885343117,-92.69503286274427
1579,29,-91.31211580330276,111.64107525701547,19.36169572325714,108.58829683786314,98.09304082237372
1580,30,-105.68163367694508,103.31815200543407,8.057867565969833,5.328343763589864,99.20636990030962
1581,24,-33.73218507606503,138.6842079967951,59.58313996127843,145.88693224323782,79.84280912781449
1582,58,65.24825869453802,-129.32965246207928,-40.207473963258735,203.71622834803478,-91.35146604751843
1583,35,-136.0181662290793,34.952911990808396,-41.471976295053025,243.51229796051985,90.6755751202829
1584,60,89.21911002626744,-110.77086520878524,-19.613012229887055,125.64468067595868,-98.0469876604349
1585,55,25.372606078960583,-143.79106593444027,-65.6721808038443,266.4480235681843,-74.84566437680866
1586,22,9.48971826732514,145.71902432811547,82.45861196781816,13.927818601647934,56.395773750668646
1587,27,-76.27935411653087,117.91363972255192,29.429103415404235,234.5306453568232,95.06930852450887
1588,26,-64.21195937324548,129.32445647358495,40.77669222921912,98.50445398236336,91.04721238826778
1589,6,140.1135432605434,-4.795932700442167,59.42612216326234,38.33998322614743,-79.97167025478963
1590,59,81.72373612532206,-122.42519549948636,-28.94463556819185,270.0012286431225,-95.21627026043892
1591,13,102.85173990197168,99.08559705867305,98.83148641451814,118.82711460009106,-11.86412627812728
1592,49,-61.27851601044159,-129.67133779185593,-96.90576621493943,212.94139340932077,-23.375114612475453
1593,36,-140.09848420213584,44.29248617087451,-39.08428488302604,8.204888218731721,91.95182342908377
1594,53,-13.300423019909744,-143.20678845407758,-83.04171669198922,206.18576926253203,-55.68525831477776
1595,35,-138.1923863816102,33.19169239625115,-43.75295790421849,164.03606319875507,89.45636441891676
1596,38,-141.33663104218516,-14.856406235002002,-70.50352473757118,213.924124611066,70.8806844065719
1597,59,73.48280886888531,-124.91085613722856,-34.11153107384676,217.98271152553485,-93.648909418539
1598,53,-13.772537651994318,-141.01047913815052,-82.00813644201372,91.03184913090035,-56.94467997849952
1599,21,14.562507728119643,141.71704163018254,82.67849798190254,175.7394745605229,56.127841764067824
1600,19,40.22263316579059,138.07612020914155,91.75688267404969,125.20709673742796,39.44899319522451
1601,53,-13.708070873102468,-140.04504515875885,-81.5671334508374,48.99156672972059,-57.482043885043524
1602,28,-85.77883568318495,114.3968523513957,23.062313048504418,145.26669968496233,97.00065354566186
1603,52,-13.641411202793613,-144.51895910332948,-83.72597732017634,257.0246719159839,-54.473752571604436
1604,38,-142.16150486081344,-5.337292337648317,-65.82749325877768,201.10704197352294,74.71820278819348
1605,15,89.88917656268771,110.71766660709166,99.74486478372133,221.1275094429503,2.590433232044257
1606,18,46.320486729434194,133.50888398468712,92.62435770832425,269.95453456877743,37.48902493824793
1607,19,36.4531840316509,138.9780054934269,90.717776393952,117.47975045353061,41.39302330602929
1608,15,84.99657446338847,113.94613230156106,99.2951467826904,245.92485196751494,7.156500088321175
1609,38,-146.1587064476937,7.789027681513498,-60.90709364700018,13.31382715253111,78.75626883645538
1610,19,38.72041740750148,138.3012064605431,91.34174938192236,135.57032142358318,40.22565255659146
1611,32,-125.39986945057463,71.19331691188988,-17.641148873046248,102.12212455258913,98.26249977129235
1612,10,126.33812461523766,63.909001020934696,90.25058294025658,41.93332881243814,-42.26708032882908
1613,54,4.907788915780305,-141.99503709405778,-73.98752658233236,112.43356293793154,-66.71782513465217
1614,57,43.393372132014086,-135.35690135504362,-53.11830621332386,105.21684357646117,-84.45047886745014
1615,18,56.91281715795867,132.19720719946886,96.19464157099586,50.06062421857393,25.719378057451234
1616,37,-142.14074411772648,4.511317465811687,-60.68542407379505,190.2748989722104,78.93818828367866
1617,27,-70.89220066314336,126.9351221970147,36.41268411239012,78.58822509393184,92.95086217529894
1618,57,47.63589495837753,-134.72956534532722,-50.96099566076515,155.12762435674335,-85.60358597768764
1619,8,137.1439488769172,25.202685713873098,74.36912983975088,5.478399130087339,-66.25284004099248
1620,18,48.80273942692068,134.32564326294556,93.81474954028074,153.49422216860756,33.56482953787753
1621,45,-100.50267460383327,-101.06423184342228,-99.10901203631647,161.84377890842185,9.046359276237148
1622,48,-72.00530709284648,-122.56411506057204,-98.32303157763005,95.47649762114814,-17.026558676444207
1623,29,-98.31952701651868,102.22815420758411,10.947719957512575,178.3610462645107,98.92174449255579
1624,8,133.85167174679,42.880843091028964,82.81025438179888,17.612520254699856,-55.967296064430705
1625,4,144.59382479124184,-18.87822913603134,54.64803185386346,266.50895161467093,-83.63282305487988
1626,23,-29.08622778981651,138.18883584545296,61.09609668748455,197.20161394405977,78.60115810947875
1627,29,-94.09476068076418,101.53652959830694,13.20921046342751,271.48582664911555,98.69900728311866
1628,22,-11.51335465644522,141.27746115492496,70.8918413466364,191.0662548882608,70.48992996153093
1629,48,-72.68057367051404,-122.1701473253287,-98.27382839072561,73.08676352661571,-17.526127384907
1630,31,-116.02480294569304,74.44173573986795,-11.617373848122687,283.8574372853839,98.85578938971848
1631,43,-110.76550334970234,-88.60070213153448,-96.94354355793814,284.26238296704076,23.25057942023537
1632,27,-65.85570048319389,120.95352661954114,35.989164372581406,293.76059958337197,93.07933550231344
1633,57,59.13372580326008,-132.37214728673084,-44.585287703329385,221.51753062289598,-89.01147464248704
1634,12,111.34066104040751,88.78180518602944,97.10354317539901,48.86347630893461,-22.723131443824926
1635,60,71.946591942424,-119.29897586069929,-32.198313715051775,40.555597872124494,-94.22927764292763
1636,59,76.54625926711572,-120.67047588708384,-30.55661765472331,144.30658105884126,-94.72728077003634
1637,1,133.2726557041221,-61.87228902631608,26.4589257771702,292.02149186147915,-95.9703021905429
1638,0,113.87189225932609,-76.20527984683176,9.45730561182978,2.6169704510997067,-99.06853738485145
1639,3,141.14340272850214,-34.312901588638404,44.634632578405835,230.1014080214476,-88.98509924361971
1640,61,104.19024387992995,-101.69356492221695,-7.832958070957882,228.24190539305448,-99.22852153577475
1641,41,-129.28595772256676,-58.47051667037185,-88.23110811409774,280.6970649167183,46.04525003606628
1642,3,140.74033318065196,-31.304142501790214,46.14291510041082,208.30691499706597,-88.17890502262169
1643,47,-80.87243528021094,-118.48224932211832,-99.41917151659969,282.40270675758836,-5.897254904531304
1644,29,-103.24022263793825,92.35261362619057,3.662673994859955,271.91097500645225,99.63925836409248
1645,49,-52.34612458609486,-134.43696018797613,-95.45210141945687,281.2953580288479,-28.16720453696471
1646,27,-73.10222012508635,123.26397863711436,33.58873175575002,139.49416726911633,93.80749888071409
1647,5,145.48870041500817,4.375377502188735,67.40087543317895,263.62554176833345,-73.42696190520044
1648,2,128.51750864813772,-58.1449385522562,26.1630399977608,94.96075381032158,-96.06005817337896
1649,27,-64.43872072243683,122.6141982049345,37.78870317524876,282.5400576083082,92.53345129588942
1650,3,138.54420512835978,-42.822358196405425,39.03656140002596,229.53501961693124,-91.97733217538244
1651,60,90.22472727946327,-113.10193521286655,-20.47676323347754,208.33494907045758,-97.78497162030058
1652,17,63.63729047437023,129.06130169167213,97.3950070233721,82.90682846955283,21.76230404154816
1653,27,-76.75498240943612,114.47114878785838,27.61959368586004,291.6800482210819,95.61821737896904
1654,54,12.2683456055848,-143.87309476761953,-71.75173469623896,212.99957719869258,-69.4421464797883
1655,45,-102.24572236120663,-98.90706073040126,-98.56717424726585,298.6986034666077,14.54773472572061
1656,15,91.63785512555773,109.29447035478135,99.7031430279462,290.2257807695445,3.014041639521417
1657,10,129.25822450236632,62.08976518926484,90.56031006230262,135.34713468848872,-41.6876219395161
1658,47,-83.81553868340916,-116.21651147186691,-99.59044684183445,260.52268742079616,-4.1582660625023955
1659,25,-55.09054938259188,127.69632236118196,44.26585446665031,262.7307654858192,89.18221535296284
1660,62,94.53070479468889,-103.59805163926072,-13.776330703848163,70.6859105347391,-98.64315085593658
1661,56,23.362377125925562,-138.95928419540988,-63.910733325361974,68.98995227500367,-76.29124640669717
1662,9,135.92951929552245,45.399619360382616,84.56604385718592,138.23796977295558,-52.90209943630383
1663,62,102.13205666335723,-92.95707825234767,-4.6944856818295655,17.29854551702256,-99.53763385794527
1664,6,144.4885267965294,11.283550095266428,70.56384556194244,229.7535620851817,-70.83118040443483
1665,60,75.09586783727956,-116.35098994676902,-29.748837073105875,19.734154743948533,-94.97231836583998
1666,28,-76.02311768160226,126.12359516087328,33.90601635054566,16.52936743067273,93.7112516372627
1667,39,-139.4329379446355,-29.261110069598534,-77.00420507274019,212.47851456284008,63.04199034253695
1668,16,69.72583321664398,125.18265594186148,98.32563125510893,100.26313436815965,17.000163688593748
1669,21,11.03606001312471,141.4483450709373,80.88207314796318,202.9688470107325,58.316792600894146
1670,3,136.20630224291904,-33.90177404945154,42.20086548649107,73.45933782271244,-90.2859755291505
1671,53,-6.503878772980945,-141.83965295629747,-78.9958190250052,105.09518237050035,-60.61520078525531
1672,55,15.3634534994942,-142.2071952116929,-69.7451783970512,168.37159413219513,-71.50304292459707
1673,38,-142.11252165437264,-7.224609130343502,-66.57753640104309,209.21568920992416,74.10265852624693
1674,51,-27.493725793997115,-140.02425088610934,-87.56568734788254,161.3577367726979,-47.29016408446903
1675,22,-14.110816881568478,145.30757782352995,71.85082521819666,15.528637132186637,69.32140428291873
1676,41,-131.2912372179528,-55.872791839266974,-87.93652174338033,201.9024861522431,46.59638208663337
1677,7,142.90561909013013,25.87061544894221,77.84185552125244,278.59587831893,-62.02130992463271
1678,48,-88.63641530246832,-110.30976661886608,-99.49705835887234,0.98159307390851,-5.1064559411233645
1679,9,133.98870110358962,52.0191679109552,87.31195808715083,183.53270446271415,-47.76485789808771
1680,22,-0.15811332344234738,144.22251690467112,77.05380543069684,100.25836363584844,62.981552108214615
1681,59,68.88055810109188,-128.0849386281171,-38.01769520412246,226.5805862066236,-92.46398731335465
1682,31,-116.33787745120443,79.06056362210605,-9.050405857083316,226.28954896953513,99.10861348318389
1683,10,129.8486673641535,55.30862438662626,87.13487292730865,29.874696300589797,-48.09616075853961
1684,2,126.44522326836676,-56.6270822005669,25.73778962314252,18.749828892591278,-96.18905648279909
1685,58,65.00744794145362,-130.61303894966193,-40.88408041854258,250.39077986261177,-90.98981217552719
1686,21,-4.557957932239298,140.2864663467867,73.63118932296817,253.42485609050675,67.15202350874567
1687,50,-60.51688279723571,-127.7587984086421,-95.82581348912683,50.54570311536884,-26.93524112332858
1688,39,-140.4910306529318,-25.47760624774804,-75.89263651484075,173.17371842554297,64.39644107102535
1689,30,-109.51528112637313,92.84443680306065,0.822774537048764,128.49967444207726,99.91896384092755
1690,2,135.46231689095868,-46.334207646628734,35.441736013226276,150.80048524010132,-93.24539610355063
1691,0,111.49072006527791,-83.08083082809345,4.958570069955448,33.57229448262576,-99.51162383512482
1692,28,-78.55867068440568,122.19830676284803,30.380317645334294,83.28168167367791,94.78076080090605
1693,33,-126.09893067039266,60.75770294602549,-23.257859264021004,245.2272628984487,96.94133524115057
1694,14,103.62153646147466,97.81856492315562,98.55508496187784,47.86947566504327,-14.670479390598809
1695,10,131.31034995102195,56.95140645952654,88.66275832482508,152.0918132231189,-45.237689709407235
1696,29,-101.55531550779644,93.23240727750164,5.026322930858057,287.6744939977251,99.50495076569146
1697,17,66.47571554188781,124.9449011082909,97.02698791579715,281.214162760568,22.97550027695952
1698,43,-113.88415796500072,-86.50097855693866,-96.57528498546999,222.90267148321928,24.46456506549249
1699,54,16.059589651820716,-144.67868611520515,-70.74119587461949,256.9560375959957,-70.67349207100831
1700,26,-58.537058794291006,131.36908450271306,44.359724944259284,114.96967613290671,89.13204051140195
1701,49,-64.52276705674922,-126.67221189224267,-97.26330477682406,131.29698147647042,-22.196468101018276
1702,30,-105.97341180168472,89.59322203721062,1.3805055823771157,263.64780791526755,99.86403216806491
1703,9,134.8853037338136,50.59810147483796,86.71696700402143,192.25737255105983,-48.87800734527916
1704,56,19.311695203967922,-137.28246064432565,-65.3780583206518,1.6929580127629478,-75.0870443676873
1705,21,3.7468863405558928,142.9874916028761,78.32339490443243,151.35108715097647,61.434552262490385
1706,42,-126.16338444504255,-67.14065529959068,-91.87819138716654,206.17149952987126,39.22204067312066
1707,54,4.0399880861926025,-140.78629473869654,-73.84685192673747,58.32065713633828,-66.88923776448621
1708,26,-57.2041820794886,131.90040994117987,45.04728231542845,122.13851934109726,88.76453324989477
1709,21,-5.931800653565857,139.19923883559008,72.45303488551704,294.873728014195,68.58760939747667
1710,43,-118.01047928160644,-80.30479794500165,-95.28446516657002,204.68704199741853,28.719827122951976
1711,59,68.74713964191328,-121.83537072169152,-34.97717216319349,56.756781662980956,-93.38632002707622
1712,32,-122.97916511652423,69.07422947404359,-17.343770774588425,221.052358347382,98.29178893594947
1713,62,105.32797385076945,-98.25507035674319,-5.729295231853228,182.46756316833682,-99.4357140882764
1714,42,-135.81767769654226,-50.568869110620355,-87.92812567803536,3.943146759060414,46.612090011949114
1715,22,-11.138589153177952,143.39844408730093,71.97267176637823,116.48289164300712,69.17293377718568
1716,60,83.09213003123969,-111.54589233069149,-23.012929263946347,36.219466217346934,-97.01563395508884
1717,50,-47.81245639718252,-131.86637399448577,-92.95999391889264,5.0374978176953205,-36.382580792419546
1718,53,5.002490514162655,-146.51514288196546,-75.72581259250785,287.99056698527966,-64.59971668684528
1719,7,144.10747968176065,14.368920744332494,71.79891832188582,224.97055798089195,-69.38465304344022
1720,8,139.99318911554306,29.264338025133757,77.92810913578052,156.93220473896406,-61.91620955074926
1721,53,2.960165021846225,-145.0282084747643,-76.40180637757553,249.00983119109802,-63.77601555916246
1722,59,88.09553710029319,-116.65825916818693,-23.048615833196628,243.47016670574098,-97.00480855109848
1723,7,139.89513364997117,16.489490226733416,71.19765919077152,60.68159665041386,-70.11728969671782
1724,30,-109.00361899074325,95.8662077419126,2.8366076347611857,79.36617568509612,99.72061873919777
1725,32,-118.01619075684178,82.77089012028331,-8.128643579817998,113.73160511641579,99.19939907651957
1726,9,137.08704919809605,44.378674804833416,85.01915034563717,228.35380558732234,-52.05439725817107
1727,1,135.9594679261856,-55.56724898082901,30.75842261426792,281.22089980539107,-94.6660638960072
1728,15,82.39642881261166,116.12382067718342,98.95122809154746,268.84528221437085,10.648367732671623
1729,2,136.96144372119602,-45.68116506506099,37.060212806619,207.10364952136482,-92.75443646507696
1730,4,139.33176993101114,-13.123744292573257,54.93539242468007,47.92134646132142,-83.47922555033074
1731,61,111.15203857465556,-97.29058036669359,-2.6514074257327036,284.3673706748625,-99.7388593542427
1732,41,-128.00888561577443,-62.36070453221829,-89.76682321310332,250.33733695309343,43.17213065331778
1733,17,61.83673512061656,129.76943463290536,97.27656265829485,62.49623597671763,22.152762729316514
1734,11,129.00932435133103,64.37279382030763,92.49823360944333,281.7152208233855,-37.904800311883434
1735,11,123.65486746692217,71.9942871844496,93.76702060965722,178.0113473893893,-33.72217071326983
1736,55,19.32581427909712,-143.77894491962837,-68.6377574228407,241.1801630746062,-72.41187948055254
1737,45,-101.33699680688756,-100.8474829235891,-98.78092362883623,265.06254007797907,12.37749923481105
1738,63,115.74316253867661,-84.24931738501377,6.401877829320314,152.63697378516883,-99.36947053320333
1739,30,-100.94648744303454,101.13201447501886,9.291094454225114,145.34691650207756,99.08490774295173
1740,41,-135.92238137190566,-44.016204659169375,-83.85243472328106,190.58784813741636,54.2371675330205
1741,13,109.58882961451009,92.46403522806382,98.49411499404509,242.39049876751105,-15.289518318796556
1742,1,135.40486549593308,-51.28909499439868,32.93651989071674,218.16610253702038,-94.00534521547293
1743,43,-120.01560499144007,-77.13675678103584,-94.2674480693702,239.0752737424612,32.07248270054454
1744,25,-51.40873454994854,130.45650590040768,47.14543638897288,229.40110946373176,87.64304595280244
1745,4,139.3847842806505,-12.23298757191206,55.53842703817566,38.75780766982799,-83.15689666739993
1746,58,63.87422131808361,-127.66659401579433,-40.08747180613791,141.99825286879957,-91.41560857000121
1747,36,-141.83664782112567,36.27170217718467,-43.919256522043,32.912770896513585,89.36747590983835
1748,32,-122.51200765661206,72.00728121842349,-15.968205424957763,162.2018307254117,98.42727019778708
1749,62,109.4478363846526,-92.73917297886366,-1.156984515239016,165.90552397073517,-99.88604705542107
1750,40,-140.66091480873607,-35.81862595057777,-81.67924074238822,52.92202059059187,57.345440702423105
1751,49,-62.65558922983267,-128.46280458211046,-97.06661306241277,185.07005020669433,-22.844873693414748
1752,44,-114.12728946476732,-85.519617479555,-97.12956832527036,124.86474291796229,22.63733803473271
1753,46,-107.06152568717809,-95.26632806821834,-98.76179993305094,41.58232012391921,12.571665519670928
1754,55,28.85778892466344,-141.33988943637488,-62.875940819215316,190.62167713019488,-77.14047834226291
1755,37,-139.9014245882921,5.73297979002501,-58.63710708999636,273.52879810340954,80.61919794162546
1756,18,48.948621320087284,133.45390418405168,93.4755021733808,212.7261835493025,34.68317806904016
1757,4,137.9267135761266,-17.005836495327653,52.40455979110092,21.73024676108732,-84.8319844756231
1758,25,-37.879272202148734,133.71531592020713,55.36187662972788,277.99605087490085,83.25126487556311
1759,29,-103.58868546064515,91.32108342805208,3.058691987373619,281.5491920151036,99.69874535576716
1760,42,-139.11532836056602,-43.68565813887339,-85.25074612872866,15.258337983241478,51.62111224730293
1761,3,143.91175518853075,-22.83158917755382,51.87414139560032,249.52018543409235,-85.11549916131686
1762,9,133.06584684393454,56.34016181632776,89.57718960697751,260.9087831705222,-43.52690999340069
1763,36,-145.39265996101406,20.762147296208834,-54.068961161036434,0.041854541113881934,83.94234294872966
1764,3,145.59445460149072,-19.122318963755152,54.77094602117825,288.4295336058068,-83.56712402971564
1765,32,-121.39379171669556,78.42946439764641,-12.04964511240224,93.88703193908326,98.81321441764867
1766,30,-108.27863182109822,94.52096040245135,2.518220218480994,116.32713475679289,99.75197713952564
1767,42,-132.21724935280213,-58.413481372535465,-89.75934261054434,72.00597821552331,43.18612586911058
1768,30,-106.73030273788451,92.76427851223701,2.3206704826205606,185.6524956677264,99.77143407590258
1769,33,-130.73922918558122,53.84323884907261,-29.063063933084322,207.84600678649755,95.18034540353025
1770,11,119.85720069385707,78.11460693825788,95.16561247272178,162.95915118007022,-29.11163189008847
1771,48,-80.16595635226078,-116.7769136886944,-98.83504455396042,21.783360808165064,-11.8279998554798
1772,54,12.120793369338635,-141.66242672325046,-70.8742918177654,124.16050943415897,-70.51131413257015
1773,12,116.59849426939938,82.57339978045378,95.80943539937739,104.76562192818663,-26.989232441763555
1774,61,96.00109418614016,-110.27352233616381,-16.05073093640852,240.32212338547194,-98.41914215034234
1775,56,35.57978412660188,-138.6950015276985,-58.57225008463513,159.90948864227508,-80.67242468985832
1776,50,-52.11364887508352,-131.29169962603896,-93.91470824870615,47.42362963190734,-33.235309884516674
1777,28,-91.31106114954615,116.1671039135683,21.597371416979172,0.2924713659189645,97.44503879525877
1778,6,142.23670306809186,2.6747387973045353,64.80521107418281,120.84637341698343,-75.55716777215021
1779,19,24.541355140793243,138.46112250002747,85.19852241399857,288.4316464680541,51.718815895022026
1780,37,-142.48959602104463,-1.14494682418795,-63.73937992244377,168.79651151913345,76.43187245603713
1781,6,140.94390464411032,-0.022169270465449406,62.392779203092076,76.35585533184997,-77.53699868041198
1782,63,122.40554299267963,-79.3423575706818,12.136344524586614,243.8761862708357,-98.8046752771662
1783,49,-57.55258857919633,-130.1260761780419,-95.7094070107988,138.1010627621762,-27.318981799772335
1784,6,140.06078751920091,-0.9630536955150559,61.45617206656523,33.66401573911053,-78.30565199660118
1785,58,55.27606098998231,-131.83796636013574,-45.96089384481461,154.789661752741,-88.27619746102069
1786,33,-130.2757492794235,58.511457734354664,-26.712544253882257,154.24082289422006,95.89336785565153
1787,14,90.73916937812601,110.98867115007401,99.90667352058207,75.42634177513605,-0.9475603456083496
1788,14,94.35255696579394,107.00866680728178,99.47570478999167,58.608720335091654,-5.323262524150216
1789,1,131.69839905254744,-65.12480197473421,24.073680403096404,296.5266249967865,-96.69385856855644
1790,39,-141.329100970699,-23.795676223212496,-75.20936137392208,148.62181087775645,65.22901455990143
1791,49,-49.06827527890184,-136.09411702249716,-94.42695536303438,260.47532832197203,-31.546657697953805
1792,27,-69.29302541461273,127.56233600134838,37.18136149007109,92.67231296502983,92.71768640843605
1793,23,-31.73522411244021,135.5095523226111,59.0286090119438,269.6468513285888,80.29790074148319
1794,22,-12.162152033659714,142.2033954403541,71.22328401846897,153.60462281903062,70.08606574179795
1795,19,28.964315272617345,137.5994636492327,86.6783602874971,282.4777568556029,48.95023539436335
1796,60,86.47777868592026,-114.09712938288558,-22.73003485977939,146.7557604909474,-97.1014490467621
1797,54,7.0587609970048915,-142.04460937735232,-73.41702196242821,141.1760596466323,-67.41298729315673
1798,44,-115.427874111988,-85.70198401760275,-97.43994555147377,54.69378196652696,21.614161589170806
1799,44,-119.48962759449859,-79.571196551088,-95.92330216287024,59.00797974631528,26.61386408190235
1800,51,-35.67497345786182,-137.68568093181673,-89.96421521114536,126.48944386910773,-42.80283639037717
1801,21,2.1321938335207715,142.62840935374527,77.52081681342096,156.65652996864978,62.41249687266678
1802,40,-139.84864346373416,-31.027979322263967,-78.80202770005243,138.16635812422123,60.85133628890166
1803,60,88.97776156819548,-110.23372823653173,-19.51925448841118,110.96801224939448,-98.07542876446988
1804,38,-142.12606664940643,-5.071851725624779,-65.73554697472268,177.78474881344798,74.79366112434522
1805,23,-14.208570037004291,141.5388353977314,69.99865718194366,162.05266520716432,71.29501834204508
1806,22,-2.1983729510959638,145.7242267452993,77.43235284570102,3.398059903830196,62.52029057074479
1807,29,-92.97120103344395,110.4139719310196,17.962951705053403,101.70337039192168,98.23080498212443
1808,63,122.77296860689428,-81.61201221322655,11.198784542879665,293.9340835725861,-98.89701680743535
1809,43,-113.54725354956166,-85.92197863350263,-96.39788534224115,251.57716754319353,25.04937323142365
1810,63,111.16140032053947,-91.40664648112046,0.3310546744235107,177.61773184961558,-99.96739398456046
1811,12,116.4947062283668,83.28619084325027,96.56499572287117,180.95026113551856,-24.498484213691835
1812,28,-83.6756256972371,112.72730626428356,23.44970002363033,233.76189993051682,96.88314097456188
1813,59,74.5754880867098,-126.90774243914781,-34.763485225815266,299.8023035624725,-93.45114126019494
1814,40,-143.57892004596857,-20.718385198520117,-74.68788954270792,64.50932521042783,65.86443006950248
1815,0,120.06430223522557,-78.13283652500046,11.431280719723121,162.9527677112751,-98.87411794958055
1816,0,124.16470233486301,-67.50412495203604,19.155942367564748,94.87852085825426,-98.11330574418497
1817,45,-110.91785441170707,-90.4146811377839,-98.29676323721785,66.19773864410965,17.293265809026277
1818,48,-72.0342976771171,-123.51176965610651,-98.41389063914617,164.67420973315376,-16.10405046367488
1819,26,-61.228363162999095,132.10167524244187,43.34037228788215,77.50644288883977,89.67689613940313
1820,40,-144.0325376808629,-21.8591212252987,-75.71365671734918,39.28707797348078,64.61452866928852
1821,62,99.79704300765565,-97.54837566639034,-7.980191619779932,43.01041300294596,-99.2140203076182
1822,50,-56.734763082215835,-129.34685829891097,-94.97044710158052,29.74791241029481,-29.75500580377316
1823,40,-138.38818732038285,-36.70562911179017,-81.0990656894443,169.70198846859688,58.05238632221976
1824,36,-145.03195965509926,23.61144383673572,-52.154917059817784,17.75074788471969,84.96542136449395
1825,59,76.65954125781661,-124.35007044812005,-32.169278535541565,228.89385175156366,-94.23808536960837
1826,21,7.717484867771467,141.4230677835142,79.24246722332572,213.28050596064406,60.31465897024853
1827,24,-29.509282243402847,142.65048216158164,63.325217159998786,29.275518365607425,76.77176692019415
1828,41,-137.83424380479156,-43.825736198525505,-84.54792070594092,81.93704572060626,52.936005449959765
1829,9,137.2288144938361,45.99092429306782,86.09740172248634,277.88671070250086,-50.037131860242354
1830,10,129.73971050819796,53.607764974516584,86.55258296636973,14.799375214700948,-49.18554808971631
1831,36,-142.2268415386054,37.031106510977125,-43.98557983837521,8.625506303952724,89.33202534035658
1832,15,86.47797774716979,114.48106429846632,99.64776547733258,112.06873422374687,3.5762997609641416
1833,1,128.75689819153746,-67.59894433602224,21.096001625106283,230.38930217490451,-97.59712768078646
1834,58,56.54462582950636,-127.2931893088004,-43.29924876323044,39.96958740013437,-89.69887713264384
1835,45,-106.35293536418482,-94.92161438263811,-98.6143460538172,124.93210271771018,14.068790983306302
1836,42,-126.44687950751582,-65.33606845242986,-91.35242937934765,218.90516009231547,40.2056716971012
1837,47,-89.42048089933108,-111.41064671243709,-99.95340380238503,204.36886919267894,-0.47309948249904066
1838,22,-8.57053122095625,146.0754526665972,74.17775824448843,21.82627546919119,66.4860270943444
1839,32,-125.66632331686222,77.29573713069048,-14.762244301816624,4.915931321020336,98.54604691365459
1840,28,-73.91685106799632,127.84499375882737,35.561360177085845,3.4654374952234845,93.2091085049388
1841,25,-43.73195146051492,138.20207933956652,54.933695945169234,77.97464639133901,83.48013233799001
1842,61,95.21807009853352,-109.23652687931934,-16.121601103322888,213.17488341411013,-98.4121620532915
1843,23,-25.481066755963298,137.95584996967818,62.65971826826812,248.20443363412681,77.31792753556797
1844,9,136.4363157888538,46.95624318967257,85.94628710633467,236.8111463035594,-50.319847275987826
1845,48,-82.93804868843752,-115.57136840158878,-99.10133119008924,55.71955952129054,-9.124344274182153
1846,27,-71.48741505465755,118.87028650677681,32.30226516831632,269.0307714985289,94.19774430978256
1847,60,88.56836870899234,-112.89634963284938,-21.182121436264165,166.13377304483652,-97.57100351791672
1848,55,24.980855163317994,-141.54588070975862,-64.66362851560636,175.54162873026996,-75.67336153036551
1849,18,54.33257971576301,133.24027099596844,95.28514535391827,91.2149287180317,28.717584846088442
1850,58,51.14058201550627,-128.86938143605326,-46.36635354665335,15.74958012038832,-88.05947462315643
1851,61,101.91853992031614,-101.94006461420366,-8.851006219629063,190.16597482062855,-99.12825261883057
1852,38,-145.51911167292909,3.83378352504152,-62.4286351599486,59.60467818315028,77.5075724684304
1853,48,-72.92812314278544,-122.78729311418337,-98.55160352257668,191.50442618455205,-14.705827063070757
1854,30,-109.77180271552159,98.62676181802254,3.886307874832255,11.757795308051408,99.61723236565015
1855,33,-130.62708089096714,61.69841376431943,-25.10564270443344,92.50452924903719,96.38081618175718
1856,55,35.68326942188475,-142.38316035172508,-60.312851637859175,287.00706669799536,-79.2439504621143
1857,51,-28.138294944931374,-141.82172453343082,-88.25470052876744,237.94947340760166,-46.00111175552373
1858,60,92.3824565556988,-114.78156510646366,-19.902992860740255,284.0456880514153,-97.95902298508751
1859,55,26.932811474485593,-143.98183901577457,-65.18810454979885,297.1328720022647,-75.24293533861264
1860,14,96.35157712828153,105.36413164869518,99.26272963870849,50.46990796478919,-7.485637117240612
1861,62,108.27524755870442,-95.19439335724745,-2.6618548216660654,190.384048792252,-99.73783037631424
1862,56,29.86632846409074,-136.166201621431,-60.08290300585699,36.71166319604532,-79.43266435468304
1863,53,-14.457079866541052,-141.05269946531948,-82.65526928155607,102.34169564622673,-56.15614602823809
1864,7,142.39093396658998,20.05693574989508,74.06944320576179,189.46136110888628,-66.61800940174862
1865,1,124.57203526964274,-61.724360491550506,22.292354336356958,45.06787903304452,-97.23421800114173
1866,3,138.0080572432372,-40.42453616725721,40.11410903913913,194.7763943479914,-91.40137066496973
1867,47,-88.44271015349761,-112.91186717362638,-99.96200704333634,252.20684776840366,-0.3857492468529478
1868,42,-131.89793425924086,-56.20241784170836,-88.91252016094988,113.27774349274306,44.7704184213241
1869,31,-111.38137489548089,80.6849619394205,-6.326351198092293,291.71532942050874,99.37690925162107
1870,48,-70.77188487197864,-123.1680131900234,-98.17297552862402,87.53797697940196,-18.550104432628217
1871,34,-131.54575742935597,56.53520004323275,-28.24130042757375,138.12545175481506,95.42962467353483
1872,25,-46.74230907255134,131.83508352637216,49.961772529358356,236.24146117873408,86.13768214486781
1873,41,-130.95789324551086,-55.380146965034875,-87.19992670899958,254.16905611178984,47.97445375623275
1874,52,-18.87444813840798,-141.51954575211943,-84.58782204346662,158.83741919185746,-52.86135533659113
1875,5,145.72150722245044,-12.828688615906426,58.34943541910708,282.5848454522835,-80.85528388970258
1876,46,-103.71871358308198,-98.11716133064648,-99.00874265650711,71.88535302685405,10.064412124460697
1877,1,129.67663884006492,-57.042590849969876,27.177360180375207,128.1924577837571,-95.7523674655567
1878,46,-101.68856569862099,-100.41319272786359,-99.26892619968021,53.835484372958916,7.422722331506039
1879,8,135.0425007409751,40.4695079388767,81.75661864495068,30.343207206461464,-57.25115541902801
1880,16,70.77617424620016,124.20501454570979,98.2975851561541,158.64717523339883,17.284920719870883
1881,2,130.42560619262383,-53.95517861720417,29.148379303906573,90.85052951173819,-95.15446526500362
1882,2,135.98582706439768,-47.27674207150077,35.303410887833905,187.21760375425484,-93.28735657764065
1883,23,-22.81783560059649,140.30447608455606,65.10386023689281,180.77391990728177,75.31207283282973
1884,27,-76.07549993957248,119.59069590657838,30.16927132118729,177.84716625555217,94.84478101264303
1885,46,-105.58928293674198,-96.53485701423517,-98.90331856361745,60.79471535069349,11.134801691462705
1886,20,21.914698465128353,139.85105556123588,84.6498082904312,242.08230094267827,52.74538728513866
1887,51,-22.439279239775107,-143.31223003202285,-86.65121061733882,253.83575060689145,-49.00102882839126
1888,2,134.0711184759479,-40.53788160097353,37.76306961149422,56.925380479496795,-92.5412271535632
1889,61,98.09787854212684,-104.86779326459573,-12.748698399961139,167.38740329731624,-98.74436372908221
1890,14,96.34410782147864,105.22343146049388,99.80158484459275,261.5365021907418,-2.0145443651603974
1891,7,144.80129080054115,12.933158409565014,71.67233987667743,266.07259022608747,-69.53888938460429
1892,58,47.41300144399197,-131.68274606572356,-50.10384172337265,62.07231461957103,-86.06174453932962
1893,8,135.68002771144876,39.74549103255419,81.68976140659319,60.76068620230286,-57.33262123105956
1894,48,-67.1078618657691,-127.16101265954758,-98.23777679984542,251.19522033992672,-17.89216559964766
1895,47,-89.72603704480086,-111.60105049524093,-99.99244880099741,226.0832491339433,-0.0766686666128918
1896,10,129.348122109384,58.447098320666264,88.57854132942298,68.79599531465853,-45.39524854437819
1897,5,142.40809729825207,-9.811629430067853,58.17218099450136,150.25260357650825,-81.00075278052016
1898,7,144.8624936116062,15.304292610468115,72.90967319651747,294.98154936091566,-68.03119379126429
1899,14,103.66425645638161,98.64434040022087,98.70968501497941,93.3224443322543,-13.100797552585863
1900,23,-13.088412356358305,141.02540675450385,69.93777376538884,207.1537684334431,71.34498405147727
1901,43,-122.28314222389932,-71.66613452841554,-92.59353063614446,298.69270045008324,37.59064816146512
1902,21,14.231361074656734,142.16708312372185,82.82745082950369,166.79695747059526,55.94634212420302
1903,50,-52.83280846602312,-132.4264001229627,-94.70702150595251,146.85068093095666,-30.623403488428156
1904,1,133.4615385671505,-54.29240055367257,30.218965484506313,184.1872842003121,-94.82970645083469
1905,45,-107.47918095056227,-93.81635270643565,-98.55559391695775,99.81997488837018,14.665311879144301
1906,36,-144.2287065930436,24.41627583543366,-51.25121917825687,24.369511290207853,85.44845819546782
1907,57,53.43512447644015,-137.18236308237695,-49.51136249312283,293.3756176332853,-86.37843144945427
1908,34,-138.2388651937736,50.039977303991066,-34.91817477641873,28.210155069851265,93.40421669127313
1909,12,121.0414286410701,74.38573558220337,93.60747801878529,50.89292390107788,-34.248112075143766
1910,54,0.9232535476577647,-142.01701184424815,-75.82538565458637,118.52213526553254,-64.47838651291076
1911,25,-50.53812700626921,135.36330568872347,49.821255258241685,103.6954109520419,86.21279022990622
1912,63,118.46303062593458,-83.9321751561779,7.9389662272985255,220.83213457412043,-99.21808065138495
1913,45,-109.63310236965448,-91.7709288215008,-98.11887040049334,196.90706191583803,19.09944342227456
1914,18,62.14257830550683,129.95597268760946,97.3048955091795,38.61505303902113,22.059361850600677
1915,16,77.76569995646412,120.15142766162896,98.8822689242665,139.68102601089225,11.348522423914188
1916,18,44.52342810713738,136.64205755521115,93.06170975878197,117.80954091546761,36.0472686537412
1917,45,-92.139859326536,-109.37285500326715,-99.58352835092747,276.9400465613039,4.228510731279998
1918,44,-120.88147396719484,-78.67775886465965,-95.89823626071383,38.719087648966045,26.696495275520856
1919,30,-106.16409982583748,101.11108042797916,6.956689653326685,33.71109080912084,99.31482637833348
1920,30,-102.71602091803527,104.1379206949621,10.080766305083626,50.30026768236157,99.007131911494
1921,31,-110.65616693628321,88.82924260337336,-1.7525495873554626,168.9690291089874,99.8273890589119
1922,6,143.482937399741,9.211564106086898,69.06468973600607,187.4872512740416,-72.06150532098785
1923,4,140.4182234635731,-17.095011922072064,53.520994606158226,107.43515783207685,-84.23523732587574
1924,39,-142.15886969621533,-20.786156596797014,-74.29123123189741,118.43334491702853,66.34775980586488
1925,10,127.69189984417001,64.85497432615259,91.92151266734692,177.3986492439904,-39.14099230037738
1926,27,-66.11387073942208,124.1996314908416,37.704445655961,218.88759649512247,92.5590105386151
1927,55,22.605975555394547,-144.50807313019473,-67.49396349236913,291.8355256950256,-73.35056653877233
1928,47,-76.05341758341662,-121.03789495359018,-98.88356011113655,225.69843748247885,-11.33541277395788
1929,15,76.88310996088309,119.05461944161321,98.5298487352728,278.0743860858079,14.926707288114027
1930,36,-141.04601195923055,14.325086955905341,-55.33552617532456,181.18897065561242,83.2653494941612
1931,21,-0.16859659733584234,141.38045179838613,75.7317108902347,215.89590469180405,64.59252958750156
1932,51,-12.76200758722765,-145.12222659800386,-83.71807766695979,288.3224046424713,-54.488531775630115
1933,52,-24.84527090465501,-140.13345289345054,-86.40911543444649,135.0310635020142,-49.453956824533506
1934,53,-8.276268449735195,-143.6619581254579,-80.82979656743156,210.65911678813904,-58.38049182311553
1935,52,-18.272930901191366,-142.4339817736635,-84.66715767587796,200.28486054383745,-52.71292888472437
1936,39,-142.6357922832729,-20.9397738915537,-74.6661312004791,107.1637626891496,65.89094269643235
1937,10,132.72515712378927,53.80037142055755,87.56286276102698,131.3269200014582,-47.29544851206126
1938,61,97.15777961280975,-104.81362275098599,-12.9129710790076,143.5838754480247,-98.72818429431479
1939,9,137.18961001309913,45.12117892276448,85.49478388976696,261.2715475971333,-51.16454994494901
1940,50,-49.25155231091183,-133.80456798154773,-93.75027342680971,111.76398209773168,-33.77737876841194
1941,35,-137.88065145617742,29.88601030050788,-45.00829407665532,214.2865497303619,88.78537290846485
1942,27,-72.82917316637483,122.08595800934347,32.94921231801,167.46474790425182,94.00149500919213
1943,20,30.976379337341893,141.8068556205806,89.5246107140359,34.73976282180409,43.62527813247273
1944,8,136.31544017459402,41.30229822695564,82.6916360619129,94.94225471720925,-56.11183296108889
1945,17,59.89518731637124,130.19932265390858,96.52487285380019,103.59984290107246,24.63075156804633
1946,5,141.5138151292163,-10.578557366541329,57.389145598626435,116.87554877342066,-81.64337307483555
1947,24,-34.69499233068943,142.2273861256708,61.225275049690964,20.012062380796618,78.49514420822015
1948,27,-75.94344090145675,119.2064798420283,30.28125595802448,187.96402893276715,94.8108108395515
1949,62,96.6987300563736,-99.64375957275782,-10.569195207497135,34.64643573654336,-98.95902589891182
1950,11,122.18173797510364,72.6252073100006,93.34615898791388,63.85443217874774,-35.10956534745779
1951,53,-4.599275084938781,-142.7712883643546,-78.62145116831694,157.0694332133165,-61.07136951421997
1952,39,-140.31759650850657,-23.914345746259066,-74.57059712104876,219.67638519819283,66.00735135387437
1953,20,19.866407987298906,142.6279301597913,85.1171095840246,115.79523049749169,51.87112850818451
1954,0,124.66612565026895,-72.78808442209761,16.682209997431055,197.76496581983724,-98.3569469372728
1955,37,-140.95995015480844,-4.118619905294999,-64.29906228768161,243.38685494969863,75.97255318622248
1956,46,-97.03770563817297,-104.57645976722473,-99.69689739527297,56.752272052122734,3.0774546589697738
1957,58,46.20286951289596,-130.5369310151556,-49.913708917967945,20.800458780490484,-86.16337269367277
1958,47,-87.679555381959,-113.34786297797302,-99.98804089650979,272.2963684939561,-0.121422904914445
1959,25,-42.233065895409005,134.43785099165615,53.40741116291387,219.8070658312231,84.29594897253924
1960,2,133.2542063530001,-51.95087445384263,31.38850778523366,147.67903579234002,-94.47492962147955
1961,4,133.66941672431673,-33.14261628574296,41.441941295138164,2.82596887154199,-90.6916291705061
1962,1,125.70762334540879,-63.288194156909896,22.200981635457403,79.50455842197779,-97.26193561092343
1963,18,53.632284666652616,133.7431474155296,95.45728683550729,59.9986589941604,28.150110513578674
1964,9,135.95917159823992,43.451637085328485,83.94400914801635,128.8129803843505,-54.06584392303491
1965,42,-125.855925102125,-67.07896727543461,-91.52816902804025,253.60258168727674,39.87688610965526
1966,51,-42.66857950518893,-134.3986507871842,-91.58873610026882,36.00518951629884,-39.76357314601447
1967,45,-93.99552782858687,-107.75061821299995,-99.53570089325537,249.87154880194848,4.714111416144547
1968,12,120.87082809040535,73.0951605750447,93.17621507386293,20.135855773255212,-35.66979527170349
1969,44,-128.0102678030542,-66.81447118687169,-93.20093979367368,12.793706740065959,35.58828880538532
1970,45,-112.07533370830859,-88.77648254218305,-98.0969480177299,94.02291141447233,19.322025273828878
1971,45,-105.19624755875736,-96.82884587199798,-98.62459910273026,175.50188205992703,13.96468995397152
1972,57,58.24911071631995,-135.47818188453735,-46.434728443299996,297.30571457301073,-88.02292746058336
1973,53,8.164552835469133,-145.71053893701333,-74.41388701082367,280.2285746943364,-66.19830324923652
1974,27,-75.01926388321293,121.57158419755233,32.01354025826772,152.19769520266587,94.28532806633348
1975,47,-89.23320497394346,-110.82940311054635,-99.83567771810132,131.22126502038836,-1.6683933562927822
1976,61,88.68445716148885,-106.55167109716402,-17.908995584261024,30.270969133284737,-98.23611919226411
1977,25,-43.6941247850471,134.701485286405,52.83862114858986,182.9268073477076,84.59997372640288
1978,44,-111.6919875835262,-88.64806625630312,-97.37476191744925,205.97976739958446,21.829043202057925
1979,49,-65.20625872163491,-126.11739553344621,-97.20599095633067,103.54709979459452,-22.385406419242592
1980,5,139.80552317895834,-8.79203533072167,57.44001242342342,53.031133783707524,-81.6016277666488
1981,46,-111.88652465539256,-89.63340743130873,-98.29232788729513,27.983346777353923,17.338298705712067
1982,21,5.1643398364390904,143.7086877528738,79.09687922756078,130.4898648728035,60.49205852470844
1983,46,-93.6981788843319,-107.39219050374041,-99.94578546616972,73.40242457108174,0.5504498051743615
1984,61,100.94744130575806,-106.48782202442065,-11.702038478139023,263.2890546356947,-98.84745065763956
1985,51,-26.619559855259446,-141.41508323375763,-87.49554554485157,205.53479450894747,-47.42139010025787
1986,12,113.55309918946072,85.22014486172912,96.0928426740344,25.54979734734913,-26.054963998563103
1987,40,-138.20051563903885,-36.66420994050673,-80.74782062665359,183.43903006968796,58.480379834445245
1988,41,-140.09600405659847,-38.835652421655816,-83.53922501557722,23.460919288711423,54.82314137846332
1989,45,-99.94959685533715,-102.17406958878044,-99.08465521999608,199.70560149310072,9.293658364710284
1990,52,-24.66977860509847,-138.1919530864361,-85.47094445256697,14.381220606141378,-51.20915037190155
1991,13,108.75148339828938,92.57888792513651,98.20621137704919,109.76632404822786,-18.212654951872704
1992,56,23.243557530400896,-139.9846518241788,-64.69344671637427,115.2874152651777,-75.64889037484127
1993,8,138.8485142525661,33.04241726442989,79.27136270227703,120.36651209193933,-60.27944971370966
1994,53,-2.266895082067889,-145.90837048556912,-79.00820553087526,273.61120074775283,-60.600107778368894
1995,6,140.30515498928784,6.543318615604665,65.54303761655663,40.955171552959314,-74.9516494107686
1996,28,-75.37391670288282,124.86882062858598,33.42558000383213,49.790145941854824,93.85699043071034
1997,38,-145.56349816381842,2.3791850863141097,-63.3590354210164,43.55719588213549,76.74401300132551
1998,3,135.56445288103185,-41.369444306108846,38.397317451655525,123.74810610904932,-92.319015361036
1999,48,-78.68064334685826,-118.80406000311729,-98.97441435503865,139.3852918238156,-10.41295347528072
2000,53,-6.816497500815964,-143.09758591734123,-79.90018344765616,170.21781175886284,-59.51322912334244
2001,7,142.18782663197317,18.884740169402676,73.48361320430315,170.35236330341644,-67.33184559890181
2002,11,128.03908112822103,65.44566017547594,93.00589831189522,298.3372024016752,-36.23125431063288
2003,25,-43.914748146665126,135.66078881719216,53.53490748438221,153.2360080959262,84.22780073368698
2004,37,-143.63398790942315,15.596237079077309,-55.74526783776625,92.11757351521575,82.99246816819613
2005,17,57.60308722138983,130.0446958950536,95.40589229036388,207.69690986897388,28.3195355988671
2006,25,-44.43021284287157,135.41287654559042,53.17765709026536,158.47214639806077,84.41875514639435
2007,37,-145.30941146638344,14.977358753157759,-56.87374233306337,30.31212265848625,82.06635344066842
2008,1,131.18105436522387,-60.854118193520854,26.24825916896534,212.2815883803788,-96.03420721669153
2009,58,49.19873422926012,-131.48020283897768,-49.067729724052846,74.08622227431971,-86.61555822739646
2010,44,-117.0194214403201,-83.20993895740273,-97.0314267206989,34.11486245247689,22.960867500329986
2011,63,109.43878287398914,-90.6388916333567,0.12230281395149206,124.63582446161479,-99.98795423309775
2012,46,-99.92172131246781,-102.04066626892265,-99.47057661237642,24.188449482239285,5.375329823632306
2013,35,-137.65047495067006,38.00934180040048,-40.864717353786155,153.18199492775017,91.00016195461679
2014,8,140.03032146184717,36.66112459194822,82.61580157217995,265.0295602496065,-56.204237589785365
2015,55,28.561310444924406,-140.016018081096,-62.39109270906529,165.0318242877504,-77.53838274975746
2016,23,-26.77813857967678,137.81326316705304,62.16143026521054,236.83521818371287,77.72686177387389
2017,0,125.88710082948666,-69.39331053123726,19.070171001299883,184.62033543013138,-98.12175348018982
2018,17,59.8954125425368,130.54732802217524,96.44060987193154,117.14899127967112,24.908529352632563
2019,34,-138.2371146467717,46.40089301503557,-37.005757199813786,53.68268474940437,92.77095539518403
2020,20,18.17986068985522,143.61286919757268,85.01878952215706,67.72041776277364,52.05507231107319
2021,7,140.63589698485578,34.8074428237919,82.08082334326008,287.4700126180828,-56.85611069894853
2022,59,79.54905814389095,-119.42996195641294,-28.488403272275043,160.42685244840078,-95.35466683429017
2023,12,109.52808444111456,91.50612298107978,97.9454413219534,70.55669799772512,-19.94776559738841
2024,57,45.04177017121773,-138.13477226326407,-54.0550373380834,239.72467176565576,-83.94978539100103
2025,1,126.91061435647761,-65.45705783901147,21.422755370880637,146.63398803063086,-97.49800800137542
2026,14,98.36868675714192,103.98006192083248,99.27774887276743,115.05765991479618,-7.333144162353549
2027,41,-133.8649903432415,-45.919705954279806,-83.98545526442615,260.6054457803326,53.98830373314309
2028,33,-131.09418397339152,50.7244982945828,-30.726487609957818,228.6101703862684,94.67575127505071
2029,31,-119.8187617058069,73.88779516738215,-13.43182848327356,215.37730945347508,98.67708133809202
2030,0,119.93770927027929,-72.60906797844447,14.402459309826778,71.34930885606786,-98.5814826163045
2031,21,10.782317785333515,144.97003755521348,83.13432683272038,2.1499265764020934,55.57241248832171
2032,19,41.08270345864321,135.7864776773435,91.00616572931179,253.6384253398582,40.853485087165225
2033,0,126.19029652050166,-73.24350926240322,17.033102002563812,242.2431398351592,-98.32238711673291
2034,17,64.86671322602011,126.95275323498747,97.19816346659024,181.97238425660618,22.411210191085715
2035,12,116.99668952593613,82.09741238167918,95.79722963014513,122.41892860208463,-27.029469464728074
2036,40,-134.6760044310958,-42.08932236701829,-82.35762434307668,279.73520739052344,56.5188275748591
2037,36,-142.24906566057217,19.98509341276547,-52.72844910219604,115.03318315940584,84.65886194251783
2038,28,-79.58344110322022,117.89484853248396,27.73492516379304,163.41120722596764,95.58323195258431
2039,38,-145.29234835607434,9.393895105159462,-59.33244411500093,55.71180660764612,80.0485498125488
2040,12,111.46977855923444,89.30708219280268,97.99996173132806,167.09056075826663,-19.768035920192364
2041,44,-125.17035580811557,-71.32599930854597,-93.9156782868107,55.24438605332496,33.23211209790065
2042,50,-56.783494131011,-129.7012921700205,-95.06290683585888,59.200668995836295,-29.450206951635305
2043,45,-113.47597895387196,-87.23570832311331,-98.13601741345093,9.6673043613363,18.925346749759004
2044,63,113.13214475563612,-91.71410369077476,1.4746453830365869,223.46569866829395,-99.85476021382011
2045,24,-35.25150783067456,141.16617489430672,59.90157003265601,69.05181460264015,79.58148042254074
2046,30,-111.32713502103448,94.14057651658182,0.8782845347549665,60.80992081544476,99.91349658738278
2047,21,3.3811100438107538,143.38832865911215,78.32236330946137,142.2827658871128,61.43580926508381
2048,43,-121.6004730695542,-74.4410245838525,-93.5238370247695,255.7149190901913,34.52383944086305
2049,24,-35.919433647857716,135.39554524424196,57.2572438351942,238.38417191230505,81.75162201285812
2050,47,-87.6256861255764,-112.55261341157541,-99.73891650396999,173.78385713391827,-2.6508271743862095
2051,56,28.60804464586471,-137.94711543798283,-61.15533615021337,81.00987383854009,-78.55254155756498
2052,27,-74.56444550208757,118.98430528903515,30.84365633883845,226.91292733924098,94.64020852460382
2053,16,84.29447782818454,115.57814229920083,99.69026774914687,26.561847827035454,3.1447666353101607
2054,34,-138.88482295995607,46.80098398349487,-37.21003183536787,34.95957039026438,92.70898935301994
2055,32,-120.03796892342451,79.24909202162581,-10.96558881877335,120.40382323036037,98.919984564631
2056,59,74.33030035106694,-126.7021362660682,-34.6729227920921,266.4016689290488,-93.47861307808047
2057,11,118.02862651760812,82.0205374376396,96.59751670546689,265.61208292600065,-24.39127691699206
2058,21,18.635929975601293,138.83663869106627,83.08052298940564,299.4341585576462,55.63797268634569
2059,0,121.14490205405298,-73.50978835866988,14.532106994802025,124.69700215537617,-98.56871344328084
2060,16,71.95850764510813,123.40870900818663,98.35813308728073,174.71763195547854,16.67016680541874
2061,27,-71.68552682706355,117.70271342821472,31.557322139295447,286.52077551469665,94.423720339655
2062,6,142.57555065568832,3.235469672376016,64.96055911893112,128.1614950888133,-75.42967697573998
2063,29,-94.78119482801723,111.90850928055256,17.906548930087467,41.03248235929951,98.23636016648959
2064,3,141.9991593237086,-27.61898259759591,48.41312172554834,220.29556079181282,-86.96545367318593
2065,55,27.82075860188532,-141.7890869711756,-63.564778823509684,198.17584042633968,-76.57516381958965
2066,19,22.37448558394383,139.0032837345501,84.75337741771497,267.7355942561104,52.55162317664873
2067,24,-37.15805168162821,139.6459665755285,58.31957442045916,95.97593789130491,80.87979016852569
2068,9,133.05584563717966,52.90703868392523,87.57096583790243,171.76323085421626,-47.28028872933473
2069,39,-135.28662654784534,-40.971562187213344,-81.6090621317498,272.96940640598206,57.430953619847784
2070,23,-17.69926291786656,139.61422641308914,67.18163404012913,231.03702515423507,73.60688859723761
2071,49,-62.88510090449987,-128.79630695954287,-97.44150845175623,238.6266124629944,-21.60900939815689
2072,60,83.78737631545103,-117.90348375606028,-25.68978370926187,193.58142994868376,-96.20361891966546
2073,23,-13.809527803829697,137.6466356827098,68.40331056054605,299.37606687162446,72.60428497389653
2074,50,-45.75049121863421,-134.2568005854826,-92.86559078107695,89.84565402261572,-36.69378618651906
2075,46,-94.58081350206935,-106.56769519137428,-99.96449393002996,18.061738268252963,0.360499443907584
2076,5,144.0199588547013,-5.330855889149966,61.33827366465427,197.15253720403945,-78.40240867724994
2077,43,-110.9448247527165,-88.6715748032666,-96.88403188041258,296.18493125813325,23.446763101057783
2078,26,-53.71285881957203,135.22144453591648,48.497486986568944,64.76186031967283,86.920359478368
2079,2,132.02379153864487,-44.91811339429795,34.43491583288608,49.088086941439165,-93.55081171022832
2080,4,142.55971570037727,-20.31361764673531,52.72026818667027,196.35831707618735,-84.6632347352295
2081,54,0.8161690365239592,-141.73907986566772,-75.48278085539238,92.7530459614584,-64.89585182942604
2082,15,84.08074460011707,116.139917970511,99.50620416018887,87.18824749027091,5.013596993583243
2083,16,68.64495037238272,126.22236428254926,98.33727808824355,52.063205228223936,16.88191132014363
2084,21,14.675909378176131,140.98263056101086,82.2172712915589,217.20594691859475,56.68984832884037
2085,38,-144.7774410221273,-2.080635201205137,-65.38291888422106,95.90869008183743,75.08305540779116
2086,33,-126.15100056506135,63.60794594886875,-21.759624061344805,207.87106189958737,97.39581998659598
2087,7,141.578237360694,17.361907054200888,72.2355322804931,122.60922464615908,-68.85263719061568
2088,0,118.32886192893676,-71.20558964955197,14.29135302916418,25.283565894355764,-98.59242562174316
2089,56,34.741891510761846,-134.5338060725632,-56.96068481422293,21.979260572094635,-81.99500161784458
2090,10,128.04340645913607,59.36402212092755,88.68257975449312,23.645596432321863,-45.20060644193796
2091,43,-121.22238954496527,-75.53881210246338,-94.67104002591466,123.02265689455447,30.74201851473512
2092,56,39.33594941089206,-139.02615799609856,-57.13275385430118,194.49494906719644,-81.85378826049168
2093,31,-106.41947193784749,86.84134745315491,-0.4748126027470994,297.7625589674679,99.95323507489204
2094,56,15.396293853150977,-139.3406520790162,-68.29966149550549,45.69151228850669,-72.68934753049712
2095,24,-32.93608442275292,139.27757990483445,59.90070862769962,139.57037931159599,79.58218735904643
2096,59,80.00573764779917,-119.208493342715,-28.344350986359682,165.7003326427876,-95.39836462378153
2097,56,32.70863022113422,-137.54075547899237,-59.24295550630056,97.67716741946326,-80.12199118743919
2098,20,24.034087447739243,143.7939967552045,87.31166367169197,25.901256708696206,47.76540871038483
2099,1,125.62892866285544,-65.40633623087369,20.86908005904202,112.93679162531875,-97.665963595204
2100,33,-129.02256372723446,66.4007072846092,-22.225207999092095,65.79488084133602,97.25458662280064
2101,21,8.941553961220432,142.60252645346537,80.55924745596269,154.9872603031175,58.7101569962771
2102,59,88.3653021248572,-118.35216482160745,-23.181088498101865,275.1467839006566,-96.96462340174384
2103,36,-142.36029460167975,34.39194545208936,-44.96723736216704,27.092673767318047,88.80731819091075
2104,5,144.77759712429759,-3.710301095535813,62.7099861172096,232.34295953583865,-77.27667379397269
2105,45,-104.00585127752126,-97.47265877606212,-98.78312528697442,140.49606362054107,12.355145408122826
2106,31,-115.45199292325061,89.0928839688446,-3.5664180780451336,63.59792095621514,99.64873873743346
2107,38,-143.22852320713156,-5.353322491098564,-66.25549841591015,149.19615969475723,74.36694816867829
2108,59,67.94955671465259,-127.68420385963933,-38.171194420514794,190.24564935046774,-92.41742382842016
2109,48,-81.3899497317556,-115.43843229191977,-98.9188088214296,5.197330277581356,-10.977526348627872
2110,29,-91.41379841933389,109.27069577186228,17.842653367889476,167.9546037647018,98.24265332544037
2111,23,-35.710513883980454,133.86578328705036,56.41624456808394,286.172564452542,82.4418120086061
2112,27,-70.56862131519237,128.29394573110153,37.57115792531682,38.2650658145608,92.59944293549418
2113,16,80.22310117892441,118.18199281747864,99.38972106769783,8.226413217452254,6.196270550614115
2114,11,125.03631981314905,70.38382543681033,93.40029348270579,192.29103689062782,-34.93110785996426
2115,61,93.76934544747628,-108.2903807956408,-16.380015087216137,157.1450190212441,-98.3867105161299
2116,10,131.6319165369792,55.84752491743454,88.03182149856865,90.50017768877083,-46.41808887718321
2117,48,-72.73437605725293,-121.7765200735093,-98.22231890892846,37.63040970683946,-18.049112315638798
2118,3,143.60945572725788,-26.92407932657973,49.41731866824961,267.22123007167085,-86.4286989471062
2119,28,-85.52330048216487,108.62323723883848,20.54348753361711,272.91335217486613,97.76473102222239
2120,8,139.2442699826925,34.20237465001169,80.38957031040628,175.97251895255178,-58.91690927599343
2121,61,88.65461667198956,-108.74861235465083,-19.146626653569086,69.27018741520449,-98.11422326125341
2122,20,31.945525411257606,140.97709383914975,89.72802093994768,53.82495687257968,43.24472456293704
2123,62,103.29025000255538,-99.86975272369195,-7.607370265922454,166.17950608845072,-99.25073997889676
2124,1,131.32581939027193,-64.91125758980715,23.785736091802526,270.9340513718052,-96.78120553302979
2125,31,-114.72638822861465,83.27836543204174,-6.046056629885529,180.64513553196198,99.40451583664961
2126,49,-62.23026508183724,-128.55544347385623,-96.90018362469115,171.1761271430198,-23.39351794353527
2127,44,-115.56973689251839,-83.8240843521157,-96.23763582833523,191.82850502742306,25.577645005892816
2128,16,73.56077473526489,123.32401395206655,98.64041845559095,81.52876709052266,13.804073250572264
2129,30,-105.96992343082721,94.47128604975092,3.3810368163672595,172.6815124991913,99.66699718459478
2130,16,73.86857325365241,121.54386437453716,98.43809548564482,211.05557062175043,15.858294351832933
2131,29,-98.71104056694014,102.70677103713302,11.038262769305422,164.04673619380677,98.91282681053123
2132,16,67.6330720264647,126.93114325865977,98.17483280867833,70.59419657194091,18.53124713788056
2133,14,100.45161621525745,101.71491173990412,99.15653805451893,158.72053062181172,-8.563819159925023
2134,45,-100.94816640260984,-100.46959501785483,-98.89883928243198,211.76953498013813,11.180280630073234
2135,5,144.7352518645884,-5.388353410732019,61.55698610335715,225.12889070650021,-78.22291608665938
2136,18,54.24880037499648,132.20970650822042,95.05170954899761,145.0072308326248,29.487119454239938
2137,11,126.40620666277654,69.14013350182526,93.33771673039527,245.583516944698,-35.137395736774906
2138,36,-143.6479034151636,16.88409402334335,-54.866825268011645,98.49340429862963,83.51587547807961
2139,38,-144.82849744605704,-2.442823221145097,-65.68389219683003,89.63191782800669,74.83605308867664
2140,45,-109.07706775248383,-91.94278504566442,-98.10467649032054,236.89623488875966,19.243556716944642
2141,53,-12.546916559424833,-140.5579292758692,-81.27025510163108,79.81344684595012,-57.84379133957283
2142,51,-22.09022839836831,-142.1319806685425,-86.06047041011786,209.4923626968716,-50.106225450235016
2143,23,-35.74882050397001,132.98264324661352,56.40713969068993,298.8574384290643,82.44928418549807
2144,32,-125.59854318913325,69.18365998526858,-18.934584098427017,135.51245490776142,98.13510761468791
2145,20,28.849900127578838,142.39421622758965,89.06590714299563,2.6071983962059053,44.48345171020546
2146,5,144.16210463448567,2.914792453066354,65.62763001375981,202.33444520121864,-74.88222625126147
2147,50,-50.3222284334949,-134.01399952586723,-94.19810374769447,169.57260313684083,-32.30108026048788
2148,40,-145.13347978106597,-15.63422136752732,-73.24240215102466,15.67526362131261,67.62576223095363
2149,30,-101.71780515242551,101.53191431537469,9.087657318018962,119.62307409610331,99.10494453722345
2150,50,-45.757022170642635,-134.50188395222239,-92.91038511304724,98.73456851609099,-36.54611908501383
2151,42,-128.39867073857454,-64.46313290746562,-92.01818676137466,95.25979894251152,38.960127885134824
2152,18,57.347439089978316,132.08385888416225,96.0368004123437,75.23434871156596,26.239710549781915
2153,6,142.47930836131496,10.600061087170856,69.1280028281868,148.08923221946318,-72.00954562906904
2154,16,81.03281479160158,118.37141024442114,99.2982265528085,67.29894214462918,7.125230634510148
2155,46,-101.3485559309339,-100.83444880286707,-99.32192929691246,29.274379476117197,6.8845724575907745
2156,18,44.16019004964189,134.83195518959948,92.48832187962822,216.73392020961714,37.93747490146484
2157,23,-23.871151292677585,138.89809465679548,63.72225550217795,224.79094280999607,76.44592609914085
2158,55,22.136430332278053,-143.46313643100555,-66.99542955301962,252.13514234680622,-73.7597026116992
2159,37,-139.5276492293456,-12.247216062275523,-67.89759875775827,284.27092679717884,73.01931176484142
2160,26,-66.95121759457172,129.69168027437564,39.85066866923371,47.313189072061746,91.54218254914711
2161,63,110.4988334903803,-90.92781092123283,0.4212769175357522,152.04060985304577,-99.95850787577186
2162,35,-137.70327731254008,41.45007284918726,-39.17148896167953,108.08502873067762,91.90521185384357
2163,25,-45.82149208948863,133.77824350376105,51.39448486003345,191.36748262864052,85.371881053566
2164,49,-56.73260198844395,-131.83532915662627,-96.09567004725643,242.41077231465977,-26.045643399500506
2165,59,69.92697127271458,-123.80965208025074,-35.17563531560957,128.54334478445247,-93.32611687930275
2166,18,55.75690178176029,133.03842438328377,96.13913618987397,5.8646134321306835,25.902354750878644
2167,32,-124.50045471095758,75.44656971798611,-15.094785641525288,61.65191098564942,98.51329447457272
2168,50,-64.55232751865192,-125.6313195799765,-96.5666572348648,14.700758781147696,-24.493006943478782
2169,63,114.7991973324681,-90.00183349625064,2.9618128056883744,245.367998144353,-99.70828711529465
2170,50,-41.73850054202541,-138.7635986790004,-92.76827756450979,251.61228249741765,-37.01458482323388
2171,14,94.36898436400767,106.92504047047866,99.78461875301517,205.459541703368,-2.186804110724147
2172,24,-27.426602779939564,143.91083006346327,64.93308390173485,0.11056156393689069,75.45222529508041
2173,40,-140.35957179358576,-36.403346833411206,-81.89660989058706,62.17213367035117,57.08057552695863
2174,21,10.56268728289595,144.63919402857007,82.34722073431257,53.32456407069668,56.53150441370032
2175,21,4.347769356134628,143.84647870084163,78.79757695094676,124.69244639351425,60.856759544467565
2176,11,121.9643569030802,73.61157857402499,93.60987485451324,80.76079975764058,-34.240210767787175
2177,44,-117.09062216160856,-83.96532366358367,-97.09624608438317,43.84327262162335,22.747186725650373
2178,42,-132.7765592967583,-58.310956561586515,-90.3962255689105,29.53383344926911,41.994602276349866
2179,37,-139.87862210421778,4.0810083705615625,-59.54313278009203,267.8039170326757,79.87564216024724
2180,27,-69.45610047215615,128.05913832559435,37.94325882766203,72.17938794375782,92.48656734454539
2181,62,101.68058861341692,-100.69963781958587,-8.745839799352845,146.4148091743233,-99.13861059951523
2182,6,140.53551376370675,-0.5135386598639454,61.996666751438624,55.64010970095484,-77.8620796430409
2183,38,-141.48997160753362,-9.71481225100948,-67.71697157848205,226.44039490018653,73.16754860281752
2184,0,124.33369902928735,-73.38648709893796,16.190700499958197,202.74893880315773,-98.4053563617619
2185,51,-27.101489237224165,-141.72574977176978,-87.90625138570104,232.75991103707656,-46.65301391334876
2186,14,101.49998652335012,100.13811033444972,98.8062740872093,59.947648398408646,-12.120111521836886
2187,46,-107.57950995546375,-94.2853095439011,-98.62302958658026,84.69829141171472,13.980625530614075
2188,35,-139.8015819143387,36.63634933984957,-42.74161540617797,94.53287279253897,89.99693852587262
2189,61,90.92335816659774,-110.17622341292216,-18.627888827486892,142.8104892623418,-98.16531444006176
2190,46,-95.59605604119369,-106.24222432204823,-99.58208398817473,170.7472452176848,4.243175603218814
2191,54,1.8164449805708385,-139.61438430621385,-74.47629919032318,29.5202728548734,-66.12225375918132
2192,22,-13.448854271673616,142.47398790415767,70.78399468140111,146.87910172951402,70.62134155396475
2193,36,-144.50525608873744,17.157644114558764,-54.852293515257344,67.94515482180495,83.52364286576761
2194,34,-134.08847100212742,41.312228111668006,-37.21121457958479,237.5371059473132,92.70863057143252
2195,19,38.62082266516376,136.87995929428047,90.65043822881164,200.24287071544265,41.5190040869624
2196,3,141.92465622769737,-32.72220743002268,45.979802301153256,254.31915581180746,-88.26609067531854
2197,4,136.38160898772864,-21.55267480819315,49.14709545506115,6.268748778073993,-86.57313633842627
2198,54,9.3393960714637,-141.3876524205352,-71.70578818373335,94.70555179362046,-69.49813248883152
2199,21,16.403896496833035,140.31081990584752,82.6579105350888,248.88479092983826,56.1529276502567
2200,11,122.63766758884165,73.43100427671673,93.60339674457177,97.19517519508237,-34.261566231217806
2201,32,-124.09596661862503,72.53601055357214,-16.429853143217198,109.88019003926972,98.38180189967166
2202,45,-106.57486669782776,-94.6966442413627,-98.5100573208599,161.47710586981538,15.127653038967436
2203,24,-40.2222321264677,139.3330242833959,57.0484753082518,83.0190977045538,81.92295384911262
2204,57,57.48570485531412,-132.14257243157934,-45.32459569350907,185.9217892919547,-88.6163060845247
2205,4,139.1344930265794,-21.520545511588967,50.14398030877876,78.91476163237719,-86.0402900073561
2206,14,96.41132527907018,104.998264807562,99.71231067601195,253.15103804873343,-2.9209608780509173
2207,25,-43.33210224980015,137.85611166232997,54.63670667327721,100.15308216832074,83.6388764931497
2208,0,124.87102961060947,-74.00535971925592,16.16066725858624,217.4584290631299,-98.40831437567178
2209,14,98.62144463208978,104.16446546767283,99.32067179349889,135.256426462911,-6.897340113422246
2210,18,44.49535873565557,135.74976437230097,92.98075778238434,143.08087306585008,36.31413151763398
2211,53,-8.446217584061912,-141.62905302394947,-79.99866392683151,121.84499144378348,-59.39323026604029
2212,58,55.34744883651298,-128.36847178852815,-44.70686786916845,63.4837928310017,-88.94648865633563
2213,55,18.422214277907035,-143.44755735405678,-68.67910790498173,218.1451136795521,-72.3779440299413
2214,49,-61.058099603616576,-130.25093415834456,-97.15342071617782,262.5179326206746,-22.558707251007437
2215,46,-91.38243553888334,-109.59897582517135,-99.95549971796933,161.91514200313554,0.45181927876891315
2216,46,-100.26914462755741,-101.40078465142344,-99.47592125829553,13.167781849286321,5.321064682957851
2217,11,123.24642410851374,70.10717804488631,92.62704264817201,42.209409736149354,-37.480173879026886
2218,4,142.24557770526275,-24.139335024177246,50.34210900316922,204.1570172217309,-85.9343879590985
2219,60,88.02027429812158,-112.9402596278561,-21.422692195949317,156.84342537337687,-97.49802716528407
2220,20,29.40048768416231,141.8876236043161,88.98260661393478,39.677350348140855,44.63929595813457
2221,3,140.32244214323637,-39.23222887631952,41.503972819052294,245.22961430887173,-90.65847261305106
2222,1,126.25505988209348,-63.480047250339915,22.24831356844565,90.64571122940075,-97.24757762395504
2223,40,-139.77688728670424,-30.56152020002485,-78.27586154918303,153.08904273785936,61.49247184575631
2224,10,132.09660884162858,51.80297253245006,86.18970793868446,55.315554886390295,-49.86443916543281
2225,33,-127.43320607252046,60.766960525588516,-24.071309293852288,192.5850502030995,96.6945778367857
2226,59,73.54838698605786,-127.01417476990446,-35.1142043423779,273.9736573049249,-93.34475176398695
2227,38,-142.39209026069062,-9.941897638626198,-68.49478514497775,169.60326146388158,72.52921375147216
2228,13,106.10870954112406,95.84561656605071,98.69342203785597,175.10532924721105,-13.265918452032986
2229,59,76.690304106745,-121.47910638511874,-31.105101264108715,171.9493470756737,-94.56090006215601
2230,62,105.08023791801169,-88.69914917525189,-1.0454717311467476,9.761742423509542,-99.89703009792349
2231,50,-47.47078887112239,-134.53466715311328,-93.3349224865488,118.077342054757,-35.14660712293826
2232,7,141.42240223842802,17.4331317765696,72.19630204466812,114.4864996482848,-68.90043938969222
2233,15,88.49661656749342,111.97270855002643,99.66953006387348,196.03108543592782,3.3553200425248533
2234,4,142.87135383280088,-15.351020336630175,55.53909978858972,178.09730574311362,-83.15653707462599
2235,41,-132.5112679873006,-54.47440418442508,-87.77245356198723,158.62058940032733,46.90333190587914
2236,40,-141.3634084833815,-32.384668298218756,-79.7777125297941,75.19257059653586,59.66246042602552
2237,43,-122.01027626916995,-73.53428630165448,-93.25679461973102,266.2177564706162,35.404160146553366
2238,37,-144.51117882814734,9.420698806438136,-59.33154409353034,78.0355788756063,80.04928844079646
2239,37,-143.19464638846904,8.01101649528995,-59.22725430586006,141.36423872758633,80.13487682466753
2240,35,-138.1316236811295,18.172254835014694,-51.47973002075535,286.59220667959744,85.32631654231602
2241,38,-143.2206011240694,-0.03132053409125985,-63.643504312422785,135.81878515046583,76.5105555054292
2242,52,-17.011647292222456,-143.81011425552782,-84.56786338474687,234.20703332529683,-52.898695341425686
2243,10,130.44079752158825,51.54667380147568,85.63112092849526,4.50252192749845,-50.909481417713394
2244,42,-132.6578864276462,-56.93373518398144,-89.37124201780632,65.93969756507663,43.91221063325323
2245,53,2.0219410440443886,-146.31401131209543,-77.43359305153835,298.683349098947,-62.51877937497743
2246,47,-79.53812816911172,-119.04786584803873,-99.33154544486014,287.8231310145516,-6.786937997043811
2247,28,-87.3811772027426,116.49407484183091,23.70542326335501,71.2814831116326,96.80556816669892
2248,47,-83.99553842466631,-115.40145295401211,-99.486315813774,196.78779565573936,-5.215526912294408
2249,54,-1.0887312411486494,-142.63224766961238,-77.0471056854192,144.15052954033536,-62.98971577460076
2250,41,-137.17811050905297,-41.65878715004447,-83.38907491019371,145.56986097725073,55.10405232241278
2251,19,27.594910085041874,140.01432366805224,87.4365655760715,163.22693163024965,47.53173380372577
2252,53,-6.828729550300727,-143.39515489119665,-79.91043739662183,181.33599499555442,-59.5007346455635
2253,13,104.22654972926233,98.38755848549783,98.69094439731786,100.18047955915067,-13.291074377116942
2254,56,34.688735232805236,-138.58178954591116,-58.97494333772251,147.29598999289965,-80.34194300514636
2255,49,-52.96154738485793,-134.39708951313213,-95.64390256258022,286.92581074362636,-27.53492099517213
2256,11,122.31943762040628,75.26681781889864,94.82339239401199,229.20463910133384,-30.23978013735944
2257,42,-130.05862821930896,-59.638851322885685,-89.4261587408528,183.49411313049137,43.80946872394726
2258,7,141.25786789494487,19.952032636701997,73.60357006078998,144.98681082546497,-67.18567769004805
2259,16,69.34038767033704,125.21654938875642,98.22205478829463,140.3826470674529,18.05179397941346
2260,6,138.7227171510865,8.651171333921859,66.44036307953147,5.167528052744204,-74.21523371851336
2261,31,-111.53945377309759,89.5835251385416,-1.7587706730522876,142.7687876564992,99.82677633590282
2262,19,40.038294055433134,136.1573433423172,90.9221064468135,231.32313068344894,41.01074886219881
2263,60,72.86748289394177,-120.53190194925428,-32.32684206028344,87.1148521202405,-94.19028899003735
2264,20,26.62948316323058,141.7489671838138,87.72268768093728,75.36604805150901,46.996437272582085
2265,21,4.0942234440614005,139.83253409398947,76.64411418695424,292.679483833195,63.480762525421014
2266,16,68.79425896181512,125.67019763205435,98.20811852561036,116.75376596830334,18.193291333304394
2267,12,118.20534462540179,79.75161496736783,95.02459708095537,77.14061215244276,-29.576497270457946
2268,13,109.43821615315618,92.22224873483843,98.43121066417122,231.07916660736777,-15.928197168864662
2269,3,139.6023363978843,-31.238089466924436,45.52569868217729,164.84373054625985,-88.50881424203206
2270,49,-61.712651262651455,-129.8813862772339,-97.5901678893855,284.7239871638861,-21.118944979277618
2271,1,129.22219828564104,-62.62467562019184,23.962308266274647,169.826785050691,-96.72764294177286
2272,7,140.22885813504453,15.61436297717974,70.90596642547253,66.95770955760466,-70.47271849653977
2273,55,18.503754753580928,-139.8797552254741,-66.89732891440688,88.29670754546343,-73.84021169416206
2274,28,-91.14281535234043,115.60289017141093,21.222812882829036,34.58596992529428,97.55865990077248
2275,60,75.01825853790577,-117.82085872172041,-29.99491159143279,45.783607667636176,-94.89767246603556
2276,54,6.699585440783326,-140.4432943072238,-72.68882130540769,52.66348207678891,-68.30030270287922
2277,52,-36.95489591106144,-135.0551220216457,-89.37286275700143,3.072323331226031,-43.90917844505711
2278,17,69.2969109712898,124.1564741791294,97.95689354217858,227.42619386635965,19.91001269223124
2279,53,4.556045523738193,-143.706754369516,-75.20739426030184,210.5311306466236,-65.23141149570625
2280,31,-114.83110951069932,84.21177373699001,-6.042777013297087,159.95073676864578,99.4048388504518
2281,16,74.02917817613762,121.76369745028917,98.59115397433162,153.21155709119753,14.30426429152284
2282,33,-131.5064267706323,51.769509369712935,-30.633662102680958,200.2088753477168,94.70390958889237
2283,8,137.78991745316344,18.345670058175635,71.24975156964334,2.3255307904015945,-70.0538149249548
2284,45,-110.24835355719878,-90.65172633108533,-98.08015028636152,182.5603023094377,19.492575628242175
2285,39,-143.15042133796229,-13.537311464654469,-71.20957997016973,111.81178525005188,70.1027641793979
2286,9,133.41528797014178,49.7044286829985,85.72166062135472,86.16603441127138,-50.74009365390811
2287,54,8.617873681708314,-141.78722298045196,-72.27714492943365,117.1182132742821,-68.80193201164016
2288,16,67.54657453109147,127.14427699675159,98.27149614282051,34.28134282924746,17.549807112727002
2289,14,89.8388512724932,111.34561583129059,99.99076998329213,82.57364721477943,-0.09371400138783131
2290,2,133.35707400732477,-53.09137615072599,30.89549989783352,173.38673133893647,-94.6244819506515
2291,22,3.5481538747598087,144.47197342244382,78.96410334065932,78.29404623838049,60.65384647333413
2292,63,117.44523726148081,-85.69362004344356,6.614486418876309,226.4614478726072,-99.34853043028617
2293,33,-129.36229344969118,49.14965904667825,-31.098014384998585,278.63063355315944,94.56304984374077
2294,26,-62.917142531996454,131.264299664861,42.42075530210565,59.60554842260835,90.16844191325396
2295,35,-136.15477775590918,28.010080415917567,-45.232251096787515,283.0725481712036,88.66566532533746
2296,15,81.94390622923612,116.51000036986578,99.16354133691746,182.02405677893228,8.492713588051592
2297,45,-103.23295167975557,-98.15644405246269,-98.78818824141258,185.24733611341375,12.303740331159293
2298,13,99.42990281875353,102.04424311088907,99.56068712670097,299.86529811894644,-4.460421743643847
2299,40,-137.51451241847374,-38.73629217499058,-81.4924510222435,213.79796444491618,57.57304472263958
2300,62,98.29676021562057,-101.29999704721672,-10.679236622329128,99.68909337614316,-98.9481877735259
2301,14,100.04877636991196,102.16479375273347,99.03138587128063,79.9548872098817,-9.83451153729287
2302,35,-139.72718594273593,31.089435154471463,-45.47024652672675,134.16208535429314,88.53845405195753
2303,35,-137.37301753678554,34.244485313994794,-42.54822007587033,194.62672970568346,90.10031053700934
2304,62,103.04029889835786,-99.38085211850469,-7.4379806383272955,151.4217333700356,-99.26742338873618
2305,58,63.24310828499388,-124.05822718679772,-38.718591038179646,43.33636893950568,-92.14729096256536
2306,8,138.55632573143964,30.09289461027956,77.2985201856857,83.48321530696153,-62.683366201631515
2307,54,-9.575747358630997,-140.8695680457543,-80.00423155823619,57.82704267281423,-59.38644608493115
2308,60,83.6757718985884,-110.26926440756792,-22.24764572720854,19.705420428571582,-97.24778021140865
2309,52,-28.643855252582302,-137.71893821041363,-86.85199841588417,36.846619043019665,-48.625381472840985
2310,16,76.9583934227414,120.5275677325311,98.85026229561512,123.57599043463297,11.673491417663964
2311,39,-139.22613275802757,-23.241895913145107,-73.66402250512574,268.88495722246955,67.11201614511896
2312,40,-144.2233633464015,-17.923398773311288,-73.72410195309817,49.890150006701205,67.0388090977487
2313,59,73.57053786928121,-121.89147529814512,-32.66961362440406,132.8785772492664,-94.08631035785261
2314,55,24.92691525013932,-140.32154561710678,-64.24620558871929,141.11766694264023,-76.0159315413041
2315,10,128.28344345980253,65.55007138100368,92.2636461682273,198.51329610521944,-38.50090587190927
2316,47,-79.8054256596277,-119.4073845700799,-99.30376249396522,275.9444537020398,-7.0690232392624255
2317,28,-83.24742352030772,119.25293281305825,26.665849538584617,78.4118667920539,95.90753254471889
2318,30,-111.08574172604786,92.37855718421824,0.07501422757716968,95.8667735732646,99.99261174889972
2319,48,-69.8004797645878,-125.43465355000178,-98.35684205845388,229.88313898014187,-16.683274850734254
2320,59,84.99319167075768,-118.53612522273433,-25.54385418576362,234.77641090748767,-96.24788616303391
2321,39,-142.93312592061997,-13.744119849310703,-70.94525030661076,143.18267137491782,70.42485093043474
2322,24,-31.37467767723958,140.80608804734325,61.52606485896861,101.45435547519654,78.2482924863397
2323,35,-137.17673684683947,36.39434586781273,-41.6063324345577,169.7928960871264,90.60376023040386
2324,8,137.78308992285352,36.41995002593996,80.70110862500438,113.14092983333589,-58.537298595068066
2325,56,20.933760179827182,-138.6872414073786,-65.20679287521276,50.829922465913185,-75.22759823221743
2326,36,-142.00368686644342,30.489255784186184,-46.74657146063679,73.44366848239733,87.85624380896795
2327,20,20.52453254170417,142.65351450666319,85.52793209706374,94.52194085125348,51.1025340430741
2328,55,15.456288589521819,-143.11887089668136,-70.04704017392253,179.95087327074904,-71.2553114619869
2329,45,-102.50227379665395,-99.5991645793392,-98.90082969067484,180.2576329604549,11.16007166114756
2330,52,-34.71377469953669,-136.15749049155076,-88.71113004301397,12.871923812570573,-45.14719263661337
2331,13,100.30197278284408,101.78375773831884,99.35654687105028,238.05377588103613,-6.5330940699055295
2332,63,120.60214937054685,-80.07665696091316,10.860742276673765,208.29467609521492,-98.93031104008836
2333,12,114.14270827499128,86.13269253352806,97.2893025629228,187.54734095367886,-22.11076489818226
2334,18,46.619030587905954,133.26104749019015,92.5878993803925,278.30973633299607,37.60921192116756
2335,15,89.84398234700464,110.87937420924739,99.88318077295195,152.6991029018676,1.1860863909765393
2336,44,-122.00151720047172,-76.22823521739295,-95.31743818367306,25.96047281303258,28.6111296684009
2337,18,52.51908513644519,134.8318742082588,95.41833427998017,10.615815771250524,28.278519861768622
2338,39,-139.32456111379912,-27.666499177845235,-76.08328530036533,228.70479198803557,64.16413476422663
2339,22,0.981369670594723,145.9653883203688,78.47077344823632,23.597086392421538,61.254970918091836
2340,49,-66.06611970391332,-125.90112888512341,-97.5344749965997,124.8347200074773,-21.302539815730842
2341,46,-96.83947286448168,-104.72879937803974,-99.72233124585816,51.75054247454536,2.8192202500330663
2342,20,20.7348237457597,140.39655334064474,84.75495927618411,202.95246329856838,52.54866372913705
2343,57,65.79875830490842,-131.13102715886092,-40.818850690896355,279.42069919174736,-91.02467820937594
2344,49,-65.55540764798641,-126.71339845116458,-97.67680086028477,175.6479552620738,-20.83335438902243
2345,61,92.45985084907939,-112.83335871231046,-19.119651187602145,234.78547809871108,-98.11688011079447
2346,57,44.01456329494311,-137.72848856209532,-54.25601652818144,201.44325258519723,-83.84235972025698
2347,3,144.68485923570654,-26.370145488865592,50.22451284942327,293.4308787925168,-85.99724444531938
2348,33,-129.66862322963314,57.85405318682331,-26.429991293428763,173.4343133195924,95.97907937149174
2349,42,-135.72485190476456,-51.520715777520515,-87.77056983488961,37.95417205780811,46.90685610958041
2350,59,73.0168191103398,-123.9323376672003,-33.99841449226784,167.46480833263905,-93.68322296336343
2351,33,-128.5884684490887,50.051830653598486,-30.04516194892633,296.7171842925323,94.88242918454465
2352,48,-79.7479779925658,-117.73083127546732,-98.81309846428826,38.75272002865548,-12.050822407495188
2353,11,121.32420008107783,75.35694741663694,94.3167260390592,127.18605392379231,-31.910035028440372
2354,2,133.6536008169295,-43.685803164931386,35.95152553107408,74.02717113469221,-93.09075312170376
2355,59,86.49920304280568,-119.34287506683107,-25.251612821454323,291.21236210651364,-96.33653662447648
2356,27,-71.82869076169767,119.25544353072729,32.12099632695672,261.3631015942043,94.252731619569
2357,47,-91.04486385606977,-109.99653260832648,-99.73982493957048,43.3267538475247,-2.641603666150142
2358,51,-38.426404736014746,-137.35645051801512,-91.27820294494272,162.07841005776993,-40.344539516750274
2359,19,32.449301236509385,138.46811295095495,88.68996643640236,192.84309229170054,45.18678693923112
2360,24,-34.68560983284477,139.3917632057236,59.04169331103571,123.3898108588335,80.28716273886205
2361,58,39.30878757312393,-132.82060534984396,-54.323855569461216,17.7137857436209,-83.80609897849283
2362,50,-45.73917739137797,-135.16541832763386,-93.33031488503792,159.6615113644266,-35.16179634733509
2363,21,11.123943043394023,140.1850953201873,79.76744483573086,290.18955278953206,59.67497165226078
2364,32,-124.34503793468275,71.3911656255086,-17.362770597860653,129.76723650308648,98.2899176180711
2365,28,-86.85602800315232,111.34767908162176,21.342931135503925,207.66853875333985,97.52222242193552
2366,47,-88.65697082136164,-112.11784183789108,-99.81758143749579,179.55791024784733,-1.8521281120851738
2367,61,98.25498950240167,-109.56854549668435,-14.5452637337302,293.3755016277272,-98.56741761855528
2368,53,-1.5230551076277523,-144.02281683093236,-77.6465271773883,186.9577412543403,-62.2593182919629
2369,44,-124.60181509399003,-72.50240916212124,-94.52759015805137,10.544203439967253,31.214909286110455
2370,12,115.11646001102676,85.40215018577837,97.21101094733424,217.20813913347757,-22.36885772907403
2371,49,-59.58466257578706,-129.20744972419058,-96.06374651737403,124.49030370830363,-26.15088115883748
2372,18,45.557995317030986,135.25071934985564,92.95720460924912,176.49402695700914,36.391775912697966
2373,9,134.7666884979512,47.99755374622252,85.67063312738071,161.5641966220668,-50.83555933115821
2374,29,-95.68998346967025,109.02653914569107,15.744430891385797,92.0195114629621,98.44931004938961
2375,62,86.95605270751174,-106.00624697076337,-18.911539362631185,1.3949806019474258,-98.13737732138354
2376,57,61.181914506686816,-132.79674446147442,-43.80895893390619,259.25371123569175,-89.42643122944763
2377,29,-89.05483374673497,109.57396753561348,19.305394749318147,193.09553963157035,98.09858598022025
2378,61,112.97904450165893,-94.95644189607225,-0.5939585456628234,292.64220036951144,-99.94150023241916
2379,41,-127.20554683601925,-62.23004288194391,-89.58691567721273,272.9292164380644,43.50871380523475
2380,53,1.5801015685400288,-143.32173607260034,-76.17437888781456,173.04066226602313,-64.05313686400322
2381,14,104.27183273422213,97.60974256182236,98.52933172487228,53.475853858952945,-14.931956586671433
2382,57,45.394775168017404,-138.49442483719895,-54.05262388090536,264.3740708084426,-83.95107541140581
2383,43,-123.00799827582132,-73.21484618164378,-93.7152683373824,173.15526857788268,33.89277506670007
2384,2,125.93879957798084,-55.44014291520926,26.060620875369548,8.507350031700614,-96.09112667896846
2385,43,-122.76797595923024,-71.15699077873776,-92.66625517986448,279.60280969322014,37.350907504398364
2386,34,-131.8410787617876,65.67525931251964,-23.558676056685414,7.924097972666945,96.85008345158136
2387,33,-127.62914460712082,54.72990911131688,-27.4768186095622,273.32230460341026,95.66152773110284
2388,54,-3.4895030929006206,-139.49109844608026,-76.69095756515557,16.176275719828066,-63.42368368194458
2389,41,-135.3779899284961,-47.97500216093047,-86.01272887203133,110.753539466023,50.195543539591206
2390,13,108.68914519240998,92.35350199203185,98.10671648202971,62.52126510588455,-19.222844318265896
2391,50,-48.776817481840396,-131.86712916788534,-93.19812007720218,16.03061637381165,-35.59758416352777
2392,24,-29.35219625158181,141.76832931130608,62.89140901053719,81.70657664273638,77.12778393060265
2393,21,0.3621013072163188,140.32850503241642,75.39675301281846,276.39894546947335,65.00067709928139
2394,35,-138.161937204382,41.221334096541064,-39.54460323574199,99.22797164936522,91.70577801626177
2395,14,98.0002993014548,103.23150970820473,99.03665672778031,19.93432729008652,-9.78099559371887
2396,48,-71.20223201971184,-122.41096442696126,-98.19297654483083,63.76663005058467,-18.347030557478966
2397,11,119.94777542272854,79.7824723855461,95.97634178687116,270.9948832242419,-26.439015899182756
2398,18,43.61815384011639,137.0960634614221,92.7973246627615,129.49690465344153,36.91882938683598
2399,52,-27.153507358541656,-137.65064104620046,-86.45032581052823,41.746317512956004,-49.37685767354681
2400,46,-90.31372369154997,-110.53874203106385,-99.93850781980639,209.89019708002076,0.6243410431839235
2401,54,-4.370948548209846,-139.28330630801293,-77.13537873245477,6.299602603392765,-62.88215471413933
2402,30,-104.85090520853325,98.83813063927661,6.044935951582733,108.96427148198627,99.40462621374702
2403,11,118.87851371151639,80.47611796148983,96.49534574652074,289.4546646609879,-24.728089381917087
2404,28,-80.59849500242778,118.06294500385614,27.646845127271085,154.19800879221165,95.609950743403
2405,6,143.97643289649676,3.578729723770171,65.55523104451973,172.3009980956986,-74.94164252690658
2406,17,56.83192719799591,130.55417707858564,95.33111046650373,188.05805628131588,28.56605819869123
2407,26,-62.59057783312979,125.2234521947898,39.630427032892825,242.2730853524786,91.65990421723694
2408,57,40.95720599692102,-133.84477595685925,-53.84478773282877,49.17627540405155,-84.06216620444312
2409,43,-119.68594313819929,-76.88678311737563,-93.97905174392719,283.28138577945305,33.023197837699925
2410,48,-71.84534802024598,-121.99066826793187,-98.17132767041984,24.997136503359364,-18.5668354300815
2411,13,102.82459421362023,99.43428471950611,98.8779866236268,131.49984316038976,-11.392001384006527
2412,9,137.23734959414438,42.077150474094516,83.74774949960259,174.87411458087675,-54.43301970992018
2413,53,-1.5998264638574409,-143.7502074831896,-77.77950913930465,202.86071472902626,-62.09727924010828
2414,36,-142.9926995623018,23.285124146304778,-51.290291072656615,81.50061268742358,85.42757382201063
2415,45,-103.76412084803516,-97.9733913425315,-98.63667361797653,237.32215017893225,13.842095252969495
2416,44,-116.37986417294945,-83.28423668574534,-96.59975095394068,111.5814425352202,24.38391158790554
2417,39,-140.0056500003879,-20.368433721429408,-72.67272670885822,241.86426261730958,68.31991403307225
2418,9,138.21262419438392,42.31439103761421,84.38561237532285,249.06698857076879,-53.2396628216834
2419,61,96.21721551645388,-110.69699231050465,-16.05536257269753,260.16594831973975,-98.41868597432062
2420,19,37.381396112792146,139.42293497700584,91.19401926281975,85.38184723594111,40.50203602699185
2421,37,-139.2797442953083,-12.200091842987945,-68.3819769498414,290.01548139065443,72.62179300898926
2422,62,105.0823391360412,-99.44018383669456,-6.257671500503639,197.59772863941143,-99.38367360643304
2423,6,140.36141520438588,-0.21032648112812208,62.15218086425642,45.96555492960485,-77.73445255814073
2424,25,-54.09459586058162,131.80676350812436,46.57713720673979,163.50946116985907,87.94680835131194
2425,30,-108.20429481490227,89.9417133987584,0.540899473539161,232.32932650904232,99.94672609104171
2426,29,-93.05699367017884,108.42226420407967,16.729774387988783,147.8609308095021,98.35226225714979
2427,31,-120.3011628089361,68.80370049618645,-16.413530810759987,278.7661980790097,98.38340950791655
2428,50,-43.80884629423725,-136.81765197432787,-93.04378329611056,214.26446715126696,-36.106364272907555
2429,14,91.23207606513266,110.02150385506538,99.7448225678074,43.99567500024165,-2.5908618577272633
2430,29,-91.92687702397672,103.27724640881998,14.742203226792357,279.46465014909245,98.54802078580367
2431,14,97.0800770619127,105.53466670523972,99.24486866782843,36.93591517195915,-7.666982731535481
2432,54,7.605869133391889,-143.44611543970598,-73.5696498750475,183.8292951521231,-67.2270095718855
2433,10,127.75678378963471,58.38822664553795,88.23961999871105,6.0631544482560225,-46.02932542825194
2434,48,-75.15408486352455,-120.57497984232191,-98.53992365057964,90.90580562690246,-14.824414880967744
2435,55,26.700174814320537,-143.37527150759934,-64.93790629447834,261.52431180527856,-75.44826766115932
2436,35,-138.3023749758104,31.49985008232393,-44.60913973214193,180.16506615470973,88.99872546088001
2437,28,-80.25617042543048,123.69576145176136,30.6562026354352,11.733599552034077,94.69707199204996
2438,5,145.29164464876905,-1.3687553909544745,63.91689017584929,238.67332244440388,-76.28619361203035
2439,51,-25.482728498329095,-142.9766680400254,-87.95151386119343,284.7098270179115,-46.5683338214928
2440,17,62.60848629487428,127.20898239922278,96.35773658258668,250.75696245332455,25.181725935581333
2441,26,-57.36721852223277,130.50815043491457,44.65808568861441,149.7765088921564,88.97256328855909
2442,13,109.11863558819873,92.50522032442097,98.13877588954682,84.95437732076293,-18.897339451304504
2443,39,-144.73876879670112,-13.027096888998058,-71.27963401050711,62.49573277287456,70.0174030513827
2444,49,-61.54002473612107,-129.1193584079842,-96.83349344714642,192.30632793958992,-23.613365964115836
2445,40,-138.6847750690266,-34.28401045239803,-79.91774457133835,178.2046029632749,59.49183082397946
2446,20,32.24476435831479,140.9068252781816,89.82470944424078,61.91647825473816,43.063833187998185
2447,19,40.830650855428296,134.49009842171412,90.51359404497552,295.5287291801959,41.77502141546985
2448,45,-103.15516058186378,-97.79126460346188,-98.50982205617204,291.64972859973005,15.13004172319003
2449,61,88.46329246613206,-108.49329350716235,-18.802464599505335,61.577345280624456,-98.14812023995654
2450,38,-144.8176843944046,-0.9553432081418854,-64.69530370701347,101.14146146200092,75.64736638259598
2451,37,-143.2529370304661,5.475542568771726,-60.83889449160372,126.26498021207479,78.81223841528131
2452,26,-55.805229140778856,136.062462347462,48.086242574011415,9.735792487353754,87.14017431012834
2453,40,-142.28970357787836,-25.659256788459444,-76.66002075020769,96.24699361564087,63.46138031455037
2454,33,-128.3618725535758,67.21779544148404,-21.354132414971495,84.83123269532175,97.51882455046757
2455,18,42.11694840932675,138.1157574377281,92.8222838372218,70.20656188445629,36.83655002722948
2456,38,-146.4036614701517,-3.146363770721016,-66.74520500708795,12.800497673113696,73.96505651038456
2457,29,-96.00527771234982,109.76946539965402,16.246513915007593,70.55161175783485,98.39985922423924
2458,33,-126.96886604617654,65.49779369417006,-21.553325555803557,150.0137992296075,97.45839996309715
2459,57,49.08916887508485,-136.3175701296504,-51.02698554887382,218.6941895900826,-85.56831362939656
2460,58,57.601974763221094,-130.793370565994,-44.52722598923552,160.03110173428362,-89.04250929128844
2461,4,141.4319338689979,-25.93190890790941,49.18860834468466,184.7466952386021,-86.55094722516456
2462,8,138.4065498288015,29.99922647939789,77.29480700804433,78.31053500236239,-62.68789072342159
2463,3,140.8341902821133,-29.452238878235143,47.04616315669748,198.19703504051773,-87.69610862839045
2464,49,-56.337123098749004,-131.4088982665173,-95.54168960548108,176.47791408789308,-27.87187190943322
2465,62,99.32260971111143,-98.14378976217824,-8.4032042843691,55.703143904443756,-99.17235722735289
2466,29,-98.46279305601489,96.65731557133772,8.238956069366962,283.32754973945947,99.18853425262402
2467,31,-113.77505019527425,86.61502227811664,-4.422795720285757,151.17817779713795,99.56439296381286
2468,32,-128.46583255373676,72.29859568941151,-18.57177867956719,18.143826921834098,98.17084080319971
2469,42,-127.6181474015603,-65.04302538484666,-92.05801600133395,121.67499618626147,38.88561265675601
2470,22,-1.7887809432887345,146.05777186819762,77.44940873717245,13.5373696103544,62.49950789884902
2471,41,-135.3929035639723,-43.04328490015082,-83.19071827986686,230.4411818232803,55.475151284490984
2472,26,-59.280542385459036,133.34580439234,44.97784132457126,47.41520915932438,88.80165025199
2473,43,-117.31812879197759,-80.92044426684163,-95.35421232446487,217.8372314726018,28.489901590154872
2474,59,66.36075064401533,-125.40917920445524,-37.458257997889376,120.03133831548408,-92.63369075899081
2475,8,137.0183567136539,38.820921361462396,81.57461755235838,89.82972688734917,-57.47292447744142
2476,59,68.09572546428059,-123.24592859742805,-35.98091661416488,82.61548562913208,-93.0818374328366
2477,41,-131.71826562590275,-50.99930370989225,-85.39660529806869,295.3528039807651,51.34822907590362
2478,41,-135.21093296100315,-47.58929326796514,-85.3390409257686,153.43427200739734,51.45592438600265
2479,11,120.94188208674372,77.70643018895386,95.50264054307772,239.40703904260124,-28.0005993981125
2480,33,-126.63620657744457,67.33796481054435,-20.547215600459992,123.9424095864032,97.76360012534646
2481,28,-86.70462001280917,119.07143472974852,25.179781063412012,18.848892998130886,96.35832655319425
2482,2,125.84864151314751,-60.29750448891697,23.414444765583973,53.844173067226826,-96.89383554171008
2483,47,-90.18659988643437,-110.23178005125881,-99.85592149529191,120.25125349580198,-1.4628546856951947
2484,48,-70.31314910316708,-124.72813523717231,-98.44689762490619,240.9349972057267,-15.768924666266443
2485,15,78.56875407231936,118.4155870584237,98.71569981267118,259.856080532485,13.039728241763074
2486,8,136.7437181898531,32.530625367620594,78.1926282465569,35.127863689266846,-61.59389195752118
2487,38,-145.98685195048827,7.320216378121293,-61.14062024929971,24.705172862125252,78.5646185806805
2488,55,17.437450110187108,-144.28529753877845,-69.56829168965709,233.61763487008434,-71.64821003781432
2489,53,-12.777951748369167,-141.4603327450609,-81.83560500222201,108.03534292936621,-57.15491022714441
2490,1,136.20983294441172,-53.76827924463397,31.647210043626366,261.7029948274985,-94.39645313805309
2491,56,25.857807891800352,-137.0627697347432,-62.11685514528397,27.09547724313166,-77.76344361530437
2492,54,12.519147551530526,-144.5894668086361,-72.06078773174355,249.74173659253327,-69.06556412136699
2493,7,145.38077736902838,10.416891435328766,70.8323749132771,299.17181998457517,-70.56239004814609
2494,42,-131.40675410148128,-57.61960248721305,-89.13824746197866,134.15688972378064,44.34811256249571
2495,7,144.52406229541478,18.008337004615797,74.10336351081894,283.4669493702081,-66.57667737452574
2496,12,119.05748074484534,80.11860180494325,95.36863380287672,140.50348492642865,-28.44236035395768
2497,44,-122.78575023909514,-74.7233696725598,-94.63957338438664,69.5955190778881,30.8457501152337
2498,28,-84.30186641785605,113.84156007234641,23.69875794143127,179.52190345734138,96.80759007029081
2499,0,117.46989525707826,-78.73437624859224,10.20203103049932,107.39274840021156,-98.99518838731312
2500,23,-25.37345928712113,137.03709257940997,62.43821527387901,279.38151563591816,77.49971027514263
2501,52,-16.02889930063639,-142.7382326250672,-83.9164397577183,190.13153347292658,-54.11742259780809
2502,42,-127.72332074043342,-65.26679383512969,-92.35119695125402,105.46951314114327,38.33710996220454
2503,29,-92.41400702198204,110.36367278176992,17.89604278143396,123.73008708696977,98.23739493105168
2504,8,138.6499180301828,24.03387440755947,74.27814995093786,37.13631712098033,-66.36369939897347
2505,24,-37.534080920635034,138.98463789675745,57.73890102468668,111.31010569862931,81.35633632526168
2506,29,-91.42286510723788,107.3600865713671,17.275585366967498,213.71229008121844,98.29850460748472
2507,62,110.08165194822344,-94.28006726542917,-1.2502616077881852,203.90646234073887,-99.87686007044613
2508,44,-111.13581152309355,-89.19140890535499,-97.42316841020026,214.51369941795312,21.669468403993797
2509,17,62.90346332149341,128.25820810656973,96.9675881631045,146.44193565826902,23.171314991108353
2510,20,16.09712626539744,142.4478740401329,83.73196165604583,142.81687133230247,54.46255667244932
2511,24,-35.65083273834241,135.5279046574358,57.16312566073482,231.92552517583377,81.82886277271413
2512,5,144.97529045642236,-6.519720661086724,61.18037386198195,243.66283952283692,-78.53199364646099
2513,25,-49.680912672068196,130.13220338890196,48.002872755334394,259.3337275420736,87.18473642965336
2514,36,-144.47074899274855,17.59694470419104,-54.66301941250744,58.412092188954205,83.624812033742
2515,61,107.94985805092703,-98.36813472934887,-4.374208454348066,242.99795201640285,-99.56917838829324
2516,33,-124.36264983946212,64.23159596794927,-20.78768355384937,251.66147169861756,97.69065495866721
2517,62,90.67006661845798,-105.58068677998027,-16.41234726088229,36.46211997653764,-98.38352607731903
2518,41,-129.8503622794404,-58.41087179331725,-88.40208079329616,227.96226630841815,45.72538281665591
2519,30,-100.08658802304411,106.02085443028037,12.320181683496845,59.593362863355416,98.7865689107413
2520,21,14.073247399685826,143.12793639498915,83.06586404072813,126.87275788810832,55.655834673871375
2521,52,-30.082652545682407,-138.49592364895076,-87.58878265033697,79.23369522403671,-47.246955834986295
2522,25,-45.30740651527175,134.69684512639296,52.391777020389306,165.59342543461733,84.83881701244938
2523,4,138.14829481416976,-20.960546649686602,50.08692801888815,50.91766197742495,-86.07078510740101
2524,3,136.52092045902404,-38.88908284579554,40.038950119090195,134.4018156423956,-91.4415439654727
2525,41,-132.92034307496203,-48.87415872845935,-84.87910166101331,271.76175219761893,52.31640978287817
2526,10,130.17599117884487,52.095465775690094,85.98222369342592,9.984745098340438,-50.252614685132585
2527,30,-98.19912542123195,106.68320286054922,13.355735147945879,87.33318133797567,98.6845758719507
2528,24,-22.06986089569497,143.6471545509531,67.39487392605069,44.215174320465216,73.43188721291631
2529,33,-128.59564112886775,67.48952510265418,-20.967714802747185,75.74805425499142,97.63604306850378
2530,52,-27.00953505759037,-140.2792305156116,-87.4236249196455,155.15058259667575,-47.555944056543574
2531,0,125.66308661713705,-68.30198779628722,19.245785978136116,153.49261857091275,-98.10445692741916
2532,51,-25.037070713056515,-142.96122033111598,-87.59501800455,263.3692919481472,-47.23529031378423
2533,31,-115.60957807979199,83.91277619164252,-6.604798699647727,144.59250712788315,99.34948458664505
2534,54,4.523452673318647,-139.69200157834283,-73.37784264215125,37.81402953890967,-67.46072745143458
2535,31,-110.47057063120273,87.81167903849114,-1.7064900870342499,203.43068366850954,99.83192552039286
2536,20,24.433489736245892,140.07019822173586,86.05755685082805,187.99892961221235,50.11167633345792
2537,53,-15.030576589344891,-140.72124400212962,-82.47616486409828,85.59112181698477,-56.37438547642795
2538,40,-143.19816208394127,-22.340266408900366,-75.5442350627733,71.42671506981117,64.82096963222442
2539,3,138.5886333730023,-31.924536708571612,44.45606620015156,141.5436308145225,-89.08054501065132
2540,10,126.01992850041816,65.98768238922597,91.46649410648013,73.27346601188826,-39.99227171254385
2541,55,30.434816840487482,-142.16345791686567,-62.67436762589088,249.1246997761108,-77.30590512309891
2542,17,66.07663426982384,126.01637563766313,97.41195530250285,189.2221784523794,21.706433060898213
2543,39,-141.17312477568396,-16.52555348009814,-71.17405322093249,218.84734957097345,70.14605366527192
2544,32,-120.84799207027017,72.96745539481635,-14.535460814341798,209.24887198533497,98.56838312113123
2545,56,27.245758034418426,-137.88160421134427,-61.9953214508981,74.35483060487043,-77.86318370223648
2546,20,28.262268961791627,142.1059855522639,88.56110407750006,48.78148804692336,45.427871331322244
2547,41,-132.35258089080725,-52.42498256498108,-86.60112570173081,217.71041885890227,49.09473106646255
2548,60,69.86119863345414,-119.29621748237712,-33.472162661096114,15.393837245558698,-93.84285973408076
2549,37,-141.07499882344905,-10.131453685456167,-67.50140893859299,239.76007228379433,73.34445622132196
2550,12,113.51482221844552,87.48687260603289,97.24178213188235,146.3902116978382,-22.267418742661388
2551,0,114.61258392821297,-77.75865136802538,9.063970753380962,27.213245155315974,-99.10727745849584
2552,31,-113.66536399144931,83.53122791115126,-5.7473398337232,212.07946357471167,99.43393685142512
2553,1,133.37814134275766,-60.396023020104906,27.025411289898074,267.25480647304425,-95.79846066419859
2554,31,-118.26564711062555,78.60107785476728,-10.277996373957055,175.62828644337995,98.98770645954404
2555,2,128.6446555652256,-52.6288379260758,28.683491832584167,37.260947433477526,-95.2954873579883
2556,35,-138.48297376121752,20.71639627958732,-50.048738403051644,257.4117165160789,86.09119789289733
2557,55,31.221809408281512,-141.50290153577828,-61.736015763476324,219.46377870375585,-78.0759902982684
2558,42,-139.1404843567858,-41.019755536211996,-84.31134778616261,28.6131420770487,53.37860202382204
2559,19,32.34516662437556,137.69477426833322,88.08435226868076,252.8737862053056,46.31981076954624
2560,24,-29.004369806403954,142.37671201876856,63.371612528962345,66.46084949185193,76.73369123956044
2561,54,5.382423999286378,-139.0408783946493,-72.73142982361976,20.181266748711085,-68.24838405321786
2562,60,81.88992056886366,-113.39694595091551,-24.394605170488674,62.605306328561426,-96.59650709066108
2563,39,-137.6339013409128,-24.759960595509707,-74.4462671536188,297.6431255282394,66.15884791588282
2564,21,7.509335449463742,142.5573561902077,79.87227525131833,162.2067946150055,59.547235372072606
2565,42,-127.6515412513615,-64.9718827286361,-92.20918440490311,110.59967539282987,38.60279661188226
2566,37,-143.6065208504051,7.5069731795652395,-59.839265595298926,112.02894107651906,79.6326123331574
2567,13,101.59384851937236,100.5221196595544,99.18416401553864,220.92089161113768,-8.283327863833506
2568,46,-100.1675987129263,-101.66858261256309,-99.18520105350879,147.8530595832743,8.272798632863434
2569,44,-117.18854801014027,-82.37566275843615,-97.08012615935183,4.0657667036092064,22.80032698918722
2570,60,74.13472859048636,-120.17523350340039,-31.37859585633843,92.06870562829477,-94.47793637267107
2571,11,125.35642361383212,70.11505499089242,93.63433027545673,233.3439213039848,-34.159592060732685
2572,19,31.46678279616208,137.11120544484848,87.6166821597511,277.8693103336534,47.194759551106046
2573,42,-132.10986883267682,-56.393228476510195,-89.0225272514002,106.62694060992752,44.564609737137
2574,29,-96.13888227815139,103.32264568272365,12.80310753287814,195.40828926543972,98.73900490117552
2575,9,131.48656438667854,59.141531314826445,90.42145924311319,254.8623852704755,-41.94739341677905
2576,39,-135.71495155810214,-36.277818935794336,-79.6762673372795,298.5976281469972,59.78607179837552
2577,14,96.5248123449592,105.28487921288377,99.62814486545366,200.15730917533105,-3.7755113233094306
2578,14,90.19187491185724,110.98001973776252,99.82374795434029,33.41648855980842,-1.7895183697182315
2579,48,-81.09213489493588,-117.11065689852323,-98.91421393207148,45.007530004695454,-11.024179077578516
2580,41,-134.7077443638899,-46.40622290888944,-84.6562224426922,202.51984358070806,52.73338725648954
2581,34,-138.563269605619,48.67445550355833,-35.544370770194206,22.799751010921746,93.21426218591802
2582,9,132.66742386595868,56.35344881899491,89.20317859676203,243.79254023457497,-44.22663501629542
2583,41,-138.65862569128137,-40.24295447276231,-83.32565229933905,96.85234312601641,55.22270762030561
2584,31,-114.44003290209656,92.22351010887803,-1.6699834788343166,31.21358143580366,99.83552110481615
2585,51,-34.14763445875328,-140.60114531160647,-90.71498131657694,267.32418269032655,-41.39825252529515
2586,40,-144.94492377888568,-17.311063614252955,-73.80314854229908,28.18596087128055,66.94249051301826
2587,26,-55.44965753303762,134.0475965098512,46.901444809014706,91.43771813492799,87.77346223679741
2588,3,137.7026673215452,-40.13807484368295,39.81493399927219,165.5679159978656,-91.56128313805662
2589,62,106.33874667231635,-98.59039455506237,-5.25375804435841,210.24448714928317,-99.48255037870041
2590,21,6.035119506606095,139.2080201376573,77.55820373004951,299.7375685896587,62.3669407653951
2591,45,-107.77180004560351,-93.72983179032504,-98.38565131818275,168.71372367202514,16.390769312374008
2592,61,96.63183449395069,-107.45792259298871,-14.332552964818714,193.8599945421334,-98.58836778525315
2593,48,-72.4330882143269,-121.67193837456267,-98.23304399057417,20.047055351167714,-17.940218654008493
2594,38,-142.78443906897004,-1.3708464680258408,-64.02957785796073,162.18022678728954,76.19371325695872
2595,53,4.712962483898994,-144.6828782057012,-75.48738752813759,238.01032317294943,-64.89023858028246
2596,2,130.49416305094127,-45.33418085978567,33.50467743084119,9.061444472545652,-93.83299648508994
2597,26,-62.35359608920144,126.57067859836921,40.39847024567347,211.3493067897879,91.24937635485914
2598,3,141.7196390684068,-35.872295496634436,44.09350811992486,264.5170324379377,-89.27433644215736
2599,54,-9.874370916226098,-140.6433334726414,-80.113204170297,73.0174959345842,-59.25366252179225
2600,48,-80.70767193952203,-116.86773263638045,-98.92669730843565,60.39504365664267,-10.897433136921716
2601,7,143.2233228591651,12.720462862000119,70.86520533924919,202.14356203138485,-70.52238604294241
2602,28,-89.78091196279274,111.98799195862692,19.957770592208774,130.51979093595912,97.94240633951804
2603,62,97.8138973198444,-97.8402714433457,-9.165911145679136,26.435720744722673,-99.09723721359984
2604,46,-99.58779301866252,-101.80727817540061,-99.39059647424004,80.90398927710064,6.18738239228144
2605,33,-129.2230003142713,61.15828986655082,-24.949699231975572,146.5178208200566,96.42812112376981
2606,48,-77.22941571899591,-120.02737438847812,-98.85518129450061,178.63268661527368,-11.623547947032296
2607,14,103.04270151513575,99.14058180538163,98.82136828685803,108.73358115590038,-11.966857427982228
2608,28,-76.21990215309285,122.52900019093865,31.85296866775181,100.42839270167507,94.33403693281255
2609,23,-23.24538939777206,141.51445342238657,65.27669912001572,138.2769382368384,75.17022768186118
2610,7,141.36808954990437,33.99143449525672,81.6049988566693,296.9235209795949,-57.43590473676604
2611,24,-22.95162593550766,144.58943198529758,67.38944129946285,22.794562403432252,73.43634565261797
2612,57,40.67355387858494,-134.0674515521526,-54.3822243105469,64.02661431431082,-83.77490022026042
2613,14,94.91243496115275,106.34909035184953,99.34028257929063,24.086146286347155,-6.69822831708772
2614,42,-137.233902336011,-45.380376564717395,-85.35319645005251,61.298387805761,51.429441276460125
2615,23,-30.96491275460418,134.69899186671068,58.96528253056387,293.93069464260384,80.3498714216296
2616,37,-144.8214758437554,13.855942975627327,-56.940635431160054,51.309046612205435,82.0114557149551
2617,54,4.406840943108382,-143.02523334605215,-74.8491292176595,167.05591020333495,-65.66795888142562
2618,45,-111.46830519131674,-89.67780614723381,-98.20078623514135,88.67604507403638,18.267737382638543
2619,1,125.20109333902248,-62.52287403618685,21.916147903777222,58.66792694427296,-97.34833899125096
2620,12,115.54145860869728,83.16256399251024,95.6098528735211,13.20317488047863,-27.647167760987244
2621,27,-65.63156133687907,123.82602378169129,37.51850172164569,236.9227473819069,92.61541602254945
2622,58,53.04624561727376,-126.77518048030849,-44.90876443712185,1.6696527371788994,-88.83857263665851
2623,38,-145.5353852161248,-2.698076354021459,-66.12321330417564,54.63454526092428,74.47551171240084
2624,10,125.28664019107069,65.97999762364859,90.91633686272864,33.38516756673745,-41.02154298923146
2625,56,25.84694211259447,-136.22874171507613,-61.89096303402381,13.18452090545631,-77.948828408618
2626,40,-139.59497169052716,-37.389539398783775,-82.34204522888183,67.22107498152636,56.537810787743695
2627,7,142.2109234940252,22.082297324078247,75.2053870772854,208.0150327823382,-65.23385725623045
2628,61,93.55392998918683,-109.17425792192581,-16.844508433576607,179.40951768327417,-98.34096194831592
2629,42,-126.01645848418248,-65.93445342095197,-91.19845644510511,242.33508425558276,40.49373464710891
2630,35,-138.90435509082522,40.37077888133151,-40.47941021378972,83.41064001824317,91.20611301818906
2631,24,-34.740979560084,141.04121857433535,60.2187169037894,53.48032127034084,79.32120481208608
2632,15,92.30753032546191,108.99056656130647,99.81543083439225,270.9383321249071,1.8739635679255904
2633,4,140.78271429588503,-16.281367474326217,53.91826962308957,95.47828578321136,-84.02288929550068
2634,15,88.62418992506788,112.20371036737403,99.86355025748301,104.32074561838354,1.3853985062329872
2635,59,77.38739503479862,-120.12548961627219,-29.852568122270288,154.61497344800688,-94.9408518915574
2636,18,48.0312876087145,136.59517194948492,94.24925404731952,30.166852896059847,32.13246034465199
2637,31,-118.66669465199375,76.91197975286433,-11.166983649716617,202.61719443248046,98.90014891972244
2638,59,78.86971226183124,-120.18154869503068,-29.409157112665028,177.76286768669297,-95.07535917016637
2639,37,-140.68805736144645,12.310602404359502,-55.82412127043658,224.64413769154694,82.92775485334812
2640,10,124.09469821579161,66.16229700790915,91.1002702677338,19.477784660022444,-40.67742796985222
2641,28,-82.67769539019095,114.02847108945498,24.726919477964536,212.01846800840048,96.49570063305599
2642,11,121.475423647991,76.03591313304374,94.90220357478364,207.00518290137296,-29.97997452984479
2643,18,45.82558630934087,136.49734003557327,93.39660460566546,111.06805403871101,34.94326845610216
2644,38,-145.39368652478393,-9.77100349972457,-70.37020947114772,29.020982255135483,70.99009337607329
2645,6,139.7440539697281,4.681091441563297,64.43314909314445,28.74184125889281,-75.86251103123914
2646,60,92.55104027730056,-114.48716696477804,-19.865189745402667,289.48223550583276,-97.9704904364066
2647,26,-69.37330150036617,129.57504084640678,38.8055675545877,15.524896451768505,92.10080102194236
2648,53,-8.552790140499877,-145.41379573190414,-81.94333085611613,279.3855300434183,-57.023645843812425
2649,19,41.086500736125245,136.35184198178618,91.36631355443404,221.9159353801995,40.17969624593839
2650,35,-139.30505907397426,27.2662338839416,-47.50536739734359,167.58211502820066,87.45065872118437
2651,36,-141.99518126875972,17.83901803949724,-53.70324991126259,132.42573832790558,84.13781978534361
2652,34,-136.54722051314135,43.45282560422173,-37.7153125340338,127.84495600814029,92.55571410671584
2653,7,139.7122550405631,22.00641230255195,73.68489740203518,71.92863016215013,-67.08657999984014
2654,17,61.62986891149763,128.0692000254388,96.27290513600764,219.956851491814,25.46137769690523
2655,26,-64.85510151948014,126.44449120146484,38.80983360357876,174.920794941218,92.09852077007118
2656,31,-113.50495617112955,85.56930202517165,-4.619981105467091,173.39900969318313,99.5449719128192
2657,54,4.594867068890659,-143.0089725632375,-74.52509841270916,158.91418769700795,-66.06279171175238
2658,9,135.79312591826846,43.93347939388141,84.05781695820502,121.55427474827623,-53.85292459602367
2659,29,-96.24442520256659,105.11078761836868,13.511129016089821,156.53584902548124,98.66927092308468
2660,41,-128.92524841856823,-59.96581821656694,-89.13451584058205,234.07209951772822,44.355093931481804
2661,58,62.54110096479975,-127.16126384096859,-40.27908380035011,111.08222496016836,-91.3131897723595
2662,21,1.807001733146708,140.65861546826233,76.34863597941273,248.89260863119034,63.8408039017382
2663,45,-98.94828481051135,-102.66787298591726,-99.03128523280361,246.08463439070223,9.835533337650762
2664,45,-96.46367700827767,-105.7049277612294,-99.27738858339194,255.94705594261507,7.336802244467802
2665,47,-87.6328952723603,-112.61590198089132,-99.70240505539168,166.6299593954845,-3.021534406131514
2666,59,69.86590244071834,-121.27001761957959,-34.167090737447126,70.65025953909017,-93.63205557641639
2667,47,-88.50351538185227,-111.40170798462083,-99.59420936786508,78.581736602469,-4.12006446646871
2668,29,-98.74266719855478,103.8730994210691,11.536773209276637,134.5713106241651,98.86372785389884
2669,21,-2.9923062869786614,140.5357256440307,74.09858767983857,240.3688809796514,66.58249674365463
2670,52,-21.688110425172518,-138.23858529731666,-84.2750029266872,8.389835671427658,-53.44659843818935
2671,33,-129.81881285037105,62.63767115137518,-24.416830063801896,98.11018358219195,96.5897652420101
2672,6,139.46703475692433,-1.1574372066129872,61.07778976677332,21.041076607828817,-78.61618220524431
2673,10,129.20665243227558,57.21632060461905,87.96702596696514,39.44465205883654,-46.53931272780893
2674,29,-92.30516646921906,110.49816246309543,18.079771920713835,113.4846066409414,98.21929920362393
2675,31,-118.09302961005027,74.0234987503007,-12.750729774481872,256.54017585525656,98.74416365630239
2676,55,33.002852813066355,-141.49910884342194,-60.848412755027056,232.61801871918502,-78.80442698137335
2677,49,-57.90437624785898,-130.2139042860565,-95.85227271420331,143.35467537011127,-26.8480167602616
2678,60,81.49272189111647,-113.49016262425275,-24.70743856133344,50.82382568229319,-96.50161010536067
2679,12,114.12984486590868,86.691694340231,97.07244764044457,137.85759312865798,-22.82563967007824
2680,37,-140.62976803367783,5.78377432478875,-58.94853956929031,247.6222165201217,80.36361200954937
2681,25,-43.47557843822024,135.22934106172218,53.385088408815065,170.93254469767714,84.30788073935922
2682,58,48.173262230039725,-129.6126671610574,-48.63937674176053,9.724630539813901,-86.84451778492834
2683,59,83.4363256726592,-119.93914820068336,-26.80096153005372,228.435642456265,-95.86654676428884
2684,60,76.02516169880775,-117.41652065616276,-29.304243788708185,53.340270486052205,-95.10718428363799
2685,26,-61.626049444839126,124.57864474611465,39.73896465133028,269.3680786521007,91.60188962151727
2686,19,38.48760030512117,139.54734295407096,92.09925753640574,43.33363784135823,38.8084552114292
2687,56,41.28272650880915,-138.78421809563844,-55.95387981173808,218.2372652949151,-82.82126481159473
2688,62,98.22038999606015,-95.66165131158475,-7.969549165265618,3.6360163287023934,-99.21506849712591
2689,28,-79.83828411060169,118.69442401836392,27.919752773997565,143.3265727046203,95.52716510191559
2690,36,-142.28767220874306,28.74367870552381,-47.736484499289986,63.82484566091429,87.32712399261422
2691,6,143.10260318434123,9.807528190049284,68.98463911943915,165.6404053687962,-72.12720113889003
2692,59,80.49451481120502,-121.56620252686386,-29.17890104332487,238.32217636568282,-95.14520659523981
2693,22,-6.905467813865642,141.77275441621956,73.08949934771785,187.40550331065296,67.81207490762577
2694,21,9.470977954427212,140.3267096637123,79.25764005785096,280.0160473042449,60.296170810764465
2695,40,-142.44128129219195,-24.60152002605607,-76.2879914691972,90.73704589592238,63.9146994797091
2696,34,-133.98639176075795,42.72362126852917,-36.52399966714806,226.71940398801794,92.91709496606643
2697,51,-27.962545413326296,-142.6325333768872,-88.78993592656676,294.1889137635405,-44.99975727463979
2698,53,-6.235728772144679,-143.70882207494324,-79.85545000546657,198.67442765732306,-59.5677370013594
2699,23,-26.083185942119975,139.81340008367664,63.36987915742766,174.30670820646083,76.73511378026757
2700,50,-48.57180845906695,-133.7726898443843,-93.656500690527,129.92626452355208,-34.08650600746225
2701,0,123.6989858417155,-69.39741400288382,17.85477506364148,129.87328460515596,-98.24145944349465
2702,45,-111.03181639596784,-89.910561963351,-98.17870911609515,106.22146122279732,18.49189029919462
2703,39,-145.08028117928322,-12.087807897300353,-71.2378188353504,45.74934482385867,70.06835500936171
2704,11,119.23768800405895,79.93143795526895,95.70601830233144,195.95702463429447,-27.330152872879395
2705,38,-146.06116412863787,1.453135010328756,-64.6262847566763,29.337833242564074,75.70400874948345
2706,60,85.20316455508741,-112.9376421125624,-22.46290894856306,98.82994407070325,-97.18248081770443
2707,13,110.26471178472664,91.66343904240206,98.4184103862559,256.71749552399535,-16.058160667337756
2708,41,-137.06093388161122,-41.847339961574754,-83.76907198775756,127.98977413622524,54.393128160995445
2709,45,-101.7416193939693,-99.84594123967184,-98.70410794508757,275.2240666939665,13.157422535197064
2710,61,105.34230113510453,-102.48103687765774,-7.644632292776377,267.7133249335891,-99.24706999228496
2711,46,-99.57342286201674,-102.39418129519204,-99.47658619754972,35.04015325830721,5.314313436436459
2712,21,1.2297811309392175,140.22998981817432,75.6968000897173,282.10397330691313,64.63506853739976
2713,32,-123.26729059763441,72.72160434843114,-15.94168344795709,142.46544412069946,98.42988238259636
2714,0,114.7757430289799,-82.49728742123658,6.9922970602421035,95.94131070588904,-99.31131935744133
2715,21,14.741922993959308,139.68332676139443,81.74620446584734,276.98592883142385,57.26384513786981
2716,17,54.55725135123709,131.02103180396216,94.39660387592676,266.38633942685215,31.646713127523064
2717,34,-131.67632556560037,56.105918429736754,-28.689578110291258,143.47968529827148,95.29364110556448
2718,27,-82.4796845258539,110.65549949329422,22.949111187690576,287.15557067991773,97.03499295966309
2719,46,-109.18827881773049,-92.8016619604108,-98.52936106485016,55.884734769622895,14.931658692657239
2720,49,-42.90515793597863,-138.10833388816636,-93.36223100944311,280.2768211961893,-35.05658300058131
2721,49,-52.98449160389866,-133.95718595692097,-95.435141934317,267.68309575015235,-28.22311245887068
2722,15,82.13496404859637,116.78845674008963,99.14098191253248,187.9253833411492,8.721763436500742
2723,41,-134.7142794876721,-48.129661602545966,-85.76615763043148,143.2217353513401,50.65684564824898
2724,5,143.91162424922703,-0.03943566741576317,64.11445604898692,192.6904572176598,-76.12405555261284
2725,61,93.67353862205576,-104.8546949298308,-14.607751782272363,75.64950096990837,-98.56126308749755
2726,42,-139.4455838914438,-42.0925311601606,-84.66822835132977,10.055948835698786,52.71092579287793
2727,36,-144.411184824296,20.882347112225073,-53.149850900803756,45.22854516157723,84.43361787199441
2728,25,-58.23003196943437,125.48382815731888,41.86539518199905,285.38760549565995,90.46528823539231
2729,16,75.58236828356536,121.83063017972697,98.96531254531878,18.018776116904316,10.505365768315027
2730,58,57.55401248409287,-126.3959634164963,-42.54321751754259,30.10504528053905,-90.10298446152626
2731,18,46.998891458929556,134.14608306579353,92.80880938618496,248.3122753068987,36.88096933300914
2732,20,27.838728050678423,142.7657743182916,88.65097977191051,7.872646203159354,45.259725820598334
2733,44,-121.95709656811317,-74.71506407965356,-94.5836233963479,106.91016128422953,31.03019248103148
2734,32,-122.92581406128315,81.95798733934402,-10.895019183111108,7.992169339483201,98.92693506195886
2735,46,-99.29672307665955,-102.70863641752508,-99.20410642393931,174.5395477075818,8.080849044164621
2736,55,20.570831778969367,-140.4688441338588,-66.39808436040254,132.2024207177981,-74.24993095323995
2737,57,53.311064891550934,-134.99480219495283,-48.587754277327704,223.803924340916,-86.87211058129921
2738,21,8.757808164637943,143.00831849905066,80.6643943378177,138.30077773211207,58.582035100677686
2739,31,-118.9852916823933,76.1954064018446,-11.68585479449487,195.24582291977651,98.84904461017831
2740,59,79.06667421650145,-124.55339010219276,-30.510540953112177,281.3044009261513,-94.74125798667448
2741,5,145.14572168573503,7.001530399877055,69.04863260501823,288.7151747277035,-72.07468306275486
2742,56,32.33746460422235,-136.10033155968267,-59.27638663493773,66.07157372952058,-80.09455497978206
2743,24,-37.08653633151835,136.368629094401,56.78898932319673,206.40111019981234,82.1359084115312
2744,15,80.22299686151146,117.83552790560567,98.93935546516602,214.92938401206527,10.768912620118783
2745,19,29.094753727716345,139.64237622817387,87.7531776459285,176.51216382489656,46.939394589696235
2746,34,-136.03098657269774,49.18800548536957,-34.581396472858636,91.30307058547335,93.50637728748103
2747,24,-27.379312038028196,142.9440003859867,64.24059040295194,38.841849203513675,76.02053980339474
2748,10,131.1954126519093,58.13762317246987,89.49555828342096,181.50459831449706,-43.67963137909364
2749,2,133.3921822240822,-47.923346950508076,33.67690055885689,104.33827795299098,-93.78075316284239
2750,33,-131.1697720134413,47.38270867462838,-32.8304784395631,256.07853342705766,94.03751254263769
2751,5,144.07636097096977,-7.001030773083049,60.35168551196712,207.84591670219288,-79.21208033754505
2752,52,-15.970644789305116,-141.29648445347618,-83.40583291208033,133.8121811279721,-55.07270032224834
2753,25,-39.27243134401692,132.31085436749095,54.47759422057161,293.7114211234477,83.72392391496133
2754,11,121.68285906526287,75.94145136607689,94.72093571838113,189.0322256212168,-30.57753448383125
2755,60,81.60340514073008,-111.19217994308656,-23.655374619977867,11.842493354356698,-96.82075025887276
2756,37,-141.22228292373958,13.646367536059088,-55.63715509789904,188.09090037996518,83.08119396664497
2757,39,-143.1962444404531,-13.956682422758691,-71.24170069157142,117.01872442682159,70.06362495204847
2758,31,-109.48932303573268,89.89324033223137,-0.233374308275562,181.2397124326682,99.97701465381188
2759,15,84.22550216718862,114.97073140708808,99.30401844954824,199.30058186970933,7.066424476700786
2760,54,9.24650165437561,-138.64157768194931,-71.02748317591873,6.469373184723164,-70.32464985066476
2761,37,-142.836515627391,9.612484203416496,-58.45436810196786,132.44884665623636,80.7691678955872
2762,42,-127.8619684934215,-64.27209979191896,-91.18675123062798,174.0031620875185,40.51563355180501
2763,43,-115.19581592824257,-83.90621630680637,-96.18099209490393,210.56100310942054,25.764374343429967
2764,63,124.95430464905921,-76.28869592497131,14.884406915274436,264.46131182803185,-98.53401495528556
2765,23,-19.8260533250625,139.80294340049977,65.77985222013527,220.4572022120871,74.75730076311922
2766,44,-114.41829293550249,-86.54797588804354,-97.97176371927,18.538632640131095,19.860992294931517
2767,13,102.9439135269306,99.29270431603844,99.23021920223958,287.0709663202299,-7.815721361374775
2768,49,-54.06397811593576,-132.93424583487035,-95.22687383666283,210.89752664760877,-28.909680266980693
2769,28,-86.59271897222733,114.88246538060568,22.97920278833352,126.4455021164929,97.02586477108908
2770,61,90.59459435779912,-109.89455334071006,-18.371714644107303,120.55013843155331,-98.1905453762901
2771,0,122.11599047614746,-72.07724222006844,15.648859218034744,119.87714353676616,-98.45872303068128
2772,6,140.76332314953976,7.35271039792609,66.37983008238714,75.50557699405398,-74.26491184627821
2773,54,9.334102162741159,-138.83583843400132,-71.01138003901922,13.061857801717544,-70.34427158730844
2774,18,49.53908591505147,133.28363302907414,93.76739257457838,191.40290357548935,33.72094450943217
2775,24,-26.29234939256809,142.14738779595763,64.37699287723724,91.41859309217428,75.90859722885423
2776,52,-27.057836917165886,-139.6789346485127,-86.8964383985882,105.895394493804,-48.54224015596611
2777,29,-98.46647792008963,96.55676106589324,8.482244116679235,291.8954747567302,99.16457248908532
2778,4,134.20618644287987,-35.39557545326815,40.710921164242066,23.270355642779403,-91.08236777309776
2779,39,-140.77144730314447,-23.44162130884744,-74.91547383369516,178.42803229019464,65.58711770174112
2780,52,-31.206450462103717,-138.85802975057848,-88.35176505903613,112.09158643184429,-45.81951688582888
2781,28,-81.02965643164093,120.74487705410624,28.716615714627164,73.58280858590923,95.28543933677535
2782,31,-113.34128537326484,82.01061139822633,-6.307941828861483,245.47388913646435,99.37872241489515
2783,28,-91.3606543763208,116.40402013989487,21.507587249066262,11.19120954003471,97.4722745287578
2784,59,87.31068118628049,-117.36603941033702,-23.795343541165273,248.7137353370926,-96.77829114470798
2785,60,72.4927725982249,-117.74926174469884,-31.771600122412195,24.322455658135873,-94.3587198147458
2786,17,55.05670069563298,132.24461939159698,95.1009659295675,168.87828109971113,29.324742951913358
2787,37,-140.79923430918984,-7.432428881548407,-65.69451809245707,263.00641500975496,74.82733264486122
2788,2,127.59371276061242,-57.31488833143197,25.920116321820306,61.69012980869866,-96.13374827545725
2789,34,-133.24123472855374,39.3280576003573,-38.08165533556551,272.0040810385635,92.44458521680423
2790,29,-91.2189226306372,107.79513577019979,17.480305482895588,200.07360879729399,98.27834145083284
2791,10,132.56679031118972,47.54603688927769,84.3868060634667,23.856743597659186,-53.237429589396214
2792,8,138.81256054422417,26.31430268372863,75.52365257082991,64.70282092610987,-64.84604948088393
2793,45,-111.33827599678541,-89.29883461111106,-98.11297759055454,117.45865097934455,19.159274169743668
2794,17,61.14660298462762,127.77118358359274,95.85665932956213,273.06530661242596,26.83355602947352
2795,9,135.717047578656,49.563538109610185,86.88192985040696,247.35861741012314,-48.56938372642527
2796,62,94.80648417851674,-103.33970197027753,-13.034776704270547,61.178297017005974,-98.71618749618816
2797,23,-18.002550065099797,144.00326576097405,69.34502591742049,54.62403918391337,71.83143945122406
2798,26,-65.31400086575016,128.37803534550673,39.82870249470377,106.01032908106953,91.55392372011812
2799,20,22.280711200453137,139.87832638075903,85.13634492254975,215.67392326147782,51.83514173955399
2800,7,142.23762278703865,13.905424591991657,70.94056168615504,139.2215134109552,-70.43056403319092
2801,8,138.4772665633596,33.216321538863646,79.11632061456906,99.00510099019192,-60.468369116971004
2802,53,-6.412548923254257,-145.30658608474602,-80.71871098561726,260.79372433588816,-58.5158500483403
2803,32,-122.28640334965682,78.77846137974798,-12.266399518805372,66.12749928767163,98.79186598771311
2804,12,119.3582825246158,76.20671115107429,94.00206555169044,40.20851354375387,-32.94733149172454
2805,33,-131.31886674570947,51.44095091908932,-30.50816081665016,213.84150899724878,94.74197999328075
2806,19,38.02139135033355,137.04410199101346,90.02699782718997,244.38956764816152,42.68537843793909
2807,63,118.97251384212503,-79.55292024740459,10.191032789806169,157.8806330120747,-98.99627161867504
2808,1,133.35422289264343,-60.07851912398054,26.766726728959902,253.89049624328624,-95.87693177916015
2809,4,138.37841922653712,-19.380843475732885,51.07685767819284,56.333074582626246,-85.54165640711938
2810,36,-142.02476001276955,16.51496570365261,-54.30816408259092,151.2110027489768,83.8144862573011
2811,36,-139.14063063156456,12.803362800300619,-54.59258388578951,274.22147137746884,83.66246062660474
2812,37,-143.09744570566932,1.9572924051413991,-62.25043733542877,151.02400966261493,77.6538155872505
2813,27,-72.85141518334439,124.41806851049144,34.38853273289717,105.55477250066424,93.56488187181162
2814,47,-83.24493989552164,-116.1982646658632,-99.44018431167319,218.84676347395327,-5.683908258582367
2815,50,-55.46751092986024,-129.09931997729575,-94.56347255639461,1.4597441845023327,-31.096620888330236
2816,46,-101.33761020466335,-100.59440931511084,-99.15369586430606,105.43025300369135,8.592676422699821
2817,42,-125.30907414528623,-67.43195853318714,-91.79939001072441,236.19892441721103,39.36946760288761
2818,34,-133.305662150674,57.60281443862086,-28.616416440112673,68.8752074892117,95.31583445877634
2819,35,-139.29918704528217,22.849898350814353,-49.42261773628665,215.4530795668757,86.4258665347658
2820,10,129.6976472823993,60.793118838838936,90.02044206406399,145.88166550174824,-42.69764340174531
2821,63,119.69226273626745,-83.2403019413225,8.738880070723273,240.24250222013177,-99.1392960724497
2822,58,60.055204876928784,-131.33518783304763,-43.62371022561909,197.38438330077034,-89.5254487781426
2823,13,109.65505015212553,91.26728866563303,98.13416724185105,125.83829293392462,-18.944131871104588
2824,41,-129.0464695420964,-58.751933463243084,-88.08224260322119,292.01438196775956,46.32375767397333
2825,17,69.43793998454748,123.28641126210572,97.68124101470791,291.83193965102595,20.818717163617798
2826,55,12.995508001417488,-140.02772774471325,-69.64614808127196,57.00253727940032,-71.58431497309891
2827,20,29.063735710402128,140.2723336180401,88.05412181283049,139.96496038942814,46.376367945228736
2828,33,-129.4355722791076,53.35184236137667,-28.80581456153704,252.40415272068378,95.25838115848703
2829,24,-35.31592368183098,136.50826410533813,57.59998734631268,199.79636357222756,81.47033979094331
2830,53,-3.611298300756341,-142.77996591301869,-78.38937946952353,162.56964014068896,-61.35414980632022
2831,8,138.75501295508408,33.872390304241065,79.88314512178243,149.56797232977294,-59.53399039148724
2832,62,104.60856824834428,-96.18564255476026,-4.886495676843232,124.45040802179189,-99.51872253801643
2833,50,-63.60267399634274,-126.1668268162031,-96.45753511590459,27.103690966843907,-24.852734308709877
2834,11,124.35451542297521,69.91129619391388,92.91635966732954,119.34395881580504,-36.52642362188609
2835,32,-119.2664437836151,86.0712068462054,-7.030808819570282,43.44512235527754,99.30752628301506
2836,56,36.559350168524965,-137.4710896218511,-57.68264916762652,138.08151953672322,-81.4025010135123
2837,4,141.1689378878698,-17.061212464198512,53.881574210926104,129.53574914977196,-84.04250341208143
2838,51,-20.746187022675237,-143.60459231334406,-85.72336989925513,244.99503749947723,-50.73689582153061
2839,5,145.69095572364557,0.525063379135692,65.30042691625712,277.5568351723923,-75.15075479023403
2840,48,-82.21890387570696,-115.08241452820745,-99.01657473502382,16.95102531739863,-9.984891638180448
2841,22,-7.89507632450232,143.5254439163126,73.20462478790269,132.06137160367535,67.67179409883737
2842,59,69.74769220408874,-124.81867225908744,-35.7991865931461,157.77817071672735,-93.13696463996334
2843,1,133.3248960476964,-58.4869204538632,28.199101717939573,241.76164037901506,-95.4424255139983
2844,51,-24.957756380484405,-141.5735416019261,-86.8351873096984,186.7467631002044,-48.6568328241099
2845,14,92.74633833780558,109.09371925407592,99.68632042771608,68.56561850427029,-3.1848444919112637
2846,11,125.68318613550046,70.18078733057757,93.7306546443913,261.82837721368094,-33.842053217329024
2847,44,-121.76889342967503,-76.09282932864039,-94.90022464938183,93.55287469283002,29.98649817168355
2848,9,138.83898570134298,42.21439241568148,84.77229712443523,299.7347319726583,-52.516226913286445
2849,14,93.22400552831466,108.34413109759073,99.84762991930668,166.30297608838467,-1.547040531504432
2850,21,1.4811193668816216,142.257518845578,76.77874569888397,182.05955884864227,63.31671349028518
2851,9,134.17913641230314,54.14011687778755,88.52860539518943,251.62168221150813,-45.488672058046134
2852,34,-139.67772352114247,47.33454996107678,-37.00037301482207,0.07714043683892018,92.77258867008041
2853,1,134.82093124858096,-55.5479978195175,30.184270766159536,250.4301222924271,-94.8402309800995
2854,17,61.08250616870335,128.27762065873247,95.7936436691881,260.52623202356483,27.041290792055577
2855,43,-121.73466440600724,-74.06222368439872,-93.52451540376902,234.66779949667762,34.52160312532551
2856,40,-144.96388620770577,-18.65825082354131,-74.71852722985014,10.013853879374391,65.8270979253229
2857,2,132.4699248845841,-39.91320186246939,37.38963480462139,12.427966819977401,-92.65450738008498
2858,23,-15.731771847611965,138.70779953341642,67.486543428248,271.07940140640204,73.35665602567738
2859,30,-104.45024844150865,94.85128245926643,4.781315011831157,204.64217248304163,99.52908192168408
2860,37,-141.61063818120294,9.211875979051793,-58.208485714907106,177.1827987627672,80.97095827795351
2861,10,131.18143895143038,56.066401261320166,88.01334010768196,108.41215764974854,-46.4526651097221
2862,47,-82.20441934766812,-116.5973450953795,-99.42410645492015,230.37193053782647,-5.847149597981091
2863,55,13.879916300310372,-142.1653418687934,-70.2941820329847,152.2893275530387,-71.05248745805956
2864,57,41.2891079289131,-135.8120288930972,-54.505945763635474,121.0690142480188,-83.70876969163712
2865,39,-139.3637397864086,-28.28441616762654,-76.73135700670387,200.8296410420047,63.37445680102324
2866,17,60.32315864028746,128.5320113791328,95.86989755995653,243.00966094236517,26.78991543867969
2867,1,122.93746647166847,-65.30237270141758,19.517258535977103,49.345135455403046,-98.07603423010856
2868,48,-77.77843033293252,-119.53205697158057,-98.77676150363824,115.12926651753837,-12.419758032267879
2869,48,-71.21173475620876,-124.01202594142298,-98.5054359429516,219.2686793598654,-15.17457471087969
2870,49,-55.470022880160585,-132.73432408743622,-96.3716250310336,299.9618624984515,-25.135941863437473
2871,48,-79.94825575489159,-117.65773635455994,-99.06137606364013,145.06038556403598,-9.530015779880216
2872,20,25.91701577784272,140.62889201259455,86.83035328346662,158.26344719213267,48.66587664641276
2873,15,76.80158733483813,119.52373103353196,98.60296189386987,249.42407731841254,14.184376384163963
2874,15,74.48773319763136,120.38850135762387,98.32051759557004,295.55770045064554,17.052083583464096
2875,18,55.9463608788116,132.44595348674255,95.92228610627879,65.51047902764914,26.61721357111729
2876,36,-140.59383614308462,12.536815175914969,-55.52062242248945,237.16533675463353,83.166413437676
2877,7,142.52843507780096,22.744439797156826,75.68745981439645,222.0307084213567,-64.64644970019239
2878,13,105.77393991068054,96.23823767106758,98.99188411912473,298.27803770194726,-10.235579853149572
2879,1,136.8387523319089,-53.21187983518402,32.57104926782927,299.17839889737985,-94.1162095328472
2880,61,90.77409378715649,-107.97839553650402,-17.420529063609308,90.05406751033709,-98.28422890991664
2881,36,-140.42601343320982,25.912259334086716,-48.45791380859054,151.94579189120796,86.9415117936188
2882,15,88.35184153793784,113.01194224154362,99.9898621650451,17.0712778285026,0.10293124152450604
2883,37,-142.76132859371842,13.575697658377246,-56.276861433517546,136.9096148397102,82.55620074687965
2884,30,-107.71275008230307,93.57181234498071,2.08171325093544,152.68707672765095,99.79496929164685
2885,34,-134.375929910967,44.24379942896662,-36.008659694858146,204.1723310021775,93.07342166010329
2886,3,134.49691962952502,-40.11006831548527,38.36236120667521,66.93250314158526,-92.33769987290943
2887,63,117.20777190519392,-83.21243791517965,7.669998400257132,182.5672921989671,-99.2445716506029
2888,40,-140.53302267332842,-33.24584257415207,-80.1384727607196,93.5446618796052,59.22287264341493
2889,25,-48.347084653331336,134.78687830752978,50.88712507224207,136.79702148817933,85.64307065028723
2890,62,107.5066955715362,-95.48105229182549,-3.432688381284128,173.815842690779,-99.66190995323008
2891,37,-141.01205001936543,0.27040482458407605,-61.90769234106746,239.4356275521181,77.9350990264308
2892,7,143.52483152394407,15.639275889808774,72.45779525230961,219.91681369082957,-68.58180887152237
2893,5,143.72211002243122,-8.6598013305847,59.16602445807284,183.15831274751338,-80.18512684275508
2894,10,127.76205024341269,62.929015055689995,90.40182725993583,80.12051706904681,-41.984122254976455
2895,31,-114.40123135366262,87.20366715637199,-4.263259500408119,102.31163173653063,99.58010589841363
2896,9,132.40759873771844,55.93527126720232,88.77070561648806,188.7647856951505,-45.035734635713595
2897,39,-142.38305224167718,-15.238186740960147,-71.45562140423998,151.50861657297307,69.80296170905407
2898,32,-121.31000747224029,84.45568598873167,-8.931241275989102,13.59573800305379,99.12035016135576
2899,42,-131.989829417663,-55.08835419068946,-88.04127500383144,152.29694021596356,46.400402621950676
2900,47,-85.05149543342783,-115.19295333138479,-99.79335054963045,289.41768162168484,-2.098148626555253
2901,13,110.01439709827785,91.53024150054645,98.50246558094996,280.7088654960261,-15.204733324623913
2902,20,16.878446169980574,140.7745696469397,83.33694403559274,222.51440957992043,55.20158227855678
2903,62,94.48526411480753,-102.9480828806467,-13.286301555506917,54.43955708304516,-98.69141447886972
2904,43,-126.4626399949388,-67.26003693282114,-92.65993700622731,129.12704758969068,37.371735728568005
2905,34,-133.99357331153553,55.58157109024689,-29.786088066198808,84.30263728770494,94.96101839899687
2906,63,114.12355211441236,-89.16953185791182,3.3161351445633835,201.05986586618687,-99.67338943661953
2907,63,122.00884415383618,-80.14927924642237,11.424884618221324,259.4207215123521,-98.87474791012914
2908,22,4.684907115150752,144.6381532625251,79.45475889017835,71.73409046742822,60.055980726088826
2909,30,-108.07464517046127,96.59119788820826,3.661253258015618,84.92567487706832,99.63939829435495
2910,13,107.57195761671227,94.43751885303162,98.70207094451595,260.94809195013977,-13.178104564324086
2911,13,108.01549261580726,93.97537082543292,98.23011372486614,77.61892601994192,-17.969970162951444
2912,46,-95.65169686319386,-105.37139308153446,-99.70910099839163,94.85114593272905,2.9535493058385462
2913,46,-92.06227261909422,-109.01318816925071,-99.82169785673835,197.10068621349257,1.8103333753237731
2914,46,-97.16366973083535,-104.32003875352807,-99.43464709412643,165.6948832754574,5.740128613245311
2915,20,24.09465139643957,140.4754494349472,86.01588619352509,182.16718574542315,50.18963660959674
2916,41,-129.8076360208976,-58.804643288747485,-88.92338393507318,212.2761816335356,44.75009373999251
2917,27,-85.68221934048151,107.24567871868656,19.700713260792373,299.5363238677101,98.02038383972963
2918,9,135.69360119604144,46.38028766232737,85.26658973957053,171.05136094588124,-51.59147095157565
2919,26,-52.95256671519219,133.7925335701569,47.950886145764684,111.95907967631042,87.21252386575561
2920,57,45.758214550172696,-136.8381159364803,-53.15582869845028,191.38638365355825,-84.43042267093188
2921,51,-26.315700259223796,-143.15242471094675,-88.03885419335401,274.33898476665183,-46.404931637462205
2922,61,101.49955359937422,-101.76100791530169,-9.35408604364482,175.5388409450786,-99.07870361748286
2923,19,24.3758717810498,139.21832994506482,85.68809851721883,232.28719998291444,50.802883901904664
2924,16,82.43058830238168,116.58866547944987,99.49370467313706,52.60378921167093,5.140506508917156
2925,54,4.683049062913288,-140.52027076884076,-73.60599033768368,63.26365360389067,-67.18272857298413
2926,52,-36.29116540728926,-136.0723876571288,-89.41228292283503,44.11282885898071,-43.835428540142416
2927,52,-21.5386435663208,-141.61398231769564,-85.53342346979204,170.61415893414463,-51.09226041261114
2928,52,-17.360777575520174,-140.07722879126877,-83.34601067464408,57.75473567702237,-55.184619798724654
2929,15,89.13038298471228,111.11360130546058,99.78251039707007,186.18187981263506,2.208210623650048
2930,2,134.75932795756063,-44.35011936160821,36.31625658525833,118.46761447269057,-92.98011315007523
2931,32,-115.3896425176247,92.52538883055945,-2.099112532207993,22.183857886504267,99.79325561327998
2932,63,113.30932339421004,-93.48634331577831,0.7219661075000352,257.64935320444545,-99.92889259730599
2933,32,-118.35771546003785,82.24917296694416,-8.459391794014914,107.9597689019681,99.16682324475556
2934,8,137.52313299553305,26.835134243326213,75.55149134490043,23.08676725607992,-64.81212782346381
2935,27,-79.63101515243756,112.72869243032959,25.328449766284862,282.1410745154309,96.31322838872703
2936,7,144.97176869715437,16.38672195803795,72.80067815231709,288.660520271673,-68.16400468805487
2937,10,131.53365557483963,54.28323708166475,87.30898253202668,82.17484529936543,-47.770424767298806
2938,34,-134.75646182132158,56.83767058147819,-29.587912982685232,41.72806829638012,95.02113416201152
2939,51,-35.84315360668486,-140.51754550036472,-91.60054253140454,289.5051154879989,-39.74148487836699
2940,52,-29.650640009499128,-140.05829756925783,-87.52574636517724,120.0184662050409,-47.364888368713515
2941,61,99.67793239522958,-105.31832504121684,-12.052222518820848,202.19375668748776,-98.81296056546057
2942,47,-88.72164418269001,-111.07035725877795,-99.71786403746779,102.93775249471653,-2.8645766114073963
2943,51,-38.62162646063655,-139.35033472314478,-92.02510693907021,259.85043688519096,-38.94718114997409
2944,41,-130.96026278307926,-54.057767929613746,-86.57237361997917,285.09806017177635,49.14852240017313
2945,34,-134.41805021645092,44.30456895214746,-35.878629128837176,192.859093914812,93.11286600675368
2946,10,133.09938758458404,47.964989503054966,84.66772866911977,46.0665077935542,-52.71186063205723
2947,17,54.44461445654644,131.30529072955994,94.5459655349085,230.76437038484784,31.154333795413105
2948,24,-28.671513243161314,143.53842815228802,64.4119854620323,12.806435609557274,75.87987956773915
2949,29,-101.14840445962838,92.6020800701499,4.929652516394494,299.0863060876448,99.51447196345748
2950,47,-87.91835566320827,-113.11633229812699,-99.89745040486113,246.94641603980878,-1.0412042800482755
2951,20,29.267994124145154,140.83549005023178,88.19198606337658,116.53583472640466,46.11844220712241
2952,3,142.7267427816765,-30.483897863571205,47.30324543903794,260.8604200300314,-87.558695214577
2953,16,70.99578452855208,123.5663064685757,98.24819879506929,194.96373739482564,17.786349228368618
2954,1,129.40162986227259,-57.44008640540524,26.722838819791836,115.69192971116388,-95.89024503277398
2955,10,128.43114681243762,63.53767746550179,91.11983095842908,154.27169018039484,-40.640832510438614
2956,17,59.15142712604458,130.03225991795418,95.9143770004932,179.00720319774808,26.6432863949654
2957,39,-139.49357726429173,-30.88149242200155,-78.08213207426263,186.1074180175758,61.728531984891106
2958,54,-5.717076812972402,-141.09720281834282,-78.22599145190716,80.9966509514915,-61.55323875851672
2959,51,-21.882601322994066,-143.56806827040737,-86.89469246100964,297.9095094477936,-48.54550657374196
2960,44,-118.50401499072595,-81.5556126776971,-96.75484069843023,9.305929507829125,23.87264929121273
2961,28,-80.9902704140967,118.35228919976288,27.208369530492106,135.32553917387185,95.7429608806833
2962,0,114.49092316915227,-76.8119509497895,9.628012704642927,21.511726397395385,-99.05172421610948
2963,21,15.891401860422933,140.44938826304244,82.45812115596779,239.1600838181572,56.3963718068691
2964,56,41.968792872178426,-139.43290831040645,-56.115268317845874,248.17882960822598,-82.68881673856959
2965,15,85.09798086975627,113.58201328984721,99.17211350862448,298.91052182809227,8.40567880396916
2966,31,-116.91182557751895,76.47460850354733,-10.718518751660861,248.39070767653723,98.94431882433278
2967,61,93.20863522452274,-112.83480184436003,-18.722189168768672,245.89854600268748,-98.15602667395743
2968,57,49.479625471928145,-137.78845250798486,-51.72484160985971,272.53516183605143,-85.19530160065052
2969,37,-141.28210701214087,12.866915463022272,-55.812702121804506,198.0896802666002,82.93712630282977
2970,40,-141.38190878833896,-30.561498706769072,-79.2087001830324,67.32916298291859,60.35580424374441
2971,52,-39.76878542488259,-134.4793394224363,-90.42566318067084,9.333172715874142,-41.93952840686376
2972,37,-139.59746821185968,-14.230898177798764,-69.42156182904311,277.39506874556986,71.76862807601458
2973,58,68.31066092639882,-129.56943375773295,-39.19201398026496,264.75421408238145,-91.8942409971718
2974,59,86.37850463256261,-119.13601072323426,-24.724622431909612,283.01504322147173,-96.49639743445918
2975,52,-30.168611062825942,-136.71774574687527,-87.11064276014571,5.248718212219731,-48.14149218945937
2976,31,-116.085820328226,81.82886922509117,-7.693297959671441,165.74086333560734,99.24227684598998
2977,25,-45.436116927781,139.51769322861068,54.94664779175947,10.785315918273083,83.47320942817707
2978,46,-93.89861556838324,-106.92424069703624,-99.77985228513162,126.90552222009502,2.2351989069622995
2979,9,138.9917944606986,41.52674474045436,84.53818386460257,273.0972709972184,-52.95422178943186
2980,45,-92.68872955164959,-108.38758226457507,-99.52157219729142,286.5454096867407,4.857562579352417
2981,12,112.07450499104296,86.89871178705275,96.55212185789097,30.557921816118533,-24.54092365286151
2982,57,45.92150125480189,-134.13702042884972,-51.45484095574739,110.86307176134801,-85.33962003160448
2983,4,136.7522844360116,-28.720073253734455,45.17050861153447,43.89664258660071,-88.69866738832951
2984,42,-131.50457374817057,-60.08537620699419,-91.25242557959129,7.505774103401622,40.392765550391154
2985,58,48.09475025349215,-130.63406407045957,-48.83825103990662,35.99775382589713,-86.73821720295429
2986,45,-110.71123514694996,-90.35625999184558,-98.10879692639392,138.73334004765354,19.20172119658529
2987,4,138.5228021636282,-27.429657754916164,46.95113106508754,93.21012263606605,-87.74690436589157
2988,57,57.088721168122085,-134.35025526779467,-46.601464360334575,234.19967415470154,-87.93380521008655
2989,29,-102.1755059427695,97.71473165793948,6.9837745705837655,194.52425291778582,99.31215874878922
2990,1,129.6411430970881,-68.02308988699858,21.601099017092878,264.23993212629944,-97.44390803996363
2991,24,-27.154855421527255,143.33064056853235,65.02722288764983,18.85127236967337,75.37496745571079
2992,42,-135.33434109850577,-50.25293185223537,-87.03309746845036,68.08095031333043,48.286569151166034
2993,5,145.23742202953636,-5.791962930086645,61.79227307537343,249.92371852925845,-78.02982113335048
2994,17,54.1990496640966,130.15211229539028,94.22986525088619,283.40027452672035,32.19637663149125
2995,44,-122.09148508383866,-76.35462755533254,-95.51693576009788,6.792217534763273,27.953474389882594
2996,51,-35.89841765869162,-140.28471129480604,-91.39248503613858,274.88408265423277,-40.1307328728432
2997,31,-108.53014705469089,86.73584724444399,-1.3416614354674652,268.4783311076779,99.86785797978642
2998,25,-44.07676756348409,139.40656008655597,55.279936467567566,35.97219670138325,83.29506282736425
2999,57,50.11748409539657,-133.73515800780274,-49.55932638598827,144.8965964868146,-86.3527942013389
3000,5,141.7452029345343,-5.221653280862554,60.06265898219928,107.89255231395836,-79.44927818914005
3001,56,19.792506078333208,-137.20170337544715,-65.25636701441567,8.128994964073653,-75.18691380327229
3002,50,-63.226183245929846,-126.70819704542193,-96.58588965698739,65.29824958640576,-24.429606153583137
3003,32,-119.90125588834628,76.42368411309806,-12.2901349674718,168.95837582851166,98.78952825178769
3004,24,-20.09321145451546,144.21409352123044,68.4797362495477,39.130811920415944,72.54156405601947
3005,27,-73.9259361611016,116.19199730500051,30.03517523069616,296.56651471011094,94.88545862283615
3006,49,-52.04600107348754,-134.57387236139036,-95.04607114244398,254.03067204745696,-29.505706786972908
3007,41,-133.16592803099542,-49.805310705707065,-85.51812722072503,226.9906029344418,51.1208776670135
3008,0,121.23451885535083,-75.42326447682397,13.575322655715484,148.22908055349131,-98.66294840609137
3009,10,131.16588480997382,56.42322991120028,88.44539175938209,122.12362222446761,-45.64435374021616
3010,0,123.81860341218,-68.45289626378967,18.460152074107732,105.43329782664385,-98.18183505612004
3011,48,-76.40651522698427,-120.08406592574913,-98.71338392547383,127.37431394107176,-13.063241856406995
3012,56,28.802846394618566,-136.77271553102818,-60.88470398175153,44.065496528575046,-78.77464355278045
3013,6,141.5872992207253,12.925576449807382,69.79874640314307,94.6189326793292,-71.45908081506536
3014,61,92.04414242902556,-111.71856435949933,-18.608621702470224,191.27230540948204,-98.16721208484464
3015,32,-127.36312351959405,74.59383056211638,-17.17302140579902,9.392863017577879,98.30860626850858
3016,12,112.42813495339877,88.54323815528248,97.28578190730292,104.81837263977302,-22.12237094269542
3017,47,-68.16221165454235,-126.36227115647041,-98.41572088050259,282.24100548985786,-16.085467697636286
3018,19,44.16758950188741,135.02088527146825,92.10052877020259,258.1848232186913,38.80607690150434
3019,35,-139.89797742577585,24.80083378326652,-48.77697403021616,191.3091410651842,86.77097046394601
3020,26,-64.32313724994928,127.32742181876489,40.07956393419606,149.57922638766934,91.41983541780121
3021,55,18.226042603145554,-142.78522740329464,-68.43504353583633,185.20286738414018,-72.5782424041379
3022,41,-126.29760206608259,-66.01876601711658,-90.99259560981471,265.0719520194278,40.878872981950195
3023,42,-132.30860890555513,-53.89362516700224,-87.87847020119881,145.46325467689078,46.704988827003504
3024,17,55.15225052593828,131.26546669896646,94.9049894975621,217.77204199251653,29.97079057456255
3025,5,142.20440121908274,-7.443463592610405,59.1974770923465,132.4644207702093,-80.15931434283438
3026,31,-114.20580979305511,89.83324705978185,-2.7937664257804333,78.16802351477132,99.72483822688181
3027,60,90.88312270819372,-113.53505573733845,-20.2812345521138,219.24197392918725,-97.84428460588397
3028,52,-29.136976189084372,-139.46083517894058,-87.8482246440285,143.6924714731946,-46.761574255254
3029,13,99.31535291808747,102.51906111793475,99.57567069205558,291.17997453697217,-4.308290939456109
3030,4,139.12997431083718,-28.618320036840352,46.5758944073301,135.972603880958,-87.94747264177964
3031,2,133.9112159912329,-51.18531622349461,32.09143137139162,164.52808226067313,-94.26170005208222
3032,55,17.547858560430594,-139.9385516970557,-67.30282603646657,73.54659224089357,-73.50742893453868
3033,26,-49.13567685662067,136.83682451011185,51.62675045439326,59.66789213123151,85.24773244269392
3034,53,-2.1726984155772002,-146.00771198490736,-79.1396986720004,284.23972601953585,-60.43988286059616
3035,11,120.42606288195165,78.64687341336175,95.67796096140441,246.28080482452748,-27.422645517113637
3036,16,72.28129865195866,123.35381628583465,98.45058308726607,134.03539578756113,15.731505511389654
3037,54,12.758194302041533,-144.12289684787584,-71.76452772881264,223.50667607291552,-69.42655811848944
3038,56,37.73510954628121,-136.66044091646128,-56.621138917735905,101.71495751459433,-82.27365962626101
3039,19,37.56624474413218,137.59883681720999,90.55692594472379,183.2841720044657,41.69395317492266
3040,61,95.98176442374347,-104.98969051250558,-13.325544968459504,126.2646985922307,-98.6875493429043
3041,30,-106.8882891324509,92.0525494592498,1.7692414506637828,224.8752534880819,99.82574505508175
3042,10,128.72217853512907,63.70509079251739,91.5389332877779,192.20806494115263,-39.85674760654805
3043,28,-85.90614229654213,113.50629620364451,22.603304139479157,163.43219865644306,97.13989239601253
3044,42,-125.09921454234237,-67.88431838505845,-91.74212905658149,259.47468088381197,39.4765952578343
3045,42,-127.44559943656816,-65.11311307840185,-91.75980687909195,158.5560256766757,39.443522395209925
3046,40,-142.8411526028433,-28.79803199534334,-79.03889002665247,36.28832294757266,60.562718597680586
3047,17,55.01796511198871,131.14987673078562,94.61428701700311,251.94756340861875,30.92910808520182
3048,26,-59.208759903577615,134.45180518881335,45.64671411971367,25.62711949264856,88.4441301096033
3049,58,67.63230135863053,-127.96147570131369,-38.34341551866091,198.65015414806786,-92.34782655936712
3050,63,116.89361184957147,-88.40867264918813,5.107816302365322,253.39115312507192,-99.4969243750833
3051,44,-112.12978451243819,-88.5307973507937,-97.15087102721553,229.509714300323,22.567112447875854
3052,12,117.54671902729122,81.46464016298808,96.00462527784366,167.03463422304216,-26.345777738267074
3053,35,-136.21026806347933,39.300053226753086,-39.429413567205145,182.20715241950728,91.7673482086748
3054,27,-72.13219037333043,126.54165519848095,35.72801869695049,66.94101853557386,93.15855318836253
3055,31,-118.03232999456574,70.07919328227209,-14.948920823697268,299.7857813515344,98.52766089459222
3056,61,99.58392817710165,-108.85539686130574,-13.780901516732044,298.9375216770096,-98.64270067049297
3057,35,-136.66188609290487,34.03753023857019,-42.356031033240995,226.9735843850131,90.20303777361549
3058,44,-116.79644664285253,-81.93189662966745,-96.0494286569168,155.16147310376408,26.19808081246507
3059,55,16.539850035973615,-140.86663071055892,-68.32493750884892,108.64357042476425,-72.66860405042017
3060,35,-139.14361145432187,21.090960247997813,-50.35136827525862,228.7933342087527,85.92943877249705
3061,1,128.91904294526694,-60.39832039743507,24.68550955571429,139.33677632342452,-96.508262197448
3062,14,95.63442933576181,106.10044104581382,99.74683477013191,222.80784884826542,-2.5704316096142072
3063,15,88.73905517716206,112.28737186837607,99.98729809375256,63.33672118828807,0.12896471343157764
3064,16,76.19298464656073,122.24161701393625,98.86152538599728,72.67476240171392,11.559135257636386
3065,27,-65.72021699034222,122.9995245973864,36.95378796848958,261.39946515394064,92.7867200914261
3066,53,-16.463322254389368,-139.35642153154816,-82.5815150632824,41.833238847260894,-56.24601583785075
3067,46,-95.49423273243241,-106.00123812883093,-99.50659579606481,189.92208195232686,5.009620644874127
3068,63,127.97863647176271,-72.57466423281285,18.304560741944755,286.78791309319723,-98.19715945348008
3069,40,-140.89120678741494,-36.4655187197462,-82.67214377090784,15.293000005541316,56.13558439554981
3070,9,137.7586420923785,42.97808093934132,84.507556649123,216.1914160684746,-53.011521249788146
3071,2,134.5740677219687,-42.22808303789386,37.62373220080433,80.56524750288071,-92.58349470108531
3072,47,-91.5479775986709,-109.01409488849879,-99.81104472053059,35.27864681657757,-1.9184965621255838
3073,32,-118.7539974251675,79.25753352949577,-10.428512343538463,155.35352594293383,98.97288194139877
3074,15,85.78477853808324,113.62240962587964,99.30297088933968,260.84585747499693,7.077060541829081
3075,48,-88.13919545894197,-111.77983111026806,-99.5507022738199,59.306999982209845,-4.561799730961699
3076,23,-22.91386880436866,137.37718858668032,63.73378102215384,274.66375302189306,76.43646735298702
3077,56,40.22086821891074,-138.14127507295004,-56.315796002547586,182.77929319266767,-82.52424798415535
3078,54,12.647405056781432,-143.44760471318455,-71.6464921270811,204.73627933389736,-69.57038497074852
3079,0,112.69723488858435,-83.68397776688394,5.073279443536627,70.32245382149685,-99.50032595626973
3080,10,124.62688732996486,68.66517112671227,92.34466724296509,67.83551356615834,-38.34932618086433
3081,62,107.37121512712824,-94.30649696009836,-2.6965781303302374,141.33097879698153,-99.73441043143536
3082,14,97.02166019616847,105.42028179662232,99.3697528181298,95.2045243879893,-6.399011740251538
3083,4,143.20614615734107,-16.759933374778246,55.03012883565008,200.81730669257684,-83.42858785750606
3084,45,-107.55210689825063,-93.9270438786027,-98.15771149854119,266.40306140793734,18.70508284508815
3085,13,102.24204783327728,99.42233962781818,98.88015020824457,125.72073379245764,-11.370034124543013
3086,32,-127.39823417698325,74.4862858272413,-16.977087708306225,0.4236159449847655,98.32790403911612
3087,22,-8.165496124860484,139.69030923411154,71.75539347741102,258.89401665093425,69.4376882403134
3088,46,-89.70447634214239,-111.84944776014287,-99.90244372165807,260.03429609880936,0.9905062464425857
3089,5,141.70410704693356,-9.702584430504341,57.976115816915645,137.51088034860962,-81.16165925140116
3090,49,-60.614289741262176,-130.55267694138152,-97.05078659845537,256.1150774430244,-22.89704654557864
3091,9,135.96633819862564,46.72598345215536,85.3057048490694,187.60473855556828,-51.518291766626334
3092,35,-138.59083453059074,37.9008295161986,-41.18194818490262,113.01303993335345,90.83059845504874
3093,35,-138.02617565685497,32.29361049824044,-43.9671738622493,188.99777983133436,89.34186354465058
3094,16,74.37418906440307,123.52413296397657,98.84246061097403,35.4157193603478,11.752703309518811
3095,24,-32.91591271311139,140.14324453016044,60.59273760082824,107.52340890901164,79.01425407693753
3096,12,111.16584471369357,89.05525811492355,97.18235006662829,54.57202079763954,-22.463339977034405
3097,10,128.59213210700707,62.17777706120997,90.50712620283959,127.78428247840073,-41.78712189075809
3098,17,63.95601763337943,126.92615898887348,96.74830049576362,230.45288476198198,23.89420944689659
3099,34,-133.83191992613118,51.14471307097018,-32.21797318681994,124.87315139181085,94.22331400650646
3100,27,-70.50477463380996,126.7158987581516,36.61644860056828,87.07450885082737,92.88905088467176
3101,36,-145.3497063939699,20.112699914629605,-54.2052833785267,7.023246140781716,83.86947716772983
3102,19,41.064415404933484,136.95621179001333,92.03784353875562,149.84725360004347,38.9233526602691
3103,52,-29.776440722635698,-138.99430049791837,-87.94234011804188,129.8486665829066,-46.58549667889919
3104,29,-87.55870398774981,108.96729715485262,19.501238974208675,249.90315177050465,98.07929702188841
3105,10,124.7047298378331,68.57506888434379,92.15318943844294,57.40090567165325,-38.707555771688156
3106,63,120.62739879276769,-80.25649564991487,11.022311789474418,213.6323649826183,-98.91439784376176
3107,3,140.52306330175884,-42.53435238956853,40.10085181333107,292.51765608147446,-91.4084568034597
3108,58,49.56762536619092,-131.5294621075144,-48.86127292415254,81.18661099063836,-86.725911743092
3109,4,142.40250444351844,-19.402863836546423,53.33166406321869,191.3070762659563,-84.33643666177564
3110,36,-140.68295771279497,36.693413160799636,-42.86386625187227,62.62327981154663,89.93159405368459
3111,33,-126.58078863979424,58.612560604132085,-24.732143154255425,256.37402397479025,96.49411604794871
3112,58,58.73825261013121,-128.0122482639191,-42.832912406729534,89.52127801138346,-89.94813923716822
3113,7,140.45317310995657,25.172587713086003,75.65662902031814,119.872046707203,-64.68401714594503
3114,33,-129.63138086470684,48.90451417039247,-31.121131213558783,286.8344257427132,94.55603742945166
3115,32,-128.2706471291332,71.2167137910948,-18.865024286111208,42.13368502600571,98.14195865317058
3116,41,-126.45945505665676,-63.998412039261694,-90.16662137282546,286.53898406764404,42.42416129192472
3117,43,-124.60281120778541,-71.03154880389548,-93.70624165097976,101.17718311435175,33.922532059574955
3118,54,-2.6474419788215267,-141.86458490235992,-77.36487087555012,124.61218065407691,-62.602517620962416
3119,18,42.78815122452685,136.4090492863064,92.54713674807084,157.82655648634497,37.74358829201401
3120,50,-55.132068692730805,-131.4168155186179,-94.96104127536995,117.58965573971948,-29.78601265291421
3121,13,103.63473314643066,98.4956190082355,98.89919870486642,167.66650215992308,-11.176631350165565
3122,10,123.49833998255447,67.53238854457125,91.59736193982692,6.439431058382521,-39.7474353436038
3123,24,-26.330154816132023,144.04826870781355,65.54254654444975,7.069325843730341,74.95205242307622
3124,34,-134.63179329353622,51.46477351788663,-32.3597199541756,95.81666946695452,94.18031558852489
3125,13,109.05461016364244,92.7316181568852,98.2940905499696,147.58095465082596,-17.32040207805148
3126,0,121.39912264707087,-72.21722513804666,15.592070667386938,99.12926528390267,-98.46431621060673
3127,38,-145.33826167843932,11.65064681580989,-58.64497930701747,38.59614806896799,80.61273738256813
3128,56,36.97371922911146,-140.9725536603506,-58.620150760221456,237.29895157869348,-80.63311363648145
3129,39,-138.56687883972558,-19.569030058484543,-71.99916530555292,291.0934932499485,69.14065129386029
3130,9,133.39103542901321,54.60393657884313,88.69240364264573,238.14651719658036,-45.18222724941486
3131,29,-99.42712269734609,101.18950212868457,9.930986842716335,170.75605761358415,99.02188389006363
3132,35,-138.3467575441424,27.02714106872936,-46.90176456616604,223.24537846077584,87.77329132295085
3133,5,139.17680571931893,-9.97732065411293,56.391531115870585,33.01386431749528,-82.46209380687291
3134,32,-120.6436661207617,82.24767465269896,-9.564358879076947,56.883305713840876,99.05799356609768
3135,5,140.18846274670355,-6.67505157273758,58.763334322105905,71.40387504407683,-80.51560596931338
3136,31,-111.97063469818686,85.2710953555719,-3.74192218562059,226.0109098163999,99.63145310432385
3137,60,79.4537243520432,-115.89230136638612,-26.90243506471559,77.79925724725678,-95.83576509964242
3138,61,95.2902046653907,-108.2111832091135,-15.428081978086684,184.32607396083148,-98.48046767484611
3139,16,73.6400624449234,123.16477076440749,98.60095050081429,111.61411723274043,14.204798415625863
3140,19,20.504684718669697,139.25684603114632,83.69265981668394,292.4336792569037,54.53608520422023
3141,33,-131.75138919316862,49.25121442058852,-31.61831071969167,222.88763554824806,94.40521965338962
3142,37,-140.18312598290245,-6.214588815340994,-65.10757009021535,270.2984262090857,75.30902823606367
3143,42,-131.36778719002757,-57.47053739548484,-89.15440834787023,125.68338294661953,44.317877687206995
3144,19,39.406032976713405,138.44601621664216,91.76689878784772,112.34505250506483,39.43025437399943
3145,2,127.44635539575762,-56.90285906460913,26.13926665106379,49.7031479754037,-96.0672697402963
3146,1,128.2277961128625,-67.72961712240975,21.193604239952595,221.1421367721164,-97.5675202469977
3147,52,-22.34891099597236,-139.7418695994941,-85.06281182155985,83.67371927355606,-51.97271242428876
3148,57,64.90366782150699,-132.19163769048623,-41.75251771832916,288.13027647426844,-90.52562252791635
3149,62,107.6139750862033,-94.50054855592822,-2.942296919279936,161.17164425742632,-99.71020926091805
3150,3,144.43533398071273,-23.79860278602771,51.66617846465223,275.9149615671792,-85.22665772124586
3151,5,138.17058534931513,-11.526550337871203,55.80825765496877,5.029831714395632,-82.94077378109331
3152,12,115.49816997586366,85.53046003609174,97.45371784019474,261.5321112692467,-21.568760444270023
3153,40,-137.71129351982734,-35.94042266765175,-80.33179992011975,197.4530374961997,58.98730272734881
3154,29,-103.38552316579259,95.9311942207592,5.479479650565673,216.28317527662475,99.46031875732292
3155,59,82.91601264645806,-118.82908990317915,-26.61671372657912,206.04540408513313,-95.9224377324836
3156,52,-24.122891062253697,-140.0954096123595,-85.94108877599977,115.06041714617416,-50.32957266297711
3157,16,74.3627660061037,122.37811864239586,98.88778307324151,9.084213092971215,11.292536288563406
3158,24,-22.653780632973884,144.1250847311553,66.99336270060193,32.52365457285177,73.76139883298876
3159,36,-140.94795650324667,26.303622811763802,-48.536104768770485,117.15016966804087,86.89971783306319
3160,33,-128.47113480253958,56.80769098884501,-26.198894903860023,224.83257409076816,96.0491817049564
3161,22,-11.487606715141007,143.73381863873203,71.96508451029223,103.06283595924778,69.18217887903735
3162,1,135.4796119653802,-53.77751711380479,31.673776290054764,245.38274140423312,-94.3883943541426
3163,54,-11.19313948210911,-139.47143727306704,-80.22816047214192,29.691843407465385,-59.11358780874673
3164,20,28.804071213481873,142.5663476437928,89.08304140041538,13.767045029281064,44.451395785813204
3165,53,7.5237507716333045,-145.40942382550568,-74.53005719670355,267.0650651492776,-66.056749413645
3166,6,141.50180684964175,13.500183669561897,70.33977389285114,110.08352482949851,-71.01507120004607
3167,11,118.352312869705,81.15638816458029,96.29031838411814,232.39158449781874,-25.40397391916893
3168,2,132.12941876319024,-40.7958957607021,37.06916045479146,18.46489720647475,-92.75172222528691
3169,44,-124.41867070264968,-73.04994773545174,-94.63142891047937,15.47855489561731,30.87259884368378
3170,53,-3.8487026552246277,-144.33696793701282,-79.02479139670132,225.88819739394788,-60.57989783459972
3171,6,143.63583533340574,6.440817974289225,67.47931186184204,196.6637331727979,-73.36259081656505
3172,35,-134.72864805761412,35.32720617266321,-40.76831940542042,260.2855100275212,91.05168775814145
3173,34,-134.82845395034713,44.531520022965296,-36.28878799319552,166.5894922215669,92.98844565758078
3174,14,104.87966391071437,95.72446412590801,98.30681109702178,0.5598143010180419,-17.191248101213713
3175,9,135.84227558106832,49.52389635701891,86.96981988351749,255.9217728944663,-48.40495312478324
3176,11,121.33254167448115,74.76266401727274,94.08840482914111,116.3790798259097,-32.662709078878805
3177,49,-47.77834351435155,-135.8230557510858,-93.95352753365734,225.2903623765948,-33.107339870474505
3178,30,-107.74933826285067,91.80809457807342,1.4335490649045846,192.26138018143013,99.85880784488242
3179,45,-105.27689869935071,-96.09090192867109,-98.70041691006496,131.843547898456,13.194898270309773
3180,6,144.6455653155072,7.61383179122912,68.42290873961994,223.28590167537317,-72.58820117018745
3181,17,52.24230901554844,132.44637504697536,94.27359482947179,202.5269023303398,32.05221955099135
3182,38,-146.06679976209392,15.139065057520785,-57.005149542336056,24.10402644904646,81.95851037259915
3183,25,-55.92724860145662,128.40834102665752,44.217577073626174,251.10576806357352,89.20802017049077
3184,4,137.3473557587439,-26.265274314340992,46.87436435790914,59.46255894946328,-87.78793704696382
3185,24,-31.905996991628637,138.4166332286338,60.09149209918648,178.45847177860682,79.42561547067042
3186,58,38.07178766621361,-132.6409590354932,-54.98262177677407,6.720479014473994,-83.45398092264051
3187,22,-14.0072405892678,143.54560717381813,71.0433222424366,93.46997603536568,70.30534988483609
3188,38,-144.5938346862563,3.440951572809798,-62.44909551812482,92.61690905083022,77.4907810928907
3189,23,-24.543784572611507,140.37648177585265,64.5649746433951,156.66077634560997,75.75432463973416
3190,33,-125.25788396836113,65.77854843828413,-20.43607825575277,198.31874131519564,97.79731327514332
3191,22,5.538782128115398,145.00044917782557,80.25307242532594,45.70739687657806,59.08323249426937
3192,6,144.74390076104808,9.666951694735221,70.24658929831301,248.41555917720092,-71.09154579095627
3193,50,-48.27683401501091,-134.6367655921774,-93.87127135087913,189.96654265860826,-33.37850212599814
3194,42,-132.4378220864636,-57.38616410708679,-90.40947084854184,0.43420244460892216,41.969822113894324
3195,27,-80.87050817677377,112.80000401521647,24.91188089600086,268.9642690109234,96.43959319221939
3196,60,83.86651057209035,-110.22787530857778,-22.207262762390187,25.140855694880912,-97.26003025162464
3197,1,130.3428010328453,-65.1760416639006,23.083477230298428,239.89284903204486,-96.99423346037884
3198,14,99.90543949084518,101.97185484792857,99.25082401746015,176.30605875022331,-7.606517007440422
3199,5,141.0702352959988,-11.419007247256426,56.76878323253948,89.65339357669863,-82.15249111519127
3200,4,135.64887693700726,-25.81822814974655,46.23289033771403,1.000634679134068,-88.1308122314579
3201,41,-132.9049478997894,-49.713615924765946,-85.26036608626337,249.98000463091824,51.60311458193385
3202,3,139.10114179191046,-44.32668292423398,38.641154207676834,255.3455036435947,-92.18868183220216
3203,59,71.74897437559034,-128.67980326439033,-36.59696269372567,283.36555280334505,-92.89496187074079
3204,50,-49.75792641681,-132.2631874311386,-93.38873279456136,41.278938645159236,-34.96921833587954
3205,18,54.959371163197375,132.4682297551643,95.21518567374078,134.9373378565636,28.948210970859993
3206,8,137.90116507917472,24.278837253476148,74.02465937732616,10.640094061393441,-66.67257867560767
3207,25,-38.86660287533795,133.74150823089767,54.55403552645841,271.97545047525847,83.68306516459302
3208,8,139.41376517964474,36.49462865148371,81.9095979378721,213.79605725142673,-57.06474953945489
3209,18,51.51512977576177,134.1046408823535,94.61759581780723,115.45470767682889,30.918200432320088
3210,0,114.19048269181178,-82.31324073082052,6.9298639575103405,80.23379058204276,-99.31746847681309
3211,3,138.05823238693586,-32.25627197499858,44.11898814046694,103.94057524399211,-89.26071708039177
3212,39,-144.13448063463827,-14.897560032780854,-71.99876275756878,80.77654667248022,69.14114180018713
3213,32,-122.10596929094783,78.6914879056716,-12.202148254089188,72.1550844677442,98.79819418027824
3214,0,114.84590513560754,-77.94331967282432,9.347775169893067,38.61698567792465,-99.07932518383694
3215,44,-114.71441082152846,-85.44029912097074,-96.80031071554384,163.57670838795616,23.722754754622454
3216,3,134.85382721185138,-35.84501759794959,40.52292847488012,49.481375199621155,-91.18285201099239
3217,11,122.1141071377567,76.081925436124,95.43010761593197,294.06943284493514,-28.239708380079335
3218,13,100.07448103680197,102.04922712017353,99.47402875258528,279.61876448973834,-5.340279630055819
3219,37,-139.31577069173198,-5.901651397581373,-64.66386337698395,288.8603248874916,75.67316878468839
3220,29,-93.26736074418818,112.35214916591964,18.92892074310032,66.26936208482142,98.13566540609062
3221,0,118.40750316999709,-69.7186986376451,15.131809985804157,6.617082081896573,-98.50964789763404
3222,59,64.6548130900759,-124.06436513483999,-38.04987803805118,62.37218943051915,-92.45422475600739
3223,14,103.8429717301848,98.00323037729342,98.52174021035702,33.40168134611751,-15.009034583855229
3224,6,139.0921689066701,-4.644284390786334,59.35389702220287,14.481155243984677,-80.03094387338862
3225,47,-88.14941024376557,-111.82593104187733,-99.68200272964961,125.89685087553141,-3.228682848373607
3226,15,92.11080922711608,108.88492439625323,99.9098333065836,247.51232785108198,0.9154784763005294
3227,57,44.58425520933372,-132.88303332524242,-51.87831986667062,68.25152730561521,-85.11326572084377
3228,52,-24.91210284679766,-139.8069850591304,-86.15035409433278,100.83169929974231,-49.93806499164606
3229,32,-120.13550949517604,82.50446313663532,-9.150384940029092,62.17815447389077,99.09876641025602
3230,22,-11.379184723449297,141.06111890917344,70.75536010458988,228.9191942521188,70.65623290020368
3231,49,-65.49988123856745,-125.64021239030396,-97.08258279643393,70.18746397194857,-22.792228543214165
3232,4,135.30055814426802,-33.77024260106457,41.993998501663945,38.797767046477574,-90.39654829337057
3233,55,16.450917542900836,-145.27386086379008,-70.69016784756309,288.07172696019705,-70.72751042375224
3234,10,130.1210532769707,59.75477860699436,89.98850694211367,172.67388870002296,-42.757389781738134
3235,61,99.70223323582402,-106.55824909733566,-12.485426299191964,235.52114011361522,-98.77029374863994
3236,53,4.112298774028641,-144.440631378019,-75.76127261001366,224.80279726266812,-64.55650851385258
3237,49,-63.47002737141417,-128.79231260832296,-97.89696969723826,272.1351358034763,-20.10755510673254
3238,26,-57.11556849198909,134.34913792565277,46.7596029209445,38.79853939735932,87.8492783447144
3239,47,-70.36679462615794,-124.97094801558544,-98.53137089901772,276.87435365829134,-14.911252488862743
3240,7,140.22140851737416,26.32865802205851,76.56357747669799,148.56369952481333,-63.57889682861033
3241,9,135.78901513147923,43.28402364596458,83.63708688350165,109.02087266432025,-54.640054795706064
3242,45,-106.68552171618467,-94.12200397692953,-98.30310907039951,212.15078804356688,17.22883543599274
3243,62,102.58646463436588,-94.41396302591052,-4.816370370278618,50.63437570939203,-99.5256292727802
3244,30,-112.4344585543004,96.10567320752881,1.1125871450067284,5.117215758856343,99.89041981149765
3245,43,-117.68701281147656,-80.1271843584017,-95.0255218916586,229.2239487376504,29.573448578581583
3246,36,-144.1938602050657,27.440724509901635,-49.768882953308164,3.179821455644458,86.24078382458211
3247,49,-48.85434722863916,-135.81867059516912,-94.35615193040914,235.4694103156517,-31.780065301382802
3248,13,111.48113408347477,90.62422327716308,98.39882110610273,288.46079584110953,-16.25705411309848
3249,18,50.45773495294408,133.8449577882865,94.04035865019817,172.81260500650546,32.821096081672195
3250,61,88.04371538695652,-108.6393420087908,-19.164171698756384,42.72158617566585,-98.1124952264046
3251,1,130.04714838539462,-65.7817821613984,22.51505346082378,256.08827329877056,-97.16666295056392
3252,22,-15.334760687157445,144.3654684935224,70.82560002945937,60.912116907310974,70.5706452711435
3253,6,140.78097353704206,5.041916474141847,65.01058018916602,69.63408944605901,-75.38862576011722
3254,61,94.49759597669427,-111.00491947477101,-17.14186450865494,228.35191984213083,-98.31167495277077
3255,20,35.08899010386293,140.8048423169807,91.32447496624384,1.080130749210214,40.25797069850708
3256,53,-6.468792264836172,-143.8157851945546,-79.95509862570542,191.63573110851584,-59.44631475950468
3257,3,139.17479887856575,-36.890030754710786,42.38512906407674,189.5453082695387,-90.18748454405805
3258,46,-97.4515634393438,-103.90079891634663,-99.40978935400143,155.44583656563967,5.992513670206577
3259,44,-119.91435859939052,-78.86716025010524,-96.12355119303251,21.586931753817016,25.95373159275386
3260,12,108.23416392212812,92.07236565364353,97.8683775378082,26.84234816318136,-20.201810811039326
3261,1,135.92374288886683,-55.2400483395856,30.926540336511355,275.49591540134236,-94.61506593516489
3262,14,96.42462068537479,105.54410414534868,99.65659874434253,210.79465813324646,-3.4866140298298047
3263,23,-18.856431781144135,140.6877699844557,67.15068467970364,186.30934817415533,73.63228807114425
3264,49,-56.63822632631749,-132.63005244304875,-96.33685445217965,276.85595105535833,-25.25056508408131
3265,37,-138.92199143436432,-0.44671501714706047,-61.602566919477226,299.98848122109735,78.1855088920108
3266,1,127.27511555552684,-62.2606055124418,23.310627892275,123.75416195736159,-96.92532805046604
3267,11,123.63757766454023,74.0089942216801,94.5220346988218,251.429278324314,-31.233223178200767
3268,50,-49.31320377685765,-134.05270291343965,-93.91869904711542,151.53647436441477,-33.22215398715488
3269,0,118.57073290728684,-77.76339284939691,11.185916540972178,112.72229750421694,-98.89828419406747
3270,53,-7.58766301797817,-141.49507370806452,-79.28553263990224,95.23465054512184,-60.2621835881048
3271,50,-46.018236668409266,-134.0904537125532,-92.84084617339374,77.17842907207549,-36.775358214356956
3272,1,138.30869548012845,-49.81749618129406,34.94705413525158,294.3985922954854,-93.3954562322849
3273,33,-125.98152909132003,65.72899908624044,-20.890011261892123,166.76857634015232,97.65961418332115
3274,16,74.83730796505698,121.7990849613457,98.85975553787262,48.84688769077802,11.577104840450751
3275,52,-22.93123624542807,-138.71309964474122,-84.91607221389312,25.68898897572579,-52.247242779090335
3276,49,-53.74004915077022,-133.150072473274,-95.14825404412214,204.70086366709887,-29.168854952142265
3277,61,100.21767072901388,-104.68116253081091,-11.384603363739451,211.68953690084567,-98.87871526448791
3278,9,133.7597478691995,54.350758444951005,89.00860755805509,269.897968088485,-44.59065163825373
3279,14,99.63899666119507,102.62896023004616,99.03339789036686,73.71460788180036,-9.814083149630456
3280,52,-28.475715873879487,-138.75266858119969,-87.1531919830453,86.38305088110653,-48.061888233548
3281,53,-5.457322438331637,-142.86694500449823,-78.86226287113021,151.72632502990203,-60.77793949230543
3282,55,25.682537194959444,-143.81644267864976,-65.54313990302558,277.749666196937,-74.95156546646527
3283,51,-28.660814282596014,-142.22468114012327,-88.79532141628553,258.3541201297013,-44.98968173725231
3284,47,-82.28420522644954,-116.90489461225852,-99.30658342204097,190.78388436248372,-7.04038185474782
3285,21,6.697656492515249,143.86072010975198,80.17418093015146,98.47018263411388,59.17936209630899
3286,20,16.275544707215715,141.09450624055634,83.20674687847354,207.39710843636666,55.445163901176855
3287,35,-137.01470295696032,19.201875272647605,-50.23567321544247,298.13279704139114,85.99127910231657
3288,25,-50.03692906792334,136.32633738786492,50.49187097949415,88.18940526591489,85.85433847362287
3289,32,-117.87978731326652,84.3785301399698,-7.254081789649263,83.04636061106015,99.28553583106842
3290,23,-17.077412070717592,138.2986172188168,66.992500741482,286.6465173583682,73.76210622428454
3291,57,46.35584158904853,-135.70259142961436,-52.22573156424895,175.06868154837917,-84.92757020371846
3292,54,-5.22122979118889,-139.88190062681744,-77.58914259081658,34.29043432436607,-62.32924163995048
3293,27,-65.28258663536315,124.21772856118233,38.01161406416005,230.15870656195108,92.46583200726045
3294,0,128.69565116328357,-70.98967451162862,19.305061313782357,279.2967367172815,-98.09861882072991
3295,43,-120.41369334375719,-76.55664734629605,-94.78951138529385,147.37962701814396,30.351470838691828
3296,12,114.12540975788673,86.73109667213808,97.58479148313845,211.8512688516677,-21.13666861287353
3297,10,130.75364748705454,59.730328517868934,90.09770350241152,196.62681031081226,-42.55309749202607
3298,50,-54.174344867943596,-130.7342730330638,-94.3814331971131,52.70088981806969,-31.696724146099392
3299,36,-140.52353824646985,36.648301984746176,-42.91710443333374,78.8921782933238,89.90313763812283
3300,60,89.76339450255595,-115.89532140616704,-21.711477043682333,259.3582050287648,-97.41042522683277
3301,49,-46.44764158338426,-137.08766563409733,-94.15013439621168,285.6190250464864,-32.45921399712328
3302,8,140.38863459432642,25.860922353287236,75.97651196185416,125.84709018858202,-64.29423850375925
3303,2,127.17536872945888,-59.221084020257166,24.91923801343167,70.60511830566244,-96.43736143472445
3304,39,-144.20639431063537,-12.202062071297862,-70.83257852332046,91.65845825632368,70.56214194849484
3305,19,35.31808458788016,140.09971067100315,90.69892201654801,73.53788547775866,41.42829734690063
3306,17,59.917629360729734,129.76680228211515,96.23293618712843,157.64193719041933,25.593137644461073
3307,43,-114.44026207951774,-83.91264535948861,-95.67307668499427,292.3638693256904,27.4387468162894
3308,7,141.04102366164815,27.389125443433144,77.14520450041616,177.44990169482398,-62.87018197662468
3309,45,-104.41714643190765,-97.10082066065488,-98.56658729920905,217.0538375668412,14.5536941137424
3310,36,-141.31847373609975,15.116721807752631,-55.037919795764125,166.58299650962093,83.42442350041226
3311,21,12.718844036942768,141.66060211315133,81.81866634996416,186.12706289477433,57.175550042590075
3312,12,117.04630622134114,80.18449893519679,94.74996008041772,22.975295281808783,-30.481853998679142
3313,0,111.65505619297365,-81.18658611932815,5.617389471523077,15.365487446784268,-99.44673583553144
3314,8,139.47602850817722,37.24724575361183,82.3970681983274,237.0882431552147,-56.47076507965891
3315,5,145.21510307895326,-5.900065403594799,61.60259678694436,256.0030172631265,-78.18548438042343
3316,60,74.560593763883,-118.32744318747118,-30.28344992457513,60.61449796818614,-94.81014530697857
3317,56,25.86087055860103,-137.08158811430258,-62.12114491848649,32.160336359930106,-77.75992309077577
3318,7,142.9795925487093,13.597378015264953,71.22829977632826,192.53309615591718,-70.07995402080859
3319,19,34.050308013450596,137.853415912375,89.21126523648138,209.93972211522654,44.21150598530912
3320,14,88.84589113013023,111.93054700474023,99.96903777145127,58.20707640292063,-0.3143650137391783
3321,32,-123.21191212521832,67.23361187609342,-18.489101803012584,237.35674129373155,98.17898375879494
3322,60,87.47955379327065,-110.56348971195388,-20.539387108583668,82.19687839280877,-97.76597487273679
3323,3,142.80408827760462,-27.820807703369006,48.74209869326859,242.04817490427314,-86.78961172955263
3324,10,126.57805915683767,66.53253025519166,91.80376281927362,98.48370590711649,-39.36128665773189
3325,2,131.8679699014547,-53.85904721694319,29.659247482760733,139.55328469327517,-94.99949507487061
3326,0,115.48715653094688,-79.42787094976863,8.7408808194037,58.931105933323266,-99.13909901604964
3327,24,-36.50715431571306,141.6217082546536,59.874498274281734,46.994481189824235,79.60369763191052
3328,58,42.796765509362245,-130.56028481573262,-51.75869219753514,2.9119449590583013,-85.17720807522464
3329,41,-137.7744109166805,-40.72577020674522,-83.48040401296717,108.30417442606432,54.93318767729899
3330,34,-133.98921942583908,43.58120301240834,-36.08974017203802,216.62701291369578,93.04882616270352
3331,7,139.28087063637992,16.531862136178294,70.87483458984781,33.26776700209411,-70.51065276261937
3332,34,-136.80054349429903,48.83083102120905,-35.16768008467834,61.7153251460561,93.3285300725706
3333,0,118.59414479651346,-70.63426223491521,14.984137497447271,19.264909793321657,-98.5241923575295
3334,50,-43.47465025611382,-136.37162943753316,-92.78521294683908,177.77863909661573,-36.9587563576345
3335,21,12.771188270118806,141.3597431739997,81.74975386055081,196.9036531278113,57.259520186243876
3336,11,124.68125156126364,71.9209096749009,94.08110760691604,273.3922201561382,-32.68676479324313
3337,59,80.92908656125903,-123.12517405304752,-29.279479019233314,275.61417789660277,-95.11469659541035
3338,24,-34.84643192488136,141.4553873630457,60.29066775879305,37.5479903408518,79.26215629414898
3339,2,130.47640917603923,-55.668135230518956,28.074455930656598,108.53369262684193,-95.48023640564134
3340,43,-122.59278006357754,-73.55575963233605,-93.67771729730606,203.71675308770773,34.016564238291124
3341,57,59.42649808610283,-133.53440178298814,-44.84342084676176,239.3471776683902,-88.87349953142721
3342,36,-143.1457983169861,26.509902254511356,-49.58498711420015,49.340553583321004,86.3390782492615
3343,33,-129.70683850389744,57.459060076819284,-26.852520825103426,168.40602460403363,95.85090642087403
3344,52,-26.660674965844485,-139.17494588091313,-86.68828842272814,95.09642972238471,-48.93166116937508
3345,34,-133.24516351879487,54.4988923551903,-30.11547901079126,102.91294325556741,94.86109873395515
3346,23,-23.38828369151541,141.86074725784204,65.46265675902468,121.19347489947907,75.01761625032225
3347,59,66.14123645824642,-124.55218871193658,-37.54438070615964,88.48784432859287,-92.6075657172915
3348,39,-142.37670505343763,-17.610077951003,-72.74907420698452,126.74056797075355,68.22688430159906
3349,44,-118.87230650748195,-79.2795536410022,-95.51780079846073,128.47544296118946,27.950622740977117
3350,20,23.20496045768478,140.06649256734894,85.4977221918134,208.4851754040275,51.15905277130824
3351,62,102.1248089343646,-95.9497251939818,-6.020456350049418,64.04170462947457,-99.4070372422786
3352,52,-16.7638051943322,-141.1744166005775,-83.50510354823084,127.47763917046765,-54.88697812088006
3353,51,-39.122647667412565,-136.3987446990382,-90.89435886904563,97.11948695683488,-41.06266090210834
3354,29,-97.44748393413366,98.32512656558985,9.552166126284273,275.5619602713484,99.05919444654592
3355,13,102.80592933107594,99.01774874834247,98.96653470162462,184.17176390357218,-10.492956997955671
3356,57,54.607478908940024,-133.57348172321474,-47.281806461262974,191.50028396509992,-87.57015459286596
3357,12,118.62874562288214,80.20319192376735,95.5455146143272,155.76380644715138,-27.85926254693817
3358,34,-131.56324603167715,57.476977116753986,-27.785047887210304,121.22112360353393,95.56802738847273
3359,14,94.55661120030668,107.27741708182539,99.60119567134602,106.14694970349755,-4.049131284565661
3360,7,142.2927323849308,21.699710000109075,74.933854826101,195.1262127823772,-65.56472038906301
3361,5,143.74229398127721,0.6330186682385669,64.11426279033253,177.0672723670099,-76.12421415583054
3362,0,119.47850877961996,-76.38033396149999,12.211718315450904,131.35786713265102,-98.79725161219926
3363,63,110.92018040644105,-86.21251864099473,3.03280420680058,75.6815760405639,-99.70129507772633
3364,38,-146.44857164191893,4.55821342857045,-63.050853343366995,0.7543133943146643,76.99693139873781
3365,21,14.92966018844524,139.73288372836717,82.01682985202108,262.82889378080546,56.93408702367564
3366,3,139.18264203302502,-43.67527276781287,38.771741898675785,249.41641717367483,-92.11888122105613
3367,8,136.72551189254446,38.859647592184636,81.7463296604829,103.18458172564885,-57.26369258770622
3368,5,145.01261633890132,-10.692902944811197,58.743412242178394,237.60684100217267,-80.53195559148094
3369,0,120.86595755417423,-70.3435260253337,16.028133234374067,58.10217343816203,-98.42136782808791
3370,43,-115.74076971402928,-82.89244369649334,-95.58391806652605,259.0981469333617,27.732663349571865
3371,38,-145.78911771986628,-2.842259231867274,-66.64172300737332,25.043936500518694,74.0499819600683
3372,2,135.14173793891683,-41.61417703421702,37.941342488249,99.62984035683303,-92.4871486598347
3373,53,-4.450992049429362,-145.4853231791,-79.93441535514171,266.09863785199525,-59.47151740731571
3374,10,131.91821058811504,50.59692461501464,85.45652021813233,39.7432765116913,-51.23613620251707
3375,58,64.34251769829717,-127.81676260166915,-39.854626866412424,153.79968002605057,-91.54006684758292
3376,54,1.5534103204030159,-141.64147601267564,-75.29303637885629,100.106588623058,-65.1270562321096
3377,22,-2.100803697696258,142.74464310009657,75.44735152115479,169.28017475517294,64.93902261473383
3378,21,3.655429950123626,140.24760926191425,76.94624958832749,269.41063151503477,63.112609331824515
3379,10,132.16032555749044,52.81453618764404,86.89141593352348,98.55567389802567,-48.55163652234682
3380,5,145.114989780977,-12.642385816252961,57.9286241793047,251.576438416273,-81.20063461611625
3381,56,16.09487524788296,-138.65215706023662,-67.72233722529003,38.18152693440148,-73.16314513197942
3382,27,-75.0451245532858,119.07948564679465,30.70991899192542,212.84910559995893,94.6807773111066
3383,63,109.70419185348229,-88.08201674442607,1.6367919690299408,81.75049751918597,-99.83879018078684
3384,55,32.89839939581457,-141.6644986072484,-61.157083413852675,257.53824183577933,-78.55110761590659
3385,60,86.1984921450353,-111.17891536239911,-21.677222035978154,76.5718220333507,-97.42081637131318
3386,41,-136.56337242556137,-42.73168379237453,-83.60434928106599,164.85699942179076,54.70130251031373
3387,57,45.80213728253405,-133.35128498322925,-51.38968695601898,92.98834471757093,-85.3744455880169
3388,8,136.88929611566834,38.17337198367338,81.22165666804136,84.25935219449985,-57.90300872505142
3389,60,74.50838411898364,-116.98278642978745,-29.899235773506117,29.119614072498326,-94.9266954122846
3390,32,-124.91171071696444,78.29635203433787,-14.136456188934178,14.28861269890793,98.60768161766852
3391,35,-137.0962832873767,23.954087028862926,-47.81851859428144,275.0273196967344,87.28327583264283
3392,15,83.23433232866415,115.87076551323504,99.3184320983867,156.30267945252112,6.920080136273308
3393,61,92.55467618899331,-109.77329030583633,-17.798027694768727,171.94096812061775,-98.24704856737225
3394,43,-119.24373231570638,-79.16945021164655,-95.00344569319586,196.20291481027417,29.646224041365723
3395,57,59.206595834826416,-134.2684045056076,-45.50023855891364,281.1742754440137,-88.52242296847527
3396,25,-45.20508080394845,138.14398317381054,53.75106849470547,72.91051045511638,84.11226020677293
3397,55,23.61814571415014,-143.14161927051106,-66.34414409368438,236.79020717932707,-74.29419856905463
3398,34,-134.54876512984765,50.76235844036879,-32.39825301526707,115.62006770300589,94.16862671055027
3399,24,-32.54422071331515,136.43935478223003,59.00589989802853,227.1906161875224,80.31653762245274
3400,12,108.74795384799896,91.68950611710117,97.82389068402776,43.26222940266093,-20.348464292939685
3401,52,-23.028217134564077,-138.70580920195852,-85.12873592213751,31.15337917709163,-51.849377170710405
3402,32,-116.98350307099732,85.30749183165894,-6.451568177501828,89.23690183337362,99.36457646468482
3403,23,-14.184885584099023,141.56495556864203,69.84753686841927,181.01785677794408,71.41903953044306
3404,6,140.60094206501063,-1.6349233747464853,61.30876348432499,61.586023433781,-78.4266270470304
3405,52,-37.88370134941597,-135.31554371251045,-89.97789679743804,28.24263904371666,-42.77723995599315
3406,45,-94.67006551854443,-107.50663385688496,-99.44354683701133,261.90970552513727,5.649767940728374
3407,39,-142.13270854585062,-17.704235204282266,-72.52307903058718,163.17761232869663,68.50226032688414
3408,30,-107.15875737704538,88.72864609909686,0.3913922997205979,257.2712404641408,99.96145125154983
3409,31,-111.22916907504425,81.78361400384215,-5.258665015432445,284.4680474563919,99.48206708458932
3410,36,-141.0024109363205,17.347023357948697,-53.65447933874241,173.1765450296448,84.16388821294049
3411,60,83.04326663047436,-116.45140425247575,-25.481430387810764,151.12983810566433,-96.26682221784804
3412,59,81.09102128709537,-121.91678129503661,-28.808068650008437,244.15628829072335,-95.25769738812619
3413,13,111.13715099376672,90.22682020685586,98.26078608454259,225.30828366766116,-17.65854823943182
3414,6,139.997354502595,10.999858093301532,67.82414120027322,20.552482513488567,-73.07959680107275
3415,6,139.85108342488476,9.003371414609662,66.71693753620184,34.29900878561912,-73.98825501527475
3416,15,89.02174187054307,111.23260187259446,99.56244836680979,265.29239717655616,4.442539559545526
3417,51,-35.91965395129669,-139.1171248936462,-90.58444797417191,198.90489901110345,-41.642463106021786
3418,16,67.36939639575088,126.72594442113304,98.2570475124509,57.373065137441294,17.696506626862487
3419,51,-39.97032073232956,-135.84058896175367,-90.93714184150882,71.12259775181992,-40.98261963174822
3420,28,-92.40578162627082,115.52212599188178,20.527037492811495,6.07682365036192,97.76972108826459
3421,28,-77.35745742475011,124.6017945805337,32.39204381285546,37.314720900023396,94.17051025178091
3422,51,-39.73668898852163,-136.7340355936379,-91.26166670799248,113.71675908280271,-40.37547662411495
3423,1,127.21301754279988,-67.53448930326252,20.875489189105,201.02699497724842,-97.66401940657462
3424,18,56.857785307542194,132.53794643443112,96.27742074915393,26.517475737227528,25.446491717463118
3425,1,132.7654858916551,-58.3019651597058,28.090814333799592,229.82603794521944,-95.4752741375842
3426,12,112.39068427739468,88.45635929321641,97.13711571820701,80.94524910650472,-22.61245761817429
3427,43,-126.1992713169289,-68.8731629901943,-93.24671866597956,83.69664342074734,35.43737610982221
3428,13,100.14701532983035,101.71056147459518,99.33903334460592,225.79901936797492,-6.710912019044216
3429,57,59.77908634374411,-131.91562351193693,-43.92414423306905,216.07410717798558,-89.36486337251483
3430,6,139.01235131077564,14.475971976162299,69.51668682003141,9.359365817632673,-71.69056104350531
3431,40,-142.61166428277065,-30.147957795914632,-79.61992282851074,21.963804225277883,59.85472780740514
3432,50,-41.75350697422902,-137.99541471494157,-92.71131740157465,244.54201432739507,-37.2023572888993
3433,19,31.449743030517002,137.3755806277012,87.7106073462668,263.4462060716197,47.01903797743571
3434,4,135.89541640902084,-28.766591497599965,45.05146599616141,26.174214437922622,-88.76229702479753
3435,47,-86.85833461501957,-113.01299960477327,-99.641429727466,156.4910521353837,-3.6406277563059355
3436,28,-87.26707673946468,108.49273293244686,19.884366716134174,256.34975412760946,97.96467316509583
3437,56,29.721300350157584,-140.12287787086396,-61.91245837491062,171.7655181823348,-77.93118764504607
3438,21,12.659104100945907,143.94340980327613,82.87665239585913,77.98154341201766,55.88638981903992
3439,57,45.500298062645975,-137.79317832461663,-53.83404839628476,226.74606123784216,-84.0679065023865
3440,30,-112.34111992422861,93.10370044415949,0.14888363547729322,66.9604892038917,99.9853362526129
3441,39,-137.84805685107557,-31.24699697050295,-77.58011292243391,254.75031204268242,62.34024432694806
3442,63,120.6078655250869,-79.18323728643918,11.562915249939891,198.3841198985434,-98.86115308952503
3443,34,-130.23137603406192,67.23289158548552,-22.176479867650386,32.888838231603565,97.26936814200056
3444,7,141.05691328270433,19.140679791926676,72.80251454055103,98.1102358679319,-68.1617670416555
3445,23,-25.085392309236273,140.2255375943876,63.857563258156944,168.07596159996908,76.3348819363502
3446,39,-137.6199522847673,-32.69401479487366,-77.97392610502483,270.1403772723241,61.86038139068745
3447,46,-102.66125993070625,-100.02481631475305,-99.23830862119686,39.80657026429612,7.7335880518280575
3448,51,-14.443270777306251,-145.00199720682417,-84.3192104150914,298.1934230994347,-53.36389208733101
3449,53,0.9157474724434522,-145.57557095765776,-77.4969986304621,260.9774900832006,-62.44151942375517
3450,9,136.45864133765647,42.233105397737994,83.53159340764672,146.15870348638845,-54.83741910528961
3451,58,47.010991051517685,-131.70375568226777,-49.62880936020124,47.509856705234924,-86.3156547586609
3452,28,-87.65184615082218,114.33917326322809,22.19607458626697,118.88187825309826,97.263424148236
3453,49,-67.67717472666585,-125.69382671329019,-98.04537025134032,159.69872506453643,-19.618344112347117
3454,1,127.47774520013839,-65.215248044599,21.65363123415866,159.43279594800904,-97.42797256383932
3455,58,60.42849954941449,-130.06798248298398,-42.92154389024794,177.3254808963683,-89.90076469773774
3456,26,-50.062341268446886,136.78026822380286,50.8947622351808,53.23479677410653,85.6389884995388
3457,10,130.45767770338716,60.03775018190989,90.62381498064146,231.33916693326915,-41.5688126552307
3458,1,128.6112708436545,-63.47204851218243,23.170989723818455,164.16344896318236,-96.96768683187237
3459,23,-18.396105675126428,138.09579732793847,66.19823315705159,281.3516849022815,74.41394453397109
3460,0,111.91662294722079,-83.11862790067399,5.099775532732762,51.378766094619166,-99.49771632118478
3461,7,144.02504552790413,22.214976178568147,75.91620269227136,289.37253608671114,-64.36772558967988
3462,54,10.908166437503967,-142.50466898597995,-71.88681989883848,164.45451354205738,-69.27754462075886
3463,29,-92.27496787281855,102.9856407803685,14.525782054799288,284.8534225895461,98.5693363950387
3464,4,142.26206914984127,-15.223787161231293,55.25790774961112,157.49628004395424,-83.3068374285105
3465,12,113.38305500784799,85.05442255036907,96.03575785578485,1.5459323040887873,-26.243147397669333
3466,16,77.17510920911342,120.52469309439213,98.90657224057315,97.20107071861284,11.101766530596594
3467,42,-135.3497468153006,-49.21807220934132,-86.45691742908991,102.50413235801724,49.364525628973205
3468,58,63.62049039582575,-124.78146123781335,-39.03750986844652,67.44472576516932,-91.97682520818745
3469,8,136.9370073139778,36.94103728478529,80.3474913728372,73.7714487327672,-58.96818262952564
3470,44,-118.95810566610449,-79.70645024056549,-95.75076362444591,116.13585332412207,27.182647335193515
3471,22,-11.40804947890514,145.05066862762,72.797740741914,43.55718554585073,68.16758393436591
3472,2,136.2194813746998,-48.5743157701133,34.87137560633045,213.31569038479395,-93.41841306635938
3473,44,-107.83027901616153,-93.17265326723424,-98.05867433277677,280.3772495797289,19.5744864397913
3474,43,-118.16396447297657,-80.45240973634169,-95.52276533821798,179.07671219476794,27.934256849043578
3475,3,144.153734222483,-27.29763298128509,49.46864432457501,286.5491818763591,-86.40126479805602
3476,30,-107.70093345409892,93.6156438195584,2.129626603192072,146.50820474368535,99.79025024182175
3477,35,-137.26470717496278,36.00230229716547,-41.51249095282144,200.52579256434072,90.65391957333988
3478,49,-67.43566205698886,-124.64832426819594,-97.36951554919182,51.23480803079795,-21.846338157913465
3479,36,-139.7389878892206,12.473129401660206,-55.095889681107245,254.26907334803644,83.39343793512612
3480,32,-124.70774061708548,78.3818702249552,-13.613025529001337,23.091092855968206,98.65923499992783
3481,57,51.723511956662556,-137.568966228786,-50.493846587791694,277.80150118165074,-85.85328248844158
3482,10,128.09134889920847,62.928064030598996,90.829659687429,121.96591530309178,-41.18370449468033
3483,18,45.129071152035046,135.17212460365744,92.76915108496675,197.61580443443856,37.011705212615425
3484,0,123.67516367959303,-72.98584509627419,15.954543080278023,170.07843761674852,-98.42861582029593
3485,26,-54.397464043070606,133.05250779876602,46.89873170285216,127.64796154846167,87.77491242300411
3486,41,-134.1389334064409,-45.95373713134475,-84.00823591754381,243.08257700286055,53.94568415086092
3487,23,-17.501752136586184,144.8739390778004,70.0439706476109,28.636250162876028,71.25783055615837
3488,29,-98.88452361235015,100.74016063814227,10.27932417743515,212.84964960649228,98.98757568241248
3489,55,12.365051476706123,-140.60983883618687,-70.24880274707745,84.14912490019233,-71.08972926120047
3490,45,-98.02336744501521,-103.14959728292739,-98.9923429775867,289.8234131577856,10.230920981567492
3491,41,-136.80746441089724,-45.81203061299633,-85.30631984950197,87.9410666163227,51.517141182338705
3492,52,-22.439928477821255,-138.8766498597692,-84.73787918067873,45.142926565727166,-52.58061832376691
3493,33,-122.93900910269814,61.21304491623037,-21.6270447915055,297.98464703568413,97.43603747420849
3494,54,12.405851460448822,-141.5356451582776,-70.85536681488806,130.2638923437807,-70.53437432418109
3495,12,119.39337062400256,75.68706246865838,93.74736409939193,15.36348640288296,-33.786969534212346
3496,48,-75.82345417730991,-119.36069886874746,-98.4639432644273,10.511830870434958,-15.595857256283026
3497,15,92.05565537936731,108.90731852696474,99.89659737365429,235.61931439016865,1.049865257620907
3498,25,-45.31842097256862,138.95388235113612,54.68388487988448,19.87173837944235,83.61365920330583
3499,31,-120.95986241274232,72.22073348099731,-14.420640738693946,226.39930799058598,98.57969190318016
3500,59,82.31766417990383,-119.00247104342525,-27.107011568777104,212.3523571798246,-95.77370748665453
3501,18,56.938380205527224,132.57070152827237,96.31592645540829,32.80500418382876,25.31955543369937
3502,30,-106.183461414516,91.04200268769863,1.8901092730582427,247.13867070522903,99.8138406224076
3503,16,65.93037614988818,127.8381440706441,98.19977190106518,13.017253517050964,18.27803609693441
3504,25,-50.30584928922332,132.27185829461877,48.43001218876323,186.9222647025868,86.9564255278384
3505,58,58.81890914282817,-129.25246245416488,-42.85340131697774,120.82983485604794,-89.93718768081479
3506,5,143.46540798138963,-0.5953233580947285,63.49318880044665,167.95239259366133,-76.6339162105201
3507,30,-103.2996352991535,99.97260748309003,7.406713250073842,129.3000232396729,99.27050295541477
3508,52,-26.264395010684993,-138.73385496336823,-86.25902489239479,58.25608633467755,-49.73475633338459
3509,5,142.6563326367904,-8.146405368514651,59.201255814275214,155.49751982838524,-80.15621322708563
3510,62,105.45446182993467,-93.24010083861089,-3.232626343776967,78.30666087237115,-99.68161432953949
3511,31,-114.84208602154195,86.62773861909976,-4.733282010759301,117.62666935829833,99.53381275588023
3512,15,86.16619180423469,113.30782427493884,99.39965828470747,231.57747626537034,6.09537621877201
3513,32,-127.85431496933464,70.01746288345299,-19.50118737186382,56.879991890914646,98.07930210427202
3514,29,-99.09872345316356,102.66071920310573,10.689019986098572,151.87179649933717,98.9472241970089
3515,63,110.40371622604599,-88.80300575389899,1.5629797031822315,112.7779747300706,-99.84606004907685
3516,26,-61.4566105633424,127.70837299685736,41.14903571275295,181.29594208108614,90.84819054702004
3517,55,16.050929109998936,-140.8845517231388,-68.42150251829203,99.22678968069397,-72.5893552257619
3518,12,120.21603304854887,76.14727863275937,94.10891587004406,59.361447974378045,-32.59509324835363
3519,38,-141.6401500410258,-12.717539769288743,-69.74866914477228,198.2288434920607,71.5001781430818
3520,42,-136.013192815258,-50.80112104492222,-87.80220937172362,21.162081022523342,46.84766273015879
3521,3,137.3983036412611,-42.01733465420654,38.968308018052085,180.72002087175775,-92.01381438697616
3522,31,-114.88261765377753,82.14389798428094,-6.821657082729457,206.07282572936901,99.32812591590805
3523,6,142.43538267534578,7.22037566892914,67.32095756878223,143.36258056525116,-73.49254877625407
3524,4,141.68487405136986,-19.728372541003246,52.3200704125353,151.27192513723952,-84.87714501268533
3525,28,-90.29115565274908,116.2360339452332,22.141342977866515,23.411644723313508,97.28002680252371
3526,33,-130.95614775066514,45.277915332599285,-33.51364890173801,291.7361836195946,93.83027501875438
3527,35,-138.5441183503019,41.49010184443053,-39.61096464226701,90.29567744058616,91.67030708713725
3528,8,136.47319371688397,34.874583883080824,78.97183011104451,25.36964926486296,-60.64443137275152
3529,43,-123.81396427432063,-72.33226657006018,-93.94728721301053,112.07844262638139,33.127911447766735
3530,62,101.62289874060977,-98.99057733880069,-7.787793238759112,112.64710390744656,-99.23296988020172
3531,47,-84.26418937108086,-114.81005598997693,-99.342787618893,120.56257408010842,-6.672794204430994
3532,23,-26.86126208524052,137.32304111899262,61.6342294875482,254.16295056452694,78.15952410394152
3533,55,20.68594506288435,-142.8805827380577,-67.5441933567823,211.52058450139623,-73.30934397026182
3534,18,52.21776812122259,133.14455917367164,94.51358522244317,157.88750056997597,31.261077364906726
3535,15,87.55632397534679,112.29375882750605,99.53694584826934,226.18363869617875,4.7014711664461215
3536,38,-143.53626050527197,-6.609206174754305,-67.4559468411122,112.59570239498488,73.38176598613873
3537,2,129.70824875214095,-51.400763401838184,29.33527775099853,31.081256666912967,-95.09777023274232
3538,17,61.74288222776213,129.4719443448006,96.50525658068058,166.42245387646375,24.695417744915012
3539,30,-104.29009150993842,104.80454889836133,9.259949473447191,14.84439487690968,99.08797525355516
3540,46,-105.5690953266867,-97.21543678436007,-98.9560633661693,35.59391675367536,10.599274329380624
3541,43,-117.79717921029537,-79.28507079852466,-94.65216312954624,277.699123487029,30.804247293456235
3542,26,-65.67842794740594,131.41670564564262,41.26373637721767,24.97896077033455,90.7868817328642
3543,9,137.24610345202143,42.38354697596588,83.95076820699563,180.40134817924323,-54.05319861963517
3544,44,-115.65646700521147,-84.05920013667084,-96.60187917746492,136.13582883739662,24.37689577618662
3545,10,132.4642384878246,51.4012325117839,86.10344947741375,69.57294006286907,-50.02581731243637
3546,40,-136.06634788472678,-42.49934406805454,-83.03673690274843,218.7046033014902,55.69132620786181
3547,59,68.72674915122256,-127.36027584642117,-37.70800101902177,212.54799408355154,-92.55793203086628
3548,0,125.64541584582632,-72.24287445749584,17.468457927806515,208.21549577697854,-98.27950833229987
3549,44,-128.42889247880763,-66.45847429520371,-93.00534638781315,17.826993337890595,36.23307376023433
3550,21,4.898266894790294,141.68774273092953,78.25959763738078,196.5647883003204,61.512289487261256
3551,62,99.8955412562178,-98.50328285845454,-8.432710709823006,71.86537817124484,-99.16945110024386
3552,13,109.29312112559387,92.21880737744691,98.33907968542275,180.8239398682441,-16.863619383531336
3553,18,59.6420658025213,131.45269661360072,96.9012682980887,21.376368013734975,23.389942255057555
3554,42,-135.29583687225445,-50.188854773650185,-86.86912435631103,83.91980527441777,48.59334110844
3555,34,-134.54682911044304,47.1400553488349,-34.74766979725914,157.09022223446982,93.45593881868817
3556,9,137.9488882321293,41.33413423506613,83.80409357487831,208.02824507649345,-54.32760741379668
3557,14,104.45971652939205,97.55285887849183,98.58055155722438,65.0927373419019,-14.411912518275408
3558,17,63.92090593400307,128.4395906460818,97.4013292651894,112.55248301013066,21.74146240638779
3559,20,30.680041607664794,141.1856173444386,88.90322559491982,83.77555586542175,44.78780732232049
3560,34,-135.91481522421407,43.26981967517494,-37.644639372433645,147.06042589490494,92.57715257899463
3561,26,-64.97877678535083,130.10973229026445,40.8781761469494,67.3994647199645,90.99296807607512
3562,7,141.0088291158167,30.004506736938758,78.88501479559893,211.2627823566396,-60.75021618144693
3563,22,-8.197658195827017,144.14709099639543,73.72303234988625,89.95653444034629,67.04011241353544
3564,22,-4.075456225792479,143.30084793345372,74.98676073887326,136.55550488741883,65.50025432299225
3565,30,-108.42600346780885,100.40034425174355,5.260377503838446,1.0858454634404437,99.4818984193273
3566,6,140.2020741542344,-6.708828646060219,58.52160149379603,43.147930978322734,-80.71399089813339
3567,54,-9.214204624243227,-139.71138889089892,-79.40413012789037,41.182953791305486,-60.11767207519735
3568,50,-55.04263047464254,-130.4540945317147,-94.58167343860191,37.25343465711321,-31.03662062932043
3569,60,88.3427258943936,-114.78036774822213,-22.156554691263203,213.28704676161013,-97.2754123790483
3570,56,36.94460879135036,-135.23151679027572,-56.55239712077223,53.44419229776423,-82.33007453934064
3571,27,-73.89581123413028,122.23388802530452,32.811142170996526,145.2846541112229,94.04337813642539
3572,56,33.92300663756311,-138.60236224918557,-59.383738525255154,153.43772981923246,-80.00645359418122
3573,41,-135.02053788157642,-48.2004875354849,-85.68892756179444,148.2891128098166,50.80133286939814
3574,34,-133.9167376877009,60.05041680898859,-27.417417893521886,37.28930573225464,95.67954674391247
3575,57,53.209147118532556,-134.46134654703965,-48.30114516962023,214.41569979678422,-87.02530642024058
3576,18,54.44938173921859,132.18687464430081,95.0906354020121,150.96035497935134,29.35879813242452
3577,8,136.65198475486943,41.28453049026371,82.97624807158982,116.9368275452128,-55.7650320902799
3578,18,41.970340221177906,138.24357444391848,92.6976012135315,76.94912831577548,37.24757349467667
3579,56,40.358609341310085,-138.74233669441048,-56.32143240879478,211.95688872036013,-82.51962230687366
3580,26,-63.53492868938743,131.97054089755085,42.595867918165126,40.299915045797725,90.07484222153087
3581,36,-140.09736444483966,21.966116693317687,-50.668213211588146,178.94764767614885,85.76008153809656
3582,56,24.663748427383272,-138.69171392367676,-63.4944434654589,85.395896191558,-76.63288653395159
3583,31,-112.70893134029382,91.39315816039955,-1.2911407329374693,83.62318222627826,99.8728338310097
3584,8,136.4397099376945,38.756398555544806,81.50122361461115,78.73460195314075,-57.56235528379332
3585,44,-114.69007003025988,-85.54128011228714,-96.79290914128126,169.6623715150586,23.74715447150305
3586,41,-129.3564787562778,-58.95884981039617,-88.62182627715418,245.77507462711313,45.3142681448312
3587,16,78.71481006275587,119.82087108240573,99.07711525246282,77.56558466080541,9.370212996217479
3588,28,-85.68914620925698,115.85859560699606,24.091848422899638,107.72018477837126,96.68834735920777
3589,54,11.894158294810955,-142.41055547651425,-71.29523635094108,157.33603804384114,-69.99839153723296
3590,58,65.95773847332963,-130.43182957410556,-40.31937455129631,236.68825906271957,-91.29165390616825
3591,31,-107.59121115428673,86.88801339802922,-1.1167249122559215,274.87363545414877,99.89001227729489
3592,11,126.43985773813891,67.90742605643342,92.95201357951267,205.9895514473749,-36.40888844192418
3593,39,-143.88321195499344,-15.951911390793596,-72.53852515621229,73.17907774256703,68.48343916110308
3594,30,-101.73607205170057,107.10780513743249,11.782666475952764,9.485698723037,98.83950949883807
3595,40,-141.51317341567145,-34.033986755404456,-81.62283725613129,5.548546590073833,57.41416857575764
3596,59,71.65666212964088,-123.37262880429043,-34.3199764754041,138.88430214185433,-93.58567818815752
3597,55,18.218882895432778,-141.3269656532562,-67.48882760853323,121.7781468205073,-73.35478144808498
3598,44,-115.01524170756221,-85.95456770130001,-97.51594854454036,60.72180288195371,21.36361333455443
3599,34,-136.96520342167062,53.082146446586734,-32.39057023065272,18.96848673048471,94.1709572581195
3600,40,-140.2745265206338,-32.58482990437497,-79.77751220248905,110.18629795425565,59.66270452564705
3601,14,100.00245658057577,102.35738794114212,99.17902429553624,147.76382382968131,-8.335512355225282
3602,9,133.45665509680245,50.797799943397095,86.34909736061832,125.98497899952967,-49.56624268493995
3603,47,-79.2582486598228,-118.55331085348683,-99.03400396439531,172.70512826611508,-9.807929572216679
3604,61,104.36829284109663,-101.04907473409395,-7.6031275911398,216.42605022525575,-99.2511578455821
3605,63,114.68018420008069,-87.3178421101737,4.448027312948544,188.47662094477116,-99.56190787067422
3606,6,141.87733184055915,6.640825667965456,66.49107127970035,98.15965616775324,-74.17361859014444
3607,40,-142.83430042934944,-27.882773891293503,-78.05560959203623,55.28391522278363,61.760849735440615
3608,35,-137.1541847732571,26.788616324672077,-46.29811512862197,251.87769044331915,88.09594883635214
3609,55,38.91885267066707,-140.78085704728855,-58.15127068521341,269.30621634715646,-81.0179134212519
3610,49,-62.94499295630313,-127.33297026976912,-96.70785324108853,98.41411451609592,-24.027546157123112
3611,49,-61.91607834357457,-129.6368626189669,-97.7586538560999,294.8411854565092,-20.563521262600222
3612,61,111.34158039117497,-96.07874715299909,-1.7857426935178067,272.9782373392649,-99.8241198257138
3613,16,72.1443904449395,122.87395632506124,98.33719367063432,188.30747147949404,16.88276842714549
3614,10,126.70917031438691,60.47195670885334,89.03443040883295,13.217412301398507,-44.54234050740942
3615,50,-47.22323330878715,-133.51030144202358,-93.04350269134605,69.88393083909385,-36.107289302714236
3616,38,-143.25961354355613,-11.773727004098498,-70.1360007431203,122.53992540876477,71.18230343775008
3617,15,83.07090160376954,116.84653547900346,99.37677851157154,107.95942206624922,6.327678625069992
3618,22,-9.662211474456043,140.25256113547297,71.12408492284057,235.99591085442327,70.20694023611901
3619,59,80.81469869922367,-121.7597457912049,-29.02498263391014,249.2145902609053,-95.19189724100576
3620,48,-77.07786631865092,-119.55409987918146,-98.6492827488355,85.41122922934179,-13.714072504559125
3621,23,-17.463397921573026,138.6640602215176,66.93908843686388,259.64508704352284,73.80594055296825
3622,55,21.612935808204753,-142.22707748248823,-66.8698444351446,200.97230376860898,-73.8627676146807
3623,1,137.91464417290103,-49.85454352132117,34.474818426781724,267.43514676707434,-93.53870738895964
3624,41,-135.21195830435934,-45.25398885983435,-84.13006970331153,196.44211935609343,53.71774928742855
3625,0,110.31591599559519,-84.053077623693,3.791678778731357,28.74705764472672,-99.62655251125409
3626,18,42.77432820333637,138.69744686567526,93.17855603906989,24.428478995352958,35.662078144745024
3627,6,142.41486334417286,9.158848818000264,68.34527366327126,132.48499789994028,-72.65191460622776
3628,11,123.11634765484982,73.00003941261016,93.81675716059478,158.8881071784525,-33.55821130160397
3629,15,79.9365038473145,117.52251724351716,98.88980269590891,231.86138069622348,11.272030700389175
3630,26,-67.80800268278752,130.58223724270462,39.92075961865947,9.470223138378895,91.50471813677946
3631,2,137.58281184546726,-46.99742700084817,36.300589892744156,235.78491639525103,-92.98486558997686
3632,2,129.86966627392636,-53.166107010100404,29.44233243042803,72.63595508297406,-95.0652955460961
3633,0,121.54788858796246,-77.14226955655198,12.636696821230819,176.99674620410727,-98.755394913619
3634,23,-13.02023669271016,138.38165109200418,68.96811946264414,292.72761825259397,72.14075846563097
3635,54,-5.2689090896342385,-138.76301046223082,-77.43343796605262,0.44032476249983205,-62.518968347261335
3636,8,135.40007686208224,39.919669017192405,81.34515478986465,36.23155822296301,-57.752525770237895
3637,20,23.18704588705414,141.19475909895996,85.7560018560857,170.3222365225575,50.675845755846176
3638,40,-138.7259261133007,-33.815795348434236,-79.29986105445592,192.4440240422858,60.2447243577295
3639,36,-141.72328754831284,39.22842765589124,-42.360022618255115,2.657500936131899,90.20090422587224
3640,23,-23.12244083491825,139.15802257888728,64.35065206131641,212.90420421198718,75.93021456948628
3641,48,-86.72426273135932,-112.96911162638862,-99.415777680065,67.18385832600862,-5.931713130533343
3642,55,12.86918002649993,-140.30560624795726,-69.19327096204698,51.63876226431822,-71.95598147652674
3643,20,34.894143783085234,140.9302786119302,91.056166185967,6.789022536743484,40.759940860599094
3644,56,37.371597106391704,-138.1518069886792,-57.49587320231121,166.83927065829107,-81.55578402783615
3645,59,77.96272125275158,-124.94020436402862,-31.958998479988797,295.2598502340654,-94.30187313627508
3646,24,-28.378177266609523,142.26406264849834,63.67906411266844,72.39826841565089,76.48137234280328
3647,44,-121.12739161067407,-77.01841668017782,-95.70063309182824,1.6900507826951128,27.347905530214085
3648,0,114.8210255932698,-82.12873475266345,7.196824243139636,101.10370103809737,-99.29117520302042
3649,9,137.21509428325518,45.98876616467559,86.10922448876352,286.0379977803007,-50.01501303171051
3650,54,9.791211983181169,-140.64357835534204,-71.6026491677975,77.25351949148272,-69.62380779178707
3651,13,107.48139500378316,94.24289398691214,98.51677369946964,187.70761481136446,-15.05946045229359
3652,50,-50.135678906107415,-134.15653677311107,-94.15031784869906,174.6985304195661,-32.45860923540711
3653,39,-144.5504824785223,-11.678124363514732,-70.73696169671463,68.3256315090888,70.67865143370085
3654,10,124.82649224950775,64.94388866443406,90.60178509670303,1.7060341819130733,-41.61002764789709
3655,11,123.84240982776764,71.7667800731467,93.66410797981206,170.53134235775372,-34.06142813913326
3656,51,-36.12011035417154,-139.1329064825423,-90.79837285517424,215.33390378660147,-41.24223801058712
3657,30,-111.47189471863852,95.09425108616381,1.3192058094227344,48.996114876518654,99.87006966427869
3658,63,118.33172086348553,-86.25532050251132,6.383871630648887,262.8867685841908,-99.37124398767247
3659,18,56.8799271589459,132.1779688710069,96.2256282127305,55.19135474651089,25.617228803983917
3660,17,70.30261643578407,122.69688371141669,97.73092244868506,299.9536972942694,20.654939448193986
3661,41,-132.5299655405674,-53.31954304179761,-87.03723785883892,192.627738936944,48.27882302958061
3662,13,98.59419868273277,103.01534858628897,99.55874912889118,266.05950845598835,-4.480098580120431
3663,26,-59.06489321512031,128.51653820119876,42.74649931052127,205.39745674006957,89.9943280232645
3664,36,-140.9635469676339,36.78447679656797,-43.069237032925194,46.12078728780333,89.82182102745696
3665,45,-112.42081095504466,-89.57483430042058,-98.25788202255308,43.79402677926419,17.68803369735996
3666,44,-110.29035222761962,-90.42714687222426,-97.71039665411473,219.68289637213275,20.722603915035513
3667,23,-17.232793496630585,139.15972477317231,67.12030282812995,245.12132464395657,73.65722180275202
3668,31,-106.24447433056281,87.18300730741117,-0.18551344014538945,289.84060109035136,99.98172853440553
3669,6,139.8901024351486,15.414588651612036,70.35468318151186,38.60913202960998,-71.00283546776926
3670,11,118.16633728170417,80.86457781221245,96.10295447315556,210.0410696374277,-26.021629868963494
3671,20,24.26033554601153,140.05058339289593,85.84453102711387,197.67497860013833,50.510219411881444
3672,60,84.3875171660028,-108.53379634096756,-20.958991281744108,7.5561953526339245,-97.63868932005053
3673,32,-118.83207978653769,80.29922691200555,-9.945950747495521,130.31042839203752,99.02041007516851
3674,1,128.42594088900898,-59.231720011488584,25.52466342563406,102.1766958786889,-96.25370761731347
3675,44,-116.59318105135893,-83.10219772351383,-96.64904272449209,93.80727651262781,24.22141842046166
3676,54,0.06004442660582895,-141.0967849642886,-75.74696465431725,76.13059169243415,-64.57394281502857
3677,18,57.971553815753154,132.3797091564727,96.68559519720864,15.086871822157573,24.100921083823696
3678,5,142.8924232781186,-13.012901646295912,56.49203366809546,162.27273271844612,-82.37961352561048
3679,12,119.7181214434695,78.23059206885529,94.94438248870482,131.67611837690154,-29.8409293049376
3680,14,93.71582276101891,108.43530086120906,99.77097283292265,143.45777437596723,-2.325353564637412
3681,20,16.36293099359892,141.7611781468731,83.66760971202748,161.04877618636576,54.58295062950318
3682,3,143.42508449175804,-30.163757620096053,47.768634308626496,278.7853011009114,-87.30993955262028
3683,12,115.01848875731362,84.67482680058868,96.84944040561841,171.44267763786507,-23.56079589482801
3684,28,-86.25233595076661,108.1475635540749,20.295269827881874,278.66625306688934,97.8400270509131
3685,35,-137.31747847680265,35.487888223331005,-41.981029476601535,175.88713947242263,90.40348038527296
3686,50,-50.16628190804473,-133.20102862902493,-93.92849021684114,123.64138560941684,-33.1898768308687
3687,61,90.26024125945308,-110.01584734485486,-18.914170580776055,131.78809429597322,-98.13711816920691
3688,56,34.67409545868565,-139.62851389396826,-59.336443716725846,176.75999986082482,-80.04526742550581
3689,6,141.1363035274178,7.523401689812504,66.51252288313333,82.74962460615637,-74.15601372095941
3690,34,-133.34950016593018,46.38957805978382,-34.11523589469885,210.33061393665758,93.64778557325832
3691,11,122.69621293963058,71.02497700594087,92.66083210236954,24.843576363983637,-37.368784992457535
3692,26,-49.40668914916927,137.91245621590798,51.89419386972534,24.610175892214333,85.104780885052
3693,39,-141.8918034641892,-18.79625845958254,-72.92898527345923,157.60082025583284,68.00766194835953
3694,57,42.98124018635659,-133.11766782211836,-52.656067720073196,55.64217585890403,-84.6975506173012
3695,62,102.23350757122891,-99.61316799390478,-7.860820322017123,139.9771374386341,-99.22577734558986
3696,22,-6.79090511118024,141.2286534911147,72.73121685217616,217.64090776004844,68.24864355977272
3697,44,-114.27242003026518,-85.54000068746112,-97.04399592042287,148.98769487632185,22.919432407767196
3698,48,-71.90908525247487,-123.03725685630363,-98.44094114112589,170.93208839480292,-15.829401905573826
3699,29,-91.45408899271173,108.44605884176887,17.521835865811028,180.96329870379762,98.27425106815238
3700,3,138.46320802705517,-42.330545164047734,38.988220873719776,218.328636610429,-92.00317073837014
3701,27,-70.6212857399897,121.53935941303313,34.18062421688241,223.16627957445462,93.62795023972082
3702,21,2.9971788588385047,140.64237703998603,76.70687619012963,236.8187028820043,63.40428677381917
3703,32,-125.75351573647671,71.26090065488805,-17.905790799849406,94.95839358769403,98.23643483574563
3704,15,87.69334096551954,112.85643449684933,99.683807956548,161.47383075017976,3.210354058576737
3705,51,-33.168805443151506,-140.02419047982232,-89.77864956206847,203.63506552039283,-43.15000512205164
3706,0,119.74560606431406,-70.13975949684968,15.558613346842268,42.042436214517565,-98.46761146663096
3707,42,-128.4747450886342,-62.487501004893964,-90.9541290187671,145.75976790531135,40.950838874841864
3708,29,-97.52462469740539,105.82432363249517,13.14399858268424,113.29746717112022,98.70543008803467
3709,43,-111.6443905844996,-88.60250907812194,-96.8703810552802,268.57408826117114,23.491763834226155
3710,18,44.88015734923573,137.27955264238665,93.45950247662309,58.3671770491297,34.735921993131726
3711,19,31.616572995071476,140.2386017899779,88.92468889604542,133.501658596812,44.747652330993205
3712,62,98.34968145665741,-101.78031720412224,-10.670794890482862,106.47984880925448,-98.94901921092938
3713,38,-140.99401190972935,-13.1632082063064,-69.20634187762234,235.32659175634515,71.94525445746956
3714,54,6.159381137811411,-143.90723286136233,-74.4360126696651,200.73064312891677,-66.17134304554682
3715,50,-43.034449296660405,-135.49192299375193,-92.41188071799394,126.1877587606418,-38.18946760406187
3716,2,133.04226708116536,-47.526392649550445,33.85806741979946,85.83731895662339,-93.7257967884817
3717,12,117.06337157536102,80.4840674239007,95.02381335717058,45.64441990103259,-29.57908086116215
3718,31,-121.10741664033169,68.47192185963169,-16.921768472970616,266.40389508226974,98.33335250422115
3719,30,-107.84880192363924,94.78230662819655,2.9526187885419297,138.6819864150169,99.70919264627847
3720,6,138.39898307485075,0.9604826466643688,62.276336896774,1.9399996112603988,-77.63256037475055
3721,16,85.09076579624471,114.85942391412789,99.76477213745207,11.85798990444141,2.3883103286743816
3722,36,-145.65985224712304,19.80923885228744,-54.43708995408767,13.255859473000447,83.7455739076442
3723,21,6.698008609574809,140.36161475172196,78.551120591459,261.87398859864936,61.15706760309023
3724,41,-132.49873041105113,-49.956558073098236,-85.16251980057572,289.1178523848379,51.78617201239156
3725,15,85.420209344307,114.11347202392652,99.29626255598157,251.70565262889698,7.14517144363204
3726,8,134.5404466890752,37.186972405822594,79.84367591992583,0.2555718283238328,-59.58208377162797
3727,36,-144.43674695681867,20.358283991232533,-53.68143075944336,33.82886610705237,84.14948237099787
3728,16,72.19519093449532,123.91921681285075,98.62896210888766,42.446096521561174,13.920391576403013
3729,10,133.42823256818696,50.68980703552391,86.14074051025622,93.86811274699996,-49.95605073311979
3730,32,-117.94147464304187,87.52415393201042,-5.8922734854103345,36.0182490105516,99.41966214319801
3731,7,139.93019857515506,17.75264666146253,71.48535882379747,48.16043472464476,-69.76672654452304
3732,16,70.99158066630572,125.15325730512077,98.43609482151848,75.41148854653672,15.87860745056787
3733,40,-136.37228418212015,-41.862631858654034,-82.9259216020787,206.3854375001416,55.82635509443217
3734,40,-146.03949601255883,-10.168237824045022,-70.87081728735788,0.4794917407652539,70.51554786175237
3735,16,64.53140898810764,129.20560473503207,98.08130500180964,29.07959712915552,19.48085159690696
3736,42,-135.28501888894988,-52.459846574935085,-88.16160850731652,31.265245338898197,46.17527458779847
3737,54,6.664603342990688,-144.40702309373825,-73.90551273326014,189.85119640976822,-66.81775933738993
3738,4,144.87378811068484,-17.731423530058542,55.43397829691258,271.7077261481326,-83.21272571160635
3739,19,31.678878238271356,138.17803311607415,87.90052018984775,240.7100156212515,46.66373622108868
3740,20,11.297458353423435,145.4080924488675,83.17537298651249,19.706522339378083,55.50386029425388
3741,25,-39.58453271821204,136.18977670068708,55.55539010192609,187.1285312368035,83.14782971623758
3742,54,-3.3732098845375953,-139.43096419201822,-76.64448823614102,23.177776474247672,-63.4803067449926
3743,20,26.324051592553346,142.3262320126517,87.67704326470712,66.25621280065353,47.08183192493007
3744,22,-6.980096546873346,142.3464135865046,73.46063599239075,157.9737204505889,67.35984342341044
3745,44,-118.71341494860106,-80.3569607312208,-96.11377287328074,74.5016260610305,25.98596638835917
3746,1,133.347742579716,-53.98576976656165,30.595101995045347,189.4412829317619,-94.71560667134767
3747,43,-118.91444807648156,-77.67988110737522,-94.0081677383383,290.455403524478,32.92721528113495
3748,50,-45.183651058309444,-133.49064760935912,-92.40296149674742,21.042427271788604,-38.21887033184514
3749,63,108.60600957127262,-90.14522247161437,0.04493838277277744,89.69928492212554,-99.99557395887835
3750,14,94.11859141382513,107.57152233666358,99.67434603094718,129.65237782841427,-3.306422672204384
3751,55,31.196663212629854,-140.93728043971643,-61.531463807130834,208.07569382163697,-78.243861685797
3752,2,134.0572298718986,-51.950553247198314,31.837830977553164,178.64575397401444,-94.33862890159307
3753,57,58.62584024524892,-133.88076212858346,-45.48686341024532,268.67844903733067,-88.52957213807983
3754,63,110.2399342595809,-89.65743084076932,1.092299047837649,132.51841420118603,-99.8924180131865
3755,12,115.60723086451368,85.14068051552495,97.34402514342969,248.34917619406488,-21.930368752176598
3756,38,-143.51881495957687,-0.21678131607875253,-63.67500070222245,143.33033416466725,76.48470709629015
3757,48,-69.00437212947132,-124.93498531951175,-98.21141159277148,182.560796702608,-18.15985623667633
3758,31,-115.32139937726183,81.40830022835179,-7.388676600699338,198.30540167440805,99.27227940901419
3759,47,-92.43588715387038,-108.33148840125196,-99.95508603793537,83.34978422917139,-0.45601944573542064
3760,22,-5.460441686749548,145.0694694079494,75.23010079364177,65.95663962408753,65.20374349411954
3761,44,-111.05195274142906,-89.69026323878258,-97.81765244942716,187.83843767958612,20.369028993460077
3762,19,32.59544206117084,137.11946724605258,87.85269164436008,292.36049549938315,46.75321708975909
3763,12,115.29089930519781,84.24898626771564,96.48118084592627,128.04361016498112,-24.77478479452598
3764,43,-112.75539919506392,-86.29225086998348,-96.27377152293765,275.2905929592683,25.458521602370297
3765,55,18.799780183317452,-143.58940962281704,-68.66759302080875,227.0142803186403,-72.38739404752063
3766,43,-127.24470048084196,-67.36060815069978,-92.83230853294563,89.31588297982415,36.80350303900802
3767,41,-129.9540101937272,-56.40914168689318,-87.40316897265035,275.1379266978505,47.59421442182314
3768,40,-141.2352732590184,-35.00284378042059,-81.51177025150326,46.75212808380643,57.54950416460675
3769,57,64.88579315436907,-132.22294892956228,-42.020435807315955,295.9485650139268,-90.38241725178887
3770,9,134.1841534914927,52.021668506603916,87.47657387089711,204.1547507562272,-47.456883587426816
3771,36,-142.81522916798056,22.326419618586844,-51.78873441180723,89.2721515879213,85.16115016884515
3772,21,14.014945711262582,140.72640171880457,81.56664391481632,233.5482280479568,57.482640386640895
3773,46,-113.11334545094718,-87.53910141358755,-98.20268151889728,2.144017959068728,18.248494229548466
3774,56,36.07711380577495,-137.27454887697726,-57.82408954605911,130.02899159385927,-81.28642393948058
3775,12,108.72827732867025,91.23514227009852,97.67052527834788,34.36695755613759,-20.85404220719313
3776,11,119.77450988127481,80.32873666133025,96.11018381438679,258.65629955412084,-25.997797928214503
3777,8,138.3098747923966,28.518726807267107,76.57556733973739,55.570629200268854,-63.56428713259763
3778,4,141.65078263246266,-24.505907894787246,49.72467989544532,177.31966190261613,-86.26441086346875
3779,46,-97.6168412288406,-104.14789604487174,-99.63028745276469,62.264320018906815,3.753757253236603
3780,34,-138.7721464058723,48.689421815627014,-35.795649793146595,13.751982693255911,93.13803751666828
3781,61,95.39339979513362,-104.94082832890976,-13.843832650839495,116.64894473298305,-98.63650249934825
3782,38,-141.63777506465274,-7.885017773875046,-67.16673978919239,193.55223046963985,73.61911198837804
3783,13,109.57120719344883,92.71665300566899,98.37608899829301,198.46144177421957,-16.48785724707425
3784,28,-86.65631298179338,109.9738782618576,20.643833093208496,244.207490197684,97.73429152512206
3785,19,34.264492512641546,139.75367800824174,90.08080451517611,108.37624469576852,42.5847132570897
3786,63,113.54554175554973,-91.64051255040604,1.69676949487522,237.6617776178706,-99.83288291445042
3787,0,118.97690763364999,-75.99370239918032,12.243353454008354,91.8337382939425,-98.79413582530384
3788,7,141.10178502038448,28.802261948854667,77.76827535545019,183.8580990817904,-62.11096765061362
3789,30,-102.53357702603928,101.62243939303946,8.880723626208022,100.65902693928007,99.12532571190974
3790,44,-117.22819349152833,-82.43768149339724,-96.50821013144302,88.79901521736458,24.685681194305715
3791,38,-143.02774815863506,-3.4372469294277033,-65.50660286690908,130.19212668220908,74.98155062553509
3792,21,16.039958021388095,140.84458221631138,82.94100482334892,212.31830469514847,55.80797612905731
3793,26,-63.675529947253544,124.64604693355861,38.852187792896416,250.24978629843878,92.07588197252178
3794,40,-139.58167575053045,-37.50221648132502,-82.2781745375057,79.36833391900203,56.61563748034729
3795,29,-91.89015389155317,109.90806267855423,17.836998899944486,140.63441720307696,98.24321024151303
3796,5,144.240708551515,-16.139994915648295,55.96276998047622,245.53521127754243,-82.81396884147496
3797,22,0.7568261884839124,144.93206832122414,77.97441863923719,55.42511437170718,61.85978123578204
3798,19,40.146408877246714,138.1048910368331,92.17292829699963,102.80579833415283,38.67062698382297
3799,0,120.81235019420043,-71.959984309924,15.264482027470711,78.44906650158116,-98.49658085169516
3800,60,81.00973741762897,-115.28485683840566,-25.700877836727358,87.69373287575847,-96.20025355240665
3801,41,-129.2036332380972,-60.696009722987256,-89.45623436418586,222.96315037116455,43.753201219380536
3802,61,93.42568337658788,-112.630684999952,-18.48673842165929,254.3870922734062,-98.17921653136955
3803,60,70.81745989344122,-118.00595488485283,-32.398519186978525,9.291165159675874,-94.16854596823269
3804,48,-86.25979444528761,-112.79833335433753,-99.33646483324156,21.063277416639963,-6.736990571790437
3805,41,-138.4099682992901,-40.317748611991185,-83.37777767400024,103.09100961636926,55.12518795381991
3806,46,-102.59278072171081,-99.13229325747524,-99.04301663119456,99.59072968270249,9.716422363111292
3807,3,141.96293770545998,-32.06270898300967,46.17024122394789,248.32096299859563,-88.16429889773696
3808,13,106.9438084143724,94.60629164468665,98.61921327249262,204.8531157609252,-14.019373246357574
3809,23,-15.726264983011477,140.87902623544338,68.52732569118496,195.92713717527786,72.50250842564522
3810,33,-132.46930374675458,40.139480793900866,-37.020461553839084,295.1875178930764,92.76649487751351
3811,54,-9.416422725929532,-139.48353387504181,-79.55420434248171,19.755690519560066,-59.93480604517515
3812,36,-141.95506773098643,24.10792691328147,-50.140637559872275,104.8880714570575,86.04207674479511
3813,38,-144.8654631497062,0.41403857222731627,-64.19062319983132,75.51014830307723,76.06154681143632
3814,29,-98.9008869566113,96.78117460577303,8.431473398500732,268.90871003913617,99.16957296468256
3815,18,40.56232553553857,138.92824393204444,92.44981739806565,64.66095974433948,38.06440714796146
3816,11,129.10695849120668,64.16629298608271,92.43832083773589,273.803867682683,-38.10230622283327
3817,13,103.3042477575757,98.62750085310809,98.87402549969357,153.56297576885183,-11.432219379869617
3818,5,143.1963106913984,-16.091989111811944,55.570163434161344,212.94292723520203,-83.1361725830582
3819,17,49.15752902390822,132.04446968237707,92.98857049551353,299.95413787010784,36.28837645774283
3820,56,27.051647262756106,-139.38408293299773,-62.868570650688994,129.83221659654924,-77.1465268809273
3821,42,-132.7512529624358,-58.66014769073981,-90.27580967920412,41.484533934314825,42.219884444201405
3822,42,-140.64976987715062,-36.86118178754453,-83.16422520502206,0.07514017807376966,55.524716315722664
3823,8,139.62791905695968,22.867105625389776,74.09449858539506,81.57369925532768,-66.58747932156989
3824,11,123.37725821305449,73.3315125239581,94.3446725700199,224.42622732754018,-31.81790767565774
3825,42,-130.34248403048238,-59.97330882502888,-89.71684877038163,163.72742809521128,43.26562621126256
3826,3,143.61311822125256,-24.74588453430447,50.94404868870741,257.1018148004374,-85.6126443276566
3827,19,37.870916738221986,137.96783450331748,91.02786167400618,142.05122711370788,40.81289485055891
3828,40,-140.50612300295228,-29.074778479184243,-78.09340883574605,133.08025253762057,61.714791205973185
3829,5,140.26459288807007,-12.307808006241926,55.82986673294087,74.59218018198494,-82.9230396759437
3830,14,97.59326986272107,103.69412954790418,99.12998505881157,44.222836982069765,-8.833416448351054
3831,5,143.37417219111688,-12.972489330986225,57.16206836150763,195.0885530725398,-81.82973047543118
3832,40,-142.96946723311459,-26.03685742548654,-77.30949811882924,49.62165500820795,62.66998954623955
3833,42,-129.21892948226258,-60.840830942127354,-89.81942488880341,194.7160084385227,43.07371989072461
3834,49,-42.07612739821104,-138.41362406621388,-93.3012390613136,291.43004450330113,-35.25764647891187
3835,34,-133.66740609223788,42.20651927532427,-36.213043825960696,243.62763514312144,93.01142240282294
3836,46,-107.18946391600102,-94.92849622124902,-98.78829929669598,28.20691189110527,12.302612767113349
3837,49,-59.44832404317843,-130.4148047872724,-96.57333698800635,219.201887604776,-24.470986751597433
3838,22,0.5736212277842891,144.0439106814541,77.13148131135361,114.9899978159947,62.88690373732121
3839,5,141.81564817807578,-4.305932232494323,60.86755056620625,114.79895439351623,-78.78872099168589
3840,31,-117.01838505928578,74.64649150883109,-11.41847340983546,272.64699090724656,98.87537935857489
3841,35,-136.15677489663491,33.88668464082857,-42.120464936996235,235.6165453027096,90.32895054041141
3842,39,-140.3207923179846,-24.615870751723747,-75.08565136825365,208.4453757983147,65.3797556960267
3843,2,130.38152199586423,-50.953669229513146,30.430706565102184,54.654578824404815,-94.76547548700267
3844,19,32.648696062497095,137.24678924627455,87.91348820004532,287.22278037302175,46.63947479299017
3845,9,132.036408909537,58.42554418610266,90.64197859229935,299.06430160884423,-41.534830945505504
3846,59,80.26506921966674,-122.6780952741009,-29.948971585513206,261.2159483450965,-94.91160821648305
3847,21,8.930994595386984,143.05949383595618,80.65212500798839,145.76062814843436,58.59698532809034
3848,8,137.7956144562472,31.015961698787322,77.40911510432144,41.79389954655653,-62.54860585145002
3849,18,46.94547504845404,136.9004793367343,94.0981049060002,19.273933663204016,32.63073221548662
3850,19,32.02595528496364,139.32935622581482,88.94002472578379,153.17002207510896,44.71896102640136
3851,7,141.576480294811,22.112799445551182,74.74071823282426,165.74471138212868,-65.80005809954645
3852,0,125.92856258933352,-72.62182589290413,17.353528835828104,234.30925758173825,-98.29082785151229
3853,46,-95.88698271886693,-105.59240518058321,-99.42165167296177,208.15534423708044,5.872073435839142
3854,16,69.76664323018464,125.79577699340433,98.38975928437694,63.65691776197019,16.34906040091625
3855,26,-63.42670408590342,128.60442466275896,40.693929249324924,131.58244809140425,91.09145014553795
3856,6,142.33837857040442,12.760902618472342,70.39014936141811,153.16877156209506,-70.9737291373407
3857,44,-118.08044093832049,-80.60095897945003,-96.08999534761098,104.1859590557925,26.06435037450602
3858,24,-18.41903809070374,145.23032993473828,70.00640734189426,2.80627271042871,71.28865795259823
3859,39,-138.4905487050768,-34.55589117507374,-79.33320283121336,218.89232405238872,60.20409726955103
3860,9,131.83633877484397,57.15753391273418,89.4527285087904,218.4823374425584,-43.759760210105
3861,4,142.49017146906002,-21.041768874118027,52.26440171563187,209.28372967902723,-84.90690056648859
3862,34,-132.20860253449368,51.1853947615412,-31.09962951116909,184.1710746484519,94.56255990050279
3863,53,2.0681369434155594,-144.23451260404974,-76.09278741245882,195.01443508118294,-64.15255640268
3864,10,130.83304635407686,58.70938303941441,89.30687151409919,139.5729511568959,-44.032639313024646
3865,18,46.97955763901536,137.01515753136232,94.20638673905684,5.730706260845909,32.2737749012499
3866,27,-78.52280300108723,112.86028431841504,25.9720637786466,299.19893433754055,96.11799018443784
3867,25,-42.45664093580002,132.4613269349411,52.617052652784665,262.1459906411218,84.71840461601893
3868,38,-145.08518541612946,6.143825855153179,-61.02084133189094,71.4399679245799,78.6629185599196
3869,22,-11.07621143786779,141.99933773278605,71.35600005320023,172.4885441988421,69.92435072328074
3870,5,142.31544525905056,-6.108305035628732,59.98371180392957,125.35404771038955,-79.51406843898356
3871,43,-128.66003499465174,-65.53026922249445,-92.6279812209464,50.92072307846563,37.477079819688434
3872,62,109.74767684127242,-91.74077365569093,-0.2776416535222688,145.74126208393284,-99.97265470406914
3873,51,-33.848222169930835,-140.97373602383456,-90.11867784428358,251.3383704768871,-42.51385727864795
3874,22,-5.88870467606502,143.0001803750907,74.04105944689918,147.813882423483,66.65259512531509
3875,45,-110.46115677804437,-90.15754556763285,-98.17186313525187,128.71057172714632,18.561398760398305
3876,50,-44.76121905371785,-136.40693963956406,-93.20783746238908,197.15079522949253,-35.565550242233606
3877,46,-111.30338758090816,-90.6571397490626,-98.3550541842798,34.95865576587168,16.7014274552349
3878,39,-140.62831004460998,-20.87476243336407,-73.24797969859688,225.11304802606026,67.61896596695472
3879,8,140.0749075655379,32.746789483895455,79.95599281980428,206.11809961499458,-59.44522518042294
3880,50,-52.53261501413177,-131.95481644131542,-94.260129015166,87.3110083045786,-32.0966103852885
3881,33,-128.656639108587,60.64624147601985,-24.710011445622108,162.50676633099357,96.500829629332
3882,8,134.5623616888531,40.07300021799642,81.13107084587071,10.367708791527933,-58.01338791125438
3883,45,-108.34946898417789,-93.13665863900734,-98.5455879085438,78.65944211623443,14.766904662350411
3884,15,77.56463407660259,118.96026782197902,98.55887616588318,290.29043033985755,14.631986621987279
3885,47,-92.7100151634339,-108.35803486674644,-99.99528604781966,90.82328658726935,-0.04786159496266533
3886,48,-72.69298219687238,-121.90742331187822,-98.24775056918088,55.0937648376629,-17.79090014554008
3887,11,124.20136687429981,71.19073259442187,93.47444444765512,164.01333854341448,-34.68666492296186
3888,13,110.46850077820854,91.6625308430094,98.14236119805598,141.95727005767515,-18.860937176288274
3889,63,118.75552446119003,-87.69450129279754,5.890552803411492,298.3910164818727,-99.4198316154579
3890,10,131.1913414205407,51.671921731311876,85.92038865015785,19.698774874212152,-50.36829985451171
3891,23,-33.716290197575255,135.54117532271405,57.94249150181443,262.35594540877867,81.18925400303092
3892,1,137.3642256682315,-52.768960554586414,32.83317537785633,289.1863199514844,-94.03669443523273
3893,25,-61.489461341501084,124.15390500154533,39.80319981329127,274.36447581878366,91.56755519437759
3894,28,-76.17180034444587,126.14081873273373,33.57818668216387,25.689013501850372,93.81069769427553
3895,28,-77.19277726106623,123.11091937383621,31.510402399012378,78.3618002493776,94.43795328931526
3896,23,-20.272024087745375,142.57278557069262,67.25322759073197,113.85281523322269,73.54813331133121
3897,50,-43.024247611856865,-135.7457373414731,-92.53671114947275,141.615231975641,-37.77795687970625
3898,4,140.18534751289093,-22.662444734817914,50.14678922299855,132.78867083920855,-86.03878861064945
3899,58,56.498816149813955,-125.99755728845189,-43.02825408746247,9.41620796510749,-89.84372687951682
3900,35,-137.3924197001062,24.0484582637999,-47.483917959533365,264.95641442684223,87.46212369048155
3901,38,-146.5507322628387,2.7481820709096256,-63.870173787884625,6.601534352019394,76.32453274604825
3902,9,132.24307735510843,57.55776464693893,90.07271012851152,283.0424207468494,-42.59985678158368
3903,43,-126.25218994117789,-67.66614292970903,-92.52644378020737,163.3917117138758,37.811803855268
3904,26,-55.74106237454369,132.04220433541713,46.30816210349135,139.78201031942666,88.09057861362527
3905,46,-106.46523920241877,-95.46074049868072,-98.85673705993575,21.715667531731867,11.607751983843658
3906,4,139.02583441758188,-18.784337598523646,51.780656160736086,71.13722083442232,-85.1654680862342
3907,18,49.64772023628245,135.35047476302668,94.41542298475461,73.14721593017356,31.584674848765793
3908,15,89.60836580486594,110.93500064649498,99.53313830456679,285.2374471083983,4.740129834909962
3909,29,-93.57917152202134,105.2160167733348,15.232892750382181,227.69739248376084,98.49969212163347
3910,28,-81.39442917200664,117.50089910453855,26.898030277450214,148.20702730576102,95.8371012774438
3911,37,-142.97208295296093,9.89619611614972,-57.959113458656205,146.38832156936456,81.17561272084366
3912,57,58.79923365471443,-133.17662939422166,-45.07444026669009,245.41457423680944,-88.75001701501049
3913,61,92.97573500905041,-106.21255520903023,-15.505718274910004,85.24436197072167,-98.47282117265641
3914,3,137.6598395813815,-33.918135162371485,43.10450452769519,127.56590041997562,-89.80297014901885
3915,45,-103.70966985014665,-98.22941143767201,-98.67269487939382,222.68147281321214,13.476364978660378
3916,50,-45.743379934127475,-134.54999994603625,-92.78338923080503,83.4217450462841,-36.964768342831555
3917,45,-106.8245382302287,-94.6118008329254,-98.63761783160294,92.94735725261135,13.832508484072322
3918,53,-1.2270333538417395,-145.95288592109534,-78.45459170568299,279.178172053315,-61.274688436038716
3919,13,110.41603521095978,91.2244767811651,98.51010677298243,298.78337312962094,-15.127150942771227
3920,57,48.14719328161907,-138.96419844546466,-53.025039782453526,289.5603927860353,-84.50033083913567
3921,37,-142.2037553008067,-3.32912263002527,-64.28590312464145,213.20288532242017,75.98335262807451
3922,20,26.99300316681241,140.2182504182014,87.36576004581252,148.80286069117878,47.6642015651775
3923,37,-141.15491379129122,2.5018219214682262,-61.13003124785057,229.03061158388093,78.57330874623828
3924,33,-129.35895026243853,61.98911197162876,-24.39355555280743,134.2202980162917,96.59682548874957
3925,52,-35.801236808636475,-136.3593849955202,-89.3147957067126,49.04947303750068,-44.017814199040295
3926,39,-136.54382699502472,-35.31295082823752,-79.13725106163263,290.8841455067473,60.442865283607446
3927,60,76.36785208722672,-113.88580385156085,-27.428558113073738,0.45548223336983346,-95.67616739477012
3928,19,39.428044754582984,135.61582681936085,90.43368622542464,267.2917062250031,41.924518353628144
3929,8,136.79204852310838,40.71557840687665,83.03573832032131,152.33812439289494,-55.69254298453856
3930,17,66.69252426471274,127.17141450319674,97.70266122158395,162.5464232254085,20.74810421497227
3931,48,-69.87632098873289,-123.81952913859811,-98.25671019267696,148.24325160500936,-17.699931494526613
3932,38,-143.8271353931293,0.42606294513133175,-63.71080277119921,109.74796283505654,76.45532510893153
3933,41,-134.3888874788805,-48.38074857688859,-85.30556583818188,210.74393526279036,51.51855183757026
3934,38,-146.00330991059147,-7.145261466936539,-69.03500556661794,17.77511027088541,72.08586647984376
3935,45,-105.077197688246,-96.3909649428953,-98.69307148062893,145.5916768008032,13.269477721913015
3936,32,-117.02652415465032,84.63165633645013,-6.695197822112942,96.5606937754714,99.34058105677357
3937,57,51.08438751681191,-136.2033953825563,-50.13490535858584,249.3704717657385,-86.04514067180035
3938,26,-62.77692856157417,132.53468606159674,43.179779965509304,18.92629437459882,89.76273456844064
3939,7,140.5924506042481,21.39465836112712,73.80026604311719,103.4390408351653,-66.94600284978691
3940,23,-24.903089344499183,141.44065000342133,64.40325895810145,131.49217693622032,75.88704122167451
3941,26,-59.04961617435284,129.3100319785949,42.85459012181057,169.17203981950803,89.93655225106463
3942,48,-74.07375968022161,-119.79385892205352,-98.34822940887214,1.822288824438911,-16.7707206138787
3943,23,-15.944282400710993,140.2180967229698,68.2245247635305,213.97543284269292,72.75101062908759
3944,40,-142.5549259570724,-24.31093657442087,-76.2395588615102,85.41303774044779,63.973714805662716
3945,43,-128.9447958929527,-65.53236188033344,-92.85637797369088,24.7858558339431,36.724156737961316
3946,28,-82.66677881204676,120.50695737845672,27.926794148130263,49.15296276995651,95.5250291241168
3947,51,-35.71685644920139,-140.17951386796912,-90.87638468091271,239.7719685829411,-41.096288225527424
3948,24,-37.88188201891391,140.75447223898175,58.79147174884227,30.208495341857294,80.49251418885767
3949,12,117.3640819236298,79.38115693936766,94.61272515962483,8.3452904189846,-30.93425683822191
3950,33,-132.04541959422855,46.40939824789751,-33.57918384456018,248.5401421974912,93.81039520832601
3951,20,20.984862496703286,142.67094958203157,85.69485042407898,89.02953196217402,50.79025197917176
3952,63,126.95441225893694,-75.16537898718008,16.63091282206846,294.0588034366934,-98.36199926433866
3953,63,118.77695753258969,-86.76464535852381,6.853670343576011,276.75676515051475,-99.3249728872452
3954,22,1.7803160226735626,145.33924008166426,78.55908211046545,41.21718971682501,61.1473664603748
3955,50,-48.20028095383315,-133.13975606547478,-93.2163950251079,58.095922851031425,-35.53733974266694
3956,46,-98.517108122951,-102.88551852478197,-99.64357072008193,5.38417169349287,3.6188898774560023
3957,5,143.67416620739365,-8.17090899281932,59.57679077379663,202.92280709239878,-79.8480197693126
3958,56,37.145682028368455,-139.1780299849423,-58.15476405408106,188.4754770514636,-81.01504648861805
3959,13,107.14366801949454,94.93970417795416,98.71222814967246,251.55978015609202,-13.07497665369747
3960,12,118.14874838185075,78.72400173014047,94.56698212965074,34.986703998845286,-31.085051377469014
3961,25,-60.8215736248427,123.85143786870063,39.88531953047687,290.91583241397115,91.5236612683663
3962,14,98.80540433734103,103.43578471274473,99.20989544308483,101.83937570687785,-8.022072103081154
3963,20,20.33378434905991,139.6460511202553,84.42523396042118,253.12566123974895,53.16553608802364
3964,30,-101.01536884308729,105.01388719446292,11.464266634062756,69.38937317632782,98.87086912298079
3965,60,83.30683429804992,-110.97228907188965,-22.78971010289349,30.942753946589807,-97.08334675706308
3966,21,15.011889945076346,140.06480554984407,82.36062584869467,256.4275043047868,56.51517022827266
3967,22,5.453931075244375,145.7650347380071,80.39231765786624,36.600164628088855,58.91356162213787
3968,15,82.08732216954026,116.59694081720617,98.90852190093497,274.56635875185185,11.081971282154939
3969,24,-40.61289922073643,139.84017240510735,56.85858298062354,64.42305351864195,82.07879439490604
3970,26,-50.93211347466689,136.9904833636456,50.862346429050746,34.115475220920686,85.65631511785452
3971,22,-13.264987062332743,144.52580007686646,71.47377349492399,77.50229829725923,69.78084331403846
3972,37,-139.44209026572628,10.10224167930476,-56.244770148659285,265.08759645441523,82.58253737358798
3973,31,-111.72101289930674,85.38880217962583,-3.7015770769329657,237.12008170939444,99.63542674776832
3974,38,-145.9692605626137,14.919141078789446,-57.03721558054984,18.87910891266617,81.93219446526851
3975,19,37.62740662309817,137.55386905272584,90.66227753605357,175.23977435149047,41.49685431247811
3976,8,138.47876209552933,34.02646288988281,79.82451028212502,127.48392286117523,-59.6054371778545
3977,59,73.79797062751395,-125.99144487318145,-34.66848594308374,237.0283564404302,-93.47995898170663
3978,14,93.38960253148393,108.18106988408205,99.87052080807685,173.03453202521095,-1.3146252661947315
3979,48,-67.239370126147,-126.23132587176605,-98.11073447001893,196.9011564709089,-19.182048971527767
3980,57,46.74593533672536,-133.48211399413748,-50.9276746019384,98.15612330223276,-85.62139646390077
3981,30,-96.7250249223832,110.2380601790021,15.774184586796695,24.810425919367052,98.44637956833347
3982,23,-26.2397906693541,140.52543655218173,63.72251251738315,144.83526368648185,76.44571517229426
3983,30,-102.08189387303948,103.459067431854,10.124133770018908,78.06403007721437,99.00286059216069
3984,53,-13.070959350144115,-142.00172911038482,-82.44301845501981,149.7196290475508,-56.41477450830912
3985,29,-92.09805679139802,104.88210358552803,15.615391947768092,253.53742359627392,98.46201926666686
3986,40,-137.58302300736554,-39.875252639098996,-82.43238316267252,150.93293120175002,56.427733654522015
3987,39,-141.4979712978884,-23.06737537443117,-75.32271280278404,130.10866094831732,65.09089539099708
3988,59,70.86017098483586,-127.61546594207249,-36.77174489122267,247.8062408703182,-92.84194226314119
3989,18,53.58367771973461,133.71934970878277,95.68098540404308,0.8025327824117694,27.412675267341424
3990,60,76.82480549815662,-117.24520841441894,-28.903241644532706,67.42428192157728,-95.2288269717107
3991,42,-131.09150503821624,-57.16601931186004,-88.6604349841084,171.57754241494303,45.24203637191652
3992,29,-92.61207022822283,111.77564729891441,18.622406002773396,82.17346453310908,98.16585445076412
3993,41,-138.09062233692194,-43.36132740011759,-84.80018658979665,54.43849535705381,52.464049420497375
3994,44,-124.34307929260717,-73.25158698555681,-94.56243046749023,34.02014841822622,31.100056194567674
3995,21,0.48372992880711835,140.27632151678128,75.74519382342793,257.3013050996022,64.57610057954165
3996,44,-109.899736788008,-91.4674218899283,-97.93289579922228,224.6242804787634,19.98912263737731
3997,26,-55.65231290732569,135.96209634173056,48.15160021689209,14.85761692176408,87.105239904127
3998,2,121.47818869193298,-63.56853615881646,19.764432066244773,2.0312721995473493,-98.00105494862869
3999,50,-54.95607968496368,-131.21593941293168,-95.08193352557599,131.5152580350513,-29.38748437049205
