# https://github.com/mikedh/trimesh
v -270.02334595 19.99575806 -194.10820007
v -282.93649292 2.59436798 -200.28695679
v -283.38769531 19.99575806 -199.83576965
v -269.58245850 37.00165939 -194.54914856
v -282.93649292 37.39714813 -200.28695679
v -262.38659668 19.99575806 -186.47145081
v -269.58245850 2.98985672 -194.54914856
v -261.94570923 37.00165939 -186.91238403
v -275.69964600 -51.05633545 -207.52377319
v -259.94613647 59.88185120 -188.91192627
v -256.91806030 79.42397308 -191.93998718
v -262.51007080 89.43302917 -201.62149048
v -261.77536011 40.01332474 -187.08270264
v -275.69964600 91.04786682 -207.52377319
v -261.94570923 2.98985672 -186.91238403
v -248.58256531 19.99575806 -171.59732056
v -234.69003296 46.51570511 -156.89624023
v -261.77542114 -0.02026370 -187.08261108
v -259.94653320 -19.88728333 -188.91156006
v -262.51007080 -49.44150925 -201.62149048
v -259.99114990 -100.95248413 -223.23229980
v -246.15272522 59.91997910 -173.78460693
v -254.87330627 89.43302917 -193.98472595
v -243.25294495 79.50100708 -176.66220093
v -239.19731140 98.65613556 -180.68533325
v -247.15853882 138.19515991 -216.97299194
v -247.45121765 116.75755310 -201.40682983
v -252.71180725 98.52500153 -196.14627075
v -259.99114990 140.94398499 -223.23229980
v -234.54377747 -8.58145523 -157.03866577
v -235.57873535 19.99575806 -156.00367737
v -232.26860046 70.65530396 -159.31289673
v -216.63746643 88.87539673 -143.74310303
v -222.69081116 54.76697159 -142.42817688
v -222.02194214 19.99575806 -138.31567383
v -256.91888428 -39.42814636 -191.93917847
v -246.17573547 -19.92512512 -173.81111145
v -243.27598572 -39.50461197 -176.68869019
v -254.87330627 -49.44150925 -193.98472595
v -252.71318054 -58.52796555 -196.14486694
v -247.15853882 -98.20365906 -216.97299194
v -236.64105225 -144.45745850 -246.58242798
v -229.86027527 86.06705475 -161.72158813
v -228.60186768 92.69685364 -162.98295593
v -234.07405090 116.94304657 -185.76954651
v -239.52178955 138.19515991 -209.33624268
v -241.11720276 134.29420471 -207.74085999
v -224.33914185 180.71142578 -239.79243469
v -226.06666565 165.65031433 -222.79138184
v -234.04502869 150.40719604 -214.81301880
v -236.64105225 184.44897461 -246.58242798
v -231.40805054 -36.71490479 -160.17439270
v -224.45651245 3.29247642 -142.38389587
v -222.76931763 -14.15734100 -142.42233276
v -207.63575745 121.57225800 -147.55479431
v -200.67562866 91.05391693 -117.60171509
v -206.92311096 55.90592575 -117.94405365
v -215.92294312 19.99575806 -129.43328857
v -209.77539062 19.99575806 -119.45041656
v -208.72273254 38.00278854 -118.47624969
v -208.77420044 2.73911667 -118.49528503
v -229.65835571 -47.19242859 -161.92404175
v -239.22050476 -58.65820694 -180.71168518
v -247.45304871 -76.76045227 -201.40501404
v -234.09729004 -76.94469452 -185.79591370
v -241.11946106 -94.29709625 -207.73860168
v -239.52178955 -98.20365906 -209.33624268
v -234.04685974 -110.41188812 -214.81118774
v -224.33914185 -140.71989441 -239.79243469
v -206.88313293 -179.27236938 -276.34030151
v -223.05236816 115.66151428 -168.53524780
v -221.93896484 119.43928528 -169.64158630
v -227.83389282 134.50816345 -191.97288513
v -220.79421997 150.59696960 -198.99168396
v -217.17025757 180.01850891 -231.68778992
v -195.25756836 214.73507690 -268.87402344
v -196.75633240 205.70715332 -252.10171509
v -216.70239258 180.71142578 -232.15570068
v -212.83709717 165.80174255 -206.94685364
v -206.88313293 219.26390076 -276.34030151
v -216.72668457 -48.48369598 -143.71278381
v -207.00508118 -15.27659225 -117.96340179
v -200.76663208 -50.65023041 -117.59223175
v -191.70399475 124.83630371 -119.48997498
v -201.23133850 150.02964783 -163.53056335
v -188.08030701 94.34992981 -89.69107819
v -194.56547546 57.56190491 -91.57516479
v -196.44706726 38.82958603 -92.65534973
v -209.27761841 19.99583435 -118.58015442
v -198.88188171 19.99585342 -97.36044312
v -209.11265564 19.99585342 -118.28936005
v -196.50097656 1.94693756 -92.69096375
v -194.65103149 -16.90295029 -91.61831665
v -226.22474670 -63.53981018 -165.35765076
v -221.99523926 -79.26424408 -169.58717346
v -227.85728455 -94.50949860 -191.99908447
v -212.52586365 -105.23407745 -179.05657959
v -220.05130005 -85.43397522 -171.53111267
v -226.06788635 -125.65660095 -222.79016113
v -220.81723022 -110.59995270 -199.01829529
v -212.85957336 -125.80633545 -206.97398376
v -217.17091370 -140.02607727 -231.68717957
v -216.70239258 -140.71989441 -232.15570068
v -207.46891785 -153.31288147 -241.38914490
v -195.25756836 -174.74354553 -268.87402344
v -172.28997803 -203.55751038 -310.93347168
v -215.29229736 138.57298279 -176.29019165
v -211.20494080 148.19371033 -180.37741089
v -208.42956543 154.09819031 -183.16162109
v -203.97209167 180.13676453 -215.82630920
v -185.34292603 216.78959656 -263.51513672
v -187.62078857 214.73507690 -261.23727417
v -161.45059204 238.46826172 -302.68093872
v -160.82917786 234.63761902 -288.02890015
v -173.35142517 226.44258118 -275.50665283
v -172.25694275 216.86283875 -247.63533020
v -183.63606262 205.78775024 -236.22128296
v -194.30877686 193.39868164 -225.51548767
v -198.83209229 171.78094482 -192.74993896
v -172.28997803 243.54902649 -310.93347168
v -207.69889832 -81.39203644 -147.52517700
v -191.76535034 -84.64888763 -119.47351837
v -188.17425537 -53.92679977 -89.70058441
v -179.05853271 -89.62080383 -89.92306519
v -185.91403198 153.88119507 -134.67373657
v -180.34414673 155.89855957 -122.66184235
v -178.99772644 129.81878662 -89.92898560
v -201.39480591 149.99630737 -163.81692505
v -188.52838135 168.79940796 -164.46812439
v -178.14981079 98.87118530 -61.41193008
v -184.85639954 59.81885147 -64.68517303
v -186.80656433 39.95757294 -66.25678253
v -187.21716309 19.99585342 -66.06082916
v -186.86251831 0.86606210 -66.30725861
v -184.94505310 -19.11946106 -64.74967957
v -178.24676514 -58.42102051 -61.43857193
v -211.20494080 -108.20217896 -180.37741089
v -201.23165894 -110.03712463 -163.52983093
v -201.72245789 -109.93784332 -164.38941956
v -201.88632202 -109.90490723 -164.67576599
v -208.80366516 -108.60493469 -176.46220398
v -192.50256348 -112.00994873 -147.65907288
v -203.99406433 -140.14253235 -215.85392761
v -200.74612427 -128.54711914 -190.83630371
v -188.67539978 -147.13711548 -202.90701294
v -187.62078857 -174.74354553 -261.23727417
v -183.65742493 -165.79484558 -236.24954224
v -194.33018494 -153.40556335 -225.54371643
v -173.35073853 -186.45156860 -275.50732422
v -161.45059204 -198.47676086 -302.68093872
v -185.34242249 -176.79852295 -263.51565552
v -134.68954468 -216.02961731 -348.53390503
v -201.88603210 149.89666748 -164.67550659
v -204.15405273 149.45034790 -168.60714722
v -186.35209656 190.26119995 -205.23152161
v -153.81388855 238.46826172 -295.04418945
v -134.75831604 246.36558533 -314.09976196
v -124.70472717 250.65690613 -339.42684937
v -147.77006531 234.67327881 -272.18344116
v -160.28756714 226.50544739 -259.63766479
v -160.66671753 217.89888000 -230.91471863
v -174.51374817 204.44456482 -217.06930542
v -134.68954468 256.02114868 -348.53390503
v -169.22615051 -121.94041443 -94.40946198
v -179.54594421 -116.24008942 -120.83692932
v -168.84436035 -96.38629150 -60.21229935
v -169.01513672 -122.08590698 -93.81663513
v -169.17330933 -121.97669220 -94.26126099
v -173.79342651 173.59519958 -132.42015076
v -174.19950867 158.84152222 -107.79574585
v -157.66702271 171.53894043 -60.43255997
v -168.78163147 136.59764099 -60.20949936
v -169.22630310 161.93150330 -94.40934753
v -169.06790161 162.04067993 -93.96474457
v -169.01519775 162.07723999 -93.81656647
v -177.52680969 186.21040344 -174.05987549
v -169.66374207 104.53044128 -33.25724792
v -176.54396057 62.62873840 -37.63728714
v -178.52671814 41.35991287 -39.58516693
v -177.00154114 19.99583435 -32.24513245
v -178.58340454 -0.47764590 -39.64690399
v -176.63429260 -21.87884140 -37.71826935
v -169.76390076 -64.04614258 -33.29810333
v -159.91088867 -104.85118103 -30.80897522
v -188.58261108 -128.71080017 -164.42076111
v -177.66024780 -146.03108215 -173.94369507
v -175.04699707 -163.87203979 -216.53544617
v -165.19313049 -161.69950867 -184.78807068
v -172.27824402 -176.87017822 -247.66363525
v -160.06939697 -178.42240906 -231.51303101
v -160.82824707 -194.64660645 -288.02981567
v -160.30876160 -186.51301575 -259.66595459
v -147.79122925 -194.68116760 -272.21182251
v -153.81388855 -198.47676086 -295.04418945
v -124.70472717 -210.66539001 -339.42684937
v -96.06868744 -216.02961731 -387.15475464
v -112.99131775 245.28347778 -278.58868408
v -117.06797028 250.65690613 -331.79010010
v -93.58496094 249.76933289 -298.00482178
v -107.31008911 246.92791748 -284.27233887
v -86.96160889 250.65690613 -377.16992188
v -93.94096375 252.11778259 -354.91708374
v -107.80277252 251.79800415 -341.05526733
v -129.66462708 238.59906006 -261.90661621
v -143.85742188 230.56504822 -247.71662903
v -145.24208069 225.48721313 -227.03553772
v -159.89540100 213.60429382 -213.68544006
v -164.96392822 201.94744873 -184.98730469
v -96.06868744 256.02114868 -387.15475464
v -173.84336853 -133.50527954 -132.37666321
v -161.88885498 -140.02227783 -99.73205566
v -158.04158020 -131.19046021 -61.55192947
v -161.84228516 180.11062622 -99.77339935
v -163.26225281 191.23822021 -141.33270264
v -159.84413147 145.07897949 -30.79820061
v -151.48713684 177.95483398 -41.62664032
v -151.34837341 188.41740417 -67.32292938
v -162.62414551 111.42356110 -5.26875830
v -169.71057129 66.04821014 -10.34181023
v -171.70899963 43.06534958 -12.49764729
v -171.76574707 -2.11174774 -12.56539631
v -169.36492920 19.99581528 1.61764765
v -166.52891541 45.08198929 14.93223858
v -169.80212402 -25.23677635 -10.43218040
v -162.72877502 -70.89743805 -5.31943655
v -152.31677246 -115.25693512 -1.84909201
v -140.25054932 -154.42889404 -3.26798773
v -148.27189636 -141.84968567 -31.42110252
v -163.39375305 -151.05659485 -141.22380066
v -150.85034180 -166.86856079 -151.45346069
v -160.22399902 -173.31233215 -213.38653564
v -151.36956787 -175.51010132 -196.80787659
v -136.55789185 -180.64723206 -162.88142395
v -144.00326538 -190.48089600 -247.57916260
v -130.28886414 -194.89155579 -240.71447754
v -145.68321228 -185.17864990 -226.63293457
v -127.14181519 -199.80467224 -264.44058228
v -134.75656128 -206.37463379 -314.10150146
v -110.69808960 -205.99325562 -280.88433838
v -117.06797028 -210.66539001 -331.79010010
v -107.79995728 -211.80670166 -341.05810547
v -86.96160889 -210.66539001 -377.16992188
v -58.46825027 -203.55751038 -424.75521851
v -97.82535553 247.15924072 -270.41589355
v -81.62130737 251.00851440 -309.96960449
v -74.36192322 250.68605042 -299.20794678
v -79.32485962 250.65690613 -369.53317261
v -80.10948181 250.78260803 -368.74856567
v -50.21572495 238.46826172 -413.91583252
v -42.57896423 238.46826172 -406.27908325
v -66.39953613 247.79995728 -382.45849609
v -76.56263733 251.18437195 -315.02694702
v -113.61026764 242.50761414 -256.06985474
v -129.73143005 235.18482971 -241.22581482
v -135.95568848 227.53781128 -210.24003601
v -151.03190613 215.80044556 -197.10165405
v -150.61590576 207.11770630 -151.64233398
v -58.46825027 243.54902649 -424.75521851
v -151.83157349 -157.31985474 -108.10567474
v -151.39328003 -148.33303833 -67.28465271
v -141.56335449 -164.92921448 -75.01786041
v -151.70196533 197.49890137 -108.20839691
v -147.55397034 182.77943420 -29.08173943
v -152.24565125 155.50590515 -1.83144903
v -141.12518311 198.60432434 -35.31148148
v -141.43554688 205.10069275 -75.11251068
v -157.15963745 119.56612396 22.42947197
v -164.51029968 70.09156036 17.10764503
v -166.58578491 -4.04402590 14.86439323
v -164.60337830 -29.20737076 17.01576805
v -164.09962463 19.99579620 38.00087357
v -163.00222778 47.38185120 42.52829361
v -157.26989746 -78.99066925 22.37345314
v -146.21441650 -127.57691956 26.48001289
v -138.60372925 -157.70872498 3.14457583
v -139.81146240 -155.27673340 -1.58166254
v -140.16062927 -154.59780884 -2.91009259
v -132.60961914 -171.63340759 -3.65161276
v -141.16967773 -158.52578735 -35.27623367
v -139.27099609 -172.89700317 -117.72805023
v -124.67939758 -186.37408447 -128.42723083
v -136.40980530 -187.23577881 -209.84350586
v -120.90206146 -192.07975769 -175.31143188
v -108.57791901 -197.35520935 -140.02032471
v -114.28181458 -202.26365662 -255.44908142
v -120.57598877 -196.64170837 -223.71533203
v -104.18037415 -203.51406860 -238.21867371
v -107.31008911 -206.93640137 -284.27233887
v -92.14231110 -207.43006897 -261.15249634
v -81.61453247 -211.01687622 -309.96786499
v -93.93844604 -212.12614441 -354.91964722
v -74.16969299 -211.20359802 -317.41271973
v -81.61136627 -211.01704407 -309.97106934
v -80.10726929 -210.79074097 -368.75079346
v -79.32485962 -210.66539001 -369.53317261
v -66.39765167 -207.80790710 -382.46041870
v -50.21572495 -198.47676086 -413.91583252
v -23.87508583 -179.27236938 -459.34838867
v -63.15837860 250.21206665 -280.51095581
v -87.58823395 247.69248962 -253.11619568
v -103.49491119 243.73283386 -238.82916260
v -35.72345734 248.31814575 -303.60577393
v -40.58300400 246.41358948 -350.99890137
v -55.52500153 249.68350220 -336.05831909
v -58.79762650 250.15440369 -332.78585815
v -26.78766441 229.08528137 -422.07040405
v -14.35678768 219.64215088 -434.50128174
v -16.40877914 214.73507690 -447.72277832
v -39.63934326 236.92654419 -409.21875000
v -24.31287956 240.74409485 -367.26846313
v -29.72493362 242.87586975 -361.85617065
v -120.00349426 236.92071533 -224.21897888
v -120.42583466 232.36840820 -175.68963623
v -136.20588684 220.93403625 -163.16133118
v -139.03338623 213.14172363 -117.90525055
v -23.87508583 219.26390076 -459.34838867
v -129.10841370 -179.85989380 -83.86682129
v -131.51312256 -174.08525085 -42.33829117
v -119.39945221 -188.07868958 -50.31556702
v -143.74758911 188.30715942 -16.13095665
v -133.28810120 210.34313965 25.57999229
v -146.13873291 167.85139465 26.50242424
v -140.25030518 194.42117310 -3.26838827
v -139.90518188 195.08329773 -1.93211877
v -139.81170654 195.26750183 -1.58130014
v -132.56631470 211.70567322 -3.68316031
v -131.38832092 214.24546814 -42.42410278
v -128.87184143 220.09367371 -84.02949524
v -153.27151489 128.83543396 49.65975571
v -157.65931702 101.87570190 47.12189484
v -160.94291687 74.70075226 44.53884888
v -163.05976868 -6.24771881 42.46609116
v -161.03846741 -33.73373032 44.45328522
v -153.38821411 -88.20410919 49.60308456
v -160.07124329 -11.14836502 97.75521088
v -161.15350342 19.99577713 79.49837494
v -160.00965881 52.49602509 97.79415894
v -147.97116089 -115.04492188 51.86753082
v -141.57356262 -141.53338623 53.99822998
v -132.20500183 -173.35816956 30.49065208
v -125.95414734 -187.49073792 26.99698067
v -123.26675415 -186.07185364 -9.94218254
v -117.08143616 -200.69284058 21.63508224
v -114.54737091 -192.70617676 -93.67273712
v -98.45317841 -203.03596497 -104.26409149
v -104.31900024 -200.85057068 -188.53163147
v -91.54455566 -205.44807434 -152.31051636
v -81.45954132 -210.42591858 -115.45546722
v -87.58823395 -207.70100403 -253.11619568
v -87.30226898 -206.67553711 -202.31103516
v -83.08555603 -208.02885437 -244.56071472
v -71.87549591 -209.16239929 -220.03199768
v -82.45476532 -208.07997131 -243.30906677
v -74.36192322 -210.69453430 -299.20794678
v -63.15837860 -210.22056580 -280.51095581
v -65.34315491 -210.84146118 -326.23928833
v -35.72345734 -208.32662964 -303.60577393
v -55.52492142 -209.69200134 -336.05749512
v -40.00736237 -206.25909424 -351.57504272
v -42.57896423 -198.47676086 -406.27908325
v -33.00528717 -204.05667114 -358.57711792
v -26.78730202 -189.09350586 -422.07073975
v -16.40877914 -174.74354553 -447.72277832
v -39.63838959 -196.93453979 -409.21969604
v 5.88279533 -144.45745850 -489.10623169
v -44.41223145 249.74690247 -241.11544800
v -83.08561707 248.02038574 -244.56076050
v -82.76949310 248.04579163 -243.93524170
v -82.45476532 248.07148743 -243.30906677
v -76.06188202 248.67092896 -229.79939270
v -86.59658813 246.84124756 -202.88967896
v -103.72127533 241.09994507 -189.01101685
v -8.46872616 241.62954712 -326.20428467
v -16.34014320 246.96194458 -262.16891479
v -4.88271952 231.04554749 -386.69967651
v -8.77202225 214.73507690 -440.08602905
v 10.80897141 220.40791321 -402.38626099
v 12.67278481 180.71142578 -476.80438232
v 17.92398262 184.15707397 -466.78207397
v -2.54513955 208.72441101 -446.31289673
v 12.90589142 230.60060120 -357.02224731
v 17.85277176 230.37046814 -347.82357788
v -108.08780670 237.62753296 -140.37245178
v -124.31812286 226.65235901 -128.68876648
v 5.88279533 184.44897461 -489.10623169
v -105.31114960 -200.08648682 -59.07626343
v -111.63009644 -199.03422546 -16.98501015
v -98.14680481 -210.11122131 -24.65354347
v -127.08690643 229.68504333 55.22759247
v -125.91308594 227.55627441 26.97006798
v -141.49214172 181.83610535 54.02340698
v -123.14652252 226.21983337 -10.01828575
v -119.17005157 228.29701233 -50.46147919
v -114.18630981 232.96960449 -93.91204071
v -142.78521729 181.07426453 104.97105408
v -149.10896301 149.29379272 102.88819122
v -154.12275696 117.22084808 100.89009094
v -157.77554321 84.92996979 99.09313965
v -157.88029480 -43.77988815 99.03626251
v -142.90951538 -140.51757812 104.93260193
v -154.25161743 -76.26940155 100.83217621
v -149.24394226 -108.54059601 102.83982086
v -160.76039124 19.99575806 98.44887543
v -160.75541687 19.99575806 99.75064087
v -160.75332642 19.99575806 101.05252075
v -162.36891174 -16.00817490 153.08807373
v -162.29956055 57.56732178 153.10437012
v -163.14978027 19.99575806 152.90814209
v -135.29321289 -172.13099670 107.19296265
v -119.42701721 -220.07624817 96.28784943
v -125.76669312 -194.45228577 61.96667099
v -120.43380737 -205.39831543 56.58688354
v -112.05992126 -217.27127075 52.31760788
v -105.99718475 -212.48451233 15.65210915
v -101.57680511 -227.79194641 47.53943253
v -89.78369141 -209.67651367 -68.47811890
v -73.41400909 -216.42645264 -78.36840820
v -74.21943665 -210.30360413 -165.08497620
v -64.26387787 -214.50502014 -127.04674530
v -56.86287308 -219.97080994 -88.58434296
v -44.41223145 -209.75535583 -241.11544800
v -61.96340942 -210.67881775 -193.16954041
v -70.40097046 -209.35197449 -216.39277649
v -58.13190842 -211.47689819 -180.95014954
v -16.34014320 -206.97044373 -262.16891479
v 11.53238106 -200.24322510 -282.72503662
v -8.46872616 -201.63803101 -326.20428467
v -7.77858925 -192.70466614 -383.80380249
v 13.98373413 -190.56135559 -355.05920410
v -14.35724449 -179.65098572 -434.50082397
v 11.28290939 -180.04502869 -402.86056519
v -4.88271952 -191.05404663 -386.69967651
v -8.77202225 -174.74354553 -440.08602905
v -2.54633164 -168.73410034 -446.31170654
v 12.67278481 -140.71989441 -476.80438232
v 29.23292923 -100.95248413 -512.45635986
v -71.87549591 249.15391541 -220.03199768
v -30.37613106 250.23741150 -199.72645569
v -64.56709290 250.20936584 -200.81851196
v -70.40098572 249.34355164 -216.39277649
v -73.50620270 250.42218018 -165.62071228
v -90.93262482 245.66845703 -152.75552368
v 11.53238106 240.23472595 -282.72503662
v 28.31300545 229.83239746 -326.48773193
v 19.52716637 239.89328003 -260.09533691
v -2.03144264 246.64804077 -218.55233765
v 16.76888275 221.96534729 -388.00619507
v 24.42834663 208.47787476 -416.00317383
v 35.49222565 138.19515991 -499.62377930
v 34.63623810 156.47950745 -483.49429321
v 20.30953217 180.71142578 -469.16760254
v 36.91534042 194.91612244 -428.49490356
v 45.44686890 183.91889954 -437.02920532
v 49.83419037 177.62063599 -441.41540527
v 24.65221214 208.25830078 -416.22705078
v 30.25284576 221.45387268 -365.79101562
v -97.96349335 243.28849792 -104.58525848
v 29.23292923 140.94398499 -512.45635986
v -83.31700897 -218.88301086 -32.81890106
v -93.13701630 -222.48974609 9.16897392
v -78.99114227 -230.32438660 2.30328226
v -126.13330841 233.10192871 60.08194733
v -135.19557190 212.49432373 107.22111511
v -120.39511108 245.45666504 56.56552124
v -116.96703339 240.82707214 21.57030869
v -111.41024017 239.23550415 -17.11327934
v -104.96240997 240.33146667 -59.28929520
v -148.71365356 159.61979675 129.45910645
v -141.81982422 193.96084595 131.47587585
v -154.14889526 124.98532104 127.73868561
v -159.76391602 95.05829620 153.72192383
v -159.88348389 -53.72758484 153.69206238
v -154.28785706 -83.95722961 127.69219208
v -141.95541382 -153.35829163 131.43707275
v -133.65490723 -187.56266785 133.78570557
v -148.86056519 -118.80558014 129.41471863
v -164.93124390 19.99575806 169.31019592
v -169.90110779 -19.99016571 208.06141663
v -162.95658875 -58.13174057 181.08818054
v -169.82713318 61.72293854 208.07360840
v -170.73524475 19.99575806 207.93946838
v -162.83129883 99.54274750 181.11367798
v -119.23291016 -220.96464539 97.44441986
v -119.37829590 -220.29827881 96.57700348
v -117.52053833 -229.28517151 108.23944855
v -115.50704956 -224.81712341 85.27297974
v -107.62350464 -235.60971069 82.12343597
v -97.76359558 -245.13337708 78.57155609
v -89.39456940 -236.64176941 42.36389542
v -86.30127716 -253.10415649 74.71750641
v -67.70278931 -224.94000244 -41.35220718
v -51.93079376 -227.93144226 -50.12711716
v -57.29566956 -211.67483521 -178.10845947
v -47.80641937 -214.92266846 -139.76144409
v -40.83258057 -220.06932068 -98.94610596
v -36.68731689 -227.57862854 -59.27861404
v -38.23209763 -223.90631104 -76.93144226
v -30.37613106 -210.24586487 -199.72645569
v -2.03144264 -206.65652466 -218.55233765
v 19.52716637 -199.90174866 -260.09533691
v 30.46990204 -189.73159790 -321.69116211
v 17.85277176 -190.37893677 -347.82357788
v 30.25284576 -181.46232605 -365.79101562
v 24.29548073 -168.61657715 -415.87023926
v 16.76888275 -181.97381592 -388.00619507
v 30.76728630 -171.18795776 -399.90493774
v 17.92402077 -144.16552734 -466.78207397
v 24.65112495 -168.26811218 -416.22595215
v 20.30953217 -140.71989441 -469.16760254
v 35.49222565 -98.20365906 -499.62377930
v 44.94144440 -51.05633545 -528.16485596
v -20.68121147 252.39950562 -157.02502441
v -54.69244385 252.35166931 -168.79551697
v -58.13190842 251.46844482 -180.95016479
v -48.02723312 254.80810547 -140.81968689
v -63.55875015 254.58970642 -127.53191376
v -80.85033417 250.62016296 -115.85997772
v 40.76985168 229.31570435 -296.11019897
v 38.43902588 229.38104248 -302.36318970
v 42.45903015 220.81849670 -342.76031494
v 50.64713287 229.44001770 -264.80572510
v 26.09908676 239.94058228 -236.96661377
v 7.21991348 248.19204712 -173.46697998
v 31.24028969 240.45986938 -213.45156860
v 30.76728630 211.17947388 -399.90493774
v 50.84373856 89.43302917 -514.97528076
v 54.62466812 104.89730072 -503.48275757
v 43.12898636 138.19515991 -491.98703003
v 61.39539719 158.46151733 -452.97232056
v 44.01737213 198.75820923 -411.05096436
v 56.38787460 184.87130737 -421.35119629
v 67.77027893 169.68991089 -430.73770142
v 45.10831451 210.62300110 -377.53042603
v -89.31172180 249.90879822 -68.76249695
v 44.94144440 91.04786682 -528.16485596
v -64.11047363 -235.61503601 -4.83462667
v -75.98074341 -243.49409485 36.89472580
v -61.86281586 -248.03187561 31.22265434
v -120.11244202 257.00030518 92.28142548
v -114.71894836 285.93984985 129.89186096
v -133.54859924 227.95681763 133.81561279
v -119.23291016 260.95617676 97.44441986
v -119.42671204 260.06854248 96.28735352
v -119.28115845 260.73419189 97.15515900
v -115.47054291 264.86950684 85.25734711
v -111.95182800 257.39065552 52.26589584
v -105.78756714 252.66619873 15.54339123
v -97.81345367 250.33575439 -24.83924294
v -149.73040771 169.46302795 156.39167786
v -155.56610107 132.38426208 154.80407715
v -142.30514526 206.23902893 158.48339844
v -155.71508789 -91.28305817 154.76470947
v -158.59248352 -97.94594574 182.07583618
v -149.88838196 -128.59066772 156.34780884
v -133.48271179 -202.24356079 161.00621033
v -142.45138550 -165.59297180 158.44181824
v -113.63134766 -254.14878845 140.81204224
v -174.65007019 19.99575806 226.86723328
v -175.87400818 -21.46327782 235.45732117
v -173.21411133 -64.92834473 236.15188599
v -167.26005554 -61.90001297 208.57609558
v -162.85720825 -103.66807556 209.67918396
v -175.79936218 63.26037598 235.47467041
v -167.13337708 103.38011932 208.60409546
v -158.43670654 139.11412048 182.11445618
v -111.42134094 -245.06259155 113.61851501
v -108.80945587 -265.17871094 142.15489197
v -104.00348663 -254.98622131 111.48014832
v -94.73318481 -263.72109985 109.03949738
v -83.96341705 -271.00424194 106.38783264
v -73.67115784 -259.22875977 70.65012360
v -72.10781097 -276.56588745 103.59844208
v -49.10808945 -238.04641724 -12.14515018
v -36.66748047 -227.63739014 -59.01381683
v -20.68121147 -212.40795898 -157.02502441
v -12.45643806 -224.37550354 -70.54328156
v -14.89905548 -217.00134277 -113.73940277
v 7.21991348 -208.20053101 -173.46697998
v 31.24028969 -200.46836853 -213.45156860
v 26.09908676 -199.94906616 -236.96661377
v 42.28260040 -189.29533386 -291.86764526
v 53.23286819 -180.31971741 -318.95382690
v 42.45903015 -180.82696533 -342.76031494
v 45.10831451 -170.63146973 -377.53042603
v 58.07854843 -169.96954346 -354.22323608
v 38.86187363 -152.55142212 -430.44021606
v 59.22243500 -158.16914368 -388.55291748
v 44.01737213 -158.76670837 -411.05096436
v 45.44799805 -143.92732239 -437.02804565
v 34.63623810 -116.48797607 -483.49429321
v 50.76383209 -136.23249817 -442.34448242
v 48.94099045 -83.04795074 -497.79904175
v 50.84373856 -49.44150925 -514.97528076
v 43.12898636 -98.20365906 -491.98703003
v 52.17827225 2.59436798 -535.40167236
v -40.60377121 260.32717896 -97.24372101
v -46.42696762 255.63287354 -132.90823364
v -14.89905548 256.99288940 -113.73940277
v -56.18429565 260.03582764 -89.01158905
v -72.82747650 256.59991455 -78.72527313
v 53.23286819 220.31124878 -318.95382690
v 62.44864655 220.15946960 -294.43652344
v 70.02346802 220.52647400 -269.33389282
v 58.07854843 209.96105957 -354.22323608
v 75.94262695 221.45916748 -243.78640747
v 57.83154678 230.41511536 -232.78428650
v 34.94615555 241.53279114 -189.66580200
v 37.26218033 243.22782898 -165.72055054
v 11.74376297 252.32991028 -127.75939941
v 62.39513397 232.43292236 -199.18905640
v 59.19224548 86.13545227 -508.05032349
v 58.48048782 89.43302917 -507.33853149
v 57.91608429 37.00165939 -522.04766846
v 64.75908661 48.41845703 -513.61718750
v 62.52980042 67.44052124 -511.38787842
v 78.66175842 119.57944489 -470.24417114
v 82.30203247 108.68889618 -473.87918091
v 85.85700989 96.24504852 -477.42965698
v 71.64250183 137.36254883 -463.22167969
v 78.07389832 153.37774658 -439.16024780
v 59.22243500 198.16062927 -388.55291748
v 72.42946625 184.22459412 -398.75207520
v 84.58654022 168.97518921 -408.04656982
v -82.86656952 259.09307861 -33.06496811
v 52.17827225 37.39714813 -535.40167236
v -47.62936020 -249.99270630 25.42219925
v -60.36949539 -263.22204590 66.43959808
v -46.95585251 -264.85198975 62.13351059
v -113.63134766 294.14035034 140.81204224
v -111.38698578 285.11013794 113.60802460
v -122.99646759 278.69900513 164.01931763
v -133.36767578 242.66667175 161.03919983
v -107.52184296 275.71719360 82.08512115
v -101.37838745 267.95245361 47.45259094
v -92.81900787 262.69067383 9.01240063
v -152.34082031 178.44052124 183.77072144
v -144.55900574 217.44671631 186.12423706
v -152.50575256 -137.51467896 183.72288513
v -156.73867798 -145.21661377 211.56250000
v -144.71296692 -176.76107788 186.07643127
v -123.06215668 -238.49467468 164.00041199
v -123.98147583 -254.01538086 192.61802673
v -135.20811462 -215.61711121 189.06626892
v -113.60811615 -254.34077454 141.07189941
v -180.09555054 -33.42775345 252.19535828
v -181.32618713 19.99575806 251.38064575
v -176.50141907 -85.98391724 254.57498169
v -168.79928589 -108.26920319 237.54144287
v -162.68966675 -151.41397095 239.80438232
v -180.48129272 64.25139618 251.93989563
v -180.48973083 64.02954865 251.93432617
v -177.78231812 110.77661133 253.72627258
v -173.08679199 106.46403503 236.18832397
v -162.70036316 144.89454651 209.72285461
v -101.94357300 -274.18707275 141.01869202
v -113.53900909 -254.91598511 141.85208130
v -111.83134460 -273.09933472 167.98893738
v -107.52321625 -283.84930420 171.53465271
v -101.27560425 -291.81002808 171.34312439
v -93.27083588 -282.06912231 139.66778564
v -83.13546753 -288.60021973 138.17745972
v -71.94830322 -293.55172729 136.59951782
v -59.63893890 -280.14517212 100.71896362
v -60.17772675 -296.70535278 134.95365906
v -34.52383423 -238.43666077 -15.86642647
v -12.57055569 -234.25378418 -27.88554573
v 11.74376297 -212.33839417 -127.75939941
v 10.00571060 -229.22753906 -37.30134201
v 12.32152748 -219.41470337 -82.20501709
v 37.26218033 -203.23629761 -165.72055054
v 34.94615555 -201.54125977 -189.66580200
v 52.09410858 -189.55415344 -259.26867676
v 58.81558228 -190.69171143 -227.08897400
v 62.44864655 -180.16796875 -294.43652344
v 69.51255035 -169.47396851 -330.03332520
v 79.30300140 -169.37179565 -305.05633545
v 72.96658325 -157.49623108 -365.00585938
v 85.07080841 -157.03312683 -340.46994019
v 56.38787460 -144.87977600 -421.35119629
v 86.92401123 -143.55055237 -374.99536133
v 72.42946625 -144.23309326 -398.75207520
v 67.77027893 -129.69841003 -430.73770142
v 70.39616394 -100.20352173 -461.97473145
v 62.22441483 -116.92726135 -453.80233765
v 78.07389832 -113.38623047 -439.16024780
v 58.48048782 -49.44150925 -507.33853149
v 85.86688995 -56.19858551 -477.44873047
v 78.66175842 -79.58793640 -470.24417114
v 72.68419647 -94.93733978 -464.26342773
v 59.19183350 -46.14584732 -508.04989624
v 62.52960205 -27.45033073 -511.38763428
v 57.91608429 2.98985672 -522.04766846
v 52.62945557 19.99575806 -535.85290527
v -12.45643806 264.36703491 -70.54328156
v -37.01122665 266.66101074 -63.43722534
v -51.28444672 267.97683716 -50.49361801
v -67.14363098 265.09143066 -41.65927505
v 69.51255035 209.46548462 -330.03332520
v 79.30300140 209.36334229 -305.05633545
v 87.40338135 209.80320740 -279.44784546
v 72.96658325 197.48777771 -365.00585938
v 80.18404388 222.99829102 -217.92221069
v 93.81905365 210.81771851 -253.36286926
v 64.14854431 235.68287659 -163.99885559
v 64.15732574 236.40901184 -157.51414490
v 38.29864502 245.59658813 -141.71931458
v 12.32152748 259.40621948 -82.20501709
v 82.74934387 225.15138245 -191.88003540
v 88.56922150 84.89717102 -480.14822388
v 58.35702133 19.99575806 -522.48858643
v 65.99377441 19.99575806 -514.85186768
v 65.55284119 37.00165939 -514.41088867
v 92.84336090 60.29315186 -484.44827271
v 95.14309692 35.29627991 -486.63003540
v 94.17125702 48.56967163 -485.73922729
v 100.48316956 118.51273346 -445.93811035
v 101.69422150 95.72455597 -460.22616577
v 87.22226715 136.08638000 -446.57772827
v 95.56915283 152.56658936 -416.37271118
v 86.92401123 183.54206848 -374.99536133
v 99.77440643 168.27127075 -384.10360718
v -78.56161499 270.50936890 2.09694552
v -33.91048813 -249.23799133 19.55927467
v -47.08870316 -281.53387451 97.76730347
v -33.88168716 -257.57672119 42.23431396
v -113.56188202 294.71615601 141.59214783
v -108.77788544 305.22122192 142.14950562
v -103.90787506 295.08425903 111.45389557
v -111.58996582 328.34701538 193.31372070
v -123.91004944 294.23214722 192.64054871
v -113.53890991 294.90792847 141.85235596
v -111.76541901 314.19259644 169.69609070
v -135.08529663 256.06600952 189.10519409
v -97.57695770 285.27746582 78.50688171
v -89.09313202 276.81753540 42.23902512
v -156.57292175 186.18946838 211.61773682
v -148.71298218 227.15658569 214.36534119
v -148.86946106 -186.43617249 214.30900574
v -154.80665588 -194.21989441 243.04905701
v -139.10986328 -227.21601868 217.86889648
v -111.90569305 -292.94949341 201.78456116
v -111.59002686 -288.35528564 193.31352234
v -127.31073761 -267.44958496 222.18681335
v -183.09423828 19.99575806 256.79406738
v -189.77185059 -25.26260185 277.09808350
v -187.26051331 -70.43979645 278.75283813
v -170.45597839 -139.31101990 258.57461548
v -183.11166382 -115.44976807 281.48556519
v -162.72712708 -188.08729553 263.69515991
v -190.61511230 19.99575806 276.54104614
v -187.49272156 109.91970825 279.17901611
v -189.97335815 64.99752808 277.54486084
v -168.64231873 149.54267883 237.59506226
v -173.84773254 152.04069519 256.33050537
v -183.39431763 154.67774963 281.87820435
v -93.31030273 -298.72512817 171.04084778
v -108.14758301 -300.32693481 202.26918030
v -102.58081818 -307.23223877 202.81791687
v -95.48277283 -313.20272827 203.38658142
v -83.93117523 -304.42358398 170.66522217
v -73.52159882 -308.72662354 170.23236084
v -62.52642059 -311.46728516 169.72473145
v -48.34743500 -297.89529419 133.22486877
v -51.44440079 -312.53179932 169.08882141
v -14.18953133 -246.50614929 14.16945076
v 6.07730675 -241.58700562 6.85104990
v 37.02172852 -212.53691101 -93.95015717
v 38.29864502 -205.60508728 -141.71931458
v 26.39348793 -234.98905945 -0.67811340
v 32.52020645 -222.38424683 -46.87882614
v 62.79909515 -192.80546570 -194.52217102
v 64.16247559 -195.94296265 -161.71118164
v 64.15734863 -196.41748047 -157.51416016
v 64.13767242 -196.68577576 -155.20426941
v 70.02346802 -180.53497314 -269.33389282
v 75.94262695 -181.46762085 -243.78640747
v 87.40338135 -169.81169128 -279.44784546
v 95.44208527 -156.99171448 -315.07015991
v 104.06873322 -157.49374390 -288.98910522
v 99.67920685 -143.12677002 -350.15057373
v 110.61462402 -143.14796448 -324.36950684
v 84.58654022 -128.98365784 -408.04656982
v 99.77440643 -128.27975464 -384.10360718
v 113.13140869 -127.88954163 -358.98657227
v 95.56915283 -112.57505798 -416.37271118
v 87.22226715 -96.09486389 -446.57772827
v 105.26866913 -95.15135193 -423.67593384
v 91.09847260 -31.90716743 -482.67880249
v 100.50424194 -78.51987457 -445.91247559
v 101.69445801 -55.73213577 -460.22637939
v 106.90467072 -31.05712700 -465.69992065
v 64.75901794 -8.42764664 -513.61712646
v 94.27837372 -7.32834625 -485.85617065
v 65.55284119 2.98985672 -514.41088867
v -12.57055569 274.24533081 -27.88554573
v -34.70560074 276.84878540 -21.66249657
v -48.49416733 278.07363892 -12.45003986
v -63.57799530 275.74288940 -5.09087896
v 85.07080841 197.02465820 -340.46994019
v 95.44208527 196.98327637 -315.07015991
v 104.06873322 197.48529053 -288.98910522
v 98.52929688 212.44038391 -226.93513489
v 110.97774506 198.55023193 -262.39511108
v 83.68045044 227.86495972 -165.78547668
v 63.21956253 239.82308960 -130.82553101
v 37.02172852 252.52842712 -93.95015717
v 10.00571060 269.21908569 -37.30134201
v 101.52566528 214.66645813 -200.30769348
v 106.90456390 71.04927826 -465.69982910
v 68.92311096 19.99575806 -511.97283936
v 71.89467621 19.99575806 -509.13720703
v 72.18933868 19.99575806 -508.85974121
v 72.48429108 19.99575806 -508.58258057
v 84.07405853 19.99575806 -497.91680908
v 95.46574402 19.99575806 -487.04815674
v 110.21875763 45.70357513 -468.78280640
v 101.12690735 19.99575806 -481.17037964
v 106.23368073 19.99575806 -475.59320068
v 120.58260345 117.28681183 -419.31161499
v 120.08000183 94.94240570 -437.28683472
v 105.26866913 135.14288330 -423.67593384
v 111.36010742 151.81835938 -392.26019287
v 99.67920685 183.11830139 -350.15057373
v 113.13140869 167.88105774 -358.98657227
v -75.57329559 283.65338135 36.73057938
v -35.15373611 -282.06854248 97.84619141
v -35.03105545 -280.64697266 94.74205780
v -36.10954285 -290.98394775 117.52056885
v -19.00170517 -279.06512451 95.14727783
v -16.43582535 -261.82284546 55.22184753
v -107.49464417 323.88613892 171.53401184
v -101.85453033 314.27499390 141.00437927
v -94.55776215 303.85232544 108.99502563
v -111.90563202 332.94110107 201.78456116
v -127.23471069 307.67684937 222.21443176
v -108.12206268 340.35787964 202.27207947
v -138.98243713 267.68722534 217.91564941
v -86.01755524 293.26104736 74.62455750
v -162.52423096 192.42478943 239.86984253
v -154.64903259 234.96807861 243.11569214
v -144.89553833 -236.53001404 247.29316711
v -153.77403259 -231.42321777 269.62020874
v -132.68978882 -278.19534302 252.54959106
v -113.17082977 -301.43698120 218.78880310
v -114.80828857 -307.82421875 233.18463135
v -114.04275513 -305.15447998 226.95690918
v -201.31886292 -25.93907166 302.00286865
v -202.29241943 19.99575806 301.78097534
v -198.87466431 -71.79175568 303.58398438
v -177.35243225 -160.21031189 285.27810669
v -169.88992310 -204.61465454 290.18414307
v -194.83363342 -117.48135376 306.21749878
v -160.51969910 -248.49926758 296.32714844
v -201.47541809 65.66369629 302.28994751
v -195.06896973 156.67794800 306.45233154
v -199.06092834 111.25090790 303.85125732
v -167.04490662 202.60964966 260.83319092
v -177.70516968 199.19104004 285.62417603
v -189.51829529 201.86782837 310.08038330
v -87.09201813 -318.10104370 203.96774292
v -111.55986786 -314.15490723 234.05674744
v -106.81158447 -320.10479736 235.11517334
v -100.78871155 -325.25918579 236.28933716
v -93.67179871 -329.47268677 237.54757690
v -77.73426056 -321.77304077 204.53274536
v -67.80271912 -324.07659912 205.01850891
v -57.74614716 -324.92645264 205.32676697
v -37.32302094 -298.77719116 135.33833313
v -40.80809021 -311.92593384 168.24940491
v -48.04367065 -324.36218262 205.34161377
v -42.18830109 -315.24240112 177.41513062
v 1.65982044 -256.85214233 50.05015182
v 19.83094025 -250.17610168 44.66612625
v 61.17115784 -203.54649353 -106.73613739
v 59.56714630 -206.01762390 -92.77210236
v 61.03544617 -203.76289368 -105.45532990
v 63.02186966 -200.25776672 -127.83677673
v 47.15482330 -225.34579468 -13.25942421
v 54.09485245 -214.20927429 -54.42880249
v 82.74934387 -185.15985107 -191.88003540
v 83.68045044 -187.87342834 -165.78547668
v 80.18404388 -183.00674438 -217.92221069
v 80.90653229 -194.81265259 -113.76622009
v 83.01432800 -191.08033752 -139.73908997
v 93.81905365 -170.82620239 -253.36286926
v 98.52929688 -172.44883728 -226.93513489
v 110.97774506 -158.55871582 -262.39511108
v 119.75132751 -143.69950867 -297.85766602
v 127.13722992 -144.78839111 -270.79556274
v 124.59052277 -127.96711731 -332.86968994
v 134.20292664 -128.55508423 -305.97702026
v 111.36010742 -111.82681274 -392.26019287
v 125.24007416 -111.45380402 -366.90676880
v 137.15852356 -111.57569885 -340.50323486
v 121.54113007 -94.32649994 -399.40319824
v 120.65148926 -77.29129028 -419.21136475
v 110.21878815 -5.71173477 -468.78286743
v 120.08023071 -54.94995880 -437.28704834
v 125.20330811 -30.57432938 -442.83779907
v 128.47198486 -5.48794556 -445.85458374
v 95.42021179 14.61512756 -487.00268555
v -14.18953133 286.49771118 14.16945076
v -33.95523071 287.43930054 14.18968868
v -47.04706192 290.00726318 25.18034554
v -61.35757828 288.13796997 31.01925468
v 110.61462402 183.13948059 -324.36950684
v 119.75132751 183.69104004 -297.85766602
v 116.15135193 200.20794678 -235.42716980
v 127.13722992 184.77989197 -270.79556274
v 83.01432800 231.07185364 -139.73908997
v 102.81047821 217.42581177 -173.60624695
v 61.17113495 243.53802490 -106.73612976
v 59.80846405 245.64637756 -94.73625183
v 32.52020645 262.37576294 -46.87882614
v 6.07730675 281.57855225 6.85104990
v 119.57527161 202.45213318 -208.22883606
v 125.20320892 70.56649017 -442.83767700
v 116.51773071 19.99575806 -463.60345459
v 128.47195435 45.47978592 -445.85458374
v 138.22708130 116.48629761 -390.96215820
v 136.70625305 94.29512787 -412.96163940
v 121.54113007 134.31803894 -399.40319824
v 125.24007416 151.44532776 -366.90676880
v 124.59052277 167.95861816 -332.86968994
v -73.28737640 299.36932373 70.52817535
v -21.91982460 -296.19375610 134.69436646
v -6.31798029 -291.74813843 134.01239014
v -2.55180573 -274.17260742 92.26172638
v -101.19419861 331.88635254 171.34025574
v -93.10613251 322.18627930 139.64288330
v -83.69696045 311.14642334 106.32397461
v -113.11573792 341.15927124 218.21675110
v -114.04270935 345.14608765 226.95690918
v -132.61036682 318.43069458 252.58370972
v -144.76499939 277.01885986 247.34944153
v -111.53797150 354.18026733 234.06208801
v -102.50836182 347.29711914 202.82432556
v -160.57647705 239.47744751 265.11459351
v -160.55784607 239.57315063 265.12692261
v -142.71365356 -273.97189331 276.93896484
v -149.06712341 -291.65829468 303.82113647
v -116.28919983 -312.02713013 243.77685547
v -118.69065857 -317.13504028 258.50979614
v -211.70463562 -72.67993927 327.85443115
v -228.03181458 19.99575806 349.98101807
v -226.22538757 -51.11909485 351.17663574
v -224.95292664 -72.81781769 352.01889038
v -226.48399353 85.82827759 351.00552368
v -189.21484375 -162.92947388 309.89053345
v -181.96577454 -208.04357910 314.63253784
v -207.77897644 -118.81628418 330.40536499
v -172.96939087 -252.69615173 320.51434326
v -224.98951721 112.25689697 351.99462891
v -202.53680420 203.62474060 334.02432251
v -218.08959961 186.48522949 356.56164551
v -170.33851624 243.35603333 290.46704102
v -182.36030579 246.73057556 314.76266479
v -195.59638977 248.95268250 338.56918335
v -85.72109985 -332.57690430 238.83523560
v -113.54766846 -329.81329346 267.99331665
v -103.36790466 -337.91879272 271.11758423
v -97.25788116 -340.58401489 272.77862549
v -77.26573944 -334.41418457 240.06420898
v -68.69120026 -334.88949585 241.11370850
v -49.61200714 -326.03851318 211.05705261
v -60.40855408 -334.04028320 241.85302734
v -52.34405899 -328.53741455 220.01136780
v -26.09646988 -311.56909180 174.53860474
v -32.98189545 -323.54833984 214.67277527
v 13.93574524 -267.46926880 89.26528168
v 36.50549698 -244.36970520 46.00682068
v 73.76308441 -204.74066162 -62.29281616
v 64.56933594 -218.31262207 -12.09918308
v 101.52566528 -174.67495728 -200.30769348
v 102.81047821 -177.43428040 -173.60624695
v 102.36350250 -180.64022827 -146.93476868
v 100.29614258 -184.32444763 -120.32133484
v 92.74716187 -194.20751953 -67.59782410
v 116.15135193 -160.21644592 -235.42716980
v 119.57527161 -162.46061707 -208.22883606
v 132.75811768 -146.44302368 -243.32626343
v 142.03482056 -129.64733887 -278.49929810
v 148.07504272 -131.27226257 -250.58264160
v 147.19383240 -112.18860626 -313.28732300
v 155.42584229 -113.27197266 -285.45782471
v 135.83721924 -93.94596100 -373.84796143
v 148.12811279 -94.09672546 -347.21020508
v 158.51620483 -94.72733307 -319.73538208
v 138.27992249 -76.49310303 -390.86822510
v 131.44129944 19.99575806 -444.22052002
v 136.70646667 -54.30270004 -412.96188354
v 141.79339600 -30.18573570 -418.60626221
v 145.02861023 -5.31304169 -421.56683350
v 145.18028259 19.99575806 -423.92172241
v -16.43582535 301.81439209 55.22184753
v -33.92662048 300.15707397 48.63209152
v -46.40716553 304.85787964 61.95378113
v -59.89337921 303.31262207 66.28866577
v 134.20292664 168.54661560 -305.97702026
v 132.75811768 186.43452454 -243.32626343
v 142.03482056 169.63883972 -278.49929810
v 80.90653229 234.80416870 -113.76622009
v 102.36350250 220.63175964 -146.93476868
v 121.21772003 205.22412109 -180.92642212
v 54.25683594 253.95143127 -55.45968628
v 46.97644424 265.63427734 -12.25474644
v 26.39348793 274.98059082 -0.67811340
v 1.65982044 296.84365845 50.05015182
v 136.59623718 188.65464783 -215.59165955
v 141.79328918 70.17785645 -418.60614014
v 145.02857971 45.30488205 -421.56680298
v 152.74472046 116.42362213 -362.21762085
v 135.83721924 133.93748474 -373.84796143
v 151.41717529 94.02823639 -387.39410400
v 164.23744202 94.18795776 -360.74307251
v 137.15852356 151.56723022 -340.50323486
v -71.74777985 316.69201660 103.51498413
v -10.47480774 -307.44244385 176.08494568
v 5.19314528 -301.56311035 177.77931213
v 9.29890347 -285.50924683 133.34385681
v -93.15840149 338.82653809 171.03485107
v -82.88426208 328.72644043 138.14147949
v -114.80824280 347.81582642 233.18463135
v -139.29382324 325.44296265 279.20129395
v -139.63481140 324.32705688 278.97558594
v -120.61514282 360.09793091 268.36953735
v -118.69065094 357.12658691 258.50979614
v -116.51083374 352.56726074 245.24578857
v -147.75634766 295.71289062 273.60003662
v -151.08857727 282.64126587 271.39453125
v -106.75000000 360.15966797 235.12791443
v -117.31811523 364.71563721 266.66525269
v -95.34719849 353.28897095 203.39665222
v -161.09477234 287.01391602 296.52703857
v -129.81393433 -314.25549316 285.47485352
v -133.02473450 -330.17196655 306.16598511
v -125.79025269 -325.36605835 288.13912964
v -162.13006592 -296.73342896 327.60086060
v -120.16954041 -319.48825073 266.23590088
v -217.45094299 -151.72987366 356.98434448
v -202.30819702 -164.71826172 333.97796631
v -195.28286743 -210.30671692 338.57849121
v -186.67637634 -255.49179077 344.22650146
v -215.88157654 203.94184875 358.02307129
v -202.46665955 285.89254761 366.90222168
v -173.48112488 291.14215088 320.56796265
v -187.09515381 293.88516235 344.14807129
v -90.75402832 -342.09899902 274.38391113
v -109.56780243 -341.31973267 287.86550903
v -118.23612213 -333.72509766 284.67831421
v -104.02835846 -347.30441284 302.55911255
v -110.57289886 -344.80157471 298.22225952
v -84.13402557 -342.36108398 275.81665039
v -63.15744781 -335.51089478 248.26771545
v -77.68549347 -341.39419556 276.97384644
v -70.31023407 -338.72540283 263.31069946
v -43.92504120 -331.31353760 254.79760742
v -13.03796005 -313.86807251 197.33688354
v -24.46482849 -325.08908081 261.82986450
v -16.11612511 -318.94784546 218.70300293
v 23.44455528 -282.89578247 146.27998352
v 29.26164436 -261.91671753 93.15870667
v 29.31694794 -261.75033569 92.73844147
v 29.48368835 -261.25146484 91.47732544
v 54.51794434 -233.54109192 37.25941467
v 82.62985992 -207.87246704 -16.34545708
v 71.26251221 -222.89726257 34.01241684
v 121.21772003 -165.23260498 -180.92642212
v 121.00578308 -168.46282959 -153.63369751
v 119.00115967 -172.18914795 -126.40310669
v 111.07039642 -182.18016052 -72.52957916
v 115.56046295 -176.66380310 -99.32894897
v 100.01723480 -195.88484192 -20.25269890
v 136.59623718 -148.66311646 -215.59165955
v 138.59033203 -151.42295837 -187.71955872
v 152.30329895 -133.44041443 -222.36590576
v 161.84510803 -114.85422516 -257.16217041
v 166.42832947 -116.95906830 -228.53614807
v 167.08847046 -95.80041504 -291.62808228
v 173.83488464 -97.34351349 -263.03515625
v 152.77615356 -76.43251801 -362.14889526
v 165.26423645 -77.00628662 -331.52685547
v 151.41741943 -54.03585434 -387.39437866
v 156.58120728 -30.03964233 -393.16751099
v 159.85589600 -5.25389481 -396.11669922
v 151.98289490 19.99575806 -412.83380127
v -19.00170517 319.05670166 95.14727783
v -35.07558823 321.16262817 95.88543701
v -46.57594681 321.53384399 97.64359283
v -59.19304276 320.22412109 100.61573792
v 147.19383240 152.18009949 -313.28732300
v 148.07504272 171.26377869 -250.58264160
v 155.42584229 153.26347351 -285.45782471
v 73.76308441 244.73219299 -62.29281616
v 100.29614258 224.31599426 -120.32133484
v 121.00578308 208.45434570 -153.63369751
v 138.59033203 191.41450500 -187.71955872
v 64.56933594 258.30413818 -12.09918308
v 54.51794434 273.53259277 37.25941467
v 36.46310425 284.44638062 46.25208664
v 19.83094025 290.16760254 44.66612625
v -2.55180573 314.16409302 92.26172638
v 152.30329895 173.43194580 -222.36590576
v 156.58110046 70.03176880 -393.16741943
v 159.85585022 45.24575424 -396.11669922
v 165.22584534 116.99501801 -331.63235474
v 148.12811279 134.08825684 -347.21020508
v 175.27171326 94.71497345 -333.20581055
v 169.59323120 70.16130066 -366.67517090
v -71.60839081 333.66250610 136.55212402
v 3.08102417 -307.92404175 200.29632568
v 20.66060829 -294.56799316 180.38093567
v -83.69800568 344.53234863 170.65576172
v -125.79025269 365.35760498 288.13912964
v -136.34538269 371.97610474 312.72366333
v -149.80200195 329.96432495 303.91619873
v -121.54380798 368.93881226 283.32827759
v -100.67375946 365.33242798 236.31059265
v -113.49919891 369.85949707 268.00958252
v -86.88289642 358.19299316 203.98132324
v -162.78674316 334.95300293 327.55978394
v -144.96652222 -335.98110962 327.57577515
v -125.75572968 -325.46044922 288.16403198
v -132.18031311 -340.19586182 315.02655029
v -123.04393768 -331.34567261 289.94302368
v -161.89781189 -341.45581055 353.26861572
v -176.47019958 -300.17544556 350.93823242
v -208.84173584 -210.75588989 362.68264771
v -201.45309448 -251.04922485 367.57308960
v -190.98126221 339.13827515 374.50421143
v -177.01475525 338.32626343 350.77679443
v -117.16909790 -339.46157837 293.84545898
v -114.23944855 -342.21444702 295.78442383
v -120.59303284 -335.26849365 291.57913208
v -97.31638336 -347.02081299 306.98223877
v -126.62799835 -346.97628784 318.92138672
v -119.60228729 -351.03201294 323.73043823
v -130.96507263 -355.11138916 348.76968384
v -59.31364441 -336.10858154 293.94204712
v -96.82933807 -346.87762451 307.30789185
v -36.71257019 -327.69491577 304.44915771
v 0.80012119 -312.67868042 223.00823975
v -14.32703209 -317.90481567 315.08197021
v -5.05125237 -317.37033081 269.11096191
v -1.82240689 -315.72177124 245.98686218
v 36.56855392 -270.65823364 133.88893127
v 44.86355591 -250.94767761 86.15808868
v 59.46153641 -240.23138428 83.63877106
v 87.35368347 -210.79939270 31.06392479
v 73.42038727 -228.21192932 81.24979401
v 138.62072754 -154.69790649 -159.83781433
v 136.69992065 -158.53848267 -132.03486633
v 133.17599487 -163.15078735 -104.42378235
v 116.45468903 -182.50373840 -23.89354134
v 128.42900085 -168.77232361 -77.13064575
v 102.52266693 -197.39950562 28.31329918
v 154.63272095 -136.17323303 -193.97975159
v 154.90425110 -139.51028442 -165.56806946
v 169.06649780 -119.66219330 -199.71461487
v 178.72789001 -99.39286041 -234.08996582
v 181.63937378 -102.07844543 -204.93280029
v 176.01615906 -78.20531464 -298.14218140
v 184.44485474 -80.10959625 -262.87615967
v 164.23767090 -54.19554520 -360.74337769
v 175.27197266 -54.72256470 -333.20611572
v 169.59333801 -30.16915131 -366.67529297
v 172.97731018 -5.32925415 -369.66967773
v 169.53227234 19.99575806 -380.21133423
v 157.96684265 19.99575806 -402.41851807
v -21.91982460 336.18527222 134.69436646
v -37.69493484 340.67666626 139.84558105
v -47.86478424 337.89248657 133.15098572
v -59.75700378 336.77325439 134.89410400
v 158.51620483 134.71885681 -319.73538208
v 161.84510803 154.84574890 -257.16217041
v 167.08847046 135.79194641 -291.62808228
v 92.74716187 234.19903564 -67.59782410
v 115.56046295 216.65533447 -99.32894897
v 119.00115967 212.18064880 -126.40310669
v 138.62072754 194.68942261 -159.83781433
v 154.63272095 176.16474915 -193.97975159
v 82.62985992 247.86398315 -16.34545708
v 44.86355591 290.93917847 86.15808868
v 71.26251221 262.88876343 34.01241684
v 29.48367691 301.24291992 91.47715759
v 13.93574524 307.46078491 89.26528168
v -6.31798029 331.73965454 134.01239014
v 166.42832947 156.95062256 -228.53614807
v 172.97727966 45.32109451 -369.66967773
v 175.97790527 118.19126892 -298.27764893
v 184.58534241 95.57625580 -304.97592163
v 180.90672302 70.53883362 -339.30395508
v -73.20459747 348.82168579 170.21865845
v 18.69052696 -302.05999756 209.07890320
v 29.65206909 -289.02917480 181.75228882
v -122.34381104 372.56848145 290.42443848
v -139.90194702 373.73620605 319.14096069
v -132.26332092 380.22402954 315.17449951
v -118.19416046 373.76791382 284.69488525
v -93.49430084 369.55010986 237.57760620
v -108.76529694 374.33267212 269.52563477
v -77.44862366 361.85235596 204.54853821
v -144.68997192 375.85797119 327.13018799
v -165.35078430 382.17483521 358.46298218
v -161.82708740 -349.60671997 360.70565796
v -146.49955750 -345.67291260 338.00494385
v -165.25935364 -342.16604614 358.32467651
v -173.89114380 -343.28555298 371.87606812
v -190.53819275 -301.01217651 374.79748535
v -168.74856567 382.74160767 363.67413330
v -179.73394775 383.30007935 381.94866943
v -165.53215027 382.20895386 358.73822021
v -126.07017517 -353.94601440 349.04711914
v -141.23449707 -351.69891357 341.71771240
v -134.59927368 -354.92773438 346.28515625
v -149.56134033 -357.59225464 369.08306885
v -139.77096558 -356.21292114 369.46667480
v -67.38615417 -336.13189697 326.79132080
v -33.80775833 -320.94897461 349.01629639
v -100.35758972 -343.34191895 365.98403931
v -86.26215363 -340.80029297 344.34725952
v 17.00466919 -306.53439331 236.31024170
v 6.29336166 -307.01156616 331.70083618
v 7.44528580 -307.35467529 325.52661133
v 11.78648758 -308.63040161 297.09146118
v -1.38471806 -305.41015625 365.26043701
v 14.99836731 -308.62933350 265.23333740
v 48.10947037 -260.68289185 131.46493530
v 38.12421417 -280.68356323 179.30511475
v 86.53794861 -215.04849243 78.92166901
v 94.77219391 -205.67961121 53.93557358
v 69.09526825 -236.90327454 126.55274200
v 153.08634949 -143.52049255 -137.25820923
v 149.50772095 -148.33834839 -109.18036652
v 144.53030396 -154.11437988 -81.46242523
v 131.67352295 -167.90193176 -27.35919380
v 116.50897217 -182.87297058 25.64289856
v 107.91537476 -191.31935120 51.49597549
v 169.57005310 -123.07785797 -170.85717773
v 167.87223816 -127.29824829 -142.12515259
v 182.35975647 -105.59069824 -175.73622131
v 190.05442810 -82.79786682 -227.09213257
v 192.37591553 -85.98730469 -196.40106201
v 184.58561707 -55.58384705 -304.97619629
v 192.17498779 -56.79844666 -276.18994141
v 180.90682983 -30.54670143 -339.30407715
v 190.58145142 -31.15951347 -311.22146606
v 184.44148254 -5.53189087 -342.38391113
v 180.65277100 19.99575806 -355.59918213
v 175.48713684 19.99575806 -367.49423218
v -26.09646988 351.56060791 174.53860474
v -41.45786667 353.56585693 172.75146484
v -50.99174881 352.53079224 169.05865479
v -62.13275909 351.52551270 169.70481873
v 173.83488464 137.33505249 -263.03515625
v 184.41738892 120.09297180 -263.01342773
v 111.07039642 222.17167664 -72.52957916
v 136.69992065 198.52996826 -132.03486633
v 133.17599487 203.14228821 -104.42378235
v 154.90425110 179.50181580 -165.56806946
v 169.06649780 159.65370178 -199.71461487
v 100.01723480 235.87637329 -20.25269890
v 23.49118996 322.69473267 145.76615906
v 29.26164436 301.90829468 93.15870667
v 29.37236595 301.57546997 92.31800842
v 36.56855392 310.64978027 133.88893127
v 59.46153641 280.22290039 83.63877106
v 87.35368347 250.79092407 31.06392479
v 9.29890347 325.50082397 133.34385681
v -10.47480774 347.43399048 176.08494568
v 178.72789001 139.38436890 -234.08996582
v 184.44145203 45.52373123 -342.38391113
v 192.17469788 96.79089355 -276.18966675
v 190.58132935 71.15164948 -311.22137451
v 26.80282402 -296.29821777 206.33438110
v 34.11343384 -288.92114258 204.15554810
v -114.13513184 377.96383667 286.24139404
v -116.17108917 380.46734619 294.50732422
v -126.71537781 386.99923706 319.06698608
v -146.68301392 385.72396851 338.27926636
v -141.41744995 391.74185181 341.99182129
v -90.52011108 382.12142944 274.43820190
v -103.23143005 377.98452759 271.15625000
v -85.47813416 372.64114380 238.87269592
v -67.44632721 364.12316895 205.03312683
v -162.09991455 389.64675903 361.11776733
v -176.56011963 -350.25445557 384.04919434
v -156.34645081 -355.09320068 364.47088623
v -179.73390198 -343.30871582 381.94873047
v -179.73088074 -343.31982422 381.95068359
v -179.73089600 383.31121826 381.95068359
v -176.56039429 390.24578857 384.04937744
v -160.87217712 -358.23580933 391.03015137
v -165.98187256 -357.78839111 391.05035400
v -153.69285583 -357.02285767 392.28900146
v -147.42723083 -354.56985474 395.23739624
v -88.30229187 -333.97293091 405.04602051
v -60.97704315 -329.66119385 360.98001099
v -2.58646202 -305.28948975 369.68591309
v -7.02498627 -305.37344360 383.77136230
v -74.19061279 -331.84872437 383.21994019
v 24.36685371 -301.45941162 231.47279358
v 5.40382195 -302.75704956 359.45605469
v 11.41090202 -303.76364136 334.02523804
v 22.14068222 -304.29177856 257.06686401
v 19.57383919 -305.24484253 282.80490112
v 4.10087347 -300.52139282 374.11071777
v 60.59877014 -248.52664185 150.03895569
v 52.99402237 -259.69186401 174.23275757
v 46.67288208 -269.58541870 199.57229614
v 78.44657135 -223.54524231 124.05491638
v 88.71956635 -211.73880005 100.69374847
v 98.61463165 -200.91941833 76.57360840
v 68.46800232 -235.74699402 147.42884827
v 164.27037048 -132.37414551 -113.66319275
v 159.09701538 -138.35450745 -85.59719849
v 145.41862488 -152.27375793 -30.75112534
v 129.06738281 -167.42182922 22.92839622
v 119.69948578 -176.11218262 48.96750259
v 109.45928955 -186.02638245 74.12182617
v 180.79864502 -110.04904175 -146.68400574
v 177.20886230 -115.42206573 -117.93200684
v 192.09822083 -90.58840179 -163.92471313
v 198.01571655 -58.40270996 -246.97755432
v 201.94023132 -60.54403305 -217.49313354
v 198.64923096 -32.02566910 -282.54837036
v 205.11659241 -33.17498016 -253.41337585
v 194.29748535 -5.86306381 -314.40594482
v 202.59803772 -6.34344864 -285.84786987
v 198.82795715 19.99575806 -304.68582153
v 190.40716553 19.99575806 -330.39227295
v -32.98189545 363.53991699 214.67277527
v -46.31341934 362.21801758 198.36384583
v -57.33434677 364.92181396 205.33398438
v 190.04072571 122.78012085 -227.20758057
v 198.01539612 98.39514923 -246.97724915
v 128.42900085 208.76385498 -77.13064575
v 153.08634949 183.51202393 -137.25820923
v 149.50772095 188.32986450 -109.18036652
v 169.57005310 163.06939697 -170.85717773
v 181.63937378 142.06997681 -204.93280029
v 116.45468903 222.49528503 -23.89354134
v 29.65206909 329.02072144 181.75228882
v 20.50071526 335.21514893 182.56240845
v 48.10947037 300.67437744 131.46493530
v 73.42038727 268.20343018 81.24979401
v 94.77219391 245.67114258 53.93557358
v 102.52266693 237.39102173 28.31329918
v 5.19314528 341.55462646 177.77931213
v -13.03796005 353.85958862 197.33688354
v 192.37144470 125.96638489 -196.51184082
v 194.29747009 45.85490417 -314.40591431
v 198.64910889 72.01782990 -282.54824829
v 30.88587570 -294.99630737 229.82907104
v 41.89849472 -277.34390259 226.21083069
v -114.23994446 382.20553589 295.78408813
v -109.19464111 385.53576660 299.12268066
v -119.69484711 391.05014038 323.87295532
v -134.78266907 394.96072388 346.55868530
v -149.82371521 397.61495972 369.49822998
v -156.61360168 395.12628174 364.88458252
v -104.74511719 387.14831543 302.07183838
v -103.16282654 387.42617798 303.12472534
v -77.43040466 381.30117798 276.52548218
v -76.96205139 374.44601440 240.10517883
v -172.13720703 394.90002441 386.97717285
v -172.13522339 -354.90982056 386.97772217
v -170.51620483 -355.98254395 388.04934692
v -41.39622116 -311.92803955 448.12554932
v -53.77886200 -314.54635620 457.22192383
v -27.78414917 -309.41998291 427.54937744
v -11.35528755 -305.96981812 395.08026123
v -15.23554039 -306.70535278 403.93078613
v -3.59666061 -300.27093506 400.29443359
v 28.26340485 -298.51324463 256.10208130
v 10.14757919 -298.73336792 360.77572632
v 16.64319801 -299.28149414 334.88110352
v 25.47458458 -299.94915771 282.51138306
v 21.73493195 -299.95944214 308.78448486
v 10.26634979 -292.97857666 378.19451904
v 59.46637344 -247.56602478 171.62620544
v 56.58825302 -246.07176208 194.51210022
v 49.88077927 -255.42190552 221.68247986
v 86.95870972 -209.53886414 121.51634979
v 75.66564941 -222.32707214 144.79336548
v 98.46392059 -197.22906494 98.23830414
v 65.34211731 -234.77650452 168.95161438
v 171.88192749 -121.65871429 -89.60243225
v 157.46574402 -135.83602905 -34.16417694
v 139.98738098 -151.27522278 20.05819893
v 129.92933655 -160.28009033 46.25233078
v 118.90898132 -170.59503174 71.49780273
v 107.04768372 -182.27131653 95.66998291
v 189.24499512 -96.21907806 -132.94079590
v 182.21858215 -105.04954529 -93.33585358
v 183.84709167 -103.21906281 -100.95561981
v 203.16891479 -67.17034149 -158.22453308
v 203.70252991 -63.43000412 -187.87243652
v 209.76663208 -34.70199585 -223.98013306
v 212.26460266 -36.72903061 -194.35429382
v 209.37066650 -6.99686813 -256.83822632
v 214.39898682 -7.84809875 -227.54248047
v 205.95086670 19.99575806 -278.56323242
v 209.20550537 19.99575806 -264.58776855
v 203.61735535 33.22535706 -286.31018066
v -53.94699478 369.80844116 224.81391907
v -49.61181641 366.03005981 211.05709839
v -48.04373169 364.35372925 205.34161377
v -16.11612511 358.93939209 218.70300293
v -43.92504120 371.30505371 254.79760742
v -60.40848160 374.03179932 241.85310364
v -68.33990479 374.87124634 241.15129089
v 201.93989563 100.53650665 -217.49282837
v 205.11643982 73.16716003 -253.41322327
v 144.53030396 194.10588074 -81.46242523
v 167.87223816 167.28977966 -142.12515259
v 164.27037048 172.36564636 -113.66319275
v 182.35975647 145.58224487 -175.73622131
v 192.10321045 130.56341553 -164.03393555
v 131.67352295 207.89346313 -27.35919380
v 26.80282402 336.28973389 206.33438110
v 38.12421417 320.67510986 179.30511475
v 18.58192253 342.41030884 210.77575684
v 58.96537781 289.35113525 129.02027893
v 77.92624664 265.54660034 103.06748199
v 86.53794861 255.04002380 78.92166901
v 107.91537476 231.31085205 51.49597549
v 116.50897217 222.86450195 25.64289856
v 16.90007973 346.71533203 237.98995972
v 203.70214844 103.42250061 -187.87214661
v 202.59800720 46.33530807 -285.84783936
v 38.56854248 -282.37771606 253.69071960
v 45.33673096 -262.22018433 249.95422363
v -131.14991760 395.14065552 349.04220581
v -130.72224426 394.82540894 355.83560181
v -146.43185425 396.83511353 380.02764893
v -153.69287109 397.01440430 392.28900146
v -160.87313843 398.22735596 391.03027344
v -165.98429871 397.77941895 391.04980469
v -170.51654053 395.97406006 388.04992676
v -96.82933807 386.86914062 307.30789185
v -83.88143921 382.51049805 315.87640381
v -59.31364441 376.10012817 293.94204712
v -64.78244781 376.30294800 251.87721252
v -49.62501526 -312.64550781 460.56472778
v -30.41917992 -306.16128540 447.92361450
v -50.34038925 -313.00741577 459.89242554
v -15.83156776 -303.12286377 424.77767944
v 2.26001525 -291.72442627 404.23815918
v 12.46682930 -288.94372559 379.64913940
v 35.45610046 -285.14074707 281.27658081
v 18.16764641 -287.97171021 362.41458130
v 25.54466057 -287.13415527 335.69909668
v 31.31007767 -286.44894409 308.63006592
v 64.22117615 -221.94689941 188.85128784
v 52.69010925 -235.78747559 224.00006104
v 59.94379044 -226.93673706 200.25184631
v 48.06086349 -241.85130310 244.28326416
v 51.87136459 -236.83976746 227.23442078
v 52.29381561 -236.29737854 225.54748535
v 52.39209366 -236.17051697 225.16029358
v 82.21331787 -208.58494568 142.14405823
v 94.58630371 -195.16169739 118.93868256
v 70.69243622 -221.68318176 166.20503235
v 167.20249939 -119.63990021 -37.49547195
v 175.88229370 -111.58645630 -67.57859802
v 148.13696289 -135.98062134 18.66036034
v 160.90209961 -125.10684204 -17.56188583
v 135.62173462 -147.09219360 49.12638474
v 121.00958252 -160.94413757 79.89772034
v 195.79864502 -76.74302673 -99.49945831
v 200.47352600 -71.65585327 -128.71029663
v 181.78123474 -87.95259857 -41.93480682
v 212.41877747 -39.31083679 -164.58299255
v 210.37849426 -42.37020493 -134.79737854
v 217.33848572 -8.92002869 -198.04711914
v 217.98930359 -10.22106934 -168.36279297
v 216.25428772 19.99575806 -224.48622131
v 211.86824036 19.99575806 -251.62940979
v 216.54304504 19.99575806 -222.22308350
v 216.40020752 19.99575806 -223.35476685
v 210.38316345 33.57705307 -257.38565063
v 209.37063599 46.98872757 -256.83822632
v 14.76663399 348.70666504 268.06607056
v -19.87331581 362.59396362 240.24070740
v -24.46482849 365.08062744 261.82986450
v -63.15763855 375.50238037 248.26763916
v 209.76647949 74.69416809 -223.97999573
v 159.09701538 178.34603882 -85.59719849
v 180.79864502 150.04057312 -146.68400574
v 177.20886230 155.41357422 -117.93200684
v 189.26525879 136.17999268 -133.09913635
v 203.16851807 107.16291046 -158.22425842
v 200.47309875 111.64845276 -128.71003723
v 145.41862488 192.26528931 -30.75112534
v 24.36685371 341.45092773 231.47279358
v 34.11343384 328.91268921 204.15554810
v 46.67288208 309.57693481 199.57229614
v 45.88970947 310.81735229 176.79089355
v 60.59877014 288.51815796 150.03895569
v 69.09526825 276.89477539 126.55274200
v 98.46392059 237.22053528 98.23830414
v 98.61463165 240.91091919 76.57360840
v 119.69948578 216.10371399 48.96750259
v 129.06738281 207.41334534 22.92839622
v 22.14068222 344.28332520 257.06686401
v 212.26441956 76.72122192 -194.35415649
v 41.54551315 -266.81973267 278.41406250
v -86.11132050 380.72851562 344.44714355
v -100.20181274 383.26678467 366.08706665
v -87.98905945 373.82803345 405.25308228
v -147.42723083 394.56134033 395.23739624
v -36.71257019 367.68649292 304.44915771
v -53.47038269 370.13150024 336.00064087
v -45.37329102 -308.80444336 466.13769531
v -43.35575104 -303.18743896 472.21563721
v -25.04896355 -297.95336914 451.49322510
v -10.31307411 -294.89733887 428.47778320
v 14.30333900 -284.30050659 380.86373901
v 5.27880478 -281.31903076 406.25503540
v -7.66270828 -284.87094116 430.23504639
v 36.93798828 -270.00848389 306.63912964
v 22.76537704 -275.12902832 361.98623657
v 30.70042419 -272.55566406 334.54290771
v 69.84200287 -194.95967102 191.53912354
v 56.01923752 -219.75576782 217.83927917
v 69.46308136 -215.96066284 176.38291931
v 45.56186676 -245.15907288 257.27032471
v 40.68962860 -234.19001770 274.38830566
v 47.68117142 -227.84757996 245.78160095
v 74.45889282 -210.34622192 165.57214355
v 83.52270508 -200.31045532 147.74502563
v 105.42105865 -176.77130127 108.76423645
v 163.49716187 -100.14877319 14.28953838
v 152.89974976 -107.37213135 41.39618683
v 141.42840576 -115.66474915 67.69444275
v 193.37432861 -53.42461395 -46.63159561
v 206.34681702 -45.81574249 -105.17015839
v 200.57937622 -49.53960419 -75.77235413
v 175.54924011 -61.76611710 10.48821163
v 216.50300598 -11.73506546 -138.59609985
v 213.08441162 -13.44200897 -108.91692352
v 218.77432251 19.99575806 -199.01904297
v 219.27389526 4.78078079 -169.25271606
v 218.03967285 4.04824448 -139.62712097
v 215.42573547 34.02833176 -228.19056702
v 218.44692993 34.57379532 -198.80766296
v 214.39895630 47.83995819 -227.54246521
v 19.57383919 345.23635864 282.80490112
v 11.27964687 348.49719238 301.01092529
v 7.44528580 347.34622192 325.52661133
v 171.88192749 161.65020752 -89.60243225
v 183.87875366 143.17463684 -101.11251831
v 212.41859436 79.30306244 -164.58287048
v 195.79817200 116.73567963 -99.49921417
v 210.37831116 82.36248779 -134.79725647
v 157.46574402 175.82757568 -34.16417694
v 30.88587570 334.98785400 229.82907104
v 56.58825302 286.06329346 194.51210022
v 41.89849472 317.33538818 226.21083069
v 65.34211731 274.76806641 168.95161438
v 52.99402237 299.68334961 174.23275757
v 75.66564941 262.31857300 144.79336548
v 86.95870972 249.53039551 121.51634979
v 105.50174713 216.67907715 108.62091827
v 121.06710815 200.88009644 79.78337097
v 109.45928955 226.01789856 74.12182617
v 129.92933655 200.27162170 46.25233078
v 139.98738098 191.26675415 20.05819893
v 28.26340485 338.50473022 256.10208130
v 217.33845520 48.91190720 -198.04710388
v -60.67821884 369.51550293 361.17724609
v -73.88056183 371.70104980 383.42462158
v -53.77862930 354.53778076 457.22207642
v -34.02690887 350.66796875 437.46697998
v -2.58646202 345.28100586 369.68591309
v 5.40945816 346.75323486 336.17666626
v 6.03586960 346.92895508 333.02645874
v -10.01605225 345.74270630 391.79718018
v -41.71150589 -299.87170410 473.30383301
v -40.70512772 -297.09033203 473.96981812
v -22.63013077 -287.94848633 453.09173584
v 15.80770302 -277.38406372 381.86141968
v 15.16259003 -266.48837280 381.43374634
v 15.99980164 -274.82577515 381.98904419
v 7.71916199 -269.36886597 399.19998169
v -6.14523125 -273.89456177 425.76409912
v 38.75307846 -252.92095947 295.17797852
v 30.29258537 -258.95355225 333.28637695
v 20.37802505 -263.98248291 366.74130249
v 15.32402802 -266.26724243 380.89053345
v 64.27206421 -173.16604614 218.30406189
v 77.21389008 -165.44058228 192.52095032
v 58.43709946 -204.24862671 217.81498718
v 82.32255554 -184.09030151 166.32881165
v 23.76714516 -226.30766296 329.33367920
v 39.85168457 -217.49101257 273.12564087
v 48.53301620 -211.65821838 245.14709473
v 129.28549194 -125.04956055 93.21324158
v 116.66433716 -135.40554810 118.04127502
v 153.90254211 -72.24472809 65.21965790
v 129.82530212 -85.57246399 117.65839386
v 201.17883301 -17.26412582 -50.26818466
v 183.69380188 -21.51142883 6.96535730
v 207.91926575 -15.30358124 -79.44800568
v 162.16679382 -26.87128830 62.39265823
v 214.92218018 3.21831870 -110.09040833
v 210.06054688 2.30265808 -80.77123260
v 219.59596252 19.99575806 -163.16445923
v 219.27388000 35.21092606 -169.25271606
v 218.55043030 19.99575806 -139.99037170
v 213.76383972 19.99575806 -98.04946136
v 217.98927307 50.21296692 -168.36276245
v 11.41090202 343.75512695 334.02523804
v 21.73493195 339.95092773 308.78448486
v 25.47458458 339.94070435 282.51138306
v 175.91371155 151.54779053 -67.69816589
v 181.93043518 145.35734558 -92.04659271
v 181.78073120 127.94539642 -41.93459702
v 206.34660339 85.80803680 -105.17003632
v 200.57913208 89.53196716 -75.77224731
v 216.50294495 51.72698212 -138.59606934
v 160.95791626 165.05143738 -17.73463631
v 166.75225830 160.03048706 -36.02803421
v 59.95412445 266.91653442 200.22233582
v 49.88077927 295.41342163 221.68247986
v 64.22123718 261.93887329 188.85072327
v 69.46862793 255.94664001 176.37001038
v 38.56854248 322.36926270 253.69071960
v 74.45880890 250.33853149 165.57164001
v 83.56998444 240.25079346 147.65580750
v 116.66375732 175.39891052 118.04127502
v 129.28494263 165.04281616 93.21331787
v 118.90898132 210.58656311 71.49780273
v 135.68591309 187.02622986 48.97911835
v 141.42785645 155.65785217 67.69454956
v 148.19573975 175.92260742 18.50388145
v -19.78909874 347.66940308 413.22824097
v -50.34038925 352.99893188 459.89242554
v -49.62513351 352.63711548 460.56463623
v -30.30291748 346.03057861 448.00103760
v -45.37338257 348.79614258 466.13748169
v 5.40382195 342.74859619 359.45605469
v -1.32116520 344.58743286 370.52453613
v -3.47314072 340.13284302 400.37707520
v -15.71338844 342.99093628 424.85671997
v -39.32213211 -288.38577271 474.88479614
v -22.30166626 -277.53540039 450.70175171
v 15.12888718 -266.35305786 381.41143799
v 13.30201912 -258.93270874 380.20843506
v 4.52585030 -217.10296631 374.39358521
v -3.40179658 -236.58129883 400.52212524
v -16.82910156 -240.11793518 424.19256592
v 14.83964729 -230.20002747 356.99969482
v 51.96289444 -179.23387146 244.68663025
v 61.44134140 -113.93412781 245.72937012
v 76.03652191 -110.31597137 220.14030457
v 90.23490906 -105.46714783 194.52891541
v 90.46699524 -156.28343201 167.30073547
v 21.44505310 -209.02194214 327.54351807
v 39.82064056 -200.76522827 272.20028687
v 103.95471191 -99.52500153 168.89434814
v 138.13050842 -33.65237045 116.26800537
v 112.17903900 -40.65734482 169.09146118
v 203.56370544 1.32588577 -51.75613022
v 186.26254272 -0.82085419 5.20666742
v 164.67300415 -3.54367065 60.72779465
v 140.45260620 -6.96369982 115.14145660
v 210.84577942 19.99575806 -81.31487274
v 198.67692566 19.99575806 -31.05536842
v 218.03965759 35.94348145 -139.62712097
v 214.92214966 36.77342606 -110.09039307
v 210.06051636 37.68910599 -80.77122498
v 16.64319801 339.27304077 334.88110352
v 31.31007767 326.44049072 308.63006592
v 35.45610046 325.13229370 281.27658081
v 163.49664307 140.14169312 14.28967190
v 193.37408447 93.41702271 -46.63152313
v 213.08435059 53.43392563 -108.91688538
v 207.91920471 55.29555511 -79.44796753
v 52.69010925 275.77899170 224.00006104
v 69.84136963 234.95378113 191.53907776
v 58.43663788 244.24287415 217.81498718
v 52.39185715 276.16467285 225.16140747
v 52.29325867 276.29235840 225.54890442
v 45.33673096 302.21170044 249.95422363
v 82.32182312 224.08425903 166.32870483
v 90.46640778 196.27705383 167.30065918
v 129.82504272 125.56527710 117.65839386
v 103.95443726 139.51795959 168.89434814
v 97.84427643 168.14199829 168.21461487
v 153.90228271 112.23737335 65.21971893
v 152.89921570 147.36517334 41.39630127
v -10.26375008 334.77932739 428.51046753
v -44.80492020 347.84411621 467.28836060
v -25.00217628 337.83526611 451.52429199
v -43.35575104 343.17895508 472.21563721
v 10.14757919 338.72488403 360.77572632
v 5.15760183 339.48229980 374.81146240
v 2.31389785 331.60263062 404.27383423
v -40.36636734 -279.63885498 474.19326782
v -46.42707825 -255.71310425 470.18182373
v -39.99933624 -206.11482239 441.67395020
v -24.38718987 -203.62138367 419.26788330
v 1.29697597 -197.65895081 372.25628662
v -10.44539642 -200.55490112 395.93322754
v 40.45198059 -184.01414490 271.57955933
v 41.60109329 -167.23631287 271.22857666
v 43.12438965 -150.42814636 271.11019897
v 53.46790695 -48.81465912 272.19793701
v 83.97481537 -45.91672897 221.17485046
v 46.77754974 -116.69799042 271.37725830
v 19.78717613 -191.65495300 326.04397583
v 114.29483795 -10.47674942 168.58753967
v 198.17239380 19.99575806 -29.33297539
v 190.07386780 19.99575806 -3.78611898
v 197.66278076 19.99575806 -27.61180305
v 164.39347839 19.99575806 62.81660461
v 182.32914734 19.99575806 18.00028419
v 162.87036133 19.99575806 66.38292694
v 163.63323975 19.99575806 64.60018158
v 152.57325745 19.99575806 89.85855103
v 158.95620728 19.99575806 75.42652893
v 121.35328674 19.99575806 155.80097961
v 142.76075745 19.99575806 111.40267181
v 203.56369019 38.66587830 -51.75611115
v 201.17875671 57.25609970 -50.26814651
v 25.54466057 327.12567139 335.69909668
v 36.93798828 310.00000000 306.63912964
v 41.54551315 306.81127930 278.41406250
v 175.54898071 101.75860596 10.48830605
v 77.21334076 205.43431091 192.52087402
v 48.53280258 251.65257263 245.14718628
v 64.27159882 213.15991211 218.30400085
v 47.58847427 282.47155762 246.63406372
v 46.66704178 283.69555664 251.36482239
v 162.16670227 66.86337280 62.39273834
v 138.13044739 73.64455414 116.26804352
v 84.25516510 175.66349792 193.60328674
v 76.03626251 150.30906677 220.14030457
v 112.17896271 80.64961243 169.09149170
v 183.69371033 61.50345993 6.96539545
v 5.28653908 321.24584961 406.25952148
v -7.65685272 324.80047607 430.23852539
v -22.62573433 327.87854004 453.09463501
v -40.70512772 337.08184814 473.96981812
v 18.16764641 327.96322632 362.41458130
v 10.72476196 332.21667480 378.49655151
v 12.46696281 328.93502808 379.64904785
v -56.97256470 -207.62747192 463.20190430
v -52.00022125 -131.44804382 433.79397583
v -30.64909172 -166.79617310 415.20703125
v -16.03967857 -164.18237305 392.31762695
v 18.73900223 -174.20808411 324.82876587
v -1.94482052 -173.84837341 370.11059570
v 18.24461746 -156.68318176 323.89151001
v 18.59009361 -121.49081421 322.74749756
v 56.85812378 19.99575806 270.02227783
v 43.32301712 19.99575806 290.96560669
v 21.36696625 -50.90684891 321.98956299
v 71.07905579 19.99575806 247.05842590
v 19.94310188 -86.20648193 322.24993896
v 71.99501801 19.99575806 245.54229736
v 72.90888214 19.99575806 244.02496338
v 86.54537201 19.99575806 220.79164124
v 108.14286804 19.99575806 181.47900391
v 119.71711731 19.99575806 159.05102539
v 120.53619385 19.99575806 157.42652893
v 97.09963989 19.99575806 201.98234558
v 186.26251221 40.81263733 5.20668650
v 164.67298889 43.53547287 60.72783279
v 140.45259094 46.95555878 115.14145660
v 114.29481506 50.46866608 168.58753967
v 30.70042419 312.54721069 334.54290771
v 31.47660255 298.24908447 328.59451294
v 39.46102905 292.24511719 291.43069458
v 42.26140594 289.25631714 275.84616089
v 40.45183945 224.00819397 271.57962036
v 39.82058334 240.75947571 272.20043945
v 51.96258545 219.22782898 244.68663025
v 39.85174561 257.48547363 273.12588501
v 70.45722198 181.90652466 219.18962097
v 56.63193512 186.69348145 245.00396729
v 46.77735901 156.69122314 271.37725830
v 83.97474670 85.90907288 221.17485046
v 14.25288963 324.44635010 380.83193970
v 15.80604362 317.37622070 381.86581421
v 3.93320847 310.73318481 407.13479614
v -9.89135933 314.88153076 431.99136353
v -26.57216263 318.20993042 456.59448242
v -40.36636734 319.63040161 474.19326782
v -39.32213211 328.37731934 474.88479614
v 22.76537704 315.12054443 361.98623657
v -64.52307129 -165.16976929 458.20434570
v -69.23805237 -132.51351929 455.08346558
v -35.59162521 -129.70318604 412.00192261
v -75.44377899 -72.99696350 450.97604370
v -41.79212952 -55.00077057 407.98376465
v -20.19208145 -127.54826355 389.64300537
v -5.87064981 -131.85459900 367.51248169
v -6.30608749 -125.31159973 367.22393799
v 53.46785355 88.80706024 272.19793701
v 13.87815285 19.99575806 333.70532227
v 21.36694717 90.89923096 321.98956299
v 11.81816864 19.99575806 336.55102539
v 12.84926224 19.99575806 335.12905884
v 6.34150314 19.99575806 344.02517700
v -9.49442101 -13.79347610 365.11312866
v -9.59427071 19.99575806 365.04754639
v 1.22981822 19.99575806 350.88208008
v -9.02341080 -52.69648361 365.42538452
v -8.01639748 -90.48088837 366.09106445
v 21.59001160 303.40618896 363.11599731
v 23.76761246 266.30218506 329.33404541
v 14.84021950 270.19458008 357.00015259
v 41.60090256 207.23016357 271.22860718
v 18.73910522 214.20201111 324.82888794
v 19.78737640 231.64907837 326.04418945
v 21.44537735 249.01626587 327.54379272
v 43.12417603 190.42175293 271.11019897
v 18.24464607 196.67687988 323.89163208
v 18.59003830 161.48411560 322.74752808
v 19.94304466 126.19934845 322.24993896
v 15.98503780 315.14163208 381.98416138
v 15.12888718 306.34457397 381.41143799
v -3.39816308 276.57174683 400.51498413
v -16.82627106 280.10879517 424.18801880
v -39.99771118 246.10615540 441.67184448
v -56.97256470 247.61898804 463.20190430
v -46.42707825 295.70462036 470.18182373
v -76.62683868 -56.48756790 450.19302368
v -56.08066940 19.99575806 421.42373657
v -8.75705051 105.42614746 365.60113525
v -32.06122589 19.99575806 392.94869995
v -30.99461746 19.99575806 391.66149902
v -20.19025040 19.99575806 378.43820190
v -33.12919617 19.99575806 394.23477173
v -9.02341080 92.68800354 365.42538452
v 11.79465103 292.51315308 379.20007324
v 7.57701635 273.03869629 376.40121460
v 3.23351669 249.68347168 373.53558350
v -2.49980187 209.11218262 369.75064087
v -6.36061907 164.43841553 367.18789673
v -10.44156265 240.54548645 395.92626953
v -24.38428116 243.61233521 419.26339722
v -51.99855804 171.43940735 433.79190063
v -64.52307129 205.16130066 458.20434570
v -79.09468079 19.99575806 448.55957031
v -76.62683868 96.47910309 450.19302368
v -41.78877258 94.99208069 407.97964478
v -20.18773460 167.53910828 389.63635254
v -16.03559685 204.17309570 392.31076050
v -30.64609718 206.78723145 415.20263672
v -75.44377899 112.98848724 450.97604370
v -69.23805237 172.50505066 455.08346558
v -35.58849716 169.69430542 411.99765015
f 1 2 3
f 1 3 4
f 4 3 5
f 6 7 1
f 6 1 8
f 8 1 4
f 7 2 1
f 7 9 2
f 10 4 11
f 11 4 12
f 8 4 13
f 13 4 10
f 4 5 12
f 12 5 14
f 15 7 6
f 16 15 6
f 16 6 17
f 17 6 8
f 15 18 7
f 7 18 19
f 7 19 20
f 20 9 7
f 17 8 13
f 20 21 9
f 22 10 11
f 13 10 17
f 17 10 22
f 11 12 23
f 24 22 11
f 24 11 25
f 25 11 23
f 26 27 12
f 12 27 28
f 12 28 23
f 12 14 26
f 26 14 29
f 16 30 15
f 30 18 15
f 31 30 16
f 17 31 16
f 24 32 17
f 17 22 24
f 32 33 17
f 33 34 17
f 17 34 35
f 17 35 31
f 30 19 18
f 20 19 36
f 37 38 19
f 37 19 30
f 38 36 19
f 20 39 40
f 20 40 41
f 20 36 39
f 41 21 20
f 41 42 21
f 25 23 28
f 32 24 43
f 43 24 25
f 43 25 44
f 44 25 45
f 27 45 25
f 27 25 28
f 46 47 26
f 26 47 27
f 48 49 26
f 26 49 50
f 26 50 46
f 26 29 48
f 47 45 27
f 48 29 51
f 37 30 52
f 35 53 30
f 35 30 31
f 52 30 54
f 54 30 53
f 32 43 33
f 43 44 33
f 33 44 55
f 33 55 56
f 56 57 33
f 33 57 34
f 58 35 34
f 58 34 59
f 59 34 60
f 60 34 57
f 35 58 61
f 61 53 35
f 38 39 36
f 52 38 37
f 62 63 38
f 62 38 52
f 63 39 38
f 63 40 39
f 41 40 64
f 65 64 40
f 65 40 63
f 66 67 41
f 41 67 68
f 41 68 69
f 41 64 66
f 69 42 41
f 69 70 42
f 44 45 71
f 71 55 44
f 71 45 72
f 72 45 73
f 47 73 45
f 50 74 46
f 46 74 73
f 46 73 47
f 75 49 48
f 76 77 48
f 48 77 78
f 48 78 75
f 48 51 76
f 75 79 49
f 49 79 74
f 49 74 50
f 76 51 80
f 62 52 81
f 81 52 54
f 54 53 82
f 82 53 61
f 81 54 83
f 83 54 82
f 84 55 85
f 72 85 55
f 72 55 71
f 56 55 84
f 56 84 86
f 86 87 56
f 56 87 57
f 60 57 88
f 88 57 87
f 58 59 61
f 61 59 89
f 60 89 59
f 88 90 60
f 60 90 91
f 60 91 89
f 61 91 92
f 61 89 91
f 82 61 93
f 93 61 92
f 94 63 62
f 94 62 81
f 95 65 63
f 95 63 94
f 96 66 64
f 96 64 65
f 96 65 97
f 97 65 98
f 98 65 95
f 67 66 96
f 68 67 96
f 69 68 99
f 96 100 68
f 68 100 101
f 68 101 99
f 102 103 69
f 69 103 104
f 69 104 105
f 69 99 102
f 105 70 69
f 105 106 70
f 72 73 107
f 107 85 72
f 107 73 108
f 108 73 74
f 108 74 109
f 109 74 79
f 78 110 75
f 75 110 79
f 111 112 76
f 76 112 77
f 113 114 76
f 76 114 115
f 76 115 111
f 76 80 113
f 77 112 116
f 116 117 77
f 77 117 118
f 77 118 78
f 78 118 110
f 109 79 119
f 119 79 110
f 113 80 120
f 121 94 81
f 121 81 122
f 122 81 83
f 83 82 123
f 123 82 93
f 122 83 124
f 124 83 123
f 85 125 84
f 84 125 126
f 84 126 127
f 86 84 127
f 107 128 85
f 129 125 85
f 129 85 109
f 109 85 128
f 86 127 130
f 130 131 86
f 86 131 87
f 88 87 132
f 132 87 131
f 90 88 132
f 92 91 90
f 92 90 133
f 132 133 90
f 133 134 92
f 93 92 135
f 135 92 134
f 123 93 136
f 136 93 135
f 95 94 121
f 98 95 121
f 97 137 96
f 96 137 100
f 138 139 97
f 139 140 97
f 97 140 141
f 97 141 137
f 98 121 97
f 97 121 142
f 97 142 138
f 99 101 143
f 99 143 102
f 144 101 100
f 144 100 137
f 145 143 101
f 145 101 144
f 102 143 103
f 103 143 104
f 105 104 146
f 104 147 146
f 104 143 148
f 104 148 147
f 149 150 105
f 149 105 151
f 105 146 151
f 150 106 105
f 150 152 106
f 153 107 154
f 154 107 108
f 153 128 107
f 154 108 109
f 109 119 129
f 154 109 153
f 109 128 153
f 119 110 155
f 110 118 155
f 116 112 111
f 116 111 115
f 113 156 114
f 156 113 157
f 157 113 158
f 113 120 158
f 156 159 114
f 114 159 160
f 114 160 115
f 115 160 116
f 160 161 116
f 161 162 116
f 116 162 117
f 155 118 117
f 155 117 162
f 155 129 119
f 158 120 163
f 142 121 122
f 124 164 122
f 122 164 165
f 122 165 142
f 124 123 166
f 166 123 136
f 166 167 124
f 124 167 168
f 124 168 164
f 169 125 129
f 169 126 125
f 127 126 170
f 169 170 126
f 171 172 127
f 173 174 127
f 127 174 175
f 127 175 171
f 127 170 173
f 130 127 172
f 176 169 129
f 176 129 155
f 130 172 177
f 177 178 130
f 130 178 131
f 132 131 179
f 179 131 178
f 179 180 132
f 132 180 133
f 134 133 181
f 181 133 180
f 135 134 182
f 182 134 181
f 136 135 183
f 183 135 182
f 166 136 184
f 184 136 183
f 144 137 141
f 139 138 185
f 138 142 185
f 185 140 139
f 185 141 140
f 144 141 185
f 185 142 165
f 148 143 145
f 145 144 186
f 186 144 185
f 148 145 187
f 187 145 188
f 188 145 186
f 146 147 189
f 146 189 151
f 147 190 189
f 147 148 187
f 147 187 190
f 191 150 149
f 151 192 149
f 149 192 193
f 149 193 191
f 191 194 150
f 150 194 195
f 195 152 150
f 151 189 192
f 195 196 152
f 162 176 155
f 157 197 156
f 156 197 159
f 157 158 198
f 157 198 199
f 199 200 157
f 157 200 197
f 201 202 158
f 158 202 203
f 158 203 198
f 158 163 201
f 197 204 159
f 159 204 205
f 159 205 160
f 160 205 161
f 205 206 161
f 206 207 161
f 161 207 162
f 207 208 162
f 208 176 162
f 201 163 209
f 210 165 164
f 210 164 211
f 211 164 168
f 185 165 210
f 184 212 166
f 166 212 167
f 212 211 167
f 211 168 167
f 213 170 169
f 214 213 169
f 214 169 176
f 213 173 170
f 172 171 215
f 171 216 215
f 175 217 171
f 171 217 216
f 177 172 215
f 174 173 213
f 174 213 175
f 175 213 217
f 208 214 176
f 177 215 218
f 218 219 177
f 177 219 178
f 179 178 220
f 220 178 219
f 220 180 179
f 181 180 221
f 221 180 222
f 223 222 180
f 223 180 220
f 182 181 224
f 224 181 221
f 183 182 225
f 225 182 224
f 184 183 226
f 226 183 225
f 226 227 184
f 184 227 228
f 184 228 212
f 186 185 229
f 229 185 210
f 188 186 230
f 230 186 229
f 231 190 187
f 231 187 232
f 232 187 188
f 232 188 233
f 233 188 230
f 189 190 234
f 189 234 192
f 235 234 190
f 235 190 236
f 236 190 231
f 191 193 237
f 191 237 194
f 192 234 237
f 192 237 193
f 195 194 238
f 194 237 239
f 194 239 238
f 195 240 241
f 195 241 242
f 195 238 240
f 242 196 195
f 242 243 196
f 244 204 197
f 244 197 200
f 199 198 245
f 203 245 198
f 246 200 199
f 246 199 245
f 244 200 246
f 247 248 201
f 201 248 202
f 249 250 201
f 201 250 251
f 201 251 247
f 201 209 249
f 248 252 202
f 202 252 245
f 202 245 203
f 253 204 244
f 253 254 204
f 204 254 205
f 254 206 205
f 254 255 206
f 255 256 206
f 206 256 207
f 256 208 207
f 256 257 208
f 257 214 208
f 249 209 258
f 229 210 259
f 259 210 211
f 212 260 211
f 259 211 261
f 261 211 260
f 228 260 212
f 262 217 213
f 262 213 214
f 257 262 214
f 215 216 263
f 215 263 264
f 218 215 264
f 216 217 265
f 216 265 263
f 266 265 217
f 266 217 262
f 218 264 267
f 267 268 218
f 218 268 219
f 220 219 223
f 223 219 268
f 221 222 269
f 224 221 270
f 270 221 269
f 269 222 271
f 272 222 223
f 272 271 222
f 223 268 272
f 225 224 273
f 273 224 270
f 226 225 274
f 274 225 273
f 274 275 226
f 226 275 276
f 276 277 226
f 226 277 227
f 228 227 278
f 227 277 278
f 278 279 228
f 228 279 260
f 230 229 280
f 280 229 259
f 233 230 281
f 281 230 280
f 236 231 282
f 282 231 232
f 282 232 283
f 283 232 233
f 283 233 284
f 284 233 281
f 285 237 234
f 285 234 235
f 235 236 286
f 285 235 287
f 287 235 286
f 286 236 282
f 239 237 285
f 238 239 288
f 238 288 240
f 288 239 289
f 289 239 285
f 240 288 290
f 240 290 241
f 242 241 291
f 292 291 241
f 241 290 293
f 241 293 292
f 294 295 242
f 242 295 296
f 242 296 297
f 242 291 294
f 297 243 242
f 297 298 243
f 299 300 244
f 244 246 299
f 253 244 301
f 301 244 300
f 252 246 245
f 252 302 246
f 299 246 302
f 251 303 247
f 247 303 304
f 247 304 248
f 248 304 305
f 248 305 252
f 306 249 307
f 307 249 308
f 306 309 249
f 249 309 250
f 249 258 308
f 251 250 310
f 310 250 309
f 310 311 251
f 251 311 303
f 305 302 252
f 301 312 253
f 253 312 254
f 312 255 254
f 312 313 255
f 313 314 255
f 255 314 256
f 314 257 256
f 314 315 257
f 315 262 257
f 308 258 316
f 280 259 317
f 317 259 261
f 261 260 318
f 318 260 279
f 317 261 319
f 319 261 318
f 315 266 262
f 264 263 320
f 265 320 263
f 264 321 322
f 323 324 264
f 264 324 325
f 264 325 321
f 264 320 323
f 267 264 322
f 326 323 265
f 265 323 320
f 327 326 265
f 327 265 266
f 328 327 266
f 328 266 315
f 267 322 329
f 329 330 267
f 267 330 268
f 330 331 268
f 272 268 331
f 269 271 332
f 270 269 333
f 333 269 332
f 273 270 334
f 334 270 333
f 335 332 271
f 335 271 336
f 272 336 271
f 337 336 272
f 272 331 337
f 274 273 338
f 338 273 334
f 338 339 274
f 274 339 340
f 274 340 275
f 340 278 275
f 278 276 275
f 278 277 276
f 340 341 278
f 342 279 278
f 342 278 343
f 343 278 341
f 318 279 342
f 281 280 344
f 344 280 317
f 284 281 345
f 345 281 344
f 286 282 346
f 346 282 283
f 346 283 347
f 347 283 284
f 347 284 348
f 348 284 345
f 289 285 349
f 349 285 287
f 287 286 350
f 350 286 346
f 349 287 351
f 350 352 287
f 287 352 353
f 287 353 351
f 354 290 288
f 354 288 355
f 355 288 289
f 355 289 349
f 293 290 354
f 356 294 291
f 356 291 292
f 357 356 292
f 354 357 292
f 354 292 293
f 358 295 294
f 358 294 356
f 359 296 295
f 359 295 358
f 297 296 360
f 361 360 296
f 361 296 359
f 362 363 297
f 362 297 364
f 297 360 364
f 363 298 297
f 363 365 298
f 366 367 299
f 299 367 300
f 299 302 366
f 301 300 367
f 367 368 301
f 368 369 301
f 301 369 370
f 301 370 371
f 371 372 301
f 301 372 312
f 305 304 302
f 304 303 302
f 302 303 373
f 302 373 374
f 366 302 374
f 311 373 303
f 375 309 306
f 375 306 307
f 307 308 376
f 375 307 377
f 377 307 376
f 378 379 308
f 308 379 380
f 308 380 376
f 308 316 378
f 310 309 375
f 375 381 310
f 310 381 382
f 310 382 311
f 311 382 373
f 372 313 312
f 372 383 313
f 383 384 313
f 313 384 314
f 384 315 314
f 384 328 315
f 378 316 385
f 344 317 386
f 386 317 319
f 319 318 387
f 387 318 342
f 386 319 388
f 388 319 387
f 322 321 389
f 325 390 321
f 321 390 389
f 322 389 391
f 329 322 391
f 324 323 326
f 324 326 325
f 325 326 390
f 392 390 326
f 392 326 327
f 393 392 327
f 393 327 328
f 394 393 328
f 394 328 384
f 395 396 329
f 329 391 395
f 396 397 329
f 329 397 330
f 331 330 398
f 398 330 397
f 337 331 398
f 333 332 335
f 334 333 399
f 399 333 335
f 338 334 400
f 399 401 334
f 334 401 402
f 334 402 400
f 336 403 335
f 335 403 404
f 335 404 405
f 399 335 406
f 406 335 405
f 337 403 336
f 404 403 337
f 407 408 337
f 337 408 405
f 337 405 404
f 337 398 407
f 400 409 338
f 338 409 339
f 409 410 339
f 339 410 411
f 339 411 340
f 411 341 340
f 411 412 341
f 343 341 413
f 413 341 412
f 387 342 414
f 414 342 343
f 414 343 415
f 415 343 413
f 345 344 416
f 416 344 386
f 348 345 417
f 417 345 416
f 350 346 418
f 418 346 347
f 418 347 419
f 419 347 348
f 419 348 420
f 420 348 417
f 355 349 421
f 421 349 351
f 422 423 350
f 350 423 352
f 422 350 424
f 424 350 418
f 421 351 353
f 353 352 421
f 421 352 423
f 355 357 354
f 421 425 355
f 355 425 357
f 357 358 356
f 359 358 357
f 425 426 357
f 357 426 427
f 357 427 359
f 359 427 361
f 428 364 360
f 428 360 361
f 427 429 361
f 361 429 428
f 430 363 362
f 431 430 362
f 431 362 432
f 432 362 364
f 430 433 363
f 363 433 434
f 363 434 435
f 435 365 363
f 432 364 428
f 435 436 365
f 437 370 366
f 366 370 369
f 369 368 366
f 366 368 367
f 438 439 366
f 366 439 440
f 366 440 437
f 366 374 438
f 371 370 437
f 439 441 371
f 439 371 440
f 371 437 440
f 441 442 371
f 371 442 372
f 442 383 372
f 443 374 373
f 443 373 444
f 444 373 382
f 445 446 374
f 445 374 443
f 438 374 446
f 447 381 375
f 447 375 377
f 377 376 448
f 448 376 380
f 377 448 447
f 449 450 378
f 378 450 451
f 378 451 379
f 378 385 449
f 452 380 379
f 452 379 453
f 453 379 454
f 454 379 451
f 448 380 455
f 455 380 452
f 456 382 381
f 456 381 447
f 444 382 456
f 442 457 383
f 457 394 383
f 383 394 384
f 449 385 458
f 416 386 459
f 459 386 388
f 388 387 460
f 460 387 414
f 459 388 461
f 461 388 460
f 389 462 463
f 391 389 463
f 389 390 464
f 389 464 462
f 465 464 390
f 465 390 392
f 395 391 463
f 466 465 392
f 466 392 393
f 467 466 393
f 467 393 394
f 457 467 394
f 396 395 468
f 468 395 469
f 395 463 469
f 468 470 396
f 396 470 397
f 398 397 470
f 470 471 398
f 407 398 471
f 406 472 399
f 399 472 473
f 399 473 401
f 402 474 400
f 400 474 475
f 400 475 409
f 401 473 476
f 401 476 402
f 402 476 474
f 406 405 408
f 477 478 406
f 477 406 408
f 478 479 406
f 406 479 472
f 480 481 407
f 481 477 407
f 407 477 408
f 407 482 480
f 407 471 482
f 483 484 409
f 409 484 410
f 409 475 485
f 409 485 483
f 411 410 486
f 486 410 484
f 486 412 411
f 413 412 487
f 487 412 486
f 415 413 488
f 488 413 487
f 460 414 489
f 489 414 415
f 489 415 490
f 490 415 488
f 417 416 491
f 491 416 459
f 420 417 492
f 492 417 491
f 424 418 493
f 493 418 419
f 493 419 494
f 494 419 420
f 494 420 495
f 492 496 420
f 420 496 497
f 420 497 495
f 421 423 498
f 498 499 421
f 421 499 425
f 498 423 422
f 498 422 424
f 493 498 424
f 499 500 425
f 425 500 426
f 500 501 426
f 426 501 502
f 426 502 427
f 427 502 429
f 429 432 428
f 502 503 429
f 429 503 432
f 433 430 431
f 504 433 431
f 432 505 431
f 504 431 506
f 506 431 505
f 432 503 505
f 504 434 433
f 435 434 507
f 508 507 434
f 508 434 504
f 435 509 510
f 435 507 509
f 510 436 435
f 510 511 436
f 512 513 438
f 438 513 514
f 438 514 439
f 438 446 512
f 514 441 439
f 514 513 441
f 441 513 515
f 441 515 516
f 516 517 441
f 441 517 442
f 517 457 442
f 518 445 443
f 518 443 519
f 519 443 444
f 456 520 444
f 444 520 519
f 521 522 445
f 521 445 518
f 522 446 445
f 523 446 524
f 522 524 446
f 512 446 523
f 447 448 525
f 447 525 456
f 448 455 525
f 526 527 449
f 449 527 528
f 449 528 450
f 449 458 526
f 451 450 529
f 529 450 528
f 454 451 529
f 455 452 530
f 452 453 530
f 453 454 531
f 530 453 531
f 531 454 532
f 454 529 532
f 525 455 530
f 456 525 533
f 456 533 520
f 517 534 457
f 534 467 457
f 526 458 535
f 491 459 536
f 536 459 461
f 461 460 537
f 537 460 489
f 536 461 538
f 538 461 537
f 463 462 539
f 462 464 539
f 540 541 463
f 540 463 542
f 539 543 463
f 463 543 544
f 463 544 542
f 469 463 541
f 539 464 545
f 546 545 464
f 546 464 465
f 547 546 465
f 547 465 466
f 548 547 466
f 548 466 467
f 534 548 467
f 468 469 549
f 549 550 468
f 468 550 470
f 549 469 551
f 469 541 551
f 550 471 470
f 482 471 550
f 552 473 472
f 552 472 553
f 553 472 479
f 554 476 473
f 554 473 552
f 555 475 474
f 555 474 556
f 556 474 476
f 475 557 485
f 557 475 555
f 556 476 554
f 481 478 477
f 481 558 478
f 478 558 559
f 478 559 560
f 560 561 478
f 478 561 479
f 553 479 562
f 562 479 561
f 563 558 480
f 480 558 481
f 480 482 564
f 480 564 563
f 482 565 564
f 482 550 565
f 486 483 566
f 566 483 485
f 486 484 483
f 566 485 567
f 567 485 557
f 487 486 568
f 568 486 566
f 488 487 569
f 569 487 568
f 490 488 570
f 570 488 569
f 537 489 571
f 571 489 490
f 571 490 572
f 572 490 570
f 492 491 573
f 573 491 536
f 573 574 492
f 492 574 496
f 494 575 493
f 493 575 498
f 495 575 494
f 495 497 576
f 576 577 495
f 495 577 575
f 576 497 496
f 576 496 574
f 575 578 498
f 498 578 499
f 578 579 499
f 499 579 580
f 499 580 500
f 500 580 581
f 500 581 501
f 581 582 501
f 501 582 583
f 501 583 502
f 502 583 503
f 584 505 503
f 584 503 585
f 585 503 583
f 508 504 506
f 506 505 584
f 508 506 586
f 584 587 506
f 506 587 588
f 506 588 586
f 589 509 507
f 589 507 586
f 586 507 508
f 510 509 590
f 591 590 509
f 591 509 589
f 592 593 510
f 592 510 594
f 510 590 594
f 593 511 510
f 593 595 511
f 596 597 512
f 512 597 515
f 512 515 513
f 598 596 512
f 512 523 598
f 516 515 597
f 516 596 599
f 516 597 596
f 599 600 516
f 516 600 517
f 600 534 517
f 519 601 518
f 601 602 518
f 518 602 603
f 518 603 521
f 519 520 601
f 520 533 604
f 520 604 601
f 521 603 605
f 521 605 606
f 606 522 521
f 606 524 522
f 524 607 523
f 523 607 608
f 523 608 609
f 598 523 609
f 606 610 524
f 524 610 607
f 525 530 533
f 611 612 526
f 526 612 527
f 613 614 526
f 526 614 615
f 526 615 611
f 526 535 613
f 616 528 527
f 616 527 617
f 617 527 618
f 618 527 612
f 529 528 619
f 619 528 616
f 532 529 620
f 529 619 620
f 533 530 621
f 530 531 621
f 531 532 622
f 621 531 622
f 622 532 623
f 532 620 623
f 533 621 604
f 600 624 534
f 624 548 534
f 613 535 625
f 573 536 626
f 626 536 538
f 538 537 627
f 627 537 571
f 626 538 628
f 628 538 627
f 539 545 543
f 629 541 540
f 540 542 630
f 540 630 629
f 629 631 541
f 631 632 541
f 551 541 632
f 630 542 545
f 545 542 544
f 545 544 543
f 633 630 545
f 633 545 546
f 634 633 546
f 634 546 547
f 635 634 547
f 635 547 548
f 624 635 548
f 549 551 636
f 636 565 549
f 549 565 550
f 636 551 637
f 551 632 637
f 638 554 552
f 638 552 553
f 639 638 553
f 639 553 562
f 640 556 554
f 640 554 638
f 555 641 557
f 642 641 555
f 642 555 643
f 643 555 556
f 643 556 640
f 641 644 557
f 567 557 644
f 645 559 558
f 645 558 646
f 563 646 558
f 647 560 559
f 647 559 645
f 648 561 560
f 648 560 647
f 562 561 648
f 649 639 562
f 649 562 648
f 650 651 563
f 650 563 652
f 651 646 563
f 563 564 653
f 563 653 652
f 564 565 654
f 564 654 653
f 636 654 565
f 568 566 655
f 655 566 567
f 644 656 567
f 567 656 657
f 567 657 658
f 655 567 659
f 659 567 658
f 569 568 660
f 660 568 655
f 570 569 661
f 661 569 660
f 572 570 662
f 662 570 661
f 627 571 663
f 663 571 572
f 663 572 664
f 664 572 662
f 626 665 573
f 573 665 574
f 576 574 666
f 666 574 665
f 577 667 575
f 575 667 578
f 666 668 576
f 576 668 669
f 576 669 577
f 577 669 667
f 667 670 578
f 578 670 671
f 578 671 579
f 579 672 580
f 579 671 673
f 579 673 672
f 580 672 581
f 672 674 581
f 581 674 582
f 675 583 582
f 675 582 676
f 676 582 674
f 585 583 675
f 585 677 584
f 584 677 587
f 675 678 585
f 585 678 677
f 588 679 586
f 586 679 589
f 677 680 587
f 587 680 681
f 587 681 588
f 588 681 679
f 591 589 682
f 682 589 679
f 683 594 590
f 683 590 684
f 684 590 591
f 684 591 685
f 685 591 682
f 686 593 592
f 687 686 592
f 687 592 688
f 688 592 689
f 689 592 594
f 686 690 593
f 593 690 691
f 593 691 692
f 692 595 593
f 689 594 683
f 692 693 595
f 694 695 596
f 694 596 598
f 599 596 695
f 598 609 694
f 599 695 696
f 696 697 599
f 599 697 600
f 697 624 600
f 601 604 698
f 601 698 602
f 602 698 699
f 602 699 603
f 603 699 700
f 603 700 605
f 604 621 701
f 604 701 698
f 606 605 702
f 605 700 703
f 605 703 702
f 606 702 610
f 704 608 607
f 704 607 610
f 705 706 608
f 705 608 704
f 609 608 706
f 609 706 707
f 694 609 707
f 610 702 708
f 610 708 704
f 615 709 611
f 611 709 612
f 618 612 709
f 613 710 711
f 711 712 613
f 613 712 614
f 613 625 710
f 614 713 615
f 712 714 614
f 614 714 715
f 614 715 713
f 615 713 709
f 716 619 616
f 716 616 617
f 617 618 717
f 617 717 716
f 618 709 717
f 716 718 619
f 620 619 718
f 623 620 719
f 620 718 719
f 621 622 701
f 622 623 720
f 701 622 720
f 720 623 721
f 623 719 721
f 697 722 624
f 722 635 624
f 710 625 693
f 628 723 626
f 626 723 665
f 628 627 724
f 724 627 663
f 724 725 628
f 628 725 723
f 726 631 629
f 629 630 727
f 629 727 726
f 728 727 630
f 728 630 633
f 729 730 631
f 726 731 631
f 631 731 732
f 631 732 729
f 730 733 631
f 631 733 632
f 637 632 733
f 734 728 633
f 734 633 634
f 735 734 634
f 735 634 635
f 722 735 635
f 636 637 736
f 736 654 636
f 736 637 737
f 637 733 737
f 738 640 638
f 738 638 639
f 739 738 639
f 739 639 649
f 740 643 640
f 740 640 738
f 657 656 641
f 641 656 644
f 657 641 642
f 741 742 642
f 642 742 657
f 741 642 743
f 743 642 643
f 743 643 740
f 645 646 744
f 744 745 645
f 645 745 746
f 645 746 647
f 646 651 744
f 747 648 647
f 647 746 748
f 647 748 747
f 747 649 648
f 749 739 649
f 749 649 747
f 744 651 650
f 744 650 750
f 652 751 650
f 650 751 752
f 650 752 750
f 653 753 652
f 652 753 754
f 754 755 652
f 652 755 751
f 653 654 753
f 736 753 654
f 660 655 756
f 756 655 659
f 657 742 757
f 658 657 757
f 659 658 758
f 758 658 757
f 756 659 759
f 759 659 758
f 661 660 760
f 760 660 756
f 662 661 761
f 761 661 760
f 664 662 762
f 762 662 761
f 724 663 763
f 763 663 664
f 763 664 764
f 764 664 762
f 666 665 723
f 666 723 765
f 765 766 666
f 666 766 668
f 669 767 667
f 667 767 768
f 667 768 670
f 766 769 668
f 668 769 770
f 668 770 669
f 669 770 767
f 771 671 670
f 771 670 772
f 772 670 773
f 670 768 774
f 670 774 773
f 673 671 771
f 673 775 672
f 672 775 674
f 771 776 673
f 673 776 775
f 676 674 777
f 777 674 775
f 676 778 675
f 675 778 678
f 777 779 676
f 676 779 778
f 678 780 677
f 677 780 680
f 778 781 678
f 678 781 780
f 682 679 782
f 782 679 681
f 783 681 680
f 783 680 784
f 784 680 780
f 782 681 783
f 685 682 785
f 785 682 782
f 683 684 685
f 689 683 786
f 786 683 685
f 786 685 787
f 787 685 785
f 788 690 686
f 788 686 687
f 789 790 687
f 789 687 688
f 788 687 791
f 791 687 790
f 789 688 689
f 689 786 789
f 691 690 788
f 692 691 792
f 793 792 691
f 793 691 788
f 794 710 692
f 692 792 794
f 710 693 692
f 795 695 694
f 694 707 795
f 795 796 695
f 696 695 796
f 696 796 797
f 797 798 696
f 696 798 697
f 798 722 697
f 698 701 799
f 698 799 699
f 699 799 800
f 699 800 700
f 700 800 801
f 700 801 703
f 701 720 799
f 702 703 802
f 702 802 708
f 703 801 803
f 703 803 802
f 704 708 804
f 804 705 704
f 804 805 705
f 805 706 705
f 805 806 706
f 707 706 806
f 707 806 807
f 795 707 807
f 708 802 808
f 708 808 804
f 709 713 809
f 717 709 809
f 711 710 794
f 810 711 794
f 711 810 712
f 712 810 811
f 811 812 712
f 712 812 813
f 712 813 714
f 713 715 809
f 714 813 814
f 714 814 815
f 816 715 714
f 815 817 714
f 714 817 818
f 714 818 816
f 809 715 816
f 819 718 716
f 716 717 820
f 716 820 819
f 717 809 820
f 819 821 718
f 719 718 821
f 721 719 822
f 719 821 822
f 720 721 823
f 799 720 823
f 823 721 824
f 721 822 824
f 798 825 722
f 825 735 722
f 765 723 725
f 826 827 724
f 724 827 725
f 826 724 828
f 828 724 763
f 725 827 829
f 765 725 830
f 830 725 829
f 726 727 731
f 731 727 831
f 832 831 727
f 832 727 728
f 833 832 728
f 833 728 734
f 834 835 729
f 729 835 730
f 732 831 729
f 729 831 836
f 729 836 834
f 835 837 730
f 730 837 733
f 731 831 732
f 737 733 837
f 838 833 734
f 838 734 735
f 825 838 735
f 736 737 839
f 839 753 736
f 839 737 840
f 737 837 840
f 841 740 738
f 841 738 739
f 842 841 739
f 842 739 749
f 843 743 740
f 843 740 841
f 743 844 741
f 757 742 741
f 757 741 844
f 845 846 743
f 743 846 844
f 845 743 843
f 744 750 745
f 847 746 745
f 847 745 848
f 848 745 750
f 849 748 746
f 849 746 847
f 748 850 747
f 747 850 851
f 747 851 749
f 852 850 748
f 852 748 849
f 749 851 853
f 749 853 842
f 752 854 750
f 750 854 848
f 755 855 751
f 751 855 856
f 751 856 752
f 752 856 854
f 839 754 753
f 857 754 839
f 857 858 754
f 754 858 755
f 858 859 755
f 755 859 855
f 760 756 860
f 860 756 759
f 757 844 861
f 758 757 862
f 862 757 861
f 759 758 863
f 863 758 862
f 860 759 864
f 864 759 863
f 761 760 865
f 865 760 860
f 762 761 866
f 866 761 865
f 764 762 867
f 867 762 866
f 828 763 868
f 868 763 764
f 868 764 869
f 867 870 764
f 764 870 871
f 764 871 869
f 830 872 765
f 765 872 766
f 872 873 766
f 766 873 769
f 767 874 768
f 770 875 767
f 767 875 876
f 767 876 874
f 768 874 877
f 768 877 774
f 873 878 769
f 769 878 879
f 769 879 770
f 770 879 875
f 880 771 881
f 881 771 772
f 880 882 771
f 771 882 776
f 881 772 773
f 881 773 774
f 877 883 774
f 774 883 884
f 774 884 881
f 777 775 885
f 885 775 776
f 885 776 886
f 886 776 882
f 885 887 777
f 777 887 779
f 779 888 778
f 778 888 781
f 887 889 779
f 779 889 888
f 784 780 890
f 890 780 781
f 890 781 891
f 891 781 888
f 785 782 892
f 892 782 783
f 892 783 893
f 893 783 784
f 893 784 894
f 894 784 890
f 787 785 895
f 895 785 892
f 789 786 787
f 789 787 896
f 896 787 895
f 793 788 897
f 897 788 791
f 896 790 789
f 896 898 790
f 791 790 899
f 899 790 898
f 897 791 900
f 900 791 899
f 794 792 793
f 901 813 793
f 793 813 794
f 897 818 793
f 793 818 817
f 793 817 901
f 810 794 811
f 794 813 812
f 794 812 811
f 902 796 795
f 795 807 902
f 902 903 796
f 797 796 903
f 797 903 904
f 904 905 797
f 797 905 798
f 905 825 798
f 799 823 800
f 800 823 906
f 800 906 801
f 801 906 907
f 801 907 803
f 802 803 908
f 802 908 808
f 803 907 909
f 803 909 908
f 910 805 804
f 804 808 911
f 804 911 910
f 910 912 805
f 912 806 805
f 913 914 806
f 913 806 912
f 807 806 914
f 807 914 915
f 902 807 915
f 808 908 916
f 808 916 911
f 820 809 917
f 809 816 917
f 901 814 813
f 815 814 901
f 901 817 815
f 816 818 918
f 816 918 919
f 917 816 919
f 897 918 818
f 920 821 819
f 819 820 921
f 819 921 920
f 820 917 921
f 920 922 821
f 822 821 922
f 824 822 923
f 822 922 923
f 823 824 906
f 906 824 924
f 824 923 924
f 905 925 825
f 925 838 825
f 829 827 826
f 829 826 926
f 926 826 828
f 926 828 868
f 926 927 829
f 829 927 928
f 829 928 830
f 830 928 872
f 929 836 831
f 929 831 832
f 930 929 832
f 930 832 833
f 931 930 833
f 931 833 838
f 834 932 835
f 836 932 834
f 835 932 933
f 835 933 934
f 934 935 835
f 835 935 837
f 936 933 836
f 836 933 932
f 937 936 836
f 937 836 929
f 840 837 935
f 925 931 838
f 938 857 839
f 938 839 939
f 839 840 939
f 840 935 939
f 940 843 841
f 940 841 842
f 842 853 941
f 842 941 940
f 845 843 942
f 942 843 943
f 943 843 940
f 861 844 846
f 861 846 845
f 942 861 845
f 944 849 847
f 847 848 945
f 945 946 847
f 847 946 947
f 847 947 944
f 854 948 848
f 848 948 945
f 849 944 852
f 949 851 850
f 949 850 852
f 950 853 851
f 950 851 949
f 944 951 852
f 951 949 852
f 952 941 853
f 952 853 950
f 856 953 854
f 854 953 948
f 859 954 855
f 855 954 955
f 855 955 856
f 856 955 953
f 938 956 857
f 857 956 858
f 956 957 858
f 858 957 859
f 957 958 859
f 859 958 954
f 865 860 959
f 959 860 864
f 862 861 942
f 863 862 960
f 960 862 942
f 864 863 960
f 960 961 864
f 959 864 962
f 962 864 961
f 866 865 963
f 963 865 959
f 867 866 964
f 964 866 963
f 965 870 867
f 964 966 867
f 867 966 967
f 867 967 965
f 968 926 868
f 868 869 968
f 968 869 871
f 969 871 870
f 969 870 965
f 968 871 969
f 928 970 872
f 872 970 873
f 970 971 873
f 873 971 878
f 877 874 883
f 874 876 883
f 883 876 875
f 883 875 972
f 972 875 879
f 972 878 973
f 973 878 971
f 972 879 878
f 974 882 880
f 974 880 975
f 975 880 881
f 975 881 976
f 976 881 884
f 886 882 974
f 977 884 883
f 977 883 978
f 978 883 972
f 976 884 977
f 886 979 885
f 885 979 887
f 974 980 886
f 886 980 979
f 979 981 887
f 887 981 889
f 891 888 982
f 982 888 889
f 982 889 983
f 983 889 981
f 894 890 984
f 984 890 891
f 984 891 985
f 985 891 982
f 895 892 986
f 986 892 893
f 986 893 987
f 987 893 894
f 987 894 988
f 988 894 984
f 896 895 989
f 895 986 989
f 989 898 896
f 900 990 897
f 897 990 918
f 989 991 898
f 899 898 992
f 992 898 991
f 900 899 993
f 993 899 992
f 993 994 900
f 900 994 990
f 995 903 902
f 902 915 995
f 995 996 903
f 904 903 996
f 904 996 997
f 997 998 904
f 904 998 905
f 998 925 905
f 906 924 907
f 907 924 999
f 907 999 909
f 908 909 1000
f 908 1000 916
f 909 999 1001
f 909 1001 1000
f 1002 912 910
f 910 911 1003
f 910 1003 1002
f 911 916 1004
f 911 1004 1003
f 1002 913 912
f 1005 913 1002
f 1005 914 913
f 1006 1007 914
f 1006 914 1005
f 915 914 1007
f 915 1007 1008
f 995 915 1008
f 916 1000 1009
f 916 1009 1004
f 921 917 1010
f 917 919 1010
f 919 918 990
f 919 990 1011
f 1010 919 1011
f 1012 1013 920
f 1013 922 920
f 921 1014 920
f 920 1014 1015
f 920 1015 1012
f 921 1010 1014
f 923 922 1013
f 924 923 1016
f 923 1013 1016
f 924 1016 999
f 998 1017 925
f 1017 931 925
f 968 1018 926
f 926 1018 927
f 1018 1019 927
f 927 1019 1020
f 927 1020 928
f 928 1020 970
f 1021 937 929
f 1021 929 930
f 1022 1021 930
f 1022 930 931
f 1017 1022 931
f 934 933 1023
f 936 1023 933
f 934 1024 1025
f 1026 1024 934
f 1026 934 1027
f 1027 934 1028
f 934 1023 1028
f 1025 1029 934
f 934 1029 935
f 1029 1030 935
f 939 935 1030
f 1028 1023 936
f 1031 936 937
f 1031 1032 936
f 936 1032 1027
f 936 1027 1028
f 1033 1031 937
f 1033 937 1021
f 956 938 939
f 956 939 1034
f 939 1030 1034
f 1035 943 940
f 941 1035 940
f 1036 1037 941
f 941 1037 1035
f 1038 1036 941
f 1038 941 952
f 960 942 943
f 1035 1039 943
f 943 1039 960
f 944 947 951
f 947 1040 951
f 1041 950 949
f 951 1041 949
f 1042 952 950
f 1042 950 1041
f 1040 1041 951
f 1043 1038 952
f 1043 952 1042
f 954 1044 955
f 1044 954 1045
f 958 1045 954
f 1034 1046 956
f 956 1046 957
f 1046 1047 957
f 957 1047 958
f 1047 1045 958
f 963 959 1048
f 1048 959 962
f 960 1039 1037
f 1049 961 960
f 1049 960 1050
f 1050 960 1037
f 962 961 1049
f 1051 1048 962
f 1051 962 1052
f 1052 962 1049
f 964 963 1053
f 1053 963 1048
f 1054 966 964
f 1053 1055 964
f 964 1055 1056
f 964 1056 1054
f 969 965 967
f 1057 967 966
f 1057 966 1054
f 969 967 1057
f 969 1058 968
f 968 1058 1018
f 969 1057 1059
f 1059 1060 969
f 969 1060 1058
f 1061 1062 970
f 1062 1063 970
f 970 1063 1064
f 970 1064 971
f 970 1020 1061
f 973 971 1065
f 1065 971 1064
f 978 972 1066
f 1066 972 973
f 1066 973 1067
f 1067 973 1065
f 975 1068 974
f 974 1068 980
f 976 1069 975
f 975 1069 1068
f 977 1070 976
f 976 1070 1069
f 978 1071 977
f 977 1071 1072
f 977 1072 1070
f 1066 1073 978
f 978 1073 1071
f 980 1074 979
f 979 1074 981
f 1068 1075 980
f 980 1075 1074
f 983 981 1076
f 1076 981 1074
f 985 982 1077
f 1077 982 983
f 1077 983 1078
f 1078 983 1076
f 988 984 1079
f 1079 984 985
f 1079 985 1080
f 1080 985 1077
f 989 986 987
f 989 987 1081
f 1081 987 988
f 1081 988 1082
f 1082 988 1079
f 1081 1083 989
f 1083 991 989
f 990 994 1011
f 992 991 1084
f 1084 991 1083
f 993 992 1085
f 1085 992 1084
f 1085 1086 993
f 993 1086 994
f 1011 994 1086
f 1087 996 995
f 995 1008 1087
f 1087 1088 996
f 997 996 1088
f 997 1088 1089
f 1089 1090 997
f 997 1090 998
f 1090 1017 998
f 999 1016 1091
f 999 1091 1001
f 1000 1001 1092
f 1000 1092 1009
f 1001 1091 1093
f 1001 1093 1092
f 1002 1094 1005
f 1002 1003 1095
f 1002 1095 1094
f 1003 1004 1096
f 1003 1096 1095
f 1004 1009 1097
f 1004 1097 1096
f 1005 1094 1098
f 1005 1098 1006
f 1006 1098 1099
f 1006 1099 1100
f 1100 1007 1006
f 1100 1101 1007
f 1008 1007 1101
f 1008 1101 1102
f 1087 1008 1102
f 1009 1092 1103
f 1009 1103 1097
f 1014 1010 1104
f 1010 1011 1104
f 1011 1086 1105
f 1104 1011 1105
f 1106 1107 1012
f 1012 1107 1013
f 1012 1015 1108
f 1012 1108 1106
f 1016 1013 1107
f 1014 1104 1015
f 1015 1104 1109
f 1015 1109 1108
f 1016 1107 1091
f 1090 1110 1017
f 1110 1022 1017
f 1058 1111 1018
f 1018 1111 1019
f 1061 1020 1019
f 1061 1019 1112
f 1112 1019 1111
f 1113 1033 1021
f 1113 1021 1022
f 1110 1113 1022
f 1114 1024 1026
f 1114 1115 1024
f 1024 1115 1116
f 1024 1116 1025
f 1025 1116 1029
f 1117 1114 1026
f 1032 1117 1026
f 1032 1026 1027
f 1034 1030 1029
f 1034 1029 1116
f 1118 1031 1033
f 1118 1119 1031
f 1031 1119 1032
f 1119 1117 1032
f 1120 1118 1033
f 1120 1033 1113
f 1116 1121 1034
f 1034 1121 1046
f 1037 1039 1035
f 1122 1036 1038
f 1123 1037 1036
f 1122 1124 1036
f 1036 1124 1125
f 1036 1125 1123
f 1050 1037 1123
f 1126 1122 1038
f 1127 1126 1038
f 1127 1038 1043
f 1128 1042 1040
f 1040 1042 1041
f 1128 1043 1042
f 1129 1127 1043
f 1129 1043 1128
f 1047 1130 1045
f 1121 1131 1046
f 1046 1131 1047
f 1131 1130 1047
f 1053 1048 1051
f 1132 1049 1050
f 1052 1049 1133
f 1133 1049 1132
f 1123 1125 1050
f 1050 1125 1134
f 1050 1134 1132
f 1051 1135 1053
f 1052 1136 1051
f 1136 1137 1051
f 1051 1137 1138
f 1051 1138 1135
f 1052 1133 1136
f 1053 1135 1055
f 1139 1057 1054
f 1139 1054 1056
f 1056 1055 1139
f 1139 1055 1140
f 1135 1140 1055
f 1141 1059 1057
f 1141 1057 1139
f 1060 1142 1058
f 1058 1142 1111
f 1143 1144 1059
f 1143 1059 1141
f 1144 1145 1059
f 1059 1145 1060
f 1145 1142 1060
f 1062 1061 1146
f 1146 1061 1112
f 1146 1147 1062
f 1147 1063 1062
f 1147 1064 1063
f 1065 1064 1147
f 1067 1065 1148
f 1148 1065 1147
f 1067 1149 1066
f 1066 1149 1073
f 1148 1150 1067
f 1067 1150 1149
f 1069 1151 1068
f 1068 1151 1075
f 1070 1152 1069
f 1069 1152 1151
f 1072 1153 1070
f 1070 1153 1152
f 1073 1154 1071
f 1071 1154 1155
f 1071 1155 1072
f 1072 1155 1153
f 1149 1156 1073
f 1073 1156 1154
f 1076 1074 1157
f 1157 1074 1075
f 1157 1075 1158
f 1158 1075 1151
f 1078 1076 1159
f 1159 1076 1157
f 1080 1077 1160
f 1160 1077 1078
f 1160 1078 1161
f 1161 1078 1159
f 1082 1079 1162
f 1162 1079 1080
f 1162 1080 1163
f 1163 1080 1160
f 1082 1164 1081
f 1081 1164 1083
f 1162 1165 1082
f 1082 1165 1164
f 1084 1083 1166
f 1166 1083 1164
f 1085 1084 1167
f 1167 1084 1166
f 1167 1168 1085
f 1085 1168 1169
f 1085 1169 1086
f 1105 1086 1169
f 1170 1088 1087
f 1087 1102 1170
f 1170 1171 1088
f 1089 1088 1171
f 1089 1171 1172
f 1172 1173 1089
f 1089 1173 1090
f 1173 1110 1090
f 1091 1107 1174
f 1091 1174 1093
f 1092 1093 1175
f 1092 1175 1103
f 1093 1174 1176
f 1093 1176 1175
f 1094 1095 1177
f 1094 1177 1098
f 1178 1177 1095
f 1178 1095 1179
f 1179 1095 1096
f 1096 1097 1180
f 1096 1180 1179
f 1097 1103 1181
f 1097 1181 1180
f 1098 1177 1182
f 1098 1182 1099
f 1100 1099 1183
f 1099 1182 1184
f 1099 1184 1183
f 1100 1183 1185
f 1185 1101 1100
f 1185 1186 1101
f 1102 1101 1186
f 1102 1186 1187
f 1170 1102 1187
f 1103 1175 1188
f 1103 1188 1181
f 1104 1105 1109
f 1168 1189 1105
f 1105 1169 1168
f 1109 1105 1189
f 1190 1174 1106
f 1106 1174 1107
f 1106 1108 1191
f 1106 1191 1190
f 1108 1109 1192
f 1108 1192 1191
f 1109 1189 1192
f 1173 1193 1110
f 1193 1113 1110
f 1112 1111 1194
f 1194 1111 1142
f 1146 1112 1195
f 1195 1112 1194
f 1193 1120 1113
f 1196 1114 1117
f 1114 1196 1115
f 1115 1197 1116
f 1115 1196 1198
f 1115 1198 1197
f 1116 1197 1121
f 1117 1199 1196
f 1119 1199 1117
f 1200 1118 1120
f 1200 1201 1118
f 1118 1201 1119
f 1201 1199 1119
f 1202 1200 1120
f 1202 1120 1193
f 1197 1203 1121
f 1203 1204 1121
f 1121 1204 1131
f 1126 1205 1122
f 1205 1206 1122
f 1122 1206 1124
f 1133 1132 1124
f 1124 1132 1134
f 1124 1134 1125
f 1133 1124 1136
f 1136 1124 1206
f 1207 1126 1127
f 1207 1205 1126
f 1208 1207 1127
f 1209 1208 1127
f 1209 1127 1129
f 1210 1211 1130
f 1131 1210 1130
f 1131 1204 1212
f 1212 1210 1131
f 1135 1138 1213
f 1135 1213 1140
f 1214 1215 1136
f 1136 1215 1137
f 1136 1206 1214
f 1137 1215 1138
f 1215 1216 1138
f 1138 1216 1217
f 1138 1217 1213
f 1140 1218 1139
f 1139 1218 1219
f 1139 1219 1141
f 1213 1220 1140
f 1140 1220 1221
f 1140 1221 1218
f 1141 1219 1143
f 1194 1142 1222
f 1222 1142 1145
f 1223 1224 1143
f 1143 1224 1225
f 1223 1143 1226
f 1226 1143 1219
f 1225 1144 1143
f 1225 1227 1144
f 1144 1227 1145
f 1222 1145 1227
f 1228 1147 1146
f 1228 1146 1229
f 1229 1146 1195
f 1148 1147 1228
f 1150 1148 1228
f 1150 1230 1149
f 1230 1231 1149
f 1149 1231 1156
f 1228 1232 1150
f 1150 1232 1230
f 1158 1151 1233
f 1233 1151 1152
f 1233 1152 1234
f 1234 1152 1153
f 1234 1153 1235
f 1235 1153 1155
f 1236 1155 1154
f 1236 1154 1237
f 1237 1154 1156
f 1235 1155 1236
f 1237 1156 1238
f 1238 1156 1231
f 1159 1157 1239
f 1239 1157 1158
f 1239 1158 1240
f 1240 1158 1233
f 1161 1159 1241
f 1241 1159 1239
f 1163 1160 1242
f 1242 1160 1161
f 1242 1161 1243
f 1243 1161 1241
f 1163 1244 1162
f 1162 1244 1165
f 1242 1245 1163
f 1163 1245 1244
f 1166 1164 1246
f 1246 1164 1165
f 1246 1165 1247
f 1247 1165 1244
f 1167 1166 1248
f 1248 1166 1246
f 1167 1248 1249
f 1249 1250 1167
f 1167 1250 1168
f 1168 1250 1189
f 1251 1171 1170
f 1170 1187 1251
f 1251 1252 1171
f 1172 1171 1252
f 1172 1252 1253
f 1253 1254 1172
f 1172 1254 1173
f 1254 1193 1173
f 1190 1176 1174
f 1175 1176 1255
f 1175 1255 1188
f 1256 1255 1176
f 1256 1176 1190
f 1257 1182 1177
f 1257 1177 1178
f 1179 1258 1178
f 1178 1258 1259
f 1178 1259 1257
f 1179 1180 1258
f 1180 1181 1260
f 1180 1260 1258
f 1181 1188 1261
f 1181 1261 1260
f 1262 1184 1182
f 1262 1182 1257
f 1263 1264 1183
f 1183 1264 1265
f 1183 1265 1185
f 1266 1263 1183
f 1183 1184 1267
f 1183 1267 1266
f 1268 1267 1184
f 1268 1184 1262
f 1265 1186 1185
f 1264 1269 1186
f 1264 1186 1265
f 1187 1186 1269
f 1187 1269 1270
f 1251 1187 1270
f 1188 1255 1271
f 1188 1271 1261
f 1189 1250 1249
f 1189 1249 1272
f 1192 1189 1272
f 1190 1191 1273
f 1190 1273 1256
f 1191 1192 1274
f 1191 1274 1273
f 1192 1272 1274
f 1254 1202 1193
f 1195 1194 1275
f 1275 1194 1222
f 1229 1195 1276
f 1276 1195 1275
f 1196 1199 1277
f 1196 1277 1278
f 1278 1198 1196
f 1197 1198 1203
f 1278 1279 1198
f 1280 1203 1198
f 1280 1198 1281
f 1281 1198 1279
f 1201 1277 1199
f 1282 1283 1200
f 1200 1283 1201
f 1284 1282 1200
f 1284 1200 1202
f 1283 1277 1201
f 1285 1284 1202
f 1285 1202 1254
f 1204 1203 1280
f 1212 1204 1286
f 1286 1204 1280
f 1207 1287 1205
f 1287 1288 1205
f 1205 1288 1206
f 1214 1206 1288
f 1208 1287 1207
f 1289 1208 1209
f 1289 1290 1208
f 1208 1290 1287
f 1291 1211 1210
f 1212 1286 1210
f 1210 1286 1292
f 1210 1292 1291
f 1220 1213 1217
f 1214 1288 1215
f 1215 1288 1216
f 1293 1217 1216
f 1293 1216 1294
f 1294 1216 1288
f 1295 1296 1217
f 1217 1296 1297
f 1217 1297 1220
f 1295 1217 1293
f 1221 1298 1218
f 1218 1298 1219
f 1226 1219 1299
f 1299 1219 1300
f 1300 1219 1298
f 1220 1297 1301
f 1220 1301 1221
f 1221 1301 1298
f 1275 1222 1302
f 1302 1222 1227
f 1226 1303 1223
f 1224 1223 1304
f 1304 1223 1303
f 1225 1224 1304
f 1305 1227 1225
f 1305 1225 1306
f 1306 1225 1304
f 1299 1307 1226
f 1226 1307 1303
f 1302 1227 1305
f 1308 1232 1228
f 1308 1228 1309
f 1309 1228 1229
f 1309 1229 1310
f 1310 1229 1276
f 1311 1312 1230
f 1311 1230 1232
f 1312 1313 1230
f 1230 1313 1231
f 1238 1231 1313
f 1314 1311 1232
f 1314 1232 1308
f 1240 1233 1315
f 1315 1233 1234
f 1315 1234 1316
f 1316 1234 1235
f 1316 1235 1317
f 1317 1235 1236
f 1317 1236 1318
f 1318 1236 1237
f 1318 1237 1319
f 1319 1237 1238
f 1319 1238 1320
f 1320 1238 1313
f 1241 1239 1321
f 1321 1239 1240
f 1321 1240 1322
f 1322 1240 1315
f 1243 1241 1323
f 1241 1321 1323
f 1243 1324 1242
f 1242 1324 1245
f 1323 1325 1243
f 1243 1325 1324
f 1247 1244 1326
f 1326 1244 1245
f 1326 1245 1327
f 1327 1245 1324
f 1248 1246 1328
f 1328 1246 1247
f 1328 1247 1329
f 1329 1247 1326
f 1328 1330 1248
f 1248 1330 1331
f 1248 1331 1249
f 1272 1249 1331
f 1332 1333 1251
f 1251 1333 1252
f 1251 1270 1332
f 1252 1333 1334
f 1253 1252 1334
f 1334 1285 1253
f 1253 1285 1254
f 1335 1271 1255
f 1335 1255 1256
f 1256 1273 1336
f 1256 1336 1335
f 1257 1259 1337
f 1257 1337 1262
f 1258 1260 1338
f 1258 1338 1259
f 1259 1338 1339
f 1259 1339 1337
f 1260 1261 1340
f 1260 1340 1338
f 1261 1271 1341
f 1261 1341 1340
f 1262 1337 1342
f 1262 1342 1268
f 1343 1344 1263
f 1343 1263 1266
f 1344 1269 1263
f 1263 1269 1264
f 1266 1267 1345
f 1266 1345 1343
f 1346 1345 1267
f 1346 1267 1268
f 1346 1268 1347
f 1268 1342 1348
f 1268 1348 1347
f 1344 1349 1269
f 1270 1269 1349
f 1270 1349 1350
f 1332 1270 1350
f 1351 1341 1271
f 1351 1271 1335
f 1272 1331 1352
f 1274 1272 1352
f 1273 1274 1353
f 1273 1353 1336
f 1274 1352 1353
f 1276 1275 1354
f 1354 1275 1302
f 1310 1276 1355
f 1355 1276 1354
f 1283 1278 1277
f 1356 1278 1283
f 1356 1279 1278
f 1279 1356 1357
f 1281 1279 1358
f 1358 1279 1357
f 1286 1280 1281
f 1358 1359 1281
f 1359 1360 1281
f 1281 1360 1361
f 1281 1361 1286
f 1362 1282 1363
f 1363 1282 1364
f 1362 1357 1282
f 1282 1357 1283
f 1365 1364 1282
f 1365 1282 1284
f 1283 1357 1356
f 1365 1284 1285
f 1334 1365 1285
f 1286 1361 1366
f 1286 1366 1292
f 1287 1367 1288
f 1288 1367 1368
f 1288 1368 1294
f 1369 1297 1296
f 1369 1296 1370
f 1371 1301 1297
f 1371 1297 1369
f 1300 1298 1372
f 1372 1298 1373
f 1373 1298 1301
f 1307 1299 1374
f 1374 1299 1300
f 1374 1300 1372
f 1373 1301 1371
f 1354 1302 1375
f 1375 1302 1305
f 1304 1303 1376
f 1376 1303 1307
f 1306 1304 1377
f 1377 1304 1376
f 1375 1305 1378
f 1378 1305 1306
f 1378 1306 1379
f 1379 1306 1377
f 1376 1307 1380
f 1380 1307 1374
f 1381 1314 1308
f 1381 1308 1309
f 1381 1309 1310
f 1382 1381 1310
f 1382 1310 1383
f 1383 1310 1355
f 1384 1312 1311
f 1385 1384 1311
f 1385 1311 1314
f 1384 1386 1312
f 1312 1386 1313
f 1320 1313 1386
f 1387 1385 1314
f 1387 1314 1381
f 1322 1315 1388
f 1388 1315 1316
f 1388 1316 1389
f 1389 1316 1317
f 1389 1317 1390
f 1390 1317 1318
f 1390 1318 1391
f 1391 1318 1319
f 1391 1319 1392
f 1392 1319 1320
f 1392 1320 1393
f 1393 1320 1386
f 1323 1321 1322
f 1323 1322 1394
f 1388 1395 1322
f 1322 1395 1396
f 1322 1396 1394
f 1394 1397 1323
f 1397 1398 1323
f 1323 1398 1325
f 1327 1324 1399
f 1399 1324 1325
f 1399 1325 1400
f 1400 1325 1398
f 1329 1326 1401
f 1401 1326 1327
f 1401 1327 1402
f 1402 1327 1399
f 1329 1403 1328
f 1328 1403 1330
f 1401 1404 1329
f 1329 1404 1403
f 1352 1331 1330
f 1352 1330 1405
f 1405 1330 1403
f 1406 1407 1332
f 1407 1408 1332
f 1332 1408 1333
f 1409 1410 1332
f 1332 1410 1411
f 1332 1411 1406
f 1332 1350 1409
f 1334 1333 1408
f 1406 1412 1334
f 1406 1334 1407
f 1334 1408 1407
f 1412 1365 1334
f 1335 1336 1413
f 1335 1413 1351
f 1336 1353 1414
f 1336 1414 1413
f 1337 1339 1415
f 1337 1415 1342
f 1338 1340 1416
f 1338 1416 1339
f 1339 1416 1417
f 1339 1417 1415
f 1340 1341 1418
f 1340 1418 1416
f 1419 1418 1341
f 1419 1341 1351
f 1342 1415 1420
f 1342 1420 1348
f 1421 1344 1343
f 1343 1345 1422
f 1343 1422 1421
f 1421 1423 1344
f 1423 1349 1344
f 1424 1422 1345
f 1424 1345 1346
f 1425 1424 1346
f 1425 1346 1426
f 1426 1346 1347
f 1426 1347 1427
f 1347 1348 1428
f 1347 1428 1427
f 1348 1420 1428
f 1350 1349 1423
f 1350 1423 1429
f 1409 1350 1429
f 1351 1413 1430
f 1351 1430 1419
f 1405 1431 1352
f 1353 1352 1431
f 1353 1431 1414
f 1355 1354 1432
f 1432 1354 1375
f 1383 1355 1433
f 1433 1355 1432
f 1358 1357 1362
f 1362 1363 1358
f 1358 1363 1434
f 1358 1434 1359
f 1359 1434 1360
f 1435 1436 1360
f 1360 1436 1437
f 1360 1434 1435
f 1437 1438 1360
f 1360 1438 1439
f 1360 1439 1361
f 1361 1439 1440
f 1361 1440 1366
f 1363 1364 1441
f 1435 1434 1363
f 1435 1363 1441
f 1442 1441 1364
f 1364 1443 1442
f 1410 1443 1364
f 1410 1364 1444
f 1412 1444 1364
f 1412 1364 1365
f 1445 1446 1369
f 1445 1369 1447
f 1371 1369 1448
f 1448 1369 1446
f 1370 1447 1369
f 1371 1448 1373
f 1373 1374 1372
f 1373 1448 1374
f 1448 1449 1374
f 1374 1449 1450
f 1374 1450 1380
f 1432 1375 1451
f 1451 1375 1378
f 1377 1376 1452
f 1452 1376 1380
f 1379 1377 1453
f 1453 1377 1452
f 1451 1378 1454
f 1454 1378 1379
f 1454 1379 1453
f 1452 1380 1450
f 1387 1381 1382
f 1455 1387 1382
f 1383 1456 1382
f 1382 1456 1457
f 1382 1457 1455
f 1458 1459 1383
f 1383 1459 1460
f 1460 1461 1383
f 1383 1461 1456
f 1383 1433 1458
f 1462 1384 1385
f 1462 1463 1384
f 1384 1463 1386
f 1464 1462 1385
f 1464 1385 1387
f 1393 1386 1463
f 1455 1464 1387
f 1389 1465 1388
f 1388 1465 1466
f 1388 1466 1395
f 1467 1468 1389
f 1389 1468 1465
f 1389 1390 1467
f 1467 1390 1391
f 1467 1391 1469
f 1469 1391 1392
f 1469 1392 1470
f 1392 1393 1470
f 1470 1393 1463
f 1394 1396 1471
f 1471 1472 1394
f 1394 1472 1397
f 1471 1396 1395
f 1471 1395 1473
f 1473 1395 1466
f 1474 1398 1397
f 1474 1397 1475
f 1475 1397 1472
f 1400 1398 1474
f 1402 1399 1476
f 1476 1399 1400
f 1476 1400 1477
f 1477 1400 1474
f 1401 1402 1478
f 1478 1479 1401
f 1401 1479 1404
f 1476 1480 1402
f 1402 1480 1481
f 1402 1481 1478
f 1405 1403 1482
f 1482 1403 1404
f 1482 1404 1479
f 1482 1483 1405
f 1405 1483 1431
f 1411 1412 1406
f 1484 1485 1409
f 1409 1485 1410
f 1409 1429 1484
f 1485 1486 1410
f 1444 1487 1410
f 1410 1487 1411
f 1486 1443 1410
f 1412 1411 1487
f 1487 1444 1412
f 1413 1414 1488
f 1413 1488 1430
f 1414 1431 1483
f 1414 1483 1488
f 1415 1417 1489
f 1415 1489 1420
f 1416 1418 1490
f 1416 1490 1417
f 1417 1490 1491
f 1417 1491 1489
f 1490 1418 1419
f 1492 1490 1419
f 1430 1493 1419
f 1419 1493 1494
f 1419 1494 1492
f 1420 1489 1495
f 1420 1495 1428
f 1496 1423 1421
f 1421 1422 1497
f 1421 1497 1496
f 1498 1497 1422
f 1499 1498 1422
f 1499 1422 1424
f 1496 1429 1423
f 1500 1499 1424
f 1501 1500 1424
f 1501 1424 1425
f 1502 1501 1425
f 1502 1425 1426
f 1426 1427 1503
f 1503 1502 1426
f 1503 1427 1504
f 1427 1428 1505
f 1427 1505 1504
f 1428 1495 1505
f 1506 1484 1429
f 1506 1429 1496
f 1430 1488 1507
f 1430 1507 1493
f 1433 1432 1508
f 1508 1432 1451
f 1458 1433 1508
f 1435 1441 1509
f 1509 1510 1435
f 1435 1510 1511
f 1435 1511 1436
f 1436 1511 1512
f 1436 1512 1437
f 1509 1441 1442
f 1442 1443 1513
f 1442 1513 1514
f 1509 1442 1514
f 1486 1513 1443
f 1515 1446 1445
f 1446 1515 1516
f 1448 1446 1517
f 1517 1446 1516
f 1517 1518 1448
f 1448 1518 1449
f 1450 1449 1519
f 1519 1449 1520
f 1521 1520 1449
f 1521 1449 1518
f 1452 1450 1519
f 1508 1451 1522
f 1522 1451 1454
f 1453 1452 1523
f 1523 1452 1519
f 1524 1454 1453
f 1524 1453 1523
f 1522 1454 1524
f 1525 1455 1526
f 1526 1455 1457
f 1525 1527 1455
f 1527 1464 1455
f 1456 1461 1526
f 1526 1457 1456
f 1458 1528 1529
f 1529 1530 1458
f 1530 1459 1458
f 1458 1508 1528
f 1526 1460 1459
f 1530 1526 1459
f 1526 1461 1460
f 1531 1532 1462
f 1531 1462 1464
f 1532 1533 1462
f 1462 1533 1463
f 1470 1463 1533
f 1464 1527 1531
f 1473 1465 1534
f 1534 1465 1468
f 1473 1466 1465
f 1469 1534 1467
f 1534 1468 1467
f 1470 1535 1469
f 1469 1535 1534
f 1533 1536 1470
f 1470 1536 1535
f 1473 1537 1471
f 1538 1472 1471
f 1538 1471 1539
f 1539 1471 1537
f 1475 1472 1538
f 1534 1540 1473
f 1473 1540 1537
f 1477 1474 1541
f 1541 1474 1475
f 1541 1475 1542
f 1542 1475 1538
f 1477 1543 1476
f 1476 1543 1480
f 1544 1543 1477
f 1544 1477 1545
f 1545 1477 1541
f 1478 1546 1479
f 1478 1481 1546
f 1479 1546 1482
f 1546 1481 1480
f 1546 1480 1547
f 1547 1480 1543
f 1546 1548 1482
f 1482 1548 1483
f 1488 1483 1548
f 1549 1550 1484
f 1549 1484 1506
f 1484 1550 1485
f 1485 1550 1486
f 1486 1550 1551
f 1551 1513 1486
f 1488 1548 1507
f 1489 1491 1552
f 1489 1552 1495
f 1492 1491 1490
f 1553 1552 1491
f 1553 1491 1492
f 1492 1494 1553
f 1493 1507 1554
f 1493 1554 1494
f 1553 1494 1555
f 1494 1554 1556
f 1494 1556 1555
f 1495 1552 1557
f 1495 1557 1505
f 1496 1497 1558
f 1496 1558 1506
f 1498 1558 1497
f 1559 1560 1498
f 1559 1498 1561
f 1560 1558 1498
f 1562 1561 1498
f 1562 1498 1499
f 1500 1562 1499
f 1563 1562 1500
f 1564 1563 1500
f 1564 1500 1501
f 1564 1501 1502
f 1565 1564 1502
f 1565 1502 1566
f 1567 1566 1502
f 1567 1502 1503
f 1503 1504 1567
f 1567 1504 1568
f 1504 1505 1569
f 1504 1569 1568
f 1505 1557 1569
f 1506 1558 1570
f 1506 1570 1549
f 1507 1548 1571
f 1507 1571 1554
f 1528 1508 1522
f 1514 1572 1509
f 1509 1572 1510
f 1572 1573 1510
f 1510 1573 1511
f 1574 1512 1511
f 1574 1511 1575
f 1575 1511 1573
f 1551 1514 1513
f 1576 1514 1577
f 1577 1514 1578
f 1578 1514 1551
f 1576 1579 1514
f 1514 1579 1572
f 1517 1516 1580
f 1581 1582 1517
f 1581 1517 1580
f 1582 1521 1517
f 1517 1521 1518
f 1523 1519 1583
f 1519 1520 1583
f 1584 1585 1520
f 1583 1520 1585
f 1586 1584 1520
f 1586 1520 1521
f 1521 1587 1586
f 1582 1587 1521
f 1528 1522 1588
f 1588 1522 1524
f 1589 1524 1523
f 1589 1523 1590
f 1590 1523 1591
f 1591 1523 1583
f 1588 1524 1589
f 1592 1593 1525
f 1592 1525 1594
f 1594 1525 1526
f 1593 1595 1525
f 1525 1595 1527
f 1594 1526 1530
f 1595 1531 1527
f 1529 1528 1588
f 1596 1597 1529
f 1529 1588 1596
f 1597 1598 1529
f 1529 1598 1530
f 1598 1594 1530
f 1595 1532 1531
f 1532 1599 1533
f 1600 1599 1532
f 1600 1532 1595
f 1533 1599 1536
f 1535 1601 1534
f 1534 1601 1540
f 1535 1536 1601
f 1601 1536 1602
f 1602 1536 1599
f 1603 1539 1537
f 1603 1537 1604
f 1604 1537 1540
f 1542 1538 1605
f 1605 1538 1539
f 1605 1539 1603
f 1604 1540 1606
f 1606 1540 1601
f 1545 1541 1607
f 1607 1541 1542
f 1607 1542 1608
f 1608 1542 1605
f 1609 1543 1544
f 1547 1543 1610
f 1610 1543 1609
f 1609 1544 1611
f 1611 1544 1545
f 1611 1545 1612
f 1612 1545 1607
f 1547 1571 1546
f 1546 1571 1548
f 1610 1613 1547
f 1547 1613 1571
f 1551 1550 1549
f 1551 1549 1614
f 1614 1549 1615
f 1549 1570 1616
f 1549 1616 1615
f 1614 1578 1551
f 1617 1557 1552
f 1617 1552 1618
f 1618 1552 1553
f 1553 1555 1618
f 1554 1571 1613
f 1554 1613 1556
f 1618 1555 1617
f 1617 1555 1619
f 1556 1620 1555
f 1555 1620 1621
f 1555 1621 1619
f 1556 1613 1622
f 1556 1622 1620
f 1623 1569 1557
f 1623 1557 1624
f 1624 1557 1617
f 1560 1570 1558
f 1625 1626 1559
f 1625 1559 1627
f 1627 1559 1628
f 1628 1559 1561
f 1626 1560 1559
f 1626 1629 1560
f 1629 1570 1560
f 1628 1561 1630
f 1563 1630 1561
f 1563 1561 1562
f 1631 1563 1564
f 1631 1630 1563
f 1631 1564 1565
f 1631 1565 1632
f 1632 1565 1633
f 1566 1633 1565
f 1634 1568 1566
f 1634 1566 1567
f 1568 1635 1566
f 1635 1636 1566
f 1636 1633 1566
f 1567 1568 1634
f 1568 1569 1635
f 1569 1637 1635
f 1637 1569 1623
f 1629 1616 1570
f 1638 1573 1572
f 1638 1572 1579
f 1575 1573 1638
f 1575 1639 1574
f 1640 1639 1575
f 1575 1638 1641
f 1640 1575 1642
f 1642 1575 1641
f 1643 1644 1576
f 1614 1643 1576
f 1614 1576 1577
f 1644 1579 1576
f 1577 1578 1614
f 1644 1645 1579
f 1638 1579 1646
f 1646 1579 1645
f 1647 1582 1581
f 1647 1648 1582
f 1648 1587 1582
f 1591 1583 1585
f 1584 1649 1591
f 1584 1591 1585
f 1649 1584 1586
f 1650 1649 1586
f 1650 1586 1651
f 1652 1651 1586
f 1587 1652 1586
f 1653 1587 1648
f 1653 1652 1587
f 1596 1588 1589
f 1596 1589 1590
f 1591 1650 1590
f 1590 1650 1654
f 1590 1654 1596
f 1591 1649 1650
f 1594 1655 1592
f 1592 1655 1656
f 1656 1657 1592
f 1657 1593 1592
f 1657 1658 1593
f 1658 1659 1593
f 1593 1659 1595
f 1598 1655 1594
f 1595 1659 1600
f 1654 1660 1596
f 1596 1660 1661
f 1596 1661 1597
f 1597 1661 1598
f 1661 1655 1598
f 1602 1599 1600
f 1600 1659 1662
f 1600 1662 1602
f 1606 1601 1663
f 1663 1601 1602
f 1663 1602 1664
f 1664 1602 1662
f 1665 1605 1603
f 1665 1603 1666
f 1666 1603 1604
f 1666 1604 1667
f 1667 1604 1606
f 1608 1605 1665
f 1667 1606 1668
f 1668 1606 1663
f 1612 1607 1669
f 1669 1607 1608
f 1669 1608 1670
f 1670 1608 1665
f 1610 1609 1671
f 1671 1609 1611
f 1671 1622 1610
f 1610 1622 1613
f 1671 1611 1672
f 1672 1611 1612
f 1672 1612 1673
f 1673 1612 1669
f 1614 1615 1674
f 1674 1643 1614
f 1674 1615 1675
f 1615 1616 1676
f 1615 1676 1675
f 1676 1616 1629
f 1617 1619 1624
f 1624 1619 1623
f 1623 1619 1677
f 1619 1621 1678
f 1619 1678 1677
f 1620 1622 1679
f 1620 1679 1621
f 1621 1679 1680
f 1621 1680 1678
f 1671 1679 1622
f 1623 1677 1637
f 1681 1626 1625
f 1625 1627 1682
f 1682 1683 1625
f 1625 1683 1681
f 1681 1684 1626
f 1626 1684 1685
f 1626 1685 1686
f 1686 1629 1626
f 1682 1627 1628
f 1682 1628 1687
f 1687 1628 1630
f 1686 1676 1629
f 1687 1630 1631
f 1688 1687 1631
f 1688 1631 1632
f 1632 1633 1689
f 1689 1690 1632
f 1632 1690 1691
f 1632 1691 1688
f 1689 1633 1692
f 1636 1692 1633
f 1637 1693 1635
f 1635 1693 1636
f 1693 1692 1636
f 1637 1677 1693
f 1641 1638 1646
f 1641 1646 1694
f 1642 1641 1695
f 1694 1696 1641
f 1641 1696 1697
f 1641 1697 1695
f 1644 1643 1698
f 1674 1698 1643
f 1698 1699 1644
f 1699 1645 1644
f 1699 1700 1645
f 1646 1645 1694
f 1694 1645 1700
f 1701 1648 1647
f 1648 1701 1702
f 1648 1702 1703
f 1653 1648 1704
f 1704 1648 1703
f 1650 1651 1654
f 1654 1651 1705
f 1706 1705 1651
f 1706 1651 1652
f 1653 1706 1652
f 1704 1706 1653
f 1654 1705 1660
f 1661 1707 1655
f 1707 1708 1655
f 1655 1708 1709
f 1655 1709 1656
f 1710 1711 1656
f 1656 1711 1657
f 1656 1709 1712
f 1656 1712 1710
f 1711 1658 1657
f 1711 1664 1658
f 1664 1662 1658
f 1658 1662 1659
f 1660 1707 1661
f 1660 1705 1713
f 1660 1713 1707
f 1668 1663 1714
f 1714 1663 1664
f 1714 1664 1711
f 1670 1665 1715
f 1666 1716 1665
f 1665 1716 1717
f 1665 1717 1715
f 1667 1718 1666
f 1718 1719 1666
f 1666 1719 1716
f 1720 1721 1667
f 1667 1721 1718
f 1668 1722 1667
f 1667 1722 1723
f 1667 1723 1720
f 1668 1714 1724
f 1724 1725 1668
f 1668 1725 1722
f 1673 1669 1726
f 1726 1669 1670
f 1726 1670 1715
f 1672 1679 1671
f 1673 1680 1672
f 1672 1680 1679
f 1726 1727 1673
f 1673 1727 1680
f 1674 1675 1728
f 1728 1698 1674
f 1728 1675 1729
f 1675 1676 1730
f 1675 1730 1729
f 1730 1676 1686
f 1677 1678 1731
f 1677 1731 1693
f 1678 1680 1727
f 1678 1727 1731
f 1684 1681 1683
f 1682 1687 1688
f 1688 1732 1682
f 1682 1732 1683
f 1733 1684 1683
f 1733 1683 1734
f 1734 1683 1732
f 1685 1684 1733
f 1686 1685 1735
f 1733 1735 1685
f 1686 1736 1730
f 1686 1735 1736
f 1688 1691 1732
f 1692 1737 1689
f 1689 1737 1738
f 1689 1738 1690
f 1739 1691 1690
f 1740 1739 1690
f 1690 1738 1741
f 1690 1741 1740
f 1739 1732 1691
f 1693 1731 1692
f 1731 1742 1692
f 1692 1742 1737
f 1743 1744 1694
f 1694 1700 1743
f 1744 1745 1694
f 1694 1745 1696
f 1745 1746 1696
f 1696 1746 1697
f 1747 1748 1698
f 1698 1748 1699
f 1728 1747 1698
f 1748 1700 1699
f 1748 1749 1700
f 1743 1700 1749
f 1703 1702 1750
f 1703 1750 1751
f 1704 1703 1752
f 1752 1703 1751
f 1752 1753 1704
f 1704 1753 1706
f 1754 1713 1705
f 1705 1755 1754
f 1753 1705 1706
f 1753 1755 1705
f 1707 1713 1708
f 1709 1708 1754
f 1754 1708 1713
f 1754 1756 1709
f 1709 1756 1757
f 1709 1757 1712
f 1758 1710 1759
f 1759 1710 1760
f 1758 1761 1710
f 1710 1761 1711
f 1710 1712 1762
f 1710 1762 1760
f 1761 1763 1711
f 1763 1764 1711
f 1711 1764 1765
f 1711 1765 1714
f 1712 1757 1762
f 1766 1767 1714
f 1714 1767 1768
f 1714 1768 1724
f 1714 1765 1769
f 1714 1769 1766
f 1726 1715 1717
f 1717 1716 1770
f 1770 1716 1719
f 1726 1717 1770
f 1771 1719 1718
f 1771 1718 1721
f 1770 1719 1771
f 1721 1720 1771
f 1771 1720 1723
f 1772 1723 1722
f 1725 1772 1722
f 1771 1723 1772
f 1768 1773 1724
f 1724 1773 1772
f 1724 1772 1725
f 1770 1742 1726
f 1726 1742 1727
f 1731 1727 1742
f 1728 1729 1774
f 1774 1747 1728
f 1774 1729 1775
f 1729 1730 1776
f 1729 1776 1775
f 1730 1736 1777
f 1730 1777 1776
f 1734 1732 1739
f 1736 1735 1733
f 1778 1779 1733
f 1778 1733 1780
f 1780 1733 1734
f 1736 1733 1781
f 1781 1733 1779
f 1780 1734 1782
f 1782 1734 1739
f 1781 1777 1736
f 1771 1738 1737
f 1771 1737 1770
f 1770 1737 1742
f 1772 1741 1738
f 1772 1738 1771
f 1782 1739 1740
f 1740 1783 1782
f 1740 1784 1783
f 1740 1741 1785
f 1740 1785 1784
f 1741 1765 1785
f 1773 1765 1741
f 1773 1741 1772
f 1786 1787 1743
f 1788 1789 1743
f 1743 1789 1744
f 1743 1787 1788
f 1743 1749 1786
f 1789 1790 1744
f 1744 1790 1745
f 1745 1790 1791
f 1791 1792 1745
f 1745 1792 1746
f 1793 1786 1747
f 1747 1786 1749
f 1747 1749 1748
f 1774 1793 1747
f 1751 1750 1794
f 1751 1794 1795
f 1752 1751 1796
f 1795 1797 1751
f 1751 1797 1798
f 1751 1798 1796
f 1796 1799 1752
f 1752 1799 1753
f 1799 1800 1753
f 1753 1800 1755
f 1754 1755 1756
f 1800 1756 1755
f 1800 1757 1756
f 1801 1762 1757
f 1801 1757 1800
f 1802 1761 1758
f 1802 1758 1759
f 1759 1760 1803
f 1804 1802 1759
f 1804 1759 1803
f 1805 1806 1760
f 1805 1760 1807
f 1808 1809 1760
f 1760 1809 1810
f 1760 1810 1807
f 1803 1760 1806
f 1760 1762 1811
f 1760 1811 1808
f 1785 1763 1761
f 1785 1761 1802
f 1762 1812 1811
f 1812 1762 1801
f 1764 1763 1785
f 1785 1765 1764
f 1769 1765 1773
f 1773 1767 1766
f 1773 1766 1769
f 1768 1767 1773
f 1774 1775 1813
f 1813 1793 1774
f 1775 1814 1815
f 1775 1776 1781
f 1775 1815 1813
f 1775 1781 1814
f 1781 1776 1777
f 1780 1816 1778
f 1778 1816 1817
f 1778 1817 1818
f 1818 1779 1778
f 1781 1779 1819
f 1819 1779 1818
f 1782 1783 1780
f 1783 1820 1780
f 1780 1820 1816
f 1814 1781 1819
f 1783 1784 1820
f 1821 1820 1784
f 1822 1821 1784
f 1822 1784 1823
f 1823 1784 1804
f 1784 1785 1802
f 1784 1802 1804
f 1793 1787 1786
f 1824 1787 1793
f 1788 1787 1824
f 1788 1824 1825
f 1788 1825 1826
f 1826 1827 1788
f 1827 1789 1788
f 1828 1790 1789
f 1827 1828 1789
f 1828 1829 1790
f 1790 1829 1830
f 1790 1830 1791
f 1813 1824 1793
f 1796 1798 1799
f 1797 1831 1798
f 1808 1811 1798
f 1811 1812 1798
f 1798 1812 1801
f 1798 1801 1799
f 1798 1831 1832
f 1798 1832 1808
f 1799 1801 1800
f 1806 1804 1803
f 1805 1804 1806
f 1823 1804 1833
f 1833 1804 1805
f 1833 1805 1807
f 1810 1833 1807
f 1834 1835 1808
f 1808 1835 1836
f 1808 1836 1809
f 1808 1832 1837
f 1808 1837 1834
f 1809 1838 1810
f 1809 1836 1838
f 1810 1838 1833
f 1825 1824 1813
f 1839 1825 1813
f 1813 1815 1840
f 1813 1840 1839
f 1814 1819 1815
f 1815 1819 1841
f 1815 1841 1840
f 1817 1816 1821
f 1821 1816 1820
f 1841 1818 1817
f 1841 1817 1842
f 1842 1817 1821
f 1819 1818 1841
f 1842 1821 1822
f 1842 1822 1843
f 1843 1822 1823
f 1843 1823 1833
f 1826 1825 1839
f 1844 1826 1841
f 1841 1826 1840
f 1826 1839 1840
f 1844 1845 1826
f 1826 1845 1827
f 1845 1828 1827
f 1845 1846 1828
f 1846 1847 1828
f 1828 1847 1829
f 1831 1848 1832
f 1848 1849 1832
f 1832 1849 1850
f 1832 1850 1837
f 1838 1850 1833
f 1833 1850 1851
f 1833 1851 1843
f 1850 1835 1834
f 1837 1850 1834
f 1836 1835 1850
f 1838 1836 1850
f 1842 1844 1841
f 1843 1852 1842
f 1852 1844 1842
f 1843 1851 1852
f 1853 1845 1844
f 1852 1853 1844
f 1853 1846 1845
f 1854 1855 1846
f 1846 1855 1847
f 1850 1854 1846
f 1850 1846 1856
f 1856 1846 1853
f 1849 1854 1850
f 1856 1851 1850
f 1852 1851 1856
f 1856 1853 1852

