vertex_index,x,y,z,geodesic_distance
0,-237.4790649,5.534142971,-3.897731949e-05,183.1844502
1,-237.4789581,5.534142971,38.76671219,183.1792785
2,-237.1831818,-6.329178333,-4.88726655e-05,183.2035377
3,-237.1831818,17.39746475,-4.88726655e-05,183.1663319
4,-237.1831055,17.39746475,38.76675034,183.1611324
5,-237.4790344,5.534142971,77.53331757,183.1637343
6,-237.1831055,-6.329178333,38.76675034,183.1983965
7,-237.1831818,17.39746475,77.53335571,183.1455155
8,-236.2964172,-18.16299438,-6.498494622e-05,183.2235886
9,-236.2964172,29.23128128,-6.498494622e-05,183.1491881
10,-236.2962952,29.23128128,38.76668549,183.1439625
11,-236.2963715,29.23128128,77.53329468,183.1282773
12,-237.1902008,-6.186752796,116.3000031,183.1567982
13,-237.1831818,-6.329178333,77.53335571,183.1829323
14,-237.4790039,5.676717281,116.3000031,183.1375173
15,-237.4755096,5.53423214,116.3000412,183.1377427
16,-236.2962952,-18.16299438,38.76668549,183.2184819
17,-237.1760406,17.53988838,116.2999802,183.1192244
18,-237.1796112,17.39737511,116.3000336,183.119438
19,-234.8208466,-29.93792152,-5.564205276e-05,183.2445967
20,-234.8208466,41.00620651,-5.564205276e-05,183.1330235
21,-234.8207397,41.00620651,38.76669312,183.1277728
22,-234.8207092,41.00620651,77.53337097,183.1120207
23,-236.2820892,29.37316895,116.3000183,183.1019161
24,-236.2928467,29.23101234,116.3000183,183.102118
25,-237.179718,-6.328909874,116.2999649,183.1570356
26,-232.9453583,-5.977451324,162.8417206,183.1110933
27,-236.3105164,-18.02110672,116.2999954,183.177071
28,-236.2963715,-18.16299438,77.53329468,183.2031081
29,-233.2289734,5.674183846,162.8416595,183.0917527
30,-234.8207397,-29.93792152,38.76669312,183.2395294
31,-232.9314575,17.32549095,162.8416443,183.0734066
32,-232.7600708,-41.62463379,3.345106234e-05,183.2665545
33,-232.7600708,52.69292068,3.345106234e-05,183.117843
34,-232.7600403,52.69292068,38.76671219,183.1125671
35,-232.7601166,52.69292068,77.5333252,183.0967474
36,-234.7994537,41.14720154,116.3000183,183.0855891
37,-234.8172913,41.00576019,116.3000259,183.0857792
38,-232.0535278,28.94747353,162.841629,183.0560432
39,-232.0813904,-17.60050583,162.8416443,183.1314412
40,-228.9789581,5.671620846,209.3833618,183.0290156
41,-228.7005768,-5.768149376,209.383316,183.0482113
42,-236.2928467,-18.16257858,116.3000183,183.1773204
43,-234.8419952,-29.79689789,116.2999725,183.1983398
44,-234.8207092,-29.93792152,77.53337097,183.22426
45,-228.6868744,17.11112404,209.383316,183.0108029
46,-232.7600403,-41.62463379,38.76671219,183.2615328
47,-227.8248901,28.5217762,209.3833466,182.9935519
48,-230.1194763,-53.19413376,-4.928664202e-05,183.2894535
49,-230.1194763,64.26239014,-4.928664202e-05,183.1036512
50,-230.1193695,64.26239014,38.76670074,183.0983494
51,-230.1194458,64.26239014,77.53330994,183.082459
52,-232.7318115,52.83266449,116.3000031,183.0702412
53,-232.7565918,52.69232559,116.3000412,183.0704194
54,-230.59729,40.51124954,162.8416595,183.0396523
55,-226.3951569,39.87529755,209.3833618,182.9772433
56,-230.6390076,-29.1659832,162.8417053,183.1528096
57,-227.8522949,-17.17984581,209.3833313,183.0684134
58,-224.4422913,16.8967247,255.9250031,182.9308393
59,-224.7290039,5.669087887,255.9249725,182.948556
60,-224.455719,-5.558847904,255.9250336,182.9672077
61,-234.8172913,-29.93732643,116.3000259,183.1986012
62,-232.788269,-41.48486328,116.3000259,183.2206085
63,-232.7601166,-41.62463379,77.5333252,183.2463857
64,-223.5962219,28.09608078,255.9250336,182.9140263
65,-230.1193695,-53.19413376,38.76670074,183.2844851
66,-222.1929932,39.23934937,255.9250031,182.8980886
67,-226.9052582,-64.6175766,7.596359501e-05,183.3132836
68,-226.9052582,75.6858902,7.596359501e-05,183.090453
69,-226.9053345,75.6858902,38.76668549,183.0851238
70,-226.9053192,75.6858902,77.53336334,183.0691577
71,-230.0842133,64.40058136,116.3000031,183.0558702
72,-230.1160126,64.26161957,116.2999649,183.0560368
73,-228.5665131,51.98806763,162.8416901,183.0242248
74,-224.4013367,51.14346695,209.3833466,182.96186
75,-220.2361298,50.29883957,255.9249725,182.8830009
76,-228.6220398,-40.64524078,162.8416443,183.1752135
77,-226.4361267,-28.53509712,209.3833618,183.0896479
78,-223.6231537,-16.75921631,255.9249725,182.9868297
79,-219.3675537,27.67038345,302.4666748,182.8176863
80,-220.1977081,16.68235779,302.4666443,182.833557
81,-220.4790039,5.666554451,302.4666748,182.8502161
82,-220.2108459,-5.349545956,302.4666748,182.8677036
83,-232.7566986,-41.62385941,116.2999725,183.2208819
84,-230.1545258,-53.05591202,116.3000488,183.2438809
85,-230.1194458,-53.19413376,77.53330994,183.2694822
86,-217.9908447,38.60342407,302.4666748,182.8025683
87,-226.9053345,-64.6175766,38.76668549,183.3083775
88,-216.0708771,49.45421219,302.4666748,182.7881711
89,-223.1259308,-75.86665344,-3.371465937e-05,183.3380331
90,-223.1259308,86.93492126,-3.371465937e-05,183.0782537
91,-223.1259155,86.93492126,38.76664734,183.0728951
92,-223.125885,86.93492126,77.5333252,183.0568465
93,-226.8632812,75.82211304,116.3000031,183.0424753
94,-226.9020233,75.68490601,116.2999954,183.0426302
95,-225.9662323,63.34939575,162.8417053,183.009753
96,-221.8483124,62.29821014,209.3833008,182.9473873
97,-217.7303314,61.24702072,255.9250031,182.8687407
98,-213.612442,60.19583511,302.4666443,182.7744665
99,-226.0353241,-52.00967026,162.8416901,183.1986679
100,-224.4558411,-39.80559158,209.383316,183.1119422
101,-222.2332306,-27.90418243,255.9250336,183.00746
102,-219.3939209,-16.33858681,302.4666748,182.8860637
103,-213.7886963,37.96747208,349.0083313,182.6921025
104,-215.1390076,27.24468803,349.0083313,182.7058046
105,-215.9530945,16.46792984,349.0083008,182.7200649
106,-216.2289734,5.663991451,349.0083313,182.7349217
107,-215.9660797,-5.140244484,349.0083008,182.7504186
108,-230.1160431,-53.19318008,116.3000107,183.2441663
109,-226.9473877,-64.48131561,116.2999649,183.2681601
110,-226.9053192,-64.6175766,77.53336334,183.2935452
111,-211.9056854,48.60961533,349.0083313,182.6789239
112,-223.1259155,-75.86665344,38.76664734,183.3332002
113,-209.4944458,59.14464569,349.0083313,182.6662376
114,-218.790329,-86.91334534,4.221864219e-05,183.3636884
115,-218.790329,97.98163605,4.221864219e-05,183.0670584
116,-218.7904053,97.98163605,38.76665115,183.0616681
117,-218.79039,97.98163605,77.53333282,183.0455286
118,-223.0771027,87.06891632,116.3000031,183.0300565
119,-223.1224976,86.93382263,116.3000259,183.0301996
120,-222.8028717,74.56699371,162.8416595,182.9962307
121,-218.7424622,73.31183624,209.3833008,182.9338123
122,-214.6819458,72.05670929,255.9250336,182.8552889
123,-210.6215363,70.80155945,302.4666748,182.7614291
124,-206.561142,69.5464325,349.0083313,182.6540163
125,-222.8853912,-63.23102188,162.8416748,183.2231886
126,-221.9161072,-50.96340179,209.3833313,183.1353264
127,-220.2895508,-38.96596909,255.9250641,183.0291407
128,-218.0303345,-27.27326775,302.4666748,182.9053454
129,-215.1648102,-15.91795635,349.0083618,182.7666033
130,-207.7404022,47.76498795,395.5500183,182.558213
131,-209.5865479,37.3315239,395.5500183,182.5695646
132,-210.9103546,26.81899071,395.5500183,182.5811682
133,-211.7085114,16.25353241,395.5499878,182.5930549
134,-211.9789429,5.661458492,395.5500183,182.6052586
135,-211.7211914,-4.930942535,395.5499878,182.617818
136,-226.9020233,-64.61647034,116.2999954,183.2684576
137,-223.1746063,-75.7326355,116.2999573,183.2934486
138,-223.125885,-75.86665344,77.5333252,183.3185695
139,-205.3764648,58.0934906,395.5500488,182.5470853
140,-218.7904053,-86.91334534,38.76665115,183.358941
141,-202.5007324,68.29124451,395.5499878,182.5361566
142,-213.9097137,-97.73018646,-5.021048128e-05,183.3902332
143,-213.9097137,108.7984772,-5.021048128e-05,183.0568736
144,-213.9095917,108.7984772,38.76670074,183.0514482
145,-213.9095764,108.7984772,77.5333786,183.0352082
146,-218.7349396,98.11299896,116.2999802,183.0186147
147,-218.7871246,97.98035431,116.3000107,183.0187461
148,-219.084198,85.61295319,162.8416748,182.9836529
149,-215.0914154,84.15695953,209.3833313,182.9211245
150,-211.0986481,82.7009964,255.9250031,182.8426291
151,-207.1057587,81.24500275,302.4666748,182.7490378
152,-203.1129608,79.78903961,349.0083313,182.6422356
153,-199.1201019,78.33305359,395.5500488,182.525403
154,-219.1799927,-74.28145599,162.8417053,183.2487918
155,-218.8234863,-61.98078156,209.3833008,183.1598322
156,-217.796936,-49.91716003,255.9250336,183.0519177
157,-216.1233215,-38.12637711,302.4666748,182.9256027
158,-213.8274231,-26.64232254,349.0083008,182.7835298
159,-210.9356995,-15.49735641,395.5500183,182.6307753
160,-201.2585602,57.04227066,442.0916443,182.4216232
161,-203.5752106,46.92039108,442.0916748,182.4306615
162,-205.3843994,36.6955719,442.0916748,182.4395987
163,-206.6816711,26.3933239,442.0916748,182.4484529
164,-207.4639282,16.03916359,442.0916443,182.4572434
165,-207.7290192,5.658895493,442.0916443,182.4659909
166,-207.4763336,-4.721641064,442.0916748,182.474718
167,-223.1226196,-75.8653717,116.3000031,183.2937582
168,-218.8457642,-86.78192139,116.2999954,183.3197478
169,-218.79039,-86.91334534,77.53333282,183.344548
170,-198.4402161,67.03612518,442.0917053,182.412466
171,-213.9095917,-97.73018646,38.76670074,183.3855856
172,-195.1273041,76.87709045,442.0916748,182.4031738
173,-208.4957581,-108.2903137,-3.810079943e-05,183.4176493
174,-208.4957581,119.3585663,-3.810079943e-05,183.0477054
175,-208.4957428,119.3585663,38.76663971,183.0422419
176,-208.4957123,119.3585663,77.53331757,183.0258905
177,-213.8477478,108.9269562,116.2999573,183.008152
178,-213.9064178,108.7970428,116.2999878,183.0082716
179,-214.8197021,96.45980835,162.8416595,182.9720166
180,-210.9044189,94.80661011,209.3833008,182.9093159
181,-206.9890442,93.15341949,255.9250336,182.8307471
182,-203.0737915,91.50025177,302.4666748,182.7372737
183,-199.1585236,89.84706116,349.0083313,182.630874
184,-195.2432556,88.19386292,395.5499878,182.5148042
185,-191.3279877,86.54064178,442.0916443,182.3937299
186,-214.9284363,-85.13341522,162.8416443,183.2754935
187,-215.1854248,-72.83024597,209.3833313,183.1854932
188,-214.7615051,-60.73048782,255.9250031,183.0758402
189,-213.6777344,-48.87092209,302.4666748,182.9468948
190,-211.9571228,-37.28672791,349.0083313,182.8012569
191,-209.6245422,-26.01143646,395.5499573,182.6441781
192,-206.7065582,-15.0766964,442.0916748,182.48345
193,-194.3797913,65.78096771,488.6333313,182.2889945
194,-197.1405792,55.99108505,488.6333618,182.2960003
195,-199.4099274,46.07573318,488.6333618,182.3025519
196,-201.182251,36.0596199,488.6333618,182.308653
197,-202.453125,25.96759796,488.6333008,182.3143058
198,-203.2193451,15.82476521,488.6333008,182.3195105
199,-203.4789886,5.656362057,488.6333313,182.324266
200,-203.2314606,-4.512339115,488.6333618,182.32857
201,-218.7871246,-86.91190338,116.3000107,183.3200697
202,-213.971405,-97.60169983,116.2999954,183.347058
203,-213.9095764,-97.73018646,77.5333786,183.3714718
204,-191.1345215,75.4210968,488.6333008,182.2815287
205,-208.4957428,-108.2903137,38.76663971,183.4131173
206,-187.4126282,84.88744354,488.6333618,182.2735952
207,-202.5622711,-118.567421,1.876260058e-06,183.4459146
208,-202.5622711,129.6357269,1.876260058e-06,183.0395611
209,-202.5622559,129.6357269,38.76668167,183.0340557
210,-202.5622253,129.6357269,77.53336334,183.0175813
211,-208.4275055,119.4838028,116.3000412,182.9986714
212,-208.49263,119.356987,116.3000259,182.9987792
213,-210.0197296,107.0806427,162.841629,182.9613202
214,-206.1917114,105.2343521,209.3833008,182.89838
215,-202.3636932,103.3880386,255.9250031,182.8196324
216,-198.5356598,101.5417557,302.4666443,182.7261215
217,-194.7076416,99.6954422,349.0083313,182.6199129
218,-190.8796234,97.84912872,395.5500183,182.5043406
219,-187.0516052,96.00284576,442.0916748,182.3841179
220,-183.223587,94.15653229,488.6333618,182.2651846
221,-210.1412048,-95.75997162,162.8417053,183.3033098
222,-211.0111389,-83.48491669,209.3833466,183.2123452
223,-211.1909027,-71.37905121,255.9250031,183.1009618
224,-210.6996155,-59.48022079,302.4666443,182.9692872
225,-209.5585327,-47.82468033,349.0083313,182.8198509
226,-207.7909088,-36.44710541,395.5499878,182.6580792
227,-205.4216461,-25.38052177,442.0916443,182.4922147
228,-202.4774475,-14.65606594,488.6333313,182.3324192
229,-187.1416473,73.96513367,535.1750488,182.1672967
230,-190.3193817,64.52584076,535.1749878,182.1727353
231,-193.0226746,54.93992615,535.1749878,182.1774241
232,-195.2447357,45.23113251,535.1749878,182.1813554
233,-196.9800873,35.42366791,535.1749878,182.1845169
234,-198.224472,25.54190254,535.1749878,182.1868915
235,-198.974762,15.61039734,535.1749878,182.1884577
236,-199.2289734,5.653829098,535.1750488,182.1891888
237,-198.9866943,-4.303037643,535.1749878,182.1890535
238,-213.9064484,-97.72859192,116.3000336,183.3473919
239,-208.5639343,-108.1650543,116.3000107,183.3753773
240,-208.4957123,-108.2903137,77.53331757,183.3993297
241,-183.4973602,83.23425293,535.1749878,182.1611123
242,-202.5622559,-118.567421,38.76668167,183.4415161
243,-179.3955688,92.31024933,535.1750488,182.1541808
244,-196.1237946,-128.5360413,2.847131509e-05,183.4750045
245,-196.1237946,139.6042938,2.847131509e-05,183.0324486
246,-196.1238708,139.6042938,38.76663971,183.0268975
247,-196.1238556,139.6042938,77.53331757,183.0102875
248,-202.4878845,129.75737,116.2999573,182.9901776
249,-202.5592346,129.6339569,116.2999954,182.9902735
250,-204.6962738,117.4489899,162.8416748,182.9515636
251,-200.9650726,115.4141693,209.3833771,182.888313
252,-197.2338409,113.3793564,255.9250336,182.8092762
253,-193.5026093,111.3445435,302.4666748,182.7155683
254,-189.7714081,109.3097305,349.0083618,182.6093361
255,-186.0401917,107.2748871,395.5500183,182.4939949
256,-182.30896,105.2401047,442.0916748,182.3743219
257,-178.5777435,103.2052917,488.6333313,182.256285
258,-174.8465271,101.1704788,535.1749878,182.1464978
259,-204.8302155,-106.134697,162.8416901,183.3322563
260,-206.3109589,-93.91828156,209.3833771,183.2404253
261,-207.0939484,-81.83640289,255.9250031,183.1273402
262,-207.1963501,-69.9278717,302.4666443,182.9928512
263,-206.637619,-58.22992325,349.0083618,182.8393847
264,-205.4393463,-46.77841187,395.5499878,182.6725383
265,-203.6246033,-35.60748672,442.0917053,182.5010431
266,-201.2186584,-24.74960709,488.6333618,182.3358085
267,-198.2483368,-14.23543644,535.1749878,182.1880142
268,-179.5820923,81.58108521,581.7166748,182.0628307
269,-183.1488495,72.50917053,581.7166748,182.0672122
270,-186.2589722,63.2706871,581.7166748,182.0706589
271,-188.9046936,53.88874054,581.7166748,182.0731569
272,-191.0795441,44.38653564,581.7166138,182.0746865
273,-192.7779388,34.78771591,581.7166748,182.0752212
274,-193.9958038,25.11620522,581.7166748,182.0747287
275,-194.7301636,15.39599991,581.7166138,182.0731694
276,-194.9790497,5.651266098,581.7166138,182.0704958
277,-194.7418213,-4.093735695,581.7166748,182.0666525
278,-208.4927216,-108.2885437,116.2999573,183.3757234
279,-202.6365967,-118.4457397,116.3000031,183.4047023
280,-202.5622253,-118.567421,77.53336334,183.4281078
281,-175.5676422,90.46393585,581.7166748,182.0575224
282,-196.1238708,-128.5360413,38.76663971,183.4707594
283,-171.1153107,99.13563538,581.7166748,182.0512897
284,-189.1965179,-138.1713104,1.209629545e-06,183.5048897
285,-189.1965179,149.2395935,1.209629545e-06,183.0263765
286,-189.1965027,149.2395935,38.76668167,183.0207755
287,-189.196579,149.2395935,77.53328705,183.0040171
288,-196.0435181,139.7221069,116.2999954,182.9826761
289,-196.1208954,139.602417,116.3000031,182.98276
290,-198.8627777,127.5391006,162.8416443,182.942749
291,-195.2375336,125.3208237,209.3833466,182.8791136
292,-191.6124115,123.1025772,255.9250336,182.7996733
293,-187.9872589,120.8843002,302.4666443,182.7056047
294,-184.3621368,118.6660233,349.0083008,182.5991306
295,-180.7368927,116.4477463,395.5500183,182.483751
296,-177.1117554,114.2294998,442.0916748,182.3643254
297,-173.4866333,112.0111923,488.6333313,182.2468821
298,-169.861496,109.7929459,535.1749878,182.1380534
299,-166.2362518,107.574646,581.7166748,182.0441295
300,-199.0088043,-116.2318115,162.8416443,183.3623475
301,-201.0966034,-104.1043549,209.3833008,183.2697722
302,-202.4808197,-92.07655334,255.9249725,183.1550373
303,-203.176651,-80.18791962,302.4666748,183.0176651
304,-203.2018127,-68.47667694,349.0083008,182.8599402
305,-202.5757446,-56.97965622,395.5500183,182.6876222
306,-201.3201447,-45.73213959,442.0916443,182.5099714
307,-199.4583893,-34.76786423,488.6333313,182.3387331
308,-197.0157623,-24.11872101,535.1750488,182.1860278
309,-194.0191956,-13.81480598,581.7166138,182.0615759
310,-171.7396088,88.61765289,628.2583008,181.9802209
311,-175.6668243,79.92789459,628.2583008,181.9839265
312,-179.1560669,71.05317688,628.2583008,181.9866518
313,-182.1985779,62.01556396,628.2583008,181.9883858
314,-184.7867889,52.8375206,628.2583008,181.9891062
315,-186.9142761,43.54190826,628.2583618,181.9887871
316,-188.5757904,34.15179443,628.2583618,181.9873968
317,-189.7672577,24.6905098,628.2583008,181.9848963
318,-190.4855804,15.18160152,628.2583008,181.9812393
319,-190.7290192,5.648732662,628.2583008,181.976372
320,-190.4969482,-3.884434223,628.2583618,181.9702294
321,-202.5592651,-118.5655136,116.3000412,183.4050604
322,-196.2041321,-128.4181824,116.3000031,183.4350269
323,-196.1238556,-128.5360413,77.53331757,183.4577895
324,-167.3840942,97.10082245,628.2583618,181.9755434
325,-189.1965027,-138.1713104,38.76668167,183.5008203
326,-162.6111145,105.3563995,628.2583618,181.9698949
327,-181.7975922,-147.4493103,-1.036743106e-05,183.5355376
328,-181.7975922,158.5175629,-1.036743106e-05,183.021354
329,-181.7975616,158.5175629,38.76667023,183.015699
330,-181.7975464,158.5175629,77.53334808,182.9987788
331,-189.1103973,149.353241,116.3000183,182.9761739
332,-189.1937408,149.2375488,116.2999496,182.9762459
333,-192.5334625,137.3259125,162.841629,182.9348796
334,-189.0233002,134.9296875,209.3833466,182.8707823
335,-185.5132751,132.533493,255.9250336,182.7908207
336,-182.0032196,130.1372681,302.4666748,182.6962233
337,-178.4931488,127.741066,349.0083008,182.5892848
338,-174.9829865,125.344841,395.5500183,182.4735943
339,-171.4729462,122.948616,442.0916748,182.3541118
340,-167.9628754,120.5523911,488.6333313,182.2369595
341,-164.4528198,118.1561966,535.1749878,182.1288342
342,-160.9426727,115.7599716,581.7166748,182.0360332
343,-157.4326172,113.3637695,628.2583618,181.9632751
344,-192.6911621,-126.0261688,162.8416901,183.393597
345,-195.3809052,-114.0178909,209.3833466,183.3004259
346,-197.3629303,-102.0740128,255.9250336,183.1841193
347,-198.650589,-90.23484802,302.4666443,183.0438144
348,-199.2594299,-78.53941345,349.0083008,182.881607
349,-199.2071686,-67.02548218,395.5500183,182.703406
350,-198.5138397,-55.72935867,442.0916443,182.5190395
351,-197.200943,-44.68589783,488.6333008,182.341187
352,-195.2921753,-33.92821503,535.1749878,182.1830459
353,-192.8128662,-23.48780632,581.7166748,182.0551914
354,-189.7900848,-13.39420605,628.2583008,181.9627439
355,-164.3536835,93.66163635,674.8000488,181.922147
356,-166.5101776,89.61054993,674.7999878,181.9237474
357,-166.5509949,89.53374481,674.8000488,181.9237756
358,-167.8696289,86.75146484,674.7999878,181.9247137
359,-168.4792175,85.46528625,674.7999878,181.9251159
360,-170.2812958,81.6628952,674.7999878,181.9261982
361,-170.4283752,81.3110199,674.7999878,181.9262855
362,-171.7057495,78.25556183,674.7999878,181.9269828
363,-172.1986237,77.07678986,674.7999878,181.927223
364,-173.6419373,73.62437439,674.7999878,181.9278412
365,-173.9319153,72.82844543,674.7999878,181.9279572
366,-175.1155701,69.5798111,674.7999878,181.9283543
367,-175.5029907,68.51625824,674.8000488,181.9284584
368,-176.6235809,65.44074249,674.7999878,181.9286887
369,-177.0159454,64.18487549,674.7999878,181.9287461
370,-178.0904541,60.7455368,674.7999878,181.9288093
371,-178.384552,59.80417252,674.7999878,181.9288036
372,-179.2216644,57.12470627,674.7999878,181.9287336
373,-179.673172,55.40108871,674.8000488,181.92864
374,-180.6232758,51.77441406,674.7999878,181.9283327
375,-180.836319,50.96137619,674.7999878,181.9282437
376,-181.4289703,48.69916916,674.7999878,181.9279574
377,-181.8972626,46.4980011,674.7999878,181.9276179
378,-182.7078247,42.68851852,674.7999878,181.9269007
379,-182.8523712,42.00890732,674.7999878,181.9267556
380,-183.2419586,40.17791367,674.7999878,181.926339
381,-183.6829987,37.49698639,674.7999878,181.9256543
382,-184.3388367,33.51008987,674.7999878,181.9244847
383,-184.427887,32.96831131,674.8000488,181.9243117
384,-184.6558075,31.58328056,674.7999878,181.9238544
385,-185.0259399,28.41949463,674.7999878,181.9227191
386,-185.5123596,24.26174355,674.7999878,181.921051
387,-185.5592194,23.86111069,674.7999878,181.9208796
388,-185.6680908,22.93092155,674.7999878,181.9204743
389,-185.9230347,19.28728867,674.7999878,181.9187774
390,-186.2254181,14.96613121,674.7999878,181.9165606
391,-186.2433929,14.70911598,674.8000488,181.9164215
392,-186.2761078,14.24145794,674.8000488,181.9161666
393,-186.3721466,10.12218094,674.7999878,181.9137888
394,-186.4764557,5.646110058,674.7999878,181.9109683
395,-186.4790039,5.534172535,674.7999878,181.9108945
396,-186.387207,0.9456878304,674.8000488,181.9077119
397,-186.3294373,-1.942783117,674.7999878,181.9055679
398,-186.2219849,-3.639459133,674.7999878,181.9042459
399,-186.2198029,-3.673105955,674.7999878,181.9042193
400,-185.9317169,-8.219837189,674.7999878,181.9004846
401,-196.1210175,-128.5339813,116.2999802,183.4353969
402,-189.2826233,-138.0576172,116.2999878,183.4663419
403,-189.196579,-138.1713104,77.53328705,183.4883542
404,-162.456955,97.2249527,674.7999878,181.9205787
405,-163.6164703,95.04666901,674.7999878,181.9215564
406,-162.174942,97.69994354,674.7999878,181.920349
407,-181.7975616,-147.4493103,38.76667023,183.5316679
408,-157.4490967,105.5671616,674.7999878,181.9161006
409,-158.010498,104.7146912,674.7999878,181.9166171
410,-158.9566803,103.1207733,674.8000488,181.9175203
411,-159.832077,101.6463318,674.7999878,181.918326
412,-173.9453888,-156.3469543,-3.691078746e-05,183.5669107
413,-173.9453888,167.4152679,-3.691078746e-05,183.0173914
414,-173.9453735,167.4152679,38.76664352,183.0116782
415,-173.9453583,167.4152679,77.5333252,182.9945828
416,-181.7058716,158.6268005,116.3000183,182.9706796
417,-181.7948456,158.5154266,116.2999878,182.9707393
418,-185.7241211,146.7850189,162.8416748,182.9279608
419,-182.3378448,144.2168732,209.3833466,182.8633222
420,-178.9515686,141.6486511,255.9250031,182.7827183
421,-175.5653381,139.0804291,302.4667053,182.6874203
422,-172.1790466,136.5122528,349.0083313,182.5797901
423,-168.7927704,133.9440613,395.5499878,182.4635119
424,-165.4065094,131.3758545,442.0916748,182.3436639
425,-162.0202332,128.8076324,488.6333313,182.2264982
426,-158.6339569,126.2394791,535.1749878,182.1188219
427,-155.2476959,123.6712646,581.7166748,182.0269868
428,-151.8614197,121.1030502,628.2583008,181.9556761
429,-152.3441467,113.1933899,674.7999878,181.911
430,-153.2185364,111.9914627,674.7999878,181.9118862
431,-153.9017944,110.9538956,674.7999878,181.9126047
432,-154.9249878,109.4001846,674.7999878,181.9136523
433,-185.89328,-135.4934692,162.8416748,183.4260163
434,-189.178299,-123.6341705,209.383316,183.3324272
435,-191.7531128,-111.8039474,255.9250031,183.2146569
436,-193.629303,-100.0436707,302.4666138,183.0713924
437,-194.820343,-88.39313507,349.0083008,182.9044854
438,-195.3421478,-76.89091492,395.5499878,182.7199744
439,-195.2126312,-65.57428741,442.0916748,182.528294
440,-194.4518433,-54.47909164,488.6333313,182.3431644
441,-193.0817566,-43.63965988,535.1749878,182.1790122
442,-191.1259613,-33.08862305,581.7166138,182.0474152
443,-188.6099701,-22.85686111,628.2583008,181.9538307
444,-185.7786407,-10.63522625,674.7999878,181.8983869
445,-185.5408173,-12.79085827,674.7999878,181.896426
446,-185.5211945,-12.9691658,674.7999878,181.8962608
447,-185.0375977,-17.35275841,674.7999878,181.8920579
448,-164.3426361,92.4837265,681.5613403,181.9163885
449,-162.1935577,96.44317627,681.59729,181.9147378
450,-166.3963165,88.47194672,681.5253296,181.9178419
451,-168.3533325,84.4101944,681.4892578,181.9190912
452,-170.2124329,80.30078125,681.453125,181.9201393
453,-171.9724579,76.14603424,681.4169312,181.9209808
454,-173.6321259,71.948349,681.3806763,181.9216171
455,-175.190506,67.7101059,681.3443604,181.9220439
456,-176.6464539,63.43379593,681.3080444,181.9222597
457,-177.9991608,59.12190628,681.2716064,181.9222631
458,-179.2474213,54.77690887,681.2351685,181.9220494
459,-180.3906708,50.40130234,681.1986084,181.9216189
460,-181.4279633,45.99771118,681.1619873,181.9209644
461,-182.3586578,41.56863785,681.1253052,181.9200871
462,-183.1819153,37.11670685,681.088623,181.918978
463,-183.8973541,32.64448166,681.0517578,181.917639
464,-184.504303,28.15467262,681.0148926,181.9160597
465,-185.0023956,23.64987183,680.9778442,181.9142418
466,-185.3911743,19.1327343,680.9406128,181.9121745
467,-185.6701508,14.60593987,680.9033813,181.9098579
468,-185.839325,10.07217216,680.8658447,181.9072819
469,-185.895813,5.534172535,680.8280029,181.9044511
470,-185.8392792,0.9961431623,680.8659668,181.9012646
471,-185.6701965,-3.537594795,680.9034424,181.8978119
472,-185.3911285,-8.064388275,680.9407349,181.8940777
473,-189.1937866,-138.1691132,116.2999954,183.4667238
474,-181.8891907,-147.3400421,116.3000336,183.4986349
475,-181.7975464,-147.4493103,77.53334808,183.519778
476,-159.950531,100.348114,681.6331177,181.9128845
477,-173.9453735,-156.3469543,38.76664352,183.5632669
478,-157.6149445,104.196312,681.6688843,181.9108354
479,-155.188324,107.9856186,681.7045288,181.9085843
480,-165.6594238,-164.8421631,-2.090354428e-05,183.5989667
481,-165.6594238,175.9104767,-2.090354428e-05,183.0144995
482,-165.6594086,175.9104767,38.76665878,183.0087239
483,-165.6593933,175.9104767,77.53334045,182.9914401
484,-173.8483887,167.5197449,116.3000107,182.9662027
485,-173.942688,167.4129333,116.3000107,182.9662501
486,-178.451889,155.8930054,162.8416443,182.9220001
487,-175.1977997,153.1591949,209.3833313,182.8567386
488,-171.9437256,150.4253998,255.9250336,182.7753686
489,-168.689743,147.6916046,302.4666138,182.6791947
490,-165.4356842,144.95784,349.0083313,182.5706407
491,-162.1815948,142.2240448,395.5500183,182.4534913
492,-158.9276123,139.4902496,442.0916443,182.3329644
493,-155.6735382,136.7564545,488.6333313,182.2154764
494,-152.4194641,134.0226593,535.1750488,182.1079936
495,-149.16539,131.2888641,581.7167358,182.0169701
496,-145.9113922,128.5550232,628.2583008,181.9470844
497,-146.8722534,120.560379,674.7999878,181.9050448
498,-148.0946808,119.0347672,674.7999878,181.9063875
499,-148.4641266,118.5268478,674.7999878,181.9068082
500,-149.6442261,116.9047394,674.7999878,181.9081256
501,-152.6720581,111.7138596,681.7400513,181.9061381
502,-150.067749,115.3789749,681.7755127,181.9034903
503,-178.6318665,-144.6101379,162.8417206,183.4596151
504,-182.5039215,-132.9293365,209.3833618,183.3658179
505,-185.6653137,-121.2421646,255.9250031,183.2467249
506,-188.1253204,-109.5900269,302.4666443,183.1005003
507,-189.8956146,-98.01334381,349.0083313,182.9286861
508,-190.9901276,-86.55142975,395.5499878,182.7374224
509,-191.4248352,-75.24241638,442.0916748,182.5377886
510,-191.2180786,-64.12309265,488.6333313,182.34466
511,-190.3899689,-53.22882462,535.1749878,182.1738641
512,-188.9624634,-42.59341812,581.7167358,182.0381499
513,-186.9596558,-32.24900436,628.2583618,181.943396
514,-184.8232269,-19.29521561,674.8000488,181.8901069
515,-184.4126892,-21.8977623,674.7999878,181.8873737
516,-184.3620148,-22.21888161,674.8000488,181.8870292
517,-183.6975861,-26.43123245,674.7999878,181.8823656
518,-185.0024414,-12.58149719,680.9779053,181.8900605
519,-184.504364,-17.0863266,681.0149536,181.8857486
520,-162.1214905,95.3420105,688.3092651,181.9095047
521,-164.2080841,91.43460083,688.2420654,181.9110149
522,-159.9446716,99.19598389,688.3764038,181.9078069
523,-166.203186,87.47580719,688.1747437,181.9123367
524,-168.1054077,83.46781158,688.1072998,181.9134682
525,-169.9134369,79.41275787,688.0397949,181.9144078
526,-171.6260681,75.31282043,687.972229,181.9151535
527,-173.2420959,71.17027283,687.904541,181.9157036
528,-174.7604065,66.98736572,687.836792,181.9160554
529,-176.1798248,62.76643372,687.769043,181.9162066
530,-177.4994049,58.50976944,687.7011719,181.9161548
531,-178.7181549,54.21975327,687.6332397,181.915897
532,-179.8351593,49.89880371,687.5651855,181.9154304
533,-180.8494415,45.54936218,687.4971924,181.9147512
534,-181.7603607,41.17381668,687.4290161,181.9138565
535,-182.5671082,36.77475357,687.3606567,181.9127421
536,-183.2689209,32.35459518,687.2922974,181.9114042
537,-183.8653564,27.91589546,687.2236938,181.9098384
538,-184.3557434,23.46119308,687.1549683,181.9080405
539,-184.7394867,18.99308014,687.0860596,181.9060052
540,-185.0162506,14.51411915,687.0169678,181.9037281
541,-185.1858063,10.02696228,686.9475098,181.9012036
542,-185.8504791,5.534172535,681.2965698,181.9039698
543,-185.1858063,1.041383028,686.9477539,181.8952581
544,-185.0162506,-3.44577384,687.0171509,181.8918302
545,-184.739502,-7.924735069,687.0862427,181.8881372
546,-181.7949829,-147.4469757,116.2999649,183.4990283
547,-174.0422974,-156.2424011,116.2999954,183.5318893
548,-173.9453583,-156.3469543,77.5333252,183.552032
549,-157.6791992,102.9944992,688.4433594,181.9059229
550,-165.6594086,-164.8421631,38.76665878,183.5955773
551,-155.3265076,106.735527,688.5101929,181.9038532
552,-152.88797,110.4171295,688.5769043,181.9015987
553,-156.9602661,-172.9137878,-3.139397813e-05,183.631658
554,-156.9602661,183.9820404,-3.139397813e-05,183.01269
555,-156.9602509,183.9820404,38.76664734,183.006848
556,-156.9602356,183.9820404,77.5333252,182.9893628
557,-165.557251,176.0099792,116.3000183,182.9627544
558,-165.6568451,175.9080353,116.3000031,182.9627895
559,-170.7345581,164.6271667,162.8416748,182.9170063
560,-167.6208954,161.7345581,209.3833313,182.8510393
561,-164.5072021,158.8419342,255.9249725,182.7687773
562,-161.3934174,155.9493866,302.4667053,182.6715475
563,-158.2797089,153.056778,349.0083008,182.5618326
564,-155.1659241,150.1641541,395.5500183,182.4435223
565,-152.0522308,147.2715759,442.0916443,182.3219948
566,-148.9384308,144.3789673,488.6333313,182.2038696
567,-145.8247528,141.4863434,535.1749878,182.0963222
568,-142.7109528,138.5937653,581.7166748,182.005958
569,-139.5972748,135.7011871,628.2583618,181.9374818
570,-138.0129547,131.0946045,674.7999878,181.894492
571,-141.0464783,127.650589,674.7999878,181.8982294
572,-142.646698,125.8338699,674.7999878,181.9001136
573,-144.0023346,124.1419601,674.7999878,181.9017414
574,-144.6018066,122.5115967,681.8459473,181.8976036
575,-147.3771362,118.9788895,681.810791,181.9006476
576,-150.3654327,114.0373383,688.6433105,181.8991601
577,-147.7603455,117.5942993,688.7095337,181.8965377
578,-170.9250946,-153.3535309,162.8416901,183.4943999
579,-175.3746033,-141.880249,209.3832855,183.4006396
580,-179.1145325,-130.3652039,255.9250031,183.2804029
581,-182.1523438,-118.8501587,302.4667053,183.1312485
582,-184.4975433,-107.3760986,349.0083008,182.9543324
583,-186.161911,-95.98298645,395.5500183,182.7558574
584,-187.1598969,-84.7097168,442.0916748,182.5475849
585,-187.5076294,-73.59391022,488.6333008,182.3456697
586,-187.2235413,-62.67189789,535.1749878,182.1675314
587,-186.3279724,-51.97855759,581.7166748,182.0272868
588,-184.8432617,-41.54714966,628.2583618,181.9313336
589,-183.466095,-27.89872742,674.7999878,181.8806763
590,-182.8402863,-30.93832588,674.7999878,181.8770206
591,-182.745285,-31.39942741,674.8000488,181.8764526
592,-181.9147797,-35.4335289,674.7999878,181.8713352
593,-183.8973083,-21.57613564,681.0519409,181.8811403
594,-183.1819763,-26.04833221,681.0886841,181.876223
595,-184.3556519,-12.39284801,687.1552124,181.8841741
596,-183.8652649,-16.84752083,687.223999,181.8799344
597,-161.9571228,94.39638519,694.9321899,181.9046541
598,-159.8447876,98.20839691,695.0261841,181.9030991
599,-163.9829254,90.5321579,694.8380737,181.9060328
600,-157.6474457,101.9662933,695.1199951,181.9013693
601,-165.9208221,86.61756134,694.7438965,181.9072337
602,-167.7693939,82.65465546,694.6496582,181.9082549
603,-169.5275269,78.64543915,694.5552979,181.9090946
604,-171.1937408,74.59196472,694.4609375,181.9097505
605,-172.7669067,70.49629211,694.3665161,181.9102205
606,-174.2457581,66.36056519,694.2720337,181.9105021
607,-175.6292572,62.18701553,694.1775513,181.9105925
608,-176.9162445,57.97782516,694.0831299,181.9104891
609,-178.1057587,53.73516846,693.9885254,181.9101889
610,-179.1967316,49.46136475,693.8939819,181.9096887
611,-180.1884155,45.15877533,693.7993164,181.9089851
612,-181.0797729,40.82971954,693.7046509,181.9080745
613,-181.8700714,36.47652435,693.6098022,181.9069532
614,-182.5584869,32.10163116,693.5148926,181.9056171
615,-183.1444092,27.7074585,693.4197998,181.9040619
616,-183.627182,23.29644585,693.324585,181.9022831
617,-184.0062103,18.87112999,693.229126,181.9002762
618,-184.2809143,14.43392086,693.1334229,181.8980362
619,-185.2115784,5.534172535,686.8736572,181.8984272
620,-184.4510498,9.98741436,693.0374756,181.8955579
621,-184.5199585,5.534172535,692.9106445,181.892863
622,-184.451004,1.080900908,693.0377808,181.8896948
623,-184.2808685,-3.365605593,693.1337891,181.8863071
624,-184.0061646,-7.802753925,693.2294312,181.8826681
625,-173.9428101,-156.3445129,116.2999878,183.5322942
626,-165.7614441,-164.742569,116.2999725,183.5660839
627,-165.6593933,-164.8421631,77.53334045,183.5850831
628,-155.3665771,105.6682205,695.2136841,181.8994659
629,-156.9602509,-172.9137878,38.76664734,183.6285536
630,-153.0036316,109.3123245,695.3071289,181.8973901
631,-150.5601044,112.8968887,695.4004517,181.8951426
632,-147.8696442,-180.541748,-1.041377914e-06,183.6649309
633,-147.8696442,191.6100616,-1.041377914e-06,183.0119754
634,-147.8696136,191.6100616,38.76667786,183.0060631
635,-147.8695984,191.6100616,77.53335571,182.9883642
636,-156.853363,184.0764008,116.2999802,182.9603475
637,-156.9578705,183.9794769,116.3000183,182.9603699
638,-162.5916443,172.9657898,162.8416443,182.9129908
639,-159.625946,169.9215851,209.3833466,182.8462346
640,-156.660202,166.8773956,255.9250031,182.7629524
641,-153.6945953,163.8331757,302.4666443,182.6644841
642,-150.7288971,160.7889557,349.0083313,182.5533645
643,-147.7631836,157.7447357,395.5500183,182.4335954
644,-144.7975616,154.7004852,442.0916138,182.3107366
645,-141.8318481,151.6562958,488.6333313,182.1916504
646,-138.8661194,148.6120758,535.1749878,182.0837745
647,-135.9005127,145.5679016,581.7166138,181.9939186
648,-132.9347992,142.5236816,628.2583008,181.9268439
649,-134.8876495,134.4536896,674.7999878,181.890543
650,-136.4755096,132.8009033,674.8000488,181.8925452
651,-136.8897095,132.3698425,674.7999878,181.8930588
652,-138.8037415,129.3675842,681.9157715,181.8909199
653,-141.7434235,125.9751358,681.8809204,181.8943613
654,-142.3091583,124.5112991,688.8412476,181.8907422
655,-145.0743408,121.0862427,688.7755737,181.8937316
656,-148.0378113,116.4202728,695.4934082,181.8927247
657,-145.4381256,119.8807068,695.5861206,181.8901367
658,-162.7920685,-161.7019043,162.8416901,183.5303737
659,-167.8078766,-150.4646759,209.3833313,183.4369336
660,-172.1172791,-139.1503601,255.9249725,183.3157743
661,-175.7251892,-127.8010635,302.4666748,183.1637573
662,-178.6393585,-116.4581604,349.0083618,182.98156
663,-180.8696594,-105.1621704,395.5500183,182.7754009
664,-182.4283142,-93.95265198,442.0916748,182.5577547
665,-183.3296509,-82.86799622,488.6333313,182.3461902
666,-183.590332,-71.94539642,535.1750488,182.1599354
667,-183.2290039,-61.22070312,581.7166138,182.0147011
668,-182.2660675,-50.72826004,628.2583008,181.9175221
669,-181.7090759,-36.4325943,674.7999878,181.8700256
670,-180.8273315,-39.89100266,674.7999878,181.8652902
671,-180.6749878,-40.48836136,674.7999878,181.8644505
672,-179.6934814,-44.33813477,674.7999878,181.858886
673,-179.5571747,-44.87273026,674.7999878,181.8580918
674,-178.37854,-48.73430634,674.8000488,181.8520993
675,-182.3586121,-30.50029182,681.1254883,181.8709935
676,-181.4279175,-34.92936325,681.1621704,181.8654391
677,-183.2689209,-21.28621864,687.2924805,181.875413
678,-182.5670166,-25.70638084,687.3609619,181.8706026
679,-183.6271362,-12.22813034,693.3248901,181.8787728
680,-183.1443481,-16.63908386,693.420166,181.8746165
681,-161.6871643,93.60036469,701.4608154,181.900179
682,-159.6376495,97.37902832,701.5774536,181.8987558
683,-157.5065918,101.1049728,701.6939697,181.8971682
684,-163.653656,89.77079773,701.3441772,181.9014361
685,-155.2953186,104.776535,701.8104248,181.8954178
686,-165.5356903,85.89199066,701.227417,181.9025253
687,-167.331955,81.96589661,701.1107178,181.9034445
688,-169.0411224,77.99428558,700.9939575,181.9041915
689,-170.6618805,73.97920227,700.8771973,181.9047641
690,-172.1928406,69.9224472,700.7605591,181.9051597
691,-173.6330261,65.82614899,700.6439209,181.9053757
692,-174.9811401,61.69232941,700.5272827,181.9054095
693,-176.2360535,57.52307129,700.4107666,181.9052578
694,-177.3966827,53.32043839,700.2943115,181.9049177
695,-178.4621124,49.08663177,700.1777954,181.9043861
696,-179.4313507,44.82388687,700.0613403,181.9036592
697,-180.30336,40.53440857,699.9448853,181.9027336
698,-181.0773468,36.22043228,699.8284302,181.9016054
699,-181.7524567,31.88425446,699.7119141,181.9002706
700,-182.3281403,27.52825737,699.5952759,181.8987249
701,-182.803421,23.1547966,699.4785767,181.896964
702,-183.1777802,18.7661953,699.3616943,181.8949831
703,-183.4506378,14.36492825,699.2446289,181.8927776
704,-183.6215973,9.953439713,699.1271973,181.8903427
705,-183.652298,5.534172535,699.0042114,181.8876763
706,-183.6214905,1.114905357,699.1276855,181.8845694
707,-183.4506378,-3.296613216,699.2449951,181.8812355
708,-183.1776886,-7.697849751,699.3621826,181.8776618
709,-165.6569824,-164.8395844,116.2999802,183.5665
710,-157.0671539,-172.819397,116.2999649,183.6011927
711,-156.9602356,-172.9137878,77.5333252,183.6188923
712,-153.0056,108.3919983,701.9265747,181.8935063
713,-147.8696136,-180.541748,38.76667786,183.6621441
714,-150.6387329,111.9498291,702.0426025,181.8914346
715,-148.1964722,115.4484482,702.1583252,181.8892043
716,-138.4100037,-187.7071075,6.405213753e-06,183.6987265
717,-138.4100037,198.7753754,6.405213753e-06,183.0123687
718,-138.4099884,198.7753754,38.76668549,183.0063827
719,-138.4099731,198.7753754,77.53336334,182.9884584
720,-147.7581177,191.6989441,116.2999649,182.9589958
721,-147.8673553,191.6073914,116.3000259,182.9590054
722,-154.0430756,180.8881531,162.841629,182.9099663
723,-151.2328339,177.6998901,209.3833313,182.8423375
724,-148.4225464,174.5116425,255.9250031,182.7579056
725,-145.6123047,171.3233948,302.4667053,182.6580118
726,-142.8020172,168.1351318,349.0083618,182.5452378
727,-139.991745,164.9468842,395.5500183,182.4237026
728,-137.1815796,161.7586365,442.0916443,182.2991702
729,-134.3713074,158.570343,488.6333008,182.1787883
730,-131.5610504,155.3821259,535.1749878,182.070313
731,-128.7507782,152.1938477,581.7166748,181.9808136
732,-125.9405136,149.0056152,628.2583618,181.9151412
733,-128.3881683,140.9317627,674.7999878,181.8819701
734,-129.9407959,139.4498291,674.8000488,181.8840546
735,-131.7079773,137.7631073,674.7999878,181.8863665
736,-135.7846375,132.6870575,681.9503784,181.8872802
737,-132.6880035,135.9317932,681.9848022,181.883441
738,-136.548111,131.1539459,688.9718018,181.8842133
739,-139.4665375,127.8677292,688.9066772,181.8875694
740,-140.0136719,126.6064072,695.7704468,181.8844533
741,-142.7628784,123.276619,695.6784668,181.8873794
742,-145.6802216,118.8863831,702.2738037,181.8868162
743,-143.0917664,122.2620926,702.388855,181.8842715
744,-154.253067,-169.6345062,162.8416595,183.5675352
745,-159.8227844,-158.6612396,209.3833313,183.4747399
746,-164.6906891,-147.5758057,255.9250336,183.352927
747,-168.8599548,-136.4204559,302.4666748,183.1981558
748,-172.3358459,-125.2369308,349.0083618,183.0105203
749,-175.1264801,-114.0661392,395.5499878,182.7961899
750,-177.2418671,-102.9482498,442.0916748,182.5683812
751,-178.6946106,-91.92229462,488.6333618,182.3462215
752,-179.4994354,-81.02628326,535.1750488,182.1509898
753,-179.6731262,-70.29689789,581.7166138,182.0002512
754,-179.2343597,-59.76953888,628.2583618,181.9018262
755,-178.1560364,-49.46330261,674.8000488,181.8509349
756,-177.0388184,-53.12371063,674.8000488,181.8449302
757,-177.0136414,-53.20623398,674.8000488,181.8447917
758,-175.5000305,-57.44719315,674.7999878,181.8373491
759,-180.390625,-39.33298492,681.1987305,181.8595552
760,-179.2474823,-43.70856094,681.2352295,181.8533298
761,-177.999115,-48.05359268,681.2717285,181.8467549
762,-181.7603607,-30.10550117,687.4291992,181.8654975
763,-180.8494568,-34.48101807,687.4973755,181.86009
764,-182.5584412,-21.03325653,693.5151978,181.8701941
765,-181.8700256,-25.40817833,693.6101074,181.8655002
766,-182.8033295,-12.08645058,699.4790649,181.8738453
767,-182.3280334,-16.45991135,699.5957642,181.8697819
768,-161.2978821,92.94808197,707.8897705,181.8960705
769,-159.309494,96.70159149,708.0250244,181.8947685
770,-157.2428589,100.4039383,708.1602173,181.8933116
771,-155.099411,104.0535278,708.2953491,181.8917018
772,-163.2065582,89.14500427,707.7545776,181.8972157
773,-152.8806,107.648819,708.4304199,181.8899406
774,-165.0341034,85.29392242,707.6194458,181.898202
775,-166.7791748,81.39660645,707.484375,181.899027
776,-168.4403687,77.45483398,707.3494263,181.8996885
777,-170.0164795,73.47035217,707.2145996,181.900184
778,-171.5061951,69.44498444,707.0799561,181.9005108
779,-172.9082336,65.38057709,706.9454956,181.900666
780,-174.2215118,61.2791481,706.8111572,181.900647
781,-175.4447784,57.14261627,706.677002,181.9004505
782,-176.5770569,52.97297287,706.5430298,181.9000733
783,-177.6171112,48.77224731,706.4092407,181.8995122
784,-178.5641174,44.54257965,706.2755737,181.8987637
785,-179.417038,40.28606415,706.1419678,181.8978241
786,-180.174881,36.00484085,706.0085449,181.8966895
787,-180.8369446,31.7011776,705.8751221,181.895356
788,-181.402298,27.37721825,705.7418213,181.8938192
789,-181.8703156,23.03534889,705.6084595,181.8920751
790,-182.2401886,18.67771149,705.4749756,181.8901189
791,-182.5113678,14.30672455,705.3414307,181.8879457
792,-183.0373688,5.534172535,703.3231812,181.8842751
793,-182.6832581,9.924739838,705.2077026,181.8855502
794,-182.683197,1.143575191,705.2081909,181.8798812
795,-182.5113068,-3.238379478,705.34198,181.8766079
796,-182.2401276,-7.609366894,705.4755249,181.8731081
797,-156.9579926,-172.911087,116.2999954,183.6016196
798,-147.9810791,-180.4528046,116.2999878,183.6371833
799,-147.8695984,-180.541748,77.53335571,183.6534148
800,-150.5879822,111.1883545,708.5653687,181.8880299
801,-138.4099884,-187.7071075,38.76668549,183.6962917
802,-148.223175,114.670784,708.7000122,181.8859711
803,-145.7875977,118.0946808,708.8344727,181.8837657
804,-128.6049957,-194.3920288,1.536456512e-05,183.7329783
805,-128.6049957,205.4602814,1.536456512e-05,183.013884
806,-128.6049805,205.4602814,38.76669312,183.0078209
807,-128.6050568,205.4602814,77.53330231,182.9896608
808,-138.2942352,198.8585968,116.2999802,182.9587148
809,-138.4078674,198.772644,116.3000107,182.9587115
810,-145.1102448,188.3745422,162.8416595,182.9079479
811,-142.4623718,185.0501556,209.3833466,182.8393633
812,-139.814621,181.7258301,255.9250031,182.7536513
813,-137.166748,178.4014435,302.4667053,182.6521419
814,-134.5189362,175.0770569,349.0083008,182.5374571
815,-131.8710785,171.7526855,395.5499878,182.4138376
816,-129.2232056,168.428299,442.0916748,182.2872754
817,-126.5754242,165.1039429,488.6333008,182.1652492
818,-123.927536,161.7795868,535.1749878,182.055894
819,-121.2796707,158.4552307,581.7166748,181.9665988
820,-118.6318893,155.1308289,628.2583008,181.9023385
821,-121.5899582,147.0949097,674.7999878,181.8725058
822,-123.0998917,145.7824402,674.7999878,181.8746476
823,-125.0537491,144.0841827,674.7999878,181.8773527
824,-125.407074,143.7771301,674.7999878,181.8778353
825,-129.5155029,139.0999298,682.019043,181.8793993
826,-133.5558624,134.3681488,689.036499,181.8806736
827,-130.4914551,137.5088043,689.1008301,181.8769488
828,-134.300415,133.061676,695.953125,181.8780958
829,-137.192276,129.8685913,695.8619995,181.8813587
830,-137.7046356,128.8212891,702.6178589,181.8787156
831,-140.4326324,125.574173,702.5036011,181.881571
832,-143.2828522,121.4587402,708.9686279,181.8814148
833,-140.7106323,124.761673,709.102417,181.8789199
834,-145.3292389,-177.1316071,162.8416901,183.605878
835,-151.4389801,-166.4496307,209.3833466,183.5140976
836,-156.8533783,-155.6205902,255.9250031,183.3919525
837,-161.5734558,-144.6869354,302.4666748,183.2345849
838,-165.6026154,-133.6905518,349.0083313,183.0413799
839,-168.9464722,-122.6727829,395.5500183,182.8183788
840,-171.6135101,-111.6741409,442.0916748,182.579561
841,-173.6140747,-100.7343216,488.6333008,182.3457675
842,-174.9609985,-89.89196777,535.1749878,182.1405982
843,-175.6692047,-79.18456268,581.7166748,181.9837771
844,-175.7558289,-68.64839935,628.2583618,181.8840919
845,-175.1948547,-58.30228424,674.7999878,181.8358013
846,-174.0858765,-61.40947342,674.7999878,181.8300474
847,-173.9407654,-61.76295853,674.7999878,181.8293644
848,-172.1984863,-66.00874329,674.7999878,181.8209407
849,-176.6464996,-52.36548233,681.3081055,181.8398216
850,-175.1904449,-56.64175797,681.3445435,181.8325181
851,-179.8350525,-38.83042908,687.5654907,181.8543735
852,-178.7181549,-43.15140915,687.6334229,181.8483401
853,-177.4994049,-47.44139099,687.701416,181.8419821
854,-181.0797272,-29.76137352,693.7049561,181.8605296
855,-180.188385,-34.0904274,693.7996826,181.8552764
856,-181.7524567,-20.81590843,699.7123413,181.8654675
857,-181.0772552,-25.15205765,699.8289185,181.860898
858,-181.8702698,-11.9669733,705.6089478,181.8693784
859,-181.4022369,-16.30890274,705.7423706,181.8654154
860,-160.7760925,92.43380737,714.2127686,181.892318
861,-158.8472595,96.17006683,714.362854,181.891127
862,-156.843338,99.85676575,714.5130005,181.8897898
863,-154.7657623,103.4923782,714.663208,181.8883084
864,-152.6158905,107.0755157,714.8134155,181.8866848
865,-162.6282043,88.64939117,714.0629883,181.8933604
866,-150.3953552,110.6048813,714.963562,181.8849209
867,-164.4024506,84.81830597,713.9133301,181.8942521
868,-166.0973358,80.94221497,713.763916,181.8949906
869,-167.7116241,77.02267456,713.6147461,181.8955734
870,-169.2438354,73.061409,713.4659424,181.8959978
871,-170.6928253,69.06005859,713.3174438,181.8962611
872,-172.0574493,65.02043915,713.1691895,181.8963604
873,-173.3363037,60.94434738,713.0213013,181.8962926
874,-174.5283203,56.83365631,712.8738403,181.8960546
875,-175.6323395,52.69017792,712.7266235,181.8956433
876,-176.6473083,48.51588821,712.579834,181.8950551
877,-177.5722961,44.31283569,712.4332886,181.8942867
878,-178.4061584,40.08299255,712.2870483,181.8933343
879,-179.1480713,35.82838058,712.1410522,181.8921942
880,-179.7969513,31.55109406,711.9953613,181.8908623
881,-180.3522186,27.25336075,711.8497925,181.8893347
882,-180.8129883,22.93726921,711.7044067,181.887607
883,-181.17836,18.60505486,711.5591431,181.8856748
884,-181.447937,14.25892162,711.4138184,181.8835337
885,-182.7311096,5.534172535,705.069519,181.8829392
886,-181.6208801,9.90119648,711.2684937,181.8811789
887,-181.6704407,5.534172535,711.1185303,181.8786163
888,-181.6207733,1.167148829,711.269165,181.8756121
889,-181.4478302,-3.190576553,711.4144287,181.8724111
890,-181.1782532,-7.536678791,711.5597534,181.8689933
891,-147.8674927,-180.5389404,116.3000031,183.6376205
892,-138.5257263,-187.6238251,116.2999878,183.6740171
893,-138.4099731,-187.7071075,77.53336334,183.6885996
894,-148.1054993,114.0792389,715.1136475,181.8830185
895,-128.6049805,-194.3920288,38.76669312,183.7309319
896,-145.7479248,117.4972687,715.2635498,181.8809793
897,-143.324173,120.8577728,715.413208,181.8788049
898,-118.4790268,-200.5799103,-3.261313395e-05,183.7676134
899,-118.4790268,211.6481323,-3.261313395e-05,183.0165355
900,-118.4790039,211.6481323,38.76664734,183.0103928
901,-118.4789886,211.6481323,77.5333252,182.9919876
902,-128.48526,205.5376434,116.3000031,182.9595213
903,-128.6031189,205.4574127,116.2999802,182.9595049
904,-135.8153839,195.4064026,162.8416901,182.9069527
905,-133.3365173,191.9541626,209.3833923,182.8373302
906,-130.8577271,188.5019226,255.9249725,182.7502074
907,-128.3788757,185.0497437,302.4666748,182.646889
908,-125.8999863,181.5975037,349.0083313,182.5300289
909,-123.4212189,178.1452637,395.5499573,182.4039951
910,-120.9423523,174.6930542,442.0916443,182.2750317
911,-118.4634933,171.2408295,488.6333313,182.1509956
912,-115.9846191,167.7885895,535.1750488,182.0404679
913,-113.5058441,164.3363495,581.7166138,181.9512225
914,-111.0269775,160.88414,628.2583618,181.8883938
915,-114.4981308,152.9180145,674.7999878,181.862122
916,-115.9533539,151.7676392,674.7999878,181.8642962
917,-118.0985031,150.0718231,674.7999878,181.8674284
918,-118.8326187,149.4914856,674.8000488,181.8684844
919,-122.951004,145.1996307,682.086731,181.8706864
920,-126.2691574,142.189743,682.0530396,181.8751331
921,-127.3567734,140.5744629,689.1647949,181.873037
922,-131.3399353,136.1842194,696.0437012,181.8746646
923,-128.3123627,139.234848,696.1337891,181.8710647
924,-132.0485687,135.1152954,702.8447876,181.8725426
925,-134.9093628,132.002121,702.7316284,181.8757058
926,-135.370224,131.179306,709.3685303,181.8735027
927,-138.072525,128.0022278,709.2357178,181.8762822
928,-140.8356934,124.159668,715.5626831,181.8764967
929,-138.2842712,127.4018555,715.7116699,181.8740562
930,-136.0427399,-184.1745605,162.8416748,183.6453894
931,-142.6773529,-173.8104095,209.3833466,183.5550422
932,-148.6248932,-163.26474,255.9250336,183.4329453
933,-153.8840942,-152.5799255,302.4666443,183.2731952
934,-158.4562683,-141.7980652,349.0083618,183.0743236
935,-162.3452759,-130.9606628,395.5499878,182.8421426
936,-165.5572205,-120.1086349,442.0916443,182.5914069
937,-168.1005096,-109.282135,488.6333313,182.3448355
938,-169.9862976,-98.520401,535.1749878,182.1286542
939,-171.2272949,-87.86161041,581.7166748,181.9650978
940,-171.8389587,-77.34286499,628.2583618,181.864142
941,-171.7984467,-66.98345947,674.8000488,181.8189452
942,-170.7781525,-69.46995544,674.7999878,181.8137556
943,-170.4200897,-70.23841095,674.7999878,181.8120808
944,-173.6321716,-60.87997437,681.3807983,181.8248285
945,-171.9724121,-65.07769012,681.4170532,181.8167418
946,-176.1798248,-51.69805908,687.7692261,181.8352914
947,-174.7604218,-55.91899109,687.8369751,181.8282591
948,-179.1966858,-38.39299011,693.8943481,181.8497349
949,-178.1057281,-42.66682053,693.9888916,181.8438989
950,-176.9161987,-46.90945053,694.0834351,181.837762
951,-180.3032684,-29.46606255,699.9453735,181.8560689
952,-179.4312592,-33.75553894,700.0618286,181.8509758
953,-180.8368073,-20.63280296,705.8757324,181.8612158
954,-180.1748352,-24.93652725,706.0090942,181.8567764
955,-180.8128662,-11.86892319,711.7050781,181.865357
956,-180.3521118,-16.18498421,711.8504639,181.8615002
957,-160.1092072,92.05180359,720.4241333,181.8889083
958,-158.2387238,95.7783432,720.5853271,181.8878189
959,-156.2960052,99.4569397,720.7468872,181.886591
960,-154.2825317,103.086235,720.9086304,181.8852267
961,-152.1997833,106.6649551,721.0705566,181.8837284
962,-150.0491638,110.1918488,721.2325439,181.8820982
963,-161.9061432,88.27859497,720.2632446,181.8898568
964,-147.8320465,113.6658783,721.3947144,181.8803381
965,-163.6280365,84.46016693,720.1027832,181.8906619
966,-165.2737427,80.59796906,719.942688,181.8913212
967,-166.8417511,76.69350433,719.7831421,181.8918319
968,-168.3308258,72.74836731,719.6240845,181.8921911
969,-169.7397919,68.76406097,719.4654541,181.8923962
970,-171.0672455,64.74229431,719.3074341,181.8924441
971,-172.312027,60.68486023,719.1500244,181.8923316
972,-173.473053,56.59333038,718.993103,181.8920557
973,-174.5490417,52.4695816,718.836792,181.8916131
974,-175.5390625,48.3154068,718.6809692,181.8910004
975,-176.4420776,44.13267899,718.5256958,181.8902141
976,-177.2569122,39.92340088,718.3709106,181.8892506
977,-177.9826813,35.68941498,718.2166748,181.8881061
978,-178.6185455,31.43280792,718.0628052,181.8867767
979,-179.1635437,27.15557861,717.9094238,181.8852586
980,-179.6168518,22.85981178,717.7563477,181.8835474
981,-179.9777222,18.54759598,717.6036377,181.881639
982,-180.2454681,14.22113228,717.4511719,181.8795291
983,-180.4194641,9.882570267,717.2988281,181.8772132
984,-181.3477783,5.534172535,712.9588623,181.8773888
985,-180.4192963,1.18577528,717.2995605,181.871763
986,-180.245285,-3.152787209,717.4519043,181.8686355
987,-179.9775391,-7.479279518,717.6044312,181.8653035
988,-138.4080048,-187.7041931,116.2999878,183.6744641
989,-128.724823,-194.314621,116.2999649,183.7116472
990,-128.6050568,-194.3920288,77.53330231,183.7243881
991,-145.5500336,117.0858154,721.5567627,181.87845
992,-118.4790039,-200.5799103,38.76664734,183.7659933
993,-143.2046051,120.4505539,721.71875,181.8764358
994,-140.7971649,123.7591476,721.8805542,181.8742968
995,-108.0571899,-206.2553558,-4.226500823e-05,183.8025521
996,-108.0571899,217.3236389,-4.226500823e-05,183.0203382
997,-108.0571594,217.3236389,38.76663589,183.0141137
998,-108.0571442,217.3236389,77.53331757,182.9954559
999,-118.3555069,211.7194214,116.3000412,182.9614338
1000,-118.477211,211.6452179,116.3000259,182.9614039
1001,-126.1815796,201.9661407,162.8416748,182.9069999
1002,-123.8778992,198.3946838,209.3833313,182.8362595
1003,-121.5742111,194.8232422,255.9250031,182.7475949
1004,-119.2705383,191.2516632,302.4666748,182.6422713
1005,-116.9668503,187.6802216,349.0083313,182.5229641
1006,-114.663147,184.1087036,395.5499878,182.394172
1007,-112.3594666,180.5372314,442.0916443,182.2624173
1008,-110.0557938,176.965744,488.6333313,182.1359864
1009,-107.7521057,173.3942261,535.1749878,182.0239789
1010,-105.4484329,169.8227539,581.7166748,181.9346246
1011,-103.1447525,166.251236,628.2583008,181.8732554
1012,-103.3520584,160.9902649,674.7999878,181.8447727
1013,-104.9216309,159.9714203,674.7999878,181.8472656
1014,-107.1297302,158.3871613,674.8000488,181.850797
1015,-108.5185165,157.3907166,674.8000488,181.8529782
1016,-110.8588486,155.7116852,674.7999878,181.8565743
1017,-111.9987411,154.8938446,674.7999878,181.8582975
1018,-116.1011581,150.9771118,682.1542969,181.8611394
1019,-119.5629959,148.1277924,682.1202393,181.8660144
1020,-124.1537094,143.5635376,689.2283325,181.8689397
1021,-120.8843765,146.4745483,689.2913208,181.8646561
1022,-125.219696,142.212265,696.2233887,181.8672963
1023,-129.1238403,138.1597748,702.9573975,181.8692258
1024,-126.1370392,141.1343536,703.0693359,181.8657555
1025,-129.7792053,137.3382874,709.6324463,181.8675241
1026,-132.6052246,134.291626,709.5007935,181.8705829
1027,-132.9985657,133.7027283,716.0083008,181.868784
1028,-135.6713562,130.5831909,715.8602295,181.8714849
1029,-138.3294067,127.0106125,722.0420532,181.8720347
1030,-135.8026276,130.2039948,722.2033081,181.8696519
1031,-126.4168777,-190.7458801,162.8416443,183.686049
1032,-133.559845,-180.7253113,209.3833008,183.5976051
1033,-140.0256042,-170.489212,255.9249725,183.4760033
1034,-145.8107758,-160.0798645,302.4666748,183.3141498
1035,-150.9148254,-149.5392761,349.0083008,183.1095553
1036,-155.3390656,-138.9091949,395.5500183,182.8676786
1037,-159.0879517,-128.2307587,442.0916748,182.6040496
1038,-162.1678467,-117.544487,488.6333008,182.3434411
1039,-164.5876465,-106.8901291,535.1749878,182.1150416
1040,-166.3583984,-96.30645752,581.7166748,181.944007
1041,-167.4936981,-85.83128357,628.2583008,181.8417816
1042,-168.4818573,-74.39852905,674.7999878,181.8027572
1043,-167.9754028,-75.48558807,674.7999878,181.8002437
1044,-167.0997314,-77.36499786,674.8000488,181.795826
1045,-166.4889221,-78.53105927,674.7999878,181.7929612
1046,-164.3589935,-82.59643555,674.7999878,181.7826689
1047,-170.2124939,-69.23242188,681.453186,181.8082606
1048,-173.2421112,-60.10189438,687.9047241,181.8208749
1049,-171.6260681,-64.24447632,687.9724121,181.81313
1050,-175.6292267,-51.1186409,694.1779175,181.8313177
1051,-174.2457123,-55.29221725,694.2723999,181.8245587
1052,-178.4620361,-38.01828384,700.1782837,181.8456139
1053,-177.396698,-42.25206375,700.2946777,181.8399785
1054,-176.2359619,-46.45469666,700.4112549,181.8340643
1055,-179.4169006,-29.21772003,706.1425781,181.8520937
1056,-178.5640564,-33.47423553,706.276062,181.8471642
1057,-179.7968445,-20.48274803,711.9960327,181.8574202
1058,-179.1479645,-24.76000786,712.1417236,181.8531147
1059,-179.6166992,-11.79146671,717.7571411,181.861765
1060,-179.1633759,-16.08720398,717.9101562,181.858018
1061,-159.289505,91.79645538,726.5194092,181.8858269
1062,-157.4760742,95.52043915,726.6885986,181.8848303
1063,-155.5933075,99.1982193,726.8582153,181.883702
1064,-153.6425018,102.828476,727.0283813,181.8824443
1065,-151.6252136,106.4100266,727.1987915,181.8810596
1066,-149.5425873,109.9418411,727.3696289,181.879551
1067,-147.3963318,113.4228134,727.5406494,181.8779201
1068,-161.0321808,88.02738953,726.3508301,181.8866897
1069,-145.1876068,116.8520126,727.7119141,181.8761697
1070,-162.7027893,84.21450806,726.1828003,181.8874159
1071,-164.2999268,80.35925293,726.0155029,181.8880028
1072,-165.8223114,76.4630127,725.848938,181.8884476
1073,-167.2687225,72.52722931,725.6830444,181.8887475
1074,-168.6378021,68.55332947,725.5180054,181.8888994
1075,-169.9284058,64.54289246,725.3536987,181.8889004
1076,-171.139328,60.49752426,725.1901855,181.8887474
1077,-172.2693634,56.41892624,725.0275269,181.8884371
1078,-173.3174286,52.30862045,724.8656616,181.8879664
1079,-174.2823029,48.1684227,724.7046509,181.8873318
1080,-175.1631317,44.00017929,724.5443726,181.8865299
1081,-175.9587555,39.80559158,724.3848877,181.8855571
1082,-176.6681824,35.58656693,724.2261963,181.8844098
1083,-177.2905579,31.34501076,724.0681763,181.8830842
1084,-177.8250122,27.08289146,723.9107666,181.8815764
1085,-178.2706299,22.802145,723.7540283,181.8798825
1086,-178.6266327,18.50482941,723.5979004,181.8779982
1087,-178.8923492,14.19296932,723.4421997,181.8759195
1088,-180.4531708,5.534172535,717.1367188,181.8746931
1089,-179.3462524,5.534172535,722.3059082,181.8716384
1090,-179.0670471,9.868711472,723.2869873,181.8736417
1091,-179.0668182,1.199603558,723.2878418,181.8683108
1092,-178.8921204,-3.124624014,723.4431152,181.8652633
1093,-178.6263885,-7.436483383,723.5987549,181.8620218
1094,-128.6031494,-194.3890228,116.3000259,183.7121037
1095,-118.6024551,-200.5085602,116.3000183,183.7500199
1096,-118.4789886,-200.5799103,77.5333252,183.7607148
1097,-142.9181366,120.2283783,727.8831787,181.8743011
1098,-108.0571594,-206.2553558,38.76663589,183.8013975
1099,-140.5890808,123.5510712,728.0545044,181.8723156
1100,-138.2021484,126.8191605,728.225647,181.8702133
1101,-97.36531067,-211.4042511,2.065152512e-05,183.8377075
1102,-97.36531067,222.4725189,2.065152512e-05,183.0253075
1103,-97.36538696,222.4725189,38.76662827,183.0189996
1104,-97.3653717,222.4725189,77.53330994,183.0000836
1105,-107.930275,217.3886566,116.3000031,182.9644718
1106,-108.0555267,217.3205872,116.2999954,182.9644283
1107,-116.2327652,208.0375824,162.8416901,182.9081107
1108,-114.1099701,204.3556824,209.3832855,182.8361748
1109,-111.9871368,200.6737823,255.9250031,182.7458389
1110,-109.8643875,196.9919434,302.4666443,182.6383108
1111,-107.741539,193.3101196,349.0083923,182.5162762
1112,-105.618782,189.6281586,395.5500183,182.3843673
1113,-103.4960098,185.9463196,442.0916138,182.2494101
1114,-101.3731537,182.2644196,488.6333618,182.1201763
1115,-99.25039673,178.58255,535.1749878,182.0063638
1116,-97.12754822,174.9006805,581.7166748,181.9167381
1117,-95.00479126,171.2187805,628.2583008,181.8568707
1118,-95.59612274,165.894989,674.7999878,181.8319922
1119,-97.61421967,164.7147827,674.7999878,181.8353518
1120,-99.50240326,163.4891357,674.7999878,181.8385118
1121,-100.8138123,162.6378632,674.7999878,181.8406741
1122,-105.1746826,159.1030121,682.2774658,181.8449844
1123,-108.9062042,156.4679718,682.232666,181.8506249
1124,-112.548912,153.7580566,682.1917725,181.8560069
1125,-114.082016,152.1030731,689.4267578,181.8554266
1126,-117.5386887,149.3140411,689.3557129,181.860169
1127,-122.0639343,145.1151123,696.3122559,181.8633605
1128,-118.8293381,147.9532166,696.4031982,181.8592384
1129,-123.0901413,144.0375977,703.180542,181.862131
1130,-126.8939056,140.3182678,709.7634277,181.8643291
1131,-123.951149,143.2302551,709.8936157,181.8609876
1132,-127.4793167,139.7528992,716.3026733,181.862998
1133,-130.2673187,136.7595825,716.1558228,181.8659547
1134,-130.578476,136.4130096,722.5244141,181.8645276
1135,-133.2185211,133.3383331,722.3641357,181.867149
1136,-135.7586517,130.0317993,728.3966675,181.8680027
1137,-133.260025,133.1882172,728.5674438,181.8656787
1138,-116.4752655,-196.8292236,162.8416443,183.7278289
1139,-124.1088257,-187.1771545,209.3833923,183.6418138
1140,-131.0768433,-177.276062,255.9250031,183.5212258
1141,-137.3737488,-167.1679993,302.4666748,183.3576229
1142,-142.9967804,-156.8949585,349.0083008,183.1473003
1143,-147.9454498,-146.4986267,395.5500183,182.8952102
1144,-152.2218628,-136.0203247,442.0917053,182.6176423
1145,-155.8306274,-125.5008698,488.6333313,182.3416066
1146,-158.7785034,-114.9803543,535.1749878,182.0996332
1147,-161.0746613,-104.4981155,581.7166748,181.9202705
1148,-162.7306061,-94.09254456,628.2583008,181.8167841
1149,-163.7349243,-83.78778076,674.7999878,181.7795585
1150,-163.0565643,-85.08244324,674.8000488,181.7761293
1151,-162.1567993,-86.62111664,674.7999878,181.7718665
1152,-159.8398743,-90.58292389,674.7999878,181.7605361
1153,-168.3532715,-73.34184265,681.4893799,181.7993467
1154,-166.396286,-77.4036026,681.5254517,181.7900202
1155,-164.3426056,-81.41536713,681.5614624,181.7802222
1156,-169.9134369,-68.34438324,688.039978,181.8050168
1157,-172.766861,-59.42791748,694.3668213,181.817478
1158,-171.1936951,-63.52359009,694.4613037,181.810068
1159,-174.9810486,-50.62395096,700.527771,181.8278665
1160,-173.6329346,-54.75777435,700.6444092,181.8213794
1161,-177.6170654,-37.70389938,706.40979,181.8419842
1162,-176.5769043,-41.90459824,706.5436401,181.83655
1163,-175.4447327,-46.07424164,706.6775513,181.8308581
1164,-178.4060516,-29.01464653,712.2877197,181.848581
1165,-177.5721893,-33.24451828,712.43396,181.8438166
1166,-178.6183777,-20.36443329,718.0635986,181.8540606
1167,-177.9825134,-24.62109947,718.2174683,181.849891
1168,-178.270401,-11.7338295,723.7549438,181.8585844
1169,-177.8247681,-16.01454544,723.9116821,181.8549497
1170,-158.315094,91.66201782,732.4972534,181.8830577
1171,-156.5578003,95.39031982,732.6715088,181.8821459
1172,-154.7337189,99.07409668,732.8464966,181.8811085
1173,-152.8443909,102.7121811,733.0221558,181.8799481
1174,-150.890976,106.3035736,733.1984253,181.8786646
1175,-148.8748932,109.8471909,733.3751831,181.8772679
1176,-146.7974396,113.3421936,733.5525513,181.8757532
1177,-144.660141,116.7876434,733.7302246,181.8741297
1178,-160.0043182,87.89032745,732.3238525,181.8838424
1179,-142.4643707,120.1825409,733.9081421,181.8723942
1180,-161.6240997,84.07634735,732.1514282,181.8844964
1181,-163.1733093,80.22144318,731.9797974,181.8850179
1182,-164.6504822,76.32685089,731.8092041,181.8854029
1183,-166.0544128,72.39395142,731.6396484,181.8856486
1184,-167.3839264,68.4240799,731.4710693,181.8857524
1185,-168.6376648,64.41870117,731.3035889,181.885711
1186,-169.8146362,60.37935638,731.137207,181.8855215
1187,-170.9135742,56.30752563,730.9719238,181.8851805
1188,-171.9333191,52.20481873,730.8077393,181.8846848
1189,-172.872818,48.07281494,730.6446533,181.8840312
1190,-173.7311401,43.91324615,730.482605,181.8832163
1191,-174.5070343,39.72783661,730.3217163,181.8822365
1192,-175.1996613,35.51831818,730.1618042,181.8810884
1193,-175.8080292,31.28650856,730.0029907,181.8797682
1194,-176.3313293,27.03428268,729.8450317,181.8782724
1195,-176.7686462,22.76349068,729.6880493,181.8765969
1196,-177.1192017,18.47609901,729.5319214,181.8747379
1197,-177.3821259,14.17404461,729.3765869,181.8726914
1198,-179.1337128,5.534172535,723.1278687,181.8711699
1199,-177.5569611,9.859413147,729.2219849,181.8704532
1200,-177.6002197,5.534172535,729.0570068,181.8680318
1201,-177.5566559,1.208931684,729.2229614,181.8652397
1202,-177.3819275,-3.105699539,729.3775635,181.8622788
1203,-177.1188965,-7.407753944,729.5328979,181.8591313
1204,-118.4773407,-200.5767975,116.3000031,183.7504846
1205,-108.1839981,-206.1902466,116.2999878,183.7890709
1206,-108.0571442,-206.2553558,77.53331757,183.7975055
1207,-140.2114258,123.5262451,734.0863037,181.8705507
1208,-97.36538696,-211.4042511,38.76662827,183.8370583
1209,-137.9027405,126.8178864,734.2645874,181.8685808
1210,-135.5396881,130.0567169,734.4428711,181.8665391
1211,-86.43022919,-216.0138092,-3.262845348e-05,183.8729841
1212,-86.43022919,227.0821075,-3.262845348e-05,183.0314589
1213,-86.43021393,227.0821075,38.76664734,183.025067
1214,-86.43018341,227.0821075,77.5333252,183.0058895
1215,-97.23537445,222.5311737,116.2999725,182.9686562
1216,-97.36386871,222.4694214,116.2999649,182.9685989
1217,-105.9936523,213.6055603,162.8416901,182.9103085
1218,-104.0569916,209.8224487,209.3833313,182.837103
1219,-102.1203766,206.0393372,255.9250031,182.744968
1220,-100.1837616,202.2561798,302.4667053,182.6350339
1221,-98.24710083,198.4730682,349.0083313,182.5099836
1222,-96.31048584,194.6899567,395.5500183,182.3745821
1223,-94.37385559,190.9068604,442.0916748,182.235987
1224,-92.43721008,187.1237488,488.6333313,182.1035159
1225,-90.50058746,183.3405762,535.1749878,181.9875518
1226,-88.56397247,179.5575104,581.7166748,181.8974864
1227,-86.62732697,175.7743988,628.2583618,181.8391766
1228,-87.60967255,170.4141541,674.7999878,181.8182029
1229,-90.09564209,169.1117554,674.7999878,181.8225388
1230,-91.6342926,168.2119141,674.7999878,181.8252327
1231,-92.85818481,167.49617,674.7999878,181.8273499
1232,-97.45388031,164.1320953,682.3824463,181.8329019
1233,-101.3563766,161.6590576,682.3269653,181.8390722
1234,-106.8310089,157.5120697,689.5901489,181.8451383
1235,-103.0395203,160.1196899,689.6848755,181.8395796
1236,-110.5124283,154.8376923,689.5045776,181.8504183
1237,-115.4639816,150.7560577,696.5039673,181.8548545
1238,-111.963768,153.5187988,696.6150513,181.8501948
1239,-119.9617538,146.8822937,703.2945557,181.858328
1240,-116.0947037,150.1942291,699.9829102,181.8545775
1241,-120.9243851,146.0891113,710.0274048,181.8574715
1242,-124.3164139,142.9242554,713.1911011,181.8604552
1243,-121.3388443,145.7929077,713.3336182,181.8570777
1244,-124.6364822,142.6814575,716.4486694,181.8599276
1245,-124.9102478,142.5003662,719.6660767,181.8594375
1246,-127.8839874,139.427124,722.6841431,181.8617877
1247,-128.1031952,139.3299103,728.9077759,181.8607052
1248,-130.7077637,136.2878113,728.737793,181.8632478
1249,-133.1237793,133.2420044,734.6210327,181.8643687
1250,-130.6560822,136.3733368,734.7990723,181.8621226
1251,-106.2428131,-202.4094543,162.8416748,183.7706901
1252,-114.3481216,-193.1498718,209.3833313,183.6876876
1253,-121.8008423,-183.608429,255.9250336,183.5687133
1254,-128.5938568,-173.8268127,302.4666748,183.4038016
1255,-134.7219086,-163.8468323,349.0083618,183.1878071
1256,-140.1826935,-153.7100677,395.5499878,182.9249897
1257,-144.9761505,-143.4579773,442.0916443,182.6323633
1258,-149.10466,-133.1314697,488.6333618,182.3393666
1259,-152.573288,-122.7709656,535.1750488,182.0822905
1260,-155.3891296,-112.4162216,581.7166138,181.8936222
1261,-157.5616913,-102.1061096,628.2583618,181.7888914
1262,-159.0873718,-91.86959076,674.8000488,181.7567409
1263,-158.6596222,-92.60101318,674.8000488,181.754558
1264,-157.43396,-94.48920441,674.8000488,181.7486538
1265,-162.1936188,-85.37483215,681.5973511,181.7700017
1266,-159.9505005,-89.2797699,681.6332397,181.7592616
1267,-168.105423,-72.39942169,688.1074829,181.796522
1268,-166.2032013,-76.40743256,688.1749268,181.787639
1269,-164.2080841,-80.3662262,688.2423096,181.7783515
1270,-169.5274963,-67.57706451,694.5556641,181.8023218
1271,-172.1928558,-58.85410309,700.7609863,181.8145978
1272,-170.6618042,-62.91082382,700.8776855,181.807516
1273,-174.2214661,-50.21077347,706.8117065,181.8249045
1274,-172.9081879,-54.31222916,706.9460449,181.8186851
1275,-176.6472015,-37.44754028,712.5805054,181.8388188
1276,-175.6322327,-41.6218338,712.7272949,181.8335851
1277,-174.5282288,-45.76528168,712.8744507,181.8281126
1278,-177.2567596,-28.85508537,718.3717041,181.8455074
1279,-176.4419098,-33.06436539,718.5264893,181.8409081
1280,-177.2903137,-20.27666473,724.0690308,181.8511166
1281,-176.6679382,-24.51825142,724.2270508,181.8470836
1282,-176.7684479,-11.69514561,729.6889648,181.8557973
1283,-176.331131,-15.96590805,729.8460083,181.8522764
1284,-157.1917572,91.64279938,738.3610229,181.8805827
1285,-155.4898529,95.38179779,738.5378418,181.8797501
1286,-153.7235718,99.07808685,738.7157593,181.8787962
1287,-151.8944702,102.7306061,738.8945923,181.8777265
1288,-150.0036774,106.3383255,739.0742798,181.8765235
1289,-148.052597,109.900383,739.2548218,181.8752405
1290,-146.042511,113.4159546,739.4360352,181.8738205
1291,-143.9747009,116.8842316,739.6178589,181.8723192
1292,-141.850647,120.3042908,739.8002319,181.8706839
1293,-158.8282623,87.86204529,738.1852417,181.8812973
1294,-160.3978577,84.04061127,738.0106812,181.8818842
1295,-161.8993683,80.17974854,737.8372803,181.882348
1296,-163.331543,76.28065491,737.6651611,181.8826786
1297,-164.6932526,72.34451294,737.4942627,181.8828754
1298,-165.9830627,68.37260437,737.3247681,181.8829355
1299,-167.1999054,64.36634064,737.1566772,181.8828564
1300,-168.3426056,60.32711411,736.9899292,181.8826343
1301,-169.4101105,56.2563858,736.824585,181.8822662
1302,-170.4011536,52.15552521,736.6606445,181.881749
1303,-171.3148041,48.02614594,736.4981079,181.8810794
1304,-172.1499023,43.86991501,736.3369751,181.8802542
1305,-172.905426,39.68832016,736.1772461,181.8792701
1306,-173.5805664,35.48309326,736.0187988,181.8781235
1307,-174.1741791,31.25596046,735.8617554,181.876811
1308,-174.6854706,27.00862312,735.7059326,181.875329
1309,-175.1136475,22.7430172,735.5513916,181.8736739
1310,-175.4577942,18.46081161,735.3979492,181.871842
1311,-175.7171783,14.1639719,735.2457275,181.8698297
1312,-175.8911133,9.854466438,735.0944824,181.8676334
1313,-175.9401703,5.534172535,734.9324341,181.8652498
1314,-176.8937225,5.534172535,731.7887573,181.8667199
1315,-175.8908386,1.21387887,735.09552,181.8625477
1316,-175.7167969,-3.095626354,735.2468262,181.8596697
1317,-175.457428,-7.392495155,735.3990479,181.8566161
1318,-108.0556412,-206.2521667,116.2999725,183.7895433
1319,-97.49533844,-211.3455353,116.3000107,183.8287265
1320,-97.3653717,-211.4042511,77.53330994,183.8346774
1321,-139.9608917,123.5797119,737.0509644,181.8697428
1322,-86.43021393,-216.0138092,38.76664734,183.8728814
1323,-135.3667755,130.1399536,737.4129028,181.8658908
1324,-75.27885437,-220.0725708,-3.147336975e-05,183.9082803
1325,-75.27885437,231.1408234,-3.147336975e-05,183.0388083
1326,-75.27883911,231.1408234,38.76664734,183.0323326
1327,-75.27882385,231.1408234,77.5333252,183.0128927
1328,-86.29741669,227.134201,116.3000183,182.9740093
1329,-86.42884064,227.0788879,116.3000107,182.9739377
1330,-95.48971558,218.6562195,162.8416443,182.9136189
1331,-93.7440567,214.78125,209.383316,182.8390744
1332,-91.99840546,210.9063568,255.9250031,182.7450149
1333,-90.25273132,207.0314026,302.4666748,182.632472
1334,-88.50709534,203.1563873,349.0083618,182.5041077
1335,-86.76152802,199.2814789,395.5499573,182.3648204
1336,-85.01585388,195.4065247,442.0916443,182.2221253
1337,-83.27021027,191.5315704,488.6333008,182.0859511
1338,-81.52455902,187.6566772,535.1749878,181.967464
1339,-79.77888489,183.7816467,581.7166748,181.8767831
1340,-78.03324127,179.906723,628.2583618,181.8201022
1341,-79.41170502,174.5370331,674.7999878,181.8033695
1342,-82.37818146,173.1549225,674.8000488,181.8087916
1343,-83.54428864,172.5440063,674.7999878,181.8109277
1344,-84.67107391,171.9537048,674.7999878,181.8129723
1345,-89.40771484,168.8127289,682.5188599,181.8197236
1346,-93.46987915,166.5180054,682.4456177,181.8264412
1347,-95.1388092,165.1087036,689.9123535,181.8276066
1348,-99.14108276,162.6540985,689.7911987,181.8337376
1349,-108.3297653,156.2332458,696.7374878,181.8452582
1350,-104.5634842,158.8908997,696.8734131,181.8400373
1351,-100.6684494,161.4829254,697.0261841,181.8345262
1352,-112.6279602,152.9721069,700.1091919,181.8500762
1353,-109.0166626,155.7069397,700.2487183,181.8453038
1354,-116.6833191,149.7046661,703.4216919,181.8542773
1355,-117.2285233,149.2858582,706.8199463,181.8540078
1356,-113.2492371,152.4985504,703.5623169,181.8499517
1357,-118.1835556,148.6544647,713.4939575,181.8534614
1358,-117.7290421,148.9362946,710.1774902,181.8537224
1359,-121.7069931,145.5616608,716.5991821,181.8566918
1360,-118.5910263,148.4388123,716.7689819,181.8532093
1361,-122.0278549,145.3939056,719.8237915,181.8563215
1362,-122.3007126,145.288147,723.0074463,181.8559663
1363,-125.1369553,142.3796387,722.8432007,181.8589617
1364,-125.3162918,142.3177948,725.9801025,181.8585008
1365,-125.4482346,142.3134155,729.0770874,181.8580765
1366,-125.5716095,142.4712219,735.1541748,181.8573144
1367,-128.1381073,139.4500732,734.9768677,181.8597536
1368,-130.5645447,136.4917755,737.7750854,181.8616296
1369,-95.74497223,-207.472702,162.8417053,183.8145827
1370,-104.301712,-198.6286621,209.3833008,183.7352386
1371,-112.2208481,-189.4705505,255.9250336,183.6185652
1372,-119.492897,-180.0397034,302.4666748,183.4528848
1373,-126.1108627,-170.3775787,349.0083618,183.2313494
1374,-132.0701447,-160.5256195,395.5499573,182.9573016
1375,-137.3686066,-150.5251923,442.0916748,182.648419
1376,-142.0067749,-140.4173126,488.6333618,182.3367689
1377,-145.9874573,-130.2425995,535.1750488,182.062865
1378,-149.3159485,-120.041069,581.7166748,181.8637573
1379,-151.9997864,-109.8520737,628.2583008,181.7578197
1380,-154.9351501,-98.33882904,674.7999878,181.7362113
1381,-154.044281,-99.7111969,674.7999878,181.7316341
1382,-153.9162445,-99.90842438,674.7999878,181.7309701
1383,-152.3319397,-102.1165543,674.8000488,181.7231665
1384,-149.6564941,-105.8455963,674.8000488,181.7095146
1385,-157.6150055,-93.12798309,681.6689453,181.7480798
1386,-162.1214142,-84.27363586,688.3095703,181.768656
1387,-159.9446869,-88.12760925,688.3766479,181.7585308
1388,-167.769455,-71.58626556,694.6499634,181.7942311
1389,-165.9207916,-75.54920197,694.7442627,181.7857879
1390,-163.9828949,-79.46377563,694.8384399,181.7769837
1391,-169.0410461,-66.92594147,700.9944458,181.8001283
1392,-171.5061646,-58.37657928,707.0805054,181.8121962
1393,-170.016449,-62.40198135,707.21521,181.8054336
1394,-173.3362122,-49.87597275,713.0219727,181.8223989
1395,-172.0573425,-53.95206833,713.1697998,181.8164411
1396,-175.5390015,-37.24703217,718.6817017,181.8360913
1397,-174.5489807,-41.40120697,718.8374634,181.8310552
1398,-173.4728851,-45.52498245,718.9938965,181.825798
1399,-175.9585419,-28.73727608,724.3858032,181.8428499
1400,-175.1628876,-32.93183517,724.5452881,181.8384143
1401,-175.8078308,-20.21816254,730.0039062,181.848568
1402,-175.1993713,-24.44997406,730.1628418,181.8446714
1403,-175.1133575,-11.67467213,735.5524292,181.8533861
1404,-174.6851807,-15.94030762,735.7069702,181.8499793
1405,-155.9341278,91.7329483,744.1184692,181.8783791
1406,-154.2866974,95.48884583,744.2960815,181.8776264
1407,-152.5773315,99.20376587,744.4749756,181.8767299
1408,-151.3668213,102.7881546,741.788147,181.8767167
1409,-147.5877686,109.9800186,742.1504517,181.8743347
1410,-143.5771332,116.990242,742.5160522,181.8715152
1411,-139.6715393,123.6755295,739.9830322,181.8689944
1412,-139.3451996,123.8126144,742.8842773,181.8682998
1413,-157.5183258,87.93711853,743.9422607,181.8790406
1414,-159.0382385,84.10224152,743.767395,181.8795548
1415,-160.4923859,80.22949219,743.5941162,181.879977
1416,-161.879837,76.31993103,743.4223633,181.8802564
1417,-163.1990814,72.37479401,743.2521973,181.8804083
1418,-164.4491882,68.3951416,743.0836792,181.8804282
1419,-165.6289062,64.38231659,742.916748,181.8803165
1420,-166.7371674,60.33772278,742.7515259,181.880066
1421,-167.7727203,56.26255417,742.5880127,181.8796745
1422,-168.7345276,52.15820694,742.4262695,181.8791388
1423,-169.6216431,48.02620316,742.2661133,181.8784564
1424,-170.4328461,43.86806488,742.1077881,181.8776238
1425,-171.1673126,39.68527985,741.9511108,181.8766384
1426,-171.8239746,35.47939682,741.7960205,181.8754962
1427,-172.4019623,31.25208664,741.6426392,181.8741939
1428,-172.9003754,27.00498772,741.4907837,181.8727282
1429,-173.3182831,22.73982811,741.3405762,181.8710957
1430,-173.6550293,18.45833778,741.1917725,181.869293
1431,-173.9097443,14.1623621,741.0444336,181.8673165
1432,-174.2319336,5.534172535,740.5640869,181.8629041
1433,-174.0817413,9.853661537,740.8984985,181.8651625
1434,-174.0814056,1.21465373,740.8995972,181.8602065
1435,-173.9093933,-3.094017029,741.0455933,181.8574158
1436,-173.6546783,-7.390021801,741.1929321,181.8544579
1437,-97.36402893,-211.401001,116.2999954,183.8292058
1438,-86.56291962,-215.9616547,116.2999954,183.8689027
1439,-86.43018341,-216.0138092,77.5333252,183.8721392
1440,-75.27883911,-220.0725708,38.76664734,183.9087646
1441,-135.1536407,130.2687531,740.3495483,181.8652676
1442,-63.9390564,-223.5704346,-6.410875812e-06,183.9434856
1443,-63.9390564,234.6387177,-6.410875812e-06,183.0473712
1444,-63.93904114,234.6387177,38.76667404,183.0408129
1445,-63.93902588,234.6387177,77.53335571,183.0211128
1446,-75.14366913,231.1862488,116.2999802,182.9805544
1447,-75.27761841,231.1375427,116.2999878,182.9804684
1448,-84.74712372,223.1770477,162.8416595,182.9180693
1449,-83.19680786,219.2198944,209.3832855,182.8421222
1450,-81.64643097,215.2627411,255.9250031,182.7460166
1451,-80.09614563,211.3055878,302.4666748,182.6306609
1452,-78.54586029,207.3484344,349.0083313,182.4986759
1453,-76.99543762,203.3913422,395.5500183,182.3550885
1454,-75.44516754,199.4341888,442.0916748,182.2078011
1455,-73.8948822,195.4770355,488.6333008,182.0674228
1456,-72.34447479,191.5198822,535.1749878,181.9460123
1457,-70.79418945,187.5627289,581.7166748,181.8545309
1458,-69.24386597,183.6055756,628.2583008,181.7995674
1459,-71.02196503,178.2535858,674.7999878,181.787453
1460,-74.48311615,176.8332367,674.7999878,181.7940858
1461,-75.25167084,176.475235,674.7999878,181.7955594
1462,-76.27255249,175.9995575,674.8000488,181.7975032
1463,-81.17049408,173.0741882,682.592041,181.8056162
1464,-85.29490662,171.0027771,682.5799561,181.8127451
1465,-86.88541412,169.7346039,690.170166,181.8145479
1466,-91.03669739,167.4768677,690.0526733,181.8211851
1467,-96.64838409,164.0004578,697.2003174,181.8287189
1468,-92.50811005,166.4343414,697.4019165,181.8226072
1469,-105.2625122,158.3890991,700.4036865,181.8402469
1470,-101.3690414,161.0085907,700.578125,181.834899
1471,-97.34027863,163.5554962,700.7769775,181.8292564
1472,-109.6601257,155.253952,703.7179565,181.8453418
1473,-105.9177017,157.9602356,703.8911133,181.8404458
1474,-113.8263245,152.0964813,706.9740601,181.8498278
1475,-114.3579102,151.764389,710.3442993,181.8497028
1476,-110.258812,154.8726501,707.1450806,181.845374
1477,-115.2800751,151.3040619,716.9588623,181.8494658
1478,-114.842865,151.5007935,713.6726685,181.8495819
1479,-118.9502716,148.2878265,720.0024414,181.852967
1480,-115.668396,151.17276,720.2026978,181.8493549
1481,-119.2607117,148.2000427,723.1942139,181.8527358
1482,-119.5220795,148.1739349,726.3444214,181.852518
1483,-122.5251846,145.2429047,726.1502686,181.8556273
1484,-122.7013626,145.2566681,729.2526245,181.8553095
1485,-122.9107132,145.4553375,735.338501,181.854721
1486,-125.5652237,142.6305542,738.1364746,181.8569932
1487,-130.4314728,136.658844,740.7166138,181.861155
1488,-85.00780487,-212.0063782,162.8416748,183.8594439
1489,-93.99471283,-203.5998535,209.3833313,183.7844672
1490,-102.3605347,-194.8478546,255.9250031,183.6708795
1491,-110.0936584,-185.791214,302.4666443,183.5050829
1492,-117.1849518,-176.4709778,349.0083618,183.2782285
1493,-123.6278458,-166.9283142,395.5500183,182.9924673
1494,-129.4182892,-157.204422,442.0916748,182.6660514
1495,-134.5545044,-147.3403015,488.6333618,182.3338785
1496,-139.0374756,-137.3766632,535.1749878,182.0411974
1497,-142.8702393,-127.3537292,581.7166748,181.830329
1498,-146.0586243,-117.3111649,628.2583618,181.7232342
1499,-148.8386688,-106.9855118,674.7999878,181.7052169
1500,-148.6037903,-107.2826843,674.7999878,181.7040446
1501,-146.8628387,-109.4849396,674.7999878,181.695216
1502,-144.0167542,-113.0853119,674.7999878,181.6802654
1503,-155.1882935,-96.91728973,681.7046509,181.7363368
1504,-152.6720123,-100.6455154,681.7402344,181.7241292
1505,-150.0678101,-104.3106003,681.7756348,181.7113128
1506,-157.6792145,-91.92612457,688.4436035,181.7479746
1507,-161.9571075,-83.32802582,694.9325562,181.7678107
1508,-159.8447571,-87.14000702,695.0265503,181.7582587
1509,-167.3319702,-70.89749146,701.111145,181.7924291
1510,-165.5357208,-74.82361603,701.2279053,181.7844122
1511,-163.6536713,-78.70240784,701.3446045,181.7760717
1512,-168.4403381,-66.38645935,707.3499756,181.7983936
1513,-170.6927338,-57.99168396,713.3181152,181.8102366
1514,-169.2437439,-61.99303055,713.4666138,181.803783
1515,-172.3118744,-49.6164856,719.1508179,181.8203183
1516,-171.0670929,-53.67395401,719.3082275,181.8146146
1517,-174.2821655,-37.10010529,724.7055054,181.8337759
1518,-173.3171997,-41.24027252,724.8665771,181.8289336
1519,-172.2692261,-45.35055161,725.0283813,181.8238867
1520,-174.5068207,-28.6595211,730.3226929,181.8405864
1521,-173.730835,-32.84490204,730.4836426,181.8363123
1522,-174.1737976,-20.18758583,735.862854,181.8463954
1523,-173.5801849,-24.41477776,736.0198975,181.8426343
1524,-173.3179321,-11.6715126,741.3416748,181.8513328
1525,-172.9000092,-15.93664265,741.4919434,181.8480404
1526,-153.6408997,95.58374023,747.1380615,181.8766804
1527,-156.8196869,88.01171112,746.78479,181.878032
1528,-150.8073578,102.8768158,744.6550903,181.8757678
1529,-150.2188416,102.9957275,747.4971313,181.874885
1530,-147.0904999,110.0937729,745.0186157,181.8734679
1531,-143.1461487,117.1333771,745.3860474,181.8707476
1532,-138.9843903,123.9898224,745.7565918,181.867639
1533,-134.9023895,130.4418488,743.2543945,181.8646885
1534,-159.745575,80.28713226,746.4376831,181.8789057
1535,-160.3167419,76.44042206,749.0899048,181.8781065
1536,-161.5938416,72.48073578,748.9217529,181.8782278
1537,-162.8041992,68.48794556,748.7554932,181.8782075
1538,-163.9466705,64.46328735,748.5911255,181.8780732
1539,-165.0200348,60.40796661,748.428772,181.8777973
1540,-166.0233612,56.32320023,748.2683105,181.8773863
1541,-166.9554901,52.21033096,748.1099243,181.8768346
1542,-167.8153992,48.07069778,747.9534912,181.8761428
1543,-168.6021576,43.90579605,747.7990723,181.8753053
1544,-169.3146667,39.71696091,747.6466064,181.8743224
1545,-169.9520874,35.50571442,747.4960938,181.8731877
1546,-170.5135193,31.27360344,747.3474731,181.8718985
1547,-170.9979706,27.02221298,747.2008057,181.8704518
1548,-171.4047699,22.75317955,747.0559692,181.8688446
1549,-171.7329865,18.46811295,746.9128418,181.8670739
1550,-171.9818878,14.16876984,746.7715454,181.8651364
1551,-174.1673889,5.534172535,740.7526855,181.8628295
1552,-172.1508942,9.856850624,746.6317749,181.8630294
1553,-172.2056885,5.534172535,746.4822998,181.8607469
1554,-172.1504669,1.211494684,746.6330566,181.8582032
1555,-171.9814453,-3.100424528,746.7727661,181.8555008
1556,-171.7325592,-7.399766922,746.9140625,181.8526398
1557,-86.42897797,-216.0104828,116.2999878,183.8693877
1558,-75.41394806,-220.0270844,116.3000336,183.9095029
1559,-75.27882385,-220.0725708,77.5333252,183.9097892
1560,-63.93904114,-223.5704346,38.76667404,183.944597
1561,-52.43893433,-226.498703,1.655597225e-05,183.9784829
1562,-52.43893433,237.5669708,1.655597225e-05,183.0571634
1563,-52.43901062,237.5669708,38.76662445,183.0505247
1564,-52.43899536,237.5669708,77.53330231,183.0305701
1565,-63.80179977,234.6773376,116.3000259,182.9883159
1566,-63.93798447,234.635376,116.3000412,182.9882151
1567,-73.79249573,227.156723,162.8417053,182.9236897
1568,-72.44140625,223.1272125,209.383316,182.8462829
1569,-71.09020996,219.0977631,255.9250031,182.748015
1570,-69.7390213,215.0681915,302.4666748,182.6296419
1571,-68.38794708,211.0387421,349.0083313,182.4937198
1572,-67.03675079,207.0092316,395.5500183,182.3453976
1573,-65.68566895,202.9797668,442.0916443,182.1929912
1574,-64.3344574,198.9501953,488.6333008,182.0478666
1575,-62.98328018,194.9207458,535.1749878,181.9230985
1576,-61.63217545,190.8912354,581.7166138,181.8306208
1577,-60.28099823,186.8617249,628.2583618,181.7774821
1578,-62.46044159,181.55513,674.7999878,181.7704131
1579,-66.4227066,180.1410065,674.7999878,181.7783778
1580,-66.77620697,179.9959259,674.7999878,181.7790876
1581,-67.68332672,179.6236267,674.7999878,181.7809006
1582,-72.88098907,176.875824,682.4804688,181.7907439
1583,-77.03263092,175.0308533,682.5582275,181.7982648
1584,-78.64712524,173.8516693,690.1307373,181.8009294
1585,-82.75749207,171.8566437,690.1940308,181.8078043
1586,-88.31906891,168.7515411,697.5710449,181.816298
1587,-84.18441772,170.917099,697.6067505,181.8099509
1588,-93.18167877,166.0196228,701.0070801,181.8233245
1589,-102.025795,160.6064453,704.0861206,181.8352589
1590,-97.98873138,163.1813965,704.3084717,181.8297774
1591,-93.81220245,165.6739655,704.5658569,181.8239964
1592,-106.5278702,157.6027832,707.3354492,181.8406352
1593,-102.637413,160.2748566,707.5501099,181.8356068
1594,-110.8115082,154.5615845,710.5297241,181.8454017
1595,-111.3172226,154.3191986,713.8716431,181.8454271
1596,-107.0918198,157.3152771,710.7364502,181.8408164
1597,-112.1828918,154.0342255,720.4265137,181.8454767
1598,-111.7746429,154.1439362,717.1706543,181.8454516
1599,-116.0074692,151.1053162,723.4040527,181.8492504
1600,-112.5415039,153.9886627,723.6391602,181.8455036
1601,-116.2968597,151.1001892,726.5632935,181.8491538
1602,-119.7344055,148.207962,729.4535522,181.8523179
1603,-116.5367432,151.1558838,729.6806641,181.8490663
1604,-119.8981171,148.3005829,732.5220337,181.8521141
1605,-125.5157089,142.8415527,741.083313,181.8566849
1606,-122.9375381,145.8722076,741.274353,181.8542618
1607,-120.1085815,148.9151459,741.4967041,181.8516663
1608,-120.0140381,148.4503479,735.5512085,181.8519424
1609,-130.2589874,136.8732147,743.6254272,181.8607172
1610,-74.05801392,-215.9992218,162.8416901,183.9051957
1611,-83.45276642,-208.0510864,209.3832855,183.8353611
1612,-92.24445343,-199.7269897,255.9249725,183.7257497
1613,-100.4193649,-191.0670624,302.4666748,183.5606187
1614,-107.9664917,-182.1118774,349.0083008,183.3287752
1615,-114.876976,-172.9022522,395.5500183,183.0308501
1616,-121.1449585,-163.4790649,442.0916443,182.6855414
1617,-126.7664413,-153.8832397,488.6333618,182.3307818
1618,-131.740509,-144.155426,535.1749878,182.0171178
1619,-136.0681,-134.3359985,581.7167358,181.7929387
1620,-139.7531433,-124.4648514,628.2583008,181.6847552
1621,-143.4363556,-113.8194504,674.7999878,181.6771333
1622,-142.7858124,-114.5678635,674.8000488,181.6737792
1623,-141.0398254,-116.5767288,674.7999878,181.6646122
1624,-147.3771973,-107.9105148,681.8109131,181.6980112
1625,-144.6017761,-111.4432373,681.8460693,181.6840453
1626,-155.3264313,-95.6671524,688.510498,181.7369624
1627,-152.8880005,-99.34872437,688.5771484,181.7254952
1628,-150.365448,-102.9689331,688.6435547,181.7135439
1629,-157.6474152,-90.89790344,695.1204224,181.74832
1630,-161.687088,-82.53200531,701.4613647,181.7674012
1631,-159.6375885,-86.31063843,701.5779419,181.7583945
1632,-166.7791443,-70.32824707,707.4849243,181.7910719
1633,-165.0340576,-74.22556305,707.6199951,181.7834643
1634,-163.2065277,-78.07661438,707.755127,181.775567
1635,-167.7115326,-65.95429993,713.6154175,181.7970776
1636,-169.7396393,-57.69571686,719.4662476,181.8086851
1637,-168.3307648,-61.67998886,719.6248169,181.8025286
1638,-171.1390991,-49.42920685,725.1911011,181.8186343
1639,-169.9281921,-53.47451401,725.3546143,181.813176
1640,-172.8726196,-37.00444031,730.6456299,181.831849
1641,-171.9331055,-41.13644409,730.8086548,181.8271962
1642,-170.9133606,-45.23920822,730.9728394,181.8223538
1643,-172.9051514,-28.62000465,736.1782837,181.8386962
1644,-172.1496277,-32.80156708,736.3380127,181.8345811
1645,-172.4016113,-20.18374062,741.6437378,181.8445807
1646,-171.8236237,-24.41108131,741.7971802,181.8409539
1647,-171.4043427,-11.68483448,747.0571899,181.8496204
1648,-170.9975586,-15.95389748,747.2020874,181.8464425
1649,-156.0961151,88.11017609,749.6053467,181.8770676
1650,-152.9697266,95.70526886,749.9575806,181.8757774
1651,-158.9739838,80.36592865,749.2599487,181.877889
1652,-146.5634155,110.2406998,747.8612061,181.8726586
1653,-149.6044159,103.1440506,750.315979,181.8740498
1654,-142.684494,117.3126144,748.2296143,181.8700325
1655,-138.5920258,124.2059784,748.6016846,181.8670278
1656,-134.6155853,130.6579742,746.1293335,181.8641527
1657,-157.370224,80.58461761,754.8455811,181.8760671
1658,-159.9040222,72.65853882,754.5128784,181.8763409
1659,-162.1798706,64.60586548,754.1887817,181.8761205
1660,-163.2183075,60.53489685,754.0300903,181.8758107
1661,-164.1891937,56.43567657,753.8734741,181.8753861
1662,-165.0912933,52.30942535,753.7191772,181.8748158
1663,-165.9236145,48.15745544,753.5671997,181.8741218
1664,-166.6853027,43.98107529,753.4173584,181.8732766
1665,-167.3753815,39.78168869,753.2697754,181.8723042
1666,-167.9929047,35.56057739,753.1243286,181.8711802
1667,-168.5369263,31.3193512,752.9811401,181.8699068
1668,-169.0067291,27.05937767,752.8400269,181.8684817
1669,-169.4014282,22.78229713,752.7010498,181.8669028
1670,-169.7201385,18.48957062,752.5641479,181.8651666
1671,-169.9623108,14.18283653,752.4291382,181.8632706
1672,-171.0485535,5.534172535,749.8621216,181.8596887
1673,-170.1270905,9.863823891,752.2962036,181.8612107
1674,-170.1266785,1.204491138,752.2974243,181.8565209
1675,-169.9618073,-3.114491224,752.430481,181.8539077
1676,-169.7197418,-7.421224594,752.5654297,181.8511442
1677,-75.27777863,-220.0691986,116.3000183,183.9099923
1678,-64.07629395,-223.5317383,116.2999725,183.9504177
1679,-63.93902588,-223.5704346,77.53335571,183.947516
1680,-52.43901062,-226.498703,38.76662445,183.98026
1681,-40.80731201,-228.8500977,-4.959617581e-05,184.0131466
1682,-40.80731201,239.9183807,-4.959617581e-05,183.0681995
1683,-40.80729675,239.9183807,38.76662827,183.0614842
1684,-40.80726624,239.9183807,77.53330994,183.0412845
1685,-52.3000412,237.5987549,116.2999954,182.9973192
1686,-52.43811417,237.5636444,116.3000183,182.9972034
1687,-62.65319061,230.5854797,162.8416595,182.9305121
1688,-61.5045929,226.4936218,209.3833313,182.8515968
1689,-60.35598373,222.4017639,255.9249725,182.7510564
1690,-59.20729446,218.309967,302.4667358,182.6294625
1691,-58.05867004,214.2181091,349.0083618,182.4892778
1692,-56.91008759,210.1262512,395.5500488,182.335762
1693,-55.76144791,206.0343933,442.0916748,182.1776716
1694,-54.61285019,201.9425964,488.6333313,182.0272129
1695,-53.46424103,197.8507385,535.1749878,181.8986134
1696,-52.31562805,193.7588806,581.7166138,181.8049304
1697,-51.1669426,189.6670837,628.2583618,181.7537606
1698,-58.21940994,183.0688477,674.7999878,181.7616268
1699,-58.92447281,182.8171844,674.7999878,181.7631064
1700,-58.13690186,183.0939941,674.7999878,181.7614558
1701,-60.24064636,181.791153,682.0864258,181.7665979
1702,-64.51322937,180.2481995,682.2131958,181.7749542
1703,-68.71666718,178.6118774,682.3563232,181.7829665
1704,-70.47167969,177.488678,689.74823,181.7867213
1705,-74.55170441,175.7265625,689.9837646,181.7939066
1706,-76.04573059,174.842514,697.3101196,181.7969641
1707,-80.09489441,172.9438629,697.5180054,181.8035125
1708,-89.58653259,168.0428925,704.7821045,181.8180252
1709,-85.44231415,170.2454071,704.8295898,181.8120455
1710,-81.36740875,172.2978973,704.7196045,181.8060111
1711,-98.5922699,162.8766632,707.7947998,181.8302866
1712,-94.39853668,165.3960876,708.0779419,181.82468
1713,-103.2030334,160.0124207,710.9696045,181.8359435
1714,-99.15010071,162.6399231,711.2356567,181.8307812
1715,-107.6085052,157.0961151,714.0938721,181.840991
1716,-108.0768433,156.9438934,717.4074707,181.8411602
1717,-103.7213287,159.8176727,714.3446655,181.8362704
1718,-108.8652039,156.8339844,723.902771,181.8414894
1719,-108.4959412,156.8569489,720.677063,181.8413259
1720,-112.8501968,154.0056458,726.8088989,181.845534
1721,-109.1845703,156.8733215,727.0847778,181.8416527
1722,-113.1090698,154.0836334,729.9362183,181.8455695
1723,-116.7274475,151.270874,732.756958,181.8489873
1724,-113.3186569,154.2212067,733.0216675,181.8456119
1725,-116.8701248,151.443573,735.7930908,181.8489238
1726,-125.4251633,143.1027679,743.996582,181.8563992
1727,-122.7973633,146.4953461,747.0745239,181.8539005
1728,-120.033844,149.5900116,747.3045654,181.851481
1729,-116.9927521,152.6811371,747.5695801,181.8488575
1730,-117.0168076,151.9561157,741.7511597,181.8488514
1731,-130.049408,137.1335144,746.5036621,181.8603168
1732,-62.92273712,-219.4412842,162.8417206,183.9517442
1733,-72.70204163,-211.9713287,209.3833008,183.8878923
1734,-81.89766693,-204.0958252,255.9250336,183.7832623
1735,-90.49410248,-195.8541565,302.4666748,183.6197261
1736,-98.4781723,-187.2862854,349.0083618,183.3833526
1737,-105.8392258,-178.4325409,395.5500183,183.0728588
1738,-112.5690231,-169.3335266,442.0916748,182.707215
1739,-118.6619644,-160.0298157,488.6333313,182.3275918
1740,-124.1146698,-150.5620422,535.1749878,181.9904507
1741,-128.9264069,-140.97052,581.7166138,181.7511288
1742,-133.0988007,-131.2953491,628.2583008,181.6419517
1743,-138.0290375,-120.0405502,674.8000488,181.6482631
1744,-137.7219543,-120.3938446,674.8000488,181.6465533
1745,-136.6138458,-121.5549088,674.7999878,181.6406269
1746,-134.8766174,-123.3749695,674.8000488,181.6311466
1747,-141.7433929,-114.9067688,681.8811035,181.6695758
1748,-147.7603607,-106.5259247,688.7097778,181.7011123
1749,-145.0743713,-110.0178528,688.7758179,181.6881663
1750,-155.3665466,-94.59983063,695.2140503,181.7379838
1751,-153.0036163,-98.24391937,695.3074951,181.7272423
1752,-150.5601807,-101.8284988,695.4007568,181.7160839
1753,-157.5065308,-90.03658295,701.694458,181.7490453
1754,-161.2978516,-81.8797226,707.8903198,181.7673758
1755,-159.3094788,-85.63321686,708.0255737,181.7588866
1756,-166.0972443,-69.87382507,713.7645874,181.7901179
1757,-164.402359,-73.74994659,713.9140015,181.7829015
1758,-162.6282043,-77.58100128,714.0635986,181.7754261
1759,-166.8416901,-65.6251297,719.7838745,181.7961439
1760,-168.6376648,-57.48495483,725.5188599,181.8075112
1761,-167.2685089,-61.45885468,725.68396,181.8016396
1762,-169.8144379,-49.31101227,731.1381836,181.8173217
1763,-168.6374664,-53.35035706,731.3045654,181.8121002
1764,-171.3145142,-36.95782852,736.4991455,181.8302897
1765,-170.4008789,-41.08718109,736.6616821,181.8258219
1766,-169.4098358,-45.18803787,736.8256226,181.8211784
1767,-171.1669617,-28.61696434,741.9522095,181.8371606
1768,-170.4325104,-32.79975128,742.1089478,181.8332019
1769,-170.513092,-20.20525932,747.3487549,181.8431069
1770,-169.9516602,-24.43736649,747.4973755,181.8396133
1771,-169.4009247,-11.71395111,752.7023926,181.8482319
1772,-169.0063171,-15.99106121,752.8413086,181.8451691
1773,-154.5874176,88.37607574,755.1863403,181.8753197
1774,-152.276535,95.85270691,752.7561035,181.8749317
1775,-146.0097351,110.419838,750.6799927,181.8719052
1776,-148.9672852,103.3209839,753.1134033,181.8732729
1777,-142.1953583,117.526886,751.0488281,181.8693692
1778,-138.1711273,124.4599228,751.4216309,181.8664653
1779,-134.2958679,130.9159393,748.9764404,181.8636604
1780,-153.0194092,88.72979736,760.6940308,181.8738219
1781,-155.7088013,80.88124084,760.359314,181.8744796
1782,-158.1574707,72.90446472,760.0335693,181.8746883
1783,-160.3568878,64.80702972,759.7172852,181.8744279
1784,-162.2989197,56.59738159,759.4105835,181.8736764
1785,-163.9755554,48.28435135,759.1135864,181.8723983
1786,-165.3791046,39.87786102,758.826416,181.8705795
1787,-165.9762573,35.64274216,758.6864014,181.8694586
1788,-166.5024109,31.38816452,758.5488281,181.8682019
1789,-166.9568787,27.11558342,758.4136353,181.8667996
1790,-167.3387604,22.82640457,758.2807007,181.8652527
1791,-167.6473083,18.5221138,758.1500854,181.8635535
1792,-167.8818665,14.20426464,758.0216675,181.8617042
1793,-170.1897888,5.534172535,752.1559448,181.8589957
1794,-168.0416718,9.874433517,757.8954468,181.8596973
1795,-168.0923615,5.534172535,757.7585449,181.8575504
1796,-168.0410919,1.193911314,757.8968506,181.8551366
1797,-167.8812866,-3.135919094,758.0231323,181.8526188
1798,-167.6467438,-7.453798771,758.1515503,181.8499515
1799,-63.93820572,-223.5670013,116.2999496,183.9509102
1800,-52.57796478,-226.4669189,116.3000183,183.9915251
1801,-52.43899536,-226.498703,77.53330231,183.9851982
1802,-40.80729675,-228.8500977,38.76662827,184.0156269
1803,-29.07278252,-230.6187897,1.476006582e-05,184.047346
1804,-29.07278252,241.687027,1.476006582e-05,183.0804944
1805,-29.07276726,241.687027,38.76669312,183.0737073
1806,-29.0728569,241.687027,77.53330231,183.0532759
1807,-40.66685486,239.9431763,116.3000259,183.0075906
1808,-40.80656815,239.914917,116.3000488,183.0074593
1809,-51.35673904,233.4546814,162.8417206,182.9385703
1810,-50.41353989,229.3107147,209.3833771,182.8581076
1811,-49.47029495,225.1666565,255.9249725,182.7551927
1812,-48.52708435,221.0226898,302.4666138,182.6301772
1813,-47.58379364,216.8786163,349.0083618,182.4853947
1814,-46.64057922,212.7346649,395.5499878,182.3262015
1815,-45.69739532,208.5905914,442.0916443,182.1618202
1816,-44.75418472,204.44664,488.6333008,182.0053863
1817,-43.81087875,200.3025665,535.1750488,181.8724347
1818,-42.8676796,196.1586151,581.7166748,181.7773217
1819,-41.92446899,192.0146027,628.2583618,181.7282648
1820,-44.90419388,186.8824005,674.7999878,181.7327098
1821,-49.35137177,185.7486115,674.7999878,181.7425999
1822,-49.8859787,185.6122894,674.7999878,181.7437659
1823,-50.01743698,185.5721741,674.7999878,181.7440556
1824,-53.7474823,184.4337311,674.8000488,181.7521648
1825,-55.90962601,183.235321,681.9702759,181.7579057
1826,-57.84552383,182.2364044,689.0157471,181.7632952
1827,-62.13920593,180.7419739,689.2362671,181.7714605
1828,-66.35386658,179.156311,689.4769287,181.7792741
1829,-67.99339294,178.3186798,696.5906982,181.7833598
1830,-72.03749084,176.6252747,696.9761353,181.7902887
1831,-73.40726471,176.0131073,704.0385742,181.7936783
1832,-77.35540771,174.2145386,704.4588623,181.7998962
1833,-90.6785965,167.5982513,711.8026733,181.8196932
1834,-86.52245331,169.8316345,711.8619385,181.8140705
1835,-82.45644379,171.9042969,711.7347412,181.8084138
1836,-78.47305298,173.8338165,711.4290771,181.8026961
1837,-94.93959808,165.1845245,711.543396,181.8253276
1838,-99.66096497,162.4696198,714.6309204,181.8312651
1839,-95.43438721,165.0379944,714.9619141,181.8259818
1840,-104.1914902,159.6891022,717.6749878,181.8365885
1841,-104.6124039,159.6251984,720.9604492,181.8368995
1842,-100.1240997,162.3645172,717.9803467,181.831736
1843,-105.3055878,159.685791,727.3970947,181.8375073
1844,-104.983902,159.6246033,724.2009888,181.8372052
1845,-109.4542465,156.9735413,730.2235107,181.8418176
1846,-105.5778809,159.8072968,730.5491943,181.8378079
1847,-109.6745224,157.1331329,733.3197632,181.8419862
1848,-113.4799652,154.4167175,736.0664062,181.8456643
1849,-109.846611,157.3505402,736.3746948,181.8421609
1850,-113.6634979,154.9755707,742.039917,181.8458112
1851,-125.2960281,143.4127045,746.878418,181.8561478
1852,-125.1312103,143.7700653,749.730896,181.855929
1853,-122.5112991,147.3129425,752.7557983,181.8536528
1854,-119.8108521,150.4629822,752.9919434,181.8514004
1855,-116.819046,153.6065369,753.2657471,181.8489587
1856,-113.5382843,156.7215881,753.5791016,181.8463235
1857,-113.6759109,155.7478943,747.871582,181.8460245
1858,-129.8057098,137.4384766,749.3531494,181.8599548
1859,-51.62975693,-222.3240356,162.8416901,183.9989757
1860,-61.76925278,-215.3508301,209.3833466,183.9420139
1861,-71.34603882,-207.9434509,255.9250336,183.8434933
1862,-80.34264374,-200.1405182,302.4666443,183.6826479
1863,-88.7438736,-191.9812927,349.0083618,183.4423574
1864,-96.53708649,-183.5054779,395.5499878,183.1189547
1865,-103.712059,-174.7532043,442.0916748,182.7314515
1866,-110.2610855,-165.7647858,488.6333618,182.3244523
1867,-116.1789474,-156.5805664,535.1749878,181.9610171
1868,-121.462822,-147.2408447,581.7166748,181.7043677
1869,-126.1123199,-137.7856445,628.2583618,181.5943264
1870,-131.7079773,-126.6948166,674.7999878,181.6132809
1871,-130.1078644,-128.2321777,674.7999878,181.6043538
1872,-128.3984985,-129.8744507,674.8000488,181.5945943
1873,-138.8037262,-118.299202,681.9159546,181.6543793
1874,-135.7847137,-121.6187286,681.9505005,181.6386604
1875,-142.3091888,-113.442894,688.8414917,181.674714
1876,-148.0377808,-105.3518677,695.4937744,181.7045005
1877,-145.4382019,-108.8123169,695.5864258,181.6924801
1878,-155.2953491,-93.70814514,701.8108521,181.739347
1879,-153.0055389,-97.3236084,701.927124,181.7292931
1880,-150.6387634,-100.8814392,702.0430908,181.718877
1881,-157.2428284,-89.33556366,708.1607666,181.7500953
1882,-160.776001,-81.36541748,714.213501,181.7676894
1883,-158.8471832,-85.10167694,714.3635254,181.7596891
1884,-165.2736053,-69.52959442,719.9434814,181.7895297
1885,-163.6279907,-73.3917923,720.1035156,181.7826853
1886,-161.9060822,-77.2102356,720.2639771,181.7756098
1887,-165.8220978,-65.39463806,725.8498535,181.7955612
1888,-167.3836365,-57.35573196,731.4720459,181.8066897
1889,-166.0542297,-61.3256073,731.640564,181.801091
1890,-168.3423309,-49.25879669,736.9909668,181.8163597
1891,-167.1996307,-53.29799652,737.1577148,181.8113668
1892,-169.6213074,-36.95788956,742.2672729,181.8290796
1893,-168.7341919,-41.08989334,742.4274292,181.8247929
1894,-167.7723846,-45.19420624,742.5891724,181.8203438
1895,-169.3143463,-28.64864349,747.6478271,181.8359625
1896,-168.6017303,-32.83744812,747.800293,181.832156
1897,-168.5365295,-20.25100517,752.9824219,181.8419586
1898,-167.9924164,-24.49226379,753.1256714,181.8385981
1899,-167.3381958,-11.75808811,758.2821655,181.8471525
1900,-166.9563141,-16.0472393,758.4151001,181.8442002
1901,-151.5645752,96.02526093,755.5348511,181.8741449
1902,-150.0978394,96.4432373,761.0372925,181.8727451
1903,-145.4325714,110.6302719,753.4767456,181.8712065
1904,-148.3108521,103.5256958,755.8905029,181.8725533
1905,-141.6819763,117.7751999,753.8453369,181.8687572
1906,-137.724823,124.7506714,754.2184448,181.8659509
1907,-133.9464874,131.2144775,751.7977295,181.8632119
1908,-148.5939026,96.95375061,766.47052,181.8715664
1909,-151.4165802,89.16670227,766.1339111,181.8725484
1910,-154.0145111,81.25162506,765.8065186,181.8731261
1911,-156.3795929,73.21503448,765.4888916,181.8732736
1912,-158.5037994,65.06383514,765.1812134,181.8729701
1913,-160.3790436,56.80593872,764.8839722,181.8721938
1914,-161.9979248,48.44960785,764.5971069,181.8709429
1915,-161.3149872,40.15895844,769.7515869,181.8678815
1916,-162.3604431,31.59096909,769.4981079,181.8656103
1917,-163.138443,22.95717621,769.2553101,181.8627982
1918,-163.6430511,14.2679224,769.0230103,181.8594337
1919,-163.7912598,9.905875206,768.9105835,181.8575306
1920,-163.8515015,5.534172535,768.7937622,181.8554816
1921,-166.2330322,5.534172535,762.7249146,181.8565901
1922,-163.7906494,1.162440062,768.9121704,181.8532681
1923,-163.6424408,-3.199576855,769.0245972,181.8509352
1924,-163.1378326,-11.8888607,769.256897,181.8458856
1925,-52.4382515,-226.4952393,116.2999954,183.9920191
1926,-40.94769669,-228.8252716,116.2999954,184.0326876
1927,-40.80726624,-228.8500977,77.53330994,184.0227039
1928,-29.07276726,-230.6187897,38.76669312,184.0505632
1929,-17.26478958,-231.8003693,-3.486128116e-05,184.0809421
1930,-17.26478958,242.8686371,-3.486128116e-05,183.0940611
1931,-17.26477432,242.8686371,38.76664352,183.087209
1932,-17.26475906,242.8686371,77.5333252,183.0665642
1933,-28.93136978,241.7047882,116.2999802,183.0191567
1934,-29.07227516,241.6836395,116.3000259,183.0190098
1935,-39.93139267,235.7572632,162.8416443,182.9479006
1936,-39.19586945,231.5714111,209.3833618,182.8658627
1937,-38.46039581,227.3855438,255.9249725,182.7604811
1938,-37.72485733,223.1996307,302.4667053,182.631846
1939,-36.98939514,219.0137787,349.0083313,182.4821231
1940,-36.25386047,214.8278656,395.5500488,182.316741
1941,-35.51839828,210.6420135,442.0916443,182.1454147
1942,-34.78286362,206.4561615,488.6333618,181.982304
1943,-34.04740143,202.2702332,535.1749878,181.8444279
1944,-33.3119545,198.0843811,581.7166138,181.7476417
1945,-32.57640457,193.8985291,628.2583618,181.7009045
1946,-40.44670486,187.9698944,674.8000488,181.7225253
1947,-40.9790802,187.8602753,674.8000488,181.7237497
1948,-41.44575119,187.7641907,674.8000488,181.7248196
1949,-47.10077286,185.8136902,681.7582397,181.7395474
1950,-51.52759552,184.5770721,681.8616333,181.7488875
1951,-53.48471451,183.6335297,688.8091431,181.7547855
1952,-55.22058105,182.9225159,695.6415405,181.7603283
1953,-59.56477356,181.4776917,695.9354248,181.7683613
1954,-63.82767105,179.9403381,696.2487793,181.7760424
1955,-65.30005646,179.3786011,703.1223145,181.780349
1956,-69.4250946,177.7270966,703.5532227,181.7872128
1957,-70.64311981,177.3735657,710.3626709,181.7908465
1958,-74.57405853,175.6436462,710.9344482,181.7968923
1959,-91.58757782,167.4070892,718.6317139,181.8213171
1960,-87.41770935,169.6659698,718.7028809,181.816023
1961,-83.35552216,171.7538605,718.5625,181.8107146
1962,-79.39284515,173.6915436,718.2196045,181.8053648
1963,-75.53273773,175.5086823,717.6623535,181.7999202
1964,-95.88215637,164.9551086,718.333374,181.8266064
1965,-100.5384216,162.3230286,721.2838745,181.8321972
1966,-100.9037247,162.3437958,724.541687,181.8326511
1967,-96.28184509,164.9345093,721.6577759,181.8272226
1968,-101.2198868,162.4254608,727.7539062,181.8330992
1969,-101.4871521,162.5665131,730.9211426,181.8335417
1970,-105.8011551,159.9875946,733.6578979,181.8381094
1971,-101.705986,162.7655945,734.0443115,181.8339837
1972,-105.9766159,160.225296,736.7245483,181.8384142
1973,-110.0522461,157.9528503,742.3664551,181.8425425
1974,-106.1901245,160.8669128,742.7376709,181.8390458
1975,-110.0872345,158.7683563,748.2141724,181.842979
1976,-124.9335938,144.1733856,752.5562134,181.8557457
1977,-129.5308533,137.7867126,752.1762085,181.8596319
1978,-119.4636993,151.5221252,758.5759277,181.8514406
1979,-124.706398,144.6212006,755.3564453,181.8555955
1980,-122.1035156,148.3132782,758.335022,181.853535
1981,-116.5199509,154.7202759,758.8568726,181.8491726
1982,-113.2748032,157.8846588,759.1798706,181.8467277
1983,-109.7335129,160.9911652,759.5481567,181.8441051
1984,-109.9730377,159.7850647,753.9354858,181.8434927
1985,-40.20721436,-224.6402893,162.841629,184.0467559
1986,-50.68155289,-218.1811523,209.3833618,183.997656
1987,-60.61575317,-211.2603455,255.9250031,183.9065052
1988,-69.9900589,-203.9155731,302.4666443,183.7496365
1989,-78.78751373,-196.1852417,349.0083313,183.506225
1990,-86.99350739,-188.108429,395.5500183,183.1696571
1991,-94.59590149,-179.7246857,442.0916748,182.7586909
1992,-101.5848694,-171.0738831,488.6333008,182.3215476
1993,-107.9531097,-162.1960602,535.1749878,181.9286411
1994,-113.6959534,-153.1313324,581.7166748,181.6520427
1995,-118.8109741,-143.9196472,628.2583618,181.5413012
1996,-126.3152161,-131.8760376,674.7999878,181.5823957
1997,-125.0394669,-132.9997406,674.7999878,181.5750568
1998,-123.2648926,-134.562851,674.7999878,181.5646718
1999,-121.5954361,-136.0333405,674.7999878,181.5546719
2000,-119.7793121,-137.6330414,674.7999878,181.5435621
2001,-118.086853,-138.989151,674.7999878,181.5333551
2002,-132.6879578,-124.8634338,681.9849243,181.6221424
2003,-129.5154724,-128.0315399,682.019165,181.605051
2004,-139.4665527,-116.7993393,688.9068604,181.6607148
2005,-136.5481415,-120.0855255,688.9720459,181.6461817
2006,-142.7629547,-112.2082138,695.678772,181.6800151
2007,-148.1964111,-104.3800735,702.1588745,181.7080922
2008,-145.6802673,-107.8179779,702.274292,181.6969321
2009,-155.0993805,-92.98513794,708.2959595,181.7409978
2010,-152.8805847,-96.58041382,708.4310303,181.7315903
2011,-150.5879669,-100.1199493,708.565918,181.7218688
2012,-156.8433533,-88.7883606,714.5136108,181.7514232
2013,-160.1090698,-80.98342896,720.4249268,181.7683024
2014,-158.2385864,-84.70998383,720.5861206,181.7607627
2015,-164.2997131,-69.29089355,726.0164185,181.7892759
2016,-162.7025757,-73.14614868,726.1837158,181.7827842
2017,-161.032074,-76.95901489,726.3516846,181.7760869
2018,-164.6502838,-65.25849915,731.8101807,181.7953045
2019,-165.9828186,-57.30429077,737.3258057,181.8062009
2020,-164.6929932,-61.27613831,737.4953003,181.8008639
2021,-166.7368317,-49.26937866,742.7526855,181.8157321
2022,-165.6286774,-53.31402969,742.9178467,181.8109602
2023,-167.8149719,-37.00238419,747.9547729,181.8282043
2024,-166.9550629,-41.14198685,748.111145,181.8240936
2025,-166.022934,-45.25488663,748.2695923,181.8198382
2026,-167.3749695,-28.71334457,753.2710571,181.8350876
2027,-166.684906,-32.91276169,753.4186401,181.8314114
2028,-166.5018463,-20.3198185,758.550293,181.841123
2029,-165.9756927,-24.57439804,758.6878662,181.8378963
2030,-162.3599243,-20.5226841,769.4995728,181.840321
2031,-146.9529114,104.0154419,761.3885498,181.8712629
2032,-145.5547485,104.607193,766.8158569,181.8702001
2033,-144.8354034,110.8711929,756.2526855,181.8705619
2034,-141.1475067,118.0565948,756.6205444,181.8681956
2035,-137.2562256,125.0770721,756.9934692,181.865484
2036,-133.5704193,131.5524292,754.5952759,181.8628072
2037,-144.1313782,105.2951508,772.1696777,181.8693393
2038,-147.0680237,97.55167389,771.8317261,181.8705963
2039,-149.7945862,89.68222046,771.5031738,181.8714882
2040,-152.3034515,81.69194794,771.1844482,181.871993
2041,-154.586731,73.58691406,770.8760986,181.8720845
2042,-156.6368713,65.37351227,770.5784302,181.8717429
2043,-158.4463959,57.05907822,770.291748,181.8709397
2044,-160.0080414,48.65136719,770.0161133,181.8696698
2045,-156.0357819,49.15723419,780.6566162,181.8678297
2046,-157.2474213,40.54933929,780.4180908,181.8661178
2047,-158.2153168,31.87426949,780.1917114,181.8639386
2048,-158.9340668,23.14060974,779.9771118,181.8612716
2049,-159.3983002,14.35735893,779.7741699,181.8580998
2050,-160.6642151,5.534172535,776.9157715,181.8546545
2051,-159.3975372,-3.289043427,779.7759399,181.8502604
2052,-158.9333038,-12.07229424,779.9788818,181.8456012
2053,-40.8067894,-228.8466187,116.2999573,184.0331812
2054,-29.21428299,-230.6009827,116.2999878,184.0737539
2055,-29.0728569,-230.6187897,77.53330231,184.0598906
2056,-17.26477432,-231.8003693,38.76664352,184.0849266
2057,-5.412495136,-232.3918762,-1.800483551e-05,184.1137916
2058,-5.412495136,243.460144,-1.800483551e-05,183.108912
2059,-5.412480354,243.460144,38.7666626,183.1020031
2060,-5.412465096,243.460144,77.53334045,183.0811682
2061,-17.12254333,242.879303,116.3000183,183.0320449
2062,-17.26444626,242.8651123,116.2999954,183.0318818
2063,-28.40546417,237.4874725,162.841629,182.9585409
2064,-27.87945175,233.2701416,209.3833466,182.8749132
2065,-27.35353088,229.0527496,255.9250031,182.7669848
2066,-26.82762527,224.8354187,302.4666443,182.6345388
2067,-26.30171776,220.6181641,349.0082703,182.4795237
2068,-25.7757225,216.4007721,395.5499878,182.3074135
2069,-25.24981499,212.1834412,442.0916748,182.128435
2070,-24.72390747,207.9661865,488.6333008,181.9578786
2071,-24.19789696,203.7487946,535.1750488,181.814441
2072,-23.67199135,199.5314636,581.7166748,181.7157158
2073,-23.14608383,195.3141327,628.2583008,181.6715272
2074,-31.44443703,189.7527313,674.7999878,181.7011027
2075,-31.83745384,189.6906738,674.7999878,181.7020572
2076,-32.91191864,189.521225,674.7999878,181.7046547
2077,-35.95149994,188.8953705,674.8000488,181.7119527
2078,-42.63602829,186.9426117,681.659668,181.7298253
2079,-38.14444351,187.9608307,681.5639038,181.7198436
2080,-44.59986496,186.118042,688.4249878,181.736745
2081,-49.0658493,184.9288635,688.6126709,181.745934
2082,-50.80691528,184.2686768,695.3617554,181.7519496
2083,-52.31890488,183.8267212,702.0032349,181.7575967
2084,-56.73009872,182.437088,702.3564453,181.7655291
2085,-61.06190872,180.9519501,702.7272339,181.7731163
2086,-62.33175659,180.6519928,709.388916,181.7775787
2087,-66.55076599,179.0490417,709.8548584,181.7843952
2088,-67.09169769,178.9690552,713.1676025,181.7863244
2089,-71.17050171,177.2835846,713.7094727,181.792591
2090,-91.97123718,167.4034271,721.9741821,181.8220939
2091,-87.7939682,169.673111,722.0513916,181.8169852
2092,-84.05942535,171.8373871,725.2025757,181.8129286
2093,-79.77702332,173.7070923,721.5471802,181.8066678
2094,-75.93265533,175.5265656,720.9628906,181.8013896
2095,-72.05968475,177.2723846,720.2860718,181.7958867
2096,-71.6428833,177.2501831,717.0172729,181.7942466
2097,-96.63318634,164.9748383,724.9353027,181.8278317
2098,-96.93617249,165.0747681,728.1661377,181.8284373
2099,-92.30728912,167.4593048,725.2687378,181.8228587
2100,-97.19111633,165.2329865,731.3508911,181.8290221
2101,-97.39851379,165.4480743,734.4904785,181.8296134
2102,-101.8776779,163.0212402,737.1243896,181.8344284
2103,-97.5595932,165.7187042,737.5860596,181.8302179
2104,-102.0853271,163.69664,743.1621704,181.8353251
2105,-106.2345428,161.7202454,748.604126,181.8397222
2106,-102.1268997,164.5812683,749.0499878,181.8362581
2107,-106.1315613,162.7735748,754.3416748,181.8404681
2108,-129.2278595,138.1769409,754.9749756,181.8593485
2109,-116.1199722,156.0107422,764.3557739,181.8495144
2110,-119.0172043,152.7559509,764.0690308,181.8516158
2111,-124.4525986,145.1121521,758.1332397,181.8554841
2112,-128.9000244,138.6079559,757.7506714,181.8591053
2113,-121.598671,149.485199,763.824707,181.8535596
2114,-124.1753464,145.644928,760.8879395,181.8554067
2115,-112.9102173,159.2255249,764.6867676,181.8472541
2116,-109.393631,162.3752136,765.0651245,181.8448354
2117,-105.5796967,165.4346924,765.4972534,181.8422641
2118,-105.9049988,164.0154419,759.9683228,181.8413077
2119,-28.68325043,-226.3842773,162.8416748,184.094929
2120,-39.46667099,-220.4552917,209.3833313,184.0547212
2121,-49.73345184,-214.038269,255.9249725,183.9723417
2122,-59.46218109,-207.1698914,302.4666748,183.8209487
2123,-68.63404083,-199.8876953,349.0083618,183.5754273
2124,-77.23251343,-192.2299652,395.5499878,183.2255497
2125,-85.24326324,-184.2355652,442.0916748,182.7894431
2126,-92.65470886,-175.9439087,488.6333618,182.3191037
2127,-99.45759583,-167.3945618,535.1750488,181.8931589
2128,-105.6451569,-158.6273346,581.7166748,181.5934382
2129,-111.2129745,-149.6820526,628.2583618,181.4822126
2130,-116.127655,-140.5590515,674.7999878,181.5213277
2131,-114.5052261,-141.859024,674.8000488,181.5111318
2132,-112.9801483,-143.0810242,674.8000488,181.5013733
2133,-110.8495789,-144.631012,674.7999878,181.4878868
2134,-126.2691345,-131.1213531,682.0531616,181.587206
2135,-122.9509735,-134.1312256,682.0869141,181.5686437
2136,-119.5630646,-137.0594635,682.1203003,181.5493127
2137,-133.5558929,-123.2997742,689.0367432,181.6310669
2138,-130.4915009,-126.4404526,689.1010742,181.6153865
2139,-140.0137634,-115.5380325,695.770752,181.6670921
2140,-137.1923676,-118.8002243,695.8623047,181.6537043
2141,-143.0918121,-111.1936722,702.3893433,181.6853904
2142,-148.2231598,-103.6023636,708.7006226,181.7118297
2143,-145.7875824,-107.0262909,708.835083,181.701469
2144,-154.7657013,-92.42397308,714.6638794,181.7428897
2145,-152.6159058,-96.0071106,714.8140869,181.7340872
2146,-150.3952789,-99.53647614,714.9642944,181.7250138
2147,-156.2959595,-88.38858032,720.7476196,181.75299
2148,-159.2893982,-80.72808075,726.5202637,181.7691846
2149,-157.4759674,-84.45211029,726.6894531,181.7620778
2150,-163.1730194,-69.15306854,731.980835,181.7893314
2151,-161.6239166,-73.00801849,732.1524048,181.7831735
2152,-160.0041504,-76.82195282,732.3248291,181.7768346
2153,-163.3312836,-65.21228027,737.6661987,181.7953565
2154,-164.4488678,-57.32682419,743.0848389,181.8060295
2155,-163.1988525,-61.30644608,743.2532959,181.8009468
2156,-165.0196228,-49.3396225,748.4299927,181.8154257
2157,-163.9462585,-53.39494324,748.5923462,181.8108703
2158,-165.9232025,-37.08913803,753.5684814,181.8276676
2159,-165.0908051,-41.24110794,753.72052,181.8236935
2160,-164.1886902,-45.36735916,753.8748169,181.8196694
2161,-165.3786163,-28.80957603,758.8277588,181.8345601
2162,-161.3143616,-29.09070206,769.7531738,181.8342512
2163,-158.2146606,-20.80595398,780.1934204,181.8405052
2164,-144.2212372,111.141655,759.0090942,181.8699663
2165,-143.593399,111.4408417,761.7470703,181.8694249
2166,-142.3074493,112.1218796,767.1691895,181.8684753
2167,-140.9925232,112.9078903,772.5163574,181.8677432
2168,-140.594986,118.3700256,759.3757935,181.8676837
2169,-136.7686462,125.4380646,759.7478638,181.8650645
2170,-133.1708527,131.9285889,757.3704224,181.8624465
2171,-139.6596985,113.792244,777.7897949,181.8671922
2172,-142.6938629,106.0733795,777.4509888,181.8686676
2173,-145.5313263,98.23179626,777.121521,181.8698214
2174,-148.1646271,90.2718277,776.802063,181.8706278
2175,-150.5866089,82.19829559,776.4931641,181.8710662
2176,-152.7900085,74.01680756,776.1951294,181.8711067
2177,-154.7675476,65.733284,775.9084473,181.8707474
2178,-154.5862122,57.69005585,780.9074097,181.8690789
2179,-152.129837,49.78752136,791.0229492,181.8667649
2180,-150.788559,58.47203827,791.2471313,181.8679884
2181,-153.2488556,41.03797913,790.8120728,181.8651273
2182,-154.1406555,32.23022842,790.6143799,181.8630636
2183,-154.8004761,23.37175751,790.4296265,181.8605619
2184,-159.6041718,5.534172535,779.5827637,181.8544527
2185,-155.2238007,14.47030926,790.2576294,181.8576136
2186,-155.4222107,5.534172535,790.104187,181.8542187
2187,-155.2229919,-3.401964426,790.2595215,181.8503793
2188,-154.7996826,-12.30347061,790.4315796,181.8461404
2189,-29.07243919,-230.6152802,116.3000488,184.0742456
2190,-17.40693092,-231.7896423,116.2999954,184.1145566
2191,-17.26475906,-231.8003693,77.5333252,184.0966065
2192,-5.412480354,-232.3918762,38.7666626,184.1185691
2193,6.454521656,-232.3918762,1.372811221e-05,184.1457458
2194,6.454521656,243.460144,1.372811221e-05,183.1250577
2195,6.454536438,243.460144,38.76669312,183.1181022
2196,6.454462051,243.460144,77.53330231,183.0971059
2197,-5.269965649,243.4637299,116.3000259,183.0462823
2198,-5.412316322,243.4566956,116.3000412,183.046103
2199,-16.80753136,238.6409302,162.8416901,182.970531
2200,-16.49246216,234.4026794,209.383316,182.8853144
2201,-16.17743683,230.1643219,255.9250031,182.7747736
2202,-15.86239624,225.9260712,302.4666748,182.6383324
2203,-15.54734135,221.6877594,349.0083008,182.4776666
2204,-15.23221111,217.4494629,395.5500488,182.2982581
2205,-14.91715622,213.2111511,442.0916748,182.1108637
2206,-14.60210037,208.9727783,488.6333313,181.9320131
2207,-14.28706074,204.7345276,535.1749878,181.7823072
2208,-13.97200489,200.4962311,581.7166138,181.6813504
2209,-13.65686035,196.2579193,628.2583618,181.6399515
2210,-17.80404663,191.5960083,674.7999878,181.6663692
2211,-22.3659935,191.0926971,674.7999878,181.678296
2212,-22.61664581,191.0650482,674.7999878,181.6789399
2213,-24.30840492,190.8783569,674.7999878,181.6832593
2214,-26.9109211,190.467865,674.7999878,181.6898452
2215,-33.64469528,188.8657532,681.4625244,181.7095159
2216,-29.09814453,189.6665955,681.3373413,181.6988243
2217,-40.10512543,187.196106,688.2424927,181.7272452
2218,-35.61467361,188.1585999,688.0494995,181.7174857
2219,-41.83848953,186.6408844,694.8343506,181.734225
2220,-46.33787918,185.5103607,695.0944214,181.7432373
2221,-47.84529495,185.1136322,701.6655273,181.7493374
2222,-49.1177063,184.9219513,708.135437,181.7550665
2223,-53.59726334,183.596756,708.5344849,181.7628942
2224,-58.00848389,182.1706543,708.9514771,181.7704119
2225,-58.55995941,182.1175537,712.2032471,181.7727428
2226,-62.8802681,180.5844574,712.6702881,181.7797053
2227,-63.37072372,180.5708466,715.9182129,181.7817656
2228,-67.57580566,178.9443512,716.4442749,181.7881909
2229,-88.12214661,169.738678,725.3521729,181.8179088
2230,-88.40241241,169.8614655,728.6054688,181.818834
2231,-80.11024475,173.779068,724.8299561,181.8079174
2232,-80.39300537,173.9064178,728.0680542,181.8091651
2233,-84.56771851,172.1458435,731.6571655,181.8150768
2234,-76.27944946,175.5999298,724.2213745,181.8028174
2235,-72.42127228,177.3492126,723.5158691,181.7974807
2236,-68.00278473,178.973999,719.6847534,181.7900033
2237,-68.37274933,179.0571442,722.8890991,181.7917669
2238,-92.59545135,167.5734863,728.5158691,181.8236115
2239,-94.99389648,166.5174713,731.5673828,181.8266759
2240,-97.74903107,166.4211426,743.6516113,181.8313892
2241,-95.34803772,167.0158234,737.8187256,181.8280338
2242,-95.52501678,167.7287598,743.8986206,181.8293574
2243,-97.77597046,167.3294678,749.5637207,181.8325967
2244,-102.0237122,165.6638336,754.8060913,181.8372533
2245,-97.66197968,168.4328613,755.3406982,181.8338602
2246,-101.799736,166.9332733,760.4486694,181.8383345
2247,-112.4671326,160.7328033,770.1080933,181.8479103
2248,-115.6418915,157.466568,769.7705078,181.8499934
2249,-118.4939575,154.1531982,769.479187,181.8519351
2250,-128.5502319,139.0783844,760.5048828,181.8589027
2251,-132.7508545,132.3418579,760.1245117,181.8621298
2252,-121.0194092,150.8175812,769.232605,181.8537399
2253,-123.5625839,146.8305664,766.3359375,181.8553699
2254,-123.8777237,146.2181854,763.6218262,181.8553711
2255,-128.1818237,139.5870819,763.2387085,181.8587409
2256,-108.9759369,163.9261017,770.494812,181.8456833
2257,-105.1784668,167.0204163,770.9368286,181.8433067
2258,-101.4798508,168.37883,765.9909058,181.83952
2259,-103.1685562,168.5224152,771.1807251,181.8420783
2260,-17.08685493,-227.5517273,162.8416443,184.1433116
2261,-28.15233803,-222.1676025,209.3833313,184.1130824
2262,-38.7262001,-216.2702942,255.9249725,184.0410215
2263,-48.78524399,-209.8954163,302.4666443,183.8968443
2264,-58.30869675,-203.0794373,349.0083008,183.6504796
2265,-67.27810669,-195.8598175,395.5500183,183.2872894
2266,-75.67738342,-188.2746735,442.0916748,182.824299
2267,-83.49300385,-180.3627319,488.6333008,182.3174029
2268,-90.71353912,-172.1631012,535.1750488,181.8544349
2269,-97.33044434,-163.7152252,581.7166748,181.5277156
2270,-103.3371887,-155.0585938,628.2583618,181.4162876
2271,-108.7015152,-146.1936951,674.8000488,181.4740142
2272,-107.1382675,-147.3309784,674.7999878,181.4636777
2273,-105.9368896,-148.2049561,674.7999878,181.4556133
2274,-103.3450241,-149.9117584,674.8000488,181.4383488
2275,-116.10112,-139.9087524,682.15448,181.5291526
2276,-112.5488968,-142.689682,682.1919556,181.5080653
2277,-127.3568192,-129.506073,689.1650391,181.5991078
2278,-124.1537552,-132.4951782,689.2285767,181.5822188
2279,-120.8844223,-135.4061432,689.291626,181.5646995
2280,-134.3005066,-121.9933014,695.9534912,181.6398378
2281,-131.3399353,-125.1157837,696.0441284,181.6254867
2282,-140.4326935,-114.5057678,702.5040894,181.6734604
2283,-137.7046814,-117.7528915,702.6183472,181.6611363
2284,-143.2828522,-110.3903351,708.9692383,181.6907837
2285,-148.1054382,-103.0108185,715.1143188,181.7156681
2286,-145.7478638,-106.4288788,715.2642822,181.7060488
2287,-154.2825012,-92.01789093,720.9094238,181.7449844
2288,-152.1997528,-95.59656525,721.0713501,181.7367463
2289,-150.0490417,-99.12348938,721.2333984,181.7282762
2290,-155.5932007,-88.12984467,726.8591309,181.7547673
2291,-158.3149261,-80.59368896,732.49823,181.7703143
2292,-156.5576172,-84.32197571,732.6724854,181.7636156
2293,-161.8991241,-69.11141968,737.8383179,181.7896792
2294,-160.3976135,-72.97228241,738.0117188,181.7838338
2295,-158.8280182,-76.79370117,738.1863403,181.7778411
2296,-161.8795013,-65.25161743,743.4235229,181.7957101
2297,-162.8038788,-57.41965866,748.7566528,181.8061565
2298,-161.5935211,-61.4124527,748.9229736,181.8013343
2299,-163.2179108,-49.46657944,754.0313721,181.8154142
2300,-162.1793823,-53.53760529,754.1901855,181.811121
2301,-163.9750061,-37.21609497,759.1149902,181.8274366
2302,-162.2984467,-45.52912521,759.4119263,181.8197956
2303,-161.9973907,-37.38132095,764.5986328,181.8274817
2304,-160.0075226,-37.58311081,770.0176392,181.8277731
2305,-157.2467651,-29.48108292,780.4198608,181.8349871
2306,-154.1399384,-21.16197205,790.616272,181.8415162
2307,-140.0279388,118.7146301,762.1121216,181.8672211
2308,-139.4489746,119.0894547,764.8303223,181.8668029
2309,-138.8600922,119.4935455,767.5298462,181.866434
2310,-137.6590271,120.3860016,772.8710938,181.8658372
2311,-136.435791,121.3848038,778.1373901,181.8654213
2312,-136.2651672,125.8325882,762.4829712,181.8646918
2313,-135.1995392,122.4825668,783.3299561,181.8651752
2314,-138.3178711,114.7683868,782.9903564,181.8668131
2315,-141.2510529,106.9360352,782.6602173,181.8681729
2316,-143.9924622,98.9888916,782.3401489,181.8692284
2317,-146.5352936,90.93099976,782.0306396,181.8699524
2318,-148.8728333,82.76673889,781.7322388,181.8703312
2319,-152.9048767,66.14035797,781.1704102,181.8699141
2320,-150.9982758,74.50133514,781.4453735,181.8703199
2321,-149.2303925,67.08517456,791.4844971,181.8688164
2322,-148.3440094,50.52745438,801.0968628,181.8663328
2323,-147.1066284,59.3865509,801.2944946,181.8675156
2324,-145.6658173,68.18533325,801.5066528,181.8683392
2325,-149.3738556,41.61367035,800.9135132,181.8647778
2326,-150.1919098,32.65097809,800.7445679,181.86284
2327,-150.79422,23.64566994,800.5897217,181.8605115
2328,-151.3578949,5.534172535,800.3295898,181.8546696
2329,-151.1771851,14.60436058,800.4487915,181.8577865
2330,-151.1764221,-3.536074877,800.4507446,181.8511841
2331,-150.793457,-12.577384,800.5917358,181.8473475
2332,-17.26461029,-231.7968445,116.3000259,184.1150439
2333,-5.555054665,-232.3882599,116.2999954,184.154913
2334,-5.412465096,-232.3918762,77.53334045,184.1326888
2335,6.454536438,-232.3918762,38.76669312,184.1513362
2336,18.30672646,-231.8003693,-3.948490121e-05,184.1766521
2337,18.30672646,242.8686371,-3.948490121e-05,183.1425069
2338,18.30675697,242.8686371,38.76663971,183.1355169
2339,18.30675697,242.8686371,77.53331757,183.1143943
2340,6.596961498,243.4565735,116.2999878,183.0618964
2341,6.454476833,243.4566956,116.2999802,183.0617005
2342,-5.166625977,239.21492,162.8416443,182.9839126
2343,-5.0632267,234.9661865,209.3833466,182.8971249
2344,-4.959753036,230.717514,255.9250031,182.7839237
2345,-4.856338978,226.4687195,302.4666748,182.643314
2346,-4.752924919,222.2199707,349.0083923,182.4766332
2347,-4.649555683,217.9712982,395.5499573,182.2893253
2348,-4.546126842,213.7225037,442.0916443,182.0926862
2349,-4.442727566,209.4737549,488.6333313,181.9046051
2350,-4.339283466,205.2250214,535.1749878,181.7478377
2351,-4.235854626,200.9762878,581.7167358,181.6443259
2352,-4.132514954,196.727478,628.2583008,181.6060362
2353,-6.955957413,192.3845673,674.8000488,181.6366189
2354,-8.652663231,192.2770386,674.7999878,181.6414171
2355,-13.23305702,191.9868317,674.7999878,181.6540872
2356,-13.33931637,191.9800873,674.7999878,181.6543762
2357,-15.64843082,191.8338318,674.7999878,181.6606107
2358,-19.87629318,190.9408875,681.0648804,181.6761413
2359,-24.49230003,190.3618927,681.1992798,181.6876383
2360,-31.05280304,189.0251923,687.8115234,181.7072632
2361,-26.39338875,189.7930145,687.5494995,181.6965015
2362,-37.35459518,187.6541138,694.5591431,181.7249807
2363,-32.77745056,188.580307,694.220459,181.7152307
2364,-38.85993958,187.3467865,700.9886475,181.7320356
2365,-43.33991241,186.2895203,701.336792,181.7407909
2366,-44.60533524,186.1364594,707.7467651,181.7469691
2367,-50.15244293,184.9296417,714.5015259,181.7604861
2368,-45.63217545,186.1763916,714.0616455,181.7527964
2369,-54.147892,183.5593262,711.7579346,181.7654555
2370,-54.63915253,183.5726776,714.9528198,181.7679015
2371,-59.0524292,182.1167145,715.4241333,181.7749981
2372,-59.48585892,182.1673889,718.6138306,181.7771862
2373,-63.80279922,180.6101837,719.1326294,181.7837641
2374,-88.6350174,170.0402222,731.8120117,181.819731
2375,-76.57355499,175.7279053,727.4379272,181.8042113
2376,-76.81542969,175.9094238,730.6132202,181.8055728
2377,-80.62568665,174.0879669,731.262146,181.8103678
2378,-84.88566589,172.6700897,737.932251,181.8171528
2379,-82.8972702,173.6573639,737.7600098,181.8149539
2380,-72.72779083,177.4797516,726.7069092,181.7990324
2381,-68.68629456,179.1928711,726.057373,181.7934837
2382,-64.17683411,180.7016754,722.3134155,181.785706
2383,-64.49328613,180.8444519,725.4607544,181.7875956
2384,-92.83615112,167.7446594,731.7161255,181.8243686
2385,-93.1785202,168.2529755,737.9796143,181.8258589
2386,-95.54161835,168.6456757,749.8230591,181.8307095
2387,-93.34465027,168.9739227,744.0707397,181.8273319
2388,-93.35174561,169.8972626,750.0054321,181.8288267
2389,-95.41918945,169.7561798,755.6107178,181.8321136
2390,-97.43112946,169.7207947,761.0007935,181.8352016
2391,-95.18196106,171.0499573,761.2798462,181.8335937
2392,-97.10799408,171.183136,766.5576172,181.8366347
2393,-110.2687607,164.0262299,775.6325684,181.8476989
2394,-111.9612503,162.3956909,775.4423828,181.8487035
2395,-113.5723343,160.7447815,775.2648315,181.8496653
2396,-116.5471191,157.3950958,774.9463501,181.8515091
2397,-115.1012421,159.0767822,775.0995483,181.8506079
2398,-119.1873474,154.0036163,774.6749878,181.8532294
2399,-117.9094162,155.7029419,774.8048096,181.8523896
2400,-132.3136902,132.7910156,762.8588257,181.8618572
2401,-120.3811188,152.2997894,774.5568237,181.8540468
2402,-122.8870926,148.1676178,771.7022705,181.8554865
2403,-123.2318497,147.4807892,769.029541,181.8554125
2404,-127.7974777,140.1327209,765.9532471,181.8586202
2405,-127.3991547,140.7142334,768.6477661,181.8585399
2406,-131.8621368,133.2749786,765.5742188,181.8616285
2407,-108.4962234,165.6329956,775.8361206,181.8466776
2408,-106.6451874,167.2127838,776.0537109,181.8456131
2409,-104.7171707,168.762207,776.2862549,181.8445377
2410,-102.7135773,170.2780151,776.5346069,181.8434221
2411,-101.0867996,169.990097,771.4415894,181.8408305
2412,-98.93505859,171.4202118,771.7208862,181.8395341
2413,-100.6364746,171.756958,776.8000488,181.8422823
2414,-5.446618557,-228.1396484,162.8416595,184.1916958
2415,-16.76667404,-223.3137817,209.383316,184.1725748
2416,-27.62129021,-217.9508972,255.9250336,184.1125324
2417,-37.98564529,-212.0853119,302.4666748,183.9775822
2418,-47.83705521,-205.7525177,349.0083008,183.7319402
2419,-57.15510941,-198.9889679,395.5500183,183.3556134
2420,-65.92216492,-191.8319244,442.0916443,182.8639429
2421,-74.12237549,-184.319397,488.6333008,182.3167816
2422,-81.74266815,-176.4898834,535.1750488,181.812381
2423,-88.77243805,-168.382309,581.7166138,181.4538868
2424,-95.2032547,-160.0358887,628.2583008,181.3426259
2425,-101.0049057,-151.4528351,674.7999878,181.4224066
2426,-99.51198578,-152.4358978,674.8000488,181.4119935
2427,-98.66013336,-152.9968872,674.7999878,181.405978
2428,-95.59113312,-154.8188629,674.8000488,181.384414
2429,-108.906189,-145.3996277,682.2328491,181.4859417
2430,-105.1746674,-148.0346222,682.2776489,181.4628482
2431,-117.5387268,-138.2456818,689.355957,181.5464686
2432,-114.082077,-141.0346527,689.427002,181.5273138
2433,-128.3123627,-128.1664429,696.1342163,181.6106397
2434,-125.2197952,-131.1438904,696.2236938,181.5952896
2435,-122.0640335,-134.0467072,696.3126221,181.5794321
2436,-134.9094238,-120.9337082,702.7321167,181.6484117
2437,-132.0486145,-124.0469208,702.8452759,181.635281
2438,-140.7106323,-113.6932526,709.1030273,181.6797705
2439,-138.072525,-116.9338379,709.2363281,181.6684266
2440,-143.3241119,-109.7894135,715.4139404,181.6961551
2441,-147.832016,-102.5974884,721.3954468,181.7195744
2442,-145.5500183,-106.0174255,721.5575562,181.7106417
2443,-153.6424103,-91.76010132,727.0292358,181.7472545
2444,-151.6251068,-95.34165192,727.199707,181.739542
2445,-149.542511,-98.87345123,727.3705444,181.731634
2446,-154.7336578,-88.0057373,732.8474121,181.7567385
2447,-157.1916046,-80.57447052,738.3620605,181.7716786
2448,-155.4895935,-84.31349945,738.5389404,181.7653711
2449,-160.4921722,-69.16116333,743.5952759,181.7903146
2450,-159.0379181,-73.03392792,743.7686157,181.7847231
2451,-157.5180969,-76.86878967,743.9433594,181.7791373
2452,-160.3163452,-65.37213898,749.0911865,181.7963324
2453,-159.7452545,-69.21885681,746.4389038,181.7907534
2454,-159.9036407,-61.59022522,754.5141602,181.8020405
2455,-160.3564301,-53.73877335,759.718689,181.8116262
2456,-160.3786011,-45.73768234,764.885376,181.82017
2457,-158.4457855,-45.99085236,770.293335,181.8208049
2458,-156.0351257,-38.08897781,780.6583862,181.8290725
2459,-153.2481537,-29.96972084,790.8139648,181.8365303
2460,-150.1911469,-21.58272171,800.746521,181.843184
2461,-135.7486572,126.2596588,765.199585,181.8643661
2462,-135.220932,126.7181931,767.8970947,181.8640872
2463,-134.1386719,127.7259598,773.2330933,181.8636324
2464,-133.0294952,128.8477478,778.4929199,181.8633759
2465,-131.9026337,130.0755768,783.6782837,181.8632853
2466,-130.7668152,131.4013672,788.7904663,181.8633491
2467,-133.9585419,123.6720123,788.4498901,181.865088
2468,-136.9753113,115.8297043,788.1187744,181.8665953
2469,-139.8110962,107.8772812,787.7977905,181.8678431
2470,-142.4595947,99.81787109,787.4874878,181.868805
2471,-144.9147797,91.65519714,787.1884155,181.8694539
2472,-147.170166,83.39336395,786.901062,181.8697734
2473,-147.4608459,75.62104034,791.7349854,181.8692559
2474,-144.026413,76.91889954,801.7329712,181.8688169
2475,-144.7225494,51.36209869,810.8565063,181.8664068
2476,-143.5836487,60.41452408,811.0298462,181.8675427
2477,-142.2542725,69.41765594,811.2189331,181.8683583
2478,-140.737793,78.36720276,811.423645,181.8688671
2479,-145.6673431,42.26502991,810.6989136,181.8649395
2480,-146.4149933,33.12826157,810.5568848,181.863133
2481,-146.9623108,23.95713425,810.4304199,181.860982
2482,-151.357132,5.534172535,800.331604,181.8546698
2483,-147.3063965,14.75712681,810.3193359,181.8584846
2484,-147.3055725,-3.688811779,810.3214722,181.8524977
2485,-146.9614868,-12.8888483,810.4325562,181.849059
2486,-5.412539959,-232.3883514,116.2999496,184.1553937
2487,6.311962128,-232.3953705,116.3000259,184.1946248
2488,6.454462051,-232.3918762,77.53330231,184.1679659
2489,18.30675697,-231.8003693,38.76663971,184.1830686
2490,30.1148243,-230.6187897,-1.903678822e-05,184.2063562
2491,30.1148243,241.687027,-1.903678822e-05,183.1612662
2492,30.1148243,241.687027,38.76665878,183.154256
2493,30.11485291,241.687027,77.53334045,183.1330485
2494,18.44894218,242.8579559,116.3000107,183.0789142
2495,18.30660629,242.8651123,116.3000259,183.0787012
2496,6.488511086,239.2079468,162.8416595,182.9987289
2497,6.380030632,234.9593964,209.3833771,182.910408
2498,6.271475792,230.7107086,255.9249725,182.7945184
2499,6.162995338,226.4621582,302.4666748,182.6495806
2500,6.054544449,222.2135315,349.0083618,182.4765178
2501,5.945959568,217.96492,395.5499878,182.2806742
2502,5.837509155,213.7162933,442.0916748,182.0738923
2503,5.729043484,209.4676819,488.6333618,181.8755433
2504,5.620473862,205.2189941,535.1749878,181.710824
2505,5.51200819,200.9704437,581.7166748,181.6043976
2506,5.403542519,196.721817,628.2583618,181.569618
2507,5.293810368,192.4229584,674.7999878,181.6004361
2508,5.109006405,192.4272461,674.7999878,181.6010069
2509,0.5209535956,192.5341797,674.7999878,181.6149155
2510,-4.028370857,192.443161,674.7999878,181.6282498
2511,-4.067545891,192.4423218,674.7999878,181.6283627
2512,-6.001865864,191.9808044,680.6829834,181.6394638
2513,-10.62878036,191.7500153,680.8070679,181.6520574
2514,-15.25432491,191.4034729,680.9342651,181.6642701
2515,-17.0591526,190.9665222,687.0462646,181.673975
2516,-21.72694206,190.440094,687.2943726,181.6854048
2517,-28.0687561,189.4156036,693.8481445,181.7048774
2518,-23.35583305,190.1258545,693.4856567,181.694201
2519,-34.26787949,188.3268585,700.5610962,181.7227431
2520,-29.5142746,189.2245789,700.0919189,181.7128012
2521,-35.5201416,188.2596893,706.8303223,181.7298314
2522,-40.12691116,187.2315063,707.335083,181.7386797
2523,-41.15334702,187.3032684,713.595459,181.7449466
2524,-50.58022308,185.0064697,717.6447144,181.7630699
2525,-46.05567932,186.2671051,717.1825562,181.7556171
2526,-55.07083893,183.6360474,718.1188354,181.7702802
2527,-55.44327927,183.7485809,721.2559814,181.7725929
2528,-59.86051941,182.2687683,721.7723389,181.7793137
2529,-91.05045319,169.4333801,738.0686646,181.8236899
2530,-88.96075439,170.5608978,738.088562,181.8215238
2531,-72.98004913,177.6629944,729.8598022,181.8005459
2532,-79.02846527,175.532547,737.2165527,181.8104919
2533,-73.32635498,178.1837921,736.0541382,181.8034806
2534,-77.14694214,176.4289093,736.8435669,181.8082158
2535,-80.94472504,174.6095734,737.5220947,181.8127325
2536,-87.0499649,172.3703461,744.1494751,181.8212469
2537,-85.02454376,173.4010315,744.0391846,181.8191997
2538,-83.03300476,174.385849,743.8642578,181.8171367
2539,-81.07941437,175.3352661,743.6208496,181.8150526
2540,-68.94406128,179.3802643,729.1902466,181.7951574
2541,-64.75286865,181.0377197,728.5751953,181.789437
2542,-60.17676544,182.420105,724.8999023,181.7813851
2543,-60.4356575,182.6206207,727.9968262,181.7834014
2544,-91.2075882,170.1600037,744.1678467,181.825309
2545,-93.2209549,171.0127869,755.8024902,181.8303692
2546,-91.20597839,171.087616,750.1105957,181.8269439
2547,-91.0670929,172.2063446,755.9155884,181.828622
2548,-92.97666168,172.3106537,761.4801636,181.8319854
2549,-94.85444641,172.5171509,766.8442383,181.8351718
2550,-92.6435318,173.781189,767.0522461,181.8337003
2551,-96.7155304,172.8099365,772.0200806,181.8382291
2552,-94.4595871,174.1482391,772.3129272,181.8368892
2553,-109.72715,165.8571014,780.8864746,181.8487386
2554,-107.9673691,167.4851227,781.0929565,181.8478124
2555,-111.4050827,164.2030792,780.6936646,181.8496411
2556,-112.9997406,162.5263672,780.513855,181.8505171
2557,-114.5103073,160.8303833,780.3466187,181.851369
2558,-115.9357986,159.1185608,780.1918945,181.8521949
2559,-118.5287933,155.660965,779.9190063,181.8537746
2560,-117.2755585,157.3943176,780.0493774,181.8529971
2561,-119.695694,153.9211884,779.8007812,181.8545308
2562,-122.5299759,148.8897247,774.3544922,181.8556035
2563,-122.1618423,149.6457825,776.9868774,181.8557555
2564,-126.9884415,141.330368,771.3217773,181.8584999
2565,-126.5669479,141.9799347,773.975647,181.8584989
2566,-131.3981323,133.7926025,768.2699585,181.8614431
2567,-130.9232025,134.3429108,770.9456177,181.8612975
2568,-106.1274643,169.0836792,781.3137207,181.8468606
2569,-104.2087402,170.6494751,781.5496826,181.8458865
2570,-102.2131042,172.1791382,781.8015137,181.8448872
2571,-100.1423187,173.6693726,782.0705566,181.8438657
2572,-98.48787689,173.1958618,777.0838623,181.841116
2573,-96.26977539,174.5917511,777.3876343,181.8399282
2574,-97.99864197,175.1170197,782.3579102,181.8428227
2575,6.208533287,-228.146637,162.8416595,184.2398439
2576,-5.338018894,-223.8910217,209.3833466,184.2329918
2577,-16.44652176,-219.0758667,255.9250336,184.1868205
2578,-27.09036255,-213.7341919,302.4666443,184.0634127
2579,-37.24507141,-207.9003448,349.0083618,183.8204134
2580,-46.88886261,-201.6096497,395.5499878,183.4313468
2581,-56.00164032,-194.8985138,442.0916748,182.9091677
2582,-64.56612396,-187.8040619,488.6333618,182.3176403
2583,-72.56726074,-180.3641052,535.1749878,181.7669901
2584,-79.99240112,-172.6170197,581.7166748,181.3707778
2585,-86.83124542,-164.601532,628.2583008,181.2601714
2586,-93.05651855,-156.3236542,674.7999878,181.3661525
2587,-91.64479828,-157.1617279,674.8000488,181.3557391
2588,-91.17043304,-157.4433746,674.7999878,181.3522061
2589,-87.6064682,-159.3405151,674.7999878,181.3257311
2590,-101.3563614,-150.590683,682.3271484,181.438607
2591,-97.45384979,-153.0637207,682.3826294,181.4133687
2592,-110.5124741,-143.7693329,689.5048218,181.5071997
2593,-106.8310471,-146.4436493,689.5903931,181.4861063
2594,-118.8294373,-136.8848114,696.4035034,181.562998
2595,-115.4639893,-139.6876984,696.5043945,181.5455964
2596,-129.1239014,-127.091362,702.9578857,181.6217378
2597,-126.1371002,-130.065918,703.0698242,181.6077737
2598,-123.0902023,-132.9691925,703.1810303,181.5933759
2599,-135.370224,-120.1108704,709.3691406,181.6567501
2600,-132.6052399,-123.2232132,709.5014648,181.6447392
2601,-140.8357239,-113.0912857,715.5633545,181.6859865
2602,-138.284317,-116.3334656,715.7123413,181.6755428
2603,-143.2045898,-109.3821945,721.7195435,181.7014787
2604,-147.396225,-102.3544846,727.5415649,181.72353
2605,-145.1876068,-105.7836685,727.7127686,181.715234
2606,-152.844223,-91.64385223,733.0231323,181.7496847
2607,-150.8908081,-95.23521423,733.1994019,181.7424572
2608,-148.8747253,-98.778862,733.3762207,181.735081
2609,-153.7234344,-88.00977325,738.7167969,181.7589027
2610,-155.9338074,-80.6646347,744.1196289,181.7732397
2611,-154.2864838,-84.42051697,744.2971802,181.7673738
2612,-156.8193817,-76.94341278,746.7860107,181.7798629
2613,-157.3698578,-69.51634216,754.8468628,181.7924826
2614,-158.973587,-69.2976532,749.2612305,181.7912745
2615,-156.0958252,-77.04189301,749.6065674,181.7806594
2616,-158.1570129,-61.83621216,760.0349731,181.8029981
2617,-158.5032654,-53.99557877,765.1826782,181.8124044
2618,-154.585556,-46.62185669,780.9091187,181.8227667
2619,-154.7669678,-54.66505814,775.9100952,181.8147125
2620,-156.6363678,-54.30528641,770.5799561,181.8134381
2621,-152.1291351,-38.7192955,791.0248413,181.8312105
2622,-149.3730927,-30.5454731,800.9155273,181.8387183
2623,-146.4141693,-22.06003571,810.559021,181.8453447
2624,-130.4389343,134.9246521,773.6015015,181.8611977
2625,-129.4476624,136.1783447,778.8557129,181.8610871
2626,-128.43367,137.5448761,784.0346069,181.8611761
2627,-127.405983,139.0153809,789.1398315,181.8614113
2628,-126.372139,140.581131,794.1729736,181.8617884
2629,-129.6292877,132.8170624,793.8305664,181.8635583
2630,-132.720108,124.9457932,793.4977417,181.865149
2631,-135.6390686,116.9696426,793.1751709,181.8665279
2632,-138.3807983,108.8912201,792.8634644,181.8676657
2633,-140.9395599,100.7134018,792.5631104,181.8685369
2634,-143.3096313,92.43980408,792.2745972,181.8691133
2635,-145.485321,84.07417297,791.9984741,181.8693606
2636,-142.1927795,85.58243561,801.9735107,181.8689681
2637,-139.0378418,87.25905609,811.6439209,181.869087
2638,-141.3036041,52.27568817,820.27771,181.86687
2639,-140.2573395,61.53637314,820.4307251,181.8679573
2640,-139.0323792,70.75822449,820.6010742,181.8687629
2641,-137.6312256,79.93746185,820.7886963,181.8692993
2642,-136.0565948,89.07070923,820.9934692,181.8695828
2643,-142.1686859,42.98004532,820.1420288,181.8654919
2644,-142.8500824,33.65358734,820.0236816,181.8638171
2645,-143.3456726,24.30072403,819.9224854,181.8618435
2646,-148.5476532,5.534172535,807.3998413,181.8553419
2647,-143.6533508,14.92595768,819.8383789,181.8595725
2648,-147.4613953,5.534172535,810.2321167,181.8556595
2649,-147.462204,5.534172535,810.2299805,181.8556592
2650,-143.7986755,5.534172535,819.7816162,181.857019
2651,-143.6525726,-3.857671738,819.8405151,181.8541921
2652,-143.3448792,-13.23243904,819.9246826,181.8511307
2653,6.454312801,-232.3883514,116.3000107,184.1950966
2654,18.16459846,-231.8109436,116.2999878,184.2334787
2655,18.30675697,-231.8003693,77.53331757,184.2022591
2656,30.1148243,-230.6187897,38.76665878,184.2136042
2657,41.84922028,-228.8500977,-2.47500102e-05,184.2347016
2658,41.84922028,239.9183807,-2.47500102e-05,183.1813391
2659,41.84925079,239.9183807,38.76665497,183.1743253
2660,41.84928131,239.9183807,77.53333282,183.1530812
2661,30.25617599,241.6693268,116.2999954,183.0973614
2662,30.11440659,241.6836395,116.3000031,183.0971311
2663,18.12877655,238.6200104,162.8416748,183.0150241
2664,17.8085804,234.3821259,209.3833313,182.9252307
2665,17.48850441,230.1441803,255.9250336,182.8066484
2666,17.16830826,225.9062805,302.4666748,182.6572409
2667,16.84817123,221.668396,349.0083008,182.4774274
2668,16.52809334,217.4304504,395.5500488,182.2723781
2669,16.2079277,213.1924896,442.0916443,182.0544783
2670,15.88773155,208.9545441,488.6333313,181.84471
2671,15.56765461,204.7166595,535.1750488,181.6710314
2672,15.24748802,200.4786987,581.7166748,181.5612854
2673,14.92729187,196.2408142,628.2583008,181.5304566
2674,9.695881844,192.2985687,674.7999878,181.5867638
2675,9.228939056,192.3312836,674.7999878,181.588239
2676,14.27408504,191.9781799,674.7999878,181.5720139
2677,3.246897459,192.0964355,680.4434814,181.6131634
2678,-1.37590456,192.0962067,680.5618896,181.6265019
2679,-3.066188097,191.8294678,686.3391724,181.6375955
2680,-7.726913452,191.660553,686.5692139,181.6500795
2681,-12.39182663,191.3730774,686.8047485,181.6622027
2682,-13.93931198,191.1727448,692.789917,181.6718864
2683,-18.64548683,190.7111664,693.1331787,181.6832065
2684,-24.75865746,189.9929352,699.6351318,181.7025486
2685,-20.00907707,190.6322021,699.190979,181.6919938
2686,-30.72585678,189.2147369,706.2772827,181.7203034
2687,-25.9313488,190.0363922,705.7390747,181.7104781
2688,-36.53240967,188.3739471,713.0247192,181.7365337
2689,-31.70148087,189.3812714,712.4008179,181.7274219
2690,-37.30393219,188.6650085,719.1418457,181.7428973
2691,-41.93857956,187.5571289,719.7672119,181.7509037
2692,-46.4196701,186.4041443,720.2788696,181.7583271
2693,-50.94859695,185.1311035,720.7612915,181.7655771
2694,-55.75696182,183.9096832,724.364502,181.7748695
2695,-89.11029053,171.2910004,744.1931152,181.8232825
2696,-69.29698944,179.9064331,735.3527222,181.7983985
2697,-79.16449738,176.2558594,743.3070068,181.8129423
2698,-77.28668213,177.1503448,742.9229126,181.8108006
2699,-73.47337341,178.9039307,742.1091919,181.8063283
2700,-69.44538116,180.6283569,741.3863525,181.8015339
2701,-87.03353119,173.3003845,750.1022339,181.8231561
2702,-85.00195312,174.3294373,749.9940796,181.8212418
2703,-83.00514984,175.31073,749.819397,181.8193088
2704,-81.04782104,176.2563934,749.5742798,181.8173526
2705,-79.131073,177.1736755,749.2566528,181.8153677
2706,-65.10678864,181.5722351,734.7081909,181.7930005
2707,-60.78611755,183.1658173,734.1019287,181.7873027
2708,-56.01285934,184.1185455,727.4447021,181.777062
2709,-56.35643768,184.6766205,733.5228882,181.781315
2710,-89.10090637,172.2207947,750.1418457,181.8250554
2711,-90.81529999,173.5065002,761.6011963,181.8303712
2712,-88.95409393,173.3407745,755.9535522,181.8268666
2713,-88.69426727,174.6414948,761.6465454,181.8287456
2714,-90.47525024,174.9788208,767.1812134,181.8322173
2715,-92.24436188,175.4151611,772.5279541,181.8355423
2716,-90.0699234,176.6142578,772.664856,181.8341833
2717,-94.01347351,175.9339294,777.6854858,181.8387199
2718,-91.79541779,177.2036285,777.9069824,181.837501
2719,-107.4006882,169.4716187,786.269165,181.8490919
2720,-109.1469421,167.8220367,786.0603027,181.8499186
2721,-105.5728531,171.089325,786.4924927,181.848245
2722,-110.8097763,166.1439819,785.8653564,181.8507248
2723,-112.3877792,164.4409332,785.6836548,181.85151
2724,-113.8799286,162.7162628,785.5150146,181.8522744
2725,-115.2853088,160.9736023,785.3591919,181.8530177
2726,-117.832428,157.447876,785.0853882,181.8544407
2727,-116.6030731,159.2163391,785.2160034,181.8537399
2728,-118.9734116,155.6710052,784.9674072,181.8551201
2729,-121.7840271,150.4345551,779.5997314,181.855956
2730,-126.1360626,142.6617279,776.6099243,181.8585349
2731,-125.6969299,143.374527,779.2249146,181.8586116
2732,-103.6648941,172.6717377,786.7311401,181.8473784
2733,-101.6786423,174.2154999,786.9857178,181.8464923
2734,-99.61611938,175.7172394,787.2573853,181.8455876
2735,-97.4794693,177.1737671,787.5473633,181.8446654
2736,-95.78430939,176.5189209,782.6650391,181.84176
2737,-93.52988434,177.8650055,782.9666748,181.8406803
2738,-95.27098083,178.581955,787.8568726,181.8437267
2739,17.84952927,-227.5726318,162.8416901,184.2874875
2740,6.10513401,-223.8978882,209.3833008,184.2940781
2741,-5.229568481,-219.6424255,255.9250031,184.2637839
2742,-16.12643051,-214.8379517,302.4666138,184.1545725
2743,-26.55932808,-209.5175018,349.0083313,183.916549
2744,-36.50461578,-203.7153473,395.5499878,183.5154152
2745,-45.94065857,-197.4667816,442.0916443,182.9608949
2746,-54.84815598,-190.8080597,488.6333008,182.3204439
2747,-63.21016693,-183.7761841,535.1749878,181.7183809
2748,-71.01223755,-176.4088287,581.7166138,181.2769889
2749,-78.24214172,-168.7441864,628.2583008,181.1676858
2750,-84.87588501,-160.7940674,674.7999878,181.3048735
2751,-83.55535889,-161.4970093,674.7999878,181.2945467
2752,-83.47918701,-161.5375214,674.8000488,181.2939471
2753,-79.41009521,-163.4660339,674.8000488,181.2619101
2754,-93.4699707,-155.449646,682.4457397,181.3868883
2755,-89.40779114,-157.744339,682.5189209,181.3594006
2756,-103.0396729,-149.0513,689.6850586,181.4639868
2757,-99.14112854,-151.5857239,689.7914429,181.4408487
2758,-111.9638748,-142.4503937,696.6154175,181.5273227
2759,-108.3297806,-145.1648407,696.737915,181.5081209
2760,-119.9618301,-135.8139038,703.2950439,181.5784526
2761,-116.683403,-138.6362457,703.4221802,181.562728
2762,-116.0947495,-139.1258087,699.9833374,181.5544181
2763,-129.7792206,-126.2698898,709.6331177,181.6323938
2764,-126.8939285,-129.2498627,709.7640991,181.6197183
2765,-123.9511871,-132.1618652,709.8942871,181.6066543
2766,-135.6714172,-119.5148087,715.8609009,181.6648246
2767,-132.9986115,-122.6343384,716.0089722,181.6538312
2768,-140.7971497,-112.6907883,721.8813477,181.6920868
2769,-138.3293915,-115.9422531,722.0429077,181.6824695
2770,-142.9180603,-109.1600494,727.8840942,181.7067457
2771,-146.7973938,-102.2738647,733.5534668,181.7275284
2772,-144.66008,-105.7192841,733.7311401,181.7198314
2773,-151.8942261,-91.66226959,738.8956909,181.752278
2774,-150.00354,-95.27000427,739.0753174,181.7454518
2775,-148.0523682,-98.8320694,739.2559204,181.7386667
2776,-151.3666992,-91.71984863,741.7891846,181.7536532
2777,-152.5771179,-88.13545227,744.4761353,181.761197
2778,-153.6405945,-84.51543427,747.1392822,181.7684337
2779,-152.9694366,-84.63698578,749.9588013,181.7695646
2780,-154.5870514,-77.30779266,755.1876831,181.7824334
2781,-155.7083435,-69.81296539,760.3607178,181.7939324
2782,-152.2761688,-84.7844162,752.7573853,181.7707495
2783,-156.3791504,-62.14678192,765.4902954,181.8042254
2784,-152.9043274,-55.0721283,781.1720581,181.8162038
2785,-150.7879486,-47.40386963,791.2489624,181.8255918
2786,-150.9976349,-63.43317032,781.4470825,181.8092773
2787,-152.789444,-62.94861221,776.1967773,181.8073898
2788,-154.5862274,-62.5187149,770.8776245,181.8057116
2789,-148.3432465,-39.45931625,801.098877,181.833982
2790,-145.666626,-31.19683266,810.7009277,181.841385
2791,-142.8493195,-22.585392,820.0258179,181.8478482
2792,-124.7987671,144.8885498,784.3981323,181.8588877
2793,-123.8817444,146.5123596,789.4973145,181.859308
2794,-122.9538956,148.2363586,794.524231,181.8598722
2795,-122.0225449,150.0508728,799.4804077,181.8605738
2796,-125.3395462,142.2331085,799.1347656,181.8623012
2797,-128.4970856,134.3144836,798.7990723,181.8639039
2798,-131.4908142,126.2965469,798.4737549,181.8653481
2799,-134.3156128,118.1814957,798.1595459,181.8665997
2800,-136.9665222,109.9718246,797.8568726,181.8676284
2801,-139.438385,101.6702957,797.5662842,181.8684111
2802,-141.7261353,93.28025818,797.288208,181.8689137
2803,-137.1581726,96.08963013,811.8795166,181.8690393
2804,-140.1697235,94.17185211,802.2279053,181.8688399
2805,-134.3110809,98.1546936,821.215332,181.8696323
2806,-138.1222992,53.25216293,829.3342896,181.8676179
2807,-137.1617279,62.73192215,829.4727783,181.8686581
2808,-136.0336151,72.18244934,829.6305542,181.8694548
2809,-134.7394257,81.60051727,829.8076172,181.8700195
2810,-133.2809448,90.98321533,830.0039673,181.8703677
2811,-131.6600647,100.3276978,830.2192993,181.8705187
2812,-138.9136047,43.74644089,829.2150269,181.8663263
2813,-139.5340118,34.21813202,829.1151733,181.8647797
2814,-139.9822693,24.67083931,829.0344238,181.8629779
2815,-142.1191101,5.534172535,824.1606445,181.8577669
2816,-143.7978058,5.534172535,819.7838745,181.8570193
2817,-140.388916,5.534172535,828.9418945,181.8586352
2818,-140.256958,15.10825825,828.9728394,181.8609253
2819,-140.2561188,-4.039942741,828.9750977,181.8561302
2820,-139.9814301,-13.60258389,829.0367432,181.8534282
2821,18.30633926,-231.7968445,116.2999802,184.2339386
2822,29.97326279,-230.6364441,116.3000031,184.2712469
2823,30.11485291,-230.6187897,77.53334045,184.2353818
2824,41.84925079,-228.8500977,38.76665497,184.2427781
2825,53.4809761,-226.498703,-2.083269464e-05,184.2615337
2826,53.4809761,237.5669708,-2.083269464e-05,183.2027267
2827,53.4809761,237.5669708,38.76665878,183.1957282
2828,53.48100662,237.5669708,77.53334045,183.1745032
2829,41.98962021,239.8935852,116.2999802,183.1172634
2830,41.84874344,239.914917,116.2999725,183.1170155
2831,29.72527695,237.4525909,162.8416595,183.0328438
2832,29.19425964,233.2359314,209.383316,182.9416636
2833,28.66330147,229.0192566,255.9250336,182.8204128
2834,28.13228416,224.8025208,302.4666748,182.6664155
2835,27.6013546,220.5858459,349.0083313,182.4794843
2836,27.0703373,216.3691254,395.5499878,182.2645258
2837,26.53928947,212.1524506,442.0916443,182.0344474
2838,26.0083313,207.9357147,488.6333618,181.8119774
2839,25.47734451,203.7190552,535.1749878,181.628199
2840,24.94638634,199.5023804,581.7166748,181.5146735
2841,24.41536713,195.2855835,628.2583008,181.4883207
2842,23.40629196,191.0810699,674.7999878,181.5412898
2843,18.8478775,191.6143646,674.7999878,181.556918
2844,17.91837311,191.7231445,674.7999878,181.5600382
2845,14.6038475,191.9551239,674.7999878,181.5709404
2846,12.47372627,191.7528229,680.2149048,181.5852131
2847,7.864201069,191.9818878,680.3277588,181.5993338
2848,6.235146523,191.8145142,685.8944702,181.611496
2849,1.588472843,191.8806763,686.1142578,181.6247408
2850,0.1393795609,191.8254242,691.8084717,181.6358851
2851,-4.545381546,191.7288666,692.1281128,181.6482349
2852,-9.238725662,191.5115967,692.4551392,181.6602321
2853,-10.53311539,191.529068,698.3363647,181.6699491
2854,-15.26685619,191.1438446,698.7583008,181.6811298
2855,-21.14595985,190.7246399,705.2155762,181.7003669
2856,-16.37055588,191.2813416,704.7056274,181.6899633
2857,-26.87210464,190.2512665,711.793457,181.7180273
2858,-22.05411148,190.9836273,711.2028198,181.7083631
2859,-32.44071198,189.7195282,718.4593506,181.7341994
2860,-27.58017731,190.632843,717.795105,181.7252374
2861,-32.94753265,190.2246704,724.4525146,181.740683
2862,-37.83897018,189.128067,725.1813965,181.7489601
2863,-42.48658371,187.9883118,725.8505249,181.7565498
2864,-46.97153473,186.8145142,726.3987427,181.7635655
2865,-51.50949097,185.5208588,726.9153442,181.7704341
2866,-65.25245667,182.2983398,740.7220459,181.7964433
2867,-77.25311279,178.0653839,748.8668823,181.813349
2868,-73.43999481,179.8155975,748.0401001,181.8091293
2869,-69.4084549,181.5387268,747.3058472,181.804611
2870,-65.20954132,183.2091522,746.6311035,181.7998179
2871,-86.87891388,174.4197083,755.9193726,181.8250977
2872,-84.83982849,175.4463043,755.8154907,181.8233111
2873,-82.83573914,176.4233093,755.6439819,181.8215034
2874,-80.87216949,177.3644714,755.4008179,181.8196699
2875,-78.95065308,178.2777252,755.0837402,181.8178053
2876,-77.06913757,179.1661377,754.6933594,181.8159044
2877,-60.92608643,183.8981171,740.0969849,181.7910714
2878,-56.48832703,185.4169006,739.4996948,181.7854273
2879,-51.84385681,186.0934143,732.9674072,181.7750583
2880,-51.96613693,186.8433075,738.9265747,181.7795329
2881,-88.34625244,176.1139374,767.2346191,181.8307188
2882,-86.61064911,175.7191772,761.6192627,181.8271035
2883,-86.25372314,177.1900635,767.2155762,181.8292007
2884,-87.93312836,177.7493591,772.7270508,181.8328073
2885,-89.61573792,178.4042664,778.0518799,181.8362669
2886,-87.47142029,179.539505,778.1235352,181.8350133
2887,-91.31058502,179.1376495,783.1941528,181.8395873
2888,-89.12667084,180.3400879,783.347229,181.8384765
2889,-106.8068924,171.5816193,791.3682861,181.8505157
2890,-104.9923248,173.2189331,791.593689,181.8497723
2891,-108.5386505,169.9100189,791.1574707,181.8512431
2892,-103.0965195,174.8184204,791.8344116,181.8490132
2893,-110.1857758,168.2074738,790.9608154,181.8519543
2894,-111.7466888,166.4774475,790.77771,181.8526493
2895,-113.2203217,164.7235107,790.6079102,181.853328
2896,-114.6058044,162.949234,790.4512939,181.8539907
2897,-117.1081161,159.3535919,790.177063,181.8552679
2898,-115.9020309,161.1580811,790.3076782,181.8546373
2899,-121.0040665,152.105011,784.7680664,181.856438
2900,-119.2494431,155.71698,789.9552612,181.8564734
2901,-118.2241669,157.5385284,790.0594482,181.8558832
2902,-101.1213608,176.3766785,792.0910645,181.8482386
2903,-99.06894684,177.8903961,792.3647461,181.8474494
2904,-96.9416275,179.356308,792.6563721,181.8466461
2905,-94.74151611,180.7712555,792.9672241,181.8458298
2906,-93.02082062,179.9321747,788.1613159,181.8427731
2907,-90.80203247,181.2082214,788.3944092,181.8418036
2908,-92.49796295,182.1262512,793.2736816,181.8450003
2909,29.44737053,-226.4191132,162.8416901,184.3343271
2910,17.53439903,-223.3343353,209.3832855,184.3555248
2911,6.001660347,-219.6491394,255.9250031,184.3432578
2912,-5.121088028,-215.3937988,302.4666138,184.2512741
2913,-15.80626392,-210.6000061,349.0083313,184.0210468
2914,-26.02841568,-205.3007965,395.5499878,183.6088486
2915,-35.76406097,-199.5303497,442.0917053,183.0201967
2916,-44.99246597,-193.3238983,488.6333313,182.3257052
2917,-53.69458008,-186.7175903,535.1750488,181.6668683
2918,-61.85412979,-179.7483063,581.7166748,181.1708241
2919,-69.45713806,-172.453537,628.2583618,181.0637706
2920,-76.48323822,-164.8531952,674.7999878,181.238144
2921,-75.60842133,-165.267807,674.7999878,181.2308812
2922,-75.25582886,-165.4151611,674.7999878,181.2279999
2923,-85.29490662,-159.9344177,682.5801392,181.3307106
2924,-81.17047882,-162.0058136,682.5922241,181.3012415
2925,-95.13885498,-154.0403137,689.9125977,181.4166526
2926,-91.03686523,-156.4084778,690.0528564,181.3914415
2927,-104.5635986,-147.822525,696.8737793,181.4879739
2928,-100.6684799,-150.4145813,697.0266113,181.46688
2929,-112.628006,-141.903717,700.1096802,181.5369372
2930,-109.0167084,-144.6385498,700.2492065,181.5186205
2931,-120.924408,-135.0207062,710.0280762,181.5931058
2932,-117.7290649,-137.8679047,710.1781006,181.5788808
2933,-117.2286072,-138.217453,706.8204956,181.5710486
2934,-113.2493057,-141.4301453,703.5628052,181.5462094
2935,-130.2673798,-125.6912079,716.1564941,181.642562
2936,-124.3164673,-131.8558655,713.1917725,181.6131088
2937,-127.4793701,-128.6845093,716.3033447,181.6310135
2938,-124.6365585,-131.6130524,716.4494019,181.6191816
2939,-135.8026276,-119.1356201,722.2041016,181.6726315
2940,-133.2186127,-122.2699585,722.3648682,181.662572
2941,-140.5890961,-112.4826965,728.0553589,181.6980665
2942,-138.2020721,-115.7507858,728.2265625,181.6892021
2943,-142.4643097,-109.1142426,733.9091187,181.711971
2944,-146.0422821,-102.3476562,739.4371338,181.7315359
2945,-143.9745789,-105.8159027,739.6189575,181.7244806
2946,-147.5875702,-98.91173553,742.1515503,181.74047
2947,-150.8071442,-91.80850983,744.65625,181.7551138
2948,-147.0902863,-99.02550507,745.0197754,181.7423222
2949,-149.604126,-92.07579803,750.3171997,181.7580545
2950,-150.2185516,-91.92743683,747.498291,181.756567
2951,-148.9670258,-92.25271606,753.114624,181.7595959
2952,-151.564209,-84.95703125,755.5361938,181.7720064
2953,-153.0189667,-77.66157532,760.6954346,181.7844611
2954,-154.0140839,-70.18339539,765.8079834,181.7956474
2955,-148.3105011,-92.45747375,755.8918457,181.7611911
2956,-149.2297821,-56.01704025,791.4863281,181.8197184
2957,-147.1058655,-48.3184166,801.2965088,181.8290136
2958,-147.1695709,-72.32525635,786.902832,181.8047016
2959,-148.8722992,-71.69862366,781.7339478,181.8021457
2960,-150.5860443,-71.13014221,776.494812,181.7997745
2961,-147.460144,-64.55290222,791.7368774,181.8136148
2962,-152.3029633,-70.62375641,771.1860352,181.7976027
2963,-144.7217255,-40.29393005,810.8586426,181.8372158
2964,-142.1678009,-31.91187859,820.1442871,181.8443772
2965,-139.5332794,-23.14996719,829.1173706,181.8505593
2966,-120.1997833,153.8907318,789.8620605,181.8570613
2967,-119.3793564,155.7812653,794.8838501,181.8578392
2968,-118.550972,157.7662201,799.835144,181.8587552
2969,-117.7215042,159.8350983,804.7175903,181.8598002
2970,-121.0947266,151.9461212,804.3667603,181.861405
2971,-124.3143463,143.9624176,804.0262451,181.8629421
2972,-127.3764267,135.8854828,803.6964722,181.8643771
2973,-130.2767029,127.7168121,803.3780518,181.8656752
2974,-133.0107269,119.4585571,803.0714722,181.8668004
2975,-135.5739746,111.1131592,802.7773438,181.8677189
2976,-137.9618073,102.6831894,802.4960327,181.8684165
2977,-135.1024017,104.8554764,812.130249,181.8687302
2978,-132.3974609,107.1863785,821.4541016,181.8694685
2979,-129.8786163,109.6312408,830.4535522,181.8704956
2980,-135.2112122,54.27506638,837.9993286,181.8685591
2981,-134.3285217,63.98052216,838.1310425,181.8695568
2982,-133.2884827,73.66526031,838.2845459,181.8703484
2983,-132.0920715,83.32657623,838.4596558,181.8709449
2984,-130.7402191,92.96187592,838.656311,181.8713616
2985,-129.2338257,102.5686874,838.8745117,181.8716183
2986,-127.5739822,112.1445007,839.1141357,181.8717398
2987,-135.9358673,44.55158234,837.8891602,181.8673484
2988,-136.5016479,34.81283951,837.8006592,181.8659227
2989,-136.9078369,25.06172752,837.7338867,181.864284
2990,-140.3880768,5.534172535,828.9442139,181.8586356
2991,-137.1537628,15.30116844,837.6886597,181.8624395
2992,-137.1529541,-4.23291254,837.690979,181.8581911
2993,-136.9070129,-13.99353123,837.7362061,181.8558349
2994,30.11425781,-230.6152954,116.3000259,184.2716927
2995,41.70888138,-228.8748016,116.3000259,184.30769
2996,41.84928131,-228.8500977,77.53333282,184.2671419
2997,53.4809761,-226.498703,38.76665878,184.270426
2998,64.98106384,-223.5704346,5.035532376e-05,184.2866992
2999,64.98106384,234.6387177,5.035532376e-05,183.2254259
3000,64.98097992,234.6387177,38.76665878,183.2184642
3001,64.98101044,234.6387177,77.53334045,183.1973218
3002,53.61994553,237.5352631,116.3000336,183.1386428
3003,53.48029327,237.5635834,116.3000031,183.1383771
3004,41.2491188,235.7085724,162.8416901,183.0522339
3005,40.5085907,231.5236664,209.383316,182.9597814
3006,39.76809311,227.3386383,255.9250336,182.8359184
3007,39.02753448,223.1536865,302.4666443,182.6772389
3008,38.28709793,218.9686584,349.0083618,182.4828293
3009,37.54650879,214.7836456,395.5499878,182.2572216
3010,36.80607224,210.5986786,442.0917053,182.0138124
3011,36.06554413,206.4136505,488.6333008,181.777212
3012,35.32504272,202.2287598,535.1749878,181.5820319
3013,34.58448792,198.0437317,581.7166138,181.4642033
3014,33.84404755,193.8587189,628.2583618,181.4429107
3015,26.57079124,190.7108154,674.7999878,181.5302427
3016,23.87928391,191.0257111,674.7999878,181.539651
3017,27.95513916,190.4831238,674.8000488,181.525298
3018,21.65999413,190.9527435,679.9974976,181.5556203
3019,17.07302856,191.4096832,680.1046753,181.5705877
3020,15.49675465,191.3326111,685.4705811,181.5838441
3021,10.8718214,191.6316986,685.6798706,181.5978682
3022,9.476402283,191.6593628,691.1906738,181.6100916
3023,4.813814163,191.8020477,691.4958496,181.6231729
3024,3.604465723,191.939743,697.1269531,181.6344242
3025,-1.096179962,191.9259796,697.5210571,181.6466046
3026,-5.809149265,191.7894135,697.9241943,181.6584436
3027,-6.853854656,192.0062561,703.7223511,181.6682524
3028,-11.60620785,191.7079926,704.208252,181.679261
3029,-17.24842834,191.5805664,710.6274414,181.6984243
3030,-12.45594597,192.0436859,710.0662231,181.6882052
3031,-22.73303795,191.4044952,717.1491089,181.7160242
3032,-17.90011597,192.0366516,716.5198364,181.7065549
3033,-28.05957794,191.1764374,723.7432251,181.7321586
3034,-23.18667412,191.9825439,723.0534668,181.7234014
3035,-28.31923103,191.8773956,729.6403809,181.7388497
3036,-33.23081589,190.8921356,730.3832397,181.7469304
3037,-38.14653015,189.7585144,731.1467285,181.7547813
3038,-42.80628967,188.59198,731.848999,181.7619628
3039,-47.29647064,187.4024506,732.4251099,181.7685809
3040,-60.87524414,184.8110809,745.9961548,181.7947633
3041,-73.24959564,180.9111176,753.8641968,181.8119287
3042,-69.20989227,182.6304474,753.1282349,181.8076791
3043,-65.00170135,184.2980652,752.4520874,181.8031771
3044,-60.65740204,185.8983917,751.8157349,181.7984347
3045,-84.56281281,176.7427368,761.5217896,181.8254411
3046,-82.54971313,177.7150116,761.3561401,181.8237548
3047,-80.57764435,178.6511536,761.1183472,181.8220405
3048,-78.64834595,179.5600433,760.8061523,181.8202928
3049,-76.75995636,180.4445953,760.420105,181.8185068
3050,-72.92782593,182.1831818,759.5986938,181.8147697
3051,-56.42831802,186.3334503,745.3890991,181.7894562
3052,-51.89595032,187.7648468,744.8064575,181.7839178
3053,-47.40903473,188.1627197,738.3666382,181.7734347
3054,-47.32886505,189.0901642,744.2368164,181.7781923
3055,-85.83119965,178.8238831,772.7175903,181.83141
3056,-84.19594574,178.2103119,767.1265259,181.8276596
3057,-83.76264954,179.8408966,772.638855,181.8299876
3058,-85.35999298,180.6126251,778.124939,181.8337361
3059,-86.97543335,181.4758453,783.4290771,181.8373441
3060,-84.85437012,182.5481415,783.442749,181.8361865
3061,-88.61519623,182.4131317,788.5557861,181.8408139
3062,-86.45766449,183.5501556,788.6486816,181.8398003
3063,-104.3956375,175.4618225,796.6204834,181.8514424
3064,-106.1956177,173.8043365,796.3934326,181.8520829
3065,-102.513649,177.0789948,796.862793,181.8507899
3066,-107.9118423,172.1100464,796.1811523,181.8527115
3067,-100.5513992,178.6523743,797.1209717,181.8501257
3068,-109.5423584,170.3823853,795.9830933,181.8533279
3069,-111.0857468,168.6248169,795.7987671,181.8539322
3070,-112.5407104,166.8409424,795.6280518,181.8545248
3071,-113.9061508,165.034317,795.4708252,181.8551058
3072,-116.3645706,161.3671722,795.1964111,181.8562332
3073,-115.1810303,163.2085724,795.3270264,181.8556753
3074,-118.4560318,157.6503296,794.9759521,181.8573141
3075,-117.456398,159.513092,795.0793457,181.85678
3076,-98.5111618,180.1786957,797.3959961,181.8494502
3077,-96.39536285,181.6547852,797.6886597,181.8487641
3078,-94.20627594,183.07724,798.0001221,181.848068
3079,-91.97190857,184.4378967,798.3078613,181.8473605
3080,-90.28159332,183.4064484,793.512146,181.8441531
3081,-88.09321594,184.614624,793.6821899,181.8432843
3082,-89.76014709,185.7232819,798.5513916,181.8466341
3083,40.97330093,-224.6889191,162.8416748,184.3800328
3084,28.92144966,-222.2017822,209.3833771,184.4169621
3085,17.21932983,-219.0960236,255.9250031,184.4250023
3086,5.898335457,-215.4004059,302.4667053,184.3536948
3087,-5.012533188,-211.1451874,349.0083618,184.1346571
3088,-15.48606777,-206.3620911,395.5500183,183.7127959
3089,-25.49738312,-201.0841064,442.0916748,183.0883327
3090,-35.02359009,-195.3453674,488.6333313,182.3339706
3091,-44.04427719,-189.181015,535.1749878,181.6130666
3092,-52.54109955,-182.627121,581.7166748,181.0502315
3093,-60.49819946,-175.7204132,628.2583618,180.9465736
3094,-71.02165222,-167.1854095,674.7999878,181.192561
3095,-67.89902496,-168.4908905,674.7999878,181.1655586
3096,-67.56985474,-168.6284943,674.7999878,181.1626533
3097,-66.77326965,-168.9187164,674.7999878,181.1557221
3098,-62.46117401,-170.4898376,674.7999878,181.1173559
3099,-77.03261566,-163.9625244,682.5584106,181.2705958
3100,-86.8854599,-158.6661987,690.1704102,181.3653576
3101,-82.75753784,-160.7882538,690.1943359,181.338607
3102,-96.64839935,-152.9320526,697.2007446,181.4448337
3103,-92.50823212,-155.3659973,697.4022827,181.4218267
3104,-105.2625504,-147.320694,700.4041748,181.4994138
3105,-101.3691025,-149.9402466,700.5786133,181.4793153
3106,-109.6602173,-144.1855316,703.7185059,181.5287874
3107,-121.3388824,-134.7245331,713.3342896,181.6001975
3108,-118.183609,-137.5860596,713.4946289,181.5866543
3109,-114.3579407,-140.6960297,710.3449707,181.5639436
3110,-113.8263245,-141.0280762,706.9747314,181.5552345
3111,-130.5784912,-125.3446198,722.5252075,181.6522971
3112,-124.9102478,-131.4320221,719.6668701,181.62531
3113,-127.8840866,-128.3587799,722.6849365,181.6418132
3114,-125.1370544,-131.3112946,722.8439331,181.6310614
3115,-121.7070618,-134.4933167,716.5998535,181.6070279
3116,-135.7585907,-118.9634323,728.397583,181.6801823
3117,-133.2600555,-122.1198578,728.5682983,181.6709677
3118,-140.2112885,-112.4579163,734.0873413,181.7039429
3119,-137.90271,-115.7495499,734.265564,181.6957112
3120,-141.8505402,-109.2360001,739.8012695,181.7170801
3121,-139.9608612,-112.5113983,737.0519409,181.7068678
3122,-143.5769348,-105.9219666,742.5171509,181.7267816
3123,-143.1459503,-106.0651245,745.387207,181.7291262
3124,-146.5632172,-99.17242432,747.8623657,181.7442028
3125,-142.6843262,-106.2443695,748.230835,181.7314859
3126,-146.0094604,-99.35157013,750.6812134,181.7461176
3127,-145.4323273,-99.56204987,753.4780273,181.7480717
3128,-144.8350677,-99.80297089,756.2540283,181.7500674
3129,-150.0975037,-85.37503815,761.0386963,181.7746504
3130,-151.4160767,-78.09848785,766.135437,181.78673
3131,-146.9525757,-92.947258,761.3899536,181.7645407
3132,-144.2209167,-100.0734711,759.010437,181.7521065
3133,-145.6651764,-57.11725235,801.508606,181.8238585
3134,-143.5829315,-49.34644699,811.0319214,181.8328802
3135,-143.3090515,-81.37176514,792.2764282,181.8010994
3136,-144.9141846,-80.58708954,787.1901855,181.7979001
3137,-145.4846344,-73.00611115,792.0003662,181.8074454
3138,-146.5347595,-79.86287689,782.0323486,181.7948639
3139,-148.1641693,-79.2036972,776.8036499,181.7919418
3140,-149.7942047,-78.61404419,771.5046997,181.7892279
3141,-144.0257721,-65.85082245,801.7349243,181.8185709
3142,-141.3028259,-41.20758057,820.2799072,181.840757
3143,-138.9127655,-32.67830658,829.2173462,181.8475577
3144,-136.5009308,-23.74467278,837.8029785,181.8533607
3145,-117.6533203,159.6789703,799.9262085,181.858289
3146,-116.848587,161.7922211,804.8078003,181.8593931
3147,-116.8978195,161.9772339,809.5321045,181.8609628
3148,-116.0485306,163.9792633,809.6217651,181.8606146
3149,-120.176506,153.9123688,809.1842651,181.8623574
3150,-123.3028641,145.7599335,808.8475952,181.863703
3151,-126.2729416,137.5217133,808.5228271,181.8649686
3152,-129.0832367,129.1990051,808.2102661,181.8661206
3153,-131.72966,120.7940292,807.9105835,181.8671202
3154,-134.2082825,112.3091278,807.6240234,181.8679254
3155,-130.3184204,116.1630478,821.7095337,181.8691256
3156,-132.8742218,113.5535507,812.395874,181.8682425
3157,-127.938179,118.8912125,830.7067261,181.8703276
3158,-125.7617493,121.6869965,839.375,181.8717573
3159,-132.6027985,55.32753372,846.2439575,181.869616
3160,-131.7888947,65.26124573,846.3789062,181.8705782
3161,-130.8273315,75.18127441,846.5383911,181.8713706
3162,-129.7185822,85.08544922,846.722229,181.8720039
3163,-128.4627991,94.97153473,846.9304199,181.872494
3164,-127.0602493,104.8372421,847.1629639,181.8728615
3165,-125.5113068,114.6803818,847.4197388,181.8731321
3166,-123.8162689,124.4986954,847.7007446,181.8733419
3167,-133.2690125,45.38253021,846.1334839,181.868478
3168,-133.787384,35.42843628,846.0474854,181.8671631
3169,-134.1576691,25.46748543,845.9860229,181.8656752
3170,-137.4062958,5.534172535,837.184021,181.8603022
3171,-134.3799896,15.50197697,845.9490967,181.8640234
3172,-137.2438507,5.534172535,837.6692505,181.8604041
3173,-137.2445526,5.534172535,837.6669922,181.8604037
3174,-134.4739227,5.534172535,845.9432983,181.8622227
3175,-134.3791962,-4.433720589,845.951416,181.8602889
3176,-134.1569824,-14.39928913,845.9883423,181.8582559
3177,41.84856415,-228.8466339,116.3000031,184.3081181
3178,53.34191895,-226.530365,116.2999802,184.3425562
3179,53.48100662,-226.498703,77.53334045,184.297345
3180,64.98097992,-223.5704346,38.76665878,184.2963845
3181,76.32079315,-220.0725708,-4.287281627e-05,184.3100494
3182,76.32079315,231.1408234,-4.287281627e-05,183.2494296
3183,76.32082367,231.1408234,38.76663589,183.2425291
3184,76.32082367,231.1408234,77.53331757,183.221541
3185,65.11824799,234.6000977,116.2999649,183.1615211
3186,64.98014069,234.6353302,116.2999878,183.1612372
3187,52.67175293,233.392395,162.8416901,183.073241
3188,51.72356415,229.2495117,209.3833466,182.9796621
3189,50.77537155,225.1066284,255.9250336,182.8532808
3190,49.82715225,220.9636841,302.4666748,182.6898597
3191,48.87899017,216.8208008,349.0083313,182.4876227
3192,47.93077087,212.6779785,395.5499878,182.2505913
3193,46.98255157,208.5351105,442.0916748,181.9926003
3194,46.03435898,204.3922272,488.6333313,181.7402712
3195,45.0861702,200.2493439,535.1749878,181.5322007
3196,44.1379776,196.1064606,581.7166748,181.4094671
3197,43.1897583,191.9635773,628.2583008,181.3940144
3198,41.48476791,187.9523773,674.7999878,181.4744114
3199,36.99573135,188.9074707,674.7999878,181.4919044
3200,35.16545486,189.2969971,674.8000488,181.4988673
3201,33.09741211,189.6371613,674.7999878,181.5065584
3202,32.48381042,189.7381287,674.8000488,181.5088241
3203,26.23199844,190.3823853,679.8938599,181.540158
3204,30.78659821,189.6991425,679.7942505,181.5243223
3205,24.70275116,190.3878174,685.069458,181.5545865
3206,20.10777092,190.9178162,685.2667847,181.5694203
3207,18.75927544,191.0190277,690.6028442,181.5827952
3208,14.12540054,191.3981781,690.8928223,181.5966347
3209,12.96319962,191.6020813,696.3661499,181.6090103
3210,8.29132843,191.8314972,696.7419434,181.6218952
3211,7.320338726,192.1436462,702.3283081,181.6333142
3212,2.610603094,192.2230988,702.7823486,181.6452856
3213,-2.114540339,192.1776276,703.2470093,181.6569294
3214,-7.677426815,192.3749084,709.5178833,181.6776988
3215,-2.913853407,192.5758972,708.9814453,181.6668983
3216,-13.08210754,192.5314331,715.9060669,181.6968242
3217,-8.279791832,192.8907928,715.3062744,181.6868261
3218,-18.32944679,192.6452789,722.3815918,181.714407
3219,-13.48859692,193.1669464,721.7261963,181.705171
3220,-23.42382622,192.7131195,728.9180298,181.7305547
3221,-18.54512596,193.4017181,728.2145996,181.722042
3222,-28.3731575,192.7309875,735.4941406,181.745379
3223,-23.45833778,193.591568,734.7501221,181.7375538
3224,-33.30490494,191.7171783,736.2593994,181.7530089
3225,-38.24108124,190.5516052,737.0462646,181.7604281
3226,-42.91233826,189.363205,737.7711792,181.7672047
3227,-56.20015335,187.4204559,751.2070312,181.7934603
3228,-68.87549591,183.8964539,758.8703613,181.8107848
3229,-64.65487671,185.5585938,758.201416,181.8065708
3230,-60.29867172,187.1540222,757.5717773,181.8021382
3231,-55.82983017,188.6722107,756.9694824,181.7974951
3232,-82.17216492,179.1775513,766.9694824,181.8260922
3233,-80.18946075,180.108551,766.7403564,181.8244946
3234,-78.24990845,181.0128174,766.4370117,181.822862
3235,-76.35166168,181.8934326,766.0598755,181.8211894
3236,-72.5009613,183.624649,765.2561646,181.8176892
3237,-68.43177032,185.3301849,764.5443115,181.8139677
3238,-51.65716171,188.8526459,750.6227417,181.7882746
3239,-47.07964325,190.1796112,750.0510864,181.7829187
3240,-42.82434845,190.2972107,743.6303711,181.7723439
3241,-42.56605148,191.3892365,749.4417114,181.7774485
3242,-83.2798996,181.6265869,778.0584717,181.8324319
3243,-81.72667694,180.8030853,772.492981,181.828537
3244,-81.23067474,182.584137,777.9262085,181.8310972
3245,-82.76232147,183.5596313,783.3905029,181.835001
3246,-84.32730103,184.6222534,788.6759033,181.8387589
3247,-82.22315216,185.6322021,788.6395874,181.8376862
3248,-85.93041229,185.7539062,793.7868652,181.8423906
3249,-83.79125977,186.8269806,793.8289185,181.8414688
3250,-101.9255295,179.4427643,801.8192139,181.8527061
3251,-103.7921524,177.8071594,801.5756226,181.8532533
3252,-105.5760422,176.1287994,801.3473511,181.8537921
3253,-99.97820282,181.0321503,802.0784912,181.8521506
3254,-107.2754593,174.4111786,801.1337891,181.8543222
3255,-97.95241547,182.5719757,802.3543091,181.851587
3256,-108.8886032,172.6577301,800.9345703,181.8548439
3257,-110.4136353,170.8719482,800.7493286,181.8553574
3258,-111.8494644,169.0574341,800.5778198,181.8558632
3259,-113.1948166,167.2178802,800.420105,181.8563618
3260,-115.6099396,163.4777832,800.1455688,181.8573385
3261,-114.4486847,165.3568115,800.276001,181.8568535
3262,-116.6784363,161.5838165,800.0288086,181.8578171
3263,-95.85063934,184.0591125,802.6473999,181.8510159
3264,-93.67507935,185.4902802,802.9588623,181.8504377
3265,-91.45272064,186.8578491,803.2672729,181.8498498
3266,-89.24782562,188.1496582,803.5158081,181.8492424
3267,-87.57180786,186.9359894,798.7304077,181.8458852
3268,-85.40493774,188.0787964,798.8477783,181.8451108
3269,-87.06142426,189.3683319,803.7042236,181.8486121
3270,52.39876556,-222.3863525,162.8416595,184.4242443
3271,40.23786926,-220.5030518,209.3833466,184.4779511
3272,28.39546776,-217.9844666,255.9250031,184.5086827
3273,16.90431786,-214.8577271,302.4666443,184.4619597
3274,5.794921398,-211.1516724,349.0083313,184.2581803
3275,-4.904052734,-206.8965759,395.5499878,183.8285237
3276,-15.16599083,-202.1241608,442.0916443,183.1667939
3277,-24.9664402,-196.8674011,488.6333008,182.3457649
3278,-34.2830162,-191.1603699,535.1750488,181.5580229
3279,-43.09605789,-185.038147,581.7166748,180.9126807
3280,-51.38749313,-178.5366669,628.2583618,180.8141028
3281,-59.38626099,-171.6101685,674.7999878,181.0890248
3282,-59.14048004,-171.6869507,674.7999878,181.086755
3283,-58.12968826,-172.0027313,674.8000488,181.0773686
3284,-53.74907684,-173.3713379,674.7999878,181.0357667
3285,-72.88095856,-165.8074799,682.4806519,181.238616
3286,-68.71674347,-167.5435181,682.3564453,181.2056972
3287,-64.51332855,-169.1798706,682.2133179,181.1711287
3288,-78.64717102,-162.7832642,690.1309814,181.3110104
3289,-88.31908417,-157.683136,697.5714722,181.3981807
3290,-84.18444061,-159.8487091,697.6071777,181.3741257
3291,-97.34042358,-152.4871063,700.7774048,181.4583498
3292,-89.5866394,-156.9745483,704.7826538,181.4294654
3293,-93.18182373,-154.9512329,701.0075073,181.4366267
3294,-105.9177704,-146.8918457,703.8916626,181.5104979
3295,-102.0258713,-149.5380402,704.0866699,181.491361
3296,-110.2588272,-143.8042603,707.1456909,181.5386408
3297,-118.5911026,-137.3704224,716.7697144,181.5941705
3298,-114.842926,-140.4324036,713.6734009,181.5724102
3299,-110.8116455,-143.4932098,710.5303345,181.5481776
3300,-130.7078094,-125.2194672,728.7386475,181.661596
3301,-122.0279541,-134.3255615,719.8245239,181.6136812
3302,-128.1032562,-128.2615509,728.9086304,181.6520229
3303,-125.3163147,-131.2494507,725.980957,181.636825
3304,-122.3007355,-134.2197876,723.0083008,181.6201137
3305,-135.5396576,-118.9883652,734.4438477,181.6875649
3306,-133.1236572,-122.1736984,734.6220703,181.679026
3307,-139.6714172,-112.6072693,739.9840698,181.7098379
3308,-135.3666687,-119.0716476,737.4140015,181.6911343
3309,-135.1535339,-119.2004547,740.350647,181.6946962
3310,-138.9842987,-112.9215469,745.7576904,181.7155953
3311,-139.3450012,-112.7443466,742.885437,181.7127258
3312,-138.5918579,-113.1377182,748.6028442,181.7184745
3313,-142.1951904,-106.4586487,751.0499878,181.7338678
3314,-138.1708679,-113.3917389,751.4229126,181.7213674
3315,-141.6817322,-106.7069778,753.8466187,181.7362777
3316,-141.147171,-106.9883728,756.6219482,181.73872
3317,-140.5947571,-107.301857,759.3771362,181.7411981
3318,-148.5935059,-85.88556671,766.4719849,181.7775282
3319,-145.5543365,-93.53904724,766.8173218,181.7681015
3320,-143.5930786,-100.3726425,761.7484131,181.7542165
3321,-140.0276337,-107.646492,762.1135254,181.7437155
3322,-142.2534637,-58.34960938,811.2210693,181.8284296
3323,-140.2565613,-50.46832657,820.4329224,181.8370356
3324,-140.9389954,-89.64541626,792.5649414,181.7947683
3325,-142.4591064,-88.74982452,787.4892578,181.7910036
3326,-141.7254944,-82.21224213,797.2901611,181.8044145
3327,-143.9919281,-87.92081451,782.3418579,181.7873811
3328,-142.1921387,-74.51441956,801.9754639,181.8132064
3329,-145.530777,-87.1636734,777.1231689,181.7839134
3330,-147.0675507,-86.48352051,771.833313,181.7806216
3331,-140.7370911,-67.29918671,811.4257202,181.8239247
3332,-138.1214752,-42.18411255,829.3365479,181.8444667
3333,-135.9351501,-33.48344421,837.8914185,181.8508082
3334,-133.7865906,-24.36029816,846.0498657,181.8561552
3335,-115.8974686,163.7397766,804.9098511,181.8589854
3336,-115.1204453,165.9700928,809.7235107,181.8602756
3337,-115.259346,166.229187,814.3692627,181.8619324
3338,-116.0858078,164.1818848,814.2797852,181.8622263
3339,-114.3535614,168.2636414,814.4710083,181.8616841
3340,-119.2738419,155.9395447,813.9332886,181.8634216
3341,-122.3102798,147.6166229,813.5992432,181.8645754
3342,-125.1918869,139.2148132,813.2780151,181.865669
3343,-127.9154663,130.735611,812.9700317,181.8666739
3344,-130.4773865,122.1810608,812.6759033,181.8675509
3345,-125.8407745,128.1052551,830.9784546,181.8700424
3346,-128.0766754,125.082077,821.9813843,181.8686064
3347,-123.7980042,131.1937256,839.6571045,181.8717051
3348,-121.9755325,134.2899475,848.0059204,181.8735269
3349,-130.326889,56.39380264,854.0664673,181.8707285
3350,-129.572464,66.55439758,854.2155762,181.8716632
3351,-128.6796875,76.70688629,854.3922729,181.8724632
3352,-127.6481934,86.84944916,854.5966187,181.8731396
3353,-126.4778748,96.98012543,854.8285522,181.8737085
3354,-125.1683121,107.0968781,855.0880737,181.8741916
3355,-123.7194748,117.1977234,855.3751221,181.8746142
3356,-122.1311646,127.2805634,855.6896973,181.8750219
3357,-120.4033508,137.3432617,856.0316772,181.875447
3358,-130.9431152,46.22706985,853.9451904,181.8696534
3359,-131.4216614,36.0560112,853.8516235,181.8684377
3360,-131.7626343,25.88233376,853.7859497,181.8670862
3361,-131.9665222,15.70782089,853.7481689,181.8656097
3362,-132.0684814,5.534172535,853.7487793,181.8640274
3363,-133.9080505,5.534172535,847.6334229,181.862609
3364,-134.473114,5.534172535,845.9456177,181.8622232
3365,-131.9658508,-4.639565468,853.7504883,181.8623522
3366,-131.7619781,-14.81410789,853.788269,181.8606225
3367,53.48011398,-226.4952698,116.3000336,184.3429643
3368,64.84373474,-223.6089783,116.2999573,184.3755884
3369,64.98101044,-223.5704346,77.53334045,184.3257951
3370,76.32082367,-220.0725708,38.76663589,184.3204949
3371,87.47210693,-216.0138092,6.503436452e-06,184.3314421
3372,87.47210693,227.0821075,6.503436452e-06,183.2747264
3373,87.47210693,227.0821075,38.76668549,183.2679139
3374,87.47213745,227.0821075,77.53336334,183.2471603
3375,76.45594788,231.0953979,116.3000183,183.1859161
3376,76.31977844,231.1374817,116.3000336,183.1856139
3377,63.96471786,230.509613,162.8416595,183.095911
3378,62.81116104,226.4191742,209.3833008,183.0013874
3379,61.65766144,222.3286896,255.9250031,182.8726245
3380,60.50419235,218.238266,302.4667053,182.7044431
3381,59.35060501,214.1477814,349.0083313,182.4940463
3382,58.19713593,210.0572815,395.5500488,182.2447836
3383,57.04354477,205.9667969,442.0916138,181.9708516
3384,55.89004898,201.8763733,488.6333618,181.7010065
3385,54.7365799,197.7859497,535.1750488,181.4783334
3386,53.58298874,193.6954498,581.7166748,181.3499987
3387,52.42951965,189.6049652,628.2583618,181.3412215
3388,43.68662262,187.4839325,674.7999878,181.4656999
3389,42.23563766,187.7926331,674.7999878,181.4714557
3390,45.94817352,186.8914642,674.7999878,181.4565242
3391,39.83348083,187.9955292,679.6099854,181.4912363
3392,44.32060623,186.9761658,679.5272217,181.4740329
3393,35.32128906,188.9033661,679.6994019,181.5079961
3394,29.27925682,189.7429504,684.8798828,181.5393429
3395,33.83519745,188.9836426,684.6992188,181.52368
3396,27.97307968,189.9088898,690.0518799,181.5539536
3397,23.37592316,190.5223999,690.3219604,181.5685688
3398,22.25538445,190.7826996,695.6454468,181.582153
3399,17.61856079,191.2523193,696.0001221,181.5957637
3400,16.68887711,191.6139374,701.4530029,181.6083634
3401,12.01345921,191.9403381,701.8849487,181.6210086
3402,6.564834595,192.5919342,707.9442139,181.6443907
3403,11.27775955,192.4090729,707.4435425,181.6326722
3404,1.833909869,192.6479034,708.4567871,181.6557974
3405,-3.493851423,193.1165161,714.7196045,181.6765544
3406,1.274684191,193.2099152,714.1456909,181.6660039
3407,-8.664837837,193.5495453,721.0858154,181.6956881
3408,-3.858825445,193.7950592,720.4593506,181.6859529
3409,-13.68406963,193.9455566,727.5283813,181.7133081
3410,-8.841222763,194.346756,726.8578491,181.7043482
3411,-18.56116104,194.3013306,734.0255127,181.7295308
3412,-13.6823864,194.8627014,733.3187256,181.7213072
3413,-28.24068642,193.7326508,741.3162231,181.7518206
3414,-23.30935669,194.6132507,740.5608521,181.7444738
3415,-18.39617538,195.3395844,739.8253784,181.7369498
3416,-33.18916702,192.6951141,742.0933838,181.7589916
3417,-38.14229965,191.502655,742.8925781,181.7659716
3418,-51.27564621,190.101532,756.3909912,181.7926612
3419,-64.19586182,186.9844513,763.8908691,181.8100409
3420,-59.82567978,188.5723724,763.2758789,181.8059181
3421,-55.34390259,190.0835266,762.687561,181.8016067
3422,-50.77785873,191.5065918,762.1224365,181.7971256
3423,-79.73149872,181.7289276,772.2756958,181.827055
3424,-77.77931213,182.6287231,771.9849243,181.8255367
3425,-75.86828613,183.5053253,771.6212769,181.8239774
3426,-71.99352264,185.2287903,770.8446655,181.8207149
3427,-67.90358734,186.9253235,770.1578369,181.8172577
3428,-63.64946747,188.569931,769.5279541,181.8136193
3429,-46.68719101,191.4263611,755.8248291,181.7876742
3430,-42.16312408,192.6346741,755.2203369,181.7825817
3431,-37.87355804,192.607132,748.7007446,181.7714827
3432,-37.46051025,193.8605652,754.4852905,181.7770266
3433,-80.69882202,184.5130615,783.274292,181.833777
3434,-79.22119141,183.5051422,777.723938,181.8297305
3435,-78.67379761,185.4297791,783.0899658,181.8325294
3436,-81.67501068,187.83638,793.8104858,181.8405165
3437,-78.1031723,187.4956207,788.3782959,181.8354706
3438,-77.52262878,189.6953278,793.5934448,181.8385156
3439,-83.25778198,189.1541138,798.9060059,181.8443078
3440,-81.12985229,190.1642914,798.9071655,181.8434744
3441,-99.41067505,183.5053864,806.9663696,181.854308
3442,-101.3409576,181.8990479,806.7063599,181.8547571
3443,-103.1902771,180.2440643,806.461853,181.8552011
3444,-104.9565735,178.5439911,806.2324219,181.8556397
3445,-97.40170288,185.0599365,807.2425537,181.8538541
3446,-106.6378708,176.8021851,806.0178833,181.8560729
3447,-95.31642914,186.5593567,807.5357056,181.8533956
3448,-108.2324448,175.0222473,805.817627,181.8565004
3449,-109.7385025,173.20755,805.6314697,181.8569224
3450,-111.1545639,171.3617706,805.4592896,181.8573401
3451,-112.4796295,169.4885864,805.3010254,181.8577547
3452,-114.8518372,165.6743317,805.0262451,181.8585767
3453,-113.7124023,167.591568,805.1566772,181.8581667
3454,-93.15738678,188.0005951,807.8464966,181.8529329
3455,-90.94967651,189.3764496,808.1552734,181.8524622
3456,-88.75406647,190.6764832,808.4088745,181.8519722
3457,-86.57167053,191.9027863,808.6070557,181.8514598
3458,-84.89186096,190.5162048,803.835083,181.8479562
3459,-82.73777771,191.5954132,803.9107666,181.8472705
3460,-84.40106201,193.0575714,808.7522583,181.850923
3461,63.69509888,-219.5171356,162.8416595,184.4665721
3462,51.45555115,-218.2423401,209.3833466,184.5379807
3463,39.50228882,-216.3171692,255.9250031,184.593852
3464,27.86954689,-213.7671204,302.4666748,184.5761245
3465,16.58924866,-210.6194153,349.0083618,184.3924708
3466,5.691507339,-206.9029236,395.5499878,183.9574225
3467,-4.795601845,-202.6479645,442.0916443,183.2573736
3468,-14.84580898,-197.8862305,488.6333313,182.3615014
3469,-24.43542099,-192.6506958,535.1749878,181.503448
3470,-33.54256439,-186.9753876,581.7166748,180.7550257
3471,-42.14785004,-180.8952789,628.2583008,180.6640925
3472,-51.07023239,-174.2082825,674.7999878,181.0094657
3473,-50.22943497,-174.4285431,674.7999878,181.0011739
3474,-49.34593201,-174.6600037,674.7999878,180.9923972
3475,-60.2407074,-170.7227936,682.0864868,181.1353467
3476,-55.90959549,-172.1669769,681.970459,181.0976607
3477,-74.55175018,-164.6581879,689.9840088,181.2824402
3478,-70.47174072,-166.4202881,689.7485352,181.2528454
3479,-66.35399628,-168.0879364,689.4771729,181.2219345
3480,-80.09490967,-161.875473,697.5184326,181.3493585
3481,-85.44239807,-159.177063,704.8301392,181.4077828
3482,-97.98882294,-152.1130066,704.309021,181.4713993
3483,-93.81229401,-154.6056061,704.5663452,181.4506141
3484,-90.67862701,-156.5298615,711.8033447,181.4587767
3485,-106.527977,-146.5344086,707.3359985,181.5212352
3486,-102.6375198,-149.2064667,707.5506592,181.5030373
3487,-118.9503632,-137.2194824,720.0031738,181.6014541
3488,-115.280159,-140.2357178,716.9595947,181.5806177
3489,-111.3172836,-143.2508087,713.8723755,181.5574165
3490,-107.0919571,-146.2468872,710.7370605,181.5316289
3491,-130.6560669,-125.3050537,734.8000488,181.6706208
3492,-128.1380768,-128.3817902,734.9778442,181.6618412
3493,-125.448288,-131.2450867,729.0780029,181.6424046
3494,-122.5252228,-134.1745453,726.151123,181.6263924
3495,-119.2608261,-137.1316833,723.1950073,181.6085128
3496,-134.902298,-119.373558,743.2554932,181.698219
3497,-130.4314728,-125.5905914,740.7176514,181.6792266
3498,-130.5645447,-125.4234924,737.776062,181.6749402
3499,-130.2589111,-125.8049622,743.6265259,181.683451
3500,-134.2957153,-119.847702,748.9776611,181.7051949
3501,-134.6154022,-119.5897141,746.1305542,181.701715
3502,-133.9463501,-120.146286,751.7989502,181.708668
3503,-137.7245789,-113.6824799,754.2197266,181.7242785
3504,-133.5701904,-120.4842453,754.5965576,181.7121423
3505,-137.2559967,-114.008873,756.994812,181.7272122
3506,-136.7683411,-114.3698959,759.7492676,181.7301719
3507,-136.2648621,-114.7644653,762.484436,181.7331613
3508,-142.3070526,-101.053772,767.1706543,181.7585301
3509,-144.1309967,-94.22701263,772.1712036,181.7718557
3510,-139.4487,-108.0213165,764.8317871,181.7462698
3511,-135.7483826,-115.1915512,765.2010498,181.7361826
3512,-139.0316162,-59.69017792,820.6032715,181.8332699
3513,-137.1609955,-51.6639061,829.4750366,181.8413387
3514,-138.3802338,-97.82324982,792.8652954,181.7885303
3515,-139.8105927,-96.80929565,787.7994995,181.7841428
3516,-139.437851,-90.60235596,797.5681763,181.7986594
3517,-141.2505493,-95.86800385,782.6619263,181.7798913
3518,-140.1690826,-83.10388184,802.2299194,181.8078821
3519,-142.6934357,-95.00528717,777.4525757,181.7757906
3520,-139.0371399,-76.1911087,811.6459961,181.8194397
3521,-137.6305695,-68.86952972,820.7908325,181.8295277
3522,-135.210495,-43.20698929,838.0015869,181.8482248
3523,-133.2683258,-34.31445312,846.1358032,181.8540293
3524,-131.4208984,-24.98784637,853.8540649,181.8588737
3525,-114.0971375,167.9456787,809.8397827,181.8599419
3526,-113.3522034,170.2806702,814.5874634,181.861436
3527,-112.872963,172.9957733,823.7698364,181.8649358
3528,-113.7356796,170.873764,823.6668091,181.8650665
3529,-114.5190506,168.7357178,823.5762329,181.8652326
3530,-115.2912292,166.4383392,818.9609375,181.8636912
3531,-118.3918839,158.0177917,818.6140747,181.8645911
3532,-111.9147415,175.0962982,823.8878784,181.8648125
3533,-121.341713,149.5232239,818.2808838,181.8655427
3534,-124.1380539,140.9564056,817.9615479,181.8664638
3535,-126.7779465,132.3188477,817.6566162,181.8672969
3536,-121.6838303,140.6625824,839.9603271,181.8716269
3537,-123.5880814,137.2710724,831.2686768,181.8696893
3538,-125.6749573,133.9411163,822.2692871,181.8680185
3539,-119.9895706,144.052002,848.335144,181.8737318
3540,-118.5358887,147.3837128,856.401062,181.8759362
3541,-128.3968506,57.46126175,861.5686035,181.8718648
3542,-127.694603,67.84522247,861.7394409,181.8727798
3543,-126.8625641,78.22522736,861.9414673,181.8735945
3544,-125.8998947,88.59968567,862.1748657,181.8743201
3545,-124.8062668,98.96689606,862.4393921,181.8749735
3546,-123.5810013,109.3250504,862.7349854,181.8755767
3547,-122.2235031,119.6723022,863.0617676,181.8761513
3548,-120.7333832,130.0067902,863.4196167,181.8767643
3549,-119.1101151,140.3264465,863.8085327,181.8774299
3550,-117.3533478,150.6293182,864.2284546,181.8782016
3551,-128.9699097,47.07491302,861.4290771,181.8708437
3552,-129.4143524,36.68770218,861.3210449,181.8697168
3553,-129.7309113,26.30096817,861.2444458,181.8684899
3554,-131.2226868,5.534172535,856.5603027,181.8646931
3555,-130.0261993,5.534172535,861.1973877,181.8657945
3556,-129.9201202,15.91604996,861.1994629,181.8671746
3557,-132.0677185,5.534172535,853.7511597,181.864028
3558,-129.9195099,-4.847764492,861.2018433,181.8643627
3559,-129.7303009,-15.23274136,861.2468262,181.86292
3560,64.97999573,-223.5670471,116.3000107,184.3759728
3561,76.18560791,-220.1179047,116.2999496,184.4065244
3562,76.32082367,-220.0725708,77.53331757,184.352299
3563,87.47210693,-216.0138092,38.76668549,184.3426036
3564,98.40729523,-211.4042511,2.329292329e-05,184.3507431
3565,98.40729523,222.4725189,2.329292329e-05,183.3013003
3566,98.40732574,222.4725189,38.76670456,183.2946053
3567,98.40732574,222.4725189,77.5333786,183.2741748
3568,87.60484314,227.030014,116.2999878,183.2118427
3569,87.47103119,227.0788269,116.3000183,183.2115222
3570,75.09993744,227.0675659,162.841629,183.1202889
3571,73.74396515,223.0396576,209.3833466,183.0250414
3572,72.38804626,219.0118103,255.9250336,182.8940828
3573,71.03198242,214.9839172,302.4666443,182.7211711
3574,69.67603302,210.9560089,349.0083618,182.5023071
3575,68.32003021,206.9281006,395.5499573,182.2399758
3576,66.96405792,202.9003143,442.0917053,181.9486265
3577,65.60813904,198.8724213,488.6333618,181.6592644
3578,64.2520752,194.8445129,535.1749878,181.4200131
3579,62.89615631,190.8166046,581.7166748,181.2852636
3580,61.54011917,186.7887726,628.2583008,181.2842081
3581,54.79099655,184.439682,674.7999878,181.4192412
3582,52.11215591,185.2765961,674.7999878,181.4308476
3583,51.27134323,185.4969025,674.8000488,181.4344047
3584,50.38785172,185.7283478,674.7999878,181.4381198
3585,48.77993011,185.8458862,679.4525146,181.456368
3586,42.87507629,187.1239777,684.3707886,181.491097
3587,38.36795044,188.1105652,684.5286865,181.5075958
3588,47.35371017,186.0245819,684.2279053,181.4741873
3589,32.54877853,189.1788483,689.7943115,181.5389471
3590,37.10060883,188.3327026,689.5511475,181.5235504
3591,31.46564293,189.4858856,694.9786987,181.5538386
3592,26.87176514,190.1937408,695.3042603,181.5681776
3593,25.97855949,190.594223,700.6312866,181.5820535
3594,21.34453583,191.1650543,701.0342407,181.5953778
3595,15.97153568,192.1002502,706.9555054,181.6206377
3596,20.64447975,191.666214,706.4823608,181.6082878
3597,10.75589085,193.0043945,713.0368042,181.6440477
3598,6.024846554,193.1721344,713.5846558,181.65517
3599,15.46644592,192.7078094,712.5025635,181.6326341
3600,0.9284556508,193.9050293,719.8464355,181.6759611
3601,5.696305752,193.8805237,719.2473145,181.665709
3602,-4.017269611,194.6074677,726.2017822,181.6951579
3603,0.7869989276,194.729187,725.5599976,181.685734
3604,-8.822551727,195.2779541,732.6282959,181.7128794
3605,-3.98272872,195.5493469,731.9525757,181.7042437
3606,-13.5019331,195.9140625,739.1080322,181.7292463
3607,-8.627375603,196.3389282,738.4072266,181.7213605
3608,-27.9443779,194.877594,747.1206665,181.758248
3609,-22.99921799,195.7736359,746.3638916,181.7513897
3610,-18.07241821,196.5119476,745.6271362,181.7443747
3611,-13.16483879,197.0950012,744.9086914,181.7372017
3612,-32.90683746,193.8212891,747.8994751,181.7649507
3613,-46.17785645,192.825882,761.5689697,181.7925087
3614,-59.26329422,190.1479645,768.9353638,181.8098077
3615,-54.76755524,191.6494598,768.3684082,181.8058299
3616,-50.18873978,193.0633545,767.8238525,181.8017035
3617,-45.57648849,194.3738708,767.2902222,181.7974589
3618,-77.25422668,184.400589,777.449585,181.828327
3619,-75.32795715,185.2735596,777.1036377,181.8268821
3620,-71.4241333,186.989212,776.3630981,181.8238598
3621,-67.30992126,188.6759644,775.7095947,181.8206693
3622,-63.03524017,190.309494,775.1110229,181.8173214
3623,-58.63132095,191.8758392,774.5484009,181.8138233
3624,-41.6417923,194.0293579,760.9769287,181.787795
3625,-36.92904663,195.2588806,760.2567139,181.7826562
3626,-32.48282242,195.0913391,753.6920166,181.7709524
3627,-31.94308853,196.5012207,759.480896,181.7770501
3628,-76.69032288,186.3215332,782.8354492,181.8312424
3629,-76.10157776,188.3843231,788.1471558,181.8342914
3630,-76.9445343,192.0214539,798.7393188,181.841712
3631,-73.51763916,191.447403,793.1203003,181.8363889
3632,-72.89743805,193.7722321,798.3291016,181.8398181
3633,-80.59882355,192.6080933,803.9332886,181.8465557
3634,-76.38076782,194.4666748,803.8193359,181.8450327
3635,-96.86722565,187.6320496,812.0631104,181.8562427
3636,-98.85706329,186.0615387,811.7867432,181.8565895
3637,-100.7681122,184.4369507,811.5261841,181.8569346
3638,-102.5980759,182.7615204,811.2810059,181.857278
3639,-104.3449707,181.0387421,811.0507202,181.8576197
3640,-94.80126953,189.1452942,812.355896,181.8558942
3641,-106.0068054,179.2719421,810.835144,181.8579592
3642,-92.66155243,190.5982208,812.6657104,181.8555439
3643,-107.581665,177.4646606,810.6339111,181.8582954
3644,-109.067688,175.6203766,810.4468994,181.8586267
3645,-110.4634476,173.7426758,810.2739868,181.8589543
3646,-111.7677612,171.8352814,810.1151123,181.8592823
3647,-112.9793549,169.9017334,809.9703979,181.8596113
3648,-90.47164917,191.9842682,812.9744263,181.855187
3649,-88.28795624,193.2943726,813.2330933,181.8548105
3650,-86.11173248,194.5305176,813.4415894,181.8544107
3651,-83.94194031,195.6941833,813.6021118,181.8539843
3652,-82.24133301,194.1425476,808.8467407,181.850347
3653,-80.0922699,195.1596375,808.8922729,181.8497557
3654,74.83451843,-216.0884094,162.8416748,184.5066053
3655,62.54651642,-215.425293,209.383316,184.5964606
3656,50.51224899,-214.0983276,255.9249725,184.6799261
3657,38.76685333,-212.1313019,302.4666748,184.6961502
3658,27.34365463,-209.5497894,349.0083313,184.5384437
3659,16.27420807,-206.3811188,395.5500183,184.1009919
3660,5.588033676,-202.6541748,442.0916748,183.3622748
3661,-4.687032223,-198.3993378,488.6333618,182.3813277
3662,-14.52565765,-193.6483154,535.1750488,181.4520024
3663,-23.90437508,-188.4339905,581.7166748,180.5733087
3664,-32.80200577,-182.79039,628.2583618,180.4935465
3665,-44.90623474,-175.8231201,674.7999878,180.9470626
3666,-42.6446991,-176.4155884,674.7999878,180.9233637
3667,-41.19364166,-176.7243042,674.8000488,180.9080605
3668,-40.44285965,-176.8840485,674.7999878,180.9000697
3669,-51.52765656,-173.5087585,681.8616943,181.0588846
3670,-62.13936615,-169.673584,689.2364502,181.1896445
3671,-57.84558487,-171.168045,689.0160522,181.1559091
3672,-76.04584503,-163.7741089,697.3104858,181.3237706
3673,-72.03759766,-165.5569,696.9764404,181.2972142
3674,-67.9934082,-167.2502899,696.5911255,181.269451
3675,-81.36748505,-161.2295074,704.7200928,181.3855596
3676,-86.52258301,-158.7632751,711.8625488,181.4393774
3677,-98.59237671,-151.8083038,707.7953491,181.4840956
3678,-94.39863586,-154.3276978,708.0784912,181.4645358
3679,-94.93964386,-154.1161804,711.5440063,181.4776903
3680,-91.58766937,-156.3387756,718.6324463,181.4862654
3681,-103.203064,-148.9440613,710.9702759,181.5143364
3682,-115.6684952,-140.1044006,720.2034302,181.5885695
3683,-111.7747345,-143.0755463,717.1713867,181.5663643
3684,-107.6086655,-146.027771,714.0944824,181.5416908
3685,-125.5715866,-131.4029388,735.1552124,181.6532391
3686,-122.701416,-134.1883087,729.253479,181.6325122
3687,-119.5222092,-137.1055908,726.3452148,181.615367
3688,-116.0075836,-140.0369568,723.4048462,181.5962751
3689,-130.0493469,-126.0653152,746.5047607,181.6876276
3690,-125.5157242,-131.7732849,741.0843506,181.6634938
3691,-125.4251099,-132.0345154,743.9977417,181.6684817
3692,-125.5652237,-131.5622864,738.1374512,181.6584125
3693,-125.2959747,-132.3445282,746.8795776,181.6734156
3694,-129.5307159,-126.7185364,752.1774902,181.6958788
3695,-129.8056488,-126.3702621,749.3543091,181.6917656
3696,-129.2277374,-127.1088104,754.9761963,181.6999742
3697,-133.170639,-120.8604584,757.3717651,181.7156244
3698,-128.899826,-127.5398102,757.7520142,181.7040639
3699,-132.7506561,-121.2737274,760.1258545,181.7191195
3700,-132.3134918,-121.7229385,762.8602295,181.7226331
3701,-131.8618622,-122.2069092,765.5756226,181.7261681
3702,-138.8598175,-108.4254227,767.531311,181.748896
3703,-140.9920807,-101.8398132,772.5179443,181.7630141
3704,-135.2206573,-115.6501312,767.8985596,181.7392359
3705,-131.3978729,-122.7245789,768.2714233,181.7297248
3706,-136.0327759,-61.11445999,829.6328735,181.8382366
3707,-134.3277283,-52.91253281,838.1334229,181.845668
3708,-135.6386261,-105.9017181,793.177002,181.782467
3709,-136.9748383,-104.7617493,788.1205444,181.7774034
3710,-136.9660034,-98.90390778,797.8587646,181.7930398
3711,-138.3173676,-103.700386,782.9921265,181.7724632
3712,-137.9612885,-91.61528778,802.4979858,181.8026572
3713,-139.6592712,-102.7242126,777.7913818,181.767662
3714,-137.1575012,-85.02173615,811.8816528,181.8150614
3715,-136.0558624,-78.00280762,820.9956665,181.8258895
3716,-134.7387085,-70.53261566,829.8098755,181.8352345
3717,-132.6021118,-44.25951767,846.2462769,181.8519304
3718,-130.9424591,-35.15899277,853.9475708,181.8571521
3719,-129.4138489,-25.61956596,861.3233643,181.8615057
3720,-112.2560425,172.2759552,814.7185059,181.8611898
3721,-110.8619308,177.1709595,824.020752,181.8646973
3722,-110.5807343,180.0300446,832.9320068,181.8685406
3723,-111.4962311,177.8461304,832.8103027,181.8685418
3724,-112.3175812,175.6371613,832.7036743,181.8685628
3725,-113.0606461,173.4093781,832.6095581,181.8685924
3726,-113.7740707,171.0630341,828.1257324,181.8668716
3727,-116.7089233,162.2869415,827.7714844,181.8672389
3728,-117.5353928,160.1369324,823.2269287,181.8658698
3729,-120.4017792,151.4704285,822.892395,181.8666022
3730,-109.5721512,182.1846008,833.0685425,181.8685581
3731,-123.1157684,142.7379303,822.5731201,181.86736
3732,-119.4202957,150.0912628,840.2844849,181.8715659
3733,-117.8587265,153.782608,848.6884766,181.8740069
3734,-121.1819839,146.3864441,831.5771484,181.8692759
3735,-116.5287704,157.3997498,856.7978516,181.8765422
3736,-115.462677,160.9131927,864.6795044,181.8791348
3737,-128.115448,47.4970932,865.0892334,181.8714386
3738,-127.5620804,57.99180222,865.2394409,181.872435
3739,-126.8837433,68.48552704,865.4229126,181.8733421
3740,-126.0795441,78.97689819,865.6395264,181.8741658
3741,-125.1488953,89.46437073,865.8892212,181.8749174
3742,-124.0909729,99.94638062,866.1720581,181.8756145
3743,-122.9051208,110.4212418,866.487854,181.8762803
3744,-122.3079147,111.5023804,870.2116699,181.8769951
3745,-121.034874,122.083847,870.583313,181.8777573
3746,-119.6360092,132.6562805,870.9898682,181.8785539
3747,-118.1107101,143.217804,871.4312744,181.8794535
3748,-116.4583664,153.7665405,871.9075317,181.8804989
3749,-114.6783905,164.3004761,872.4186401,181.881737
3750,-128.5445099,37.0028038,864.9724121,181.8703536
3751,-128.8500519,26.51012039,864.8889771,181.8691862
3752,-129.0328674,16.02023888,864.8389893,181.8679491
3753,-130.025589,5.534172535,861.1997681,181.865795
3754,-129.0322876,-4.951953411,864.8414917,181.8653509
3755,-128.849472,-15.4419241,864.8914185,181.8640482
3756,-128.5439301,-25.9346962,864.9748535,181.8627971
3757,76.31965637,-220.0692291,116.3000107,184.4068822
3758,87.33942413,-216.0658264,116.3000336,184.4351035
3759,87.47213745,-216.0138092,77.53336334,184.3766678
3760,98.40732574,-211.4042511,38.76670456,184.3625665
3761,109.0991135,-206.2553558,-3.208117778e-05,184.3678282
3762,109.0991135,217.3236389,-3.208117778e-05,183.3291288
3763,109.099144,217.3236389,38.76664734,183.3225837
3764,109.0991745,217.3236389,77.5333252,183.302574
3765,98.53723145,222.4138641,116.2999725,183.2393113
3766,98.40592194,222.4693604,116.2999878,183.238972
3767,86.04978943,223.0747681,162.8417053,183.1464184
3768,84.4947052,219.1194,209.3833008,183.050711
3769,82.93968201,215.1641541,255.9250336,182.9177985
3770,81.38453674,211.208847,302.4666748,182.7402441
3771,79.82953644,207.25354,349.0083313,182.5126405
3772,78.27442169,203.2982941,395.5499878,182.2363742
3773,76.7193985,199.3430634,442.0917053,181.9260112
3774,75.16428375,195.3877563,488.6333008,181.6148884
3775,73.60916901,191.4324493,535.1749878,181.3567656
3776,72.05413818,187.4772034,581.7166748,181.214649
3777,70.49902344,183.5218964,628.2583008,181.2225609
3778,63.50308228,181.5581665,674.7999878,181.3799288
3779,60.42816544,182.6784973,674.7999878,181.3941675
3780,60.18241501,182.7552643,674.7999878,181.3952771
3781,59.17169952,183.0710449,674.8000488,181.399821
3782,53.2085228,184.6052704,679.3872681,181.4382702
3783,57.60391998,183.2551117,679.333252,181.419711
3784,51.80093002,184.8128815,684.1029663,181.4568798
3785,46.1218605,186.2944641,689.1210938,181.4916226
3786,41.62591171,187.371109,689.3255615,181.5077714
3787,50.58556366,185.1034393,688.9418335,181.4751222
3788,36.03481674,188.6596985,694.6710205,181.5391395
3789,40.57657242,187.7155609,694.3853149,181.5240926
3790,35.17385864,189.0887909,699.8824463,181.554404
3791,30.58912849,189.9019775,700.2463989,181.5683931
3792,25.29465485,191.1074829,706.0267334,181.5956256
3793,29.92012596,190.42453,705.5913086,181.5826564
3794,20.15500641,192.2830048,711.984375,181.6209305
3795,24.81957626,191.7305298,711.4851685,181.6089425
3796,15.16931629,193.433197,718.0910645,181.6444103
3797,10.44353294,193.7228699,718.6619263,181.6551928
3798,19.87185478,193.0122681,717.5372314,181.6333649
3799,5.570465565,194.713089,724.9324951,181.6760737
3800,10.33231068,194.5606232,724.3193359,181.6661743
3801,0.8365303874,195.6782074,731.291626,181.6953977
3802,5.633974075,195.6659851,730.6452637,181.68634
3803,-3.773441792,196.6163788,737.7214966,181.7132898
3804,1.059034586,196.7481079,737.0506592,181.7050328
3805,-8.277332306,197.525116,744.2069092,181.7298686
3806,-3.410956144,197.8044739,743.5202637,181.7223737
3807,-27.50909996,196.1616058,752.9213257,181.7647285
3808,-22.55251122,197.0682373,752.1724854,181.7583691
3809,-17.61402702,197.8141327,751.4437866,181.7518738
3810,-12.69487095,198.401474,750.7333374,181.7452418
3811,-7.795980453,198.8325348,750.0394287,181.738472
3812,-41.02696991,195.5694885,766.7179565,181.7931264
3813,-54.12026215,193.3653717,774.0102539,181.8101814
3814,-49.5280838,194.7675018,773.4932861,181.8064121
3815,-44.90282059,196.0665894,772.9865723,181.802542
3816,-40.33856583,197.2514038,772.4415283,181.7985937
3817,-74.74642181,187.1911621,782.5114746,181.8299139
3818,-70.80932617,188.8994904,781.8156128,181.8271358
3819,-66.66769409,190.5761108,781.2034912,181.8242152
3820,-62.37008286,192.1976471,780.6439209,181.8211608
3821,-57.94705963,193.750824,780.1184692,181.8179789
3822,-53.41981888,195.2266998,779.6162109,181.8146755
3823,-36.30413818,196.7984772,766.0212402,181.7884104
3824,-31.31180191,198.0472565,765.2720947,181.7832819
3825,-26.96034813,197.5805511,758.7275391,181.7713154
3826,-26.32207298,199.1306915,764.5450439,181.7780458
3827,-74.13838196,189.2513885,787.848938,181.833081
3828,-72.29029083,196.2189331,803.4783936,181.8433857
3829,-69.50341797,193.1439362,792.5383301,181.8341083
3830,-68.84069061,195.4653015,797.8154907,181.8378024
3831,-68.18917847,197.9106445,803.0404053,181.8416369
3832,-75.8423996,197.0235443,808.836731,181.8484759
3833,-71.70789337,198.7805023,808.5710449,181.8470823
3834,-94.31297302,191.8068237,817.1102295,181.8585033
3835,-96.35691833,190.2779694,816.8179932,181.8587432
3836,-98.32488251,188.6898651,816.541687,181.8589843
3837,-100.2143097,187.0456696,816.2808228,181.859227
3838,-102.0228806,185.3485413,816.0349731,181.8594719
3839,-103.7485504,183.6018219,815.803833,181.8597196
3840,-92.19563293,193.2733307,817.4188232,181.8582642
3841,-105.3892288,181.8090973,815.5873413,181.8599708
3842,-90.02656555,194.6716003,817.7271729,181.8580209
3843,-106.9430313,179.9736328,815.3851318,181.8602264
3844,-108.4079971,178.0990143,815.1971436,181.8604738
3845,-109.7827606,176.1887054,815.0233154,181.8607075
3846,-111.0658112,174.2464905,814.8637695,181.8609466
3847,-87.85752106,195.9941101,817.9911499,181.8577603
3848,-85.68981934,197.2422333,818.2105713,181.8574804
3849,-83.52304077,198.4173431,818.3872681,181.8571802
3850,-79.19148254,200.5533295,818.6194458,181.8564757
3851,-79.62010193,197.8107452,813.7868042,181.8530792
3852,-75.33985901,199.6842957,813.7939453,181.8520356
3853,85.78901672,-212.1086884,162.8416595,184.5439135
3854,73.48331451,-212.0588989,209.3833313,184.6527206
3855,61.39790344,-211.3334503,255.9250031,184.7661553
3856,49.56900406,-209.9543304,302.4666748,184.8218655
3857,38.03130341,-207.9454346,349.0083313,184.6970817
3858,26.81776237,-205.3324432,395.5500183,184.2608118
3859,15.95913792,-202.142807,442.0917053,183.4842777
3860,5.484634876,-198.405426,488.6333008,182.4048623
3861,-4.578566551,-194.1507263,535.1749878,181.4077689
3862,-14.20556641,-189.4104004,581.7166748,180.3625037
3863,-23.37346077,-184.2173004,628.2583618,180.2987497
3864,-35.95379639,-177.8391876,674.7999878,180.8509204
3865,-34.12342834,-178.2286224,674.7999878,180.8304018
3866,-32.0555191,-178.5688019,674.7999878,180.8070302
3867,-31.44181442,-178.669754,674.8000488,180.8000186
3868,-26.91314125,-179.4147491,674.8000488,180.7472503
3869,-47.10084915,-174.7453918,681.7583618,181.017919
3870,-42.63610077,-175.8742523,681.65979,180.9760582
3871,-53.48477173,-172.5651703,688.8094482,181.1208675
3872,-63.82778931,-168.871994,696.2491455,181.2404053
3873,-59.56488037,-170.4093781,695.935791,181.2101183
3874,-77.35549164,-163.1461792,704.4593506,181.3626335
3875,-73.407341,-164.9447479,704.0391235,181.3387971
3876,-69.42526245,-166.6587219,703.5537109,181.3137966
3877,-82.45656586,-160.8359375,711.7353516,181.4195218
3878,-87.41778564,-158.5976105,718.7036133,181.46892
3879,-99.15013885,-151.5715332,711.2362671,181.4963483
3880,-95.43457031,-153.969635,714.9625854,181.4907639
3881,-99.661026,-151.4013062,714.6315918,181.508251
3882,-95.8822403,-153.8867645,718.3341064,181.5031491
3883,-91.97135925,-156.3351288,721.9749146,181.4992863
3884,-96.28186035,-153.8661499,721.6586304,181.5151906
3885,-103.7214127,-148.7492981,714.3453979,181.525278
3886,-112.1829987,-142.9658966,720.4272461,181.575029
3887,-108.0770264,-145.8755188,717.4081421,181.5514293
3888,-122.9107971,-134.3870087,735.3394165,181.6441527
3889,-119.8981934,-137.2322998,732.5229492,181.628486
3890,-119.7344666,-137.1396179,729.4544067,181.6220266
3891,-116.2969055,-140.0318604,726.5641479,181.6037469
3892,-112.5416336,-142.9203186,723.6399536,181.583422
3893,-125.1311569,-132.7019043,749.7320557,181.67827
3894,-122.9375534,-134.8039551,741.2753906,181.6553971
3895,-122.7973175,-135.4271393,747.0756836,181.666165
3896,-124.9335709,-133.1052246,752.557373,181.6830996
3897,-124.7062988,-133.5530701,755.3577271,181.6878689
3898,-124.452507,-134.0440521,758.1345215,181.6926409
3899,-128.5500336,-128.0102997,760.5062256,181.7081512
3900,-124.1751633,-134.5768738,760.8892822,181.6973676
3901,-128.1816559,-128.5189972,763.2401123,181.7122474
3902,-127.7973022,-129.0646973,765.9546509,181.7163528
3903,-127.3989029,-129.646225,768.649231,181.7204738
3904,-137.6586914,-109.3179703,772.8726196,181.7541806
3905,-130.9229584,-123.2748795,770.9470825,181.7333018
3906,-134.1383362,-116.6579285,773.2346191,181.7454532
3907,-126.9882126,-130.2623596,771.3232422,181.724606
3908,-133.2877045,-62.5973053,838.2869263,181.8432063
3909,-131.7881317,-54.19325638,846.3813477,181.8499207
3910,-132.7196655,-113.8779373,793.4995728,181.776704
3911,-133.9580688,-112.6041107,788.4516602,181.7708943
3912,-134.3151703,-107.1136169,798.161377,181.787635
3913,-135.1991425,-111.4146118,783.331665,181.7651946
3914,-135.5733643,-100.0452957,802.7792969,181.7976614
3915,-136.4354706,-110.3167953,778.1389771,181.7596191
3916,-134.2076874,-101.2412872,807.6260376,181.8022601
3917,-135.1018219,-93.78764343,812.1323242,181.8108726
3918,-134.3104401,-87.08685303,821.2175293,181.8224468
3919,-133.2803345,-79.91539001,830.0061646,181.8324194
3920,-132.0913849,-72.25871277,838.4619751,181.8409199
3921,-130.3262482,-45.32581329,854.0688477,181.855514
3922,-128.9693146,-36.00689697,861.4315186,181.86017
3923,-128.1148834,-36.42904663,865.0917358,181.8616497
3924,-109.7154846,179.2167358,824.1681519,181.8645905
3925,-108.4715805,184.306778,833.2196045,181.8685935
3926,-109.3860321,184.9897766,841.7229004,181.8724687
3927,-108.4231644,187.223938,841.8655396,181.872638
3928,-110.2585373,182.7236786,841.5949707,181.8723211
3929,-111.0396729,180.4297028,841.4818115,181.8721952
3930,-111.7445602,178.1147766,841.3811646,181.872089
3931,-115.9166412,164.4575043,832.2478027,181.8686869
3932,-118.6243362,155.4491577,831.9035645,181.8689466
3933,-119.4946289,153.4488525,827.4334717,181.8677297
3934,-107.3710556,189.423111,842.0227051,181.8728286
3935,-115.583725,163.4793243,849.0656128,181.8744121
3936,-117.0085907,159.477478,840.6294556,181.8715996
3937,-114.3821869,167.3890076,857.2219849,181.8773222
3938,-113.4380035,171.1759338,865.161499,181.8802888
3939,-112.770462,174.8173828,872.9645996,181.8832008
3940,-127.7622681,37.31620407,868.59021,181.870989
3941,-127.3476868,47.91653061,868.7164307,181.8720339
3942,-126.8129807,58.51829147,868.8779297,181.8730071
3943,-126.157341,69.12020111,869.0745239,181.8739079
3944,-125.3797607,79.72103119,869.3063354,181.874742
3945,-124.4795456,90.31933594,869.5731812,181.8755211
3946,-123.4558792,100.9136734,869.874939,181.8762633
3947,-122.9003677,101.8664856,873.5622559,181.8769191
3948,-121.7887878,112.5660858,873.9202881,181.8777153
3949,-120.5557404,123.2597275,874.3151245,181.8785525
3950,-119.2003403,133.9457397,874.7467651,181.8794517
3951,-117.7218475,144.6223602,875.215332,181.8804693
3952,-116.1197205,155.2876892,875.72052,181.8816501
3953,-114.3931656,165.9397736,876.2625732,181.8830405
3954,-128.0574799,26.71834946,868.4994507,181.8698791
3955,-128.2342072,16.12401009,868.4441528,181.8687179
3956,-129.0957489,5.534172535,864.8257446,181.8666648
3957,-129.0962067,5.534172535,864.8233643,181.8666642
3958,-129.120163,5.534172535,864.7089233,181.866637
3959,-128.3419037,5.534172535,868.4345703,181.8675261
3960,-128.2337494,-5.055784702,868.4465942,181.8663295
3961,-128.0570374,-15.65015221,868.5018921,181.865164
3962,-127.7617493,-26.24806786,868.5927124,181.8640734
3963,-127.3472519,-36.84848404,868.7188721,181.8631114
3964,87.47073364,-216.0105438,116.2999725,184.435431
3965,98.27732086,-211.4628296,116.2999649,184.461071
3966,98.40732574,-211.4042511,77.5333786,184.3987216
3967,109.099144,-206.2553558,38.76664734,184.3802492
3968,119.5209579,-200.5799103,-4.173305206e-05,184.3825855
3969,119.5209579,211.6481323,-4.173305206e-05,183.3581839
3970,119.5209885,211.6481323,38.76663589,183.3518238
3971,119.5209885,211.6481323,77.53331757,183.3323409
3972,109.2258911,217.258606,116.2999878,183.2683273
3973,109.0975647,217.3204651,116.2999573,183.2679697
3974,96.78697205,218.5410614,162.8416748,183.1743408
3975,95.03662109,214.6681824,209.383316,183.0784838
3976,93.28636169,210.7953186,255.9250336,182.943923
3977,91.53610229,206.9224396,302.4667053,182.761883
3978,89.78578186,203.0496368,349.0083008,182.5253119
3979,88.03551483,199.1768188,395.5500183,182.2342236
3980,86.28517151,195.3039398,442.0916443,181.9031209
3981,84.534935,191.431076,488.6333313,181.5677201
3982,82.7846756,187.558197,535.1750488,181.288055
3983,81.03432465,183.6853943,581.7166748,181.1374436
3984,79.28403473,179.8124847,628.2583618,181.1558621
3985,76.29784393,176.4835052,674.8000488,181.3169401
3986,72.063591,178.2537079,674.7999878,181.3385439
3987,68.94093323,179.5592346,674.7999878,181.3540281
3988,68.611763,179.6967926,674.7999878,181.3556403
3989,67.81520844,179.9870758,674.7999878,181.3594693
3990,66.2840271,180.2290039,679.265686,181.3813042
3991,61.96316528,181.7960968,679.2919922,181.4007294
3992,56.21405792,183.4895935,683.9989624,181.4391859
3993,60.59029007,182.0553284,683.9191895,181.4211274
3994,55.0140686,183.7984619,688.7921143,181.458294
3995,49.5660553,185.4757385,693.8981323,181.4930336
3996,45.08798599,186.654068,694.1259766,181.5087156
3997,54.00764465,184.1811218,693.7070923,181.4770788
3998,39.7302742,188.1551971,699.5441284,181.5401013
3999,44.25513077,187.1016998,699.2366333,181.5255084
4000,34.51874161,189.6179657,705.1792603,181.5693897
4001,39.08773804,188.6883087,704.7958374,181.5558446
4002,29.45827866,191.0510406,711.0078125,181.5966769
4003,34.06896591,190.2450104,710.5558472,181.5841457
4004,24.54911995,192.4606934,717.0033569,181.6220632
4005,29.19914818,191.7790527,716.4926147,181.6105144
4006,19.78626251,193.8509064,723.140686,181.6456592
4007,15.07153511,194.2729645,723.7212524,181.6560346
4008,24.47452545,193.2950897,722.5809326,181.6350564
4009,10.40878296,195.5141144,730.0136719,181.6770687
4010,15.15972042,195.2238312,729.3972168,181.6675836
4011,5.868831158,196.7352905,736.3945923,181.6965889
4012,10.65506935,196.5796051,735.7533569,181.6879575
4013,1.433262348,197.9347229,742.8484497,181.7147167
4014,6.254115582,197.9173126,742.1914062,181.7068979
4015,-2.918577194,199.1097107,749.3605347,181.7315633
4016,1.936087132,199.2344513,748.696228,181.7245165
4017,-21.9941349,198.4933319,757.9959106,181.7654651
4018,-17.04583168,199.2421417,757.2841187,181.7594997
4019,-12.11655712,199.8294373,756.590332,181.7534187
4020,-7.207727432,200.2573853,755.9127808,181.7472217
4021,-2.320399761,200.5282898,755.25,181.7409083
4022,-35.60536194,198.4758606,771.7767334,181.7943059
4023,-48.81355667,196.6148376,779.1340332,181.8112659
4024,-44.17485428,197.9001465,778.6611938,181.807773
4025,-39.5945816,199.0716705,778.1506348,181.8042118
4026,-34.85102081,200.287674,777.5259399,181.8003573
4027,-70.16420746,190.9532318,787.2060547,181.8305509
4028,-65.99263,192.6197662,786.6430054,181.8279035
4029,-61.67032242,194.2289124,786.1297607,181.8251459
4030,-57.22676849,195.7680359,785.6488647,181.8222833
4031,-52.68267441,197.2287598,785.1895752,181.8193213
4032,-48.06201935,198.6012115,784.7490234,181.8162738
4033,-30.60877991,199.7259521,771.0631714,181.7896632
4034,-25.61377525,200.8087311,770.3712158,181.7849336
4035,-21.34803581,200.0449677,763.8393555,181.7727142
4036,-20.63355446,201.7197266,769.7000122,181.780128
4037,-67.56130219,200.4732819,808.2155151,181.8456047
4038,-65.29968262,194.8011169,792.0317383,181.8317379
4039,-64.603302,197.1139679,797.3725586,181.835717
4040,-63.91707611,199.5523834,802.6679077,181.8398395
4041,-63.25391388,202.1100769,807.9199829,181.8440985
4042,-71.16137695,201.4496613,813.609314,181.850898
4043,-66.96889496,203.1467285,813.3425293,181.8496958
4044,-91.76696014,196.0158081,822.1075439,181.8610796
4045,-93.85871124,194.533493,821.800415,181.8612103
4046,-95.87765503,192.9870605,821.5089111,181.8613435
4047,-97.82110596,191.3795776,821.2327271,181.8614802
4048,-99.68647766,189.7141113,820.9716187,181.8616208
4049,-101.4715347,187.9937897,820.7250366,181.8617661
4050,-103.1739502,186.2220459,820.493103,181.8619169
4051,-89.62195587,197.4287872,822.4155884,181.8609461
4052,-104.7918396,184.4021912,820.2755127,181.8620738
4053,-87.4703598,198.7661438,822.6851807,181.8607962
4054,-106.3230972,182.5377045,820.0722656,181.8622376
4055,-107.1469116,183.2075348,824.5061035,181.8643999
4056,-108.4766769,181.2301331,824.3299561,181.8644916
4057,-85.31399536,200.0289307,822.9158936,181.860627
4058,-83.15245056,201.2180328,823.1097412,181.860436
4059,-80.98579407,202.3343811,823.2680664,181.8602196
4060,-74.48073578,205.2866516,823.5366821,181.8594467
4061,-78.81492615,203.378952,823.3920898,181.8599919
4062,-74.88298798,202.4412384,818.6932983,181.855691
4063,-70.66131592,204.2193146,818.5950317,181.854819
4064,96.53165436,-207.5878754,162.8416138,184.5780604
4065,84.2387619,-208.1515503,209.3833008,184.7060093
4066,72.13213348,-208.0294037,255.9249725,184.8515916
4067,60.24932098,-207.2416229,302.4666748,184.952928
4068,48.62578964,-205.810318,349.0083618,184.8694654
4069,37.29587173,-203.7595367,395.5499878,184.4384698
4070,26.29175186,-201.1151123,442.0916138,183.6270024
4071,15.64400768,-197.9045105,488.6333313,182.4307579
4072,5.381280422,-194.1566925,535.1750488,181.3768853
4073,-4.47010088,-189.9021149,581.7166138,180.1161037
4074,-13.88539982,-185.1724548,628.2583618,180.0762548
4075,-25.52886963,-179.6424866,674.7999878,180.7306115
4076,-22.8373909,-179.9573669,674.7999878,180.6979483
4077,-22.3643837,-180.0127106,674.7999878,180.6921353
4078,-38.14450455,-176.8925018,681.5639648,180.9318241
4079,-33.64477158,-177.7973938,681.4626465,180.8870188
4080,-29.09811401,-178.5982971,681.3375244,180.8391103
4081,-49.06598282,-173.8605042,688.612854,181.0843586
4082,-44.60001755,-175.0496521,688.4251709,181.046635
4083,-55.22069931,-171.854126,695.6419067,181.1786464
4084,-65.30010986,-168.3102264,703.1228638,181.2876877
4085,-61.06207275,-169.8836212,702.7276611,181.260513
4086,-78.4732132,-162.7654419,711.4296875,181.3990289
4087,-74.57419586,-164.5753174,710.9350586,181.377737
4088,-70.64324951,-166.3052063,710.3632812,181.3551012
4089,-83.35561371,-160.6855164,718.5632324,181.4512627
4090,-87.79398346,-158.6048126,722.0522461,181.4831143
4091,-84.05945587,-160.769104,725.2034302,181.4809434
4092,-100.1241837,-151.2961578,717.9810791,181.5197313
4093,-104.1915588,-148.6207275,717.6757202,181.5358605
4094,-100.5385437,-151.2546844,721.284668,181.5308437
4095,-96.63332367,-153.9065094,724.9360962,181.5268582
4096,-92.30731964,-156.3910217,725.2695923,181.5118843
4097,-100.903862,-151.2754822,724.5424805,181.541606
4098,-108.496048,-145.7886505,720.6777954,181.5608557
4099,-120.0141373,-137.3820801,735.552124,181.634771
4100,-116.7275314,-140.2025757,732.7578735,181.6180386
4101,-116.5368118,-140.0875854,729.6815796,181.6109975
4102,-112.8502579,-142.9373169,726.8097534,181.5915563
4103,-108.8653412,-145.765625,723.9035645,181.5699843
4104,-122.5112762,-136.2447815,752.756958,181.6766296
4105,-120.1086121,-137.8468933,741.4977417,181.646945
4106,-120.0338058,-138.5218353,747.3057251,181.6586235
4107,-122.1034317,-137.245224,758.3363037,181.6869089
4108,-123.8775635,-135.1501617,763.62323,181.702119
4109,-121.5985184,-138.4171753,763.8261108,181.697093
4110,-123.562439,-135.7625427,766.3373413,181.7068359
4111,-123.2316208,-136.4128265,769.0310669,181.7115891
4112,-122.886879,-137.0996552,771.7037964,181.7163065
4113,-126.5667191,-130.911972,773.9771729,181.7287578
4114,-130.4387054,-123.8566895,773.6030273,181.736946
4115,-133.0291901,-117.7797928,778.4945068,181.7517701
4116,-122.5297623,-137.8217926,774.3560181,181.7210653
4117,-130.8266754,-64.11338043,846.5407715,181.848074
4118,-129.5718231,-55.48643875,854.2179565,181.8540266
4119,-129.6288605,-121.7492371,793.8323975,181.7713775
4120,-130.7663574,-120.3335037,788.7922974,181.7647412
4121,-131.490387,-115.2287445,798.475647,181.7826071
4122,-131.9022522,-119.0076599,783.6799927,181.7582026
4123,-133.0102234,-108.3907471,803.0734253,181.7928816
4124,-131.7291718,-109.726265,807.9125366,181.7981956
4125,-132.8736572,-102.4857941,812.3978882,181.8070049
4126,-132.3968353,-96.1186142,821.4562988,181.8193064
4127,-131.6594696,-89.25993347,830.2214966,181.829892
4128,-130.7395477,-81.89409637,838.6586304,181.838903
4129,-129.7179413,-74.01763153,846.7246094,181.846477
4130,-128.396347,-46.39327621,861.5709839,181.8589731
4131,-127.5615311,-46.92381668,865.2419434,181.8606683
4132,-126.812561,-47.45030212,868.8803711,181.8623424
4133,-107.2801971,186.3931732,833.3852539,181.8686462
4134,-106.2312775,191.5840759,842.1940308,181.8730399
4135,-108.3639755,189.8829041,850.2625732,181.8765802
4136,-107.4488373,192.1954498,850.4143677,181.8768943
4137,-106.448761,194.4716339,850.5802612,181.8772323
4138,-109.1928406,187.5367432,850.1251221,181.8762907
4139,-109.934288,185.1611481,850.0021362,181.8760261
4140,-110.6027603,182.7631836,849.8913574,181.8757857
4141,-114.4496384,168.8193665,840.9950562,181.8717563
4142,-105.3650742,196.7084656,850.7600708,181.8775935
4143,-113.1648483,173.1403503,849.4666138,181.8749873
4144,-112.0961533,177.349472,857.6734009,181.8783141
4145,-111.2789536,181.4154053,865.6744995,181.8816794
4146,-110.9719315,183.3874817,869.6212769,181.8833262
4147,-110.733902,185.3153381,873.5454102,181.8850161
4148,-112.5417252,176.5765839,876.8414307,181.8846936
4149,-127.3516617,26.92499733,872.0924072,181.8705694
4150,-127.0662384,37.62692261,872.1907959,181.8716233
4151,-126.6653824,48.33200455,872.3265991,181.8726297
4152,-126.1484528,59.03926468,872.4995728,181.8735812
4153,-125.5143127,69.74759674,872.7097168,181.874477
4154,-124.7622147,80.45578003,872.9569702,181.8753228
4155,-123.8912354,91.16253662,873.2410889,181.8761306
4156,-123.3825836,91.9919281,876.9081421,181.8767459
4157,-122.4231567,102.8026352,877.2485962,181.8775815
4158,-121.3467407,113.6099701,877.6278687,181.8784416
4159,-120.1522141,124.4123917,878.0458984,181.879357
4160,-118.8388062,135.2082825,878.5027466,181.8803571
4161,-117.4058533,145.9959412,878.99823,181.8814918
4162,-115.8524017,156.7735901,879.5325317,181.8828068
4163,-114.1779327,167.5393066,880.1055298,181.8843506
4164,-127.5226822,16.22715569,872.0314941,181.8694822
4165,-128.3413544,5.534172535,868.4370728,181.8675267
4166,-127.5946732,5.534172535,872.0113525,181.8683823
4167,-127.5221863,-5.158900738,872.0340576,181.8673003
4168,-127.3511658,-15.85680199,872.0949707,181.8662701
4169,-127.0657501,-26.558815,872.1933594,181.8653378
4170,-126.6649933,-37.26398849,872.3291016,181.8645589
4171,-126.1479797,-47.97130585,872.5021362,181.8639993
4172,98.40576935,-211.401062,116.3000107,184.461366
4173,108.9721832,-206.3203278,116.2999802,184.4841861
4174,109.0991745,-206.2553558,77.5333252,184.4182926
4175,119.5209885,-200.5799103,38.76663589,184.3955309
4176,129.6469879,-194.3920288,2.857988147e-05,184.3949167
4177,129.6469879,205.4602814,2.857988147e-05,183.3884309
4178,129.6470032,205.4602814,38.76670837,183.3822935
4179,129.6470032,205.4602814,77.53338623,183.3634522
4180,119.644455,211.5768433,116.3000336,183.2988907
4181,119.5193481,211.6450958,116.3000488,183.2985144
4182,107.2848053,213.4778137,162.8417053,183.2040934
4183,105.3436356,209.6969757,209.3833466,183.1084493
4184,103.4024582,205.9161987,255.9250031,182.9726173
4185,101.4613419,202.1354218,302.4667053,182.7863297
4186,99.52017212,198.3545685,349.0083618,182.5406216
4187,97.57899475,194.5738525,395.5499878,182.2338102
4188,95.63779449,190.7930145,442.0916443,181.8801065
4189,93.6967392,187.0122223,488.6333618,181.5176079
4190,91.75553131,183.2314453,535.1749878,181.213277
4191,89.81433105,179.4506683,581.7166748,181.0528222
4192,87.8731842,175.6698456,628.2583008,181.0835046
4193,80.45211029,174.5343475,674.8000488,181.294952
4194,77.52516174,175.9214935,674.7999878,181.310535
4195,76.65031433,176.3361053,674.7999878,181.3151278
4196,74.79273987,176.7802887,679.2406616,181.3412011
4197,70.56375885,178.555542,679.2490234,181.3614669
4198,69.22220612,178.858902,683.8336182,181.3839768
4199,64.92709351,180.5108795,683.8672485,181.4027281
4200,59.4046669,182.3803558,688.6765137,181.4411686
4201,63.754879,180.8496094,688.6002808,181.4237844
4202,58.41025162,182.7709351,693.5587158,181.4608903
4203,53.19782639,184.6369781,698.7379761,181.4955819
4204,48.74526978,185.9287262,698.9657593,181.5106557
4205,57.60985184,183.2271576,698.5600586,181.4803353
4206,43.6240387,187.6359863,704.4468384,181.5420479
4207,48.1242485,186.4615936,704.1387939,181.5280352
4208,38.64868927,189.3130798,710.1347656,181.5713708
4209,43.19431686,188.2557526,709.7510376,181.5583829
4210,33.81996918,190.9679413,716.008606,181.5987316
4211,38.40854263,190.0280457,715.5574341,181.5867402
4212,29.13429832,192.6061859,722.045166,181.624237
4213,33.76346207,191.7847748,721.5371094,181.6132159
4214,19.88514709,194.7958832,728.7988892,181.6578909
4215,24.582798,194.2310638,728.2217407,181.6479998
4216,29.25064659,193.5299988,727.6690063,181.6379223
4217,15.41652679,196.2822418,735.1275024,181.6791393
4218,20.15104294,195.8440247,734.5197144,181.6701417
4219,11.05051613,197.7536316,741.5491333,181.698918
4220,15.82097435,197.4450684,740.9220581,181.690779
4221,6.766879559,199.2082825,748.0465698,181.7173332
4222,11.57229519,199.0327606,747.4113159,181.7100155
4223,2.543860674,200.643692,754.6015625,181.7344802
4224,7.383534431,200.605072,753.9672241,181.7279403
4225,-16.39131355,200.7924042,763.1530762,181.7672876
4226,-11.45339584,201.3754578,762.484314,181.7617662
4227,-6.535535812,201.7962646,761.8314819,181.7561498
4228,-1.639297485,202.0570374,761.1929321,181.7504386
4229,3.233546019,202.159256,760.5681152,181.7446346
4230,-29.85193443,201.5339966,776.8565674,181.7962066
4231,-43.40941238,199.8706207,784.3168335,181.8131601
4232,-38.81201553,201.0267029,783.8480225,181.8099888
4233,-34.05794907,202.230545,783.2715454,181.8065715
4234,-29.05820847,203.4680023,782.6546021,181.8029168
4235,-60.9512825,196.3977509,791.5720215,181.8292808
4236,-56.48652267,197.9223175,791.1424561,181.8267408
4237,-51.92499542,199.3668976,790.7329712,181.8241226
4238,-47.28961563,200.7223663,790.3409424,181.8214393
4239,-42.6228981,201.9743042,789.9562378,181.8187065
4240,-24.85344315,202.6112366,776.2081299,181.7919893
4241,-19.86837959,203.5144806,775.5797729,181.7877149
4242,-15.6698885,202.4615784,769.0475464,181.7752472
4243,-14.89902115,204.2462463,774.9693604,181.7833846
4244,-62.62606812,204.7808533,813.130249,181.8484833
4245,-60.22780228,198.6987305,796.9733276,181.8335652
4246,-59.51384354,201.1260071,802.3357544,181.8379956
4247,-58.82286072,203.6741028,807.6613159,181.8425645
4248,-58.16737366,206.3370667,812.9511719,181.8472602
4249,-66.42288208,205.9239502,818.4230347,181.8538973
4250,-62.0451622,207.5583038,818.2998047,181.8529808
4251,-89.26464081,200.2459412,827.0415039,181.8639533
4252,-91.38222504,198.8154907,826.7338257,181.8639794
4253,-93.44525909,197.3148346,826.4281616,181.8640043
4254,-95.4360733,195.7485352,826.1375122,181.8640334
4255,-97.35219574,194.1196594,825.8614502,181.8640677
4256,-99.19104767,192.4311829,825.5999146,181.8641081
4257,-100.9500351,190.686203,825.3527222,181.8641555
4258,-102.6272202,188.8879852,825.119812,181.8642107
4259,-87.13365173,201.6009979,827.3169556,181.863913
4260,-104.220459,187.0399475,824.901062,181.8642746
4261,-84.99123383,202.8813019,827.5598145,181.863856
4262,-105.7276154,185.1452942,824.6965332,181.8643478
4263,-105.9998322,188.4402313,833.5651245,181.8687154
4264,-82.8373642,204.0874023,827.7716675,181.8637805
4265,-80.67268372,205.2198334,827.9536743,181.8636853
4266,-78.49816132,206.279129,828.1068726,181.8635696
4267,-74.14167023,208.2125854,828.3256226,181.863274
4268,-69.83823395,210.0302277,828.4146118,181.8629294
4269,-70.21721649,207.0819397,823.5296631,181.8588363
4270,-65.93376923,208.7980194,823.4579468,181.8581953
4271,107.0355682,-202.5372162,162.841629,184.6086133
4272,94.78598022,-203.7129211,209.3832703,184.755501
4273,82.68844604,-204.194397,255.9250031,184.9350554
4274,70.78101349,-203.9998932,302.4667053,185.0887527
4275,59.10065079,-203.1497803,349.0083618,185.0568117
4276,47.68260574,-201.6663055,395.5500488,184.6354284
4277,36.56032181,-199.5736694,442.0916443,183.7953329
4278,25.76583099,-196.8977966,488.6333313,182.4560231
4279,15.32896805,-193.6661987,535.1749878,181.3685247
4280,5.277851105,-189.907959,581.7166748,179.8256177
4281,-4.361531258,-185.6535034,628.2583618,179.8204465
4282,-17.80596924,-180.5460358,674.8000488,180.6343577
4283,-16.87646484,-180.6548004,674.7999878,180.6223384
4284,-13.56194019,-180.8867645,674.7999878,180.5789953
4285,-13.23216248,-180.9098511,674.7999878,180.5746175
4286,-8.653974533,-181.2302399,674.7999878,180.5126808
4287,-24.49226952,-179.2935638,681.1994629,180.7900749
4288,-40.1051712,-176.1277466,688.2427368,181.0075577
4289,-35.61471939,-177.090271,688.0498047,180.9675255
4290,-31.05284882,-177.9568329,687.8118286,180.9251978
4291,-50.80701828,-173.2002869,695.3621216,181.1459972
4292,-46.33798218,-174.4419861,695.0947876,181.1122942
4293,-56.73026276,-171.3687592,702.3568726,181.2323243
4294,-66.55088806,-167.9807129,709.8554077,181.331665
4295,-62.33189011,-169.5836334,709.3894653,181.3073361
4296,-79.39294434,-162.6231842,718.2203369,181.4328362
4297,-75.53282928,-164.4403381,717.6630859,181.413492
4298,-71.64296722,-166.1818542,717.0180054,181.3934155
4299,-71.17066193,-166.2152405,713.710083,181.3747726
4300,-80.11037445,-162.7107849,724.8307495,181.4645118
4301,-79.77703857,-162.6387939,721.5480347,181.4490846
4302,-88.12226868,-158.6703949,725.3529663,181.4965735
4303,-84.56780243,-161.0775757,731.6580811,181.5087801
4304,-80.62576294,-163.0197144,731.2630615,181.4941883
4305,-80.39305115,-162.8381195,728.0689087,181.4797265
4306,-104.6125183,-148.5568848,720.9611816,181.5461019
4307,-104.9839478,-148.5562897,724.2018433,181.5560186
4308,-96.93623352,-154.006485,728.1670532,181.5381784
4309,-101.2200317,-151.357132,727.7546997,181.5520372
4310,-92.59551239,-156.5052032,728.5167847,181.5241261
4311,-105.3056335,-148.6174774,727.3980103,181.5656276
4312,-116.8701248,-140.3753052,735.7941284,181.6248893
4313,-113.1091309,-143.0153656,729.9371338,181.5994465
4314,-113.3187332,-143.1529083,733.022583,181.607108
4315,-109.1847305,-145.8050079,727.0855713,181.5788294
4316,-119.8107452,-139.3948669,752.9931641,181.6699475
4317,-117.0168381,-140.8878784,741.7521973,181.638108
4318,-116.9927216,-141.6129913,747.5707397,181.6507769
4319,-119.4636154,-140.454071,758.5772095,181.6810443
4320,-119.0171356,-141.687973,764.0703735,181.6920124
4321,-121.0192795,-139.7496185,769.2340698,181.7072453
4322,-120.3809128,-141.2319336,774.5584106,181.7173966
4323,-122.1616364,-138.5779114,776.9884644,181.725783
4324,-126.1357574,-131.5937958,776.6115112,181.7329165
4325,-129.4473572,-125.1104202,778.8572998,181.7442472
4326,-128.6790619,-65.6390152,854.3946533,181.8527688
4327,-127.6940308,-56.77726746,861.7418823,181.8579866
4328,-126.3718185,-129.5133667,794.1747437,181.7666287
4329,-127.405632,-127.9475708,789.1416016,181.7590768
4330,-128.4966888,-123.246727,798.8009644,181.7780985
4331,-128.4333954,-126.4769745,784.0361938,181.7516137
4332,-130.2762146,-116.6490326,803.3800049,181.7885871
4333,-129.0827484,-118.1312943,808.2122803,181.7946258
4334,-130.4768372,-111.1133575,812.6779785,181.8035611
4335,-130.3177948,-105.0953598,821.711731,181.8165935
4336,-129.8779144,-98.56350708,830.4558716,181.8277685
4337,-129.2332764,-91.50098419,838.87677,181.8372635
4338,-128.4621582,-83.90377045,846.9328003,181.8452299
4339,-127.647583,-75.78165436,854.5990601,181.8518328
4340,-126.883194,-57.41760254,865.425354,181.8599267
4341,-126.1568298,-58.0522995,869.0770874,181.8618418
4342,-125.5139465,-58.67969894,872.7122803,181.8637363
4343,-105.0053558,193.7034454,842.3794556,181.8732714
4344,-104.1994476,198.9027557,850.9534302,181.8779768
4345,-107.5514755,194.6300507,858.5638428,181.880785
4346,-106.6867294,197.0191345,858.7279663,181.8812442
4347,-105.7422638,199.3718414,858.9057617,181.8817308
4348,-104.71978,201.6853943,859.0967407,181.8822444
4349,-108.3354263,192.2071228,858.4133911,181.8803535
4350,-109.0373001,189.7543335,858.2769775,181.8799506
4351,-109.6706924,187.2788391,858.1521606,181.8795769
4352,-103.6206512,203.9568176,859.3007202,181.882785
4353,-108.9854889,191.6292572,866.2185059,181.8833721
4354,-108.7430191,193.7355042,870.2006226,181.8852962
4355,-110.5649261,187.196106,877.4570312,181.886702
4356,-108.5686417,195.7920532,874.1610107,181.8872198
4357,-112.3818817,178.2910461,880.7172241,181.8861822
4358,-126.8964081,16.32925987,875.6181641,181.8702434
4359,-126.730896,27.12950134,875.6846313,181.8712582
4360,-126.4547882,37.93415451,875.7905884,181.8722574
4361,-126.0670547,48.74241257,875.9359131,181.8732264
4362,-125.5670166,59.55338669,876.1203613,181.8741574
4363,-124.9535217,70.36602783,876.3439331,181.8750495
4364,-124.2256317,81.17932129,876.6066284,181.8759083
4365,-123.7684784,81.88974762,880.2709351,181.8764987
4366,-122.9520187,92.80550385,880.5895386,181.8773671
4367,-122.0228653,103.7199478,880.9489746,181.8782504
4368,-120.9800797,114.6316833,881.3491821,181.8791745
4369,-119.8227539,125.5393295,881.7900391,181.8801699
4370,-118.5499954,136.4412842,882.2715454,181.8812697
4371,-117.1609116,147.3359528,882.7938232,181.8825204
4372,-115.6549759,158.2215424,883.3565674,181.8839681
4373,-114.0311432,169.0962677,883.960144,181.8856632
4374,-126.9991379,5.534172535,875.5987549,181.8692351
4375,-127.4613037,5.534172535,872.6495972,181.8685352
4376,-127.5941467,5.534172535,872.013855,181.8683829
4377,-126.8959656,-5.261003494,875.6208496,181.8682657
4378,-126.7304459,-16.061306,875.6873169,181.8673694
4379,-126.454361,-26.8660183,875.7932129,181.8665937
4380,-126.0667114,-37.67433548,875.9384766,181.8659959
4381,-125.5665817,-48.48539734,876.1229858,181.8656434
4382,-124.9531021,-59.29815674,876.3466187,181.865615
4383,109.0974121,-206.2522278,116.2999878,184.4844455
4384,119.3975143,-200.6511383,116.3000107,184.504228
4385,119.5209885,-200.5799103,77.53331757,184.4352289
4386,129.6470032,-194.3920288,38.76670837,184.4083058
4387,139.4520111,-187.7071075,3.753923374e-05,184.4047386
4388,139.4520111,198.7753754,3.753923374e-05,183.4198284
4389,139.4520111,198.7753754,38.766716,183.4139537
4390,139.4519501,198.7753754,77.5333252,183.3958767
4391,129.7667236,205.3829803,116.3000107,183.3309936
4392,129.6451569,205.4573059,116.3000259,183.3305989
4393,117.5171967,207.8975677,162.8416595,183.2357096
4394,115.3900299,204.2182465,209.383316,183.1406957
4395,113.2628555,200.5389099,255.9250336,183.0040499
4396,111.1355667,196.8595123,302.4666443,182.8138491
4397,109.0083694,193.1802368,349.0083618,182.5589094
4398,106.8812256,189.5009003,395.5500183,182.2354672
4399,104.7539368,185.8215637,442.0916443,181.8571656
4400,102.6267929,182.1422272,488.6333618,181.4644122
4401,100.4996262,178.4628906,535.1750488,181.131739
4402,98.37236786,174.7835236,581.7166138,180.9598238
4403,96.24516296,171.1042175,628.2583618,181.0049477
4404,88.64837646,170.408844,674.7999878,181.2493423
4405,85.91782379,171.8623962,674.7999878,181.2649549
4406,84.59740448,172.5653381,674.7999878,181.2723949
4407,84.52120209,172.6058655,674.8000488,181.2728231
4408,78.95427704,174.9124603,679.2332764,181.3206794
4409,77.61009979,175.2737122,683.7998047,181.3457131
4410,73.45964813,177.1076965,683.8158569,181.3649387
4411,72.30632782,177.4749451,688.5217285,181.3882789
4412,68.06247711,179.2106018,688.5496826,181.4061232
4413,62.77104568,181.2457733,693.4594116,181.4445191
4414,67.08850861,179.6115417,693.392395,181.4279427
4415,61.97872162,181.6997833,698.4395142,181.4649756
4416,52.58532715,185.165741,703.8789673,181.5138513
4417,57.0043869,183.749176,703.6749268,181.4995508
4418,61.37874222,182.2124481,703.5350952,181.4852013
4419,47.70236588,187.0735016,709.4117432,181.5452214
4420,52.16967392,185.7670288,709.1246338,181.5319355
4421,42.96144104,188.9598083,715.1456909,181.5745732
4422,47.47524261,187.7637787,714.7810669,181.5622735
4423,38.35895157,190.8315125,721.0631104,181.6020205
4424,42.9171257,189.7470093,720.6300659,181.5906864
4425,33.88654709,192.6934357,727.1445923,181.6276752
4426,38.48707199,191.7220001,726.6549072,181.6172878
4427,24.85674095,195.2657928,733.9332886,181.6609746
4428,29.53123474,194.5480957,733.3713989,181.651651
4429,34.1722908,193.6919403,732.8380737,181.6421892
4430,20.56359673,196.9924927,740.3129883,181.6824887
4431,25.27602959,196.3965607,739.7250366,181.6740573
4432,16.35103798,198.7091064,746.7911377,181.7025668
4433,21.10066414,198.2381592,746.1884766,181.6949954
4434,12.1972208,200.4139099,753.3469849,181.7212928
4435,16.98326492,200.0714874,752.741272,181.7145437
4436,8.081504822,202.104599,759.9570923,181.7387419
4437,12.90279007,201.8943176,759.359436,181.7327666
4438,-10.72426701,203.0361633,768.4122314,181.7702916
4439,-5.79852438,203.4458771,767.7921143,181.7652615
4440,-0.8943735957,203.6927643,767.1856689,181.7601568
4441,3.986427307,203.7784119,766.5925293,181.7549794
4442,8.841985703,203.7042084,766.0123901,181.7497312
4443,-24.05770683,204.5347443,782.0579224,181.7992151
4444,-38.00748825,203.1129913,789.5362549,181.8159271
4445,-33.24318695,204.3010864,789.015686,181.8129496
4446,-28.24415779,205.5244751,788.4593506,181.809792
4447,-23.24332809,206.5760193,787.9222412,181.8066064
4448,-55.74107742,200.2085724,796.6019287,181.8313507
4449,-51.16187668,201.6366425,796.2490234,181.8290786
4450,-46.51184845,202.9740448,795.9120483,181.8267605
4451,-41.83078384,204.2072144,795.581665,181.8244094
4452,-37.1967926,205.326889,795.2174683,181.8220229
4453,-19.06943893,205.425766,781.4803467,181.7954748
4454,-14.09559536,206.1431732,780.9199219,181.7916973
4455,-9.947022438,204.8084412,774.3753662,181.7789993
4456,-9.138321877,206.6889038,780.375061,181.7878839
4457,-57.5593338,209.1089783,818.2062988,181.8520695
4458,-55.00495911,202.6217346,802.0291748,181.8361086
4459,-54.29174423,205.1564789,807.4259644,181.8410057
4460,-53.61450195,207.8073273,812.7930908,181.8460284
4461,-52.98533249,210.5690002,818.1315308,181.8511657
4462,-61.52204132,210.4360199,823.4292603,181.8575746
4463,-57.0099411,211.9838867,823.4269409,181.8569736
4464,-86.85375214,204.4890289,831.8881836,181.8670966
4465,-88.96089172,203.1132355,831.6065063,181.8670296
4466,-91.04769897,201.6623383,831.2990723,181.8669511
4467,-93.07860565,200.1405029,830.994812,181.8668729
4468,-95.03833008,198.5519257,830.7047729,181.8668004
4469,-96.92417908,196.8993225,830.428772,181.8667348
4470,-98.73369598,195.1857452,830.1668091,181.8666772
4471,-100.4644394,193.4143677,829.9187622,181.8666286
4472,-102.1140442,191.5881348,829.6846924,181.8665902
4473,-84.72823334,205.7900696,832.1437378,181.8671497
4474,-103.6807632,189.7105255,829.4645386,181.8665625
4475,-82.5848465,207.0163727,832.3745117,181.8671873
4476,-105.1622238,187.7848206,829.2584839,181.8665462
4477,-104.6317444,190.4445648,833.7590942,181.8688276
4478,-80.42453766,208.1680603,832.5813599,181.8672078
4479,-78.24873352,209.2455292,832.7650757,181.8672096
4480,-73.87355804,211.2111206,833.0615845,181.8671613
4481,-69.53292084,213.0566559,833.2506104,181.8670819
4482,-65.16396332,214.8087921,833.3944092,181.867004
4483,-65.51102448,211.7619781,828.4483032,181.8625706
4484,-61.06658936,213.4072418,828.5194702,181.8622443
4485,117.2746658,-196.9692535,162.841629,184.6351603
4486,105.0988998,-198.7540894,209.383316,184.800311
4487,93.04039764,-199.8379822,255.9250641,185.0150884
4488,81.13806915,-200.2372589,302.4666138,185.2284282
4489,69.42984009,-199.9703979,349.0083008,185.2605716
4490,57.95207214,-199.0579224,395.5500183,184.85277
4491,46.73930359,-197.5222778,442.0916748,183.9961073
4492,35.8248291,-195.3878021,488.6333618,182.4749178
4493,25.23990822,-192.6804657,535.1750488,181.3962724
4494,15.01392746,-189.427887,581.7166748,179.4797693
4495,5.174437046,-185.6592102,628.2583618,179.5268728
4496,-8.187031746,-181.2629395,674.7999878,180.5061476
4497,-4.251888275,-181.3546143,674.7999878,180.4503704
4498,-19.87627792,-179.8725281,681.0650635,180.7378652
4499,-15.25438404,-180.335144,680.9343872,180.6854989
4500,-10.62885475,-180.6817017,680.8071289,180.6298367
4501,-26.39341927,-178.7246246,687.5497437,180.8807748
4502,-41.83857727,-175.572525,694.8347168,181.0776593
4503,-37.35461044,-176.5857391,694.5595703,181.042268
4504,-32.77756882,-177.5119476,694.2208252,181.0047692
4505,-52.31899643,-172.7583618,702.0037842,181.2031664
4506,-47.84534073,-174.0452728,701.6660156,181.1731584
4507,-58.0086174,-171.1023254,708.9520264,181.2821751
4508,-67.0917511,-167.9007111,713.1682739,181.3524825
4509,-62.88040161,-169.5161591,712.6708984,181.3294691
4510,-75.93267059,-164.4582062,720.9637451,181.4307431
4511,-67.57590485,-167.8760071,716.4450073,181.3724886
4512,-72.05976868,-166.2040558,720.2868652,181.4116291
4513,-76.27958679,-164.531662,724.222168,181.4473104
4514,-88.40247345,-158.7931519,728.6063843,181.5099091
4515,-88.96076965,-159.4926453,738.0895996,181.5471372
4516,-84.88568115,-161.6018982,737.9332886,181.5349139
4517,-88.63509369,-158.9719391,731.8129883,181.5225962
4518,-82.89727783,-162.5890808,737.7610474,181.5286466
4519,-76.57360077,-164.6596222,727.4387817,181.4633427
4520,-76.81550598,-164.841156,730.6141357,181.4787801
4521,-79.02846527,-164.4643402,737.2175293,181.515488
4522,-80.94472504,-163.5413361,737.5231323,181.5221577
4523,-97.19119263,-154.1646881,731.3518066,181.5491752
4524,-101.4872284,-151.4982147,730.9220581,181.5621558
4525,-105.5779495,-148.7389832,730.5500488,181.5749464
4526,-92.83621979,-156.6764069,731.717041,181.5360077
4527,-94.99398804,-155.449173,731.5682983,181.5425024
4528,-109.4543228,-145.9052429,730.2243652,181.5874074
4529,-113.4799805,-143.348465,736.0674438,181.6145594
4530,-109.6746063,-146.0648346,733.3206787,181.5957356
4531,-116.8190384,-142.5384216,753.2669067,181.663042
4532,-113.6635437,-143.9073486,742.0409546,181.6289176
4533,-113.6758804,-144.6797333,747.8727417,181.6426646
4534,-116.5198746,-143.6522217,758.8581543,181.6750385
4535,-118.4938278,-143.0852661,769.4806519,181.7029217
4536,-116.1198196,-144.942749,764.3571777,181.686872
4537,-119.6954193,-142.8533783,779.8024292,181.7275633
4538,-119.1871414,-142.9357605,774.6765137,181.7155989
4539,-121.7837524,-139.3667297,779.6013794,181.7305411
4540,-125.69664,-132.3066711,779.2265625,181.7371501
4541,-126.8619843,-67.15738678,861.9439697,181.8572942
4542,-126.0790939,-67.90905762,865.6419678,181.8595104
4543,-122.9534988,-137.1686859,794.526123,181.7626133
4544,-123.881485,-135.4446106,789.4990234,181.7540435
4545,-125.3391495,-131.1654205,799.1366577,181.7742558
4546,-124.7984924,-133.8207397,784.3997803,181.7455479
4547,-127.375946,-124.8177567,803.6984863,181.7848888
4548,-127.914917,-119.6679306,812.972168,181.8007031
4549,-126.2724991,-126.4540405,808.5248413,181.7917303
4550,-128.0761719,-114.0144196,821.9835205,181.8144539
4551,-126.77742,-121.2512665,817.6587524,181.8068275
4552,-127.9375992,-107.8235931,830.7089844,181.8261818
4553,-127.5734253,-101.0768738,839.116394,181.8361243
4554,-127.0597153,-93.76957703,847.1652832,181.8444471
4555,-126.477272,-85.91239166,854.8309937,181.8513246
4556,-125.8994217,-77.53190613,862.1773071,181.8569926
4557,-125.3793564,-68.65322876,869.3088379,181.8616969
4558,-124.7618561,-69.38798523,872.9594727,181.8638586
4559,-124.2253189,-70.11151123,876.6092529,181.8660005
4560,-103.6947708,195.7778625,842.5787354,181.8735483
4561,-104.1411057,193.1128235,838.1988525,181.8711532
4562,-102.4463959,206.1831055,859.5175171,181.8833407
4563,-102.953392,201.0512085,851.1602173,181.8784153
4564,-103.2973251,198.427948,846.8989868,181.8759555
4565,-106.9859924,199.1981049,866.678772,181.8849905
4566,-106.173912,201.6613159,866.857605,181.8855795
4567,-105.2885284,204.0894318,867.0493164,181.8861926
4568,-104.3314972,206.4797516,867.2536011,181.8868292
4569,-103.3042145,208.8297272,867.4700317,181.887487
4570,-107.7239151,196.7020874,866.5128784,181.8844257
4571,-108.3862839,194.1767578,866.3601685,181.8838832
4572,-107.5178757,198.876709,870.5128174,181.8864784
4573,-107.3799057,200.9989319,874.4915161,181.888499
4574,-108.4623108,197.7960815,878.109436,181.889114
4575,-110.4636383,189.0269775,881.3676147,181.8883774
4576,-107.3097382,203.0661469,878.4584351,181.8904838
4577,-112.2891235,179.9581299,884.604187,181.8876649
4578,-126.9987946,5.534172535,875.6013184,181.8692357
4579,-126.3537292,16.4300499,879.2209473,181.871004
4580,-126.1934662,27.33117485,879.2927856,181.8719469
4581,-125.9262466,38.23691559,879.4060669,181.8728923
4582,-125.5509949,49.14650345,879.5606689,181.8738249
4583,-125.0669556,60.05913162,879.7564087,181.8747365
4584,-124.4730682,70.97389984,879.9932251,181.8756259
4585,-124.0714111,71.56956482,883.6732178,181.8762068
4586,-123.3887939,82.58524323,883.9655762,181.8770944
4587,-122.5978622,93.60116577,884.3007202,181.8779944
4588,-121.6975632,104.6161957,884.6785278,181.8789259
4589,-120.6870575,115.6289597,885.098999,181.8799145
4590,-119.5654221,126.6381454,885.5620117,181.8809905
4591,-118.3316879,137.6422577,886.067688,181.882189
4592,-116.9850616,148.6397095,886.6159058,181.8835545
4593,-115.5248871,159.6288452,887.206543,181.8851331
4594,-113.9503174,170.6079254,887.8397827,181.8869756
4595,-126.4355545,5.534172535,879.1950073,181.8700856
4596,-126.3533478,-5.361794949,879.2236328,181.8692284
4597,-126.1930847,-16.26300812,879.2955322,181.8684648
4598,-125.9258575,-27.16877937,879.4088135,181.8678446
4599,-125.5507126,-38.07845688,879.5633545,181.8674263
4600,-125.0665894,-48.99117279,879.7591553,181.867279
4601,-124.4728088,-59.90600586,879.9959106,181.8674823
4602,-123.7681351,-70.8219223,880.2736816,181.8681275
4603,119.5191116,-200.5768738,116.2999573,184.5044491
4604,129.5271759,-194.4693146,116.2999802,184.5210031
4605,129.6470032,-194.3920288,77.53338623,184.4493984
4606,139.4520111,-187.7071075,38.766716,184.4184848
4607,148.911499,-180.541748,-2.50836365e-05,184.4119843
4608,148.911499,191.6100616,-2.50836365e-05,183.4523264
4609,148.9115295,191.6100616,38.76665497,183.4467572
4610,148.9115601,191.6100616,77.53333282,183.4295752
4611,139.5676422,198.6921692,116.2999878,183.3646211
4612,139.4500122,198.772522,116.3000107,183.3642084
4613,127.4587784,201.81427,162.8416748,183.2692166
4614,125.1508255,198.2454987,209.3833313,183.1753094
4615,122.8428421,194.6767883,255.9250336,183.0383972
4616,120.5348892,191.108017,302.4667053,182.8447292
4617,118.2269363,187.5393066,349.0083618,182.5805573
4618,115.9189911,183.9705963,395.5500183,182.2395835
4619,113.6110687,180.4018555,442.0916748,181.8345491
4620,111.3030853,176.8331299,488.6333923,181.4080118
4621,108.9951324,173.2644196,535.1750488,181.0426567
4622,106.6871796,169.6956787,581.7166748,180.857323
4623,104.3792038,166.1269379,628.2583618,180.9195297
4624,96.63313293,165.887207,674.7999878,181.2016031
4625,94.09844208,167.3919525,674.7999878,181.2171646
4626,92.6867981,168.2300873,674.7999878,181.2257058
4627,92.21234131,168.5117188,674.7999878,181.2285664
4628,87.03657532,170.9324493,679.175354,181.2784171
4629,83.03665161,172.9612122,679.2149658,181.2995558
4630,81.65388489,173.3733368,683.7632446,181.3262749
4631,80.45401764,173.8058929,688.4414673,181.3524005
4632,76.445755,175.6657715,688.4960938,181.3703691
4633,75.46489716,176.0905457,693.3180542,181.3946486
4634,71.33644104,177.8834991,693.3536987,181.4112752
4635,66.30310059,180.0628357,698.3566284,181.4494783
4636,70.55323792,178.3350067,698.3071899,181.4339714
4637,65.70743561,180.5657501,703.437561,181.4707774
4638,56.59338379,184.3371735,708.8981934,181.5185856
4639,60.97065735,182.7845917,708.741333,181.5052449
4640,65.30099487,181.1216125,708.6305542,181.4918883
4641,51.94660568,186.4407959,714.4717407,181.5498939
4642,56.37245941,184.9916229,714.2265015,181.5374984
4643,47.43471146,188.5318451,720.2459717,181.5792586
4644,51.90792084,187.1868134,719.9193726,181.5677929
4645,43.0490036,190.6162872,726.2071533,181.6067974
4646,47.5682869,189.3770447,725.8093872,181.5962512
4647,38.77651215,192.6978607,732.3395996,181.6326198
4648,43.34040833,191.5665588,731.8834839,181.6229827
4649,29.95606613,195.6583557,739.1616211,181.6654987
4650,34.6011467,194.7784119,738.6264038,181.6568309
4651,39.20783997,193.7576294,738.1259766,181.6480864
4652,25.81896782,197.6210785,745.6066284,181.6873117
4653,30.50356483,196.858429,745.0487061,181.6795274
4654,21.73935699,199.5789642,752.1526489,181.707703
4655,26.46278763,198.9369659,751.5840454,181.7007781
4656,17.69565964,201.529892,758.7757568,181.7267221
4657,22.4575634,201.0122833,758.208374,181.7206251
4658,13.67031956,203.4715729,765.4450073,181.7444167
4659,18.46953583,203.0820007,764.8907471,181.7390657
4660,-5.014321327,205.2032623,773.7959595,181.7745591
4661,-0.1030772254,205.4326172,773.2294312,181.7700642
4662,4.784861088,205.4981232,772.6755371,181.7655159
4663,9.647393227,205.4012146,772.1338501,181.7609107
4664,14.48213482,205.1433563,771.604126,181.7562162
4665,-18.25324249,207.4501801,787.4031982,181.8033998
4666,-32.42224884,206.4957886,794.760437,181.8194857
4667,-27.4257412,207.7000427,794.2722778,181.8168234
4668,-22.42598534,208.7315063,793.8023682,181.8141505
4669,-17.43530273,209.5843201,793.3494263,181.8114737
4670,-50.40806961,204.0330505,801.7393799,181.8341833
4671,-45.74335098,205.3519135,801.4641724,181.8322305
4672,-41.04811478,206.5652924,801.194519,181.8302606
4673,-36.39513779,207.6647644,800.8930054,181.8282655
4674,-31.61050987,208.8113098,800.506897,181.8261685
4675,-13.27619553,208.1491089,786.9004517,181.8001744
4676,-8.314808846,208.6745148,786.4121704,181.7969314
4677,-4.199838638,207.0651398,779.8438721,181.7840349
4678,-3.371363878,209.0283966,785.9368286,181.7936699
4679,-52.41559982,213.4358521,823.4412231,181.8563953
4680,-49.67734909,206.5513458,807.2057495,181.8394266
4681,-48.98295212,209.1867065,812.6486816,181.8447908
4682,-48.33731461,211.9339447,818.0688477,181.8502735
4683,-47.75195312,214.7879944,823.4661865,181.8558447
4684,-56.52955627,214.955719,828.6136475,181.8619501
4685,-51.91614151,216.4022675,828.72229,181.8616901
4686,-84.53118134,208.7458038,836.6694336,181.8704926
4687,-86.63674164,207.4206238,836.4003906,181.8703319
4688,-88.71678162,206.0206299,836.1119995,181.8701604
4689,-90.76924896,204.5459442,835.8045654,181.8699804
4690,-92.76464844,202.9999237,835.5015869,181.8698024
4691,-94.68997192,201.3861237,835.2119751,181.8696311
4692,-96.54258728,199.7073669,834.9359131,181.8694682
4693,-98.32007599,197.9666595,834.6732788,181.8693148
4694,-100.0197754,196.1668396,834.4242554,181.8691725
4695,-101.6397095,194.3110504,834.1887207,181.8690428
4696,-82.40114594,209.9958344,836.9199829,181.8706409
4697,-103.1777191,192.4025726,833.96698,181.8689272
4698,-80.24791718,211.1704102,837.152832,181.8707754
4699,-102.7164078,195.1042786,838.4089966,181.8713444
4700,-78.07328033,212.269516,837.3683472,181.8708943
4701,-73.6838913,214.2740784,837.7456665,181.8710908
4702,-69.30928802,216.1535339,838.0386353,181.8712745
4703,-64.90097046,217.9313049,838.2967529,181.8714748
4704,-60.39710999,219.6042175,838.581604,181.871726
4705,-60.68870926,216.4656219,833.5701294,181.8669688
4706,-56.12831497,218.0182648,833.7658081,181.8669759
4707,127.2234879,-190.8978271,162.8416443,184.6573292
4708,115.1519089,-193.2873535,209.3833618,184.8395188
4709,103.1622849,-194.970993,255.9249725,185.0899166
4710,91.29476166,-195.9630432,302.4667053,185.3705774
4711,79.58778381,-196.2801208,349.0083313,185.4826038
4712,68.07875061,-195.9409027,395.5500183,185.0907394
4713,56.80337143,-194.9660797,442.0916443,184.2392134
4714,45.79608917,-193.3782806,488.6333313,182.4772434
4715,35.08930969,-191.2019348,535.1749878,181.4802037
4716,24.71398735,-188.4631348,581.7166748,179.0634268
4717,14.69888687,-185.1895752,628.2583618,179.1876862
4718,-4.067099094,-181.3589325,674.7999878,180.4476003
4719,0.5209535956,-181.4658356,674.7999878,180.3788876
4720,5.070278168,-181.3748322,674.7999878,180.3089223
4721,5.109467983,-181.3740387,674.7999878,180.3082998
4722,7.997968674,-181.3162537,674.7999878,180.2618141
4723,-6.00194025,-180.9125061,680.6831055,180.5743203
4724,-21.72698593,-179.3717194,687.2946167,180.8348624
4725,-17.05918312,-179.8981628,687.0465088,180.7880794
4726,-12.39185619,-180.3047638,686.8049927,180.7399571
4727,-28.06884575,-178.3472443,693.8485107,180.9651086
4728,-43.34007645,-175.2211456,701.3372192,181.1425589
4729,-38.86000061,-176.2784424,700.9891357,181.1114351
4730,-34.26795197,-177.2584686,700.5615845,181.0783434
4731,-53.59738159,-172.5284271,708.5350342,181.2562215
4732,-49.11783981,-173.8536072,708.1359863,181.2294749
4733,-58.56002045,-171.0491791,712.2039185,181.3057463
4734,-63.37083054,-169.5025024,715.9189453,181.3507888
4735,-68.00289917,-167.9057007,719.6854858,181.3918208
4736,-72.4213028,-166.2809143,723.5167236,181.4292153
4737,-91.05056,-158.3651733,738.0695801,181.5530181
4738,-91.20762634,-159.0918427,744.1689453,181.5753643
4739,-87.04991913,-161.3021393,744.1505737,181.5650815
4740,-89.1103363,-160.2227936,744.1942139,181.5702851
4741,-85.02458954,-162.33284,744.0402832,181.5597464
4742,-83.03304291,-163.3176422,743.8652954,181.5542609
4743,-72.72783661,-166.4114532,726.7078247,181.4462138
4744,-72.98011017,-166.5947266,729.8607178,181.4626465
4745,-77.14704132,-165.3607025,736.8444824,181.5085269
4746,-79.16454315,-165.1876678,743.3080444,181.5426916
4747,-81.07946014,-164.2670746,743.6219482,181.5485868
4748,-97.39858246,-154.3798065,734.491394,181.559806
4749,-101.7060928,-151.6973114,734.0452271,181.5719756
4750,-105.8012619,-148.9193573,733.6588745,181.5839929
4751,-95.34805298,-155.9475861,737.8197632,181.5645666
4752,-93.17852783,-157.1847229,737.9806519,181.5588243
4753,-109.8467178,-146.2822723,736.3756714,181.6038334
4754,-113.5381851,-145.6534882,753.5803223,181.655957
4755,-110.0522919,-146.8846283,742.3675537,181.6194265
4756,-110.0872955,-147.7001953,748.215271,181.6343439
4757,-113.2747269,-146.8166046,759.1812134,181.6689386
4758,-117.9092026,-144.6351013,774.8063354,181.7138276
4759,-115.6417694,-146.3986511,769.7719727,181.6986128
4760,-112.91008,-148.157547,764.6881714,181.681722
4761,-118.9731522,-144.6032562,784.9691162,181.737786
4762,-118.5286331,-144.5931396,779.9205933,181.7261196
4763,-121.0038147,-141.0372314,784.7697754,181.7401622
4764,-125.1483841,-78.39660645,865.8917847,181.8595175
4765,-124.4791489,-79.25160217,869.5756836,181.862007
4766,-122.0222549,-138.9832611,799.4822388,181.771243
4767,-119.3790588,-144.7136536,794.8856812,181.7595028
4768,-120.1994553,-142.8230133,789.8638306,181.7498122
4769,-124.3139648,-132.8947906,804.0281982,181.781942
4770,-124.1375504,-129.888855,817.9636841,181.8055211
4771,-125.191452,-128.1472321,813.2800293,181.7986051
4772,-123.3024216,-134.6924133,808.8496094,181.7896688
4773,-125.8402176,-117.0377121,830.9807129,181.8252808
4774,-125.6744614,-122.8735275,822.2714233,181.8130716
4775,-123.1152878,-131.6704559,822.5752563,181.8124308
4776,-125.761116,-110.6193924,839.3773193,181.8356231
4777,-125.5106888,-103.612793,847.4221802,181.8442552
4778,-125.1677246,-96.0292511,855.0905151,181.8513656
4779,-124.8058243,-87.89917755,862.4417725,181.8571931
4780,-124.0904694,-88.87870789,866.1745605,181.8600576
4781,-123.8907928,-80.09481049,873.2437134,181.8644665
4782,-123.3821945,-80.92420959,876.9108276,181.8669012
4783,-122.9517899,-81.73775482,880.5922852,181.869316
4784,-102.3013229,197.8040619,842.7915649,181.8738191
4785,-101.937149,200.4900818,847.1149902,181.876319
4786,-101.1986618,208.3613586,859.7467041,181.8839122
4787,-102.2921829,208.6838837,863.6263428,181.8857583
4788,-101.0857544,210.9030762,863.8609009,181.8864152
4789,-101.6286697,203.1506653,851.3800049,181.8788591
4790,-106.8034668,201.4078217,870.6870117,181.8870951
4791,-106.0182343,203.9071045,870.8737793,181.8877422
4792,-105.1635513,206.3721771,871.072876,181.888416
4793,-104.2405243,208.800705,871.2841797,181.8891188
4794,-103.2507629,211.1900787,871.5072632,181.8898485
4795,-102.2080231,211.1365509,867.6985474,181.8881995
4796,-102.1955795,213.5377197,871.7418823,181.89061
4797,-106.6890564,203.5642548,874.6741333,181.8891711
4798,-108.4227753,199.7449036,882.0567017,181.8909899
4799,-107.3059921,205.07547,882.4241333,181.892467
4800,-110.4282379,190.8053436,885.2888794,181.8900394
4801,-105.9600906,210.3082886,882.8346558,181.8940651
4802,-105.9123764,208.2333832,878.852478,181.8919843
4803,-112.2608566,181.5750275,888.5154419,181.8891397
4804,-125.9878845,5.534172535,882.8273926,181.8709369
4805,-126.2316513,5.534172535,880.4963379,181.8703925
4806,-126.4351349,5.534172535,879.1976929,181.8700862
4807,-125.8928604,16.52920341,882.8563843,181.8717649
4808,-125.7376251,27.52944946,882.9333496,181.8726369
4809,-125.4787827,38.53434372,883.0537109,181.8735292
4810,-125.1154327,49.54317093,883.2171631,181.8744261
4811,-124.6466217,60.55522156,883.4237061,181.8753191
4812,-124.3042603,61.04016495,887.1385498,181.8759062
4813,-123.7466736,72.15136719,887.4001465,181.8767928
4814,-123.0849686,83.26396179,887.7064209,181.8776961
4815,-122.3180923,94.37695312,888.0574341,181.8786284
4816,-121.4453125,105.4891968,888.4528809,181.8796085
4817,-120.4654999,116.599472,888.8928833,181.8806618
4818,-119.3778458,127.7064056,889.3773193,181.8818187
4819,-118.1814575,138.80867,889.906189,181.8831149
4820,-116.8756485,149.9046631,890.4793091,181.8845935
4821,-115.4594803,160.9928894,891.0969238,181.8863004
4822,-113.9323044,172.07164,891.7588501,181.8882859
4823,-125.89254,-5.460977077,882.8591919,181.8701907
4824,-125.7373047,-16.46128273,882.9361572,181.8695593
4825,-125.4784622,-27.46623611,883.0565186,181.8690937
4826,-125.1152115,-38.47515488,883.2199097,181.8688537
4827,-124.6464233,-49.48723221,883.4265137,181.8689097
4828,-124.0712128,-60.50166321,883.6760254,181.8693425
4829,-123.3886185,-71.5174408,883.9683838,181.8702437
4830,-122.5976028,-82.53344727,884.3035889,181.8717153
4831,129.64505,-194.3890991,116.3000031,184.5211843
4832,139.3361359,-187.7902527,116.3000031,184.5343534
4833,139.4519501,-187.7071075,77.5333252,184.4606909
4834,148.9115295,-180.541748,38.76665497,184.4259967
4835,158.0021973,-172.9137878,-4.295220788e-05,184.4166039
4836,158.0021973,183.9820404,-4.295220788e-05,183.4858686
4837,158.0022278,183.9820404,38.76663589,183.4806492
4838,158.0022583,183.9820404,77.53331757,183.4644993
4839,149.022995,191.5211334,116.2999878,183.3997494
4840,148.9094086,191.6072693,116.2999725,183.3993187
4841,137.0847168,195.2429047,162.8417053,183.3046343
4842,134.6017609,191.7936554,209.3833466,183.2123731
4843,132.1187592,188.3443909,255.9250031,183.0758425
4844,129.6357422,184.8951263,302.4666443,182.8792844
4845,127.1528854,181.4458618,349.0083618,182.6059952
4846,124.6698761,177.9966583,395.5500183,182.246609
4847,122.1868668,174.5474091,442.0916443,181.812576
4848,119.7038498,171.0981445,488.6333313,181.3483238
4849,117.220871,167.64888,535.1749878,180.9451331
4850,114.7379532,164.199646,581.7166748,180.7439956
4851,112.2549744,160.7503967,628.2583618,180.8265088
4852,104.3870392,160.980072,674.8000488,181.1518004
4853,102.046814,162.5211487,674.7999878,181.1672168
4854,100.5539856,163.5042419,674.7999878,181.176911
4855,99.70202637,164.0652161,674.7999878,181.1824245
4856,94.8084259,166.6461182,679.0074463,181.2344402
4857,90.95805359,168.8278046,679.1073608,181.2565236
4858,89.41902924,169.4060211,683.5565186,181.2866085
4859,85.58686829,171.4167633,683.6865845,181.3066283
4860,84.326828,171.9092712,688.3305664,181.3342903
4861,83.2593689,172.4130249,693.1037598,181.3614057
4862,79.4407959,174.2612457,693.2461548,181.3780646
4863,78.6166153,174.7419891,698.1730957,181.4033309
4864,74.6703949,176.5501556,698.2613525,181.4185931
4865,69.9574585,178.8312225,703.3776855,181.4564163
4866,74.06329346,177.0467987,703.3218994,181.4422528
4867,69.54898834,179.3738861,708.5610352,181.478658
4868,60.75024033,183.4171143,714.0552979,181.5251654
4869,65.07971191,181.7319641,713.9330444,181.5128699
4870,69.32368469,179.9651031,713.8547974,181.5007555
4871,56.33380508,185.7129059,719.6594849,181.5563558
4872,60.70973969,184.1109772,719.4765015,181.5450279
4873,52.04143524,188.0050049,725.470459,181.5857061
4874,56.46549988,186.5014191,725.1999512,181.57523
4875,47.85996246,190.2987061,731.4778442,181.6133267
4876,52.33147049,188.8952484,731.1314697,181.6037078
4877,43.77236557,192.5966492,737.6675415,181.6393083
4878,48.29081345,191.2963104,737.2593994,181.63055
4879,35.15162659,195.9511414,744.5184937,181.6716598
4880,39.75980759,194.9000092,744.0224609,181.6637393
4881,44.32412338,193.7058258,743.5678101,181.6558152
4882,31.15122986,198.1466064,751.0386353,181.6937791
4883,35.80170441,197.2086792,750.5201416,181.6867185
4884,27.18573189,200.342514,757.6601562,181.7144717
4885,31.87748146,199.5213318,757.1341553,181.7082733
4886,23.23677635,202.536499,764.3518677,181.7337423
4887,27.96926498,201.835968,763.8311768,181.7283674
4888,24.90832901,205.8496704,776.9030151,181.7606307
4889,15.32145786,206.9069977,777.8370972,181.7685488
4890,20.13173103,206.4588318,777.3635254,181.7645751
4891,0.7177681327,207.2735138,779.3249512,181.7801518
4892,5.612129211,207.3157806,778.8178101,181.7762438
4893,10.48075581,207.1931,778.3218994,181.7723449
4894,-12.45637798,210.2605438,792.9116211,181.8087966
4895,-26.61793518,209.9911804,800.0943604,181.8239956
4896,-21.62072563,210.9976044,799.6989136,181.8218274
4897,-16.63083458,211.8247528,799.3192139,181.8196706
4898,-11.65126896,212.4741364,798.9535522,181.8175296
4899,-44.99831009,207.8515625,806.9985962,181.8378373
4900,-40.28915405,209.0446014,806.7962036,181.8362488
4901,-35.61689377,210.1228485,806.5641479,181.8346359
4902,-30.82253647,211.2437744,806.2560425,181.8329844
4903,-25.83520699,212.3942719,805.9261475,181.8312889
4904,-7.491892338,210.7618103,792.4874268,181.8061238
4905,-2.544662237,211.0899353,792.0750122,181.8034623
4906,1.55160737,209.2125092,785.4728394,181.7903817
4907,2.382615328,211.246521,791.6729736,181.8008278
4908,-47.23789215,217.7436066,828.8405151,181.8614685
4909,-44.29013062,210.4683838,812.5158691,181.8435517
4910,-43.63121796,213.1977386,818.0165405,181.8494009
4911,-43.03336716,216.0349121,823.5003052,181.8553314
4912,-42.50782013,218.9752197,828.9667358,181.8612904
4913,-51.49716568,219.4624786,833.9741821,181.8670273
4914,-46.80544662,220.7955475,834.1911011,181.8671263
4915,-82.29238129,213.0167236,841.4095459,181.8741257
4916,-84.40590668,211.739151,841.1383057,181.873869
4917,-86.48820496,210.3860016,840.8551025,181.8736034
4918,-88.53778839,208.9581757,840.5595093,181.8733307
4919,-90.55229187,207.4560852,840.25177,181.8730528
4920,-92.50865173,205.8824005,839.9497681,181.8727783
4921,-94.39627075,204.2404785,839.6604004,181.8725116
4922,-96.21250916,202.5328522,839.3839722,181.8722542
4923,-97.95511627,200.7625427,839.1203613,181.8720072
4924,-99.62126923,198.9322662,838.8699951,181.8717724
4925,-101.2091522,197.0451202,838.6327515,181.871551
4926,-80.14909363,214.217865,841.6694946,181.874372
4927,-77.978302,215.3424377,841.9180908,181.8746064
4928,-100.8269577,199.7787628,843.0177612,181.8741104
4929,-73.57959747,217.3936005,842.3790894,181.8750437
4930,-69.17485046,219.3134155,842.77948,181.8754873
4931,-64.73033905,221.1222382,843.1557007,181.8759615
4932,-60.20047379,222.8164978,843.553833,181.8764929
4933,-55.59960556,224.3904724,843.9663696,181.8770818
4934,-55.81534576,221.1652679,838.8835449,181.8720281
4935,-51.16809082,222.6107483,839.1965332,181.8723827
4936,136.8573914,-184.3380585,162.8417053,184.6748103
4937,124.9197998,-187.3263397,209.383316,184.8722085
4938,113.0291138,-189.6054993,255.9250641,185.1574187
4939,101.2256699,-191.187851,302.4666138,185.513137
4940,89.54908752,-192.088089,349.0083618,185.7254721
4941,78.03746796,-192.3229675,395.5500183,185.3482986
4942,66.72754669,-191.9113922,442.0916748,184.5324972
4943,55.65475845,-190.8742371,488.6333313,182.5860319
4944,44.85287857,-189.2342834,535.1750488,172.0046982
4945,34.35387802,-187.0160522,581.7166748,169.0313087
4946,24.18800545,-184.2458038,628.2583008,178.7961556
4947,9.694570541,-181.2087402,674.7999878,180.233202
4948,14.27494907,-180.9185028,674.7999878,180.1545537
4949,14.38131332,-180.9117737,674.8000488,180.1526515
4950,16.69033813,-180.7654419,674.7999878,180.1107616
4951,18.8460598,-180.5276337,674.8000488,180.0696249
4952,-1.375964165,-181.0278625,680.5619507,180.5148797
4953,3.246852875,-181.0280762,680.4435425,180.4539352
4954,7.864141464,-180.9135132,680.3278809,180.3928139
4955,-7.726943493,-180.5921783,686.569397,180.6912122
4956,-23.3559227,-179.0574646,693.4859619,180.9246081
4957,-18.64556122,-179.642807,693.1334839,180.8835177
4958,-13.93938637,-180.1044006,692.7902222,180.8418824
4959,-29.51433372,-178.156189,700.0924072,181.0432365
4960,-44.60536575,-175.0681152,707.7474365,181.2026441
4961,-40.12702942,-176.163208,707.3356934,181.175415
4962,-35.52024841,-177.1913452,706.8308716,181.1464045
4963,-54.14804077,-172.4910431,711.7585449,181.2814097
4964,-50.15260696,-173.8613129,714.5021362,181.282464
4965,-59.05262375,-171.0483704,715.4248047,181.3284298
4966,-63.80290222,-169.5418549,719.1333618,181.3713607
4967,-68.37286377,-167.9888611,722.8898926,181.4104979
4968,-93.34469604,-157.9057159,744.0718384,181.5803456
4969,-93.35171509,-158.8291168,750.0065918,181.6008943
4970,-91.20593262,-160.0195007,750.1118164,181.596677
4971,-87.03350067,-162.2322693,750.1033936,181.5879219
4972,-89.10087585,-161.1526794,750.1430664,181.5923594
4973,-85.00192261,-163.261322,749.9952393,181.583347
4974,-83.00511932,-164.2426147,749.8205566,181.5786172
4975,-68.68634033,-168.124588,726.0582886,181.4285511
4976,-68.94411469,-168.3120117,729.1911621,181.4460151
4977,-73.32637024,-167.1155853,736.0551758,181.4941002
4978,-77.28671265,-166.0821381,742.9239502,181.5365423
4979,-79.13104248,-166.1055298,749.2578735,181.5685594
4980,-81.04779053,-165.1882629,749.5755005,181.5736991
4981,-97.55960846,-154.6504517,737.5870972,181.5701974
4982,-101.8776779,-151.9530182,737.1254272,181.5815262
4983,-105.9767227,-149.157074,736.7255249,181.5927881
4984,-97.74897003,-155.352951,743.652771,181.5901032
4985,-95.52506256,-156.6605835,743.8996582,181.5852503
4986,-109.9729156,-148.7169495,753.9367676,181.6487536
4987,-106.1900482,-149.7987213,742.7388306,181.6097162
4988,-106.2346344,-150.6521149,748.6052246,181.6259004
4989,-109.7334518,-149.9231262,759.5494995,181.6628068
4990,-117.275383,-146.3265381,780.0509644,181.7247106
4991,-116.5470276,-146.3272247,774.9478149,181.712074
4992,-112.4670105,-149.6649323,770.1095581,181.6943918
4993,-113.5721436,-149.6769409,775.2664185,181.7086381
4994,-115.1010437,-148.0089417,775.1011353,181.7103634
4995,-109.3935013,-151.3072662,765.0665283,181.6766234
4996,-119.2491226,-144.6493073,789.9570312,181.7488996
4997,-118.2238388,-146.4708862,790.0612183,181.7480485
4998,-117.8321838,-146.3801422,785.0870972,181.7366758
4999,-123.4555054,-89.84598541,869.8775024,181.8628821
5000,-122.8999405,-90.79882812,873.5648804,181.865671
5001,-121.0943604,-140.8786011,804.3687134,181.7799194
5002,-118.5505981,-146.6986847,799.8370361,181.7692354
5003,-118.4557343,-146.5827026,794.9777222,181.7588837
5004,-121.3413162,-138.4557648,818.282959,181.8051827
5005,-120.4013138,-140.4030151,822.8945923,181.8129175
5006,-122.3098526,-136.5491333,813.6012573,181.797415
5007,-120.1761703,-142.8448334,809.1862183,181.7886257
5008,-123.7973862,-120.1262283,839.6594849,181.8359107
5009,-123.5876389,-126.2036133,831.2709351,181.825212
5010,-121.1815491,-135.3190613,831.5794067,181.8261684
5011,-119.494194,-142.3815155,827.43573,181.82059
5012,-123.8156662,-113.4311829,847.703186,181.8447951
5013,-123.7189941,-106.1301498,855.3775635,181.8520792
5014,-123.5804672,-98.25740814,862.7375488,181.8580297
5015,-122.9046173,-99.35365295,866.4904175,181.861239
5016,-122.3074646,-100.4347916,870.2142944,181.8644386
5017,-122.4228821,-91.73499298,877.2512817,181.8684287
5018,-122.0226517,-92.65227509,880.9517212,181.87116
5019,-121.6974106,-93.54853821,884.6813965,181.8738689
5020,-100.4979706,202.5004272,847.3441772,181.8767002
5021,-100.2270508,205.1983795,851.6126099,181.8793221
5022,-99.81069183,213.0727997,864.1070557,181.8870916
5023,-99.87934875,210.4889526,859.987915,181.8845054
5024,-101.0445404,213.3975983,867.9386597,181.88892
5025,-99.8155365,215.6105957,868.1900635,181.8896624
5026,-105.9311676,206.0987091,874.8689575,181.889882
5027,-105.1076126,208.6003113,875.0756226,181.8906125
5028,-104.2193832,211.0666962,875.2940674,181.8913789
5029,-103.2680511,213.4954681,875.5238037,181.8921647
5030,-102.2548294,215.8841858,875.7646484,181.8929837
5031,-101.0763702,215.8413239,871.987793,181.8913907
5032,-101.1810837,218.2306366,876.0163574,181.8938185
5033,-108.4480057,201.6357422,886.0141602,181.8928413
5034,-107.3665237,207.0243073,886.3997803,181.8944155
5035,-106.0719986,212.3206024,886.826416,181.896106
5036,-110.4557266,192.5283966,889.2336426,181.8916852
5037,-104.5622864,217.5044098,887.2946167,181.8979042
5038,-104.3826065,215.421524,883.2888184,181.8957715
5039,-104.2673798,213.2746277,879.2922363,181.8935919
5040,-112.2936249,183.1390533,892.4650269,181.8906049
5041,-125.9875641,5.534172535,882.8302002,181.8709376
5042,-125.5120926,16.62644768,886.5412598,181.8725288
5043,-125.3617401,27.72373009,886.6229248,181.8733298
5044,-125.1108932,38.82557297,886.7497559,181.8741693
5045,-124.7586899,49.93128967,886.9216919,181.8750311
5046,-124.4792404,50.30962753,890.69104,181.8756408
5047,-124.0382996,61.5125618,890.9174805,181.8764985
5048,-123.4972534,72.71769714,891.1905518,181.8773846
5049,-122.8551483,83.92411804,891.5100098,181.8783042
5050,-122.1109619,95.13082886,891.8759766,181.8792692
5051,-121.2639542,106.3368301,892.288269,181.8802984
5052,-120.3132324,117.5408401,892.7468262,181.8814166
5053,-119.2578812,128.741684,893.2515869,181.8826541
5054,-118.0970078,139.9379425,893.8025513,181.8840468
5055,-116.8299637,151.1282043,894.3996582,181.8856366
5056,-115.4558792,162.3109894,895.0429077,181.8874687
5057,-113.974144,173.4846191,895.7322998,181.889592
5058,-125.6028824,5.534172535,886.5090332,181.8717902
5059,-125.5118408,-5.558162212,886.5441284,181.8711552
5060,-125.3613968,-16.65553474,886.6258545,181.8706555
5061,-125.1106491,-27.75743484,886.7526855,181.8703439
5062,-124.7584534,-38.86323929,886.9246216,181.8702814
5063,-124.304039,-49.97220612,887.1414795,181.8705393
5064,-123.74646,-61.08346558,887.4030762,181.8711993
5065,-123.0847626,-72.19616699,887.7094116,181.8723532
5066,-122.317894,-83.30923462,888.0603638,181.8741027
5067,-121.4451141,-94.42154694,888.4558716,181.8765588
5068,139.4498596,-187.7042847,116.3000412,184.5344929
5069,148.8000336,-180.6305847,116.3000107,184.5441624
5070,148.9115601,-180.541748,77.53333282,184.4690223
5071,158.0022278,-172.9137878,38.76663589,184.4307901
5072,166.7013092,-164.8421631,-5.221470474e-06,184.4185649
5073,166.7013092,175.9104767,-5.221470474e-06,183.5203886
5074,166.7013397,175.9104767,38.76667404,183.515565
5075,166.7013397,175.9104767,77.53335571,183.5005902
5076,158.1090698,183.8877563,116.3000183,183.4363436
5077,158.0000153,183.9794159,116.3000565,183.4358958
5078,146.3711243,188.1999054,162.841629,183.3419738
5079,143.7193451,184.8787384,209.3833771,183.2519637
5080,141.0675354,181.5575714,255.9250336,183.1165728
5081,138.4156647,178.2363586,302.4666443,182.9178541
5082,135.7639008,174.9151611,349.0083618,182.6357051
5083,133.1120605,171.5939636,395.5499878,182.2570637
5084,130.4602203,168.2727661,442.0916138,181.7916421
5085,127.8084183,164.9515686,488.6333618,181.2853141
5086,125.1565781,161.6303558,535.1749878,180.8381402
5087,122.5047073,158.3091583,581.7166138,180.6182728
5088,119.8529816,154.9879913,628.2583618,180.7250489
5089,111.8915024,155.6993408,674.7999268,181.1000431
5090,109.7434998,157.2620239,674.8000488,181.115206
5091,108.180191,158.399292,674.7999878,181.1260952
5092,106.9787979,159.2733002,674.7999878,181.1344384
5093,102.4882431,161.921051,678.8082275,181.1876792
5094,98.63030243,164.360672,678.8937988,181.2113516
5095,96.91220093,165.1598511,683.1516113,181.2447708
5096,93.16649628,167.3377533,683.3666992,181.2661008
5097,91.73511505,168.0081787,687.8745728,181.2969438
5098,88.0790329,169.9785919,688.1445312,181.3158696
5099,86.94081879,170.5489807,692.8678589,181.344465
5100,86.00601196,171.1208801,697.7227783,181.372485
5101,82.38705444,172.9311066,698.0024414,181.3880404
5102,77.98236084,175.250885,703.2184448,181.4282583
5103,81.71015167,173.4667358,703.0230713,181.4142663
5104,73.64302063,177.5828857,708.4958496,181.4656798
5105,77.53738403,175.7908173,708.3789673,181.4529063
5106,73.40570831,178.1608429,713.781189,181.4889345
5107,65.036026,182.3982849,719.3447266,181.5337866
5108,69.27400208,180.6068726,719.2590942,181.5227741
5109,73.34371948,178.7832031,719.1783447,181.5120849
5110,60.83750153,184.8671722,725.0081177,181.5649048
5111,65.15842438,183.1221313,724.8689575,181.5547103
5112,56.75187302,187.3576355,730.854187,181.5941944
5113,61.11820984,185.6867371,730.6564331,181.584868
5114,52.75931549,189.8575745,736.9104614,181.6218632
5115,57.17476654,188.2819214,736.630249,181.6133124
5116,48.84048843,192.3694916,743.1625366,181.6479676
5117,53.30493546,190.8920135,742.8154907,181.6402187
5118,40.41069031,196.124054,750.03479,181.6796108
5119,44.97402191,194.8935699,749.5895996,181.6724784
5120,49.48773575,193.5181885,749.1925659,181.6656012
5121,36.53001022,198.5498352,756.6339722,181.7020478
5122,41.13927078,197.4289093,756.1654663,181.6958195
5123,32.66405487,200.9814148,763.3314819,181.7229719
5124,37.31801605,199.9738464,762.8560181,181.7175864
5125,29.64826775,205.0805969,776.4581299,181.7567168
5126,34.34800339,204.1526794,776.031189,181.7528433
5127,31.36559677,208.658432,789.4627686,181.7853251
5128,26.61999512,209.5034485,789.8047485,181.7877908
5129,17.01682281,210.7006073,790.524231,181.7929071
5130,21.83585739,210.1845398,790.1592407,181.7903044
5131,6.451436996,209.228241,785.0195312,181.7870354
5132,12.16625595,211.0504761,790.8980713,181.7955641
5133,7.28727293,211.2328644,791.2808838,181.7982645
5134,-6.684994698,212.947464,798.6003418,181.8154086
5135,-20.84191704,213.3709564,805.6121826,181.8296121
5136,-15.85414124,214.1677399,805.3126831,181.8279613
5137,-10.87509727,214.7863159,805.026062,181.826341
5138,-5.908077717,215.2280579,804.7506714,181.8247547
5139,-39.56723785,211.6408691,812.3872681,181.8423057
5140,-30.0721283,213.7897949,812.0078735,181.8399323
5141,-25.09123611,214.9055328,811.7675171,181.8386777
5142,-20.10316277,215.84758,811.541687,181.8374729
5143,-1.734888434,213.2463684,798.2579956,181.8133122
5144,3.195905685,213.3722534,797.9249878,181.8112435
5145,8.10430336,213.3265381,797.600708,181.8091987
5146,-42.06477737,222.0135651,834.4151001,181.8672773
5147,-38.89528656,214.3498383,817.9677734,181.8485543
5148,-38.28499222,217.1672363,823.5374146,181.8548657
5149,-37.74770355,220.0883942,829.0957642,181.8611542
5150,-37.2938118,223.1089172,834.6417847,181.8674799
5151,-46.46440506,223.9384308,839.5172729,181.8727932
5152,-41.71416855,225.1450653,839.8444824,181.8732636
5153,-80.13399506,217.3015137,846.1330566,181.8779813
5154,-82.26412964,216.0696716,845.8450928,181.8776254
5155,-84.35798645,214.7605743,845.5522461,181.8772629
5156,-86.4136734,213.3755341,845.2540894,181.8768955
5157,-88.4291153,211.9157562,844.9506836,181.8765248
5158,-90.40206909,210.382309,844.6420898,181.8761527
5159,-92.31574249,208.7774506,844.3407593,181.8757859
5160,-94.16229248,207.1040039,844.0512695,181.8754278
5161,-95.93907928,205.3646698,843.7741089,181.8750799
5162,-97.64376831,203.5621643,843.5092163,181.8747434
5163,-99.27371979,201.699173,843.257019,181.8744194
5164,-77.97009277,218.4557037,846.4158936,181.8783292
5165,-73.56754303,220.5614166,846.9632568,181.879
5166,-98.98192596,204.4560547,847.5859985,181.877098
5167,-69.13703918,222.5284882,847.473999,181.8796993
5168,-64.6599884,224.3744507,847.9718018,181.880442
5169,-60.10705948,226.0955353,848.4869995,181.8812461
5170,-55.48965073,227.6875153,849.0142822,181.8821124
5171,-50.81592941,229.148056,849.5504761,181.8830435
5172,-50.93799973,225.8412018,844.3887939,181.8777302
5173,-46.22378159,227.1669159,844.8182983,181.8784412
5174,146.1521301,-177.3061981,162.8416595,184.6873785
5175,134.3785095,-180.8858337,209.3833313,184.8975339
5176,122.6161346,-183.7548523,255.9249725,185.2150992
5177,110.9062958,-185.9235992,302.4666443,185.6530235
5178,99.28902435,-187.4047394,349.0083008,185.9931581
5179,87.80342102,-188.21315,395.5500183,185.618685
5180,76.48706055,-188.3658447,442.0916443,184.9591674
5181,65.37636566,-187.881897,488.6333313,173.8388858
5182,54.50614548,-186.7823944,535.1749878,162.3865351
5183,43.9095726,-185.090271,581.7166138,158.7035594
5184,33.61829376,-182.8301697,628.2583008,178.2685742
5185,23.40789986,-180.0243683,674.7999878,179.9787136
5186,23.65856743,-179.9967041,674.7999878,179.9734033
5187,25.35032654,-179.8100739,674.7999878,179.9369756
5188,27.95293427,-179.3995209,674.8000488,179.8766732
5189,12.47366714,-180.6844788,680.2149658,180.3277256
5190,17.07305908,-180.3413239,680.1048584,180.2640086
5191,-3.066217899,-180.7611542,686.3394165,180.6412151
5192,1.588443041,-180.8122864,686.114502,180.5905415
5193,6.235012531,-180.7461853,685.8946533,180.5399755
5194,-9.238800049,-180.4432983,692.4554443,180.8000024
5195,-24.75871658,-178.9246063,699.6356201,181.0077086
5196,-20.00912094,-179.5638733,699.1914062,180.9719796
5197,-15.26688671,-180.0754852,698.7587891,180.9362242
5198,-30.72594643,-178.1463928,706.277832,181.1155936
5199,-45.63224792,-175.108078,714.0623779,181.2586533
5200,-41.15340805,-176.2349701,713.5961304,181.2347017
5201,-36.53251266,-177.3056793,713.0254517,181.2094924
5202,-54.63922501,-172.5043945,714.9534912,181.3054799
5203,-50.5803299,-173.9381714,717.6454468,181.3070654
5204,-55.07094193,-172.5677032,718.1195679,181.3288071
5205,-59.48596191,-171.0990448,718.614563,181.3503289
5206,-64.17697144,-169.6333618,722.3141479,181.3912244
5207,-95.54160309,-157.5775604,749.8242188,181.6050325
5208,-93.2209549,-159.9447327,755.8037109,181.6206584
5209,-95.41920471,-158.6881104,755.6119385,181.6240746
5210,-91.0670929,-161.1382751,755.9168091,181.6171596
5211,-86.87891388,-163.3516541,755.9205933,181.6098367
5212,-88.95399475,-162.2727051,755.954834,181.6135587
5213,-84.83982849,-164.3782196,755.8167114,181.6059764
5214,-82.83564758,-165.3552551,755.6452637,181.6019611
5215,-64.49334717,-169.7761841,725.4616089,181.4104202
5216,-64.75292969,-169.9694519,728.5761108,181.4289862
5217,-69.2970047,-168.8381958,735.3537598,181.4793854
5218,-73.47331238,-167.8357544,742.1102905,181.5237829
5219,-77.25308228,-166.9972687,748.868042,181.5631701
5220,-78.95056152,-167.209671,755.085022,181.5933411
5221,-80.87216949,-166.2963867,755.4020386,181.5977596
5222,-102.0853729,-152.6284637,743.163208,181.5998938
5223,-97.77593994,-156.261322,749.5649414,181.60912
5224,-102.1268845,-153.5131378,749.0511475,181.6174438
5225,-106.1314697,-151.7055206,754.3429565,181.6415189
5226,-105.9049454,-152.9474182,759.9696655,181.6567304
5227,-115.9356384,-148.0507812,780.1934814,181.7233408
5228,-116.6028366,-148.1486359,785.2177124,181.7356186
5229,-108.9758224,-152.8582001,770.4962769,181.6902948
5230,-110.2685699,-152.9583893,775.6341553,181.7053755
5231,-111.9610748,-151.3278656,775.4439697,181.7070121
5232,-112.9995804,-151.4586029,780.5154419,181.720738
5233,-114.5101395,-149.7626038,780.3482056,181.7220129
5234,-105.5796509,-154.366745,765.4985962,181.6716561
5235,-117.1078873,-148.2859344,790.178772,181.7472648
5236,-117.456192,-148.4454651,795.0811157,181.7583423
5237,-121.788475,-101.4984818,873.9228516,181.8675924
5238,-121.3463821,-102.5423737,877.6306152,181.8707053
5239,-117.7211533,-148.7676086,804.7194824,181.779002
5240,-117.6530533,-148.6114044,799.9281006,181.7689079
5241,-117.5350418,-149.0696259,823.2290649,181.8146814
5242,-118.3915024,-146.9504089,818.6162109,181.8060335
5243,-116.7085037,-151.2196503,827.7737427,181.8232481
5244,-119.2734299,-144.8721161,813.9353638,181.7973422
5245,-116.8973923,-150.9098053,809.5341797,181.7887938
5246,-121.9750366,-123.2225266,848.0083008,181.8462228
5247,-121.6833115,-129.5951538,839.9626465,181.8371511
5248,-119.419899,-139.0239258,840.2868042,181.8395175
5249,-118.6239014,-144.3818512,831.9058228,181.8283315
5250,-115.9162292,-153.3902435,832.250061,181.8317335
5251,-122.1307144,-116.2130508,855.6920776,181.8536092
5252,-122.2230759,-108.6047592,863.06427,181.8596024
5253,-121.0344315,-111.0163498,870.5859375,181.8668243
5254,-120.5554504,-112.192215,874.317749,181.8703739
5255,-120.9798813,-103.5641098,881.3519287,181.8737816
5256,-120.6869202,-104.5614014,885.1018677,181.8768255
5257,-120.465332,-105.531868,888.895874,181.8798404
5258,-98.75074768,207.1914978,851.857605,181.8798044
5259,-98.49036407,212.5632477,860.2407837,181.8851156
5260,-98.52268219,217.773056,868.4522705,181.8904256
5261,-98.46869659,215.1904449,864.364502,181.887789
5262,-99.89488983,218.0984344,872.2445068,181.8921945
5263,-98.65284729,220.3069,872.5115967,181.8930182
5264,-102.3846512,218.1724091,879.7756348,181.8953033
5265,-100.0485306,220.5326233,876.2783813,181.8946823
5266,-100.2746124,222.9093628,880.300415,181.8971091
5267,-108.534729,203.466095,889.9942627,181.8946643
5268,-107.4879684,208.9098358,890.397644,181.8963277
5269,-106.2445221,214.2674103,890.8398438,181.8981043
5270,-104.8023911,219.5202942,891.3214722,181.8999874
5271,-110.5427322,194.193512,893.2155151,181.8933123
5272,-102.8460007,222.5610352,887.8024902,181.8998034
5273,-103.1695633,224.6548309,891.8408203,181.90197
5274,-102.5828629,220.3991089,883.784668,181.8975805
5275,-112.3841324,184.6474762,896.4677734,181.8920585
5276,-125.6025162,5.534172535,886.5119629,181.8717909
5277,-125.2102127,16.72136879,890.2922974,181.8732968
5278,-125.0643463,27.9133625,890.3782959,181.8740268
5279,-124.8210068,39.10967636,890.5112305,181.8748137
5280,-124.6080093,39.38573837,894.3550415,181.8754636
5281,-124.2760162,50.67706299,894.5419922,181.8762561
5282,-123.8475113,61.97103882,894.7774658,181.8770967
5283,-123.3217468,73.26689148,895.0611572,181.8779829
5284,-122.6977997,84.56381989,895.3930664,181.8789192
5285,-121.9748535,95.86077881,895.7730713,181.8799174
5286,-121.1520157,107.1568146,896.2011719,181.8809957
5287,-120.2284698,118.4507904,896.6772461,181.8821787
5288,-119.2034225,129.7414246,897.2012329,181.8834964
5289,-118.075943,141.0275421,897.7731934,181.8849842
5290,-116.8454361,152.3076935,898.3930054,181.8866829
5291,-115.5111694,163.5804138,899.0606689,181.8886365
5292,-114.072525,174.8442688,899.776062,181.8908922
5293,-125.209938,-5.653112411,890.2953491,181.8721234
5294,-125.0640793,-16.84519577,890.3814087,181.8717558
5295,-124.8207474,-28.04157066,890.5143433,181.8715979
5296,-124.4790726,-39.24161148,890.6940918,181.8717122
5297,-124.038147,-50.44460297,890.9205322,181.8721707
5298,-123.4971008,-61.64979935,891.1935425,181.8730556
5299,-122.8549194,-72.85629272,891.5131226,181.8744588
5300,-122.1108322,-84.06311035,891.8790894,181.8764813
5301,-121.263855,-95.26914215,892.2913818,181.8792326
5302,-120.3131332,-106.4732513,892.749939,181.882829
5303,148.9092712,-180.539032,116.2999496,184.5442586
5304,157.8952637,-173.0080566,116.2999954,184.5503596
5305,158.0022583,-172.9137878,77.53331757,184.4743346
5306,166.7013397,-164.8421631,38.76667404,184.4328324
5307,174.9873047,-156.3469543,-3.743539855e-05,184.417852
5308,174.9873047,167.4152679,-3.743539855e-05,183.5558128
5309,174.9873352,167.4152679,38.76664352,183.5514323
5310,174.9873352,167.4152679,77.5333252,183.53778
5311,166.80336,175.8108673,116.3000107,183.4743588
5312,166.6990204,175.9079132,116.3000183,183.4738942
5313,155.2949524,180.7028656,162.8416595,183.3812346
5314,152.4808655,177.5179443,209.3833008,183.29415
5315,149.6668701,174.3330688,255.9250336,183.1607785
5316,146.8527832,171.1481781,302.4666443,182.960805
5317,144.0386658,167.9633026,349.0083313,182.6702287
5318,141.2245941,164.7784119,395.5499878,182.2715448
5319,138.4105072,161.5934906,442.0916138,181.7722376
5320,135.5965118,158.4086456,488.6333313,181.2190325
5321,132.7824249,155.2237549,535.1749878,180.7205016
5322,129.968338,152.0388794,581.7166748,180.4782848
5323,127.1542282,148.8539886,628.2583008,180.614213
5324,119.1287613,150.0574951,674.7999878,181.0464844
5325,117.1695557,151.6273956,674.7999878,181.0612771
5326,115.5472336,152.9273682,674.8000488,181.0733891
5327,114.0221329,154.149353,674.8000488,181.0847433
5328,110.2780075,156.5598907,678.7446289,181.1376657
5329,106.3753891,159.3208618,678.758728,181.1629328
5330,104.7610855,160.1716003,682.8983765,181.1988586
5331,100.7807159,162.7756958,682.9904175,181.2223221
5332,99.29197693,163.5875397,687.3427734,181.2560338
5333,95.41346741,165.9237823,687.5698853,181.2771212
5334,94.13539886,166.6569672,692.1445923,181.3086072
5335,90.51611328,168.6616211,692.5273438,181.3270096
5336,89.51076508,169.3022614,697.321228,181.3564033
5337,85.27451324,171.6980896,702.7056885,181.4000161
5338,88.71807861,169.9344177,702.2524414,181.3852307
5339,81.22762299,174.0233612,708.1622314,181.4401515
5340,84.74477386,172.2845764,707.8133545,181.4271407
5341,77.27744293,176.3646851,713.6526489,181.4773402
5342,80.93478394,174.6044159,713.418335,181.4657716
5343,77.19501495,176.9755554,719.0402832,181.501633
5344,69.38877106,181.3011475,724.7774048,181.5447847
5345,73.4460907,179.4523926,724.6907959,181.5352023
5346,77.27893829,177.6263733,724.5454712,181.5258606
5347,65.43197632,183.9049835,730.5120239,181.5757111
5348,69.65335846,182.0499573,730.4162598,181.5668571
5349,61.53407288,186.5706177,736.4295654,181.6049793
5350,65.83925629,184.7483826,736.2822876,181.5968495
5351,57.71439743,189.275116,742.536438,181.6326298
5352,62.06565475,187.52005,742.3356934,181.6252809
5353,53.94750214,191.999054,748.8522339,181.6587995
5354,58.35023117,190.3381042,748.578186,181.6521652
5355,46.48771286,197.5036621,762.0022583,181.7070447
5356,50.99477768,196.0431061,761.6377563,181.7017762
5357,55.44423294,194.4338989,761.3253784,181.6967048
5358,41.92733002,198.8142395,762.4108276,181.7122558
5359,39.00429153,203.0668488,775.6251831,181.7490266
5360,43.61294937,201.8245239,775.2453613,181.7452923
5361,36.06906128,207.6506348,789.1352539,181.7829291
5362,40.72662735,206.4811859,788.824585,181.7806246
5363,37.70210648,211.464859,802.6328125,181.8127372
5364,32.99644089,212.5560913,802.8352051,181.8137899
5365,28.24681473,213.4819336,803.0480957,181.8149536
5366,17.84163094,212.7254944,796.9765015,181.80504
5367,23.45728302,214.2409973,803.2699585,181.8162227
5368,18.63187027,214.8322144,803.4995117,181.8175915
5369,12.98725033,213.1105957,797.284668,181.8071358
5370,-0.956332624,215.4944305,804.4849243,181.8232068
5371,-15.11876869,216.6097412,811.3289185,181.8363113
5372,-10.14145279,217.1934509,811.1278076,181.8351935
5373,-5.174940586,217.6000214,810.9367065,181.8341222
5374,-0.2225398421,217.8305054,810.7542725,181.8331012
5375,-29.37208748,216.4452362,817.7624512,181.8468845
5376,-24.39900398,217.521225,817.6178589,181.8461027
5377,-19.41727638,218.4238129,817.4865112,181.8453688
5378,-14.43732357,219.1469421,817.3669434,181.8446829
5379,3.976920366,215.5867462,804.2276611,181.8217022
5380,8.888194084,215.5063477,803.9779053,181.8202478
5381,13.77432919,215.2544556,803.7354126,181.8188591
5382,-36.93323517,226.2242737,840.1744385,181.8737943
5383,-28.73461533,219.2062988,823.5187378,181.8538832
5384,-33.0000267,221.0785522,829.2060547,181.8610356
5385,-32.52849579,224.0777283,834.8530884,181.8677229
5386,-32.15095901,227.1726379,840.4926758,181.8743768
5387,-41.46531677,228.3647919,845.2538452,181.8792185
5388,-36.67539978,229.4296265,845.6925659,181.8800629
5389,-78.05473328,221.6006775,850.862793,181.8820477
5390,-80.20866394,220.4126434,850.5445557,181.881587
5391,-82.32231903,219.1456299,850.2276611,181.8811234
5392,-84.39302826,217.8006439,849.9122314,181.8806577
5393,-86.41847229,216.3793793,849.5984497,181.8801914
5394,-88.39630127,214.8834229,849.286438,181.879726
5395,-90.3237381,213.3143921,848.9766235,181.8792635
5396,-92.19107819,211.6743011,848.675415,181.8788083
5397,-93.99304199,209.9658508,848.385437,181.8783631
5398,-95.72719574,208.1915436,848.1069336,181.8779295
5399,-97.39089966,206.3541107,847.8403931,181.8775082
5400,-73.65424347,223.769516,851.4990234,181.8829357
5401,-69.20311737,225.7911224,852.1227417,181.8838904
5402,-97.20172882,209.1271057,852.1146851,181.8802896
5403,-64.69760132,227.6805878,852.7449951,181.8848946
5404,-60.12528229,229.4345856,853.3805542,181.8859617
5405,-55.49413681,231.0501709,854.0264282,181.8870944
5406,-50.81043243,232.5253143,854.6806641,181.8882955
5407,-46.08013153,233.8586731,855.3417969,181.889568
5408,-46.09273911,230.4754486,850.0935669,181.8840423
5409,-41.32725906,231.6675415,850.6425781,181.8851122
5410,155.0849609,-169.819809,162.8416748,184.6949184
5411,143.5044098,-173.9818573,209.3833313,184.9147996
5412,131.8996429,-177.433609,255.9250031,185.2601093
5413,120.3124466,-180.1833649,302.4666443,185.7860256
5414,108.7835388,-182.2417297,349.0083313,186.2832751
5415,97.35250092,-183.6216431,395.5500183,186.0591355
5416,86.0577774,-184.3382111,442.0916748,182.1677024
5417,74.93677521,-184.4086914,488.6333313,164.9665229
5418,64.02527618,-183.8524017,535.1750488,152.8920384
5419,53.35756683,-182.6905518,581.7166748,148.4807334
5420,42.9663887,-180.9462585,628.2583008,169.1454193
5421,32.48634338,-178.6843872,674.7999878,179.763285
5422,32.87934494,-178.6223907,674.7999878,179.7524122
5423,33.95383835,-178.4528809,674.7999878,179.7220899
5424,36.99349594,-177.8270721,674.7999878,179.6253353
5425,21.66002464,-179.8843994,679.9976807,180.1951654
5426,26.23193932,-179.3140869,679.8939209,180.1324491
5427,10.8718214,-180.563324,685.6801147,180.4892132
5428,15.49663544,-180.2642822,685.4707031,180.4400758
5429,-4.545455933,-180.6605225,692.128418,180.7579808
5430,0.139290154,-180.7570801,691.8087769,180.7162258
5431,4.813724995,-180.7336731,691.4961548,180.6753794
5432,-10.53316021,-180.4607697,698.336792,180.90071
5433,-25.93146896,-178.9680481,705.739624,181.0846936
5434,-21.1460495,-179.6563263,705.2161255,181.053944
5435,-16.37066078,-180.213028,704.7061768,181.0235667
5436,-31.70153999,-178.3129883,712.4014893,181.182717
5437,-46.05578613,-175.198822,717.1832886,181.2851246
5438,-41.93859482,-176.4888611,719.7680054,181.2903803
5439,-37.30403519,-177.5967102,719.1426392,181.2683189
5440,-50.94861221,-174.0628052,720.762146,181.3308198
5441,-55.44329453,-172.6802979,721.2568359,181.3513079
5442,-59.86054993,-171.20047,721.7731934,181.3714695
5443,-97.66188812,-157.3647919,755.34198,181.6274368
5444,-92.97659302,-161.2426453,761.4815063,181.6398094
5445,-95.18190002,-159.9819489,761.281189,181.6425427
5446,-97.43105316,-158.6527863,761.0021362,181.6452192
5447,-90.81522369,-162.4384918,761.6025391,181.6369902
5448,-86.61058807,-164.6511841,761.6206055,181.631022
5449,-88.69419098,-163.5734711,761.6478882,181.6340668
5450,-84.56273651,-165.6747284,761.5231323,181.6278393
5451,-82.54954529,-166.6469727,761.3575439,181.624503
5452,-60.17681122,-171.3518219,724.9007568,181.3919006
5453,-60.43571854,-171.5523224,727.9977417,181.4116451
5454,-65.10688782,-170.5039673,734.7091675,181.4644432
5455,-69.44540405,-169.5601807,741.3873901,181.5108866
5456,-73.43996429,-168.7474518,748.0412598,181.5520012
5457,-77.06903839,-168.098053,754.6946411,181.5886796
5458,-78.64829254,-168.4920197,760.8074951,181.6172588
5459,-80.57759094,-167.5831299,761.1196289,181.6209854
5460,-102.0236053,-154.5957642,754.807373,181.6343645
5461,-101.7996597,-155.8652649,760.4500122,181.6508206
5462,-115.2851715,-149.9059143,785.3608398,181.7346179
5463,-115.9017181,-150.0904694,790.3094482,181.7465516
5464,-108.4961319,-154.5651855,775.8376465,181.7038571
5465,-106.6450958,-156.1449738,776.0552368,181.7023392
5466,-105.17836,-155.9525452,770.9382935,181.686431
5467,-109.7269974,-154.7893829,780.8880615,181.7183651
5468,-111.4049149,-153.1353149,780.6952515,181.7195182
5469,-112.3875427,-153.37323,785.6853638,181.7328077
5470,-113.8796844,-151.6486053,785.5167236,181.7336792
5471,-103.1684494,-157.4545593,771.1821899,181.6845462
5472,-101.479805,-157.3108826,765.9922485,181.6669406
5473,-116.3642731,-150.2996368,795.1982422,181.7578823
5474,-116.6781845,-150.5162659,800.0307007,181.7686696
5475,-120.1519623,-113.3448792,878.048584,181.8738691
5476,-119.8225632,-114.4718399,881.7927856,181.8773146
5477,-116.8482361,-150.7247314,804.8097534,181.7789616
5478,-113.7737427,-159.9958801,828.1279297,181.8272978
5479,-114.518692,-157.6684723,823.5783691,181.817846
5480,-115.2908401,-155.371048,818.9630737,181.8082222
5481,-113.060257,-162.3422394,832.6118164,181.8366454
5482,-116.0855103,-153.1145477,814.2817993,181.7986269
5483,-116.0482101,-152.91185,809.6237793,181.7890325
5484,-120.4029083,-126.2758484,856.0341187,181.8561176
5485,-119.9891129,-132.9846497,848.3375854,181.8487036
5486,-117.8583755,-142.7153168,848.6907959,181.8524042
5487,-117.0082092,-148.4102173,840.6317749,181.8431643
5488,-114.4492798,-157.7522278,840.9973755,181.8482735
5489,-120.7329865,-118.9393082,863.4221191,181.862064
5490,-119.6356888,-121.5888443,870.9924927,181.870196
5491,-119.2000656,-122.8783264,874.7494507,181.8741626
5492,-118.8385849,-124.1408615,878.5054932,181.8780606
5493,-119.5652008,-115.5706635,885.5649414,181.8807147
5494,-119.3776855,-116.638916,889.3803101,181.8840726
5495,-119.2577896,-117.6741409,893.2546997,181.8873907
5496,-97.03356934,214.5816956,860.5049438,181.8857782
5497,-97.0618515,217.2536011,864.6327515,181.8885099
5498,-97.08122253,211.8713531,856.3342285,181.8830187
5499,-97.35188293,222.4645844,872.7886353,181.893862
5500,-97.16779327,219.8826447,868.7248535,181.8912085
5501,-98.85858917,222.7880707,876.550415,181.8955604
5502,-97.61306,224.9949951,876.8319702,181.896464
5503,-100.5705795,225.224823,884.3200073,181.8994818
5504,-97.94922638,227.4695282,880.8630981,181.8990001
5505,-98.35688019,229.8839417,884.8916626,181.9014626
5506,-108.6791687,205.2330017,894.010376,181.8964563
5507,-107.6663513,210.7294464,894.4308472,181.8982017
5508,-106.4732742,216.1461487,894.8880615,181.9000578
5509,-105.0981674,221.466156,895.3824463,181.9020188
5510,-103.5483856,226.6771545,895.9124756,181.9040777
5511,-110.6852646,195.7978363,897.2493286,181.8949183
5512,-101.3546371,229.6572571,892.395752,181.9040427
5513,-100.9322586,227.4753723,888.3479614,181.9017934
5514,-101.831665,231.7667236,896.4761963,181.9062256
5515,-112.5288086,186.0975952,900.5393677,181.8934985
5516,-125.3785553,5.534172535,888.65448,181.8722838
5517,-125.2915039,5.534172535,890.2581787,181.8726489
5518,-125.2916565,5.534172535,890.255127,181.8726482
5519,-124.9860764,16.81375504,894.1265869,181.8740703
5520,-124.8444901,28.09777832,894.2164917,181.8747291
5521,-124.7014999,28.27632523,898.1546021,181.8754378
5522,-124.4713287,39.65294266,898.2981567,181.8761196
5523,-124.14814,51.03245544,898.4917603,181.8768776
5524,-123.7310562,62.41419983,898.7354126,181.8777014
5525,-123.2192535,73.79737854,899.0290527,181.8785879
5526,-122.6120453,85.18120575,899.3724365,181.8795414
5527,-121.9085312,96.56477356,899.765625,181.8805729
5528,-121.1079254,107.9470215,900.2084961,181.8817004
5529,-120.2095566,119.3269501,900.7009277,181.8829479
5530,-119.2124634,130.7033081,901.243103,181.8843449
5531,-118.1160736,142.0749207,901.8347778,181.8859262
5532,-116.919754,153.4404755,902.4758301,181.8877311
5533,-115.6225891,164.798584,903.1665649,181.8898023
5534,-114.2242584,176.1478119,903.9066772,181.8921845
5535,-125.08358,5.534172535,894.0881958,181.8735116
5536,-124.9858932,-5.745470047,894.1298218,181.8730982
5537,-124.8443069,-17.02961349,894.2196655,181.8728623
5538,-124.607933,-28.31765938,894.3581543,181.8728577
5539,-124.2758636,-39.60904312,894.5452271,181.8731482
5540,-123.8474426,-50.90307999,894.7805786,181.8738061
5541,-123.3216782,-62.1989975,895.0643311,181.8749138
5542,-122.6977539,-73.49598694,895.3962402,181.8765628
5543,-121.9748154,-84.79304504,895.7763062,181.8788529
5544,-121.1519852,-96.08914185,896.2044067,181.8818918
5545,-120.2284546,-107.3831635,896.680481,181.8857925
5546,-119.2033386,-118.6739197,897.2045288,181.8906702
5547,157.9997711,-172.9111938,116.2999649,184.5504124
5548,166.5992737,-164.9416656,116.3000336,184.5529237
5549,166.7013397,-164.8421631,77.53335571,184.4765977
5550,174.9873352,-156.3469543,38.76664352,184.4321106
5551,182.8395996,-147.4493103,6.090707757e-06,184.4144669
5552,182.8395996,158.5175629,6.090707757e-06,183.5920582
5553,182.8395081,158.5175629,38.76661682,183.5881684
5554,182.8395386,158.5175629,77.53329468,183.5759887
5555,175.0842896,167.3107452,116.3000565,183.5137363
5556,174.9848328,167.4128113,116.3000183,183.5132558
5557,163.8340912,172.7702332,162.8416901,183.4224046
5558,160.8647003,169.7295837,209.383316,183.3389891
5559,157.8954468,166.6889496,255.9250031,183.2086492
5560,154.9259949,163.6482849,302.4666443,183.0085302
5561,151.9567261,160.607605,349.0083313,182.7101723
5562,148.9873505,157.5669708,395.5499573,182.2907365
5563,146.0180817,154.5262909,442.0916443,181.7549631
5564,143.0487518,151.4856567,488.6333923,181.1496413
5565,140.0793762,148.4449768,535.1749878,180.5908646
5566,137.1101074,145.4043427,581.7166748,180.3217957
5567,134.1407166,142.3636627,628.2583008,180.4929513
5568,129.440506,140.9427795,674.7999878,180.9631359
5569,127.3571167,142.9443665,674.7999878,180.9809622
5570,126.0813751,144.0681,674.7999878,180.9913427
5571,124.3067932,145.6311951,674.7999878,181.0056467
5572,122.6373291,147.1016388,674.7999878,181.0189822
5573,120.821228,148.7014008,674.7999878,181.0334576
5574,118.0371323,150.5947723,678.7889404,181.0851536
5575,114.1780548,153.6430969,678.7595215,181.1115899
5576,108.8293457,157.3456268,682.8743286,181.1745277
5577,112.9532394,154.3054657,682.9056396,181.1494572
5578,107.5730896,158.0950928,687.1848145,181.2107594
5579,103.3562927,160.979187,687.2150879,181.2338503
5580,102.1622086,161.7481995,691.7044678,181.2680847
5581,98.02326202,164.3612671,691.8612671,181.2888922
5582,96.9748764,165.1017609,696.5413208,181.321025
5583,93.07849121,167.3642426,696.8716431,181.339357
5584,92.24151611,168.0503235,701.7470703,181.3694922
5585,88.13607025,170.5626831,707.317627,181.4135897
5586,91.6215744,168.7201843,706.7670898,181.3991248
5587,84.41176605,172.8843231,713.0442505,181.4539455
5588,87.75886536,171.1915741,712.5148315,181.4415779
5589,80.82407379,175.2133636,718.7920532,181.4912056
5590,84.26725006,173.5013428,718.3988037,181.4805187
5591,80.8840332,175.8538818,724.2872314,181.5165381
5592,73.69836426,180.17099,730.3255005,181.5583587
5593,77.51487732,178.3201752,730.1750488,181.550097
5594,81.10028076,176.5293427,729.9104614,181.5418472
5595,70.05068207,182.8554535,736.1838989,181.5890494
5596,74.08358765,180.9415894,736.0905151,181.5816109
5597,66.36118317,185.6541901,742.1878662,181.6181641
5598,70.56196594,183.7198486,742.0888062,181.6113984
5599,62.69284439,188.5367279,748.3805542,181.6457864
5600,66.97805786,186.6244965,748.2348022,181.6396637
5601,59.83286667,192.6784821,761.0739746,181.6918753
5602,64.15711975,190.7785187,760.8929443,181.6873505
5603,52.66934204,198.8745575,774.5877075,181.7381825
5604,48.16951752,200.4266052,774.8972778,181.7416683
5605,57.1079483,197.169632,774.3237305,181.7348834
5606,61.48221588,195.3148499,774.1134644,181.7318216
5607,45.33376694,205.151474,788.5350342,181.7784395
5608,49.88604355,203.6627808,788.2716675,181.7764073
5609,42.35985184,210.2093964,802.4428101,181.811807
5610,46.96508789,208.7911072,802.2686157,181.8110166
5611,43.10735321,212.1885071,809.4026489,181.8270546
5612,38.44984818,213.4870605,809.5230103,181.8273351
5613,33.74346542,214.6204376,809.6533203,181.8277476
5614,28.99255753,215.5876465,809.7921143,181.8282779
5615,24.20123863,216.3872375,809.9382324,181.8289113
5616,19.37370872,217.0180969,810.0903931,181.8296289
5617,4.712099075,217.8864746,810.5790405,181.8321354
5618,-9.463032722,219.6918488,817.2575684,181.8440486
5619,-4.498010635,220.0595398,817.1571045,181.8434701
5620,0.4538685679,220.251297,817.0640259,181.842952
5621,5.388954163,220.2680969,816.9771729,181.842499
5622,-23.77024841,220.2374115,823.4760132,181.8535614
5623,-18.79609299,221.0957184,823.4451294,181.8532768
5624,-13.82180119,221.7754364,823.4246216,181.8530429
5625,-8.851519585,222.2775574,823.4130859,181.8528675
5626,9.625443459,217.7689362,810.4104004,181.8312308
5627,14.51384449,217.4790802,810.2476807,181.830394
5628,-31.8771801,230.3589325,846.123291,181.880968
5629,-28.17106819,222.0691223,829.276062,181.8609987
5630,-23.21643257,223.0500946,829.3408203,181.8610504
5631,-27.69213104,225.0294342,835.0327759,181.8680481
5632,-27.30778503,228.0832825,840.7874756,181.8750504
5633,-27.0276432,231.2263489,846.5385742,181.8819702
5634,-36.52951813,232.72052,851.1952515,181.8862545
5635,-31.71627808,233.6321106,851.7440186,181.8874654
5636,-76.05513,225.9141541,855.6217041,181.8862823
5637,-78.23873138,224.7686615,855.2600708,181.8857237
5638,-80.37908936,223.5420074,854.9055176,181.8851613
5639,-82.47283936,222.2352295,854.5585327,181.8845974
5640,-84.51679993,220.8498383,854.2197266,181.8840341
5641,-86.50833893,219.3876801,853.8894653,181.8834733
5642,-88.4445343,217.8508911,853.5682373,181.8829172
5643,-90.32278442,216.241745,853.2564697,181.8823677
5644,-92.14014435,214.5622711,852.9547729,181.8818272
5645,-93.89398193,212.8150177,852.6636963,181.8812984
5646,-95.58197021,211.0025024,852.3835449,181.8807844
5647,-69.38051605,229.0936432,856.7263184,181.8880469
5648,-73.84674835,227.0096893,855.9873047,181.88686
5649,-64.85125732,231.0334778,857.4755249,181.8892985
5650,-95.5086441,213.7877045,856.605896,181.8836096
5651,-60.26340103,232.8268585,858.2344971,181.8906163
5652,-55.62164307,234.4720001,859.0025024,181.8920027
5653,-50.93068314,235.9671936,859.7785645,181.8934599
5654,-46.19503784,237.3111572,860.5621338,181.894991
5655,-41.41989899,238.5024109,861.3521118,181.8965984
5656,-41.30903625,235.0485077,856.0090332,181.890915
5657,-36.50457382,236.0921173,856.6807861,181.8923383
5658,163.6335449,-161.8974609,162.8416595,184.697437
5659,152.2747192,-166.6315613,209.383316,184.9235847
5660,140.8565216,-170.6574707,255.9249725,185.2892483
5661,129.4207764,-173.981369,302.4666443,185.9070093
5662,118.0087585,-176.6118622,349.0083008,186.5863263
5663,106.6606598,-178.559845,395.5499878,186.6816693
5664,95.41588593,-179.838501,442.0916748,174.3910738
5665,84.31210327,-180.4632568,488.6333313,156.4769781
5666,73.38648224,-180.4515533,535.1750488,143.5241921
5667,62.67409897,-179.8228912,581.7166748,138.3630779
5668,52.20892334,-178.5987091,628.2583618,159.7798044
5669,41.48863983,-176.9015503,674.7999878,179.3695666
5670,42.02109146,-176.7919464,674.8000488,179.3433691
5671,42.48776627,-176.6958313,674.8000488,179.3213667
5672,45.94611359,-175.8141022,674.7999878,179.1619337
5673,30.78656769,-178.6308289,679.7943726,180.065381
5674,35.32122803,-177.8350372,679.6994629,180.0287008
5675,20.10768127,-179.8495178,685.2669067,180.3924643
5676,24.70260239,-179.3194733,685.0696411,180.3508259
5677,9.476327896,-180.5910339,691.190979,180.636029
5678,14.12534142,-180.329834,690.8931274,180.5994468
5679,-5.809283257,-180.7210693,697.9245605,180.8657329
5680,-1.096314073,-180.8576355,697.5214233,180.8317356
5681,3.604331732,-180.8713989,697.1273804,180.7993616
5682,-11.60628223,-180.6396942,704.2087402,180.9938492
5683,-26.87214851,-179.1829529,711.7941284,181.156128
5684,-22.05415726,-179.9153595,711.2034912,181.1299896
5685,-17.24857712,-180.5122223,710.6280518,181.1045443
5686,-32.44072723,-178.6512299,718.4602051,181.2452031
5687,-46.41977692,-175.3358459,720.2796631,181.3104941
5688,-42.48662949,-176.9200592,725.8513794,181.3416339
5689,-46.97159576,-175.7462769,726.3996582,181.3590244
5690,-37.83904648,-178.0598297,725.182312,181.3229699
5691,-51.509552,-174.4526215,726.9161987,181.3766784
5692,-55.7570076,-172.8413849,724.3653564,181.3731049
5693,-92.64338684,-162.7132721,767.0537109,181.6584812
5694,-94.85431671,-161.449234,766.8457031,181.6605669
5695,-97.10795593,-160.1152039,766.559021,181.6625888
5696,-90.47512054,-163.9108582,767.1826782,181.6563059
5697,-86.25358582,-166.1221161,767.217041,181.6516229
5698,-88.34609985,-165.04599,767.236084,181.6540248
5699,-84.19591522,-167.142395,767.1279297,181.649085
5700,-82.17202759,-168.1096344,766.9708862,181.6463968
5701,-56.01292038,-173.0502625,727.4455566,181.3940865
5702,-60.78611755,-172.0976105,734.1029663,181.4493494
5703,-65.25248718,-171.2301178,740.7231445,181.4979119
5704,-69.40842438,-170.4706421,747.3070679,181.5408392
5705,-73.24949646,-169.8430634,753.8654785,181.5790378
5706,-76.75989532,-169.3766174,760.4213867,181.6132985
5707,-78.24977112,-169.94487,766.4384155,181.6404744
5708,-80.18932343,-169.0406036,766.7417603,181.643535
5709,-114.6055832,-151.8815765,790.4530029,181.7459114
5710,-115.1808243,-152.141037,795.3287354,181.7575063
5711,-107.9672012,-156.4173737,781.0946045,181.7172831
5712,-106.1272202,-158.0159607,781.3154297,181.716287
5713,-104.7169952,-157.6944122,776.2878418,181.7009503
5714,-109.1467056,-156.754364,786.0619507,181.7312911
5715,-110.8095245,-155.0763092,785.8670044,181.7320095
5716,-111.7464828,-155.4098053,790.7794189,181.7448681
5717,-113.2201157,-153.655899,790.6096802,181.7453487
5718,-102.7134857,-159.2102051,776.5361328,181.6996498
5719,-101.0867004,-158.9221954,771.4430542,181.6828193
5720,-115.6096725,-152.4102936,800.1473999,181.7685254
5721,-115.8971252,-152.6723328,804.9118042,181.7790196
5722,-118.5498123,-125.3738708,882.274353,181.8818937
5723,-118.3314896,-126.5748291,886.0706177,181.8856656
5724,-112.3171921,-164.5700226,832.7059937,181.83825
5725,-113.7353363,-159.8065338,823.6689453,181.8188658
5726,-115.2589493,-155.16185,814.3713379,181.7990329
5727,-111.7442017,-167.0477142,841.3835449,181.8551147
5728,-115.1201248,-154.90271,809.7255249,181.7893663
5729,-119.1097336,-129.259079,863.8110352,181.8655918
5730,-118.5354614,-136.316391,856.4035034,181.8597666
5731,-116.5284653,-146.3325195,856.800293,181.8647191
5732,-115.5832901,-152.4121704,849.0680542,181.8574969
5733,-113.1645355,-162.0732422,849.4689941,181.8641765
5734,-117.7215881,-133.5550079,875.2180176,181.8790854
5735,-118.1104126,-132.1504669,871.4338989,181.874674
5736,-117.4056473,-134.9285889,879.0009766,181.8834079
5737,-117.1607666,-136.2685852,882.7966309,181.8876455
5738,-118.1814041,-127.7412186,889.9091187,181.8893788
5739,-118.0970459,-128.8704834,893.8056641,181.8930355
5740,-118.0759659,-129.9600525,897.7764893,181.8966364
5741,-95.59186554,219.2597656,864.911377,181.8892436
5742,-95.5109787,216.5417328,860.7799072,181.8864415
5743,-95.75278473,221.937149,869.0073242,181.8920073
5744,-96.31352997,227.1512451,877.1224976,181.8973784
5745,-95.99373627,224.5691681,873.0751953,181.8947217
5746,-98.8314209,232.2339783,888.9279175,181.9038623
5747,-95.42100525,231.8379059,881.4602661,181.9009464
5748,-95.18199158,230.553421,879.4418335,181.8996344
5749,-94.96191406,229.2550507,877.4215088,181.8983099
5750,-95.95375061,234.3626251,885.4958496,181.9035175
5751,-96.24602509,235.6015778,887.5157471,181.9047687
5752,-95.67845154,233.1078949,883.4778442,181.9022419
5753,-108.8771744,206.9339447,898.0768433,181.8982152
5754,-107.897316,212.4803925,898.5137329,181.9000357
5755,-106.7535019,217.9537659,898.9851685,181.9019647
5756,-105.4443054,223.3389282,899.4916382,181.9039967
5757,-103.9765701,228.6248474,900.0315552,181.9061249
5758,-102.3570175,233.8002625,900.6032104,181.9083405
5759,-110.8795471,197.3387909,901.3504639,181.8965011
5760,-99.95689392,236.7239227,897.0707397,181.9084525
5761,-99.36696625,234.5153961,892.9833984,181.9061955
5762,-100.5936584,238.8553314,901.2041626,181.9106335
5763,-112.7240829,187.486618,904.696228,181.8949228
5764,-125.0833893,5.534172535,894.0914307,181.8735123
5765,-124.8391647,16.90325165,898.0613403,181.8748505
5766,-124.7692795,16.98953056,902.1134644,181.8756379
5767,-124.6349945,28.44843292,902.2097168,181.8761533
5768,-124.4105377,39.91031647,902.3577271,181.8767821
5769,-124.0952454,51.3745842,902.557312,181.8775057
5770,-123.6883392,62.84055328,902.8085327,181.8783128
5771,-123.1891479,74.30747223,903.111145,181.8791999
5772,-122.5969086,85.77448273,903.46521,181.8801706
5773,-121.910965,97.24074554,903.8706055,181.8812355
5774,-121.1306152,108.7052536,904.3271484,181.882412
5775,-120.2550507,120.1669846,904.8349609,181.8837234
5776,-119.2835999,131.6248169,905.3939819,181.8851986
5777,-118.2156372,143.0775757,906.0040894,181.8868713
5778,-117.0504608,154.5240021,906.6653442,181.8887795
5779,-115.7876358,165.9627533,907.3775635,181.8909638
5780,-114.4264984,177.3925781,908.1408691,181.8934666
5781,-124.8390808,-5.834996223,898.0646973,181.8740798
5782,-124.701416,-17.20815849,898.1578979,181.8739764
5783,-124.4712524,-28.58483696,898.3015137,181.8741249
5784,-124.1480789,-39.96437836,898.4951172,181.874591
5785,-123.7309875,-51.34618378,898.7387695,181.8754469
5786,-123.2192001,-62.72947693,899.0324097,181.8767751
5787,-122.6119995,-74.11338043,899.3757935,181.8786661
5788,-121.908493,-85.49700928,899.7689819,181.8812184
5789,-121.1080017,-96.87934875,900.211792,181.8845369
5790,-120.2095413,-108.2593231,900.7043457,181.8887311
5791,-119.2125626,-119.6357727,901.24646,181.8939108
5792,-118.1161804,-131.0074615,901.8381348,181.9001811
5793,166.6988678,-164.8396912,116.3000488,184.5529331
5794,174.8903046,-156.4514313,116.2999725,184.5518797
5795,174.9873352,-156.3469543,77.5333252,184.4758081
5796,182.8395081,-147.4493103,38.76661682,184.4286302
5797,190.2385254,-138.1713104,-5.486353075e-06,184.4084274
5798,190.2385254,149.2395935,-5.486353075e-06,183.6290322
5799,190.2385559,149.2395935,38.76667404,183.6256814
5800,190.2385559,149.2395935,77.53335571,183.6151253
5801,182.9311829,158.4083405,116.3000107,183.554405
5802,182.8369141,158.515274,116.2999649,183.5539093
5803,171.9671173,164.4218903,162.8416901,183.4654549
5804,168.8499451,161.5330353,209.3833466,183.3865227
5805,165.7326813,158.6441345,255.9250336,183.2603693
5806,162.615509,155.755249,302.4666748,183.061451
5807,159.4982758,152.866394,349.0083618,182.756214
5808,156.3810883,149.9775391,395.5499878,182.3154165
5809,153.263855,147.0886841,442.0917053,181.7405467
5810,150.1466827,144.1997833,488.6333313,181.0774721
5811,147.0294495,141.3108978,535.1750488,180.4476687
5812,143.9122772,138.4220734,581.7166748,180.146109
5813,140.7950439,135.5332184,628.2583618,180.3600827
5814,132.7499695,137.7631073,674.8000488,180.934917
5815,131.1497955,139.3004913,674.7999878,180.9486099
5816,135.9186096,134.4433136,674.8000488,180.9063188
5817,128.9326172,141.0333557,678.8622437,181.005622
5818,125.4139786,144.2868958,678.8343506,181.0320363
5819,121.7833405,147.4741058,678.8119507,181.05856
5820,117.0617905,151.0953979,682.9650879,181.1239634
5821,121.020546,147.8260193,683.0122681,181.0986442
5822,111.8976746,154.9451904,687.2341309,181.1869574
5823,116.2302399,151.5913239,687.3241577,181.1628358
5824,111.0135574,155.5657043,691.7404175,181.2241664
5825,106.5108109,158.812439,691.6716309,181.2464263
5826,105.6431503,159.5018158,696.3300781,181.2816158
5827,101.1790848,162.4833374,696.3618164,181.3016791
5828,96.14490509,165.8141022,701.3786621,181.3525614
5829,100.4053574,163.1893768,701.1826172,181.3347393
5830,95.53053284,166.5032501,706.3693237,181.3836153
5831,91.21256256,169.3789062,711.9296265,181.4283608
5832,95.1255188,167.1744232,711.5109253,181.4142361
5833,93.11207581,168.3293304,711.6958008,181.4214121
5834,87.57807922,171.8256836,717.8444824,181.4692927
5835,91.00540924,170.0315247,717.2344971,181.4572904
5836,84.29959106,174.139801,723.8806152,181.5069542
5837,87.58151245,172.4697113,723.3099365,181.4968427
5838,84.49414062,174.8037415,729.4963989,181.5333386
5839,77.88600922,179.0600433,735.9373779,181.5744015
5840,81.45578766,177.2434998,735.670166,181.5671968
5841,84.83382416,175.4973297,735.2540283,181.5597387
5842,74.58337402,181.7668915,741.9945679,181.6049944
5843,78.3739624,179.8492126,741.8410645,181.5988095
5844,71.16773224,184.6457367,748.1370239,181.6339084
5845,75.17843628,182.6499481,748.0439453,181.6285113
5846,68.42079163,188.7676392,760.7601929,181.6831318
5847,72.58864594,186.693161,760.6727295,181.6793076
5848,65.78838348,193.3121338,773.96521,181.729071
5849,70.03056335,191.1981964,773.8598022,181.7266475
5850,54.37862396,202.016449,788.0400391,181.774569
5851,58.80677032,200.2141724,787.8461304,181.7729772
5852,63.16726685,198.2592621,787.6969604,181.7714504
5853,67.45639038,196.1540222,787.5997314,181.7703046
5854,51.51292038,207.2115784,802.1141357,181.8103857
5855,55.99861908,205.4721375,801.9838867,181.8099343
5856,47.71136475,210.726593,809.2952881,181.8269254
5857,52.25714493,209.1026611,809.2044067,181.8269689
5858,48.39431763,212.7380066,816.4241333,181.8424811
5859,43.79149628,214.2427216,816.4584351,181.8419864
5860,39.13437653,215.5836487,816.5029907,181.841652
5861,34.42778778,216.7591095,816.5551758,181.8414593
5862,29.67604446,217.767868,816.6137695,181.841393
5863,24.88356209,218.6086426,816.6779175,181.8414392
5864,20.05439377,219.2803345,816.746521,181.8415829
5865,10.30325317,220.1110992,816.8956909,181.8421164
5866,-3.889149427,222.6030579,823.4091797,181.8527566
5867,1.061180353,222.7528992,823.411499,181.8527151
5868,5.995595455,222.7280426,823.4188843,181.852748
5869,10.90993881,222.5294952,823.430542,181.8528609
5870,-18.25072479,223.8592834,829.4160767,181.8611701
5871,-13.28315449,224.491272,829.5003052,181.8613558
5872,-8.317997932,224.9467621,829.5921631,181.8616107
5873,-3.359338522,225.2266693,829.6904907,181.8619393
5874,15.19306946,219.7814941,816.8190308,181.8418097
5875,-26.86098862,234.454483,852.2845459,181.8887741
5876,-22.74789429,225.9550934,835.2104492,181.8684856
5877,-17.79163551,226.7104034,835.3970337,181.8689946
5878,-22.37469482,228.9484406,841.0828247,181.8758448
5879,-22.10616112,232.0258331,846.9561768,181.8830937
5880,-21.95126343,235.1831512,852.8287354,181.8901989
5881,-31.67738533,236.987915,857.3529663,181.8938374
5882,-26.81685066,237.7634888,858.0234375,181.8954298
5883,-74.15100098,230.2735138,860.4298706,181.8907185
5884,-76.35482025,229.1383972,860.0147705,181.8900354
5885,-78.52755737,227.9510803,859.6098022,181.8893668
5886,-80.65079498,226.6810913,859.2180786,181.8887007
5887,-82.72090912,225.3298492,858.84021,181.888038
5888,-84.73444366,223.8991547,858.4771729,181.88738
5889,-86.68822479,222.3914642,858.1296387,181.8867284
5890,-88.57913971,220.8092499,857.7984009,181.886085
5891,-90.40422058,219.1551666,857.4840088,181.8854515
5892,-92.16773987,217.4320526,857.1812744,181.8848273
5893,-93.87006378,215.6420593,856.8883667,181.8842128
5894,-65.12813568,234.4252777,862.1638794,181.893628
5895,-69.67588043,232.4279785,861.2858276,181.8921368
5896,-60.52896881,236.264801,863.0488892,181.8951854
5897,-93.92494202,218.44104,861.0651245,181.8871189
5898,-55.88004684,237.9457703,863.9420776,181.8968122
5899,-51.18431854,239.4666901,864.8436279,181.8985109
5900,-46.44554138,240.8260956,865.753479,181.9002842
5901,-41.6676445,242.0229034,866.6707153,181.9021348
5902,-36.85333252,243.0572815,867.5952759,181.9040671
5903,-36.60980606,239.5397797,862.1480103,181.8982852
5904,-31.769907,240.4220428,862.9486694,181.9000541
5905,171.7765808,-153.5588226,162.8416595,184.6950684
5906,160.6678619,-158.8532257,209.3833008,184.9238846
5907,149.464447,-163.4432983,255.9250031,185.2993828
5908,138.2087402,-167.3330994,302.4666748,186.0030475
5909,126.9420319,-170.5291595,349.0083313,187.0195605
5910,115.7050934,-173.0403748,395.5499573,184.9440457
5911,104.5378952,-174.8779602,442.0916748,166.5124309
5912,93.47924042,-176.0554047,488.6333618,148.139055
5913,82.56643677,-176.5883026,535.1749878,134.2986851
5914,71.83607483,-176.4944153,581.7166748,128.3513754
5915,61.32292175,-175.793396,628.2583008,150.5789625
5916,50.39327621,-174.6802673,674.7999878,175.7442906
5917,50.92790222,-174.5439758,674.7999878,175.2832522
5918,51.05932999,-174.5038452,674.7999878,175.1671695
5919,54.78950882,-173.3653717,674.7999878,171.6492682
5920,39.8334198,-176.9271698,679.6100464,179.9921996
5921,44.32054901,-175.9077911,679.5272827,180.2004666
5922,29.27925682,-178.6746216,684.880127,180.3164687
5923,33.8351059,-177.9153748,684.6993408,180.3030711
5924,18.7592144,-179.9506836,690.6030884,180.5669458
5925,23.37586212,-179.4541168,690.3222656,180.5414391
5926,8.291297913,-180.7631683,696.7423706,180.7694137
5927,12.96317005,-180.5337677,696.3666382,180.7430875
5928,-6.853854656,-180.937973,703.7229004,180.9651489
5929,-2.114629745,-181.109314,703.2475586,180.9379337
5930,2.610513687,-181.1548157,702.7828369,180.9128453
5931,-12.45609474,-180.9753876,710.0667725,181.0800932
5932,-27.58017731,-179.5645599,717.7958984,181.2225963
5933,-22.73314285,-180.3362122,717.1498413,181.2007196
5934,-17.90011597,-180.9684448,716.5206909,181.1798068
5935,-32.94755936,-179.1564484,724.4533691,181.3034492
5936,-42.80627441,-177.5237579,731.8499756,181.3897409
5937,-47.29655838,-176.3342438,732.4260254,181.4043464
5938,-51.84394836,-175.025238,732.9683838,181.4191793
5939,-38.14653015,-178.6902924,731.1477661,181.3741558
5940,-56.35652542,-173.6083984,733.5238037,181.4341991
5941,-94.45948029,-163.0803528,772.3143921,181.6782469
5942,-92.24414062,-164.34729,772.52948,181.676769
5943,-96.71542358,-161.7420807,772.0215454,181.6796596
5944,-98.93493652,-160.3523712,771.7223511,181.6811609
5945,-90.06980896,-165.546402,772.6663208,181.675201
5946,-87.93302155,-166.6815033,772.7285156,181.6735284
5947,-85.83110046,-167.7560272,772.7190552,181.6717372
5948,-83.76256561,-168.772995,772.6403198,181.6698138
5949,-81.72658539,-169.7352448,772.4944458,181.6677456
5950,-60.92602539,-172.8299408,740.0981445,181.4849306
5951,-65.20952606,-172.141037,746.6323242,181.5297351
5952,-69.20980835,-171.5623779,753.1295166,181.5695376
5953,-72.92774963,-171.1151733,759.6000366,181.6051312
5954,-76.35151672,-170.8254852,766.0612793,181.637193
5955,-79.73127747,-170.661087,772.2772217,181.6655134
5956,-77.7791214,-171.5608215,771.9865112,181.6630957
5957,-113.9058838,-153.9667816,795.4726562,181.7572175
5958,-114.4484177,-154.2893066,800.277832,181.7684776
5959,-107.4005432,-158.4039612,786.270813,181.7306609
5960,-105.5726166,-160.0216522,786.4942627,181.7301276
5961,-104.2085953,-159.5817566,781.5513306,181.7153862
5962,-108.5384369,-158.842392,791.1592407,181.7441747
5963,-110.1855698,-157.1398468,790.9625244,181.7444749
5964,-111.0854492,-157.5572815,795.8005981,181.7569161
5965,-112.5404129,-155.7733917,795.6298828,181.7570194
5966,-102.2128677,-161.1114044,781.8032227,181.714591
5967,-100.6363831,-160.6891632,776.8015137,181.6984528
5968,-114.8514938,-154.6068878,805.0281982,181.7791812
5969,-116.9849777,-137.5723724,886.6188354,181.8918007
5970,-116.8755264,-138.8373108,890.4824219,181.8958762
5971,-111.4959488,-166.7790527,832.812561,181.8399407
5972,-112.8726196,-161.9286041,823.7720337,181.8200333
5973,-111.0393448,-169.3626556,841.4841919,181.8571095
5974,-114.3532639,-157.1963196,814.4730225,181.799662
5975,-110.6024704,-171.6962433,849.8937988,181.8726258
5976,-114.0968399,-156.8783112,809.8417969,181.7898225
5977,-117.3529816,-139.5620117,864.2310181,181.8703299
5978,-115.4624252,-149.8460236,864.6820068,181.8764325
5979,-114.381897,-156.3218689,857.2244263,181.8711415
5980,-112.0957947,-166.2824554,857.6759644,181.8792144
5981,-115.852211,-145.7062988,879.5353394,181.8900487
5982,-116.1194763,-144.2204132,875.7232666,181.8852882
5983,-116.4580841,-142.6992493,871.9102173,181.8804132
5984,-115.6548538,-147.1542511,883.359436,181.8946978
5985,-115.5248184,-148.5615692,887.2095337,181.8992386
5986,-116.8299179,-140.0608368,894.402832,181.8998738
5987,-116.8454742,-141.2402954,898.3963013,181.9037942
5988,-116.9197845,-142.3730621,902.4793701,181.9076371
5989,-94.27962494,223.9345093,869.2992554,181.8928211
5990,-94.06106567,221.2068787,865.1998291,181.8899917
5991,-94.58045959,226.6188507,873.3706665,181.8955967
5992,-96.55448151,236.8241272,889.5388794,181.9060075
5993,-97.21674347,239.2176056,893.6004639,181.9084186
5994,-92.70401764,236.0009308,882.0870972,181.902959
5995,-92.3970871,234.656189,880.065918,181.9015904
5996,-93.56007385,231.3046722,877.7284546,181.8992545
5997,-93.37403107,238.6482086,886.1283569,181.9056255
5998,-93.02983093,237.3318939,884.1075439,181.9043
5999,-93.73545074,239.9492493,888.1509399,181.9069247
6000,-109.1243668,208.5661621,902.2092285,181.8999391
6001,-108.1760559,214.1599426,902.6618042,181.9018282
6002,-107.0801544,219.6876678,903.1466064,181.9038236
6003,-105.8355026,225.1358337,903.6642456,181.9059199
6004,-104.4479218,230.4945221,904.2132568,181.9081105
6005,-102.9236679,235.7539215,904.7921753,181.9103869
6006,-101.2698135,240.9053192,905.3986206,181.9127391
6007,-111.1215134,198.8135223,905.5352783,181.8980587
6008,-98.69473267,243.7805176,901.8314209,181.9129917
6009,-97.93293762,241.5380707,897.6932983,181.9107464
6010,-99.49364471,245.9402313,906.0299683,181.9151554
6011,-112.9665756,188.8119354,908.9552002,181.8963292
6012,-124.9025803,5.534172535,897.4225464,181.8742516
6013,-124.8981323,5.534172535,898.0218506,181.8743831
6014,-124.898201,5.534172535,898.0184937,181.8743823
6015,-124.8682556,5.534172535,902.0730591,181.8752609
6016,-124.8683319,5.534172535,902.069458,181.8752602
6017,-124.7763901,17.07232094,906.300354,181.8764327
6018,-124.6451874,28.6134491,906.3989868,181.8768754
6019,-124.425621,40.15699005,906.5509033,181.8774512
6020,-124.1171646,51.7023201,906.7558594,181.8781403
6021,-123.7191696,63.24875259,907.013855,181.8789307
6022,-123.2309952,74.79551697,907.3247681,181.8798183
6023,-122.6520996,86.34176636,907.6884766,181.8808063
6024,-121.9816513,97.8866806,908.1050415,181.8819045
6025,-121.2191086,109.4292984,908.5743408,181.8831296
6026,-120.3639603,120.9685822,909.0962524,181.8845041
6027,-119.41539,132.503479,909.6709595,181.886056
6028,-118.3728943,144.0328674,910.2982178,181.8878178
6029,-117.2360611,155.5555115,910.9780273,181.8898258
6030,-116.0041199,167.0702362,911.7104492,181.8921187
6031,-114.676796,178.5757904,912.4953613,181.8947357
6032,-124.7692108,-5.921303749,902.1170044,181.87507
6033,-124.6349182,-17.38023758,902.2132568,181.8750987
6034,-124.4104691,-28.84218025,902.3612671,181.8753998
6035,-124.0951843,-40.30653763,902.5609131,181.8760409
6036,-123.6882858,-51.77259445,902.8120728,181.8770932
6037,-123.1891022,-63.23954391,903.1147461,181.8786393
6038,-122.5969772,-74.70664215,903.46875,181.8807685
6039,-121.911026,-86.172966,903.8741455,181.8835769
6040,-121.1306,-97.63756561,904.3307495,181.8871668
6041,-120.255043,-109.0993423,904.838623,181.8916434
6042,-119.2836075,-120.557251,905.397644,181.8971109
6043,-118.2157516,-132.0100708,906.0076904,181.9036675
6044,-117.0505905,-143.4565582,906.6689453,181.9114004
6045,174.9846802,-156.344635,116.3000412,184.5518463
6046,182.7478638,-147.5584717,116.3000336,184.547296
6047,182.8395386,-147.4493103,77.53329468,184.4719873
6048,190.2385559,-138.1713104,38.76667404,184.4224143
6049,197.1658173,-128.5360413,-3.274803748e-05,184.3997666
6050,197.1658173,139.6042938,-3.274803748e-05,183.6666344
6051,197.1658478,139.6042938,38.76664734,183.6638695
6052,197.1658478,139.6042938,77.5333252,183.6550867
6053,190.3245392,149.1259308,116.2999954,183.5962777
6054,190.2358246,149.2373962,116.3000031,183.5957685
6055,179.6738739,155.6784821,162.8416595,183.51034
6056,176.4165039,152.9485931,209.3833618,183.4367731
6057,173.1591797,150.218689,255.9250031,183.3161148
6058,169.9018707,147.4887695,302.4666443,183.1200125
6059,166.6445007,144.7588806,349.0083618,182.8091138
6060,163.3871765,142.0289917,395.5499878,182.3464656
6061,160.1298676,139.2991028,442.0916443,181.7298624
6062,156.8725281,136.5691681,488.6333008,181.0030888
6063,153.6151733,133.8393097,535.1749878,180.2891182
6064,150.3579559,131.1094208,581.7166748,179.9479529
6065,147.1006165,128.3795319,628.2583618,180.2143122
6066,142.0816956,127.6450424,674.7999878,180.8490231
6067,139.0710449,131.1088867,674.8000488,180.8778134
6068,138.7639618,131.4621887,674.8000488,180.8807235
6069,137.6557312,132.6232605,674.7999878,180.890738
6070,135.6483917,134.3261261,678.9452515,180.9535397
6071,132.3429565,137.7131958,678.8986816,180.9795099
6072,138.8504791,130.8730774,679.0014038,180.9280908
6073,132.0110474,137.7112885,683.1864014,181.025561
6074,128.4864197,141.1356354,683.1143799,181.0493002
6075,124.8259201,144.5064545,683.0582886,181.0737078
6076,120.3798294,148.1893311,687.3966675,181.1391517
6077,124.3425217,144.7513428,687.4672852,181.1161588
6078,115.5449982,152.0850372,691.8615112,181.201759
6079,119.8645172,148.5656433,691.9603882,181.1800283
6080,115.0079041,152.5788879,696.5722046,181.2407191
6081,110.3018799,156.1703949,696.4196167,181.261131
6082,104.9687805,160.1676025,701.1554565,181.3164086
6083,109.7621536,156.7628021,701.2671509,181.29789
6084,99.83816528,163.8713226,706.1629028,181.367346
6085,97.63779449,165.2402954,706.2417603,181.3755958
6086,104.4852982,160.8141937,706.1436157,181.3508751
6087,97.24780273,165.9100342,711.3789062,181.4070072
6088,92.90253448,168.9866791,716.9925537,181.4510218
6089,97.05447388,166.5657196,716.6696777,181.438225
6090,94.92071533,167.8329163,716.8030396,181.4446457
6091,90.98764801,170.6831818,722.6845093,181.4860445
6092,92.88233185,169.6392365,722.4386597,181.4804654
6093,87.75403595,173.1282806,728.9171143,181.5243198
6094,91.14398956,171.338913,728.2853394,181.5147173
6095,88.07822418,173.8061371,734.6737061,181.5517969
6096,81.93244934,178.000061,741.5748291,181.5926229
6097,85.29999542,176.2248535,741.1619263,181.5861942
6098,88.53539276,174.5081177,740.5875854,181.5793154
6099,78.95975494,180.6912384,747.8926392,181.6233216
6100,82.51087952,178.8030548,747.6311035,181.6181261
6101,76.58102417,184.6025238,760.5892944,181.6758334
6102,80.35083771,182.5489655,760.4509888,181.6725504
6103,74.1775589,189.0217896,773.7953491,181.7246232
6104,78.15616608,186.8272095,773.7339478,181.7229312
6105,71.67854309,193.9367371,787.5387573,181.769518
6106,75.80682373,191.6563263,787.5128784,181.7691272
6107,60.41740799,203.5748138,801.8828125,181.8096787
6108,63.98456573,199.8505859,794.6905518,181.7906806
6109,68.26587677,197.6954651,794.6264038,181.7904109
6110,72.47882843,195.4278107,794.5947266,181.7904349
6111,56.73971176,207.3183289,809.1338501,181.8272109
6112,61.15427017,205.3755188,809.0878906,181.8276848
6113,52.93815613,211.071106,816.402832,181.8431573
6114,57.41792297,209.2434998,816.3980103,181.8440394
6115,53.54424667,213.1163788,823.7047729,181.8588685
6116,49.00222397,214.8245239,823.6503906,181.8576061
6117,44.40053558,216.3706665,823.6056519,181.8565303
6118,39.74392319,217.7530823,823.5683594,181.855622
6119,35.03748322,218.9700928,823.536438,181.8548638
6120,30.28541183,220.0203857,823.5088501,181.854241
6121,25.49215508,220.9026489,823.4849854,181.8537408
6122,20.66239166,221.6158142,823.4641724,181.8533508
6123,15.80029106,222.1584015,823.4459229,181.8530599
6124,1.58842814,225.3316956,829.7938843,181.8623461
6125,6.521219254,225.2627258,829.9013062,181.8628363
6126,11.43463898,225.0207367,830.0118408,181.8634156
6127,16.32457352,224.60672,830.1248779,181.8640905
6128,-12.83166409,227.2902374,835.5913696,181.8695764
6129,-7.872617245,227.6953735,835.7919922,181.8702348
6130,-2.918740988,227.9263458,835.9978638,181.8709745
6131,2.025494099,227.9838104,836.2077637,181.8718002
6132,-21.91900253,238.4160461,858.697876,181.8971275
6133,-17.42856789,229.644989,841.3858032,181.8767163
6134,-12.47706127,230.1685486,841.6951904,181.8776666
6135,-17.17061424,232.6588898,847.380188,181.8842995
6136,-17.02692223,235.7479095,853.3778687,181.8917102
6137,-17.00614929,238.9076691,859.3760376,181.8989157
6138,-26.90454483,241.1490936,863.753479,181.9019058
6139,-22.01861763,241.7203522,864.5615845,181.9038492
6140,-70.09169769,235.7847443,865.8040161,181.8961451
6141,-74.56939697,233.552063,864.8301392,181.8945096
6142,-76.76509857,232.3730927,864.3651123,181.893722
6143,-78.92336273,231.139389,863.9163208,181.8929516
6144,-81.02600861,229.8215942,863.4866943,181.8921875
6145,-83.06877899,228.4214172,863.0775146,181.8914308
6146,-85.04830933,226.9411316,862.6895752,181.8906828
6147,-86.96081543,225.3833771,862.3241577,181.8899453
6148,-88.80278778,223.7514038,861.9822998,181.8892201
6149,-90.57124329,222.0482483,861.6646729,181.8885091
6150,-92.27758026,220.2773438,861.3602295,181.8878087
6151,-60.92517853,239.738678,867.824646,181.8996471
6152,-65.53103638,237.846344,866.8120117,181.8978636
6153,-56.27276611,241.461731,868.8452759,181.9014992
6154,-92.47148895,223.0926514,865.4976196,181.8907526
6155,-51.57509995,243.0138855,869.8751831,181.9034231
6156,-46.83535385,244.3934937,870.9144897,181.905421
6157,-42.05641556,245.5998383,871.9625244,181.9074958
6158,-37.2391243,246.6341553,873.0196533,181.9096524
6159,-32.37787628,247.4956207,874.0911255,181.9118984
6160,-32.00202179,243.9281616,868.5292969,181.9060878
6161,-27.13245773,244.6053925,869.47229,181.908169
6162,179.4937744,-144.8246613,162.8416748,184.6880566
6163,168.6627808,-150.666214,209.383316,184.9162111
6164,157.7022247,-155.8090363,255.9250641,185.2888067
6165,146.6542969,-160.2550507,302.4666748,186.0443693
6166,135.5608673,-164.008728,349.0083313,187.7244662
6167,124.4631042,-167.0769348,395.5500183,183.0234479
6168,113.4014053,-169.4688721,442.0916443,159.2169562
6169,102.4151688,-171.1960907,488.6333618,139.9688344
6170,91.54262543,-172.2722931,535.1750488,125.2217561
6171,80.82082367,-172.7133636,581.7166748,118.4481364
6172,70.28582001,-172.537262,628.2583008,141.524973
6173,59.17891312,-172.0256653,674.8000488,168.0444761
6174,59.26143646,-172.0004883,674.8000488,167.9713704
6175,59.96640778,-171.7488556,674.7999878,167.3343786
6176,63.50236511,-170.4868317,674.7999878,163.9366454
6177,48.77986908,-174.7775269,679.4526367,178.8835025
6178,53.20855331,-173.5369568,679.3873901,175.2681712
6179,38.36791992,-177.0421906,684.5289307,180.3136242
6180,42.87507629,-176.0556183,684.3709717,180.4200112
6181,27.97302055,-178.8405762,690.052124,180.5261067
6182,32.54859924,-178.1105347,689.7944946,180.5279903
6183,17.61844254,-180.1840057,696.0004883,180.7219433
6184,22.25535583,-179.714386,695.645874,180.7084097
6185,7.320279121,-181.0753937,702.3287964,180.8907148
6186,12.01340008,-180.8720398,701.885437,180.8726596
6187,-7.677560806,-181.3066254,709.5184937,181.0570068
6188,-2.913883209,-181.5076447,708.9820557,181.0357515
6189,1.833850265,-181.5796204,708.4574585,181.0169407
6190,-13.08210754,-181.4632111,715.9068604,181.1601487
6191,-28.05960846,-180.1081848,723.7440796,181.2846201
6192,-23.18670464,-180.9142609,723.0543213,181.2667238
6193,-18.32947731,-181.5770569,722.3824463,181.2499953
6194,-33.23080063,-179.8239441,730.3842163,181.3580299
6195,-42.91226578,-178.2950439,737.7723389,181.4351135
6196,-47.40904999,-177.0945435,738.3676758,181.4470959
6197,-51.96616745,-175.775116,738.9276123,181.459381
6198,-56.48835754,-174.3487396,739.5007935,181.4720351
6199,-38.24100494,-179.4834442,737.0473633,181.4224064
6200,-96.26961517,-163.523941,777.3892212,181.6964438
6201,-94.01338196,-164.8661194,777.6869507,181.6956047
6202,-91.79524231,-166.1358337,777.9085083,181.6946999
6203,-98.48769379,-162.1280975,777.0854492,181.6973785
6204,-89.61556244,-167.3364563,778.0534668,181.693706
6205,-87.47132874,-168.4716949,778.125061,181.6926092
6206,-85.35980225,-169.5448151,778.1265259,181.6913982
6207,-83.27973175,-170.5588074,778.0600586,181.6900605
6208,-81.23048401,-171.5163727,777.9277954,181.6885852
6209,-60.87519836,-173.7429199,745.9973145,181.5187584
6210,-65.00159454,-173.2300262,752.4533691,181.5602227
6211,-68.87543488,-172.8284454,758.8717041,181.5972309
6212,-72.50084686,-172.5567169,765.2575684,181.6304547
6213,-75.86810303,-172.4374542,771.6228027,181.6604727
6214,-79.22101593,-172.4373474,777.7255249,181.6869589
6215,-77.25406647,-173.3328094,777.4511719,181.685162
6216,-113.1945572,-156.1503754,800.4219971,181.7685291
6217,-113.7120819,-156.5241699,805.1586304,181.7794505
6218,-106.8066864,-160.5140686,791.3699951,181.7439743
6219,-104.9921112,-162.1513519,791.5953979,181.743881
6220,-103.6646576,-161.6040802,786.7328491,181.7296998
6221,-107.9115448,-161.0425415,796.1829834,181.757012
6222,-109.5421829,-159.3148651,795.9848633,181.7569121
6223,-110.4133606,-159.8044891,800.7512207,181.7689425
6224,-111.8492126,-157.989975,800.5797119,181.7686828
6225,-101.6784058,-163.1478271,786.9874268,181.7293874
6226,-100.1421738,-162.6016541,782.0721436,181.7139136
6227,-115.4594803,-149.9255829,891.0999756,181.9036735
6228,-115.4559555,-151.2436676,895.0460815,181.9080047
6229,-110.580452,-168.9629974,832.9342651,181.8417655
6230,-111.9144058,-164.0291138,823.8900757,181.8213389
6231,-110.2583008,-171.656662,841.59729,181.8592395
6232,-113.3519135,-159.2133636,814.5895386,181.8004183
6233,-109.9339905,-174.0941772,850.0045776,181.8750252
6234,-109.6704636,-176.211853,858.1546631,181.889083
6235,-112.9790573,-158.8343964,809.9724121,181.7904002
6236,-114.6782379,-153.2332764,872.4212646,181.8875604
6237,-113.4377899,-160.1088104,865.1640625,181.884033
6238,-111.2787628,-170.3483887,865.677124,181.893345
6239,-114.0311432,-158.0290527,883.9629517,181.9031652
6240,-114.1778717,-156.4721222,880.1082764,181.8981091
6241,-114.3929443,-154.8726044,876.2653198,181.8929092
6242,-113.9502716,-159.5407257,887.8427734,181.9080815
6243,-113.9323196,-161.0043945,891.7619019,181.9128613
6244,-115.5112305,-152.5131073,899.0639648,181.9122331
6245,-115.6227417,-153.7312469,903.1700439,181.9163587
6246,-115.787796,-154.895401,907.3812256,181.9203798
6247,-93.1140213,228.6117401,873.6744385,181.896485
6248,-92.75051117,225.8726044,869.5999756,181.8936481
6249,-94.91500854,243.7533417,894.2427979,181.9106942
6250,-94.11348724,241.2342682,890.1765137,181.9082078
6251,-95.76997375,246.1996918,898.3398438,181.9130921
6252,-91.2598877,237.9989319,882.425293,181.9039888
6253,-90.59664917,235.2321472,878.3765869,181.9011819
6254,-92.10977173,233.2982178,878.0427246,181.9002111
6255,-92.00035858,240.7118988,886.4705811,181.906705
6256,-109.4162521,210.1268463,906.423645,181.9016264
6257,-108.4980698,215.7653809,906.8908691,181.9035778
6258,-107.4483185,221.3449707,907.3883057,181.9056333
6259,-106.2659073,226.8537598,907.9163208,181.9077876
6260,-104.9562607,232.2829742,908.4736938,181.9100341
6261,-103.5246429,237.6241913,909.059082,181.9123648
6262,-101.9774323,242.8695831,909.6702881,181.91477
6263,-100.3208847,248.0121002,910.3050537,181.9172386
6264,-111.4074936,200.2193604,909.8204346,181.8995888
6265,-97.60335541,250.8513031,906.6829224,181.9176229
6266,-96.66928864,248.5675507,902.4815063,181.9154014
6267,-98.56217194,253.0450592,910.9603882,181.9197583
6268,-113.25354,190.0706635,913.3327637,181.8977147
6269,-124.8373718,5.534172535,906.2550659,181.8761453
6270,-124.951561,5.534172535,910.59198,181.8770373
6271,-124.8308105,5.534172535,907.1453247,181.8763305
6272,-124.8374023,5.534172535,906.2587891,181.8761461
6273,-124.8610535,17.15123749,910.6395874,181.877234
6274,-124.732399,28.77074623,910.7401733,181.8776036
6275,-124.5169449,40.39207077,910.8952637,181.8781262
6276,-124.2143097,52.01446915,911.1047974,181.8787808
6277,-123.8238831,63.63731766,911.3687134,181.8795543
6278,-123.3450546,75.25986481,911.6870117,181.8804425
6279,-122.7774048,86.88121796,912.0595093,181.8814476
6280,-122.1203461,98.50054932,912.4862061,181.8825787
6281,-121.3732758,110.1169586,912.967041,181.8838517
6282,-120.5356979,121.7293777,913.5020142,181.8852881
6283,-119.607132,133.3368073,914.0910645,181.8869149
6284,-118.586998,144.9382629,914.7341309,181.8887632
6285,-117.4749222,156.5325012,915.4311523,181.8908673
6286,-116.2704544,168.1183929,916.1821289,181.8932637
6287,-114.9730377,179.6947174,916.9871216,181.8959886
6288,-124.7764435,-6.00406456,906.3040771,181.8760681
6289,-124.6451416,-17.54525185,906.402771,181.8762293
6290,-124.4256668,-29.08885384,906.5546265,181.876682
6291,-124.1172256,-40.63427353,906.7595825,181.8774971
6292,-123.7192307,-52.18076706,907.0175781,181.878744
6293,-123.2310562,-63.72758865,907.3284912,181.8805051
6294,-122.6521683,-75.27393341,907.6921997,181.8828679
6295,-121.9817276,-86.81890106,908.1087646,181.8859259
6296,-121.2192154,-98.3615799,908.578125,181.8897784
6297,-120.3640671,-109.9009323,909.1000977,181.8945256
6298,-119.4155197,-121.4358978,909.6747437,181.9002663
6299,-118.3731308,-132.965332,910.302002,181.9070915
6300,-117.2362137,-144.4880676,910.9818726,181.9150802
6301,-116.0043869,-156.0028687,911.7142944,181.9242931
6302,182.836731,-147.4470978,116.2999954,184.5472206
6303,190.1523743,-138.2849121,116.3000336,184.5392739
6304,190.2385559,-138.1713104,77.53335571,184.4651789
6305,197.1658478,-128.5360413,38.76664734,184.4135016
6306,203.604248,-118.567421,4.20681863e-05,184.3885317
6307,203.604248,129.6357269,4.20681863e-05,183.7047548
6308,203.6041565,129.6357269,38.76665115,183.7026212
6309,203.604187,129.6357269,77.53333282,183.6957576
6310,197.2460327,139.4865265,116.2999802,183.6392525
6311,197.1629181,139.6022797,116.3000031,183.6387306
6312,186.9351807,146.5617981,162.8416443,183.5569938
6313,183.5458221,143.9976349,209.3832855,183.4897393
6314,180.1565247,141.4335327,255.9250641,183.3760447
6315,176.7671967,138.8693695,302.4667053,183.1846846
6316,173.3778381,136.3052368,349.0083618,182.8697234
6317,169.9885101,133.7410889,395.5500183,182.3848733
6318,166.5991211,131.1769714,442.0916443,181.723939
6319,163.2097626,128.6128235,488.6333618,180.9273867
6320,159.8204041,126.0487137,535.1749878,180.1131244
6321,156.431076,123.4845505,581.7166748,179.7233318
6322,153.041687,120.9204178,628.2583008,180.0542319
6323,147.9047852,120.5532532,674.7999878,180.791907
6324,145.0586548,124.1536179,674.7999878,180.8205348
6325,144.4782867,124.8877945,674.7999878,180.8263345
6326,143.8278198,125.6361618,674.8000488,180.8325172
6327,144.9493408,123.7732162,679.1378784,180.878819
6328,141.9504852,127.3550415,679.06604,180.9031012
6329,138.6814423,130.6955566,683.3864136,180.9805001
6330,135.4078064,134.2313232,683.2774658,181.0025659
6331,141.8356171,127.1042557,683.5109863,180.95947
6332,135.2377167,134.1928558,687.7921143,181.0531568
6333,131.7585907,137.7569733,687.6586914,181.0730043
6334,128.1309967,141.2751923,687.5519409,181.0940559
6335,123.9672241,145.0224457,692.0564575,181.1592692
6336,127.8695679,141.4523773,692.1697998,181.139721
6337,119.4764938,148.956604,696.6983643,181.2212042
6338,123.7023392,145.3207397,696.8208618,181.2029094
6339,114.6188049,153.0756073,701.4515381,181.2796982
6340,119.2163467,149.3639984,701.605835,181.2626008
6341,109.3922501,157.3466339,706.2786865,181.3344728
6342,114.3764191,153.5778961,706.4950562,181.3186677
6343,104.1870041,161.4461517,711.291687,181.3850957
6344,99.47144318,164.5340576,711.2998657,181.3997001
6345,109.1871185,157.9256287,711.4512329,181.3709079
6346,99.29605865,165.1827698,716.5926514,181.4318197
6347,94.90352631,168.4839783,722.2478638,181.4748428
6348,99.29987335,165.8225098,722.043457,181.463707
6349,97.04535675,167.2125092,722.1160889,181.4692381
6350,93.03617096,170.2922058,728.0393066,181.5098268
6351,95.0585556,169.1327972,727.8504639,181.5049576
6352,91.45661926,172.0040741,734.0438843,181.5433823
6353,93.34632111,170.9509125,733.8012085,181.5391776
6354,91.90660095,172.6838379,739.9675903,181.5720813
6355,85.87329865,176.990921,747.2264404,181.612704
6356,89.10548401,175.2393494,746.6647949,181.6068744
6357,92.47370911,173.3838654,746.0618896,181.6008096
6358,83.89901733,180.565506,760.2102661,181.6692662
6359,87.26611328,178.6579132,759.8375244,181.6658017
6360,81.92401886,184.6648712,773.6226807,181.721418
6361,85.48313141,182.5666656,773.4196167,181.7199213
6362,79.77648926,189.3523102,787.4887085,181.7690465
6363,83.55080414,187.071228,787.4206543,181.7691335
6364,76.59881592,193.0957794,794.5948486,181.790818
6365,80.56580353,190.7362061,794.5958862,181.791483
6366,64.76565552,201.5231628,801.8163452,181.8097833
6367,65.49745178,203.2780914,809.0714722,181.8284425
6368,69.03993225,199.31987,801.7907104,181.8102026
6369,73.24432373,197.0033875,801.793457,181.8109445
6370,77.35678101,194.6205139,801.8244629,181.8120504
6371,61.82875824,207.2572937,816.413147,181.8451558
6372,66.1674118,205.1166077,816.4526367,181.8465413
6373,58.0215683,211.2477112,823.7716675,181.8603394
6374,62.42936325,209.2207336,823.8540649,181.8620434
6375,58.54018784,213.3309021,831.2505493,181.8760469
6376,54.06483459,215.2379456,831.105835,181.8740364
6377,49.52427292,216.985199,830.9696045,181.8722346
6378,44.92362595,218.5709839,830.8399048,181.8706229
6379,40.26784897,219.9934998,830.7149048,181.8691839
6380,35.56167603,221.2512207,830.5928955,181.8679015
6381,30.80969429,222.3425751,830.4733276,181.8667625
6382,26.01643753,223.26651,830.3556519,181.8657549
6383,21.18658447,224.021637,830.239624,181.8648677
6384,6.955573082,227.8685303,836.4204712,181.8727171
6385,11.86727905,227.5812378,836.635376,181.8737315
6386,16.7558136,227.1229401,836.8515625,181.8748496
6387,21.61704826,226.4946442,837.0684204,181.8760788
6388,-7.524958134,230.5194397,842.0096436,181.8786999
6389,-2.576729536,230.6981964,842.3282471,181.8798211
6390,2.362945795,230.7054138,842.6496582,181.881035
6391,7.28946352,230.5415649,842.9729004,181.8823472
6392,-17.11723709,242.1341248,865.3723145,181.9058869
6393,-12.22834587,233.1217804,847.8092041,181.8855894
6394,-7.284006596,233.4147339,848.2421875,181.8869681
6395,-12.09444427,236.1458893,853.9309082,181.8933106
6396,-12.08384895,239.2366791,860.0570068,181.9007978
6397,-12.20559216,242.3898926,866.1847534,181.9080223
6398,-22.25815392,245.09021,870.4170532,181.9103354
6399,-17.36845589,245.4214935,871.3633423,181.9125961
6400,-66.06130981,241.2870178,871.4208374,181.9019862
6401,-70.62895966,239.1544342,870.282959,181.9000502
6402,-75.1023941,236.8363495,869.1914062,181.8982183
6403,-77.28659058,235.6093903,868.6763306,181.8973302
6404,-79.42687225,234.3251343,868.1834717,181.8964632
6405,-81.50528717,232.9554901,867.7158813,181.8956066
6406,-83.5173645,231.5023193,867.2749634,181.8947613
6407,-85.45937347,229.968399,866.8618774,181.8939287
6408,-87.3272171,228.3568726,866.4782104,181.8931104
6409,-89.11696625,226.6710663,866.1253662,181.8923083
6410,-90.82546234,224.9148865,865.8040771,181.8915244
6411,-56.80139923,245.0095062,873.7114258,181.9060418
6412,-61.45346832,243.2384796,872.5619507,181.9039808
6413,-52.10485077,246.5982666,874.87146,181.9081731
6414,-91.16751862,227.7493744,869.9088745,181.8944865
6415,-47.36623764,248.0027924,876.0427246,181.9103774
6416,-42.58795547,249.2222443,877.2243652,181.9126574
6417,-37.76899719,250.259079,878.4172974,181.9150202
6418,-32.89929581,251.1126099,879.6293945,181.9174677
6419,-30.45765114,251.4398346,880.243042,181.9187203
6420,-29.93959808,247.8416901,874.6327515,181.9130479
6421,-22.64196205,248.5153961,876.2593384,181.9165632
6422,-27.50479317,248.1213531,875.1754761,181.9142087
6423,186.7661133,-135.7167206,162.8417053,184.6767226
6424,176.2397156,-142.0908813,209.383316,184.9015169
6425,165.549118,-147.7736359,255.9250031,185.2596877
6426,154.7364807,-152.7648163,302.4666748,185.9847918
6427,143.8440094,-157.066803,349.0083618,188.6364141
6428,132.9130249,-160.6843719,395.5499878,176.1927806
6429,121.9842682,-163.6247101,442.0916443,152.2688816
6430,111.0977173,-165.8973846,488.6333008,131.996697
6431,100.2923508,-167.5142059,535.1749878,116.3023849
6432,89.60597992,-168.489151,581.7166748,108.6576966
6433,79.07514954,-168.8384247,628.2583008,132.6118252
6434,67.46461487,-169.0726471,674.7999878,160.6782865
6435,67.81813049,-168.9275818,674.7999878,160.3603812
6436,68.72521973,-168.5553131,674.7999878,159.5227104
6437,72.06388855,-167.1852722,674.7999878,156.2578183
6438,57.60385895,-172.1867828,679.333313,171.4564614
6439,61.9631958,-170.7277374,679.2921143,167.3247897
6440,47.35367966,-174.9562225,684.2281494,180.235836
6441,51.80089951,-173.7445526,684.1031494,178.6246758
6442,37.10054779,-177.2644348,689.5513916,180.552871
6443,41.62585068,-176.3028107,689.3258057,180.6213893
6444,26.87173462,-179.1254272,695.3046875,180.705659
6445,31.46561432,-178.4175568,694.979126,180.7185245
6446,16.68881798,-180.5456543,701.4534912,180.8601713
6447,21.3444767,-180.0967865,701.034729,180.8553228
6448,6.564700603,-181.5236359,707.9447632,181.001353
6449,11.27764034,-181.3407745,707.4441528,180.9899901
6450,-8.279866219,-181.822525,715.3070068,181.1421041
6451,-3.49392581,-182.048233,714.7203369,181.1261212
6452,1.274594784,-182.1416321,714.1464233,181.1127583
6453,-13.48864174,-182.0986938,721.7270508,181.2347181
6454,-28.31920052,-180.8091888,729.6413574,181.3427601
6455,-23.42379761,-181.6448822,728.9190063,181.3285844
6456,-18.54520226,-182.3335266,728.2155151,181.3157339
6457,-33.30483246,-180.6490173,736.2605591,181.4094827
6458,-42.82431793,-179.2290802,743.6315308,181.4781841
6459,-47.32883453,-178.0220032,744.2379761,181.4877068
6460,-51.89592361,-176.6967163,744.8076172,181.4976079
6461,-56.42827606,-175.2653198,745.3902588,181.5080001
6462,-38.14223862,-180.4345703,742.8937378,181.4681866
6463,-95.78414917,-165.4512024,782.666687,181.71297
6464,-97.99848938,-164.0492859,782.3595581,181.7133685
6465,-93.52973938,-166.7972717,782.9683228,181.7126711
6466,-91.31043243,-168.0699005,783.1958008,181.712306
6467,-89.12651825,-169.2723846,783.348877,181.7118535
6468,-86.97528076,-170.4081726,783.4307251,181.7113017
6469,-84.85413361,-171.4804077,783.444458,181.7106404
6470,-82.76218414,-172.4919128,783.3920898,181.7098583
6471,-80.69869232,-173.4453583,783.2759399,181.7089458
6472,-60.65740204,-174.8303223,751.8169556,181.5511587
6473,-64.65480042,-174.4905701,758.2027588,181.5896322
6474,-68.43164825,-174.2622528,764.5457764,181.624097
6475,-71.99332428,-174.1609192,770.8461914,181.6551207
6476,-75.32777405,-174.2057343,777.1052246,181.6831771
6477,-78.67366791,-174.3621063,783.0915527,181.7079251
6478,-76.69008636,-175.2537994,782.8371582,181.7067176
6479,-112.479393,-158.4211731,805.3029175,181.7798303
6480,-106.1954422,-162.7368622,796.3952026,181.7572212
6481,-104.3953629,-164.3943329,796.6223145,181.7575464
6482,-103.0962982,-163.7508545,791.8361816,181.7439029
6483,-107.2752075,-163.3437195,801.1356812,181.7697932
6484,-108.8883667,-161.5902557,800.9364624,181.7693114
6485,-109.7381592,-162.1401825,805.6334229,181.780932
6486,-111.154335,-160.2944031,805.4611816,181.7803233
6487,-101.1211624,-165.3091125,792.0928345,181.7440478
6488,-99.61587524,-164.6495819,787.2591553,181.7292019
6489,-113.9742355,-162.4173889,895.7354736,181.9175072
6490,-114.0726089,-163.7770233,899.77948,181.9220209
6491,-109.5718765,-171.117569,833.0708008,181.8437236
6492,-110.8615875,-166.1038208,824.0229492,181.8227804
6493,-109.385704,-173.922821,841.7252808,181.8615074
6494,-112.2557602,-161.2086792,814.72052,181.8013031
6495,-109.1925583,-176.4698334,850.1275635,181.8775564
6496,-109.0370636,-178.6873932,858.27948,181.8918377
6497,-108.9853287,-180.5623474,866.2211304,181.90446
6498,-111.7674637,-160.7679138,810.1171265,181.7910997
6499,-112.5415344,-165.5094757,876.8442383,181.9020766
6500,-112.7702179,-163.7502747,872.9672852,181.8962788
6501,-110.9716797,-172.3205109,869.6240234,181.9000547
6502,-108.7427979,-182.6685944,870.2033081,181.9116355
6503,-112.2608414,-170.5079041,888.5184326,181.9184033
6504,-112.2891388,-168.8910217,884.6070557,181.9131355
6505,-112.3818359,-167.2239532,880.7199707,181.9076943
6506,-112.293663,-172.0719147,892.4681396,181.9235008
6507,-112.3842545,-173.580307,896.4710083,181.9284307
6508,-114.2244263,-165.0805511,903.9101562,181.9264027
6509,-114.4266815,-166.3252716,908.1445923,181.9306523
6510,-114.6770782,-167.5084381,912.4992065,181.9347669
6511,-91.59644318,230.5457306,873.9859009,181.8973849
6512,-94.61100769,248.4656219,898.692688,181.9142879
6513,-93.68436432,245.9513855,894.5924683,181.9118542
6514,-92.81112671,243.3647156,890.522644,181.9093289
6515,-95.58153534,250.9011993,902.8369751,181.9166292
6516,-90.51061249,242.709549,886.878418,181.9078117
6517,-89.70611572,239.9299469,882.8226929,181.9050457
6518,-88.98046875,237.0981903,878.7630615,181.9021847
6519,-90.01584625,232.4177399,874.3155518,181.8982992
6520,-91.38684845,245.4303741,890.9402466,181.9104799
6521,-109.7487106,211.6135101,910.7366943,181.9032752
6522,-108.8588333,217.2941284,911.2177124,181.905283
6523,-107.8528671,222.9228973,911.7269287,181.9073926
6524,-106.7302704,228.4896088,912.2645264,181.9095989
6525,-105.4954453,233.9868317,912.8294678,181.9118954
6526,-104.1531448,239.4072113,913.4205933,181.9142746
6527,-102.7088089,244.7440338,914.0358887,181.9167272
6528,-101.1677856,249.991333,914.6735229,181.9192429
6529,-99.53636169,255.1431885,915.3306885,181.9218099
6530,-111.7340088,201.5536194,914.2226562,181.9010888
6531,-97.61295319,255.5118561,911.3202515,181.9210408
6532,-96.58557892,253.2520599,907.0408325,181.9188795
6533,-98.65344238,257.6745911,915.6920776,181.9231156
6534,-113.5824356,191.2601318,917.8459473,181.8990762
6535,-124.8611374,-6.08301115,910.6435547,181.8770734
6536,-124.9517517,5.534172535,910.5958862,181.8770381
6537,-125.0241089,17.22604179,915.1481934,181.8780415
6538,-124.8974915,28.91972733,915.249939,181.8783363
6539,-124.6853333,40.61460495,915.4075317,181.8788057
6540,-124.3873444,52.30987167,915.6208496,181.8794257
6541,-124.0029602,64.00492859,915.8898926,181.8801823
6542,-123.5318222,75.69888306,916.2144775,181.8810709
6543,-122.9733582,87.39093018,916.5947266,181.8820929
6544,-122.3272781,99.08026886,917.0304565,181.8832562
6545,-121.5930328,110.7659378,917.5216675,181.8845761
6546,-120.7702713,122.4469833,918.0682983,181.8860729
6547,-119.8585205,134.122406,918.6703491,181.8877724
6548,-118.8573608,145.7911682,919.3277588,181.8897041
6549,-117.7663193,157.4521637,920.0405884,181.8919003
6550,-116.5852661,169.1043701,920.8085938,181.8943949
6551,-115.3137054,180.7465515,921.631897,181.8972211
6552,-124.7324753,-17.70254898,910.7441406,181.8773671
6553,-124.5170364,-29.32390594,910.899231,181.8779696
6554,-124.2144089,-40.94642258,911.1087646,181.8789579
6555,-123.8239746,-52.56932831,911.3727417,181.8803967
6556,-123.3452454,-64.19194031,911.690918,181.8823694
6557,-122.7776108,-75.81335449,912.0634766,181.8849609
6558,-122.1205597,-87.43275452,912.4901733,181.8882613
6559,-121.373497,-99.04919434,912.9710083,181.8923668
6560,-120.5359344,-110.6616974,913.5059814,181.8973727
6561,-119.6073761,-122.2692413,914.0950317,181.9033716
6562,-118.5872574,-133.8707123,914.7380981,181.9104474
6563,-117.4751968,-145.4650116,915.4351807,181.9186709
6564,-116.2706375,-157.0509491,916.1862183,181.9280938
6565,-114.9733353,-168.6273346,916.9911499,181.9387431
6566,190.2356415,-138.1692505,116.3000336,184.5391579
6567,197.085434,-128.6537933,116.2999878,184.5279384
6568,197.1658478,-128.5360413,77.5333252,184.4554448
6569,203.6041565,-118.567421,38.76665115,184.4019458
6570,209.537674,-108.2903137,-3.624538658e-05,184.3747829
6571,209.537674,119.3585663,-3.624538658e-05,183.7432749
6572,209.5377045,119.3585663,38.76664352,183.7418165
6573,209.537735,119.3585663,77.5333252,183.7370115
6574,203.6785126,129.5140686,116.2999802,183.6832106
6575,203.6012726,129.6338196,116.3000107,183.6826777
6576,193.7331543,137.0945282,162.8416901,183.6053274
6577,190.2201996,134.7024689,209.3833313,183.5453892
6578,186.7072296,132.3105164,255.9249725,183.440294
6579,183.1942444,129.9184875,302.4666138,183.2559579
6580,179.6813812,127.5264893,349.0083313,182.9389987
6581,176.1684113,125.1344986,395.5499878,182.4317429
6582,172.6553955,122.7424774,442.0916748,181.7239753
6583,169.1425323,120.3504486,488.6333923,180.8517289
6584,165.6295624,117.9584579,535.1750488,179.9172695
6585,162.1165771,115.5664597,581.7166748,179.4673303
6586,158.6036072,113.1744385,628.2583008,179.8783371
6587,153.3739471,113.1848984,674.8000488,180.7357921
6588,150.6985016,116.9139481,674.7999878,180.7638299
6589,149.8805847,118.0538254,674.7999878,180.7723769
6590,149.6457062,118.3510132,674.7999878,180.774705
6591,150.6463165,116.4241409,679.2977905,180.8325746
6592,147.8480988,120.1288681,679.2156982,180.855223
6593,147.800705,119.7565765,683.7982788,180.9211672
6594,144.8742676,123.4577026,683.6491089,180.9396481
6595,141.7786407,126.9234161,688.1307373,181.0177215
6596,138.5756683,130.5818024,687.9505005,181.0346775
6597,144.8527527,123.2172546,688.3297729,181.0024705
6598,138.5366211,130.5305634,692.6889648,181.0902359
6599,135.14151,134.2098999,692.484314,181.1050202
6600,131.5889893,137.8498993,692.3105469,181.1215739
6601,127.7049408,141.6673431,696.9630737,181.1861035
6602,131.5050659,137.9897919,697.1369629,181.1710026
6603,123.5486221,145.6472015,701.7554932,181.2469373
6604,127.637825,141.9205322,701.9267578,181.2329982
6605,119.0830383,149.7896271,706.6782837,181.3041295
6606,123.5053482,146.0029144,706.8557129,181.291202
6607,114.2762833,154.088562,711.699707,181.3575985
6608,119.0727005,150.2356567,711.9124146,181.3456997
6609,109.1389313,158.5035858,716.7835083,181.407215
6610,104.0652008,162.0680695,716.5985718,181.4190948
6611,101.6365204,163.6831512,716.5704346,181.425497
6612,114.3113022,154.6104889,717.0641479,181.3964575
6613,101.6580124,164.3127136,722.0283203,181.4583036
6614,97.20518494,167.8557129,727.7229004,181.5001739
6615,101.8372726,164.9394073,727.6499023,181.4910926
6616,99.46786499,166.4583435,727.6566162,181.4955326
6617,95.36820221,169.7848511,733.6173096,181.5350591
6618,97.5165329,168.5006104,733.4963379,181.5310922
6619,93.79371643,171.6208191,739.7315674,181.5685573
6620,95.81365967,170.4455261,739.5554199,181.5651821
6621,94.35816956,172.3075867,745.8355713,181.5979602
6622,90.50857544,176.8110657,759.3209839,181.6620249
6623,93.88195801,174.8678131,758.7730713,181.6582362
6624,95.76093292,173.7553711,758.574585,181.6566643
6625,88.87213135,180.5383606,773.0994873,181.7183084
6626,92.14382935,178.5657349,772.6530151,181.7164942
6627,87.1326828,184.8427887,787.2734985,181.7692608
6628,90.55765533,182.6727142,787.0267334,181.7693636
6629,84.34604645,188.3932648,794.5561523,181.7922883
6630,87.94322205,186.0951538,794.4441528,181.7930846
6631,81.32242584,192.2054596,801.8555298,181.8134497
6632,85.11048126,189.7995758,801.8490601,181.8150379
6633,69.76526642,201.0289154,809.0897827,181.8295138
6634,70.42985535,202.8242035,816.5209351,181.8482293
6635,73.9620285,198.6655273,809.1325073,181.8309145
6636,78.06803894,196.2333679,809.199707,181.8326745
6637,82.03347778,193.7634125,809.2658691,181.8347214
6638,66.76425934,207.0396271,823.9555054,181.8640092
6639,71.02238464,204.7073517,824.079834,181.866267
6640,62.94568634,211.2661896,831.4063721,181.8782879
6641,67.27781677,209.0481873,831.5760498,181.8807842
6642,63.36825562,213.3940125,839.0646973,181.8938343
6643,58.96424484,215.4928741,838.8292236,181.8911057
6644,54.49020386,217.4352112,838.6005249,181.8886039
6645,49.95077133,219.2188873,838.3765869,181.8863101
6646,45.3511734,220.8420868,838.1560059,181.8842079
6647,40.69607925,222.3030701,837.9373779,181.8822817
6648,35.99044037,223.600174,837.7195435,181.8805172
6649,31.23899651,224.7319489,837.5023193,181.8789027
6650,26.44627762,225.6972504,837.2852783,181.8774266
6651,12.19838238,230.2073517,843.2973022,181.8837638
6652,17.08489037,229.7038116,843.6219482,181.8852914
6653,21.94433784,229.0317078,843.9460449,181.8869368
6654,26.77231407,228.1920624,844.269104,181.8887079
6655,-2.342364073,233.5382385,848.6781616,181.8884405
6656,2.591887236,233.4925232,849.1159058,181.8900114
6657,7.513978958,233.2780609,849.5546265,181.8916868
6658,12.4191885,232.8955841,849.9934082,181.8934725
6659,-12.46750927,245.5999603,872.3106079,181.9149579
6660,-7.158598423,236.3773346,854.4867554,181.8950049
6661,-2.224183083,236.4424133,855.0445557,181.896798
6662,-7.157108307,239.4029236,860.7398071,181.9027783
6663,-7.288327694,242.4873962,866.99823,181.9102603
6664,-7.560408115,245.625351,873.2578735,181.9174255
6665,-17.7640667,248.759903,877.3435669,181.9190182
6666,-12.87438583,248.8575287,878.4280396,181.9215792
6667,-62.11396027,246.7541962,877.262207,181.90817
6668,-66.71867371,244.7374115,875.9927979,181.9059841
6669,-71.28701019,242.5275116,874.7260742,181.9038582
6670,-73.53836823,241.3473969,874.1091309,181.9028207
6671,-75.74934387,240.117157,873.5178833,181.9018169
6672,-77.91841888,238.8385773,872.953186,181.9008398
6673,-80.03718567,237.5001068,872.4165649,181.8998853
6674,-82.08786774,236.0747833,871.9111328,181.8989437
6675,-84.06599426,234.5651093,871.4385376,181.8980166
6676,-85.96718597,232.9739685,871.0003662,181.8971053
6677,-87.787323,231.3049774,870.5982666,181.8962117
6678,-89.52178955,229.5619507,870.2341919,181.8953381
6679,-52.77375031,250.2095947,879.8323364,181.9127417
6680,-57.46614075,248.5789948,878.5410156,181.9104214
6681,-48.03857803,251.6433258,881.137146,181.9151328
6682,-43.26260757,252.8793488,882.4543457,181.9175972
6683,-38.44345093,253.9210052,883.7853394,181.9201423
6684,-36.01305771,254.3704834,884.4588623,181.9214516
6685,-31.1223774,255.0754852,885.8270874,181.9241258
6686,-33.56685257,254.767395,885.1404419,181.9227881
6687,-28.6893158,255.2859497,886.5139771,181.925458
6688,-28.02354622,251.6854706,880.8575439,181.9199734
6689,-23.17234039,251.9845734,882.0819702,181.9224996
6690,-18.30638123,252.1388855,883.3059082,181.9251275
6691,193.5753479,-126.2575684,162.8416748,184.6614232
6692,183.3798828,-133.1484985,209.3833313,184.8810204
6693,172.985733,-139.3570862,255.9250336,185.2166505
6694,162.4353485,-144.8810272,302.4666138,185.8530189
6695,151.7707977,-149.7205963,349.0083008,188.0054977
6696,141.0337677,-153.87854,395.5499878,169.4098102
6697,130.2651978,-157.3600006,442.0917053,145.4667347
6698,119.5053711,-160.1724854,488.6333313,124.2372864
6699,108.7940292,-162.3259125,535.1749878,107.5510888
6700,98.16955566,-163.8323212,581.7166748,98.98642224
6701,87.66930389,-164.7060547,628.2583618,123.8366713
6702,75.52513123,-165.7649231,674.8000488,153.4274282
6703,76.2935791,-165.4068756,674.7999878,152.7396612
6704,77.31455231,-164.9312134,674.8000488,151.7890801
6705,80.45372009,-163.4686737,674.8000488,148.6787915
6706,66.28399658,-169.160675,679.2657471,163.6317233
6707,70.56372833,-167.4872284,679.2490234,159.6661611
6708,56.21397018,-172.4212494,683.9990845,174.793932
6709,60.59020233,-170.9869995,683.9193115,170.7524351
6710,46.12182999,-175.226181,689.1213989,180.6475475
6711,50.58553314,-174.0350952,688.9420776,180.441823
6712,36.03481674,-177.5913391,694.6714478,180.7523743
6713,40.57648087,-176.6472321,694.3856812,180.8158626
6714,25.97852898,-179.5259552,700.6317139,180.860884
6715,30.58906746,-178.8336945,700.2468872,180.8806613
6716,15.97153568,-181.0320129,706.9561157,180.9841393
6717,20.64445114,-180.5979614,706.4829712,180.9854979
6718,6.024772167,-182.1039124,713.5853882,181.1027107
6719,10.75583076,-181.936203,713.0375366,181.096838
6720,-8.664881706,-182.481308,721.0866699,181.2212311
6721,-3.858840466,-182.7268677,720.460144,181.2099424
6722,0.9284407496,-182.8367767,719.847229,181.2013525
6723,-13.68414497,-182.8773346,727.5292969,181.304477
6724,-28.37317276,-181.6628571,735.4951782,181.3975601
6725,-23.45835304,-182.5233917,734.7511597,181.3868629
6726,-18.56116104,-183.2332153,734.0265503,181.3776088
6727,-33.18912506,-181.6269531,742.0945435,181.4582867
6728,-42.56605148,-180.3211365,749.4429321,181.5193296
6729,-47.07964325,-179.111557,750.0523071,181.5265383
6730,-51.65716171,-177.7845764,750.6239624,181.5341909
6731,-56.2000618,-176.3523712,751.208313,181.5424342
6732,-37.87355804,-181.5390625,748.7019043,181.5118888
6733,-95.27086639,-167.5143127,787.8585205,181.7292597
6734,-97.47924805,-166.1061249,787.5490723,181.729155
6735,-93.02069855,-168.864563,788.1629639,181.7294664
6736,-90.80181122,-170.1405792,788.3961182,181.7296085
6737,-88.61497498,-171.3454742,788.5575562,181.7296663
6738,-86.45745087,-172.4825134,788.6503906,181.7296298
6739,-84.32709503,-173.554657,788.6776123,181.7294903
6740,-82.22293091,-174.5645294,788.6413574,181.729238
6741,-60.29858398,-176.0860443,757.5731201,181.5823966
6742,-64.19572449,-175.9165344,763.8922729,181.6181454
6743,-67.90340424,-175.8574677,770.1594238,181.6502495
6744,-71.42396545,-175.9214172,776.3646851,181.6791674
6745,-74.74628448,-176.1234436,782.5131226,181.7053482
6746,-78.10295105,-176.4279938,788.3800659,181.7283792
6747,-76.10138702,-177.3167114,788.1489258,181.7277515
6748,-105.5757904,-165.0613861,801.3492432,181.7703921
6749,-103.7919006,-166.7397461,801.5775146,181.7711127
6750,-102.513382,-166.0114746,796.864624,181.7579935
6751,-106.6376343,-165.734848,806.0198364,181.7825032
6752,-108.2322083,-163.9548645,805.8195801,181.781658
6753,-109.0673752,-164.5530701,810.4489136,181.7928674
6754,-110.4631348,-162.6753693,810.276001,181.791922
6755,-100.5511322,-167.5848999,797.1228638,181.7585695
6756,-99.06874847,-166.8228302,792.3664551,181.7443255
6757,-112.528923,-175.0303802,900.5427856,181.9331954
6758,-112.7241898,-176.4194336,904.6998291,181.9377964
6759,-108.4712067,-173.2397308,833.2219849,181.8458146
6760,-109.7151566,-168.1495972,824.1702881,181.8243551
6761,-108.422821,-176.1569672,841.8679199,181.8639098
6762,-111.0655441,-163.1792297,814.8658447,181.8023185
6763,-108.363678,-178.8159637,850.2650146,181.8802191
6764,-108.3351898,-181.1402588,858.4159546,181.8947122
6765,-108.3861237,-183.1098938,866.362793,181.9074772
6766,-110.463623,-177.9599915,881.3704224,181.9188472
6767,-110.564743,-176.1290588,877.4598389,181.9128274
6768,-110.7337799,-174.2483215,873.5480957,181.9065866
6769,-108.5685425,-184.7250977,874.1636963,181.9185734
6770,-107.5177689,-187.8097992,870.515564,181.9180839
6771,-107.7237625,-185.6352081,866.5155029,181.9106261
6772,-110.5428085,-183.1264343,893.218689,181.9356173
6773,-110.4558334,-181.46138,889.2366333,181.9302385
6774,-110.4282761,-179.738327,885.291748,181.9246497
6775,-110.6854172,-184.7307739,897.2525635,181.9407899
6776,-110.8797836,-186.2716522,901.3538208,181.9457601
6777,-112.9668579,-177.7446747,908.9588623,181.9422342
6778,-113.2538528,-179.0033875,913.3366699,181.9465081
6779,-113.5827637,-180.1928406,917.8500366,181.9506162
6780,-94.35718536,253.1738586,903.27948,181.9178906
6781,-93.31990051,250.6691589,899.1276855,181.9155173
6782,-92.32637787,248.0857697,895.0192261,181.9130472
6783,-95.42778778,255.5933228,907.4898071,181.920169
6784,-89.84372711,247.4242096,891.4282837,181.911663
6785,-88.90800476,244.6348419,887.350769,181.9089484
6786,-88.04575348,241.7879944,883.2783203,181.9061306
6787,-88.33937836,234.2209473,874.6908569,181.8992392
6788,-87.26442719,238.8908539,879.201355,181.9032127
6789,-90.84413147,250.1492157,895.5219116,181.9142725
6790,-110.1178741,213.0232086,915.164917,181.9048833
6791,-109.2540817,218.7431793,915.6589355,181.9069422
6792,-108.2893372,224.4185486,916.1790771,181.9091003
6793,-107.2233963,230.0405273,916.7254639,181.9113532
6794,-106.0598221,235.6027679,917.2972412,181.9136942
6795,-104.8026733,241.0992737,917.8933716,181.9161166
6796,-103.4565506,246.5243073,918.5122681,181.9186117
6797,-102.0259628,251.8727417,919.1521606,181.9211697
6798,-100.5162506,257.1399536,919.810791,181.9237797
6799,-99.6971817,259.7338867,920.1732788,181.9251067
6800,-112.0983429,202.8135376,918.758606,181.9025556
6801,-97.62578583,260.1498718,916.1508179,181.9244523
6802,-96.52084351,257.9208984,911.7745972,181.9223552
6803,-98.73207855,262.2737122,920.6353149,181.9264634
6804,-113.9514084,192.377533,922.510376,181.9004095
6805,-125.1095886,5.534172535,915.100769,181.8779328
6806,-125.0243301,-6.157784939,915.1523438,181.8780841
6807,-124.8976212,-17.85153008,915.2541504,181.8785101
6808,-125.6748199,5.534172535,924.697937,181.879732
6809,-125.2195663,5.534172535,918.239502,181.8785353
6810,-125.1097031,5.534172535,915.1049805,181.8779336
6811,-125.5899124,17.36190987,924.7443848,181.8796607
6812,-125.4655457,29.19024277,924.8457642,181.8798158
6813,-124.9316559,40.82369995,920.1052246,181.8794887
6814,-124.6370468,52.58732986,920.3213501,181.8800731
6815,-124.2572021,64.3500061,920.5943604,181.8808124
6816,-123.7918091,76.11087036,920.9242554,181.8817014
6817,-123.2405396,87.86907959,921.3109741,181.8827397
6818,-122.603035,99.62377167,921.7543945,181.8839344
6819,-121.8788834,111.3740845,922.2546387,181.8852999
6820,-121.067749,123.1190567,922.8116455,181.8868553
6821,-120.1694183,134.8576508,923.4252319,181.8886249
6822,-119.1835785,146.5889893,924.0953979,181.8906365
6823,-118.1097946,158.3119965,924.8222656,181.8929205
6824,-116.9479904,170.0255585,925.6055908,181.8955077
6825,-115.6977692,181.7286377,926.4454956,181.8984286
6826,-124.6855545,-29.54643822,915.4117432,181.8792592
6827,-124.3874741,-41.2418251,915.625061,181.8804197
6828,-124.0030975,-52.93688202,915.894104,181.8820469
6829,-123.5319672,-64.63092804,916.21875,181.8842272
6830,-122.9735947,-76.32307434,916.598938,181.8870417
6831,-122.3275299,-88.0124588,917.034668,181.8905765
6832,-121.5932922,-99.69818878,917.5258789,181.8949249
6833,-120.770546,-111.3792648,918.0725098,181.9001766
6834,-119.8588104,-123.0547562,918.6745605,181.9064183
6835,-118.8575439,-134.723587,919.3320923,181.9137269
6836,-117.7666168,-146.3846741,920.0447998,181.9221645
6837,-116.5855789,-158.0368958,920.8128662,181.9317744
6838,-115.3140335,-169.6791534,921.6361694,181.9425748
6839,-113.9517517,-181.3101959,922.5147095,181.9545546
6840,197.162796,-128.5341187,116.2999802,184.5277835
6841,203.5298309,-118.6890411,116.2999725,184.5134274
6842,203.604187,-118.567421,77.53333282,184.4428619
6843,209.5377045,-108.2903137,38.76664352,184.3878128
6844,214.9515991,-97.73018646,2.408546789e-05,184.3585921
6845,214.9515991,108.7984772,2.408546789e-05,183.7820685
6846,214.9515991,108.7984772,38.76670456,183.7813253
6847,214.9515381,108.7984772,77.53330994,183.7787086
6848,209.605835,119.2333984,116.2999725,183.728015
6849,209.5346375,119.356842,116.2999802,183.7274729
6850,200.050705,127.3001404,162.8416748,183.6552263
6851,196.4228973,125.0862198,209.3833618,183.6036544
6852,192.7950287,122.8722916,255.9250031,183.5089617
6853,189.1672516,120.658371,302.4666443,183.3343358
6854,185.5394745,118.4444427,349.0083313,183.0180178
6855,181.9116669,116.2304916,395.5500183,182.4882937
6856,178.2837677,114.0165634,442.0916443,181.7313362
6857,174.6559906,111.8026352,488.6333313,180.7781289
6858,171.0281982,109.5887146,535.1750488,179.6987421
6859,167.4004211,107.3747864,581.7166748,179.1738532
6860,163.772522,105.1608658,628.2583008,179.6850764
6861,158.4759521,105.5575333,674.8000488,180.6814212
6862,155.977066,109.4071274,674.7999878,180.7084353
6863,155.0861816,110.7795563,674.7999878,180.7180685
6864,154.9582672,110.9767532,674.8000488,180.7194516
6865,153.3437653,112.6613312,679.3827515,180.8108003
6866,153.3201599,112.1991882,684.1175537,180.8890564
6867,150.6157532,116.003006,683.9554443,180.9042392
6868,150.6324921,115.6640625,688.7694092,180.9778942
6869,147.80336,119.4634705,688.5441284,180.9891175
6870,144.8875885,123.0499725,693.1754761,181.0667132
6871,141.7826385,126.810936,692.9207153,181.077401
6872,147.8585815,119.247345,693.4490967,181.0583986
6873,141.8497162,126.7653427,697.8761597,181.1380114
6874,138.5666656,130.5406952,697.5969849,181.1467632
6875,135.1217804,134.2816925,697.3491211,181.1578258
6876,131.5074158,138.1764374,702.1329956,181.2210148
6877,135.179245,134.4076691,702.3816528,181.2112241
6878,127.6676331,142.2124786,707.0561523,181.2801906
6879,131.5957489,138.4099426,707.2940674,181.2713282
6880,123.5689774,146.3892517,712.1182861,181.3355522
6881,127.7911606,142.5437622,712.3479004,181.3274726
6882,119.1788559,150.7039337,717.3067627,181.3872168
6883,123.7333374,146.8074036,717.5413208,181.3798266
6884,114.4713669,155.1465759,722.5894165,181.4352113
6885,109.2367706,159.0843811,722.2770386,181.4434339
6886,104.1083603,162.6844482,722.065979,181.4530695
6887,119.3919144,151.1965942,722.8621216,181.4285849
6888,104.3020706,163.2999725,727.6980591,181.4869082
6889,99.78285217,167.0954895,733.4382324,181.527335
6890,104.629776,163.9193573,733.5005493,181.5206815
6891,102.1577377,165.5680542,733.4412231,181.5238467
6892,97.96064758,169.1525879,739.4431152,181.5620206
6893,100.2262802,167.7392426,739.3947144,181.5591313
6894,96.37483215,171.1205902,745.6696777,181.5953169
6895,98.51759338,169.8173523,745.5680542,181.5929455
6896,97.76651001,172.5375061,758.4360962,181.6553939
6897,95.53437805,176.503891,772.18573,181.7148571
6898,97.40679932,175.3430939,772.0254517,181.7144629
6899,99.39601135,174.0847168,771.9229126,181.7144222
6900,93.87293243,180.5481567,786.673645,181.7694293
6901,97.28929138,178.3406219,786.3101196,181.7697977
6902,92.19648743,185.1008301,801.6246948,181.8185883
6903,95.56567383,182.802536,801.3867188,181.8201545
6904,88.7248764,187.4295197,801.7772827,181.8167467
6905,85.83100891,191.2939911,809.2979126,181.8369548
6906,89.46447754,188.8500824,809.2714233,181.8392949
6907,74.61985016,200.4166565,816.6092529,181.8502392
6908,75.20704651,202.2587433,824.2199097,181.8688365
6909,78.7205658,197.9369812,816.7182007,181.8525961
6910,82.68701172,195.4130859,816.8250122,181.8552311
6911,86.49542236,192.880127,816.9008789,181.8580551
6912,71.53278351,206.6800232,831.7627563,181.883562
6913,75.71330261,204.193924,831.9608765,181.8866402
6914,67.69876862,211.1431732,839.309082,181.8968112
6915,71.95188904,208.7434235,839.5646362,181.9000587
6916,68.01834106,213.3253479,847.1494141,181.9120461
6917,63.68821335,215.6045685,846.8237915,181.9086378
6918,59.28477097,217.7335358,846.5023804,181.9054704
6919,54.81138229,219.7075806,846.1834717,181.9025249
6920,50.27272797,221.5245056,845.8658447,181.8997854
6921,45.67381287,223.1825256,845.5485229,181.8972377
6922,41.01952362,224.6799164,845.2306519,181.894868
6923,36.31463242,226.0148773,844.911438,181.8926636
6924,31.56405067,227.1859894,844.5909424,181.8906137
6925,17.30274582,232.3458557,850.4314575,181.895375
6926,22.15992737,231.6296997,850.867981,181.8974013
6927,26.98599625,230.7480316,851.3023682,181.8995587
6928,31.77615356,229.7019043,851.7342529,181.9018556
6929,2.703735352,236.3412628,855.6032104,181.8986949
6930,7.620552063,236.0743561,856.1619263,181.9007013
6931,12.52123165,235.6422272,856.7197266,181.9028229
6932,17.40109253,235.045639,857.276001,181.9050665
6933,-7.977715015,248.8076935,879.5119629,181.9242501
6934,-2.230784178,239.4066162,861.4235229,181.904862
6935,2.690190077,239.2477112,862.1073608,181.9070541
6936,-2.370676279,242.4267273,867.8117676,181.9126055
6937,-2.6519804,245.4975586,874.2045898,181.9200039
6938,-3.07918191,248.6104126,880.5946045,181.9270351
6939,-13.42829132,252.15242,884.5294189,181.9278643
6940,-8.54278183,252.0247955,885.7518311,181.9307141
6941,-58.26554108,252.1599884,883.3348999,181.9146217
6942,-62.90497589,250.2758179,881.927124,181.9121968
6943,-67.50153351,248.1878052,880.5305176,181.9098345
6944,-72.06394196,245.894577,879.1369629,181.9075277
6945,-74.30924988,244.6670837,878.4599609,181.9064032
6946,-76.50790405,243.3855286,877.81427,181.90531
6947,-78.65830231,242.0520477,877.2006836,181.9042473
6948,-80.75215149,240.6558075,876.6208496,181.9032103
6949,-82.77176666,239.1715393,876.078186,181.9021898
6950,-84.71260071,237.6019592,875.5742798,181.9011867
6951,-86.57004547,235.9505005,875.111145,181.9002025
6952,-48.85109329,255.3045502,886.1967163,181.9196716
6953,-53.58052826,253.8373718,884.7576294,181.9171126
6954,-44.07915878,256.5603638,887.6506958,181.9223012
6955,-39.2611084,257.6087341,889.1212769,181.9250102
6956,-36.82922363,258.0570374,889.8662109,181.9264023
6957,-34.37939835,258.4483337,890.6209106,181.9278207
6958,-31.9327774,258.7367554,891.3810425,181.9292374
6959,-29.50107193,258.9110413,892.140564,181.9306413
6960,-24.6735878,259.0108337,893.6481323,181.9334397
6961,-23.84983635,255.4868164,887.8798828,181.9281305
6962,-18.9961853,255.5476685,889.2445068,181.9309087
6963,-14.13018131,255.4746552,890.6081543,181.9337992
6964,199.9046783,-116.470787,162.8416748,184.6425092
6965,190.0653229,-123.8613434,209.3833771,184.8559975
6966,179.9935913,-130.580307,255.9250031,185.1653502
6967,169.7316437,-136.623291,302.4666748,185.6822157
6968,159.3215942,-141.9884186,349.0083618,187.1668097
6969,148.805191,-146.6763916,395.5500183,163.4806478
6970,138.2234955,-150.6902924,442.0916748,138.8594126
6971,127.6173248,-154.035614,488.6333313,116.7021155
6972,117.026619,-156.7202759,535.1750488,98.98031018
6973,106.4903412,-158.7544098,581.7166748,89.44246776
6974,96.04670715,-160.1504517,628.2583008,115.1988934
6975,83.42018127,-162.0865784,674.8000488,146.2715554
6976,84.5861969,-161.4756775,674.7999878,145.2361697
6977,85.71298981,-160.885376,674.7999878,144.1806849
6978,88.65158844,-159.3458252,674.7999878,141.2384966
6979,74.79267883,-165.7119446,679.2407227,156.0265128
6980,78.954216,-163.844101,679.2333374,152.1789755
6981,64.92697906,-169.4425201,683.8674316,166.9417363
6982,69.22211456,-167.7906189,683.8337402,163.0804642
6983,55.01400757,-172.7301483,688.7923584,177.8579022
6984,59.40463638,-171.3119965,688.6768188,174.0018573
6985,45.08795929,-175.5857391,694.1264038,180.8930297
6986,49.5660553,-174.4074249,693.8985596,180.9562105
6987,35.17379761,-178.0205078,699.8829346,180.919549
6988,39.73021698,-177.0869141,699.5446167,180.9847554
6989,25.29453659,-180.0391998,706.0272827,180.9962246
6990,29.92003632,-179.3562622,705.5918579,181.0190602
6991,15.46650505,-181.6395874,712.5032959,181.0961953
6992,20.15503693,-181.2147522,711.9851074,181.102103
6993,5.69629097,-182.8123016,719.2481079,181.1960633
6994,10.44353294,-182.6546478,718.6627808,181.1947837
6995,-8.841192245,-183.2785645,726.8588257,181.2951263
6996,-4.017224789,-183.5392761,726.2027588,181.2880476
6997,0.7869542241,-183.660965,725.5609131,181.2836787
6998,-13.68229675,-183.7946014,733.3198242,181.3700479
6999,-28.24064255,-182.664505,741.3173828,181.4495103
7000,-23.30931091,-183.5451202,740.5620117,181.442061
7001,-18.39612961,-184.2714844,739.8264771,181.4361412
7002,-32.90674591,-182.7532043,747.9007568,181.5048427
7003,-42.16306686,-181.5666351,755.2216797,181.558847
7004,-46.68711853,-180.3583527,755.8261719,181.5638773
7005,-51.27555847,-179.0335083,756.392334,181.5694065
7006,-55.82975388,-177.6042175,756.9707642,181.57561
7007,-37.46034622,-182.7925262,754.4866943,181.5538175
7008,-94.74131775,-169.7037354,792.9689941,181.7453219
7009,-96.94141388,-168.2887421,792.6580811,181.7447465
7010,-92.49777222,-171.0587311,793.2754517,181.7460004
7011,-90.28140259,-172.3388824,793.513916,181.7466176
7012,-88.09310913,-173.5470886,793.6838989,181.7471554
7013,-85.93022156,-174.6863861,793.7886353,181.7476065
7014,-83.79108429,-175.7594604,793.8306885,181.7479631
7015,-81.67481995,-176.7687988,793.8122559,181.748218
7016,-59.82554626,-177.5044556,763.2773438,181.6126578
7017,-63.64937592,-177.5020599,769.52948,181.6458773
7018,-67.30977631,-177.6081543,775.7112427,181.6757254
7019,-70.80918884,-177.8317719,781.8172607,181.7026346
7020,-74.13815308,-178.1837769,787.850708,181.7270095
7021,-77.52244568,-178.6277466,793.5952148,181.7483973
7022,-104.9562607,-167.4766235,806.234436,181.7834698
7023,-103.1900558,-169.176712,806.4637451,181.7845613
7024,-101.925293,-168.3753204,801.821106,181.7719603
7025,-106.0065231,-168.2046509,810.8371582,181.7951214
7026,-107.5813828,-166.3973694,810.6359253,181.7939354
7027,-108.4077301,-167.0317383,815.1992188,181.8047522
7028,-109.782402,-165.12146,815.0254517,181.803467
7029,-99.97797394,-169.9647217,802.0803833,181.7729402
7030,-98.51098633,-169.1112366,797.3977661,181.7592822
7031,-111.1217194,-187.7463837,905.5388184,181.9505316
7032,-111.4076996,-189.1522522,909.8241577,181.9551071
7033,-107.2799454,-175.3261566,833.3875122,181.8480372
7034,-108.4763489,-170.1629944,824.3321533,181.8260607
7035,-107.3708267,-178.3561554,842.0250244,181.8664445
7036,-107.4485703,-181.1285248,850.4168701,181.8830094
7037,-107.5512543,-183.5631256,858.5663452,181.8977084
7038,-108.4480667,-190.5688782,886.0170898,181.9377366
7039,-108.4227905,-188.6779785,882.0595093,181.9316131
7040,-108.4622803,-186.729126,878.1122437,181.9252266
7041,-107.3798447,-189.9320679,874.4942627,181.9252394
7042,-106.80336,-190.3409576,870.6896973,181.9214692
7043,-106.9859467,-188.1312408,866.6813354,181.9138848
7044,-108.8773499,-195.8669128,898.0801392,181.9545656
7045,-108.6792679,-194.1660309,894.0135498,181.9492072
7046,-108.5347595,-192.3991241,889.9973145,181.9435996
7047,-109.1245346,-197.4990845,902.2127075,181.9596817
7048,-109.4164886,-199.0598145,906.4272461,181.9645621
7049,-111.7343369,-190.4864349,914.2265625,181.9594884
7050,-112.0986862,-191.7462311,918.7627563,181.9636761
7051,-112.4984207,-192.9288483,923.4484253,181.9676694
7052,-94.13296509,257.8666992,908.0284424,181.9214906
7053,-92.9994812,255.3775024,903.8076172,181.9191845
7054,-91.89956665,252.8025818,899.6437988,181.9167792
7055,-95.2888031,260.2633057,912.3221436,181.9237009
7056,-89.24397278,252.1355438,896.0969849,181.9155282
7057,-88.18782043,249.3406219,891.9834595,181.9128758
7058,-87.19828033,246.4823456,887.8845215,181.9101132
7059,-86.28434753,243.5681458,883.7894897,181.9072415
7060,-85.45363617,240.6054993,879.6889038,181.9042638
7061,-90.35669708,254.8596039,900.2370605,181.918072
7062,-110.5203247,214.3533478,919.7251587,181.9064485
7063,-109.6801834,220.1100922,920.2312622,181.9085537
7064,-108.7538071,225.8291473,920.7614136,181.9107549
7065,-107.7407074,231.5033417,921.3158569,181.9130495
7066,-106.6440887,237.1275177,921.8937988,181.9154299
7067,-105.4672394,242.6966095,922.4943237,181.9178908
7068,-104.2137985,248.2061157,923.116272,181.920424
7069,-102.8877716,253.6516418,923.7579346,181.9230204
7070,-101.4932938,259.0294189,924.4175415,181.9256698
7071,-100.7347946,261.6836243,924.7808838,181.9270165
7072,-99.8300705,264.2856445,925.2451172,181.9283914
7073,-112.497963,203.9962158,923.4441528,181.9039856
7074,-97.62360382,264.7501526,921.1955566,181.927849
7075,-96.45600891,262.5601501,916.7055664,181.9258191
7076,-98.78165436,266.8262939,925.8088989,181.9297939
7077,-114.3590088,193.4201355,927.3417969,181.9017102
7078,-125.5902634,-6.293623924,924.7490845,181.8801026
7079,-125.4658966,-18.12204742,924.8505249,181.8807748
7080,-124.9319382,-29.75556183,920.1096191,181.8805454
7081,-125.6751633,5.534172535,924.7026978,181.8797328
7082,-126.4852829,17.47736359,935.2295532,181.8812554
7083,-126.5581436,5.534172535,935.1911621,181.8815038
7084,-126.0363159,5.534172535,929.8267212,181.8806174
7085,-126.360405,29.42004776,935.3251953,181.8812634
7086,-125.2572021,41.01845551,925.0053711,181.8801718
7087,-126.1518402,41.36136246,935.4810791,181.8815185
7088,-124.9647522,52.84571838,925.2230835,181.8807198
7089,-124.5878067,64.67124939,925.4988403,181.8814417
7090,-124.1262817,76.49421692,925.8326416,181.8823309
7091,-123.5798798,88.31378937,926.2244263,181.883385
7092,-122.9482956,100.1290665,926.6741943,181.8846097
7093,-122.2313232,111.9391937,927.1819458,181.8860194
7094,-121.4288025,123.7432098,927.7474976,181.8876311
7095,-120.5404205,135.5401917,928.3709106,181.8894678
7096,-119.5660934,147.3291473,929.052124,181.8915556
7097,-118.5054626,159.1091766,929.7911377,181.8939224
7098,-117.3584213,170.8791809,930.5878906,181.8965967
7099,-116.1249084,182.6381989,931.4423218,181.8996056
7100,-124.6373291,-41.51928329,920.3257446,181.881878
7101,-124.2574921,-53.28199387,920.5988159,181.8836885
7102,-123.7921066,-65.04291534,920.9287109,181.8860717
7103,-123.2408295,-76.80119324,921.3154297,181.8891029
7104,-122.6032333,-88.55594635,921.7589722,181.8928629
7105,-121.8791885,-100.3063049,922.2591553,181.8974434
7106,-121.0680695,-112.0513077,922.8161011,181.9029276
7107,-120.1697388,-123.7900085,923.4296875,181.9093964
7108,-119.1839066,-135.5213928,924.0999146,181.9169195
7109,-118.1101379,-147.2444153,924.8267822,181.9255513
7110,-116.9483566,-158.9580383,925.6101074,181.9353263
7111,-115.6981354,-170.6611938,926.4500122,181.9462549
7112,-114.3593979,-182.3527222,927.3463745,181.9583183
7113,-112.9318542,-194.0315399,928.2991943,181.9714659
7114,203.6011505,-118.5656815,116.2999878,184.5132353
7115,209.4694977,-108.4154663,116.3000107,184.495882
7116,209.537735,-108.2903137,77.5333252,184.4275179
7117,214.9515991,-97.73018646,38.76670456,184.3711802
7118,219.8323212,-86.91334534,1.725805078e-06,184.3400422
7119,219.8323212,97.98163605,1.725805078e-06,183.8210012
7120,219.8323517,97.98163605,38.76668167,183.8210096
7121,219.8323517,97.98163605,77.53336334,183.8206991
7122,215.013443,108.6700287,116.3000031,183.7735124
7123,214.9484406,108.7968674,116.3000183,183.772963
7124,205.8722382,117.2030258,162.8416901,183.7065476
7125,202.1385345,115.1727142,209.3833008,183.6644237
7126,198.4049377,113.1423721,255.9250336,183.5820993
7127,194.6712036,111.1119995,302.4666748,183.4203286
7128,190.9375458,109.0816574,349.0083008,183.1080056
7129,187.2039337,107.0513458,395.5500183,182.5558628
7130,183.4702148,105.0209732,442.0916138,181.7475234
7131,179.7366028,102.9906311,488.6333618,180.7095009
7132,176.0029144,100.9602814,535.1749878,179.4542577
7133,172.2693024,98.92996979,581.7167358,178.835297
7134,168.535614,96.89959717,628.2583618,179.4729417
7135,163.1987,97.68945312,674.7999878,180.62965
7136,160.8817749,101.6512527,674.7999878,180.6552992
7137,160.129364,102.9379349,674.8000488,180.6636589
7138,159.7016449,103.6693497,674.7999878,180.668404
7139,158.4359283,104.9683685,679.5558472,180.7716296
7140,155.9400177,108.8424301,679.4691772,180.7909012
7141,155.9149628,108.3472977,684.2824707,180.8760119
7142,155.9334106,107.9376907,689.2371216,180.9629584
7143,153.3417969,111.8215027,689.0014648,180.9690634
7144,153.4107208,111.5257187,694.0310669,181.0499425
7145,150.6989288,115.4050827,693.736084,181.0527112
7146,147.9683685,119.1062317,698.5092773,181.1283021
7147,144.9806671,122.9541016,698.1819458,181.1317788
7148,150.8165283,115.2238541,698.8517456,181.1278452
7149,145.1325378,122.9279022,703.3449097,181.1970596
7150,141.9804688,126.7852478,702.9927979,181.1990418
7151,138.6664734,130.6112061,702.6700439,181.2038304
7152,135.3134766,134.587265,707.5774536,181.264855
7153,138.8354187,130.7410583,707.9034424,181.2609868
7154,131.7667084,138.6902008,712.6165771,181.3216696
7155,135.5211945,134.8199921,712.9329834,181.318363
7156,128.0023956,142.9150085,717.7999878,181.3746469
7157,132.0146637,139.0173798,718.0986328,181.3718017
7158,123.9896088,147.2586975,723.1255493,181.4238375
7159,128.2928772,143.3269043,723.4128418,181.4215482
7160,119.6999207,151.7156982,728.581543,181.4697194
7161,114.7437057,155.6997375,728.2790527,181.473816
7162,109.4670258,159.6717834,727.9355469,181.479544
7163,124.3262863,147.7444763,728.8736572,181.4671425
7164,109.8140411,160.2697601,733.7643433,181.5155349
7165,102.6010742,166.2038269,739.4083862,181.5565713
7166,110.2608719,160.8823547,739.769104,181.5513368
7167,105.0736542,164.5473785,739.4793091,181.5543897
7168,100.778511,168.3950653,745.5308228,181.5909057
7169,103.1478882,166.8520508,745.5559692,181.5892558
7170,99.89323425,171.2088013,758.3612061,181.6544866
7171,102.1330032,169.7662506,758.3497925,181.6539962
7172,101.4964828,172.7234955,771.8811035,181.7147887
7173,101.1205292,175.8117065,786.1377563,181.771493
7174,99.01260376,180.4255524,801.1472778,181.8221665
7175,102.80513,177.7672729,801.0793457,181.8255083
7176,92.96225739,186.4371033,809.1735229,181.8416948
7177,96.36106873,184.045166,809.0009155,181.8441177
7178,99.82388306,181.5758057,808.8302612,181.8469617
7179,90.14966583,190.3610535,816.9251099,181.8610014
7180,93.67513275,187.8611755,816.887085,181.8640398
7181,79.30340576,199.7339478,824.3764648,181.8717379
7182,79.80680084,201.6268005,832.1712646,181.8900351
7183,83.27236176,197.1576538,824.5297241,181.8749104
7184,87.09307861,194.5615082,824.6551514,181.878279
7185,90.76919556,191.966507,824.7354736,181.8817917
7186,76.12976074,206.2241211,839.8273926,181.9035946
7187,80.22185516,203.6179657,840.0981445,181.907432
7188,72.2713089,210.8990784,847.4807739,181.915714
7189,76.44816589,208.3512268,847.8149414,181.9196572
7190,72.4832077,213.1483917,855.5057983,181.9304958
7191,68.22886658,215.5956879,855.0917358,181.9264562
7192,63.89775467,217.8981628,854.6782227,181.9226646
7193,59.49368668,220.0525665,854.2643433,181.9191054
7194,55.02005768,222.0542755,853.8491211,181.9157627
7195,50.48155212,223.9008789,853.4318237,181.912623
7196,45.88317108,225.5907288,853.012085,181.9096741
7197,41.22948074,227.1219788,852.5892334,181.9069035
7198,36.52554321,228.4928894,852.163208,181.9043007
7199,22.25520706,234.2853241,857.8297729,181.9074384
7200,27.07877159,233.3621063,858.3803101,181.9099455
7201,31.86699104,232.2771912,858.9272461,181.9125958
7202,36.61491776,231.0318604,859.4699707,181.9153972
7203,7.600867748,238.9265594,862.7903442,181.90936
7204,12.49628639,238.4437103,863.4716187,181.9117855
7205,17.37164879,237.7997284,864.1504517,181.9143366
7206,22.22212601,236.9953766,864.8260498,181.9170197
7207,-3.654768944,251.7558594,886.9724731,181.9336806
7208,2.542504787,242.2077942,868.6245117,181.9150628
7209,7.446327686,241.8308563,869.435791,181.9176378
7210,2.252840996,245.2165222,875.1499634,181.9226981
7211,1.816550016,248.2652893,881.675354,181.9299387
7212,1.230964184,251.3453674,888.1906738,181.9367681
7213,-9.25641346,255.2671204,891.9702759,181.9368051
7214,-4.379829884,254.9249268,893.3300781,181.93993
7215,-54.52216339,257.4712219,889.6478882,181.921274
7216,-59.19677734,255.7422791,888.0942383,181.9186309
7217,-63.82358551,253.7935028,886.5587769,181.9160507
7218,-68.40647125,251.6285553,885.0370483,181.9135297
7219,-72.95613861,249.2460938,883.5197144,181.9110598
7220,-75.19160461,247.968399,882.7843018,181.9098545
7221,-77.37437439,246.6325531,882.0855103,181.9086817
7222,-79.50263214,245.2409515,881.4242554,181.9075414
7223,-81.56790161,243.7839203,880.8024292,181.9064292
7224,-83.55323029,242.2377167,880.2232666,181.9053364
7225,-45.03465271,260.254364,892.8123169,181.9267574
7226,-49.80092239,258.9758301,891.2211304,181.9239819
7227,-40.21910477,261.3111572,894.4232788,181.9296103
7228,-37.78628159,261.7584229,895.2401123,181.9310745
7229,-35.33383179,262.1438293,896.0680542,181.9325648
7230,-32.88573456,262.4120483,896.9017944,181.9340492
7231,-30.45587921,262.5493164,897.7338867,181.9355145
7232,-28.04865456,262.5677185,898.55896,181.9369616
7233,-20.81256294,262.4130554,901.0286255,181.9414512
7234,-25.64050865,262.5458069,899.3825684,181.9384303
7235,-19.83249855,258.9758911,895.1537476,181.9363507
7236,-14.97911549,258.8141174,896.6578369,181.9393749
7237,-10.117939,258.5249939,898.1599731,181.9425163
7238,205.738266,-106.3806534,162.8417053,184.6202897
7239,196.2795258,-114.2525101,209.3833771,184.8275863
7240,186.5552063,-121.4651337,255.9249725,185.1112495
7241,176.6073303,-128.0121155,302.4666748,185.5040492
7242,166.4775848,-133.8894806,349.0083313,186.2905219
7243,156.2079163,-139.0958405,395.5500183,158.1748225
7244,145.839447,-143.6321869,442.0916748,132.5033776
7245,135.4132538,-147.5020294,488.6333008,109.4099284
7246,124.9694748,-150.7112427,535.1749878,90.60545767
7247,114.5477524,-153.2680511,581.7166748,80.03613312
7248,104.1866455,-155.1829224,628.2583008,106.6981956
7249,91.13755035,-158.0434265,674.7999878,139.2345093
7250,92.67621613,-157.1435699,674.7999878,137.8806895
7251,93.90010834,-156.4278564,674.7999878,136.7279837
7252,96.63801575,-154.8266602,674.7999878,133.9620908
7253,83.03662872,-161.892868,679.2150269,148.6244377
7254,87.03663635,-159.86409,679.1754761,144.9252071
7255,73.45953369,-166.0393677,683.81604,159.3742615
7256,77.61000824,-164.2053986,683.7999268,155.652197
7257,63.75485229,-169.7813263,688.6005859,170.2222119
7258,68.06241608,-168.1422882,688.5499878,166.4405397
7259,54.00764465,-173.1128387,693.7074585,180.2432951
7260,58.41016006,-171.702652,693.559082,177.0448701
7261,44.25498199,-176.033371,699.2370605,181.0823349
7262,48.74523926,-174.8604584,698.9662476,181.2315423
7263,34.51865387,-178.5496979,705.1798096,181.0573515
7264,39.08761597,-177.6200104,704.7963867,181.1152689
7265,24.81951714,-180.6622925,711.4858398,181.11614
7266,29.45821953,-179.9827728,711.0085449,181.1401345
7267,15.16931629,-182.3649902,718.0919189,181.1983546
7268,19.87176514,-181.944046,717.5379639,181.2077679
7269,5.570420742,-183.6449127,724.9334106,181.2825282
7270,10.33234024,-183.4924622,724.3203125,181.2851748
7271,-8.822566032,-184.2098541,732.6293335,181.3644632
7272,-3.982639313,-184.4811707,731.9536743,181.3611776
7273,0.8365303874,-184.6100311,731.2926636,181.3605686
7274,-13.50188828,-184.8459167,739.1091919,181.4319789
7275,-27.94427299,-183.8095398,747.1220093,181.4990171
7276,-22.99921799,-184.7055664,746.3651123,181.4945926
7277,-18.07231331,-185.4438934,745.628418,181.4917562
7278,-32.4827652,-184.0233154,753.6933594,181.5494541
7279,-41.64167404,-182.9614258,760.9783325,181.596932
7280,-46.17773438,-181.7579041,761.5704346,181.599916
7281,-50.77772522,-180.4386597,762.1239014,181.6034445
7282,-55.34378433,-179.015625,762.6890259,181.6077161
7283,-36.92892838,-184.1909637,760.2581787,181.5941669
7284,-96.39518738,-170.5872498,797.6904297,181.7601406
7285,-94.20600891,-172.0098114,798.0019531,181.761154
7286,-91.97174835,-173.3704681,798.3096924,181.7622707
7287,-89.75997925,-174.6558228,798.5532227,181.7633308
7288,-87.57164001,-175.868515,798.7322388,181.7643186
7289,-85.40477753,-177.011322,798.8495483,181.7652277
7290,-83.25763702,-178.0866547,798.9078369,181.7660521
7291,-81.12969208,-179.0968475,798.9089966,181.7667852
7292,-59.26319122,-179.0801086,768.9368896,181.6420567
7293,-63.03495789,-179.2416992,775.1127319,181.6728625
7294,-66.66757965,-179.5083771,781.2050781,181.700562
7295,-70.16400146,-179.8855591,787.2078247,181.7255401
7296,-73.51747894,-180.379837,793.1220703,181.7481347
7297,-76.94429779,-180.95401,798.7412109,181.7679633
7298,-104.3446884,-169.9714355,811.0527344,181.7964266
7299,-102.5978699,-171.6942749,811.282959,181.7978619
7300,-101.3407593,-170.8316803,806.708252,181.7857829
7301,-105.3889465,-170.7418823,815.5894165,181.8075951
7302,-106.942749,-168.9064178,815.387207,181.8061293
7303,-106.3228455,-171.4705505,820.0743408,181.818018
7304,-107.1465988,-172.1403961,824.5083008,181.827893
7305,-99.41047668,-172.4380798,806.9683228,181.7871395
7306,-97.95228577,-171.5046082,802.3561401,181.7740592
7307,-109.7490387,-200.5463867,910.7403564,181.969213
7308,-110.1182175,-201.9561005,915.1688232,181.9736402
7309,-105.9995651,-177.3732605,833.5673828,181.8503906
7310,-106.2309799,-180.5171661,842.1964722,181.8691085
7311,-106.448494,-183.4048004,850.5827637,181.8859235
7312,-106.6865082,-185.95224,858.7305298,181.900822
7313,-107.3666153,-195.9574127,886.402771,181.9449004
7314,-107.3060226,-194.008606,882.427002,181.9386387
7315,-107.3097229,-191.9992371,878.4612427,181.9320802
7316,-106.6889954,-192.4973755,874.6769409,181.9287306
7317,-106.0181351,-192.8402252,870.8764648,181.9249579
7318,-106.1737747,-190.5944824,866.8602295,181.9172578
7319,-107.8975143,-201.4134064,898.5170288,181.9619852
7320,-107.6665726,-199.6625061,894.434021,181.9565653
7321,-107.4881134,-197.8429413,890.4006958,181.9508732
7322,-108.1763382,-203.092926,902.6652222,181.9671423
7323,-108.4984283,-204.6983643,906.8944092,181.9720453
7324,-110.5206985,-203.2861786,919.7293091,181.9778481
7325,-110.9537506,-204.5338898,924.4373779,181.9818397
7326,-111.4154358,-205.6964722,929.3083496,181.9856149
7327,-93.92406464,262.5322571,912.9581909,181.9250765
7328,-92.70812988,260.0653992,908.6523438,181.9228427
7329,-91.51517487,257.5054016,904.4171753,181.9205091
7330,-95.15141296,264.8983154,917.3515625,181.9272151
7331,-88.69784546,256.8341675,900.9035034,181.919394
7332,-87.53218079,254.0390778,896.7406616,181.9168125
7333,-86.42517853,251.174057,892.602356,181.9141164
7334,-85.3870697,248.2468719,888.4767456,181.9113041
7335,-84.42712402,245.2654572,884.3534546,181.9083765
7336,-89.9109726,259.5514832,905.104126,181.9218634
7337,-110.9533691,215.60112,924.4329834,181.9079674
7338,-110.1342468,221.3919525,924.9501953,181.9101156
7339,-109.2426071,227.1517792,925.489624,181.9123541
7340,-108.2782669,232.8750763,926.0512695,181.9146869
7341,-107.24366,238.557663,926.6347046,181.9171012
7342,-106.1415024,244.1955566,927.2390747,181.9195969
7343,-104.9745712,249.7850952,927.8634644,181.9221643
7344,-103.7460938,255.3229065,928.5065918,181.9247959
7345,-102.4592743,260.8058777,929.1669312,181.9274817
7346,-101.7577744,263.517395,929.5306396,181.9288467
7347,-100.9107132,266.1790466,929.9959106,181.9302386
7348,-99.92054749,268.7814026,930.5614014,181.9316566
7349,-112.9314499,205.0988922,928.2945557,181.9053743
7350,-97.59687805,269.2983398,926.4673462,181.931223
7351,-96.37921143,267.1562195,921.848999,181.9292625
7352,-98.79447937,271.3173218,931.222168,181.9330999
7353,-114.8046799,194.3850861,932.3543701,181.9029729
7354,-126.4857178,-6.409078121,935.2350464,181.8820892
7355,-126.3608398,-18.35179329,935.3306885,181.8829989
7356,-125.2575531,-29.95029068,925.0101318,181.8818289
7357,-124.9651031,-41.77761078,925.2277832,181.8833268
7358,-127.6769943,17.56990051,946.7331543,181.8827826
7359,-126.5586853,5.534172535,935.1965332,181.8815046
7360,-127.5488281,29.60416794,946.8146973,181.8826313
7361,-127.3361893,41.63605118,946.958252,181.8827897
7362,-125.8595657,53.30038071,935.6971436,181.8820003
7363,-127.0392151,53.66459656,947.1638184,181.8832073
7364,-124.9961166,64.96715546,930.619812,181.8820666
7365,-124.5364227,76.847229,930.9559326,181.8829554
7366,-123.9925156,88.72315216,931.3511963,181.8840247
7367,-123.3643188,100.594017,931.8054199,181.8852778
7368,-122.6515961,112.4589767,932.3187256,181.8867298
7369,-121.8543854,124.3170776,932.8909912,181.888395
7370,-120.9723129,136.1674347,933.5223389,181.8902955
7371,-120.0055389,148.0091248,934.2124634,181.8924554
7372,-118.9537201,159.8411255,934.9616089,181.8949002
7373,-117.8169937,171.6625366,935.7695312,181.8976555
7374,-116.5952148,183.4724274,936.6362305,181.9007457
7375,-124.5881577,-53.60320282,925.5036011,181.8853126
7376,-124.1266479,-65.42623138,925.8374023,181.887894
7377,-123.5802383,-77.24584961,926.229187,181.8911347
7378,-122.9486542,-89.06118774,926.6789551,181.8951094
7379,-122.2316971,-100.8713684,927.1867065,181.8999105
7380,-121.4291763,-112.6754303,927.7522583,181.905613
7381,-120.5407944,-124.4724655,928.3757324,181.9122929
7382,-119.5664902,-136.2615204,929.0568848,181.9200126
7383,-118.5058594,-148.0415649,929.7959595,181.9288189
7384,-117.3588333,-159.811615,930.5927124,181.9387385
7385,-116.1253357,-171.5706635,931.4471436,181.9497741
7386,-114.8051071,-183.3176422,932.3591919,181.9619003
7387,-113.3980789,-195.0514984,933.3289185,181.9750604
7388,-111.9040909,-206.7711792,934.3561401,181.9891621
7389,209.5346069,-108.2886887,116.3000259,184.4956543
7390,214.8896942,-97.85858917,116.2999802,184.4754385
7391,214.9515381,-97.73018646,77.53330994,184.4095091
7392,219.8323517,-86.91334534,38.76668167,184.3521355
7393,224.1678162,-75.86665344,7.589644611e-06,184.3192258
7394,224.1678162,86.93492126,7.589644611e-06,183.8599325
7395,224.1678162,86.93492126,38.76668549,183.8607239
7396,224.1678467,86.93492126,77.53336334,183.8628221
7397,219.8876648,97.8502655,116.2999878,183.8195306
7398,219.8291321,97.98020172,116.3000412,183.8189761
7399,211.1832123,106.8283005,162.8416748,183.7591179
7400,207.3529968,104.9866104,209.3833466,183.7275342
7401,203.5227051,103.1448822,255.9250031,183.659692
7402,199.6924744,101.3031616,302.4666748,183.5144377
7403,195.8622589,99.46146393,349.0083313,183.2103641
7404,192.0320282,97.61974335,395.5500183,182.6359012
7405,188.2018127,95.77804565,442.0916138,181.7741178
7406,184.371582,93.93635559,488.6333008,180.6500337
7407,180.5413361,92.09460449,535.1749878,179.1799693
7408,176.7111969,90.2529068,581.7166748,178.4420802
7409,172.8809662,88.41118622,628.2583618,179.2410342
7410,165.401001,93.6647644,674.8000488,180.6050323
7411,164.776825,94.85611725,674.7999878,180.6121389
7412,164.098587,96.15075684,674.8000488,180.6198452
7413,163.1281891,97.05809021,679.7268677,180.7389334
7414,160.8323059,101.0394363,679.6418457,180.7548197
7415,160.7877502,100.4963837,684.6112061,180.8569276
7416,158.4030914,104.4467087,684.4476318,180.8650952
7417,158.4126282,104.0111771,689.4729614,180.9598785
7418,158.466156,103.6591263,694.6291504,181.05464
7419,155.9972992,107.6111526,694.3302002,181.0504514
7420,156.1077423,107.3651581,699.5587769,181.1372687
7421,153.5283508,111.3095016,699.203064,181.1307096
7422,150.985199,115.1181793,704.1127319,181.202461
7423,148.1325531,119.0381622,703.7206421,181.1981139
7424,153.6942139,111.1705933,704.5141602,181.210393
7425,148.350235,119.0413208,709.0794067,181.2671506
7426,145.3421021,122.9698105,708.6603394,181.2619645
7427,142.1742096,126.8692932,708.2663574,181.2599781
7428,139.0702972,130.9294739,713.2939453,181.3177653
7429,142.427475,127.0163345,713.6934204,181.3203379
7430,135.7968445,135.1054688,718.446228,181.3714064
7431,139.3655853,131.1755829,718.8396606,181.3732882
7432,132.3312225,139.3915405,723.7403564,181.4216313
7433,136.1322632,135.4433594,724.1173706,181.4243636
7434,124.729805,148.2661743,734.7897339,181.5116333
7435,129.0651855,144.2754211,735.131897,181.5140503
7436,133.1253815,140.2814636,735.5130005,181.5188152
7437,120.0888977,152.2633667,734.4696045,181.5109001
7438,115.1137619,156.2729492,734.1380005,181.5122319
7439,115.5652084,156.8692932,740.1715088,181.5499803
7440,105.614624,165.1891174,745.6387939,181.5880514
7441,116.0809631,157.4920959,746.3834839,181.588678
7442,110.7892914,161.5138397,745.9539795,181.5871998
7443,104.4769516,168.2079773,758.4000854,181.6539616
7444,106.9141006,166.5345459,758.5073853,181.6544492
7445,103.7009888,171.2564545,771.8999634,181.715612
7446,105.3414307,172.9136658,786.1870117,181.7749048
7447,106.9209213,174.7852631,801.2075806,181.8304625
7448,103.5935822,178.8457336,808.8188477,181.8510569
7449,107.6494675,175.8158875,808.9885864,181.8566566
7450,97.10439301,185.3717804,816.7844849,181.8671718
7451,100.5829849,182.8053894,816.6866455,181.8707479
7452,104.3274078,179.999115,816.734375,181.8755058
7453,94.32324219,189.3777008,824.7623291,181.8854314
7454,97.78359222,186.7875214,824.734375,181.8892096
7455,83.77954102,199.0000305,832.3770752,181.893695
7456,84.19969177,200.9432678,840.362915,181.9115291
7457,87.61381531,196.3417206,832.5579224,181.8975595
7458,91.31299591,193.6704254,832.6999512,181.9015905
7459,94.89622498,190.9911346,832.796814,181.9057801
7460,80.54038239,205.7099609,848.152832,181.9238868
7461,84.52498627,202.9902039,848.4833374,181.9283716
7462,76.66098785,210.5772247,855.9186401,181.9347977
7463,80.75514221,207.9051971,856.3307495,181.9393706
7464,76.76100159,212.904007,864.133728,181.9489975
7465,72.58026886,215.49263,863.6349487,181.9443844
7466,68.32253265,217.9548492,863.1307983,181.9400195
7467,63.9889183,220.2750702,862.6226196,181.9358912
7468,59.58306122,222.4498749,862.1098022,181.9319861
7469,55.10839081,224.4745789,861.5921021,181.9282913
7470,50.5693779,226.3469391,861.0692749,181.9247954
7471,45.97093964,228.0651703,860.5412598,181.9214877
7472,41.31784439,229.6273956,860.0081177,181.9183582
7473,27.04268074,236.0314484,865.4975586,181.9198413
7474,31.8284874,234.9090881,866.1643677,181.9228084
7475,36.5747757,233.6295624,866.8258057,181.9259284
7476,41.27668762,232.1940918,867.4812012,181.9292086
7477,12.33580112,241.2962646,870.2446899,181.9203358
7478,17.20606613,240.6046143,871.050415,181.9231625
7479,22.05213356,239.7566071,871.8521729,181.9261239
7480,26.86914253,238.7530518,872.6490479,181.9292258
7481,0.4951745868,254.4476166,894.6871948,181.9431775
7482,7.149094582,244.7821808,876.0931396,181.9255129
7483,12.031847,244.1950073,877.0333252,181.9284534
7484,6.704384327,247.7724915,882.753418,181.9329654
7485,6.109649181,250.7930145,889.4058838,181.9399806
7486,5.363786221,253.8351135,896.0410156,181.9465515
7487,-5.253380299,258.1081238,899.659668,181.9457784
7488,-0.3900139928,257.5632019,901.1563721,181.9491644
7489,-50.88330078,262.646759,896.2109985,181.9280563
7490,-55.59403229,261.1008606,894.5044556,181.9252184
7491,-60.25501251,259.3158264,892.8212891,181.9224412
7492,-64.86496735,257.2971802,891.1602173,181.9197234
7493,-69.42864227,255.0499115,889.5162964,181.9170612
7494,-73.95848083,252.5727386,887.8791504,181.9144462
7495,-76.18029785,251.2420654,887.0875244,181.9131682
7496,-78.34351349,249.8491669,886.3374634,181.9119241
7497,-80.44590759,248.3967896,885.630249,181.9107142
7498,-82.47930145,246.8762054,884.9678345,181.9095343
7499,-41.31249237,265.0170593,899.6903076,181.9339363
7500,-46.12434387,263.9508057,897.9390259,181.9309588
7501,-38.87963867,265.4631958,900.5789185,181.9354626
7502,-36.42541885,265.8421631,901.4801025,181.937015
7503,-33.97671127,266.0895386,902.3869629,181.9385573
7504,-31.54898262,266.1889648,903.2911987,181.9400754
7505,-29.14764595,266.1549072,904.1864014,181.9415703
7506,-26.74612999,266.0805359,905.079834,181.9430873
7507,-21.93162346,265.8485413,906.8652344,181.9462065
7508,-17.10518265,265.5049133,908.6485596,181.9494441
7509,-15.97241116,262.1609192,902.6728516,181.9445895
7510,-11.12433338,261.7888184,904.3148804,181.9478474
7511,-6.272664547,261.2963562,905.9542236,181.9512273
7512,211.061615,-96.01229095,162.8416901,184.5950086
7513,202.0070801,-104.3458405,209.3833466,184.7966469
7514,192.6543121,-112.0342331,255.9249725,185.058682
7515,183.0451202,-119.0689163,302.4666443,185.3445691
7516,173.2210388,-125.4439087,349.0083618,185.5099499
7517,163.223587,-131.1556854,395.5500488,153.3350806
7518,153.094162,-136.2032318,442.0916443,126.4289368
7519,142.873764,-140.5879822,488.6333313,102.3855798
7520,132.602951,-144.3137817,535.1749878,82.44590731
7521,122.3216629,-147.3868713,581.7166748,70.7801417
7522,112.0688858,-149.8158417,628.2583008,98.33277769
7523,98.65614319,-153.6464539,674.7999878,132.3414415
7524,100.5442963,-152.4207916,674.7999878,130.6979661
7525,101.8558121,-151.5695038,674.8000488,129.4582799
7526,104.3939514,-149.921936,674.7999878,126.8833708
7527,90.95799255,-157.7594604,679.1074219,141.4522064
7528,94.80839539,-155.5778046,679.0075073,137.8798122
7529,81.65382385,-162.3050537,683.7633667,152.0872094
7530,85.58677673,-160.3484344,683.6867065,148.5354722
7531,72.3062973,-166.4066315,688.5219727,162.7436837
7532,76.44569397,-164.5974426,688.4963989,159.0972868
7533,62.77104568,-170.1774597,693.4598389,173.4519129
7534,67.08841705,-168.5432434,693.3927612,169.7732122
7535,53.19776535,-173.5686951,698.7384644,181.3832916
7536,57.60982132,-172.1588593,698.5605469,180.1322777
7537,43.62394714,-176.5677032,704.4473877,181.1969417
7538,48.1242485,-175.3933258,704.1394043,181.3090285
7539,34.06890488,-179.1767883,710.5565186,181.1760658
7540,38.64862823,-178.2448578,710.135437,181.225891
7541,24.54900169,-181.3924561,717.0041504,181.2241346
7542,29.19914818,-180.7108002,716.4934082,181.2486025
7543,15.07150555,-183.2048187,723.7221069,181.2922703
7544,19.78620338,-182.7827454,723.1416016,181.3045546
7545,5.633974075,-184.5978546,730.6463013,181.3630601
7546,10.40878296,-184.4459839,730.0146484,181.3691192
7547,-8.627316475,-185.2707977,738.4083862,181.4298259
7548,-3.773397207,-185.5482788,737.7226562,181.4299642
7549,1.059079289,-185.6799469,737.0518188,181.4327169
7550,-13.1647501,-186.026947,744.9099731,181.4907099
7551,-27.50903893,-185.0935516,752.9226074,181.5463838
7552,-22.55234718,-186.0002899,752.1738892,181.5447653
7553,-17.61387825,-186.7461243,751.4451904,181.5447645
7554,-31.94288063,-185.4332886,759.4824219,181.5923131
7555,-45.57627869,-183.3059845,767.291748,181.6347657
7556,-41.02688217,-184.5015869,766.7194824,181.6336969
7557,-50.18854904,-181.9954224,767.8253784,181.6364163
7558,-54.76736069,-180.581604,768.3699951,181.6388651
7559,-36.30395889,-185.7305756,766.0227661,181.6330464
7560,-95.85040283,-172.9917145,802.649353,181.7753247
7561,-93.6749649,-174.4228973,802.9606934,181.7767434
7562,-91.45248413,-175.7904205,803.2692261,181.7782654
7563,-89.24758911,-177.0822906,803.5177612,181.7797368
7564,-87.06118774,-178.3009491,803.7061768,181.7811444
7565,-84.89163971,-179.4487915,803.8369751,181.7824823
7566,-82.73757172,-180.5280151,803.9127197,181.7837464
7567,-80.59860992,-181.5407104,803.9351807,181.784931
7568,-58.63115692,-180.8080139,774.5499878,181.6706252
7569,-62.36994934,-181.1299286,780.6455688,181.699136
7570,-65.99234772,-181.5521698,786.6447754,181.7247769
7571,-69.50315094,-182.076416,792.5401611,181.747882
7572,-72.89729309,-182.7047729,798.3309326,181.7687703
7573,-76.38056946,-183.3993378,803.8212891,181.7870528
7574,-103.7482986,-172.5346375,815.8059082,181.8092142
7575,-102.0227127,-174.2813263,816.0369873,181.8109747
7576,-100.7678299,-173.3696899,811.5282593,181.7994317
7577,-104.7915115,-173.3350677,820.2776489,181.8198483
7578,-105.7274094,-174.078186,824.6986694,181.8298815
7579,-105.1619263,-176.7177582,829.2607422,181.841424
7580,-98.85676575,-174.9942932,811.7887573,181.8011386
7581,-97.401474,-173.9925995,807.2445068,181.7886361
7582,-108.8590851,-206.227005,911.2214966,181.9767031
7583,-109.254425,-207.6761169,915.6628418,181.9811237
7584,-104.1408691,-182.0459137,838.2011719,181.8639184
7585,-104.6314926,-179.3775635,833.7613525,181.8528797
7586,-105.005043,-182.6365509,842.381897,181.8718981
7587,-105.3649216,-185.6416321,850.7624512,181.8889573
7588,-105.7421799,-188.3050232,858.9082031,181.9040503
7589,-106.0721054,-201.2536926,886.8294067,181.9523921
7590,-105.9601517,-199.2414398,882.8375244,181.9460184
7591,-105.9123764,-197.1665344,878.8552856,181.9393213
7592,-105.9312134,-195.0318604,874.8717041,181.9323202
7593,-105.1634598,-195.3053589,871.0755615,181.9285442
7594,-105.2884979,-193.0225983,867.0519409,181.9207383
7595,-106.7537155,-206.8868866,898.9885254,181.9696689
7596,-106.4734039,-205.0792084,894.8912964,181.9642069
7597,-106.2446899,-203.2005768,890.8428955,181.9584516
7598,-107.080452,-208.6207275,903.1500854,181.974849
7599,-107.4485855,-210.2779999,907.3919067,181.9797585
7600,-109.6805725,-209.0429382,920.2354126,181.9853151
7601,-110.1346512,-210.324707,924.9545898,181.9892864
7602,-110.6143036,-211.5186615,929.8356323,181.9930592
7603,-93.71908569,267.1578369,918.0842285,181.9286392
7604,-92.4333725,264.7211914,913.6784668,181.9264812
7605,-91.1600647,262.1831055,909.3572998,181.9242243
7606,-95.00576782,269.4851379,922.5911255,181.9307032
7607,-88.19260406,261.5104675,905.8651123,181.9232467
7608,-86.92855072,258.7213135,901.6400757,181.9207447
7609,-85.71430206,255.8551178,897.4500732,181.9181248
7610,-84.5612793,252.9200592,893.2821045,181.9153838
7611,-83.47975159,249.9243317,889.1247559,181.9125201
7612,-89.49469757,264.2142029,910.1397095,181.9256349
7613,-111.414917,216.7637634,929.303772,181.9094359
7614,-110.6138916,222.5858917,929.8309937,181.9116267
7615,-109.7533035,228.3836975,930.3787231,181.9138941
7616,-108.8330231,234.15271,930.9468994,181.9162651
7617,-107.85495,239.8899536,931.5350952,181.9187056
7618,-106.8210526,245.5922699,932.1428223,181.9212343
7619,-105.7335358,251.2569733,932.7692261,181.9238322
7620,-104.5947876,256.8815002,933.4133301,181.9264964
7621,-103.4071503,262.4635925,934.0740967,181.9292163
7622,-102.7584457,265.229187,934.4378662,181.9305986
7623,-101.9659271,267.9472351,934.9030151,181.9320064
7624,-101.0319366,270.6083374,935.4681396,181.9334389
7625,-99.96355438,273.2055359,936.1283569,181.9348953
7626,-113.3976364,206.1189117,933.3240356,181.9067166
7627,-97.5395813,273.7802429,931.9733276,181.9345676
7628,-96.28260803,271.695282,927.2156982,181.9326781
7629,-98.76758575,275.7321777,936.8788452,181.9363746
7630,-115.2883377,195.2696686,937.5616455,181.9041915
7631,-127.6776199,-6.50158453,946.7392578,181.8839923
7632,-127.5494537,-18.53591156,946.8208618,181.8850824
7633,-126.1523666,-30.2931366,935.4864502,181.8843276
7634,-125.8600845,-42.2322731,935.7025757,181.8861306
7635,-124.9965439,-53.89907837,930.6248779,181.8869076
7636,-127.7210617,5.534172535,946.7197876,181.8831612
7637,-127.7204285,5.534172535,946.713623,181.8831604
7638,-127.1646042,5.534172535,941.4254761,181.882436
7639,-130.3626404,17.67599678,972.2991333,181.8851083
7640,-130.4107819,5.534172535,972.3106079,181.885758
7641,-128.5217438,5.534172535,954.3375244,181.8840504
7642,-128.851593,29.73768234,959.2381592,181.883791
7643,-128.633667,41.83533859,959.3646851,181.8838943
7644,-128.3302917,53.92891312,959.5545654,181.8842629
7645,-125.483551,65.23632812,935.9734497,181.8826836
7646,-126.6579208,65.6888504,947.4313965,181.8838613
7647,-127.941658,66.01741791,959.8078003,181.8848911
7648,-125.0237732,77.16828918,936.3098145,181.8835698
7649,-124.4800949,89.09532166,936.7064209,181.8846539
7650,-123.8525085,101.0166397,937.1630859,181.885933
7651,-123.1410828,112.931282,937.6798706,181.8874257
7652,-122.3456955,124.838356,938.2566528,181.8891412
7653,-121.4663162,136.7369537,938.8934937,181.8911017
7654,-120.5031204,148.6262054,939.59021,181.8933292
7655,-119.4558868,160.5051727,940.3468628,181.8958466
7656,-118.3246918,172.3729706,941.1633911,181.898677
7657,-117.1096191,184.2286224,942.0397339,181.9018419
7658,-124.53685,-65.77920532,930.9609985,181.889683
7659,-123.9929428,-77.65518188,931.3562012,181.8931255
7660,-123.3647614,-89.52611542,931.8104858,181.8973023
7661,-122.6520386,-101.3911209,932.3237915,181.9023122
7662,-121.8548203,-113.2492828,932.8960571,181.908218
7663,-120.9727554,-125.0997009,933.5274048,181.9150927
7664,-120.0059967,-136.9414062,934.2175903,181.9229916
7665,-118.9541702,-148.773468,934.9667358,181.9319536
7666,-117.8174591,-160.5949402,935.7746582,181.9419983
7667,-116.5956802,-172.4048309,936.6413574,181.9531218
7668,-115.2888184,-184.2021637,937.5667725,181.9652928
7669,-113.8967209,-195.9859772,938.5509033,181.97845
7670,-112.419548,-207.7552185,939.5935669,181.9924979
7671,-110.8339767,-219.4963531,940.6987915,182.0072896
7672,-110.2843628,-218.4546356,935.4473877,182.0040364
7673,-109.7538376,-217.316452,930.3833008,182.00057
7674,214.9483185,-97.72872925,116.2999954,184.4751768
7675,219.7768402,-87.0446701,116.3000031,184.4522256
7676,219.8323517,-86.91334534,77.53336334,184.388938
7677,224.1678162,-75.86665344,38.76668549,184.3307754
7678,227.9473419,-64.6175766,3.80503152e-05,184.2962448
7679,227.9473419,75.6858902,3.80503152e-05,183.8987154
7680,227.9472961,75.6858902,38.76664734,183.9003156
7681,227.9472961,75.6858902,77.5333252,183.9049069
7682,224.216568,86.80096436,116.2999725,183.8658816
7683,224.1645355,86.93363953,116.2999802,183.8653244
7684,215.9703674,96.20175171,162.8416595,183.8127314
7685,212.0531464,94.5532608,209.3833618,183.7927631
7686,208.1358337,92.90474701,255.9250031,183.7416391
7687,204.2186432,91.25626373,302.4667053,183.6171357
7688,200.3013763,89.60774231,349.0083313,183.3267219
7689,196.3840637,87.95925903,395.5499573,182.7299702
7690,192.4668427,86.31074524,442.0917053,181.8126581
7691,188.5495453,84.66223145,488.6333313,180.605672
7692,184.6323242,83.01374054,535.1750488,178.7796246
7693,180.7150421,81.36522675,581.7166748,168.4363379
7694,176.7977448,79.71674347,628.2583008,178.987824
7695,171.4620209,81.30675507,674.7999878,180.5335451
7696,169.5237427,85.46686554,674.7999878,180.5568395
7697,169.0173035,86.55393219,674.7999878,180.5628798
7698,168.1417542,88.43332672,674.7999878,180.57323
7699,167.5308228,89.59940338,674.7999878,180.5801445
7700,167.4148712,88.94765472,679.8936157,180.7140009
7701,165.3226929,93.02669525,679.810791,180.7259868
7702,165.2451172,92.45589447,684.9326782,180.8500455
7703,163.0686188,96.49867249,684.7730103,180.8516301
7704,163.050766,96.02507782,689.9370117,180.9648844
7705,160.7850494,100.0395126,689.7062988,180.9603273
7706,160.8254852,99.66620636,694.9249268,181.0630627
7707,160.9095001,99.37378693,700.2648926,181.1633646
7708,158.5645599,103.3880157,699.9138184,181.1479585
7709,158.707016,103.1953735,705.3245239,181.2385222
7710,156.2641449,107.1973724,704.9200439,181.2222721
7711,153.9068756,111.1067505,709.9614258,181.2881079
7712,151.2038116,115.0859909,709.5157471,181.2757779
7713,156.4646606,107.1054382,710.4111328,181.3044644
7714,151.4684143,115.1254196,715.0581665,181.3471108
7715,148.6177673,119.1138916,714.5830078,181.3348035
7716,145.6060333,123.0782852,714.1253052,181.3259604
7717,146.2719421,123.4891129,725.4984741,181.4494359
7718,143.08815,127.4946365,725.0029907,181.4382846
7719,139.7130737,131.4785461,724.5404053,181.4301062
7720,136.9382935,136.2749939,735.9422607,181.5261374
7721,140.5214844,132.2523651,736.4163208,181.53608
7722,129.9999542,145.395874,747.5349731,181.6024445
7723,125.6777573,149.4233246,747.1430664,181.5959658
7724,134.0435638,141.3620758,747.9622803,181.6110276
7725,137.8359375,137.3130646,748.4342041,181.6218327
7726,121.0474625,153.4535828,746.7702637,181.5914395
7727,112.0203094,162.8511505,758.8707886,181.6571057
7728,117.2383652,158.8311462,759.3493042,181.6620097
7729,122.1383438,154.7874756,759.7853394,181.668327
7730,108.3870773,167.9992065,772.1100464,181.7188582
7731,113.3717575,164.319046,772.5177612,181.7242716
7732,109.8964767,169.6269531,786.4511108,181.7802398
7733,111.3122635,171.4611053,801.5255737,181.8370821
7734,111.9480057,172.46875,809.3330688,181.8639194
7735,110.6237717,170.515564,793.8973389,181.8086278
7736,108.3186493,176.9172821,816.9464111,181.8816604
7737,112.5176163,173.5436554,817.3168335,181.889352
7738,101.2774048,184.1200256,824.7130737,181.8934395
7739,104.9938736,181.2331696,824.8220215,181.8987649
7740,108.916008,178.0950775,825.0770874,181.905364
7741,98.38756561,188.2975464,832.8479004,181.9101445
7742,101.8953552,185.5253296,832.906311,181.9149551
7743,88.04881287,198.2240906,840.6054077,181.9158398
7744,88.38995361,200.212204,848.7938843,181.9330783
7745,91.77171326,195.4768677,840.8148193,181.9203375
7746,95.3842926,192.7060242,840.9866333,181.9250216
7747,98.9061203,189.9067993,841.1209106,181.9299107
7748,84.7478714,205.1438446,856.7339478,181.9441941
7749,88.62963104,202.3091583,857.1191406,181.9492471
7750,80.85900116,210.2058868,864.6275635,181.9538671
7751,84.86135864,207.4068451,865.1107788,181.9589824
7752,80.84510803,212.614502,873.0377808,181.9673696
7753,76.7411499,215.3334351,872.4545898,181.9622481
7754,72.55535889,217.9331512,871.8621826,181.9573687
7755,68.29225159,220.4036407,871.2605591,181.9527233
7756,63.95443726,222.7354279,870.6506958,181.9483026
7757,59.5454216,224.9250641,870.0324707,181.9440957
7758,55.0685463,226.9677887,869.4060669,181.9400919
7759,50.52831268,228.8614197,868.7717896,181.936282
7760,45.92939758,230.6041412,868.1300049,181.932657
7761,31.65220642,237.5949402,873.4403076,181.9324746
7762,36.39670563,236.2835083,874.2252808,181.9358771
7763,41.09766388,234.8201599,875.0029907,181.9394395
7764,45.75037384,233.206131,875.7727051,181.9431685
7765,16.89627266,243.4557343,877.9697876,181.9315251
7766,21.73739052,242.5646515,878.9016724,181.9347331
7767,26.55043602,241.522644,879.828186,181.9380831
7768,31.33049011,240.330719,880.748291,181.9415804
7769,4.467570782,256.8900146,902.6494141,181.9526771
7770,11.5796566,247.1322784,883.828064,181.9361201
7771,16.43740463,246.3451996,884.8984375,181.9394073
7772,10.97651768,250.0993347,890.6172485,181.9433223
7773,10.22138596,253.087677,897.390625,181.9500552
7774,9.315097809,256.0888977,904.1382446,181.9563199
7775,-1.421859741,260.6833191,907.590271,181.9547317
7776,3.423908472,259.9492493,909.2226562,181.958363
7777,-47.34180069,267.6387024,903.0318604,181.9349027
7778,-52.09199142,266.3068542,901.1680908,181.9318909
7779,-56.7899704,264.7160645,899.3297729,181.9289419
7780,-61.43397522,262.8703918,897.5194702,181.9260482
7781,-66.02277374,260.7771606,895.7357178,181.9232102
7782,-70.56162262,258.4422607,893.9734497,181.920424
7783,-75.06430817,255.8651276,892.2214966,181.9176817
7784,-77.26862335,254.4789581,891.3760986,181.9163393
7785,-79.40842438,253.0264587,890.5772095,181.9150322
7786,-81.48152161,251.5107727,889.8260498,181.9137603
7787,-40.10266495,269.1603088,905.8826294,181.9395669
7788,-42.53492355,268.7155457,904.9226685,181.9379868
7789,-37.64757919,269.5319824,906.8564453,181.9411719
7790,-35.19884491,269.7575378,907.8359375,181.9427634
7791,-32.77378464,269.818512,908.8112793,181.9443264
7792,-30.37849617,269.7315369,909.7757568,181.9458627
7793,-27.98367119,269.604187,910.7379761,181.9474209
7794,-23.18294907,269.2720642,912.6609497,181.9506242
7795,-18.37072372,268.8363037,914.5817261,181.9539469
7796,-13.55085373,268.2961426,916.4998779,181.9573906
7797,-12.27090359,265.0490723,910.4295044,181.9528022
7798,-7.432943344,264.4804993,912.2075195,181.9562829
7799,-2.595371008,263.7989197,913.9822388,181.9598882
7800,215.861618,-85.39147949,162.8416443,184.5668355
7801,207.2336273,-94.16599274,209.3833466,184.7636881
7802,198.2758331,-102.3110275,255.9250336,185.0103044
7803,189.0291748,-109.8159561,302.4666443,185.22094
7804,179.5350494,-116.6727066,349.0083313,184.9312783
7805,169.8347931,-122.8757324,395.5500183,148.8661946
7806,159.9694977,-128.4218903,442.0917053,120.6570396
7807,149.9804535,-133.3106232,488.6333923,95.65941986
7808,139.9081573,-137.5437622,535.1749878,74.52873598
7809,129.7927094,-141.1255188,581.7166138,61.66392057
7810,119.6738129,-144.0625153,628.2583008,90.32579861
7811,105.9635544,-148.9030609,674.7999878,125.6363796
7812,108.1717224,-147.3188019,674.8000488,123.7619062
7813,109.5605164,-146.3223877,674.7999878,122.4680972
7814,111.9007416,-144.6433411,674.7999878,120.1424697
7815,113.0406494,-143.8255005,674.7999878,118.915006
7816,115.5400543,-141.8496552,674.7999878,115.9792329
7817,98.63024139,-153.2923431,678.8939209,134.4202445
7818,102.4882126,-150.8527527,678.8082886,130.8423257
7819,89.41891479,-158.3377228,683.5567017,145.0986122
7820,93.16649628,-156.2694092,683.3668823,141.661327
7821,80.4539566,-162.7375641,688.4417725,155.5690442
7822,84.32667542,-160.8409729,688.3308105,152.1079349
7823,71.33647156,-166.8152313,693.3540649,166.1238666
7824,75.46478271,-165.0222321,693.3183594,162.5397235
7825,61.9786911,-170.6315002,698.4399414,176.7596837
7826,66.30303955,-168.9945374,698.3571167,173.1462164
7827,52.58523941,-174.0974426,703.8795166,181.4464513
7828,57.00429535,-172.6808624,703.6754761,181.4333356
7829,43.19425964,-177.1874847,709.751709,181.2908156
7830,47.70239639,-176.005249,709.4124756,181.3705662
7831,33.81996918,-179.8997498,716.0093994,181.2822273
7832,38.40845108,-178.9598083,715.5581665,181.3257132
7833,24.47446632,-182.2268982,722.5817871,181.3227889
7834,29.13438606,-181.5379486,722.0460815,181.3476869
7835,15.15981007,-184.1556702,729.3983154,181.3792533
7836,19.88514709,-183.7277374,728.7999268,181.3940099
7837,5.868890762,-185.6672363,736.395752,181.4384348
7838,10.65512943,-185.5115356,735.7544556,181.4474946
7839,-8.277213097,-186.4570618,744.2081909,181.4916779
7840,-3.410851955,-186.7364349,743.5215454,181.4949033
7841,1.433396459,-186.8666992,742.8497314,181.50066
7842,-12.69472218,-187.3334198,750.7347412,181.5465618
7843,-26.96021461,-186.5125885,758.7290039,181.5917994
7844,-21.99403,-187.4253693,757.9973755,181.5927624
7845,-17.04560852,-188.1742249,757.2856445,181.5953503
7846,-31.31162262,-186.9793549,765.2736816,181.6335193
7847,-49.52782822,-183.6996613,773.4949951,181.6683492
7848,-44.90267181,-184.998764,772.9882202,181.6684509
7849,-40.33832932,-186.1835938,772.4432373,181.6691645
7850,-54.12009811,-182.2975922,774.0118408,181.6690865
7851,-35.60512543,-187.4080353,771.7784424,181.6704741
7852,-95.31620789,-175.4920349,807.5376587,181.7902782
7853,-93.15716553,-176.9332581,807.8484497,181.792071
7854,-90.94947815,-178.3091125,808.1572266,181.7939656
7855,-88.7538681,-179.6091766,808.4108276,181.7958172
7856,-86.57147217,-180.8355255,808.6090088,181.7976139
7857,-84.40087128,-181.9902649,808.7542114,181.7993516
7858,-82.24114227,-183.0752411,808.8487549,181.8010274
7859,-80.09209442,-184.0923309,808.8942261,181.8026466
7860,-57.94682312,-182.6831207,780.1201782,181.6983974
7861,-61.67005539,-183.1612701,786.1316528,181.7247141
7862,-65.29943085,-183.733551,792.0335693,181.74837
7863,-68.84036255,-184.3978119,797.8175049,181.7696667
7864,-72.29008484,-185.1515656,803.4802856,181.7888845
7865,-75.84220886,-185.9562378,808.8386841,181.8056491
7866,-103.1736908,-175.1549377,820.4952393,181.8217967
7867,-101.4712982,-176.9266968,820.7271729,181.8238731
7868,-100.2140732,-175.9784546,816.2828979,181.8128729
7869,-104.2201309,-175.9728241,824.9032593,181.8319597
7870,-103.6804657,-178.6435242,829.4667969,181.8438182
7871,-98.32461548,-177.6226959,816.5437622,181.8149075
7872,-96.86704254,-176.5648346,812.0651245,181.8029856
7873,-107.8532257,-211.8558655,911.7307129,181.9844085
7874,-108.2898102,-213.3514862,916.1829834,181.9888089
7875,-103.6945496,-184.7109985,842.5811157,181.8748031
7876,-102.7161865,-184.037384,838.4113159,181.8667791
7877,-103.1775665,-181.3356018,833.9692383,181.8554651
7878,-103.2970581,-187.3610687,846.9014282,181.8851909
7879,-104.1992035,-187.8358765,850.9559326,181.8921066
7880,-104.7195816,-190.6185913,859.0993042,181.9073893
7881,-104.5624084,-206.4376373,887.2976074,181.9601672
7882,-104.3827896,-204.3547516,883.291687,181.9537049
7883,-104.267395,-202.20784,879.295105,181.9468939
7884,-104.2194443,-199.9998779,875.2967529,181.9397505
7885,-105.1075668,-197.5334778,875.0784302,181.9359906
7886,-104.2405396,-197.7339172,871.2868652,181.93222
7887,-104.3314667,-195.4129791,867.2561646,181.9243201
7888,-105.4446487,-212.2721252,899.4949341,181.9775744
7889,-105.0984192,-210.3993073,895.3856201,181.9720889
7890,-104.8025665,-208.453476,891.324585,181.966291
7891,-105.8358002,-214.0689392,903.6676636,181.9827611
7892,-106.2662964,-215.7867737,907.9199219,181.9876627
7893,-108.7541809,-214.7620087,920.765625,181.9929689
7894,-109.243103,-216.08461,925.4939575,181.9968934
7895,-93.50926208,271.7310486,923.4179688,181.932171
7896,-92.1648941,269.3327332,918.8997803,181.9300912
7897,-90.82283783,266.8244629,914.479126,181.9279145
7898,-94.84498596,274.0108643,928.0499268,181.9341589
7899,-87.71792603,266.153656,910.9961548,181.9270743
7900,-86.36598969,263.3773499,906.6967773,181.9246587
7901,-85.05474854,260.5163269,902.4434814,181.9221236
7902,-83.79607391,257.5791931,898.222168,181.9194643
7903,-82.60146332,254.5744476,894.0200806,181.9166772
7904,-89.0982666,268.8367004,915.3567505,181.9293764
7905,-111.9036407,217.838562,934.3512573,181.9108402
7906,-110.2838898,229.5219574,935.4425049,181.9153571
7907,-108.4749603,241.1209106,936.6085815,181.9202364
7908,-107.5022888,246.8829498,937.2190552,181.9228032
7909,-106.4862976,252.6174469,937.8469238,181.925426
7910,-105.4285049,258.3225708,938.4916992,181.928122
7911,-104.3306503,263.9967041,939.1525269,181.9308735
7912,-103.7301483,266.8125916,939.5159302,181.9322721
7913,-102.9886093,269.5834961,939.9796753,181.9336951
7914,-102.1081543,272.3000488,940.5424194,181.9351416
7915,-101.0959778,274.9554138,941.1990967,181.9366105
7916,-99.95863342,277.5430908,941.9450684,181.9381008
7917,-113.896225,207.0534515,938.5457764,181.9080077
7918,-97.44995117,278.1824036,937.7156372,181.9378766
7919,-96.16161346,276.1641541,932.8109741,181.9360596
7920,-98.70176697,280.0573425,942.7764893,181.9396121
7921,-115.8106461,196.0711212,942.975769,181.9053593
7922,-130.3634033,-6.607680798,972.3064575,181.8868464
7923,-130.2280426,-18.74729919,972.3590698,181.8882694
7924,-128.852356,-18.66939545,959.244873,181.8868336
7925,-127.3368073,-30.56782341,946.9644165,181.8866653
7926,-127.0398254,-42.5963974,947.1699829,181.8887565
7927,-125.4840698,-54.16825485,935.9788208,181.8884738
7928,-125.0242844,-66.10024261,936.3151855,181.8914257
7929,-130.2272949,29.8156147,972.3517456,181.8847552
7930,-132.8279419,23.77316475,996.3253174,181.8856506
7931,-132.8691406,17.66881371,996.2954102,181.8858731
7932,-130.4116364,5.534172535,972.3178711,181.8857583
7933,-132.9217072,9.871364594,996.2572021,181.8862996
7934,-130.0051117,41.95195389,972.4683838,181.8847553
7935,-129.6962585,54.08397293,972.6491089,181.8850762
7936,-129.3011475,66.21065521,972.8937988,181.885684
7937,-126.1925735,77.70788574,947.7609863,181.8847436
7938,-127.4680176,78.0998764,960.1242676,181.8857706
7939,-128.8199615,78.33099365,973.2025757,181.8865631
7940,-125.6431885,89.72078705,948.1525269,181.8858493
7941,-124.4126892,101.3948593,942.7622681,181.8865673
7942,-123.6995239,113.3538818,943.2798462,181.8881006
7943,-122.9027634,125.3046722,943.8583984,181.889862
7944,-122.0224228,137.2463379,944.4979858,181.8918786
7945,-121.0587158,149.1779633,945.1984253,181.8941691
7946,-120.011734,161.0987549,945.9597168,181.8967537
7947,-118.8813782,173.0076904,946.7818604,181.8996531
7948,-117.6680603,184.904007,947.6646729,181.9028862
7949,-124.4806213,-78.02735138,936.711792,181.8950615
7950,-123.853035,-89.94869995,937.168457,181.8994245
7951,-123.1416092,-101.8633804,937.6852417,181.9046322
7952,-122.3462219,-113.7705002,938.2620239,181.910725
7953,-121.466835,-125.6691818,938.8988647,181.9177783
7954,-120.50354,-137.5584869,939.5956421,181.9258391
7955,-119.4564056,-149.4374847,940.3522339,181.934939
7956,-118.3252258,-161.3052826,941.1688232,181.9450911
7957,-117.1101608,-173.160965,942.045105,181.9562855
7958,-115.8111877,-185.0035706,942.9812012,181.9684864
7959,-114.4284058,-196.8322144,943.9769287,181.9816293
7960,-112.9617767,-208.6459351,945.0323486,181.9956193
7961,-111.4022064,-220.4387207,946.1488037,182.0103257
7962,-109.7347031,-232.198288,947.3288574,182.0255739
7963,-109.102211,-231.1799469,941.8729248,182.0226462
7964,-108.4755554,-230.0536652,936.6134644,182.0194815
7965,-107.8555222,-228.8227692,931.5397339,182.0161101
7966,-108.8335571,-223.0855103,930.9515381,182.0083334
7967,-108.2787857,-221.8079376,926.0556641,182.004663
7968,219.82901,-86.91204834,116.2999725,184.4519311
7969,224.1190033,-76.0005722,116.2999802,184.4263622
7970,224.1678467,-75.86665344,77.53336334,184.365912
7971,227.9472961,-64.6175766,38.76664734,184.3072051
7972,231.1613464,-53.19413376,2.316162863e-05,184.2712099
7973,231.1613464,64.26239014,2.316162863e-05,183.9371985
7974,231.161377,64.26239014,38.76670074,183.9396272
7975,231.1614075,64.26239014,77.5333786,183.9467758
7976,227.9893036,75.54965973,116.3000107,183.9123609
7977,227.943924,75.68475342,116.2999878,183.9118034
7978,220.2219849,85.34976959,162.8416748,183.8671492
7979,216.2274628,83.89860535,209.3833313,183.8598205
7980,212.2327881,82.44738007,255.9249725,183.8277285
7981,208.2382965,80.99621582,302.4666443,183.7288358
7982,204.2437134,79.54502106,349.0083313,183.4589956
7983,200.2491913,78.09382629,395.5499878,182.8397365
7984,196.2546082,76.64260101,442.0917053,181.8644299
7985,192.260025,75.19143677,488.6333008,180.4634076
7986,188.2654724,73.740242,535.1749878,170.0900791
7987,184.2709198,72.28901672,581.7166748,158.0201463
7988,180.2763519,70.83785248,628.2583618,169.4263903
7989,173.240387,77.07709503,674.7999878,180.5112503
7990,172.8404694,78.05177307,674.8000488,180.5162326
7991,171.8200684,80.53827667,674.7999878,180.5292258
7992,171.2898254,80.65628815,680.0551147,180.6940401
7993,169.4041443,84.8234024,679.9750366,180.7047127
7994,169.2840729,84.24493408,685.244873,180.8604819
7995,167.3171234,88.37055969,685.0900879,180.8525232
7996,167.2619171,87.87745667,690.3886719,180.9899981
7997,165.2096405,91.97026825,690.1644897,180.9744161
7998,165.2167969,91.56703949,695.5050049,181.0957215
7999,163.0755005,95.63469696,695.217041,181.0764458
8000,163.1432953,95.32487488,700.6113892,181.1842399
8001,163.2525635,95.09300995,706.1184082,181.2865648
8002,161.0360718,99.1598053,705.7241821,181.2597171
8003,161.2030487,99.02178955,711.3008423,181.3509296
8004,158.8913727,103.0788422,710.8587646,181.3252316
8005,156.7053375,107.0871658,716.0303345,181.3830602
8006,154.1624908,111.1158447,715.5426025,181.3631096
8007,159.1137543,103.0360489,716.5153198,181.4072865
8008,154.7765045,111.3446655,727.1040649,181.5024506
8009,152.1105347,115.4112854,726.5579834,181.4814499
8010,149.2773285,119.4605255,726.0198975,181.4638023
8011,150.0390778,120.0646439,738.0389404,181.5819472
8012,147.0580292,124.149025,737.4716797,181.5639027
8013,143.8898163,128.2111053,736.9283447,181.5486373
8014,141.3939209,133.2456818,748.9470215,181.6349292
8015,144.7319336,129.1577759,749.4943237,181.6503312
8016,130.9761353,146.6972504,760.6404419,181.6856934
8017,134.9674683,142.6377258,761.1055908,181.6970113
8018,126.7089157,150.7444458,760.2055054,181.6761697
8019,138.7085571,138.5580597,761.6096191,181.7099737
8020,142.2151031,134.4554749,762.1490479,181.7250196
8021,118.4565659,160.3196564,773.0375366,181.731882
8022,123.2376022,156.2877045,773.5162964,181.7407583
8023,127.702919,152.2459717,773.9769897,181.7509174
8024,114.7120209,165.9549255,786.8983154,181.7875012
8025,119.6100616,161.9874268,787.4504395,181.7968954
8026,115.3386154,166.8475037,794.3621216,181.8171179
8027,116.4324493,168.8045044,809.8278198,181.872992
8028,115.9166031,167.7958984,802.0063477,181.8457938
8029,116.8737946,169.8777161,817.8237915,181.8986674
8030,113.0092697,174.6909943,825.4727173,181.9133488
8031,117.229126,171.0197906,825.9896851,181.9227797
8032,105.5812759,182.5534973,833.0783691,181.9207601
8033,109.4300079,179.3546753,833.3768311,181.9277023
8034,113.4117813,175.9156647,833.7967529,181.9358698
8035,102.4265518,187.0265961,841.262146,181.9352319
8036,106.07901,183.9658966,841.4987183,181.941434
8037,92.13715363,197.3895721,849.0765381,181.9379906
8038,92.40138245,199.4124908,857.480957,181.9545221
8039,95.77878571,194.5267639,849.328186,181.9431127
8040,99.33003235,191.6203766,849.5494995,181.9484643
8041,102.8610687,188.6294861,849.7761841,181.9542265
8042,88.76091003,204.5185852,865.5776367,181.9643338
8043,92.55724335,201.5496216,866.0246582,181.9699203
8044,84.8588028,209.7822113,873.6086426,181.9727318
8045,88.77696991,206.8436432,874.1642456,181.9783352
8046,84.73306274,212.2726746,882.2231445,181.9854494
8047,80.70641327,215.1335144,881.5567017,181.9798826
8048,76.59446716,217.8672791,880.8762207,181.9745517
8049,72.40110016,220.4713593,880.182251,181.9694483
8050,68.13037109,222.9429779,879.4755249,181.9645649
8051,63.78647232,225.2796631,878.7567749,181.9598938
8052,59.37283707,227.4779358,878.0265503,181.9554269
8053,54.8926239,229.5332184,877.2852783,181.9511552
8054,50.35030365,231.4431915,876.5338135,181.9470716
8055,36.0729332,238.990097,881.6611938,181.9452308
8056,40.77299881,237.5020142,882.565918,181.9490399
8057,45.42603683,235.8677673,883.4615479,181.9530133
8058,50.02736282,234.0892334,884.3469849,181.9571566
8059,21.272892,245.4117279,885.9638062,181.9428319
8060,26.08128738,244.3325195,887.0232544,181.9463987
8061,30.85794449,243.1086578,888.0758667,181.9501126
8062,35.59809494,241.741394,889.1204834,181.953978
8063,8.260334015,259.0945129,910.850708,181.9621238
8064,15.82693481,249.2646332,891.8240356,181.9467975
8065,20.65598297,248.2894897,893.0253906,181.9504102
8066,15.06345844,252.2057037,898.7354736,181.9536925
8067,14.14790154,255.1600647,905.6220093,181.9600955
8068,13.08300495,258.1193848,912.4735718,181.966016
8069,2.237686634,263.0040894,915.7532959,181.9636199
8070,7.062056541,262.0961304,917.5198364,181.9674797
8071,-46.28697586,271.885376,909.1032715,181.940178
8072,-48.67877579,271.3074951,908.0932617,181.9386007
8073,-51.05583954,270.6611328,907.0908203,181.9370407
8074,-55.7675705,269.1603088,905.1077271,181.9339626
8075,-53.41874695,269.9455261,906.0955811,181.9354947
8076,-58.10185242,268.3063354,904.1279297,181.932443
8077,-62.72586441,266.3959656,902.1932983,181.929451
8078,-67.28923798,264.2232361,900.2906494,181.9265097
8079,-71.79764557,261.7958374,898.4147339,181.9236148
8080,-76.26571655,259.1138916,896.553833,181.9207644
8081,-78.4484024,257.6698914,895.6577759,181.9193658
8082,-80.5611496,256.1555176,894.8127441,181.9180035
8083,-38.99190521,273.2015076,912.1981201,181.9450421
8084,-41.44700623,272.8381958,911.1525879,181.9433952
8085,-43.87796402,272.3954163,910.1220093,181.9417739
8086,-36.54377747,273.4044495,913.2490845,181.9466737
8087,-34.12181854,273.4264526,914.2943726,181.9482741
8088,-31.7326107,273.2861938,915.3268433,181.9498457
8089,-29.34459496,273.1055298,916.3566284,181.9514393
8090,-24.55792427,272.6730957,918.4147949,181.9547148
8091,-19.76036072,272.14505,920.47052,181.9581101
8092,-14.95533276,271.5206909,922.5236816,181.9616269
8093,-10.14653397,270.7997742,924.5739136,181.9652659
8094,-8.727228165,267.6513367,918.4151001,181.9609571
8095,-3.903692961,266.9013977,920.3269653,181.9646476
8096,0.9157896638,266.0460205,922.2351074,181.9684634
8097,220.1262054,-74.54459381,162.8417053,184.5358697
8098,211.9463348,-83.73829651,209.3833466,184.7288586
8099,203.4055786,-92.31969452,255.9250031,184.9670145
8100,194.5446625,-100.2762146,302.4666748,185.1390928
8101,185.4040222,-107.5976791,349.0083618,184.6274765
8102,176.0249939,-114.2764969,395.5500183,144.75829
8103,166.44841,-120.307518,442.0916443,115.2170985
8104,156.7154541,-125.6880875,488.6333313,89.26905886
8105,146.8666382,-130.4180298,535.1749878,66.89315575
8106,136.9424133,-134.4995422,581.7166748,52.69254199
8107,126.9824448,-137.9372559,628.2583008,82.54524743
8108,116.9952393,-140.6993103,674.7999878,114.6594272
8109,119.1403809,-139.0035248,674.7999878,112.5892435
8110,119.874649,-138.4231567,674.7999878,111.8242084
8111,122.6318741,-136.0265808,674.7999878,108.6470215
8112,106.3753586,-148.252533,678.758728,127.2801625
8113,110.2779465,-145.4915619,678.744751,123.6731347
8114,114.1780243,-142.5747681,678.7595215,119.7560568
8115,96.91207886,-154.0915375,683.1517334,138.2266768
8116,100.780632,-151.7073975,682.9905396,134.6588161
8117,88.07897186,-158.9102783,688.1447754,148.7309236
8118,91.73506165,-156.9398804,687.8748169,145.3809429
8119,79.44067383,-163.1929169,693.24646,159.0612637
8120,83.25927734,-161.3447418,693.104126,155.6691311
8121,70.55317688,-167.2667389,698.3076782,169.5381095
8122,74.67034149,-165.481842,698.2618408,166.0031148
8123,61.37865067,-171.1441803,703.5355835,180.0483343
8124,65.70735168,-169.4974518,703.4381104,176.5901675
8125,52.1696167,-174.698761,709.1253052,181.4582716
8126,56.59332275,-173.2689209,708.8988647,181.5180873
8127,42.96144104,-177.8915558,715.1464844,181.3788161
8128,47.47524261,-176.6955719,714.7818604,181.4394407
8129,33.7635231,-180.7165833,721.5380859,181.3797709
8130,38.35889053,-179.7633362,721.0639648,181.4191804
8131,24.58282661,-183.1628876,728.2227173,181.4139249
8132,29.25076485,-182.4618378,727.6700439,181.4394525
8133,15.41655636,-185.2141571,735.1286621,181.4602949
8134,20.15110207,-184.7759399,734.520813,181.4772498
8135,6.254220009,-186.8492584,742.192627,181.5092394
8136,11.05060577,-186.6855621,741.550415,181.52095
8137,-7.795920849,-187.7645264,750.0407715,181.5503519
8138,-2.918428183,-188.0416565,749.3619385,181.5563465
8139,1.936265945,-188.1664276,748.6976318,181.5647748
8140,-12.11643791,-188.7614899,756.5917969,181.5997196
8141,-26.32190895,-188.0628204,764.5466309,181.6353572
8142,-21.34787178,-188.9770355,763.8410034,181.6386749
8143,-16.39114952,-189.7245331,763.1546631,181.6436003
8144,-30.60855484,-188.6581573,771.0648804,181.6730828
8145,-48.81335068,-185.5471039,779.1358032,181.699272
8146,-53.41959763,-184.1589508,779.617981,181.6984122
8147,-44.17464828,-186.8323669,778.6629028,181.7009998
8148,-39.59435654,-188.003952,778.1524048,181.7033615
8149,-34.85072327,-189.2199402,777.527771,181.7064726
8150,-94.80108643,-178.0781097,812.3578491,181.8049754
8151,-92.66138458,-179.5310059,812.6677246,181.8071117
8152,-90.47145081,-180.917038,812.9763794,181.809347
8153,-88.28767395,-182.2271576,813.2351074,181.8115472
8154,-86.11148071,-183.4632568,813.4436646,181.8137014
8155,-83.94178009,-184.6269684,813.604126,181.8158046
8156,-79.61993408,-186.743576,813.7888184,181.8198728
8157,-57.2265892,-184.7003632,785.6506348,181.7253858
8158,-60.95104599,-185.3302002,791.5739136,181.7495945
8159,-64.60308075,-186.0465393,797.3744507,181.7713344
8160,-68.18888092,-186.8432159,803.0424805,181.7908717
8161,-71.70761108,-187.7131958,808.5731201,181.8084525
8162,-75.33971405,-188.6170654,813.7959595,181.8237218
8163,-102.6270142,-177.8209076,825.1219482,181.8341844
8164,-100.9498138,-179.6191254,825.3549194,181.836543
8165,-99.68625641,-178.6469727,820.9737549,181.8260806
8166,-102.1138611,-180.5211487,829.6868896,181.846321
8167,-97.8208847,-180.312439,821.2348633,181.8284191
8168,-96.35666656,-179.2108154,816.8200684,181.8170794
8169,-106.7306747,-217.4226227,912.2683105,181.992292
8170,-107.2237854,-218.973465,916.7294312,181.996661
8171,-102.3011246,-186.7371674,842.7939453,181.8778083
8172,-101.639473,-183.2441101,834.19104,181.8581926
8173,-101.2089462,-185.978241,838.6350708,181.8697381
8174,-102.9532318,-189.9843292,851.1626587,181.8953701
8175,-101.9369888,-189.4232483,847.1174316,181.888438
8176,-103.6204758,-192.8899994,859.3033447,181.9108339
8177,-102.8461533,-211.4942627,887.805542,181.9681785
8178,-102.5829697,-209.3323975,883.7876587,181.9616513
8179,-102.3847809,-207.1056824,879.7785034,181.9547503
8180,-102.254921,-204.8174591,875.767395,181.9474888
8181,-103.2681351,-202.4286652,875.5265503,181.9435806
8182,-103.2507935,-200.1233063,871.5099487,181.9359766
8183,-103.3041077,-197.7629547,867.4727173,181.927998
8184,-103.9769135,-217.5580139,900.0348511,181.9856582
8185,-103.5486679,-215.6103668,895.9157104,181.9801663
8186,-103.1698608,-213.5880432,891.8439331,181.9743451
8187,-104.4482651,-219.4277039,904.2167969,181.9908369
8188,-104.9566956,-221.2160797,908.4772949,181.9957177
8189,-107.741127,-220.4362488,921.3200684,182.0007809
8190,-93.28977203,276.2397156,928.9663086,181.9356654
8191,-91.89576721,273.8883057,924.3257446,181.9336656
8192,-90.49481964,271.4177551,919.7946167,181.9315714
8193,-94.66638184,278.4633484,933.7312622,181.9375758
8194,-87.27156067,270.7662964,916.307312,181.930871
8195,-85.84230042,268.0117188,911.9228516,181.9285472
8196,-84.44446564,265.1644592,907.5953369,181.9261045
8197,-83.0903244,262.2333984,903.3101807,181.9235363
8198,-81.79204559,259.227478,899.0534058,181.9208374
8199,-88.71995544,273.41922,920.7646484,181.9330829
8200,-112.4190445,218.8226929,939.5884399,181.9122006
8201,-110.8333511,230.563736,940.6936646,181.9167738
8202,-109.1016617,242.2472534,941.8676758,181.9216941
8203,-107.229538,253.8622284,943.1090698,181.9269401
8204,-106.2432022,259.6410217,943.7540283,181.929673
8205,-105.2246323,265.3993225,944.4146729,181.9324519
8206,-104.6671753,268.2615356,944.7772827,181.9338662
8207,-103.9726944,271.0811157,945.2382202,181.9353041
8208,-103.1431198,273.8493958,945.7962036,181.9367643
8209,-102.1853714,276.5595703,946.446228,181.9382455
8210,-101.1058426,279.2052307,947.1837769,181.9397466
8211,-99.90998077,281.7808228,948.0050049,181.9412671
8212,-114.4278412,207.8997803,943.9714966,181.9092417
8213,-97.33088684,282.4925537,943.6893921,181.9411441
8214,-96.01628113,280.5504456,938.6348267,181.9394011
8215,-98.60313416,284.2808533,948.9061279,181.9428063
8216,-116.3716812,196.7867889,948.6081543,181.9064686
8217,-132.8731842,-7.926105976,996.2924194,181.8879164
8218,-131.6513367,-18.76470375,985.9146118,181.889044
8219,-132.8784943,-6.600617886,996.2885742,181.8877624
8220,-130.6791992,5.534172535,974.8639526,181.8858561
8221,-130.0058441,-30.8836689,972.475708,181.8902346
8222,-128.6343231,-30.76708221,959.371521,181.8886795
8223,-128.3309479,-42.86068726,959.5613403,181.8910234
8224,-126.6585312,-54.62068176,947.437561,181.8914105
8225,-126.1931763,-66.63977814,947.7670898,181.8946912
8226,-131.6504669,29.83304977,985.9069214,181.8852252
8227,-131.4272614,41.97865677,986.0326538,181.8852485
8228,-132.7371674,29.80232239,996.3911743,181.8854367
8229,-132.9273071,5.534172535,996.2531738,181.8866001
8230,-131.1165771,54.12039185,986.2226562,181.8855599
8231,-130.7185059,66.25714874,986.4768677,181.8861626
8232,-130.2333984,78.3879776,986.7952271,181.8870457
8233,-126.9097519,90.17533112,960.5040283,181.8868966
8234,-128.253006,90.44396973,973.5753784,181.8877066
8235,-129.6613007,90.51185608,987.1777954,181.8882038
8236,-125.0099945,101.7266541,948.605957,181.8871782
8237,-126.2670517,102.2428284,960.9470215,181.8882693
8238,-124.293251,113.7245865,949.1212769,181.8887465
8239,-123.4928589,125.7136765,949.6984863,181.8905479
8240,-122.6092606,137.6930542,950.3374023,181.8926166
8241,-121.6424026,149.6618042,951.038208,181.8949653
8242,-120.5926819,161.6190948,951.8005981,181.8976115
8243,-119.4600449,173.5641022,952.6246948,181.9005737
8244,-118.2448044,185.4959412,953.5103149,181.9038687
8245,-125.6437912,-78.65274048,948.1586304,181.8986642
8246,-124.4132996,-90.32688904,942.7679443,181.9014551
8247,-123.7001343,-102.2859497,943.2855225,181.9068523
8248,-122.9032822,-114.2367859,943.8641968,181.9131135
8249,-122.0230408,-126.1784897,944.5036621,181.9203296
8250,-121.0593262,-138.1101685,945.2041626,181.928536
8251,-120.0122452,-150.0309601,945.9655151,181.9377572
8252,-118.8819885,-161.9399567,946.7875977,181.9480006
8253,-117.6685791,-173.836319,947.6704712,181.9592516
8254,-116.3722,-185.719101,948.6139526,181.9714706
8255,-114.9929581,-197.5874634,949.617981,181.9845915
8256,-113.5308685,-209.4405212,950.6826782,181.998522
8257,-111.9889526,-221.2789459,951.8071899,182.0131475
8258,-110.3718338,-233.1053467,952.9909058,182.0282898
8259,-108.6789551,-244.9200592,954.2337646,182.0438348
8260,-107.9616928,-243.9196777,948.5717163,182.0412009
8261,-107.5030212,-235.8157806,937.223877,182.027396
8262,-106.4870529,-241.550354,937.8518066,182.0352782
8263,-107.2303238,-242.7950134,943.1141968,182.0383371
8264,-106.8217392,-234.5251617,932.1473999,182.0240563
8265,-107.2442017,-227.4905853,926.6390991,182.0125408
8266,-106.142067,-233.12854,927.2435303,182.0205155
8267,-106.6446075,-226.0605011,921.8979492,182.0087165
8268,224.164505,-75.86552429,116.3000259,184.4260368
8269,227.9051819,-64.75379944,116.2999802,184.3979618
8270,227.9472961,-64.6175766,77.5333252,184.3405438
8271,231.161377,-53.19413376,38.76670074,184.2815379
8272,233.8020477,-41.62463379,1.049338516e-05,184.2442393
8273,233.8020477,52.69292068,1.049338516e-05,183.9752264
8274,233.8020782,52.69292068,38.7666893,183.9784964
8275,233.8019867,52.69292068,77.53330231,183.9882442
8276,231.1965485,64.12425995,116.3000031,183.9587505
8277,231.157959,64.26143646,116.2999725,183.9581956
8278,223.9272766,74.29936218,162.8416443,183.9220982
8279,219.8654022,73.04909515,209.3833466,183.9283405
8280,215.8035278,71.79882812,255.9250031,183.9176045
8281,211.7415314,70.5485611,302.4666443,183.8498421
8282,207.6796265,69.29824066,349.0083313,183.6094895
8283,203.6176605,68.04797363,395.5499878,182.966984
8284,199.5557556,66.7977066,442.0916748,181.9360214
8285,195.4937592,65.54743958,488.6333008,178.3331933
8286,191.4318695,64.29714203,535.1749878,160.8964368
8287,187.3699341,63.046875,581.7167358,147.7967047
8288,183.3079987,61.79660797,628.2583008,159.624822
8289,176.5419464,68.51554108,674.7999878,180.3003461
8290,176.2367706,69.37059784,674.7999878,180.2953876
8291,175.1277924,72.47782135,674.7999878,180.3251378
8292,174.9826965,72.83130646,674.7999878,180.333649
8293,173.0711365,76.44870758,680.133667,180.6755119
8294,174.7475281,72.20304108,680.2105713,180.6238002
8295,171.1457977,80.08131409,685.3968506,180.8756412
8296,172.9020996,75.88192749,685.5458374,180.9038307
8297,171.046814,79.58665466,690.8252563,181.0471481
8298,169.2076263,83.74884796,690.6090088,181.0133625
8299,169.1749268,83.33242035,696.0670166,181.1568969
8300,167.2498169,87.4655838,695.7885132,181.1220522
8301,167.280426,87.13230896,701.2886353,181.2462509
8302,165.2667236,91.24359894,700.9528198,181.2115024
8303,165.3573456,90.99733734,706.5065308,181.3198998
8304,165.4863892,90.82579803,712.1654053,181.4196069
8305,163.4008789,94.93669891,711.7365112,181.3821577
8306,163.5839539,94.85349274,717.465271,181.4703152
8307,161.4060059,98.95742035,716.9938354,181.4362182
8308,159.6455536,103.1628876,728.1945801,181.5549422
8309,157.2813263,107.2627945,727.6516113,181.5268975
8310,161.89328,99.04021454,728.7296143,181.5868035
8311,157.919632,107.7071762,739.795166,181.6527491
8312,155.4642792,111.8407822,739.2084961,181.6263858
8313,152.8395081,115.9607468,738.6209717,181.6027816
8314,153.5569305,116.7596893,751.2723389,181.7103975
8315,150.8040009,120.9138031,750.6651001,181.6880902
8316,147.8643951,125.0474777,750.069397,181.6680511
8317,145.500473,130.3286591,762.7176514,181.7420312
8318,148.5779572,126.1760864,763.3092041,181.7609712
8319,131.8758392,148.1907654,774.4476318,181.7622743
8320,135.3953094,143.3507843,767.9371948,181.7361686
8321,139.0996552,139.2588654,768.4534302,181.7506095
8322,142.5709076,135.1412506,769.0018921,181.7664899
8323,145.8215637,130.9968872,769.5762939,181.7839973
8324,124.2240601,157.9771576,787.9637451,181.8073677
8325,128.1490021,153.0697327,781.1289062,181.7849255
8326,132.2608795,149.0132294,781.6143799,181.7974704
8327,120.1250763,162.8977966,794.9268188,181.8272629
8328,124.6389999,158.8999329,795.4539795,181.8382395
8329,120.5802765,163.8639221,802.5808716,181.8562524
8330,121.2612915,165.9772949,818.409729,181.9094128
8331,120.9629745,164.8892822,810.4096069,181.8836598
8332,121.4647827,167.1312714,826.5767212,181.9334785
8333,117.4882278,172.2350159,834.3214722,181.9453052
8334,121.5637589,168.3545685,834.9064331,181.9558505
8335,109.8502808,180.7016449,841.8406982,181.9486298
8336,113.7152557,177.2226715,842.2836914,181.9568863
8337,117.6417389,173.5275421,842.8137817,181.9662338
8338,106.4771957,185.4759216,850.0784302,181.96075
8339,110.1672287,182.1412811,850.4638062,181.9681205
8340,96.07159424,196.4577789,857.8175659,181.9600266
8341,96.25496674,198.5035858,866.4509888,181.9757516
8342,99.65061188,193.4432678,858.1295166,181.9657786
8343,103.1898804,190.3393555,858.4437866,181.971914
8344,106.7666626,187.0890503,858.8125,181.9786891
8345,92.59762573,203.8046417,874.7026978,181.9841839
8346,96.32133484,200.6684875,875.2235107,181.9902879
8347,88.67054749,209.287674,882.8748169,181.9912603
8348,92.5151062,206.1815491,883.5109863,181.9973237
8349,88.43376923,211.8502502,891.7003174,182.0031214
8350,84.47646332,214.8774567,890.9453125,181.9971452
8351,80.43530273,217.761673,890.1755371,181.9914144
8352,76.31304169,220.5043793,889.3896484,181.9859136
8353,72.10969543,223.1055145,888.5863037,181.9806267
8354,67.82930756,225.5707703,887.7669678,181.9755456
8355,63.47733307,227.905365,886.932312,181.9706641
8356,59.0574379,230.1059723,886.0834961,181.9659764
8357,54.57275391,232.167984,885.2214355,181.9614759
8358,40.29711533,240.23172,890.156189,181.9579998
8359,44.95063019,238.5810852,891.1820068,181.9621827
8360,49.5539856,236.7911682,892.1965332,181.966531
8361,54.10301208,234.8636627,893.1986084,181.9710491
8362,25.45907593,247.174469,894.22052,181.9541646
8363,30.2316494,245.9205627,895.4083252,181.9580645
8364,34.96917343,244.5289154,896.5877686,181.9621139
8365,39.66709518,243.0007172,897.7577515,181.9663165
8366,11.87386513,261.0753479,919.2813721,181.9714691
8367,19.885355,251.189682,900.074707,181.9574668
8368,24.68236732,250.0400848,901.4073486,181.9613811
8369,18.96166229,254.1039886,907.0999756,181.9640066
8370,17.88788414,257.0242004,914.0907593,181.9700418
8371,16.66882133,259.9420166,921.0369873,181.9755893
8372,5.727419376,265.0854187,924.138855,181.9724054
8373,10.52745628,264.0197449,926.0376587,181.9764746
8374,-47.73760605,275.5326843,914.2045288,181.9436577
8375,-45.33154297,276.0457153,915.291626,181.9452909
8376,-50.12551498,274.9465332,913.1271362,181.9420434
8377,-52.49745178,274.2865906,912.0583496,181.9404451
8378,-54.85401154,273.5522766,910.9980469,181.9388608
8379,-57.19507217,272.7436829,909.9464111,181.9372898
8380,-59.52030945,271.8616333,908.9039917,181.9357316
8381,-61.82917023,270.9074402,907.871521,181.9341864
8382,-64.12119293,269.8824768,906.848877,181.9326519
8383,-68.65493011,267.625824,904.8317871,181.9296252
8384,-73.12706757,265.1011047,902.8477783,181.9266429
8385,-75.34484863,263.7392578,901.8643799,181.9251649
8386,-77.55290222,262.3095703,900.8847656,181.9236929
8387,-79.71009827,260.8056335,899.9414673,181.9222469
8388,-38.00139236,277.0185852,918.628418,181.9502956
8389,-40.44805908,276.8392944,917.5075684,181.9486306
8390,-42.90231323,276.4857178,916.3916626,181.9469485
8391,-35.58275604,277.0010681,919.7422485,181.951928
8392,-33.19976425,276.8075867,920.8410034,181.9535303
8393,-30.81851387,276.5738525,921.9369507,181.9551548
8394,-26.0461483,276.0413513,924.1271362,181.9584923
8395,-21.2633667,275.4212952,926.3149414,181.9619501
8396,-16.47353745,274.7131958,928.5001831,181.9655287
8397,-11.6799984,273.9165649,930.6825562,181.9692289
8398,-6.886264801,273.03125,932.8615723,181.9730506
8399,-5.337750912,269.98172,926.6206665,181.9690278
8400,-0.5324243903,269.0663757,928.6638794,181.9729135
8401,4.265823841,268.0538635,930.7028809,181.9769232
8402,223.8447571,-63.49864578,162.8416595,184.5021545
8403,216.133316,-73.08861542,209.383316,184.6919865
8404,208.0310516,-82.0851059,255.9250336,184.9282971
8405,199.5775909,-90.4733963,302.4666443,185.0942862
8406,190.8134155,-98.24138641,349.0083618,184.5976481
8407,181.7789001,-105.3794022,395.5500183,141.2265981
8408,172.5148468,-111.8802719,442.0916443,110.1807212
8409,163.062149,-117.7393188,488.6333008,83.26351784
8410,153.4613342,-122.9542923,535.1749878,59.5959943
8411,143.7529602,-127.5254211,581.7166748,43.86082468
8412,133.9766846,-131.4553375,628.2583008,75.03014135
8413,124.1418991,-134.7141113,674.8000488,107.3162132
8414,126.0956497,-133.0158844,674.7999878,105.4717613
8415,126.4489822,-132.7088013,674.7999878,105.1148867
8416,129.4301758,-129.8634186,674.8000488,101.7447335
8417,118.0370712,-139.5264282,678.7890015,115.9028304
8418,121.7833099,-136.4058075,678.8119507,112.0757885
8419,104.7610855,-149.1032867,682.8985596,131.0037918
8420,108.8292542,-146.277298,682.8744507,127.2570356
8421,112.9531174,-143.2371216,682.9057617,123.3103958
8422,95.41332245,-154.8554688,687.5700684,141.991546
8423,99.29194641,-152.5192261,687.3430786,138.4313047
8424,86.94069672,-159.4806824,692.8682251,152.3509257
8425,90.51602173,-157.593338,692.52771,149.0662155
8426,78.61658478,-163.6736755,698.1735229,162.5733176
8427,82.38699341,-161.8628082,698.0029297,159.238127
8428,69.95748901,-167.7629242,703.3782959,173.009344
8429,74.06320953,-165.9785309,703.3224487,169.5076839
8430,60.97060013,-171.7163391,708.7420044,181.4557148
8431,65.30093384,-170.0533752,708.6312256,180.0143885
8432,51.94651413,-175.3725281,714.4724731,181.501598
8433,56.37245941,-173.9234161,714.227356,181.5517998
8434,42.91718674,-178.6788177,720.6309814,181.4652782
8435,47.43468094,-177.4636688,720.2468262,181.5161214
8436,33.88654709,-181.6252747,727.1456299,181.4708689
8437,38.48719025,-180.6538239,726.6559448,181.5081608
8438,24.85680008,-184.1976624,733.9344482,181.4987582
8439,29.53126526,-183.4800262,733.3725586,181.5251365
8440,15.821064,-186.3769836,740.9233398,181.5361033
8441,20.5637455,-185.9243622,740.31427,181.555031
8442,6.767043591,-188.1402893,748.0479736,181.5758839
8443,11.57244492,-187.9647064,747.4127197,181.5899222
8444,-7.207503796,-189.1894684,755.9143066,181.6060415
8445,-2.320280552,-189.4603577,755.2514648,181.6144946
8446,2.543965101,-189.5757599,754.6030273,181.6252784
8447,-11.45312786,-190.3075562,762.4860229,181.6502728
8448,-25.61355209,-189.740921,770.3729248,181.6770607
8449,-20.63331604,-190.6519623,769.7017212,181.6825001
8450,-15.66965008,-191.3937073,769.0492554,181.6895123
8451,-29.85173988,-190.4662476,776.8583374,181.7110212
8452,-48.0617485,-187.5335541,784.7508545,181.7291938
8453,-52.68239212,-186.161087,785.1914062,181.7268524
8454,-43.40916061,-188.8029633,784.3186646,181.7324195
8455,-38.8117485,-189.9590607,783.8499146,181.7362949
8456,-34.0576973,-191.1628876,783.2734375,181.7410461
8457,-94.31273651,-180.7396698,817.1123047,181.8193898
8458,-92.19539642,-182.2061462,817.4208984,181.8218401
8459,-90.02642822,-183.6044769,817.729248,181.8243866
8460,-87.85726929,-184.9269562,817.9932861,181.8269078
8461,-85.68968201,-186.1750793,818.2126465,181.8293943
8462,-83.52290344,-187.3501892,818.3893433,181.8318431
8463,-79.19136047,-189.4862061,818.621521,181.8366222
8464,-56.4862709,-186.8547363,791.1443481,181.7515866
8465,-60.22757721,-187.6312103,796.9752197,181.7737642
8466,-63.91679382,-188.4850006,802.6699829,181.7936473
8467,-67.56103516,-189.4060364,808.2175903,181.811469
8468,-71.16124725,-190.3825073,813.6113281,181.8274435
8469,-74.88276672,-191.374115,818.6954346,181.8412526
8470,-100.4641724,-182.3473206,829.9210205,181.8489435
8471,-99.1908493,-181.3641357,825.6020508,181.8390305
8472,-97.352005,-183.0526581,825.8635864,181.8416453
8473,-95.87742615,-181.9199524,821.5110474,181.8308896
8474,-105.4959641,-222.9199066,912.833252,182.0003157
8475,-106.0602264,-224.5358124,917.3012695,182.0046445
8476,-100.8267746,-188.7119751,843.0201416,181.8809482
8477,-100.0196228,-185.099884,834.4264526,181.8610454
8478,-99.62115479,-187.8654022,838.8722534,181.8728066
8479,-102.4463272,-195.1163177,859.5200195,181.9143639
8480,-101.6285324,-192.0838776,851.3824463,181.8987408
8481,-100.4977875,-191.4336548,847.3465576,181.8917721
8482,-102.292038,-197.6170807,863.6289673,181.9231847
8483,-100.9325409,-216.4086761,888.3509521,181.9763753
8484,-100.5708008,-214.1581421,884.322937,181.9698066
8485,-100.2748795,-211.8426514,880.3031616,181.9628399
8486,-100.0486526,-209.4659424,876.281189,181.955486
8487,-101.1811829,-207.1639252,876.019165,181.9514552
8488,-102.1956253,-202.4710541,871.7445679,181.9398114
8489,-101.0764313,-204.7746277,871.9905396,181.9437191
8490,-102.2080231,-200.069809,867.7011719,181.931736
8491,-102.3574982,-222.7335052,900.6065063,181.9938737
8492,-101.8320847,-220.700058,896.4793701,181.98839
8493,-101.3549805,-218.5905609,892.3988647,181.9825634
8494,-102.9241257,-224.6871796,904.7956543,181.9990317
8495,-103.5251999,-226.557373,909.0626831,182.0038814
8496,-93.06243896,280.6789551,934.7302856,181.9391181
8497,-91.62641144,278.384491,929.9608154,181.9372001
8498,-90.17527771,275.9616089,925.3105469,181.9351904
8499,-94.47412872,282.8361206,939.6326904,181.9409495
8500,-86.84664154,275.3371887,921.8071899,181.9346277
8501,-85.34949493,272.6143188,917.3282471,181.9324001
8502,-83.87494659,269.7906189,912.9170532,181.9300556
8503,-82.43525696,266.8751831,908.5584106,181.9275866
8504,-81.04293823,263.8771362,904.2376709,181.9249855
8505,-88.35411835,277.9499512,926.3695679,181.9367466
8506,-112.9612274,219.7134247,945.0268555,181.9134955
8507,-111.4016418,231.5061951,946.1433105,181.9181201
8508,-109.734108,243.2656555,947.3233643,181.9230887
8509,-107.9609756,254.986969,948.5662842,181.928376
8510,-106.085289,266.6658325,949.8709106,181.9339461
8511,-105.5653,269.5695496,950.2322998,181.9353779
8512,-104.9135208,272.4335632,950.6889648,181.9368312
8513,-104.1316299,275.2492676,951.2397461,181.9383053
8514,-103.2262955,278.0102844,951.8798218,181.939799
8515,-102.2035828,280.7105408,952.6047363,181.9413111
8516,-101.0688477,283.3444214,953.4107056,181.9428409
8517,-99.82711792,285.9067688,954.2941284,181.9443875
8518,-114.9923325,208.6550903,949.6123047,181.910411
8519,-97.19114685,286.702301,949.883606,181.9443645
8520,-95.85272217,284.8468018,944.6802368,181.9426975
8521,-98.48336029,288.3935242,955.251709,181.9459506
8522,-116.9471893,197.4137115,954.4573364,181.9075097
8523,-132.7436371,-18.73415565,996.3864746,181.8892946
8524,-132.7148895,-21.13255882,996.4073486,181.8896702
8525,-131.4281311,-30.91034317,986.0404053,181.89115
8526,-129.6970978,-43.01571655,972.656311,181.8927546
8527,-127.9423141,-54.94922256,959.8145752,181.893942
8528,-127.4687653,-67.03170776,960.1309814,181.8975
8529,-132.6184235,37.69532013,996.477417,181.8853674
8530,-132.5193481,41.93371582,996.5493164,181.8853889
8531,-132.2924652,51.63922882,996.7140503,181.8856059
8532,-132.2155914,54.06212997,996.7698975,181.8856879
8533,-131.8494263,65.6076355,997.0357666,181.8862522
8534,-131.8261719,66.1866684,997.0526733,181.8862875
8535,-131.3404083,78.30569458,997.4053955,181.8871772
8536,-130.7641754,90.418396,997.8239136,181.8883467
8537,-131.2885132,79.60233307,997.4431152,181.8872905
8538,-127.6006317,102.5487213,974.012146,181.8891135
8539,-129.0027008,102.6278763,987.6244507,181.8896362
8540,-130.6086884,93.62611389,997.9368286,181.8887084
8541,-130.1024017,102.5241013,998.3045044,181.8897901
8542,-125.5401688,114.3014755,961.4532471,181.8898958
8543,-126.8630371,114.6442337,974.5130005,181.8907871
8544,-124.1017761,126.0630493,955.7595825,181.8911843
8545,-123.2133255,138.0746307,956.3956909,181.893304
8546,-122.2416763,150.0751343,957.0943604,181.8957058
8547,-121.1872559,162.0637207,957.8553467,181.8984079
8548,-120.0501251,174.0394897,958.6787109,181.901427
8549,-118.8306198,186.0016327,959.5643311,181.9047777
8550,-126.9103928,-79.10717773,960.5108032,181.9017597
8551,-125.0106888,-90.65864563,948.6119995,181.9033917
8552,-124.2938385,-102.6566162,949.1273193,181.9089509
8553,-123.493454,-114.6457367,949.7045898,181.915356
8554,-122.6098557,-126.6251373,950.3435059,181.9227212
8555,-121.6429825,-138.5939484,951.0443115,181.9310578
8556,-120.5932617,-150.5512848,951.8066406,181.9403852
8557,-119.4606171,-162.4963074,952.6307373,181.9507063
8558,-118.2453918,-174.4281616,953.5163574,181.9620023
8559,-116.9477692,-186.3460083,954.4634399,181.974231
8560,-115.5678024,-198.2489777,955.4719849,181.987326
8561,-114.1058884,-210.136322,956.541748,182.0011988
8562,-112.5746841,-222.0142365,957.6706543,182.015757
8563,-110.9953842,-233.8978729,958.8549194,182.0307926
8564,-109.3647385,-245.7918549,960.0953979,182.0462744
8565,-107.6788101,-257.6999512,961.3936768,182.0619838
8566,-106.9096069,-256.723175,955.5360718,182.0595831
8567,-106.2440033,-248.5739136,943.7592163,182.0462927
8568,-105.2255402,-254.3322754,944.4197998,182.0541911
8569,-106.0861588,-255.5986938,949.8763428,182.0569785
8570,-105.7342682,-240.1899414,932.7738647,182.0320345
8571,-104.5955353,-245.8145752,933.4179688,182.0400422
8572,-105.4292679,-247.2555084,938.4966431,182.0432635
8573,-104.9752731,-238.7181396,927.8678589,182.0285492
8574,-105.4677734,-231.6296692,922.4985352,182.0167436
8575,-104.2144623,-237.1392212,923.1204224,182.0248274
8576,-104.8032074,-230.0323486,917.8973999,182.0127225
8577,227.943924,-64.61665344,116.2999878,184.3976065
8578,231.1261292,-53.33223724,116.2999802,184.3671352
8579,231.1614075,-53.19413376,77.5333786,184.3129522
8580,233.8020782,-41.62463379,38.7666893,184.2538947
8581,235.8627625,-29.93792152,2.951703755e-05,184.2154592
8582,235.8627625,41.00620651,2.951703755e-05,184.0126414
8583,235.8627625,41.00620651,38.76670837,184.0167586
8584,235.8626709,41.00620651,77.53331757,184.0291241
8585,233.8302612,52.5532074,116.3000259,184.0048212
8586,233.798584,52.6921463,116.3000031,184.0042715
8587,227.077301,63.07801819,162.8416901,183.9772738
8588,222.9581451,62.03174591,209.3833466,183.9978761
8589,218.8388367,60.98550797,255.9249725,184.0107308
8590,214.7196503,59.93923569,302.4666443,183.9802789
8591,210.6004639,58.89299393,349.0083008,183.7810253
8592,206.4812469,57.84675598,395.5499878,183.1133372
8593,202.3620605,56.80051422,442.0916748,181.9769582
8594,198.2428741,55.75424576,488.6333313,170.9449789
8595,194.1236725,54.70797348,535.1749878,151.8790262
8596,190.0044556,53.66173553,581.7166748,137.7580172
8597,185.8852997,52.61549377,628.2583618,150.074394
8598,179.4205475,59.80265045,674.8000488,173.8029495
8599,179.1980743,60.53164673,674.7999878,174.469069
8600,178.0808258,64.19205475,674.8000488,177.509645
8601,178.0556335,64.27458191,674.7999878,177.5720494
8602,176.3182526,67.92166901,680.2856445,180.5707248
8603,174.5527954,71.64910126,685.6915894,180.9635597
8604,176.0974121,67.38498688,685.8338623,181.1204054
8605,172.7797699,75.39308167,691.0370483,181.0959521
8606,174.4064331,71.17024231,691.2440186,181.1669129
8607,172.7032928,74.97951508,696.6074829,181.2581686
8608,170.9925842,79.16972351,696.3400879,181.2018744
8609,170.9819031,78.82788849,701.9414062,181.3435467
8610,169.1852417,82.99305725,701.6183472,181.289784
8611,169.2362366,82.72821045,707.2625732,181.4101983
8612,167.3516235,86.87508392,706.8881836,181.3607166
8613,167.4605255,86.69138336,712.5865479,181.464052
8614,167.6021729,86.57878876,718.3838501,181.5559529
8615,165.648819,90.72652435,717.928833,181.5100601
8616,166.0463104,90.73529053,729.7727051,181.662491
8617,164.0262909,94.89697266,729.2558594,181.6226237
8618,162.4252167,99.39006042,740.9458618,181.7140123
8619,160.2302399,103.5581207,740.3751831,181.6819213
8620,164.5067291,95.20488739,741.5065918,181.7490035
8621,160.7710114,104.2048645,753.0853882,181.7902087
8622,158.5232849,108.4040146,752.4881592,181.7614895
8623,156.1279602,112.5888519,751.8821411,181.7348915
8624,156.655777,113.5751877,765.1461792,181.829101
8625,154.1505737,117.7957687,764.5319824,181.8045413
8626,151.4594727,121.9973831,763.9168701,181.7818216
8627,148.8644714,126.824646,770.1707764,181.8031811
8628,151.7107086,122.6243668,770.7788086,181.8240395
8629,135.7811279,144.115097,774.9421997,181.7749381
8630,136.1109924,144.9315796,782.1201782,181.8110348
8631,139.4415436,140.0124207,775.4682007,181.7894891
8632,142.8711395,135.8808899,776.0227051,181.8056335
8633,146.0817719,131.7197723,776.5999146,181.8233081
8634,149.0852814,127.5283127,777.1940308,181.8424928
8635,128.8686981,154.8735199,795.9608154,181.8500662
8636,128.5421448,153.9449158,788.4574585,181.8186171
8637,132.5839691,149.8880157,788.9555664,181.8312275
8638,136.3708649,145.8011322,789.4703369,181.8450406
8639,124.983902,159.8783417,803.1194458,181.86752
8640,129.1158447,155.8574982,803.6369629,181.8795886
8641,125.246521,160.9150848,810.9568481,181.8950637
8642,125.4815369,163.1734009,827.1326294,181.944768
8643,125.4158249,162.0126038,818.9628296,181.9208181
8644,125.4349289,164.3999786,835.4619751,181.9669277
8645,121.5497513,169.6503754,843.3932495,181.976539
8646,125.2677689,165.6946869,843.9450073,181.9873268
8647,113.9104614,178.6169128,850.9285278,181.9763877
8648,117.6812592,174.9014893,851.4614258,181.9855736
8649,121.4148941,171.0218506,852.0318604,181.9955722
8650,110.3717346,183.6791382,859.2409058,181.9861657
8651,113.9890823,180.103302,859.725769,181.9943795
8652,99.85974121,195.3803558,866.8570557,181.9818434
8653,99.94929504,197.4366608,875.7268066,181.9966603
8654,103.4043655,192.1615906,867.2606812,181.988287
8655,106.9386826,188.8109741,867.6964111,181.9952501
8656,110.4552994,185.3204651,868.1669922,182.0027734
8657,96.26304626,202.9569397,884.1310425,182.0036489
8658,99.91108704,199.6171112,884.7345581,182.0102457
8659,92.30130005,208.6798859,892.4403076,182.0093543
8660,96.07126617,205.3689117,893.1641846,182.0158516
8661,91.94715881,211.2877045,901.4671631,182.020287
8662,88.05813599,214.5192871,900.6183472,182.0139283
8663,84.08113861,217.5851746,899.7537842,182.0078272
8664,80.0242691,220.4880981,898.8735962,182.0019708
8665,75.88981628,223.2341461,897.9752197,181.996338
8666,71.67446136,225.8256989,897.0554199,181.9909059
8667,67.38217926,228.2775421,896.1165771,181.9856652
8668,63.02061081,230.6035461,895.1598511,181.9806116
8669,58.59326553,232.8004608,894.1868286,181.9757413
8670,44.32099533,241.3371582,898.9170532,181.9706758
8671,48.92661667,239.5398865,900.06427,181.9751952
8672,53.47984314,237.610733,901.1981201,181.9798779
8673,57.97636032,235.5513306,902.3168335,181.9847266
8674,29.4503212,248.7579346,902.7325439,181.9654391
8675,34.18462753,247.3442841,904.0488892,181.9696433
8676,38.88111877,245.800293,905.3554688,181.9739967
8677,43.5353775,244.1270599,906.6509399,181.9785019
8678,15.3118906,262.8494263,927.9307861,181.9806715
8679,23.7519989,252.9211273,908.5714722,181.968056
8680,28.51452827,251.6124573,910.0350952,181.9722457
8681,22.67050171,255.8094025,915.7011719,181.9742029
8682,21.44312286,258.6966553,922.7861328,181.9798416
8683,20.07710266,261.574646,929.8175049,181.9849965
8684,9.053343773,266.9443054,932.7369385,181.9810568
8685,13.82654285,265.7379761,934.765564,181.9853145
8686,-46.88414001,279.6552429,920.4365234,181.9485551
8687,-49.28695297,279.13974,919.2824707,181.9468921
8688,-44.45714188,280.0914307,921.6044922,181.9502415
8689,-51.67057037,278.5450439,918.1390991,181.9452474
8690,-54.03701019,277.8708191,917.0055542,181.9436178
8691,-56.3866272,277.1168518,915.8817749,181.9420017
8692,-58.7191658,276.2833557,914.7680664,181.9403981
8693,-61.03417969,275.3716431,913.6651611,181.9388066
8694,-63.33102798,274.3832092,912.5737915,181.9372274
8695,-65.60925293,273.3198853,911.4938354,181.9356598
8696,-67.86847687,272.183197,910.425293,181.9341045
8697,-70.10912323,270.9749756,909.3676758,181.932558
8698,-74.53927612,268.3484192,907.2818604,181.9295003
8699,-76.73313141,266.9310913,906.2502441,181.9279828
8700,-78.91540527,265.4429932,905.2242432,181.9264713
8701,-37.14469528,280.5309448,925.1585693,181.9553032
8702,-39.55962372,280.5883484,923.9781494,181.9536441
8703,-42.00435257,280.4337463,922.7891235,181.9519517
8704,-34.76781082,280.2845459,926.3218994,181.9569322
8705,-32.39331055,279.9981079,927.4820557,181.9585836
8706,-27.63516235,279.3662109,929.8007202,181.961975
8707,-22.867239,278.6550903,932.1171265,181.9654863
8708,-18.09272766,277.8640747,934.4309082,181.9691175
8709,-13.31480408,276.9928894,936.7418823,181.9728687
8710,-8.536330223,276.0411072,939.0498047,181.9767402
8711,-2.095586061,272.0567322,935.0371094,181.9769943
8712,-3.760656595,275.0084839,941.354248,181.9807331
8713,2.688655376,270.9931946,937.2085571,181.9810583
8714,7.463181019,269.8408203,939.3753052,181.9852434
8715,227.0082245,-52.28105164,162.8416748,184.4657031
8716,219.7843781,-62.24349213,209.3833466,184.6526488
8717,212.1405487,-71.63265228,255.9250031,184.8925326
8718,204.1158295,-80.4318924,302.4666748,185.0799147
8719,195.7495422,-88.62709808,349.0083008,184.6712491
8720,187.082077,-96.20658875,395.5499878,139.3322564
8721,178.153656,-103.1611404,442.0916443,105.7820595
8722,169.0047913,-109.4840622,488.6333008,77.71789965
8723,159.6758881,-115.1711197,535.1749878,52.72036067
8724,150.2073669,-120.2204971,581.7166748,35.14871941
8725,140.6391754,-124.6328201,628.2583008,67.83579445
8726,130.9828033,-128.3815002,674.8000488,100.4157531
8727,132.7499695,-126.6948166,674.8000488,98.79859952
8728,135.9295502,-123.3853226,674.7999878,95.28511937
8729,125.4139481,-133.2185669,678.8344116,108.5262885
8730,128.9325867,-129.9650269,678.8623047,104.9606709
8731,117.0617905,-140.0270691,682.965271,119.3309782
8732,121.020462,-136.7576904,683.0123901,115.4474151
8733,103.3562393,-149.9108887,687.2153931,134.7268186
8734,107.5730286,-147.0267944,687.1850586,130.8818861
8735,111.897644,-143.8769073,687.234375,126.8726483
8736,94.13530731,-155.5887146,692.1449585,145.7195875
8737,98.02317047,-153.2929993,691.8615723,142.1719191
8738,86.00595093,-160.052597,697.7232666,155.972028
8739,89.51070404,-158.2339478,697.3217163,152.7366166
8740,77.98236084,-164.1826172,703.2191162,166.119588
8741,81.71012115,-162.398468,703.0236816,162.834039
8742,69.54892731,-168.3056641,708.5616455,176.5429679
8743,73.64299011,-166.5146332,708.496521,173.061838
8744,60.75015259,-172.348877,714.0560303,181.5751793
8745,65.07971191,-170.6637573,713.9338379,181.5088588
8746,51.90789032,-176.1185913,719.9202271,181.5677871
8747,56.3338623,-174.6447144,719.6604004,181.6139924
8748,43.0490036,-179.5481415,726.2081909,181.5508035
8749,47.5682869,-178.3088837,725.8104248,181.5975721
8750,34.17235184,-182.6238251,732.8392334,181.5565857
8751,38.77666092,-181.629715,732.3408203,181.5931224
8752,25.27611923,-185.3285065,739.7263184,181.5780417
8753,29.95615578,-184.5902557,739.1629028,181.605403
8754,16.35109711,-187.641037,746.7924805,181.6071458
8755,21.10081291,-187.1701813,746.1898804,181.6278184
8756,7.383653641,-189.5371094,753.968689,181.638598
8757,12.19739914,-189.3459167,753.3485718,181.6546666
8758,-6.535282612,-190.7283478,761.8331299,181.6588364
8759,-1.639133573,-190.9891052,761.194519,181.6694464
8760,3.23369503,-191.0913849,760.5697632,181.6822721
8761,-10.72402859,-191.9683685,768.4139404,181.6982175
8762,-24.85316086,-191.543457,776.2099609,181.7169242
8763,-19.86821556,-192.4467621,775.581543,181.7242529
8764,-14.89875317,-193.1784668,774.9711914,181.7331034
8765,-29.05795479,-192.4002838,782.6564941,181.7473356
8766,-47.28937912,-189.6547852,790.3428345,181.7581056
8767,-51.92473984,-188.2993622,790.7348633,181.7544001
8768,-42.62255859,-190.9066925,789.9581909,181.7627007
8769,-38.00725174,-192.0453949,789.538208,181.7679542
8770,-33.24287415,-193.23349,789.0177002,181.7741821
8771,-93.85858917,-183.4664001,821.8024902,181.8334922
8772,-91.76675415,-184.9487152,822.1096802,181.8362278
8773,-89.6218338,-186.3617401,822.4176636,181.8390565
8774,-87.47025299,-187.6990814,822.6872559,181.8418715
8775,-85.31380463,-188.9618683,822.9180908,181.8446662
8776,-80.98568726,-191.267334,823.2702026,181.8501556
8777,-83.1522522,-190.151001,823.1118774,181.8474405
8778,-78.81475067,-192.3119049,823.3942871,181.8528638
8779,-55.74086761,-189.1411133,796.6038818,181.7769822
8780,-59.51357651,-190.0586395,802.3378296,181.7971976
8781,-63.25355911,-191.0428162,807.9221802,181.8152777
8782,-66.96856689,-192.0794983,813.3447266,181.8314259
8783,-70.66108704,-193.1522217,818.597168,181.8458298
8784,-74.48055267,-194.2196198,823.5388184,181.8582097
8785,-98.73352051,-184.1188049,830.1690063,181.8516872
8786,-96.92401123,-185.8323517,830.4310303,181.8545514
8787,-95.43587494,-184.6815643,826.1396484,181.8443859
8788,-104.1537018,-228.340332,913.4243774,182.0084398
8789,-99.27355194,-190.63237,843.2594604,181.8842024
8790,-98.31983185,-186.8997498,834.6755981,181.8640173
8791,-97.95491791,-189.6956787,839.1227417,181.8759847
8792,-101.1986084,-197.2946014,859.7492676,181.9179868
8793,-100.2269287,-194.1316376,851.6150513,181.9022122
8794,-98.98177338,-193.389328,847.5884399,181.8951985
8795,-101.0857315,-199.8363647,863.8634644,181.9269638
8796,-98.83184052,-221.1673889,888.9309082,181.9847041
8797,-98.35722351,-218.8173523,884.8945923,181.9781187
8798,-97.94952393,-216.4029083,880.8659668,181.9711133
8799,-97.61329651,-213.9283447,876.8347168,181.9636882
8800,-98.85881042,-211.7214355,876.5531616,181.9595619
8801,-98.65293121,-209.2402802,872.5143433,181.9517232
8802,-99.8949585,-207.0317535,872.2472534,181.9476917
8803,-101.0445557,-202.3309021,867.9413452,181.9355645
8804,-99.81556702,-204.543869,868.192688,181.939468
8805,-100.5942764,-227.7886353,901.2073975,182.0021737
8806,-99.95732117,-225.6572876,897.0740356,181.9967117
8807,-99.36743164,-223.4487915,892.9865112,181.9908931
8808,-101.2703857,-229.8386078,905.4020996,182.0073
8809,-101.9779968,-231.8029022,909.6738892,182.0121101
8810,-92.82871246,285.0359497,940.7062378,181.9425224
8811,-91.3553009,282.8085632,935.8050537,181.9406876
8812,-89.8605957,280.443512,931.0307007,181.9387643
8813,-94.27217102,287.1164246,945.7459106,181.9442728
8814,-86.43571472,279.848175,927.5003662,181.9383347
8815,-84.87833405,277.1665649,922.9200439,181.936206
8816,-83.33538818,274.375885,918.4171753,181.933964
8817,-81.81900024,271.4854736,913.9768677,181.9315999
8818,-80.34147644,268.5047607,909.5839233,181.929105
8819,-87.99596405,282.4112549,932.1734619,181.9403584
8820,-113.5303268,220.5080719,950.6768188,181.9147189
8821,-111.988327,232.3465118,951.8014526,181.9193922
8822,-110.3711929,244.1728363,952.9851074,181.9244034
8823,-108.6782837,255.987442,954.2279663,181.9297401
8824,-106.4203568,270.7305908,955.8898926,181.936808
8825,-106.9088058,267.7904663,955.5302734,181.9353616
8826,-105.8065186,273.6340332,956.3407593,181.9382754
8827,-105.0689163,276.4926758,956.8817139,181.9397628
8828,-104.2137833,279.3002319,957.5081177,181.9412687
8829,-103.2468414,282.0511169,958.2159424,181.9427922
8830,-102.1732864,284.7399292,959.0012207,181.944332
8831,-100.9975281,287.3617249,959.8609009,181.9458875
8832,-99.72419739,289.9115906,960.7915039,181.9474576
8833,-115.567215,209.3166962,955.4658813,181.9115058
8834,-97.04186249,290.7998962,956.2804565,181.9475297
8835,-95.67854309,289.0407715,950.9345093,181.9459415
8836,-117.5289688,197.9493866,960.512146,181.9084715
8837,-132.5215607,-30.86552048,996.5477295,181.8914035
8838,-132.4527893,-34.3248558,996.5976562,181.8921168
8839,-131.1173706,-43.05201721,986.2304077,181.8937927
8840,-129.3018951,-55.14240265,972.901123,181.8958721
8841,-128.8207092,-67.26274109,973.2098999,181.8996424
8842,-128.2575226,114.7350388,988.1353149,181.8913398
8843,-129.8087921,107.6847916,998.5177612,181.8904994
8844,-128.9802704,114.6804733,995.1057129,181.8914691
8845,-124.7293854,126.3503723,962.022644,181.8917691
8846,-125.3757477,126.5733566,968.4682617,181.8922804
8847,-126.0407181,126.7295761,975.0776367,181.8927192
8848,-126.7242355,126.8167191,981.8314209,181.8930641
8849,-123.8351669,138.3886414,962.6550903,181.8939297
8850,-122.8575668,150.4154205,963.350647,181.896379
8851,-121.7969742,162.4298401,964.1091919,181.8991314
8852,-120.6537247,174.4310913,964.930603,181.9022015
8853,-119.4280701,186.4183197,965.8148804,181.9056022
8854,-128.2537384,-79.37574005,973.5827026,181.9041216
8855,-126.2676926,-91.17472076,960.9537964,181.9067818
8856,-125.540802,-103.2333984,961.4599609,181.9126267
8857,-124.1024399,-114.9950333,955.7659912,181.917416
8858,-123.2138901,-127.0066681,956.4021606,181.924922
8859,-122.2423325,-139.0072174,957.100708,181.9333746
8860,-121.1878128,-150.9958038,957.8617554,181.9427953
8861,-120.0507736,-162.9715881,958.6850586,181.953183
8862,-118.8312607,-174.9337769,959.5706787,181.964516
8863,-117.5296097,-186.8815308,960.5184937,181.9767498
8864,-116.1460648,-198.8140564,961.5283813,181.9898183
8865,-114.6808319,-210.730545,962.6002808,182.0036377
8866,-113.1546249,-222.6417084,963.7306519,182.0181563
8867,-111.600914,-234.5724792,964.9135742,182.033072
8868,-110.0146713,-246.530838,966.1505127,182.0485193
8869,-108.3894882,-258.5232239,967.4439697,182.0641819
8870,-107.2160797,-260.6710205,961.7507935,182.0659308
8871,-106.4212646,-259.6633606,955.8956299,182.0635371
8872,-105.5661621,-258.5024414,950.237793,182.060948
8873,-104.3314362,-252.9296875,939.1574707,182.0512316
8874,-104.6681137,-257.194458,944.7824097,182.0581721
8875,-103.7310562,-255.7457428,939.520813,182.0552129
8876,-103.7468262,-244.2560272,928.5109863,182.0366033
8877,-102.4601364,-249.7391205,929.1713257,182.044646
8878,-103.4080276,-251.3967285,934.0787354,182.0480479
8879,-102.8885727,-242.5848541,923.762085,182.0329298
8880,-103.457222,-235.4575195,918.5162354,182.020857
8881,-102.0267487,-240.8060455,919.1561279,182.0290088
8882,-102.7093735,-233.6773071,914.0397339,182.0166233
8883,231.1579285,-53.19332886,116.3000183,184.3667515
8884,233.7737274,-41.76434708,116.2999802,184.3339985
8885,233.8019867,-41.62463379,77.53330231,184.2832623
8886,235.8627625,-29.93792152,38.76670837,184.2244044
8887,237.3383331,-18.16299438,-9.361237971e-06,184.1850026
8888,237.3383331,29.23128128,-9.361237971e-06,184.0492849
8889,237.3383636,29.23128128,38.76667023,184.054248
8890,237.3382721,29.23128128,77.53327942,184.0692256
8891,235.8838806,40.865242,116.3000107,184.050336
8892,235.8592987,41.0055809,116.3000259,184.0497946
8893,229.6639862,51.7135582,162.841629,184.0323424
8894,225.4977417,50.8739357,209.3833313,184.0678946
8895,221.3315582,50.03434372,255.9250031,184.1063489
8896,217.1653137,49.19469452,302.4667053,184.1199769
8897,212.9990387,48.35507202,349.0083008,183.9771564
8898,208.8327942,47.51545334,395.5500183,183.2828528
8899,204.6666107,46.67580032,442.0916748,180.8480548
8900,200.5003052,45.83618164,488.6332703,163.0517555
8901,196.3340912,44.99655914,535.1749878,143.007603
8902,192.1679077,44.15694046,581.7166748,127.8813872
8903,188.0016632,43.31731796,628.2583618,140.9694789
8904,182.9566956,46.50187683,674.7999878,162.5649474
8905,182.7509918,47.5009079,674.7999878,163.5517707
8906,181.8692322,50.95932007,674.7999878,166.8612144
8907,181.7169189,51.55670547,674.7999878,167.4010242
8908,180.7353973,55.40645218,674.7999878,170.630725
8909,180.5990601,55.94107437,674.7999878,171.0417955
8910,179.1408844,59.26117325,680.4300537,176.1356304
8911,177.7829132,63.60691833,680.3588257,180.0454009
8912,177.5361176,63.09166718,685.9724121,181.5326717
8913,175.927124,66.92010498,691.4459839,181.2661411
8914,177.3419342,62.64463043,691.6425781,181.3684823
8915,174.3074341,70.76391602,696.8685303,181.3241738
8916,175.8055573,66.52462769,697.1230469,181.3887399
8917,174.2540894,70.42765808,702.565918,181.4878887
8918,172.6713409,74.6387558,702.2575073,181.4090482
8919,172.6809692,74.3683548,707.9876709,181.5415671
8920,171.0123901,78.55865479,707.6292725,181.4698188
8921,171.0802917,78.35957336,713.4037476,181.5777096
8922,169.3248444,82.53535461,712.9996338,181.5164012
8923,169.4455719,82.41209412,718.8297729,181.6084904
8924,169.7547302,82.36473846,730.7750854,181.7542333
8925,167.9553375,86.55729675,730.2793579,181.7064047
8926,168.3366852,86.79181671,742.5946655,181.8272707
8927,166.4765167,91.00485229,742.0563965,181.7868077
8928,164.9288177,95.75948334,754.2478638,181.8545937
8929,162.9055023,99.98938751,753.6721802,181.8212906
8930,166.8429565,91.51712036,754.8115845,181.8900029
8931,163.0917664,100.3775864,760.2354736,181.8685221
8932,160.9904633,104.6176834,759.6474609,181.8379488
8933,158.7773743,108.8424606,759.048584,181.8090375
8934,159.1193848,109.8912048,772.604248,181.8958963
8935,156.8334045,114.1540146,772.0025024,181.8705152
8936,158.9808044,109.3387604,765.753418,181.8546828
8937,154.3656006,118.3994751,771.3920288,181.8465147
8938,151.8920898,123.3067551,777.7988892,181.8631663
8939,154.5071564,119.058609,778.4066772,181.8852724
8940,139.7202911,140.8191071,782.6534424,181.8259581
8941,139.9221344,141.6791992,790.0082397,181.8600927
8942,143.1019897,136.6742554,783.2112427,181.8422614
8943,146.2669983,132.4968414,783.7880859,181.8599275
8944,149.2262421,128.2864227,784.3787231,181.8789417
8945,151.9895172,124.0435257,784.9771729,181.8992831
8946,132.9921417,151.8000336,804.1533813,181.892546
8947,132.8319244,150.8165283,796.4693604,181.8629229
8948,136.5479431,146.7244263,796.9906006,181.8768463
8949,140.0342255,142.5930634,797.5305176,181.8918726
8950,129.2720032,156.8988037,811.4824829,181.9071912
8951,133.0532379,152.8397827,812.0042725,181.9201048
8952,129.3262177,157.9991608,819.4937744,181.9328694
8953,129.0917053,160.3838501,835.994812,181.9785264
8954,129.2689972,159.1602936,827.6661377,181.9566363
8955,128.7867126,161.6715546,844.473938,181.9985897
8956,124.9729309,167.0597839,852.5762329,182.0060131
8957,128.3472748,163.0249329,853.0978394,182.0168917
8958,117.598793,176.3610229,860.258667,182.0033466
8959,121.1522751,172.4722748,860.8164673,182.0129916
8960,124.5440216,168.4977112,861.3496094,182.0230456
8961,113.9427643,181.6867828,868.6702271,182.0108824
8962,117.3871078,177.9102325,869.2003174,182.0195902
8963,103.4960709,194.1016693,876.2213745,182.0033505
8964,103.456192,196.1649323,885.3210449,182.0171244
8965,106.9846725,190.6472168,876.7241211,182.0104438
8966,110.409668,187.070694,877.2360229,182.017964
8967,113.7638626,183.3721771,877.7555542,182.0259277
8968,99.73576355,201.9221497,893.8703003,182.0226191
8969,103.2749634,198.3523712,894.5493164,182.0296335
8970,95.73605347,207.892334,902.2980957,182.026909
8971,99.41264343,204.3397064,903.1083374,182.0337957
8972,95.24973297,210.5124969,911.5036011,182.036853
8973,91.44547272,213.9906006,910.5633545,182.0301474
8974,87.53710175,217.281189,909.6018677,182.0237024
8975,83.54093933,220.3825378,908.6226807,182.0175141
8976,79.46785736,223.3003082,907.6263428,182.0115682
8977,75.31976318,226.0446777,906.609436,182.005839
8978,71.0904541,228.6204376,905.5670776,182.0002976
8979,66.78473663,231.0523071,904.5028687,181.9949335
8980,62.41225433,233.3636627,903.4188843,181.989744
8981,48.14329147,242.3262939,907.9337769,181.983161
8982,52.70096207,240.3995667,909.2023926,181.9879761
8983,57.20436096,238.3486328,910.4550781,181.9929488
8984,61.64958572,236.1754456,911.6900635,181.9980804
8985,33.24523163,250.1789703,911.4899292,181.9765782
8986,37.93975067,248.6217346,912.9346313,181.981055
8987,42.59407043,246.9419556,914.367981,181.9856778
8988,47.20425034,245.1410522,915.7883911,181.990448
8989,18.58201027,264.4353333,936.7879639,181.9896959
8990,27.42704201,254.4758606,917.303894,181.978501
8991,32.15339279,253.0246124,918.8977051,181.9829372
8992,26.19283867,257.3399353,924.5275879,181.9842265
8993,24.81942749,260.1963501,931.6967163,181.9894495
8994,23.31628799,263.0368652,938.8032227,181.9942005
8995,12.2246685,268.5997925,941.5368652,181.989548
8996,16.96991348,267.2703552,943.6925659,181.993972
8997,-46.09849167,283.6443481,926.7976685,181.9532899
8998,-48.52294159,283.2131653,925.5635376,181.9515807
8999,-50.92238617,282.6956177,924.3441772,181.9498942
9000,-43.64784622,283.9733582,928.0489502,181.9550218
9001,-53.30151749,282.0923767,923.1366577,181.9482251
9002,-55.66214752,281.4032593,921.9401855,181.9465705
9003,-58.0043869,280.6286621,920.7548828,181.9449287
9004,-60.32787704,279.7689819,919.5811157,181.9432986
9005,-62.63168716,278.8260193,918.4199829,181.9416802
9006,-64.91535187,277.8016663,917.2720947,181.9400733
9007,-67.17812347,276.6980286,916.1376343,181.9384776
9008,-69.41960144,275.5170898,915.0164795,181.9368931
9009,-71.64013672,274.2608032,913.9082642,181.9353189
9010,-73.84055328,272.9308777,912.8125,181.9337559
9011,-76.02278137,271.5282288,911.7276611,181.9321988
9012,-78.18923187,270.0532532,910.6518555,181.9306491
9013,-36.42370224,283.7058716,931.7746582,181.96007
9014,-38.79455185,284.0045471,930.5488281,181.9584174
9015,-41.20557785,284.1019897,929.3040161,181.9567359
9016,-34.05577469,283.3673096,932.9970093,181.9617449
9017,-29.31152916,282.6374512,935.4400635,181.9651834
9018,-24.55840111,281.8364868,937.8808594,181.9687409
9019,-19.79910469,280.9639282,940.3192139,181.9724167
9020,-15.03651428,280.0193787,942.7548828,181.9762097
9021,-10.2734623,279.002533,945.1876831,181.9801207
9022,-5.512660503,277.9130554,947.6173096,181.9841653
9023,1.009398818,273.894989,943.6549683,181.9848389
9024,-0.7569103837,276.7510071,950.043335,181.9882902
9025,5.77070713,272.7009277,945.9512329,181.9890651
9026,10.52012444,271.4264832,948.2425537,181.9934041
9027,229.6085052,-40.91975021,162.8417053,184.4265276
9028,222.8902283,-51.22989273,209.3833466,184.6102769
9029,215.7239532,-60.98836517,255.9250336,184.857044
9030,208.1477814,-70.17667389,302.4666748,185.0920799
9031,200.20047,-78.77870178,349.0083008,184.7525076
9032,191.9216461,-86.78079987,395.5500488,141.1608901
9033,183.3508911,-94.17176056,442.0916138,103.1451166
9034,174.5285034,-100.9428635,488.6333313,72.79509027
9035,165.4947357,-107.0878677,535.1749878,46.38721141
9036,156.2895966,-112.6029358,581.7166748,26.51110646
9037,146.9532776,-117.4867172,628.2583008,61.01999977
9038,137.5175323,-121.7325897,674.8000488,93.97141398
9039,137.9316101,-121.3015289,674.7999878,93.61815699
9040,139.0548859,-120.0262756,674.7999878,92.5711112
9041,142.0884705,-116.5822296,674.8000488,89.33929098
9042,132.342926,-126.6448669,678.8987427,101.695475
9043,135.6484528,-123.2578278,678.9453735,98.53089649
9044,124.8259506,-133.4380951,683.0584717,111.7741458
9045,128.4864502,-130.0672913,683.114563,108.2360998
9046,116.2301865,-140.5230408,687.3244629,122.8101483
9047,120.3798294,-137.1210175,687.3969116,118.8796522
9048,102.162117,-150.6799316,691.7047729,138.4514094
9049,106.5107193,-147.7441559,691.6719971,134.540232
9050,111.0134659,-144.4974365,691.7407227,130.4739158
9051,93.07846069,-156.2959595,696.8721313,149.4206651
9052,96.97472382,-154.0335388,696.541748,145.8834295
9053,85.27451324,-160.6298523,702.7062988,159.615927
9054,88.71807861,-158.8661804,702.2530518,156.4202486
9055,77.53735352,-164.7225342,708.3796387,169.7056162
9056,81.22759247,-162.9550934,708.1629028,166.4648554
9057,69.32368469,-168.8968964,713.8555908,180.0670658
9058,73.40561676,-167.0926056,713.7819824,176.6612932
9059,60.70979691,-173.0427856,719.477417,181.6487297
9060,65.03607941,-171.3300934,719.3457031,181.6663279
9061,52.04146576,-176.9368134,725.4714966,181.6464334
9062,56.46549988,-175.4332581,725.2009277,181.694832
9063,43.34046936,-180.4983826,731.8846436,181.6345012
9064,47.8600502,-179.2305756,731.4789429,181.6802114
9065,34.60123444,-183.7103424,738.6276855,181.6373038
9066,39.2079277,-182.6895294,738.1272583,181.6738513
9067,25.81914711,-186.553009,745.6080322,181.6522001
9068,30.50371361,-185.7903748,745.0501099,181.6805339
9069,16.98347282,-189.00354,752.7428589,181.6736886
9070,21.73944664,-188.5109406,752.1541138,181.6958615
9071,8.081653595,-191.0366669,759.9586792,181.6974934
9072,12.90302849,-190.8264008,759.361145,181.7153006
9073,-5.79830122,-192.378067,767.7938232,181.7087381
9074,-0.8941500783,-192.6249542,767.187439,181.721206
9075,3.986620903,-192.710556,766.5942993,181.7357636
9076,-9.946769714,-193.7406616,774.3771973,181.7435761
9077,-24.05746841,-193.4670868,782.0598145,181.754947
9078,-19.06920052,-194.3580933,781.4822388,181.7639342
9079,-14.0953722,-195.0754852,780.921875,181.7743772
9080,-28.24396515,-194.4568634,788.4613037,181.7820116
9081,-51.16157913,-190.5691376,796.2510986,181.7810363
9082,-46.51153564,-191.9065552,795.9140625,181.7859857
9083,-41.83050156,-193.1396637,795.5836792,181.7918212
9084,-37.1965065,-194.2593842,795.2195435,181.7983189
9085,-32.42187881,-195.4283295,794.7625732,181.8058597
9086,-93.4450531,-186.2478485,826.4303589,181.8472515
9087,-91.3820343,-187.7485504,826.7360229,181.8502415
9088,-89.26447296,-189.1789856,827.0437012,181.8533206
9089,-87.13347626,-190.5340118,827.3191528,181.8563951
9090,-84.99105835,-191.8143158,827.5620117,181.8594577
9091,-82.83730316,-193.0204468,827.7738037,181.8625047
9092,-80.67253876,-194.1528473,827.9558716,181.8655373
9093,-78.49811554,-195.2122192,828.1090698,181.8685536
9094,-55.00469208,-191.5543365,802.03125,181.8015437
9095,-58.82253265,-192.6067963,807.6635132,181.8198607
9096,-62.62586212,-193.7136841,813.1323853,181.8361893
9097,-66.42261505,-194.8567963,818.425293,181.8507078
9098,-70.21695709,-196.0149689,823.5319214,181.8635768
9099,-74.14154053,-197.1456451,828.3278809,181.874558
9100,-96.54244995,-188.6405182,834.9381714,181.8671035
9101,-95.03818512,-187.4849396,830.7069702,181.8575341
9102,-97.64360809,-192.4953156,843.5115967,181.8875611
9103,-96.21242523,-191.4660492,839.3862915,181.8792691
9104,-99.87927246,-199.4222107,859.9904785,181.9217105
9105,-98.75062561,-196.1247559,851.8601074,181.9057808
9106,-97.39074707,-195.2873383,847.8428345,181.8987165
9107,-99.8106842,-202.0060883,864.1096802,181.9308001
9108,-96.55501556,-225.7576294,889.5418701,181.9930983
9109,-96.24642944,-224.5350647,887.5187378,181.9898595
9110,-95.95413971,-223.2960968,885.4988403,181.9865095
9111,-95.67891693,-222.0413513,883.4807129,181.9830587
9112,-95.42144012,-220.7714081,881.4630737,181.979493
9113,-96.31378174,-216.0846405,877.1253052,181.9678454
9114,-95.18230438,-219.4869232,879.4447021,181.9758218
9115,-95.99394226,-213.5026398,873.0778809,181.9599339
9116,-97.35197449,-211.3979492,872.7913818,181.9558059
9117,-97.16785431,-208.81604,868.7275391,181.9474673
9118,-98.52271271,-206.7063599,868.4549561,181.943438
9119,-98.46878815,-204.1237793,864.3670654,181.9346977
9120,-98.69537354,-232.7139893,901.8347168,182.0105109
9121,-97.93352509,-230.4714966,897.6965332,182.0050832
9122,-97.21725464,-228.1510773,893.6035767,181.999289
9123,-99.49437714,-234.8736267,906.0333862,182.0155958
9124,-100.3215942,-236.9454651,910.3086548,182.0203601
9125,-92.59276581,289.2957153,946.8840332,181.9458699
9126,-91.08363342,287.1444397,941.8529663,181.9441201
9127,-89.54850769,284.8464661,936.953186,181.9422846
9128,-94.06880188,291.290863,952.0563354,181.9475376
9129,-86.0559845,284.2867737,933.3713379,181.9419739
9130,-84.44494629,281.6553955,928.684082,181.9399453
9131,-82.84102631,278.9069214,924.083313,181.9378079
9132,-81.25557709,276.0506592,919.5541992,181.9355523
9133,-79.7009201,273.096283,915.0818481,181.9331691
9134,-87.66326904,286.7913513,938.1586304,181.9439018
9135,-114.1053085,221.203949,956.5356445,181.9158623
9136,-112.5740891,233.0819092,957.6646118,181.9205841
9137,-110.9946899,244.9654083,958.848877,181.9256317
9138,-109.3640213,256.8594055,960.0893555,181.9310177
9139,-106.6348724,274.6760559,962.1879883,181.9396299
9140,-107.2153397,271.7384338,961.7446899,181.9381486
9141,-107.6780777,268.767395,961.3875732,181.936688
9142,-105.9382935,277.5724792,962.7161865,181.9411307
9143,-105.1313477,280.421936,963.3251953,181.9426495
9144,-104.2195206,283.2191162,964.0108643,181.944185
9145,-103.2073135,285.9591064,964.7698975,181.9457359
9146,-102.0991287,288.637085,965.5990601,181.947301
9147,-100.8987503,291.2475891,966.4951782,181.9488788
9148,-97.70590973,291.614624,959.0146484,181.9482929
9149,-98.35688019,292.3845215,961.7902832,181.9490384
9150,-116.1454163,209.8818665,961.5220337,181.9125154
9151,-95.50591278,293.1205444,957.3778687,181.9491253
9152,-118.1202774,198.3908081,966.7619629,181.909343
9153,-132.2123108,-42.99372482,996.7722778,181.8940826
9154,-132.0873871,-47.4967041,996.8629761,181.8952415
9155,-130.7192993,-55.18877411,986.4846191,181.8970385
9156,-130.2341919,-67.31963348,986.8029785,181.9009464
9157,-127.4262466,126.8323975,988.7102051,181.8933201
9158,-129.3553619,114.6219406,998.8471069,181.8915026
9159,-128.8872681,121.7844467,999.1870728,181.8926755
9160,-128.1467438,126.7742844,995.6949463,181.8934683
9161,-124.4752197,138.6325684,969.0977173,181.8944821
9162,-125.133934,138.8039246,975.7061768,181.8949514
9163,-125.8117142,138.9002838,982.4625854,181.8953272
9164,-123.4909363,150.6800385,969.7907715,181.8969738
9165,-122.4234543,162.7148438,970.5471191,181.8997706
9166,-121.2729416,174.7362366,971.3668823,181.9028861
9167,-120.0397568,186.7433472,972.249939,181.9063313
9168,-129.6621246,-79.44352722,987.1856079,181.9055668
9169,-127.6013718,-91.48047638,974.0194702,181.9093659
9170,-126.8637848,-103.576004,974.5202637,181.9154274
9171,-125.3764343,-115.5052185,968.4753418,181.9209119
9172,-124.7301178,-115.2823105,962.0292969,181.9192891
9173,-123.8357925,-127.3206024,962.6618042,181.9269047
9174,-122.8581924,-139.3473816,963.3573608,181.9354586
9175,-121.7976837,-151.3618469,964.1158447,181.9449611
9176,-120.654335,-163.3631134,964.9373779,181.9554071
9177,-119.4286804,-175.3504181,965.8215942,181.9667719
9178,-118.1209717,-187.3229218,966.7686157,181.9790096
9179,-116.7312851,-199.2798767,967.7783203,181.9920534
9180,-115.2601166,-211.2204742,968.8505859,182.0058221
9181,-113.733345,-223.1585541,969.980957,182.0203571
9182,-112.1930695,-235.1258392,971.1621094,182.0351045
9183,-110.6329193,-247.1326294,972.395813,182.0505754
9184,-109.0448227,-259.1872864,973.6853638,182.0661639
9185,-107.9465179,-261.5192871,967.7980347,182.0681273
9186,-106.6357269,-263.6087036,962.1939697,182.0698832
9187,-105.8074417,-262.566864,956.3464966,182.0674954
9188,-104.9144058,-261.3664856,950.694458,182.0649187
9189,-103.9736328,-260.0141907,945.2434082,182.0621554
9190,-102.7594299,-254.1624146,934.4424438,182.0520456
9191,-102.9895325,-258.5166016,939.9845581,182.0592054
9192,-101.9669266,-256.8804626,934.9075928,182.056055
9193,-101.4941254,-247.9627228,924.4217529,182.0410144
9194,-101.7587357,-252.4507446,929.5349731,182.0486612
9195,-100.7357483,-250.6169434,924.7850342,182.0450496
9196,-100.5170975,-246.0733185,919.8147583,182.0371389
9197,-101.1684875,-238.9246216,914.6773071,182.0248248
9198,-99.53720093,-244.0766449,915.3344727,182.0330029
9199,233.798584,-41.62400818,116.3000031,184.3335877
9200,235.8414459,-30.07885742,116.3000336,184.2986786
9201,235.8626709,-29.93792152,77.53331757,184.2516081
9202,237.3383636,-18.16299438,38.76667023,184.1932031
9203,238.2250671,-6.329178333,2.274765211e-05,184.1530093
9204,238.2250671,17.39746475,2.274765211e-05,184.0849981
9205,238.2250977,17.39746475,38.76665497,184.0907988
9206,238.2251282,17.39746475,77.53333282,184.1083597
9207,237.3524323,29.08945084,116.2999802,184.0950547
9208,237.3348389,29.23086357,116.3000336,184.0945242
9209,231.681015,40.23432922,162.8416901,184.086947
9210,227.4781342,39.60341263,209.3833618,184.1377802
9211,223.2752075,38.97249603,255.9250336,184.2034293
9212,219.0722504,38.34158325,302.4666443,184.2683034
9213,214.8693695,37.71069717,349.0083008,184.2023394
9214,210.6664429,37.07978058,395.5499878,183.5402232
9215,206.463562,36.4488678,442.0916443,179.2810361
9216,202.2606659,35.81792068,488.6333313,155.4535082
9217,198.0578003,35.18703461,535.1749878,134.2806475
9218,193.8547363,34.55612183,581.7166748,118.1497651
9219,189.6519012,33.92520523,628.2583008,132.0191387
9220,184.7395172,37.49957657,674.7999878,154.6305604
9221,184.5080261,38.96707535,674.7999878,156.0470434
9222,183.8822021,42.00664139,674.7999878,158.8656854
9223,183.7873077,42.46777344,674.7999878,159.2708179
9224,182.5708466,46.06121826,680.6311035,165.0260541
9225,181.5352631,50.48600006,680.5662231,168.9484448
9226,180.3918762,54.88676071,680.4992065,172.6368633
9227,180.0948334,54.42598343,686.2379761,174.9431828
9228,178.8686829,58.77131271,686.1072388,178.3760492
9229,178.651001,58.3456459,691.8335571,181.3109649
9230,177.1981964,62.26343155,697.3706665,181.4147274
9231,178.4856567,57.98199844,697.611145,181.3113971
9232,175.7309723,66.19617462,702.8665161,181.5831817
9233,177.1026459,61.94582748,703.1585693,181.7071462
9234,175.6994324,65.93239594,708.6774292,181.7369358
9235,174.2429962,70.15908051,708.3371582,181.6286087
9236,174.2700653,69.95588684,714.1832886,181.7327315
9237,172.7283173,74.16579437,713.7985229,181.6492793
9238,172.807663,74.02882385,719.6913452,181.7350862
9239,171.1802063,78.22817993,719.2657471,181.6681078
9240,171.4463196,78.15918732,731.2591553,181.8056558
9241,171.7351379,78.33310699,743.6333618,181.9150872
9242,170.0888824,82.56742096,743.1204834,181.8701457
9243,170.3513184,83.0019455,755.9003906,181.9666074
9244,168.6498718,87.26409149,755.3627319,181.9273919
9245,166.9680481,91.85895538,761.3760376,181.9351127
9246,165.0836639,96.12405396,760.8118896,181.9009106
9247,168.746582,87.58407593,761.927002,181.9710607
9248,165.182251,96.54429626,767.5080566,181.9431955
9249,163.2234039,100.8223572,766.9348755,181.9119237
9250,161.1570587,105.0877609,766.3498535,181.8823864
9251,161.2745819,106.1930923,780.182251,181.9596553
9252,159.1788483,110.4983368,779.602356,181.9335151
9253,161.256546,105.613472,773.1942749,181.9228536
9254,156.934433,114.7879944,779.0097046,181.9087411
9255,154.5610657,119.7718353,785.5760498,181.9209021
9256,156.9446869,115.4757156,786.1682129,181.9437434
9257,143.2497711,137.5213318,790.5665894,181.8763781
9258,143.3016663,138.4218903,798.086792,181.9079978
9259,146.3637238,133.3275757,791.1403198,181.8938797
9260,149.2739258,129.098053,791.7243042,181.9125828
9261,151.9893646,124.8335876,792.3132935,181.9324713
9262,154.5138245,120.5380249,792.9001465,181.9535017
9263,136.6049957,148.7352295,812.5309448,181.9338479
9264,136.6297913,147.70224,804.6787109,181.9064421
9265,140.0443268,143.560791,805.2182007,181.9213142
9266,143.2453613,139.3757782,805.7696533,181.9371615
9267,133.0046234,153.9368591,820.0183105,181.9456203
9268,136.4635162,149.8238983,820.5438843,181.9591079
9269,132.8370209,155.0924225,828.1904907,181.9691286
9270,132.112442,157.5827637,844.9890137,182.0103606
9271,132.5420685,156.307373,836.5160522,181.9906857
9272,131.5417786,158.9195404,853.6035767,182.0282357
9273,127.7674103,164.4455872,861.8603516,182.0335084
9274,130.824234,160.3186493,862.3533325,182.0444013
9275,120.754921,174.0046997,869.7414551,182.0288507
9276,123.974762,170.0107422,870.2595215,182.0384944
9277,127.041069,165.9351044,870.7555542,182.0485235
9278,117.0389557,179.5532379,878.2797241,182.0343474
9279,120.2165756,175.622406,878.8001709,182.0432091
9280,106.8956757,192.6032562,885.890564,182.024297
9281,106.6617584,194.6803589,895.1848755,182.0368423
9282,110.2259674,188.935257,886.4423828,182.0317729
9283,113.4440231,185.1643677,886.9760742,182.0395622
9284,116.5466232,181.2941742,887.4910278,182.0476619
9285,102.9412384,200.6520996,903.8796387,182.0408989
9286,106.2715302,196.8670197,904.579895,182.0481047
9287,98.93344879,206.8553314,912.418335,182.0438185
9288,100.7195969,204.966217,912.8612061,182.047387
9289,98.29121399,209.4545593,921.7711182,182.05272
9290,94.60603333,213.2151489,920.7527466,182.0457217
9291,90.79077148,216.7743683,919.7022095,182.0389737
9292,86.86571503,220.1220703,918.6254272,182.0324799
9293,82.85166931,223.2563171,917.52771,182.0262397
9294,78.76216888,226.1855316,916.4105225,182.0202378
9295,74.59949493,228.9239502,915.2700806,182.014445
9296,70.35475159,231.478241,914.1000977,182.0088272
9297,66.03416443,233.8842468,912.9057007,182.0033729
9298,51.76659775,243.2207794,917.1941528,181.9953663
9299,56.27717972,241.1826019,918.5834351,182.0004334
9300,60.73241806,239.0284271,919.9542847,182.0056493
9301,65.12983704,236.7624359,921.3049316,182.0110148
9302,36.84555817,251.4566498,920.4813232,181.9875124
9303,41.4996376,249.773056,922.0535278,181.9922276
9304,46.1119957,247.9752655,923.6127319,181.997083
9305,50.67893219,246.0648193,925.1570435,182.0020783
9306,21.69581604,265.853363,945.8414917,181.9985136
9307,30.91436005,255.872879,926.2603149,181.9887449
9308,35.60357666,254.2963257,927.9828491,181.9933963
9309,29.53534698,258.7153015,933.5673218,181.9940304
9310,28.02615738,261.5435486,940.8101196,181.9988272
9311,26.39921951,264.3493042,947.9824219,182.0031717
9312,15.25481987,270.0717773,950.5284424,181.9978591
9313,19.97190094,268.6375122,952.8078613,182.0024246
9314,-45.36480331,287.4465332,933.295105,181.9578593
9315,-47.81285477,287.1329041,931.9794312,181.956111
9316,-50.23445892,286.708374,930.6812744,181.9543846
9317,-52.63051987,286.1895752,929.3986816,181.9526798
9318,-42.92539215,287.5479126,934.6137695,181.9595905
9319,-55.00516891,285.5777893,928.1290283,181.9509917
9320,-57.3598938,284.8734436,926.8717041,181.9493173
9321,-59.69450378,284.0772705,925.6270142,181.9476552
9322,-62.00819397,283.1902161,924.395752,181.9460043
9323,-64.30020142,282.2145996,923.178833,181.9443645
9324,-66.56958771,281.15271,921.9771729,181.9427357
9325,-68.81547546,280.0069275,920.7911377,181.9411176
9326,-71.03752136,278.7797852,919.6204834,181.9395099
9327,-73.23589325,277.4734192,918.4651489,181.9379121
9328,-75.41126251,276.0900574,917.324585,181.9363239
9329,-77.56546783,274.6307678,916.1974487,181.9347434
9330,-35.79168701,286.6704712,938.4886475,181.9646601
9331,-38.1533699,287.0601196,937.2064209,181.9629641
9332,-40.51834869,287.4102783,935.9205933,181.9612908
9333,-31.06092453,285.8446045,941.0514526,181.9681403
9334,-26.3219986,284.955658,943.6121826,181.9717384
9335,-21.57754326,284.0032349,946.1705933,181.9754533
9336,-16.83009338,282.98703,948.7265015,181.9792841
9337,-11.16975212,280.4622803,948.2391357,181.9816963
9338,-1.667728901,278.1593018,953.2167358,181.9898872
9339,3.991016865,275.5166626,952.465271,181.9925574
9340,8.728319168,274.2099915,954.8826294,181.9969141
9341,13.45243454,272.8313599,957.2949829,182.0013954
9342,231.6393127,-29.44293594,162.8416748,184.384668
9343,225.4432373,-40.07512283,209.3833008,184.5642919
9344,218.7723236,-50.17867661,255.9250336,184.8183749
9345,211.6635742,-59.73321152,302.4667053,185.1209242
9346,204.1548767,-68.7206955,349.0083313,184.9925728
9347,196.2851562,-77.1255188,395.5499878,144.814642
9348,188.0935974,-84.93450165,442.0917053,106.0558711
9349,179.6196289,-92.13694763,488.6333313,69.27106259
9350,170.9033813,-98.72460175,535.1749878,40.77995653
9351,161.9846802,-104.6916504,581.7166748,17.88246759
9352,152.9033356,-110.0347366,628.2583008,54.26726362
9353,143.6886139,-114.7655563,674.7999878,88.07168839
9354,145.0443573,-113.0736313,674.8000488,86.87659814
9355,138.8505402,-119.8047256,679.0015259,95.56747842
9356,141.9504547,-116.2867126,679.0661011,92.72899616
9357,132.0110474,-126.6429443,683.1865845,104.9081965
9358,135.4078369,-123.163002,683.2776489,101.7862273
9359,124.3424988,-133.6830292,687.4675293,115.1515571
9360,128.1309967,-130.2068939,687.5521851,111.6156839
9361,115.5449066,-141.0167084,691.8618164,126.3560108
9362,119.8644257,-137.497345,691.9606934,122.3981973
9363,101.1790543,-151.4150696,696.3622437,142.190412
9364,105.6431198,-148.4335632,696.3305054,138.2373688
9365,110.3018494,-145.1021271,696.4200439,134.1316568
9366,92.24140167,-156.9820557,701.7476196,153.1176966
9367,96.14482117,-154.7458344,701.3792114,149.5618133
9368,84.74468231,-161.2163086,707.8140259,163.2969411
9369,88.13603973,-159.4944153,707.3182983,160.1453354
9370,77.27744293,-165.296463,713.6535034,173.3246601
9371,80.93481445,-163.5361481,713.4191284,170.1200956
9372,69.27397156,-169.5386505,719.2600098,181.6284674
9373,73.34368896,-167.7149811,719.1791992,180.2405453
9374,60.83750153,-173.798996,725.0090942,181.7409515
9375,65.15844727,-172.0539398,724.8699341,181.7844118
9376,52.33153152,-177.8271179,731.1326294,181.7295866
9377,56.75193024,-176.289444,730.8552856,181.7822263
9378,43.77248383,-181.5285645,737.6688232,181.71503
9379,48.29090118,-180.2282104,737.2606812,181.7608217
9380,35.15177536,-184.8830872,744.5198975,181.7130406
9381,39.75995636,-183.831955,744.0239258,181.7499192
9382,26.46299553,-187.8690186,751.5855713,181.7214107
9383,31.15140724,-187.0786285,751.0402222,181.7505625
9384,17.69589806,-190.4619751,758.7774658,181.7358855
9385,22.45780182,-189.9443817,758.210022,181.7593065
9386,8.842194557,-192.6363373,766.0141602,181.7525628
9387,13.67049789,-192.4037476,765.4467773,181.7717915
9388,-5.014157295,-194.1354675,773.7977295,181.7557754
9389,-0.1028239056,-194.3648682,773.2313232,181.7698126
9390,4.785114765,-194.4303741,772.6773682,181.7858015
9391,-9.138098717,-195.6212769,780.3769531,181.7863591
9392,-23.24313545,-195.5083771,787.9241943,181.7911158
9393,-18.25294495,-196.3825684,787.4052124,181.8015344
9394,-13.27591228,-197.0814514,786.9024658,181.8133327
9395,-27.42538452,-196.6325226,794.2744141,181.8150272
9396,-50.40771484,-192.9656372,801.7415771,181.8067278
9397,-45.74311447,-194.2845154,801.4662476,181.8128006
9398,-41.04778671,-195.497879,801.1967163,181.8197484
9399,-36.39490128,-196.5973511,800.8951416,181.8273617
9400,-31.61019707,-197.743866,800.5090942,181.8360509
9401,-93.07845306,-189.0736084,830.9970703,181.860634
9402,-91.04754639,-190.5954285,831.3013306,181.863849
9403,-88.96084595,-192.0463104,831.6087036,181.8671484
9404,-86.85359955,-193.4221344,831.8903809,181.870454
9405,-84.72811127,-194.7231598,832.1459961,181.8737598
9406,-82.5847168,-195.9495087,832.37677,181.8770644
9407,-80.42443085,-197.1012115,832.5836792,181.8803661
9408,-78.24861145,-198.1786804,832.767395,181.883663
9409,-54.29152298,-194.0891266,807.4281006,181.825235
9410,-58.16709137,-195.2698669,812.9533691,181.8417156
9411,-62.04498291,-196.4912262,818.302002,181.856346
9412,-65.93351746,-197.7310028,823.4602051,181.8692776
9413,-69.83803558,-198.9633331,828.4169312,181.88065
9414,-73.87348175,-200.1442261,833.0638428,181.8902669
9415,-94.68976593,-190.3192444,835.2143555,181.8703015
9416,-95.93900299,-194.2978668,843.7764282,181.8910184
9417,-94.39607239,-193.1736298,839.6627808,181.8826565
9418,-98.4903183,-201.4965668,860.2433472,181.9255209
9419,-97.0811615,-200.8047028,856.336731,181.9195487
9420,-97.20160675,-198.060379,852.1171875,181.909415
9421,-95.72707367,-197.1248322,848.109375,181.9023203
9422,-94.11407471,-230.1678314,890.1795654,182.0015552
9423,-93.73600006,-228.882843,888.1539307,181.9983161
9424,-93.37443542,-227.5818024,886.1313477,181.9949715
9425,-93.03032684,-226.2654572,884.1104736,181.9915186
9426,-92.70446777,-224.9345245,882.0899658,181.9879532
9427,-94.96220398,-218.1885071,877.4243774,181.9720343
9428,-94.58068848,-215.5523529,873.3733521,181.9640996
9429,-92.39751434,-223.5897064,880.0687256,181.9842701
9430,-92.11019135,-222.2317505,878.0454712,181.9804851
9431,-93.5603714,-220.2381439,877.7312622,181.9762606
9432,-95.75292969,-210.870575,869.0100098,181.9515489
9433,-94.27978516,-212.8679352,869.3019409,181.9556766
9434,-95.59197998,-208.1931915,864.9139404,181.9426812
9435,-97.06186676,-206.1869354,864.635376,181.9386597
9436,-97.03352356,-203.5150452,860.5075073,181.929382
9437,-95.77069092,-235.1332245,898.3430786,182.0134557
9438,-96.67006683,-237.5011139,902.4848022,182.0188377
9439,-94.91564941,-232.6869049,894.2459106,182.0077029
9440,-97.60411835,-239.7848053,906.6864014,182.0238739
9441,-98.56300354,-241.9785614,910.9639893,182.0285881
9442,-92.37358856,293.4490051,953.2404175,181.9491495
9443,-90.82993317,291.3819885,948.0829468,181.9474842
9444,-89.25751495,289.1595764,943.0588379,181.9457365
9445,-93.88264465,295.3510437,958.5388794,181.9507362
9446,-85.73519135,288.6485901,939.3945923,181.9455253
9447,-84.07951355,286.0765686,934.5947876,181.943595
9448,-82.4235611,283.3791199,929.8889771,181.9415612
9449,-80.7781601,280.5658875,925.2637329,181.9394146
9450,-79.15474701,277.6465759,920.7046509,181.9371453
9451,-87.38101196,291.0853882,944.3008423,181.9473603
9452,-114.680191,221.7983246,962.5939331,181.9169147
9453,-113.1540756,233.7094269,963.7241821,181.9216904
9454,-111.6002731,245.6401825,964.9071655,181.9267624
9455,-110.0140152,257.5984802,966.144104,181.9322047
9456,-106.7355042,278.4815063,968.7385254,181.9424012
9457,-107.3942108,275.5528259,968.225708,181.9408864
9458,-107.9457474,272.586853,967.791687,181.939391
9459,-108.38871,269.5907593,967.4376221,181.9379168
9460,-105.9749756,281.3678589,969.3262329,181.9439339
9461,-105.1175079,284.2067261,969.9851074,181.9454826
9462,-104.1673203,286.9936523,970.7120972,181.9470459
9463,-103.1285019,289.7241516,971.5040283,181.9486223
9464,-102.0039062,292.3925781,972.3582764,181.9502098
9465,-98.99153137,293.1086121,964.604126,181.949761
9466,-99.60944366,293.785553,967.4556885,181.9504655
9467,-96.20836639,293.9704285,960.0968018,181.9498877
9468,-96.89888763,294.7753906,962.8548584,181.9506336
9469,-116.7306747,210.3477478,967.7716064,181.913429
9470,-118.7242813,198.7354431,973.196167,181.9101143
9471,-131.8159485,-55.11778641,997.0601196,181.8973721
9472,-131.6191711,-60.64453506,997.2030029,181.8991012
9473,-131.3325043,-67.23683929,997.4111938,181.9013223
9474,-126.5091248,138.9190216,989.3490601,181.8956014
9475,-128.5233459,126.7110977,999.451355,181.8935081
9476,-127.842186,135.9320831,999.946106,181.8952501
9477,-127.2264023,138.8578644,996.3480225,181.8957647
9478,-124.1429749,150.866394,976.3985596,181.8974795
9479,-124.8143845,150.9719238,983.1577148,181.8978861
9480,-123.0681992,162.9160614,977.1546021,181.9003151
9481,-121.9098663,174.952179,977.9743652,181.9034701
9482,-120.6683731,186.9739075,978.8577271,181.9069547
9483,-130.7620544,-79.34983063,997.8254395,181.906002
9484,-129.0035095,-91.55953217,987.6322632,181.9109553
9485,-131.0486298,-73.76594543,997.6173096,181.9037723
9486,-128.2583466,-103.6666946,988.1431274,181.9171527
9487,-126.7250061,-115.748436,981.8389893,181.9233778
9488,-126.0414581,-115.6613998,975.0849609,181.9222949
9489,-125.1346664,-127.7357483,975.713501,181.930103
9490,-124.4758987,-127.5644608,969.1047363,181.9286391
9491,-123.4917068,-139.6119385,969.7976685,181.9372833
9492,-122.4241257,-151.6467743,970.5541382,181.9468581
9493,-121.273613,-163.6681824,971.3739014,181.9573564
9494,-120.0404282,-175.6753082,972.256958,181.9687508
9495,-118.7249374,-187.6674194,973.203125,181.9809939
9496,-117.3273087,-199.643692,974.2125244,181.994016
9497,-115.8479538,-211.6033783,975.2848511,182.0077148
9498,-112.7764359,-235.5546265,977.5957031,182.0369401
9499,-109.6481628,-259.6863098,980.1161499,182.0679733
9500,-108.6154175,-262.2018433,974.036377,182.0701224
9501,-107.3949966,-264.4852905,968.2320557,182.07208
9502,-105.9391556,-266.5051575,962.722229,182.073836
9503,-105.0698242,-265.4255066,956.8874512,182.0714536
9504,-104.1326141,-264.1822815,951.2451782,182.0688884
9505,-103.1440887,-262.7825012,945.8013916,182.0661394
9506,-102.1091843,-261.2332458,940.5473022,182.0632045
9507,-100.9116821,-255.112381,930.0003052,182.0526923
9508,-101.0329666,-259.541626,935.4727783,182.0600745
9509,-99.92154694,-257.7147522,930.5658569,182.056738
9510,-99.69815063,-248.6673126,920.1771851,182.0411967
9511,-99.83103943,-253.2190399,925.2493286,182.049106
9512,-98.73305511,-251.2071686,920.6392822,182.0452816
9513,-98.65439606,-246.6080627,915.6958618,182.0370858
9514,-97.61381531,-244.4454041,911.3238525,182.032698
9515,235.8592072,-29.9374752,116.2999573,184.2982424
9516,237.3241119,-18.30482483,116.3000336,184.2613188
9517,237.3382721,-18.16299438,77.53327942,184.2181327
9518,238.2250977,-6.329178333,38.76665497,184.1604343
9519,238.5209503,5.534142971,1.285230519e-05,184.1196243
9520,238.5209808,5.534142971,38.76669312,184.1262476
9521,238.5210114,5.534142971,77.53337097,184.146341
9522,238.2322235,17.25509834,116.3000488,184.1387383
9523,238.2216339,17.39719582,116.3000183,184.1382216
9524,233.123291,28.66882133,162.8416748,184.1407163
9525,228.8941956,28.24819183,209.383316,184.2068421
9526,224.6650391,27.82756233,255.9250031,184.3006252
9527,220.4359131,27.40693092,302.4667053,184.4239029
9528,216.2068481,26.98630142,349.0083313,184.4590208
9529,211.9776306,26.56567192,395.5499573,183.7857018
9530,207.7484894,26.1450119,442.0916443,172.5450037
9531,203.5193634,25.72441101,488.6333008,147.9151215
9532,199.2902374,25.30378151,535.1749878,125.6902425
9533,195.0611115,24.88315201,581.7166748,108.550738
9534,190.8319855,24.46252251,628.2583618,123.2206917
9535,186.0794983,28.42107391,674.7999878,146.8232056
9536,185.8652496,30.36355972,674.7999878,148.6557126
9537,185.4546967,32.96610641,674.8000488,151.0004718
9538,185.4040222,33.28719711,674.8000488,151.2761412
9539,184.3168335,37.14871597,680.7539673,157.3573596
9540,183.4980774,41.61468124,680.6936646,161.2733539
9541,183.1342773,41.26006317,686.6049805,163.8788577
9542,182.2277527,45.6684227,686.4869385,167.575569
9543,181.2146301,50.05770874,686.364624,171.3113257
9544,180.9528656,49.68467331,692.197937,173.9765648
9545,179.854599,54.02508545,692.0187378,177.7271793
9546,179.6685638,53.68202972,697.8439941,180.921256
9547,178.3698425,57.67822266,703.4418945,181.9063435
9548,179.5333252,53.39476395,703.7161255,182.3666975
9549,177.051178,61.68964386,709.0078735,181.8812749
9550,178.2993317,57.4322052,709.3282471,182.0550403
9551,175.7065887,65.73104858,714.5574341,181.8299591
9552,175.7463531,65.5899353,720.508606,181.8898463
9553,174.3292694,69.8156662,720.1057739,181.8093165
9554,174.5128937,69.71535492,732.1896362,181.9165028
9555,173.0319214,73.94224548,731.7310181,181.8600755
9556,173.2769318,74.09033203,744.1323242,181.9616267
9557,173.4454346,74.45549774,756.9326782,182.0498176
9558,171.9492645,78.73195648,756.4239502,182.0074776
9559,171.9940186,79.01039886,762.9869385,182.0478126
9560,170.4213562,83.30079651,762.4642944,182.0086633
9561,168.7844391,87.95726013,768.6155396,182.0106651
9562,167.0352783,92.25538635,768.0684814,181.9761313
9563,170.4313965,83.65139771,769.1484985,182.0467276
9564,167.0304108,92.70444489,774.8917236,182.0132388
9565,165.2100372,97.01833344,774.338623,181.9815765
9566,163.286087,101.3219376,773.772583,181.9514308
9567,163.1468506,102.4784775,787.8691406,182.0195528
9568,161.197113,106.8249969,787.3148193,181.9930093
9569,163.2652283,101.8745346,780.7501831,181.9872391
9570,159.144928,111.1586075,786.7484131,181.9677655
9571,156.8506927,116.2157059,793.4782715,181.9756287
9572,159.0039978,111.8703461,794.0428467,181.9988179
9573,146.3589935,134.2115479,798.65448,181.9252056
9574,146.2407684,135.1480713,806.3286743,181.9539734
9575,149.2153625,129.9624786,799.2290649,181.9434858
9576,151.8786774,125.6758881,799.805542,181.9628246
9577,154.3522949,121.3556824,800.3773804,181.9831863
9578,156.6391754,117.0064545,800.9385986,182.0045336
9579,139.7146454,145.6586456,821.074646,181.9733639
9580,139.9411469,144.5826263,813.0674438,181.9484566
9581,143.0697632,140.3825836,813.6114502,181.9639314
9582,145.9977875,136.1365051,814.1592407,181.9802668
9583,136.1958923,150.9688263,828.7120972,181.9822779
9584,139.3554993,146.7887115,829.2345581,181.9961132
9585,135.79422,152.1704254,837.0310059,182.003435
9586,135.2512512,153.4290619,845.4944458,182.0226652
9587,134.5606079,154.7451935,854.0964966,182.0400663
9588,133.7168732,156.1191406,862.8307495,182.0557428
9589,129.954071,161.7809601,871.2322998,182.0589548
9590,132.7143555,157.5512543,871.69104,182.0698031
9591,123.2594223,171.6012115,879.2990112,182.052435
9592,126.1630325,167.4949493,879.7763062,182.0620253
9593,128.9264221,163.3074036,880.2332764,182.0719951
9594,119.5303726,177.3284607,887.9866333,182.0561229
9595,122.3914871,173.2713623,888.461792,182.0649586
9596,109.8944778,190.9151917,895.7750244,182.044246
9597,109.4035721,192.9998627,905.2064819,182.0554028
9598,112.9737701,187.0643158,896.3204346,182.0518416
9599,116.2437744,182.2020111,892.1433716,182.0537679
9600,102.4460754,203.0498657,913.2805786,182.0509662
9601,105.715538,199.149765,914.0435791,182.0581202
9602,109.0954514,194.0772858,909.9490356,182.0604594
9603,100.0716629,207.5071564,922.2617188,182.0562964
9604,101.7819595,205.5317535,922.7221069,182.0598692
9605,99.25308228,210.1179657,931.6744385,182.0641388
9606,97.48160553,212.1231232,931.1375732,182.060572
9607,93.80122375,215.9857483,930.0175171,182.0535752
9608,89.97994232,219.6249084,928.8568726,182.0468189
9609,86.04167938,223.0279694,927.6635132,182.0403092
9610,82.01148224,226.1932831,926.4446411,182.0340498
9611,77.9058609,229.1312561,925.203064,182.0280218
9612,73.72769165,231.8598938,923.9350586,182.0221943
9613,69.46637726,234.3876648,922.6333618,182.0165295
9614,55.19699478,244.0431976,926.6846313,182.0072133
9615,59.66257477,241.9123383,928.1934204,182.012487
9616,64.07344055,239.6759644,929.6815186,182.0178988
9617,68.42675018,237.337265,931.1469116,182.0234476
9618,40.25712204,252.6115417,929.6941528,181.9981812
9619,44.87129593,250.8196564,931.392395,182.0030987
9620,49.44288254,248.9222565,933.0759277,182.0081479
9621,53.9683342,246.9206696,934.7426147,182.0133274
9622,24.66862869,267.1243286,955.079895,182.0071025
9623,34.22125626,257.1324463,935.4281006,181.9987386
9624,38.87369537,255.4486694,937.277771,182.0035731
9625,32.70825195,259.9561462,942.8075562,182.0035748
9626,31.07708168,262.7591248,950.1143188,182.0079439
9627,29.34207916,265.5328674,957.3433838,182.0118864
9628,18.16072464,271.3811035,959.701355,182.0059685
9629,22.85062599,269.8601074,962.100769,182.0106616
9630,-44.70465088,290.9146118,939.9162598,181.9622284
9631,-47.14084244,290.8418579,938.5368042,181.960484
9632,-49.58592987,290.5460205,937.1594238,181.9587239
9633,-52.00474548,290.1299438,935.7996216,181.9569847
9634,-54.39749908,289.6107788,934.4561157,181.9552662
9635,-42.30157089,290.7366333,941.2824707,181.9639446
9636,-56.76782608,288.9906616,933.1265869,181.9535635
9637,-59.11674118,288.2706909,931.8106689,181.9518739
9638,-61.44340897,287.452179,930.5092773,181.9501963
9639,-63.74707031,286.5367737,929.2230225,181.9485295
9640,-66.02655792,285.5270691,927.953186,181.9468733
9641,-68.28063202,284.4260559,926.7008667,181.9452277
9642,-70.50856018,283.2364807,925.4663696,181.9435923
9643,-72.70948029,281.9613647,924.2498169,181.941967
9644,-74.88355255,280.6031494,923.0510864,181.9403513
9645,-77.03141022,279.1643372,921.869812,181.9387445
9646,-32.8681221,288.9771729,946.6428833,181.9708693
9647,-37.58624649,289.8968201,943.965332,181.9673518
9648,-39.94198608,290.3362122,942.6257935,181.9656367
9649,-28.14280128,288.002655,949.3184814,181.9745034
9650,-23.41244125,286.9725647,951.9920044,181.9782521
9651,-18.67934227,285.8867493,954.663147,181.9821159
9652,-13.0079298,283.3345947,954.3104248,181.9846754
9653,-12.0819416,281.9067078,951.2797852,181.9832176
9654,-2.594208717,279.5529175,956.3770752,181.991433
9655,6.86610651,276.9421692,961.4595947,182.0000955
9656,16.27933311,274.0761414,966.5231323,182.0091663
9657,233.0954285,-17.87915802,162.8416901,184.3402185
9658,227.4371338,-28.80698395,209.3833618,184.5142524
9659,221.2780609,-39.23049545,255.9250336,184.7729012
9660,214.6543579,-49.12748718,302.4666748,185.1493859
9661,207.6030273,-58.47808838,349.0083008,185.3968684
9662,200.1620789,-67.26473236,395.5500183,149.0155091
9663,192.3699036,-75.47232819,442.0916443,110.8915995
9664,184.2656097,-83.08818817,488.6333618,73.49728442
9665,175.888443,-90.1021347,535.1749878,36.31330159
9666,167.2782898,-96.50632477,581.7166748,9.11668443
9667,158.4745331,-102.2954407,628.2583008,48.25739645
9668,147.9141693,-109.4920349,674.7999878,84.88687494
9669,149.1365662,-107.966423,674.7999878,84.02527587
9670,149.5061493,-107.4585342,674.8000488,83.74194633
9671,150.686142,-105.8364029,674.7999878,82.80860481
9672,153.3860474,-102.125061,674.7999878,80.46304082
9673,144.9493103,-112.7048721,679.1379395,90.10451232
9674,138.6813812,-119.6272049,683.3865356,98.84848176
9675,141.8356171,-116.0359116,683.5111694,96.11455251
9676,131.7585602,-126.6886292,687.6589355,108.2944719
9677,135.2376862,-123.1245117,687.7923584,105.2016342
9678,123.9671326,-133.9541779,692.0567627,118.6538717
9679,127.8695679,-130.3840485,692.170166,115.1321601
9680,115.0078735,-141.5106049,696.5726318,129.9840334
9681,119.4764633,-137.8882751,696.6987915,126.0214893
9682,100.4053879,-152.1211395,701.1832275,145.9488891
9683,104.968689,-149.09935,701.1560059,141.9901213
9684,109.7620697,-145.6945648,701.2677002,137.8611669
9685,91.62142181,-157.6519318,706.7677002,156.8482944
9686,97.63768005,-154.1720581,706.2423706,151.4638899
9687,95.53050232,-155.4349823,706.3699951,153.4542351
9688,84.4116745,-161.8160706,713.0449829,167.0046213
9689,87.75889587,-160.1233063,712.515625,163.9222675
9690,77.19507599,-165.9073181,719.0411987,176.9672083
9691,80.82404327,-164.1451569,718.7929077,173.7891925
9692,69.38880157,-170.2329407,724.7784424,181.827118
9693,73.44618225,-168.384201,724.6918945,181.8442946
9694,61.11824036,-174.6185303,730.6575317,181.8388813
9695,65.43203735,-172.8367767,730.5131836,181.9020281
9696,52.75943375,-178.7894287,736.9116821,181.8113371
9697,57.17485428,-177.2138214,736.6315308,181.8671705
9698,44.32421494,-182.6377869,743.5691528,181.7911858
9699,48.84063721,-181.3014374,743.1639404,181.8370977
9700,35.80187988,-186.1406708,750.5217285,181.7835916
9701,40.4108696,-185.056015,750.036377,181.8209945
9702,27.18597031,-189.2745361,757.6618652,181.7857682
9703,31.87771988,-188.4534149,757.1358643,181.8154163
9704,18.46971512,-192.0141754,764.8925171,181.7938835
9705,23.23695374,-191.4686279,764.3536377,181.8182738
9706,9.647616386,-194.3334351,772.1358032,181.8038187
9707,14.48249245,-194.0755005,771.6060791,181.8236931
9708,-4.199540615,-195.9974213,779.8458862,181.7999682
9709,0.7180512547,-196.2058411,779.3269653,181.815306
9710,5.612337589,-196.2480164,778.8197632,181.8325327
9711,-8.314451218,-197.6068878,786.4143066,181.8265752
9712,-22.42564201,-197.6639252,793.8045654,181.8254123
9713,-17.43497467,-198.5167999,793.3515625,181.8370426
9714,-12.45608044,-199.1929932,792.9138184,181.8499751
9715,-26.61763763,-198.9237366,800.0965576,181.8463518
9716,-49.67702103,-195.4840851,807.2079468,181.8314361
9717,-44.99810028,-196.7842102,807.0007324,181.8385067
9718,-40.28887177,-197.9772491,806.7984619,181.8464357
9719,-35.61661148,-199.0555267,806.5664062,181.8550773
9720,-30.82225227,-200.1764984,806.2583008,181.8647332
9721,-92.764534,-191.9330597,835.5038452,181.8736078
9722,-90.76911926,-193.4790955,835.8068848,181.8770202
9723,-88.7166748,-194.9537659,836.1143188,181.8805127
9724,-86.63663483,-196.3537903,836.4026489,181.8840225
9725,-84.53108978,-197.6790009,836.6716919,181.8875448
9726,-82.40106964,-198.9290466,836.9223022,181.8910776
9727,-80.24784088,-200.1035919,837.1551514,181.894619
9728,-78.07319641,-201.202713,837.3706665,181.8981672
9729,-53.61423492,-196.7401581,812.7953491,181.848017
9730,-57.55909348,-198.0419006,818.2085571,181.8627263
9731,-61.52180481,-199.368988,823.4315796,181.8757095
9732,-65.51083374,-200.6950989,828.4506836,181.8871005
9733,-69.53274536,-201.9898224,833.2529907,181.8970173
9734,-73.68384552,-203.2073517,837.7479858,181.9053099
9735,-94.16213989,-196.0372314,844.0537109,181.8945699
9736,-92.50846863,-194.8156281,839.9521484,181.8861435
9737,-95.50856781,-202.7210541,856.6084595,181.9234412
9738,-95.58187866,-199.9357758,852.3860474,181.9131316
9739,-93.99301147,-198.8991089,848.3878174,181.9060099
9740,-92.81181335,-232.2983704,890.5256348,182.0057965
9741,-92.00089264,-229.6454926,886.4735718,181.9992487
9742,-91.26046753,-226.9325562,882.4281006,181.9922423
9743,-93.11434937,-217.5452118,873.677124,181.9682975
9744,-92.7507782,-214.8060455,869.6026001,181.9598436
9745,-90.59708405,-224.1657562,878.3793945,181.9847662
9746,-90.01622009,-221.3513336,874.3182983,181.9767841
9747,-91.5967865,-219.4792633,873.9886475,181.9725222
9748,-94.06118774,-210.140274,865.2023926,181.9467564
9749,-92.47172546,-212.0260773,865.5001831,181.9508793
9750,-95.51103973,-205.4750977,860.7824707,181.9333233
9751,-93.92493439,-207.3744049,861.067749,181.9373302
9752,-93.685112,-234.8849945,894.59552,182.0119223
9753,-94.61183167,-237.3992004,898.6958008,182.0176495
9754,-95.5823288,-239.8347931,902.840332,182.0230039
9755,-96.58634949,-242.1855774,907.0443726,182.0280118
9756,-92.18198395,297.4883728,959.7560425,181.9523559
9757,-90.61088562,295.5150452,954.4733887,181.9507708
9758,-89.00860596,293.3775024,949.3240356,181.949107
9759,-93.71710205,299.2879944,965.1772461,181.9538634
9760,-95.35196686,297.0785828,963.9840698,181.9522423
9761,-85.4548111,292.9200745,945.5785522,181.948992
9762,-83.76394653,290.4170532,940.6611938,181.947156
9763,-82.06606293,287.7801514,935.8442383,181.9452228
9764,-80.37075806,285.0191956,931.1154785,181.9431832
9765,-78.68865967,282.144043,926.4620972,181.9410274
9766,-87.12997437,295.27948,950.6065063,181.9507384
9767,-115.2595139,222.2883453,968.8438721,181.9178624
9768,-113.7327499,234.2264404,969.9742432,181.9227116
9769,-112.1924744,246.1936188,971.1553955,181.9277782
9770,-110.6323395,258.2004395,972.3890991,181.9333016
9771,-106.7472305,282.1304626,975.5111084,181.9451132
9772,-107.4633789,279.2128601,974.9481201,181.9435651
9773,-108.087471,276.2576599,974.453186,181.9420346
9774,-108.6148071,273.2695618,974.0296631,181.9405236
9775,-109.0441132,270.2550049,973.6787109,181.9390348
9776,-105.9435806,285.0059509,976.1386108,181.946677
9777,-105.0560532,287.8352051,976.8279419,181.9482548
9778,-104.088356,290.6144104,977.5762329,181.9498452
9779,-103.0428009,293.337616,978.3810425,181.9514456
9780,-100.7966003,294.9937744,973.2722778,181.9518065
9781,-101.9218063,295.9999695,979.2402344,181.9530542
9782,-100.2109146,294.4143066,970.3451538,181.9511449
9783,-97.5741806,295.5343323,965.6489868,181.9513586
9784,-98.23407745,296.2460938,968.4785156,181.9520632
9785,-117.3266449,210.7116852,974.2055054,181.914237
9786,-119.3439484,198.9803619,979.8046265,181.9107757
9787,-125.5063019,150.9940948,990.0518188,181.8981844
9788,-127.6065369,138.7906952,1000.117188,181.8958104
9789,-126.6745834,150.098175,1000.794067,181.8982425
9790,-126.2194748,150.9302521,997.0648193,181.8983656
9791,-123.7324905,163.0308685,983.9168091,181.9007545
9792,-122.5663757,175.0762177,984.739624,181.9039434
9793,-121.3163376,187.1071777,985.6262207,181.9074622
9794,-130.3767242,-86.85697937,998.1052856,181.9093023
9795,-130.1045227,-91.45590973,998.3029785,181.9114527
9796,-129.6040192,-99.91268921,998.6665039,181.915757
9797,-127.4270706,-115.7640533,988.7180176,181.9241809
9798,-128.1475983,-115.7058487,995.7030029,181.9246495
9799,-128.9811096,-103.6120377,995.1137695,181.9175604
9800,-125.8125076,-127.8319778,982.4701538,181.9312701
9801,-126.5099487,-127.8506927,989.3568726,181.932122
9802,-124.8151627,-139.903656,983.1652832,181.9400593
9803,-124.1436996,-139.7982178,976.4058228,181.9388245
9804,-123.0688324,-151.8479004,977.1619873,181.9484637
9805,-121.9105072,-163.8840179,977.9817505,181.95901
9806,-120.6690063,-175.9057312,978.8651123,181.9704345
9807,-119.3446808,-187.9122314,979.8118896,181.9826887
9808,-117.9377823,-199.9027252,980.8221436,181.9957038
9809,-116.4485626,-211.8764648,981.8956909,182.0093893
9810,-113.3554764,-235.8555145,984.2098999,182.0385508
9811,-110.2025604,-260.0144348,986.7352295,182.069558
9812,-109.2259979,-262.7125244,980.4644165,182.0719297
9813,-108.0881882,-265.1899719,974.4598389,182.0740835
9814,-106.7363968,-267.414093,968.744812,182.0760337
9815,-105.1323166,-269.3546753,963.3311768,182.0777848
9816,-104.2147369,-268.2331543,957.513916,182.0754082
9817,-103.2272797,-266.9432983,951.8852539,182.072855
9818,-102.1864319,-265.4926453,946.451355,182.0701224
9819,-101.0970383,-263.8887024,941.2039795,182.0672075
9820,-99.96457672,-262.1388855,936.1329956,182.0641027
9821,-98.78264618,-255.7597504,925.8131104,182.0531824
9822,-98.79560089,-260.2507935,931.2265625,182.0607971
9823,-97.59786987,-258.2319031,926.4715576,182.0572778
9824,-97.62677002,-249.0834045,916.1546021,182.0412023
9825,-97.62469482,-253.6837006,921.1994629,182.0493927
9826,-96.45700836,-251.4937286,916.7093506,182.0453516
9827,-96.5218277,-246.8544617,911.7781982,182.0368483
9828,-95.42868042,-244.5269623,907.4932861,182.0321973
9829,237.3347473,-18.16275597,116.2999649,184.2608592
9830,238.2179413,-6.471543789,116.3000031,184.2220826
9831,238.2251282,-6.329178333,77.53333282,184.1829893
9832,238.5209198,5.391598225,116.2999802,184.1811544
9833,238.5174866,5.534053326,116.3000107,184.1806543
9834,233.9873505,17.04576683,162.8416748,184.1932759
9835,229.7424622,16.83649445,209.3833313,184.2743347
9836,225.4976349,16.62719345,255.9249725,184.396236
9837,221.2528534,16.41789055,302.4667053,184.5844883
9838,217.0079956,16.20858955,349.0083618,184.7532506
9839,212.763092,15.99925804,395.5499878,183.3704769
9840,208.5182343,15.78998661,442.0916443,165.4529548
9841,204.2734833,15.5806551,488.6333313,140.4483437
9842,200.028595,15.37138271,535.1749878,117.2324578
9843,195.7837219,15.16208076,581.7166748,99.07584811
9844,191.5388641,14.95274925,628.2583008,114.5708237
9845,186.9736481,19.28818321,674.7999878,139.2020382
9846,186.8205261,21.70354271,674.7999878,141.4164224
9847,186.5828247,23.85923386,674.8000488,143.2897691
9848,186.5630951,24.03750992,674.7999878,143.4384585
9849,185.627243,28.16760635,680.8675537,149.7493965
9850,185.0266418,32.66561127,680.8119507,153.6571988
9851,183.9339905,36.83462906,686.7185059,160.2112256
9852,184.6268768,32.39399338,686.8275757,156.6037884
9853,182.8336029,40.95065689,692.5375366,166.5517932
9854,183.616394,36.56038666,692.6976318,162.9565616
9855,181.9457397,45.32596588,692.3708496,170.2136533
9856,181.7215576,45.03211594,698.2861328,173.0482447
9857,180.7470551,49.36492538,698.0690308,176.9499027
9858,180.5935974,49.09670258,703.980896,179.3498819
9859,179.4445496,53.16138458,709.6378784,182.2716678
9860,180.4876556,48.87813568,709.9365845,182.4540918
9861,177.0599976,61.35276031,720.8991089,181.9796882
9862,178.2717896,57.10521317,721.2770386,182.0738645
9863,179.3827057,52.84840012,721.6416626,182.1642109
9864,177.1674957,61.23593521,733.0656738,182.0287766
9865,175.8909454,65.47963715,732.6347656,181.9734446
9866,176.0548859,65.58438873,745.0862427,182.0570813
9867,174.7163849,69.84049225,744.6168823,182.0091839
9868,174.841629,70.17376709,757.4258423,182.0934578
9869,174.8404388,70.41332245,763.986145,182.1303635
9870,173.4664307,74.71421051,763.4945068,182.0884072
9871,173.4261169,75.02108765,770.1693115,182.1231904
9872,171.9780731,79.33893585,769.666626,182.0842541
9873,170.3670197,84.05178833,775.9562378,182.0809091
9874,168.7488556,88.38182831,775.4311523,182.0463658
9875,171.8867645,79.71552277,776.4663696,182.1168266
9876,168.6252289,88.85580444,782.3764038,182.0783244
9877,166.9388885,93.20432281,781.8479614,182.0466112
9878,165.1527863,97.54440308,781.3056641,182.0162367
9879,164.7261658,98.74531555,795.6550293,182.0751936
9880,162.917099,103.1319504,795.130249,182.0485731
9881,164.99617,98.12068939,788.4107666,182.0473733
9882,161.0103149,107.5074692,794.5926514,182.023108
9883,158.7428741,112.6319504,801.4845581,182.0268379
9884,160.7009735,108.2387848,802.0150146,182.0501382
9885,149.0383759,130.8786621,806.8910522,181.9717422
9886,148.7317352,131.8457184,814.7068481,181.9974576
9887,151.6451721,126.5691223,807.4522095,181.9904577
9888,154.064209,122.223465,808.0063477,182.0100923
9889,156.29776,117.846344,808.5478516,182.0306147
9890,158.3491821,113.4416733,809.0726929,182.0520033
9891,142.3213654,142.5538025,829.7562256,182.0106398
9892,142.76474,141.4421234,821.6087036,181.9883919
9893,145.6198273,137.1761627,822.1427002,182.0041899
9894,148.2852631,132.8625031,822.6730347,182.0207556
9895,138.8559265,147.9730072,837.5426025,182.0167996
9896,141.7313385,143.7172546,838.0492554,182.030786
9897,138.2086792,149.2112885,845.9924316,182.0355253
9898,137.4076538,150.5034637,854.5782471,182.0524028
9899,136.4473114,151.8494263,863.2935791,182.0675484
9900,135.3222351,153.249054,872.1323242,182.0810814
9901,131.5482483,159.0419769,880.670105,182.0823562
9902,134.0276489,154.7022095,881.0869751,182.093119
9903,125.1273956,169.1268616,888.9162598,182.0741069
9904,127.7354279,164.8988953,889.3495483,182.0836219
9905,130.2130127,160.591507,889.7612305,182.0935105
9906,119.1294403,178.2151184,892.624939,182.0620282
9907,121.3635483,175.020813,897.7364502,182.0761018
9908,123.9268417,170.8298035,898.1637573,182.0848377
9909,112.6786118,188.0516663,901.0307617,182.0574347
9910,112.3418121,189.0619049,905.7610474,182.062779
9911,115.9013138,183.1335754,896.8228149,182.0596259
9912,104.9861221,201.5147552,923.545105,182.0669824
9913,103.4198914,203.5330811,923.1500244,182.0634314
9914,105.3729324,200.3227844,918.7915649,182.0626224
9915,108.7439575,195.1761017,914.7041626,182.0652782
9916,111.9621964,190.0934906,910.5070801,182.067778
9917,100.9440079,208.0834808,932.1740723,182.0676884
9918,102.5520782,206.0256348,932.6339722,182.0712135
9919,99.92980194,210.6910706,941.6077881,182.0745078
9920,98.26132202,212.784256,941.0709229,182.0709937
9921,96.50265503,214.8465881,940.4899902,182.0674528
9922,94.68903351,216.8576965,939.8874512,182.0639456
9923,92.83396149,218.8100586,939.2712402,182.060494
9924,90.9404068,220.7008362,938.6422119,182.0570982
9925,89.01216888,222.5280151,938.0019531,182.053761
9926,87.05225372,224.2896881,937.3513794,182.0504822
9927,85.06464386,225.9853821,936.6917725,182.0472628
9928,81.02067566,229.1802521,935.3503418,182.0410019
9929,76.89970398,232.1248932,933.9819336,182.0349721
9930,72.70565033,234.8405457,932.5834351,182.0291344
9931,58.44461441,244.8167572,936.390564,182.0186355
9932,62.8693924,242.6141815,938.0177002,182.0240702
9933,67.23999023,240.3155823,939.6218872,182.0296289
9934,71.53716278,237.8540344,941.1953735,182.0353186
9935,43.48950958,253.6652374,939.1147461,182.0085327
9936,48.06544876,251.7837067,940.9370728,182.0136154
9937,52.59846878,249.8051758,942.743042,182.0188196
9938,57.08544922,247.7314758,944.5303345,182.0241424
9939,27.51966667,268.2688599,964.4924316,182.0154416
9940,37.35935211,258.2755432,944.7943726,182.0084417
9941,41.9765358,256.5029602,946.7687988,182.0134259
9942,35.72648239,261.0835876,952.2360229,182.0128285
9943,33.98963165,263.8640137,959.59729,182.0167771
9944,32.16540146,266.6080322,966.8751221,182.020335
9945,25.62745857,270.9585876,971.5615234,182.0186358
9946,-44.12955475,293.9721069,946.6445312,181.966401
9947,-46.52880859,294.1902466,945.2219238,181.9646713
9948,-48.96179581,294.147644,943.7844849,181.9629167
9949,-51.40357208,293.8723145,942.3484497,181.9611486
9950,-53.819664,293.4665527,940.9297485,181.9594003
9951,-56.20946503,292.9482117,939.527832,181.9576717
9952,-41.77494812,293.5227966,948.0426025,181.9681103
9953,-58.57582855,292.3202209,938.1408691,181.9559581
9954,-60.91896439,291.5844727,936.7692261,181.9542573
9955,-63.23797226,290.7430115,935.4136353,181.952568
9956,-65.53127289,289.7981567,934.0753784,181.9508893
9957,-67.79768372,288.7531738,932.7557373,181.949221
9958,-70.03583527,287.6116333,931.4559326,181.9475629
9959,-72.24446869,286.3766785,930.1765747,181.9459149
9960,-74.42279816,285.0517273,928.9177856,181.9442766
9961,-76.57066345,283.6399231,927.6797485,181.9426476
9962,-30.00517845,290.9674988,955.0085449,181.9770611
9963,-34.71802902,292.0249939,952.2235107,181.9733941
9964,-39.42456055,293.0351868,949.4367065,181.9698427
9965,-25.28800583,289.8624268,957.791687,181.980837
9966,-20.56831741,288.7093811,960.5727539,181.9847316
9967,-13.94569016,284.7448425,957.3319092,181.9860777
9968,-15.84809113,287.5082092,963.3516846,181.988712
9969,-3.534084558,280.9309082,959.5250244,181.9929153
9970,14.34605694,276.7141724,973.2761841,182.0120938
9971,4.950919628,279.6148987,967.9771729,182.0030124
9972,-4.485374451,282.2922058,962.6612549,181.9943345
9973,23.68419838,273.5935669,978.5526123,182.0215458
9974,233.9733734,-6.257175922,162.8416595,184.2933398
9975,228.866806,-17.45346069,209.3833008,184.4599714
9976,223.2350006,-28.17103195,255.9250641,184.7176611
9977,217.1127777,-38.38589859,302.4666443,185.156205
9978,210.5363617,-48.07633209,349.0083008,185.8799026
9979,203.5426483,-57.22293091,395.5499878,153.4787603
9980,196.16922,-65.80874634,442.0916138,116.2745592
9981,188.4546204,-73.81911469,488.6333313,79.13250497
9982,180.437561,-81.24188995,535.1749878,41.85817559
9983,172.157196,-88.06732178,581.7166748,0
9984,163.6531219,-94.28804779,628.2583618,42.37715973
9985,154.2604523,-100.9231186,674.7999878,79.93690613
9986,154.9436951,-99.88555145,674.7999878,79.5131817
9987,155.9669037,-98.33185577,674.7999878,78.86992008
9988,147.8480377,-109.060524,679.2157593,88.00278085
9989,150.6463776,-105.3557968,679.2979126,86.05798525
9990,153.3437042,-101.5929565,679.3827515,84.15962843
9991,144.8742981,-112.3893738,683.649292,93.60945223
9992,138.5756378,-119.5134506,687.9506836,102.3232455
9993,141.7787323,-115.8550491,688.1310425,99.67674055
9994,131.5890198,-126.7815552,692.3109131,111.8434771
9995,135.141449,-123.141571,692.4846191,108.7977713
9996,123.7023392,-134.2524414,696.8212891,122.2892826
9997,127.7049408,-130.5990143,696.963501,118.8010547
9998,114.6187439,-142.0073242,701.4520874,133.7086938
9999,119.2163773,-138.2956848,701.6063843,129.7650611
10000,99.83813477,-152.8030548,706.1635742,149.6056734
10001,104.4852676,-149.7459564,706.1442871,145.7645099
10002,109.3922195,-146.2783966,706.2793579,141.6623308
10003,93.11207581,-157.2610626,711.6965332,158.900787
10004,91.21247864,-158.3106537,711.9302979,160.7212357
10005,97.24780273,-154.8417969,711.3796997,155.2868353
10006,95.1255188,-156.1062012,711.5117188,157.1567192
10007,84.26721954,-162.4331207,718.3996582,170.7173769
10008,87.57814026,-160.7574615,717.845459,167.6914675
10009,77.27893829,-166.5581512,724.5464478,180.5599661
10010,80.88406372,-164.7856598,724.288208,177.4713253
10011,69.65341949,-170.981781,730.4173584,181.9773649
10012,73.69842529,-169.1028137,730.3265991,182.0725597
10013,61.53416061,-175.5024414,736.4308472,181.9300226
10014,65.83937073,-173.6802521,736.2835083,182.0030671
10015,53.30508423,-179.8238983,742.8168945,181.8880293
10016,57.7145462,-178.2070312,742.5379028,181.9446917
10017,44.97423172,-183.8255615,749.5911255,181.8621806
10018,49.48782349,-182.4501953,749.1940918,181.9078074
10019,36.53013229,-187.4818726,756.6355591,181.8482928
10020,46.48797989,-186.4356995,762.0041504,181.9865088
10021,41.13950729,-186.3609314,756.1671753,181.8841512
10022,27.96947289,-190.7680817,763.8330078,181.845479
10023,32.66423416,-189.9135132,763.333252,181.8756614
10024,20.13199997,-195.3910828,777.3655396,181.8969784
10025,24.9087162,-194.7819214,776.9051514,181.9224558
10026,10.48105335,-196.125351,778.3239746,181.8520127
10027,15.32172585,-195.8392639,777.8391724,181.8732856
10028,-3.371110439,-197.9607849,785.9389038,181.8413167
10029,1.551845789,-198.1448822,785.4749146,181.8575869
10030,6.451764584,-198.160614,785.0217285,181.8753208
10031,-7.49168396,-199.6942749,792.489563,181.8642668
10032,-21.62044334,-199.9301758,799.7011719,181.8578075
10033,-16.63056564,-200.7572632,799.3214722,181.8704367
10034,-11.65091133,-201.406662,798.9559326,181.8842862
10035,-25.83487892,-201.326889,805.9285278,181.8759499
10036,-48.98268509,-198.1194763,812.6509399,181.8551196
10037,-44.28978729,-199.4011383,812.5181885,181.8630481
10038,-39.56697083,-200.5736237,812.3895264,181.8717468
10039,-30.07183075,-202.7225189,812.0102539,181.8917331
10040,-90.55221558,-196.389267,840.2540894,181.8897265
10041,-88.5377121,-197.8913574,840.5618286,181.8933859
10042,-86.48815155,-199.3192749,840.8574829,181.8970738
10043,-84.40584564,-200.6724091,841.140686,181.9007857
10044,-82.29233551,-201.9499207,841.4119263,181.9045191
10045,-80.14903259,-203.1511383,841.671814,181.9082724
10046,-77.97827148,-204.2757416,841.9204712,181.9120434
10047,-52.98498917,-199.5019226,818.1339111,181.8698579
10048,-57.00964355,-200.9169312,823.4293823,181.8828544
10049,-61.06641006,-202.3403931,828.5218506,181.8942436
10050,-65.16381073,-203.7420044,833.3967896,181.9041421
10051,-69.3091507,-205.0868225,838.0410767,181.912651
10052,-73.57959747,-206.3269196,842.3815308,181.9196642
10053,-92.31568146,-197.7106934,844.3431396,181.8982118
10054,-93.87001801,-204.5754089,856.8909302,181.9273813
10055,-93.89389038,-201.7483673,852.6661987,181.9169469
10056,-92.19106293,-200.6075897,848.6778564,181.9097847
10057,-91.38755798,-234.3640442,890.9432373,182.0101105
10058,-90.51126862,-231.643219,886.8813477,182.0035817
10059,-89.70671082,-228.8636017,882.8255005,181.9965911
10060,-88.98091888,-226.0318298,878.7659302,181.9891165
10061,-91.16783142,-216.6828766,869.911499,181.9640441
10062,-90.82571411,-213.8484039,865.8066406,181.9550434
10063,-88.3397522,-223.1545715,874.6936646,181.9811295
10064,-87.78765106,-220.2385254,870.6009521,181.9726121
10065,-89.52199554,-218.4955139,870.2369385,181.9682882
10066,-92.27767944,-209.2106934,861.362793,181.9413938
10067,-90.57136536,-210.9816895,861.6672363,181.9455075
10068,-92.1678009,-206.365387,857.1837769,181.9313765
10069,-92.32715607,-237.0194702,895.0222778,182.0162092
10070,-93.32065582,-239.602829,899.1309204,182.0219047
10071,-94.35809326,-242.1075287,903.2827759,182.0272248
10072,-91.997612,301.3977051,966.4319458,181.9554971
10073,-90.40666199,299.5281067,961.0274658,181.9539869
10074,-88.78243256,297.4853821,955.7539673,181.9524018
10075,-94.46687317,300.1195374,967.9367676,181.9545875
10076,-96.06739044,297.8739929,966.7587891,181.952967
10077,-85.19447327,297.0840759,951.9299927,181.9523791
10078,-83.47862244,294.6602478,946.8920288,181.9506322
10079,-81.74911499,292.0940247,941.9588013,181.9487948
10080,-80.01467896,289.3952942,937.1203613,181.9468582
10081,-78.28492737,286.5739136,932.3648682,181.9448127
10082,-86.88977814,299.3555298,957.0810547,181.9540426
10083,-115.8472977,222.6713562,975.277832,181.9186834
10084,-112.7757797,246.6225891,977.5886841,181.92865
10085,-109.6475067,270.7541809,980.1091919,181.9400203
10086,-106.7003098,285.6087952,982.4710693,181.9477586
10087,-107.4507904,282.702179,981.8793335,181.9461779
10088,-108.1244431,279.7593079,981.3444824,181.9446125
10089,-108.7172546,276.7839661,980.8695068,181.9430636
10090,-109.2253418,273.780426,980.4573975,181.9415325
10091,-105.8762131,288.4756165,983.1173096,181.9493532
10092,-104.9816208,291.2991943,983.8155518,181.9509601
10093,-104.0183182,294.0737915,984.5635986,181.9525768
10094,-102.988205,296.7949829,985.3596802,181.9542012
10095,-99.50926208,297.5231628,974.2440186,181.9534101
10096,-98.87895203,296.9094238,971.3435059,181.952747
10097,-100.1254044,298.0861511,977.1801758,181.9540482
10098,-100.7279358,298.5972595,980.1517944,181.9546679
10099,-96.7687912,298.6222229,969.5665283,181.9536724
10100,-117.9370575,210.9708557,980.8148193,181.9149345
10101,-119.9825974,199.122818,986.5765381,181.9113174
10102,-124.4179382,163.0565491,990.8186035,181.9010794
10103,-126.6056137,150.8599854,1000.844116,181.8984159
10104,-125.5214081,162.8322296,1001.631409,181.9013137
10105,-125.1260681,162.9905396,997.8453979,181.9012809
10106,-123.2445679,175.1056671,991.6491089,181.9042962
10107,-121.9862366,187.1404419,992.543396,181.9078439
10108,-129.3600006,-103.554039,998.84375,181.9176717
10109,-127.2272568,-127.7894211,996.3560791,181.9326347
10110,-128.7317963,-112.9280014,999.2999878,181.923142
10111,-128.5285645,-115.6433487,999.4475708,181.9247789
10112,-125.5070343,-139.925705,990.0597534,181.9409663
10113,-126.2203369,-139.8618164,997.072937,181.9415243
10114,-124.4187622,-151.988205,990.8264771,181.950714
10115,-123.7332687,-151.9625854,983.9243774,181.9497559
10116,-122.56707,-164.0079651,984.7472534,181.9603478
10117,-121.3170166,-176.0388947,985.6338501,181.9718048
10118,-119.9832916,-188.0545959,986.5841675,181.9840781
10119,-118.5662994,-200.0542145,987.5979614,181.9971006
10120,-117.0661316,-212.0370026,988.675293,182.0107879
10121,-113.9347305,-236.0251007,990.9998169,182.039912
10122,-110.7114029,-260.1659546,993.5405884,182.0708935
10123,-109.781044,-263.0450134,987.0812988,182.0735196
10124,-108.7179108,-265.7161255,980.8765259,182.0758946
10125,-107.4640961,-268.1452026,974.954834,182.0780441
10126,-105.975769,-270.300415,969.3325806,182.0799836
10127,-104.2204819,-272.1519165,964.0168457,182.0817261
10128,-103.2478867,-270.9840393,958.2216187,182.079356
10129,-102.2047043,-269.6435852,952.6101074,182.0768162
10130,-101.1069183,-268.1384583,947.1889648,182.074103
10131,-99.95970917,-266.4765015,941.9500122,182.0712126
10132,-98.76873016,-264.6656189,936.8834839,182.068138
10133,-97.54072571,-262.7137756,931.9777222,182.0648688
10134,-96.38022614,-256.0898132,921.8530273,182.0535291
10135,-96.28373718,-260.6288452,927.2198486,182.0613916
10136,-95.00679779,-258.4187927,922.5951538,182.05769
10137,-95.28981781,-249.1969299,912.3257446,182.0410383
10138,-95.15253448,-253.831955,917.3553467,182.0495324
10139,-93.9250946,-251.4659119,912.961853,182.0452663
10140,-94.1339035,-246.8003998,908.0319214,182.0364294
10141,-93.00043488,-244.3111572,903.8109131,182.0314989
10142,238.2216339,-6.329088688,116.3000183,184.2216016
10143,234.2708893,5.39413166,162.8416595,184.2442622
10144,230.0209351,5.39669466,209.3833466,184.3394915
10145,225.7709503,5.399227619,255.9249725,184.4881841
10146,221.5209198,5.401761055,302.4666443,184.7463481
10147,217.2709961,5.404324055,349.0083618,185.1298143
10148,213.0209503,5.406857014,395.5500183,182.4757962
10149,208.7709503,5.409420013,442.0916443,158.8471037
10150,204.520874,5.411953449,488.6333313,133.0832194
10151,200.2709808,5.414516449,535.1750488,108.9069173
10152,196.0209503,5.417049408,581.7166748,89.70241755
10153,191.7709045,5.419582844,628.2583008,106.3206879
10154,187.5183868,5.422205448,674.7999878,127.2557978
10155,187.5210114,5.534172535,674.8000488,127.368848
10156,187.4292145,10.12268734,674.8000488,131.8061227
10157,187.3713379,13.01112843,674.7999268,134.3683361
10158,187.2639008,14.70780468,674.7999878,135.7842344
10159,187.2616882,14.7414217,674.7999878,135.8114007
10160,186.5001526,19.13610077,680.9717407,142.3876726
10161,186.1185303,23.65702438,680.9208374,146.1861497
10162,185.6913452,23.47442627,687.0319824,149.2655733
10163,185.2126923,27.93994522,686.9320679,152.7660465
10164,184.294281,32.15664673,692.8512573,159.5193826
10165,182.592453,40.6848793,698.4949951,169.6146596
10166,183.3600311,36.32461929,698.6955566,166.1929495
10167,184.0245056,31.95247078,698.8876953,162.7551318
10168,182.2703094,40.27810669,710.5002441,176.0592643
10169,181.4293823,44.58343887,710.2241821,179.3663006
10170,180.3937836,48.58285141,721.9927368,182.2391998
10171,181.3059387,44.30916977,722.3299561,182.2927542
10172,178.3440704,56.98516846,733.4818726,182.0788111
10173,179.4220428,52.7281456,733.8826904,182.1184481
10174,180.4025421,48.46522141,734.2678223,182.141134
10175,177.2940063,61.32280731,745.5397949,182.1046005
10176,178.4356232,57.05648804,745.9772339,182.151089
10177,177.3407135,61.59740829,758.3632202,182.1843357
10178,176.1394653,65.88751221,757.902832,182.13829
10179,176.1175079,66.10852814,764.4613647,182.1736363
10180,176.0330811,66.37332153,771.1257935,182.205209
10181,174.7772675,70.69897461,770.6559448,182.1635058
10182,174.6373444,71.02880096,777.4390869,182.192675
10183,173.3096771,75.37418365,776.9608765,182.1540864
10184,171.705307,80.13832855,783.3892212,182.1456272
10185,170.2134857,84.50010681,782.8903198,182.1113401
10186,173.1022491,75.77159882,783.8724365,182.1811602
10187,169.9564056,84.99437714,789.953186,182.1382057
10188,168.399292,89.37731171,789.4533081,182.1067295
10189,166.7464294,93.75315857,788.9390259,182.0764423
10190,166.0031586,94.98995972,803.5300903,182.126347
10191,164.3295898,99.41637421,803.038269,182.0999123
10192,166.4389038,94.34899902,796.1663818,182.1029454
10193,162.5626678,103.8331375,802.5330811,182.0745021
10194,160.2566833,109.0171661,809.5811157,182.0742942
10195,162.0709839,104.5801086,810.0772095,182.09755
10196,151.277771,127.5121307,815.2501831,182.0154978
10197,150.7661285,128.5035553,823.196228,182.0380859
10198,153.638382,123.139946,815.7841187,182.0343659
10199,155.8153839,118.7337952,816.3034668,182.0540371
10200,157.811554,114.2978363,816.8046265,182.0744944
10201,159.6660004,109.8406601,817.2888794,182.0957735
10202,144.4240723,139.4057617,838.5484619,182.0453971
10203,145.0979309,138.2661743,830.2739258,182.0258574
10204,147.6898804,133.9280243,830.78479,182.0417675
10205,150.1010895,129.5421143,831.2855835,182.058369
10206,140.9878998,144.9319458,846.4817505,182.048949
10207,143.5912476,140.5940704,846.9602051,182.0629403
10208,140.0847015,146.1973267,855.0477905,182.0652534
10209,139.016449,147.5128479,863.7410889,182.0798273
10210,137.7775269,148.8779755,872.5554199,182.0927982
10211,136.3632355,150.29216,881.4833374,182.1042907
10212,132.5579834,156.208725,890.151001,182.1037786
10213,134.7680054,151.7547302,890.5183716,182.1144283
10214,126.3742065,166.554245,898.569519,182.0939179
10215,128.7020416,162.1984253,898.9526978,182.103355
10216,130.9068146,157.7668152,899.3125,182.1131791
10217,118.6880722,179.1229553,897.2892456,182.0676913
10218,118.2050934,180.0506744,901.9759521,182.0729981
10219,120.7863007,175.9227295,902.4074097,182.0812013
10220,123.2616806,171.7055969,902.8197021,182.0897336
10221,115.5178452,184.0873108,901.5256958,182.0651175
10222,115.092186,185.0618439,906.2475586,182.0702968
10223,104.0782013,203.9485321,933.053772,182.0747126
10224,105.5234909,201.8561707,933.4333496,182.0781844
10225,106.4817276,199.4798431,923.9072876,182.0705013
10226,108.3482742,196.2945099,919.4680786,182.0697715
10227,111.5387344,191.1449127,915.2650146,182.072481
10228,114.6232986,186.0558167,910.984375,182.0751578
10229,101.5052109,208.5738525,942.0976562,182.0779868
10230,102.9888611,206.4375,942.5402222,182.0814294
10231,100.2795944,211.1638489,951.5131226,182.0838336
10232,98.73964691,213.3404388,950.9957275,182.0804063
10233,97.09724426,215.4919281,950.4241943,182.0769356
10234,95.35523987,217.6105042,949.8016357,182.0734297
10235,93.55303192,219.6739044,949.1534424,182.0699542
10236,91.70570374,221.6735229,948.4884033,182.0665307
10237,89.81650543,223.6062012,947.8077393,182.0631608
10238,87.88951874,225.4693146,947.1130371,182.0598465
10239,85.92837524,227.2610321,946.4057007,182.0565887
10240,83.93746185,228.9804535,945.6872559,182.0533886
10241,81.92100525,230.6277466,944.9592896,182.0502458
10242,79.88240814,232.2039948,944.2229004,182.0471595
10243,75.74724579,235.1538849,942.7263794,182.0411443
10244,61.52441406,245.56604,946.2971802,182.0295818
10245,65.91292572,243.3113098,948.0412598,182.035135
10246,68.08367157,242.134964,948.9032593,182.0379548
10247,74.45465851,238.2057037,951.4172974,182.0466039
10248,70.22886658,240.888382,949.7529297,182.0408015
10249,46.55667496,254.6396484,948.7290649,182.0185248
10250,51.09706116,252.6869507,950.6733398,182.0237359
10251,55.594944,250.6462097,952.5996704,182.0290564
10252,60.04827499,248.5208282,954.5059204,182.0344831
10253,40.34468079,259.323761,954.3459473,182.0178223
10254,44.92901993,257.480896,956.4424438,182.0229226
10255,38.60881424,262.1186218,961.8400879,182.0217677
10256,36.7855072,264.878418,969.2475586,182.0253075
10257,34.89279175,267.5942993,976.5671997,182.0284793
10258,32.94971085,270.2570801,983.7995605,182.031365
10259,-43.63778687,296.6086121,953.4666138,181.9704067
10260,-45.98819351,297.1049805,952.0167236,181.9686816
10261,-48.38383865,297.3631897,950.5408936,181.9669403
10262,-50.81344223,297.352356,949.0488892,181.965178
10263,-53.25185394,297.1005859,947.557312,181.9634049
10264,-55.66564941,296.7073669,946.0825195,181.9616503
10265,-58.05293274,296.1911316,944.625,181.9599145
10266,-41.2921524,296.074646,954.9122925,181.972155
10267,-60.41577911,295.5557556,943.1835327,181.9581931
10268,-62.75366974,294.8041992,941.7587891,181.9564841
10269,-65.06492615,293.9393311,940.3522339,181.9547865
10270,-67.34789276,292.9641418,938.9650879,181.9530993
10271,-69.60089874,291.8826599,937.598938,181.9514222
10272,-71.822258,290.6991577,936.2553711,181.9497554
10273,-74.0107193,289.4173584,934.9348755,181.9480984
10274,-76.1650238,288.0410767,933.6380005,181.946451
10275,-27.18867874,292.6632385,963.578064,181.9832283
10276,-31.89418221,293.8403931,960.6911011,181.9794392
10277,-36.59585571,294.9773865,957.8024292,181.9757371
10278,-17.77306747,290.1878662,969.3465576,181.9911443
10279,-6.413569927,284.9606018,968.9022827,181.9970064
10280,-8.361822128,287.5497742,975.1068726,181.9994773
10281,12.3790741,279.2872009,979.9650879,182.0147719
10282,3.000357866,282.2199097,974.4411011,182.0057032
10283,21.70851326,276.1652832,985.4690552,182.0241827
10284,229.728775,-6.042778015,209.3833313,184.4015785
10285,224.6382141,-17.02773476,255.9250336,184.6511943
10286,219.0328827,-27.53507996,302.4666748,185.1211812
10287,212.9475708,-37.54127121,349.0083618,186.306935
10288,206.4184418,-47.02514267,395.5500183,158.1993469
10289,199.4822235,-55.96780777,442.0916748,121.92313
10290,192.1764221,-64.3527832,488.6333313,85.20608383
10291,184.5393372,-72.16593933,535.1750488,48.22828575
10292,176.6095734,-79.39559174,581.7166748,9.271663848
10293,168.4259949,-86.03250885,628.2583008,37.53470317
10294,158.4910126,-94.49882507,674.7999878,77.65615327
10295,159.0523987,-93.64634705,674.7999878,77.42719175
10296,159.998703,-92.0524292,674.7999878,77.05938006
10297,160.8739777,-90.57798767,674.7999878,76.73985933
10298,163.2168884,-86.63163757,674.7999878,76.00424012
10299,155.9400787,-97.77410126,679.4692993,82.4995371
10300,147.8007355,-108.6882477,683.7985229,91.47541424
10301,150.6157684,-104.9346313,683.9556274,89.58506502
10302,153.3201599,-101.1308594,684.1177368,87.88207625
10303,144.8527527,-112.1489105,688.3300171,97.28752191
10304,138.5366211,-119.4622345,692.6893311,105.9929961
10305,141.7825775,-115.7425919,692.9210205,103.4415485
10306,131.5050354,-126.9214478,697.1373901,115.5635465
10307,135.1217804,-123.2133789,697.3495483,112.5836305
10308,123.5485611,-134.5788727,701.7559814,126.0695982
10309,127.6378555,-130.8522491,701.9273682,122.6354593
10310,114.3763885,-142.509613,706.4957275,137.5403669
10311,119.0830078,-138.7213898,706.678894,133.6421983
10312,99.47138214,-153.4658508,711.3005371,153.3460048
10313,104.1869202,-150.3779297,711.2924194,149.6302867
10314,109.187149,-146.8574066,711.4520264,145.5682149
10315,92.90250397,-157.9184418,716.9934082,162.8477138
10316,91.00537872,-158.9633026,717.2353516,164.5596532
10317,97.05441284,-155.4974823,716.6705322,159.2737462
10318,94.92069244,-156.7646942,716.803894,161.0901702
10319,84.29959106,-163.071579,723.8816528,174.4565867
10320,87.58154297,-161.4014893,723.3109741,171.501162
10321,77.51493835,-167.2519684,730.1761475,182.1665547
10322,81.10031128,-165.4611816,729.9116211,181.0367149
10323,70.05079651,-171.7872925,736.1851807,182.0922012
10324,74.0836792,-169.8734131,736.0917969,182.2061887
10325,62.06580353,-176.4519806,742.3370972,182.0083367
10326,66.36133575,-174.5861053,742.18927,182.0804806
10327,53.94768143,-180.931015,748.8538208,181.9582441
10328,58.35040665,-179.27005,748.5797119,182.0139486
10329,50.99504471,-184.9751587,761.6396484,182.030225
10330,37.31828308,-188.9059143,762.8579102,181.909004
10331,48.16975784,-189.3588104,774.8994141,182.087901
10332,41.92760086,-187.7463074,762.4126587,181.9457667
10333,43.6131897,-190.7566681,775.2474365,182.0493688
10334,29.64850616,-194.0128326,776.4602051,181.9503235
10335,34.34824371,-193.0848694,776.0333252,181.9806901
10336,21.83618546,-199.1168976,790.1616211,181.9832757
10337,17.01706123,-199.6329956,790.5264893,181.9590105
10338,26.62032318,-198.435791,789.8071899,182.0089912
10339,12.16652393,-199.9828949,790.9003296,181.936836
10340,-2.544379234,-200.0223541,792.0772095,181.8799799
10341,2.382987738,-200.178894,791.675293,181.8971915
10342,7.287526131,-200.1652832,791.2831421,181.9160397
10343,-6.684651852,-201.8800049,798.6027222,181.8994027
10344,-20.84160423,-202.3035431,805.614563,181.8882767
10345,-15.85382843,-203.1003723,805.3151245,181.9017023
10346,-10.87481403,-203.7189331,805.0285034,181.9162596
10347,-25.09095383,-203.8382874,811.7699585,181.9037688
10348,-48.33699036,-200.8668213,818.0712891,181.8777629
10349,-43.63090515,-202.1306152,818.0189819,181.886467
10350,-38.8949852,-203.2827148,817.9702148,181.8959513
10351,-29.37174416,-205.378067,817.7650146,181.9172165
10352,-90.40203094,-199.315567,844.6444702,181.9019411
10353,-88.42908478,-200.8490295,844.953064,181.9057432
10354,-86.41364288,-202.3088379,845.2565308,181.9095845
10355,-84.35797119,-203.6938934,845.5546265,181.9134608
10356,-82.26412964,-205.0029755,845.8475342,181.9173691
10357,-80.13408661,-206.2349396,846.135376,181.9213069
10358,-77.97009277,-207.3890991,846.418335,181.9252727
10359,-52.41530228,-202.368866,823.4436646,181.8907188
10360,-56.52939224,-203.8888397,828.6160278,181.9020626
10361,-60.68848801,-205.3988037,833.5726318,181.911914
10362,-64.90086365,-206.8645782,838.2992554,181.9203749
10363,-69.17485046,-208.2467346,842.7819214,181.927528
10364,-73.56757355,-209.494873,846.9657593,181.9333111
10365,-92.1400528,-203.4956512,852.9573364,181.9208408
10366,-90.32372284,-202.2476501,848.9790649,181.9136393
10367,-89.84435272,-236.3579865,891.4313965,182.0144943
10368,-88.90867615,-233.5685577,887.3536987,182.0079893
10369,-88.04636383,-230.7217255,883.281189,182.0010153
10370,-87.26488495,-227.8245392,879.2042236,181.9935452
10371,-86.57043457,-224.8841248,875.1139526,181.9855513
10372,-89.11714172,-215.604599,866.1280518,181.959256
10373,-88.80290985,-212.6848755,861.9849243,181.9496744
10374,-85.96754456,-221.9075623,871.0030518,181.9770118
10375,-85.45965576,-218.9020081,866.864563,181.9679064
10376,-87.32749939,-217.29039,866.480835,181.963545
10377,-90.40428925,-208.088623,857.4865112,181.9354265
10378,-88.57923126,-209.7426605,857.8009033,181.9395325
10379,-90.32281494,-205.1751251,853.2589722,181.9248033
10380,-90.84494781,-239.0829163,895.5250244,182.020561
10381,-91.90044403,-241.7363281,899.6470337,182.0262192
10382,-91.79251862,305.1569214,973.2531128,181.9585819
10383,-93.54356384,303.0847168,971.9570312,181.9569334
10384,-95.20383453,300.9040527,970.7271118,181.9552959
10385,-90.19683838,303.4017944,967.7457886,181.9571408
10386,-88.558815,301.4647522,962.3515015,181.9556284
10387,-84.93434143,301.1203613,958.4535522,181.9556935
10388,-83.20308685,298.7868958,953.2938232,181.9540294
10389,-81.45265961,296.3022156,948.241272,181.9522817
10390,-79.69028473,293.6763611,943.2877808,181.9504424
10391,-77.92450714,290.919281,938.4238281,181.9485024
10392,-86.64091492,303.2926636,963.7263794,181.9572806
10393,-116.4478531,222.9445343,981.8884277,181.9194252
10394,-113.354866,246.9235382,984.2025757,181.9294512
10395,-110.2020493,271.082489,986.7278442,181.9408932
10396,-109.7804489,274.1130981,987.0739746,181.9424211
10397,-106.6307373,288.9065552,989.5803833,181.9503287
10398,-107.3906631,286.0075684,988.9825439,181.9487159
10399,-108.0884399,283.075592,988.4308472,181.9471175
10400,-108.7215271,280.113678,987.927124,181.9455349
10401,-109.2867203,277.1250305,987.473999,181.9439689
10402,-105.811203,291.7697754,990.2223511,181.9519549
10403,-104.933548,294.592041,990.9063721,181.9535917
10404,-103.9992294,297.3694458,991.6310425,181.9552371
10405,-101.3171997,299.0551758,983.1591187,181.9552587
10406,-101.8936996,299.4589539,986.2019653,181.9558306
10407,-98.13118744,299.9722595,975.2814941,181.955023
10408,-97.45656586,299.322052,972.4074097,181.9543579
10409,-98.79312134,300.5718384,978.1889038,181.9556673
10410,-99.44300842,301.1193542,981.1293335,181.9562899
10411,-118.5655289,211.1224823,987.5903931,181.915511
10412,-120.6432037,199.1601257,993.5013428,181.911729
10413,-125.5130157,162.9169312,1001.637451,181.9013356
10414,-123.9464417,175.0377655,998.6895142,181.9045191
10415,-122.6805878,187.0710602,999.5973511,181.9080898
10416,-127.6102142,-127.722847,1000.114563,181.9327815
10417,-127.7609787,-125.8981781,1000.005005,181.9315333
10418,-125.1269455,-151.9220886,997.8534546,181.9513177
10419,-126.6931992,-138.8158417,1000.780457,181.9409363
10420,-126.6048431,-139.7915497,1000.844727,181.9416866
10421,-123.9472198,-163.9693146,998.6976929,181.9619972
10422,-123.2453079,-164.0372925,991.6570435,181.9613502
10423,-121.9869843,-176.0720825,992.5512695,181.9728435
10424,-120.6439438,-188.0917511,993.5092163,181.9851452
10425,-119.2165222,-200.0954285,994.5307617,181.9981905
10426,-117.7049484,-212.0822601,995.6157227,182.0118988
10427,-116.1286011,-224.062561,996.7608032,182.026362
10428,-114.518631,-236.0601196,997.9606323,182.0410588
10429,-110.2836609,-263.1931458,993.8856201,182.0748732
10430,-111.1778793,-260.1351318,1000.530579,182.0720193
10431,-112.8704453,-248.0823364,999.2163696,182.0564294
10432,-109.2873154,-266.0570068,987.4812622,182.0774933
10433,-108.1250992,-268.6914368,981.3514404,182.0798627
10434,-106.7480392,-271.0628052,975.5177002,182.0820007
10435,-105.1184158,-273.1393127,969.991394,182.0839254
10436,-103.2082977,-274.8918762,964.7758789,182.0856568
10437,-102.1743317,-273.6729126,959.006958,182.0832948
10438,-101.0699768,-272.2775269,953.4161377,182.0807709
10439,-99.91117096,-270.7140808,948.0101318,182.0780805
10440,-98.70294189,-268.9907532,942.781311,182.0752194
10441,-97.45111084,-267.1158752,937.7202759,182.0721808
10442,-96.16275787,-265.0977173,932.8153687,182.0689539
10443,-94.846138,-262.9445801,928.0541382,182.065525
10444,-93.72013092,-256.0915222,918.0880737,182.0537443
10445,-93.51042175,-260.6647339,923.4219971,182.0618766
10446,-92.16605377,-258.2665405,918.9036255,182.0579879
10447,-92.70919037,-248.9991455,908.6557617,182.0407058
10448,-92.43442535,-253.6549072,913.6821289,182.0495315
10449,-91.16114044,-251.1168671,909.3607788,182.0450254
10450,-91.51612854,-246.4391327,904.4205322,182.0358236
10451,-90.35757446,-243.7933502,900.2402954,182.03059
10452,225.4842224,-5.828409672,255.9250031,184.5740319
10453,221.2395935,-5.613982201,302.4666443,184.9015843
10454,216.9950256,-5.399584293,349.0083313,185.6676188
10455,212.7504272,-5.18521595,395.5499878,181.3171715
10456,208.5058594,-4.970818043,442.0916443,152.4840305
10457,204.261261,-4.756450176,488.6333008,125.8305363
10458,200.0166473,-4.542052269,535.1750488,100.7162493
10459,195.7720795,-4.327654362,581.7166748,80.43668666
10460,191.5274811,-4.113286018,628.2583618,98.00489345
10461,187.4140472,0.9461348653,674.7999878,123.4840291
10462,187.0339203,5.534172535,681.114502,131.3009167
10463,186.9337463,0.995934546,681.0667725,127.2613629
10464,186.9338074,10.07238102,681.0667114,135.2890269
10465,186.7719574,14.60716152,681.0203247,138.9564497
10466,186.3267975,14.51623535,687.2182617,142.2514047
10467,186.0627441,18.9992485,687.1273804,145.7412402
10468,185.3995819,18.77635765,699.4129639,152.6747866
10469,185.0441895,23.17720795,699.24646,156.0719628
10470,184.5858307,27.56965256,699.0713501,159.5387319
10471,183.0110779,35.96305847,710.7646484,172.9189147
10472,183.6521301,31.6388607,711.0172119,169.7072969
10473,184.193634,27.3061409,711.2579956,166.45164
10474,182.8371582,35.73942184,722.9613647,180.8891268
10475,182.1201324,40.02785873,722.6529541,182.4098405
10476,181.2867432,44.19666672,734.6369629,182.1387641
10477,182.0755615,39.92274475,734.989624,182.1000748
10478,179.4809113,52.7860527,746.397644,182.1962585
10479,180.4313049,48.51168442,746.8008423,182.2406274
10480,181.2878418,44.23350143,747.1864014,182.2864851
10481,178.4468231,57.30402374,758.8062134,182.231859
10482,179.4592133,53.00790024,759.2313232,182.2816669
10483,177.2992859,61.80033112,764.9194946,182.2182195
10484,178.3873444,57.48936462,765.3599854,182.2640952
10485,177.1952209,62.04462051,771.5784912,182.2483713
10486,177.0133972,62.3284874,778.3446045,182.2739319
10487,175.871521,66.6800766,777.9005737,182.2326077
10488,175.61763,67.02700043,784.7893677,182.2559156
10489,174.4058685,71.40097046,784.3392944,182.2179229
10490,172.7893219,76.2115097,790.9069214,182.2046111
10491,171.419281,80.60541534,790.4379272,182.1708418
10492,174.0680542,71.81361389,791.3596802,182.2394908
10493,171.0142975,81.11483002,797.614502,182.1927187
10494,169.5815582,85.53269196,797.1466675,182.1617359
10495,168.0569305,89.94441986,796.6637573,182.131802
10496,166.9698029,91.20753479,811.4863892,182.1729201
10497,165.4263916,95.67404175,811.0303345,182.146885
10498,167.5846252,90.55519104,804.0079956,182.153781
10499,163.7938538,100.1319885,810.5604248,182.1217537
10500,161.4308929,105.3710022,817.7607422,182.1179278
10501,163.1075439,100.8900986,818.2197876,182.1409418
10502,153.0643311,124.1035461,823.7075195,182.0561645
10503,152.3330383,125.1126862,831.7722778,182.0756507
10504,155.181427,119.6671143,824.2025757,182.0749736
10505,157.1195984,115.1985245,824.6781006,182.0945002
10506,158.918457,110.7074661,825.1360474,182.114776
10507,160.6314087,106.2037964,825.581665,182.1358472
10508,146.0210876,136.2005768,847.4256592,182.0775039
10509,146.9374847,135.041153,839.0375977,182.0606354
10510,149.2745209,130.6263275,839.5139771,182.0765026
10511,151.4362335,126.1657791,839.9741821,182.0929914
10512,142.5931396,141.8301544,855.503418,182.0786239
10513,144.9343872,137.4051208,855.9432983,182.0925198
10514,141.4243469,143.1130829,864.1717529,182.092585
10515,140.0795593,144.4419556,872.9592896,182.1049597
10516,138.5536499,145.8158722,881.8585205,182.115878
10517,136.8411713,147.2338715,890.8630981,182.125468
10518,132.985672,153.2638397,899.6487427,182.1233261
10519,134.9360046,148.6938324,899.9613037,182.1338476
10520,125.626976,167.4036407,903.2103271,182.0985977
10521,127.878006,163.0213318,903.578064,182.1077883
10522,129.0667572,159.3701019,908.5452271,182.1213529
10523,131.0092773,154.8132935,908.8482056,182.1310509
10524,117.6792603,180.9969482,906.6806641,182.0779888
10525,120.1656723,176.8412018,907.0955811,182.0859971
10526,122.552124,172.5960999,907.4916992,182.0943332
10527,104.3821487,204.2867279,942.9354248,182.0848345
10528,105.6869888,202.1253967,943.2839966,182.0882025
10529,106.8896332,199.7518311,933.7733765,182.0816299
10530,107.9076767,197.4310608,924.2368164,182.0740128
10531,111.0706253,192.2146454,920.0310059,182.0768849
10532,109.2655563,195.3708191,924.5344238,182.0775131
10533,114.110199,187.0677795,915.7324219,182.0797174
10534,117.1098557,181.960495,911.3994751,182.0826721
10535,101.7183609,208.9680786,951.9760742,182.0872162
10536,103.0578537,206.7582245,952.3848267,182.0905539
10537,100.2698746,211.5266571,961.3352051,182.092163
10538,98.87841034,213.7819824,960.8544312,182.0888427
10539,97.37696838,216.0174561,960.3121948,182.0854722
10540,95.76436615,218.2266388,959.7090454,182.082053
10541,94.04312897,220.4007263,959.0479126,182.0785924
10542,92.25656891,222.5156708,958.3568726,182.0751585
10543,90.42080688,224.5619049,957.6454468,182.0717735
10544,88.53947449,226.5360107,956.9151001,182.068439
10545,86.61695862,228.4348907,956.1677856,182.0651573
10546,84.65736389,230.2564087,955.4049683,182.0619292
10547,82.66535187,231.9993744,954.6286011,182.0587561
10548,80.64585114,233.6639404,953.8405762,182.0556388
10549,78.60257721,235.2514496,953.0422363,182.0525763
10550,76.5382309,236.7641602,952.234375,182.0495661
10551,64.45487976,246.3131256,956.3900146,182.0400127
10552,66.63560486,245.160614,957.3217773,182.0428164
10553,68.78980255,243.9316864,958.2399902,182.0456467
10554,75.12080383,239.827179,960.9194336,182.0543375
10555,73.0311203,241.2678833,960.0377808,182.0514014
10556,70.9211731,242.6350403,959.1450195,182.0485071
10557,49.4767952,255.556076,958.5235596,182.0281259
10558,53.9854126,253.5506744,960.5874023,182.0334291
10559,58.45331573,251.4677887,962.632019,182.0388286
10560,62.87812424,249.3096313,964.6552734,182.0443206
10561,43.19714737,260.2978516,964.0702515,182.0268576
10562,47.75222397,258.4027405,966.2858887,182.0320399
10563,41.37789536,263.0812683,971.6081543,182.0303821
10564,42.12870789,266.7106628,989.0074463,182.0414198
10565,44.05932999,263.9898376,981.5293579,182.0386262
10566,38.19646835,271.9576721,1003.681091,182.0461737
10567,28.98936844,275.3874512,998.0128174,182.0362774
10568,19.71923637,278.6652222,992.3147583,182.0265795
10569,-43.17500305,299.0042725,960.4019775,181.9743096
10570,-45.51671982,299.5823975,958.9078979,181.9725474
10571,-47.86363983,300.1239014,957.4094238,181.9708079
10572,-50.25608063,300.421814,955.883728,181.9690564
10573,-52.68243408,300.444458,954.3406982,181.9672884
10574,-55.11762619,300.2193298,952.7969971,181.9655123
10575,-57.52946854,299.8411865,951.2694092,181.9637537
10576,-59.91495132,299.3286438,949.7592773,181.9620129
10577,-38.48726273,297.8240051,963.3892822,181.9779156
10578,-62.2748642,298.6865845,948.2662964,181.960286
10579,-64.60803223,297.9192505,946.791687,181.9585712
10580,-66.91194153,297.030426,945.3372803,181.9568676
10581,-69.18470001,296.0241089,943.9046021,181.9551745
10582,-71.42401123,294.9051514,942.4957275,181.9534916
10583,-73.62818146,293.6784363,941.1120605,181.9518188
10584,-75.79549408,292.3483582,939.7545776,181.9501558
10585,-29.09987259,295.3654785,969.3596802,181.9854582
10586,-19.70524216,292.7750549,975.3241577,181.9934205
10587,-10.31415749,290.0513,981.2817993,182.0017779
10588,1.032182693,284.749115,980.8570557,182.0081871
10589,-0.937110126,287.1942749,987.230896,182.010487
10590,10.39644527,281.7867737,986.5944214,182.0172327
10591,220.4095612,-16.60203934,302.4667053,185.0330298
10592,214.8306885,-26.89912796,349.0083618,186.4974673
10593,208.7823944,-36.69664383,395.5500183,163.2700348
10594,202.3004608,-45.97392654,442.0916443,127.7584234
10595,195.4218445,-54.71265411,488.6333618,91.54682647
10596,188.1836243,-62.89678574,535.1750488,55.02329731
10597,180.6240082,-70.51274109,581.7166138,18.17163421
10598,172.7815247,-77.54929352,628.2583008,41.84586063
10599,163.4988403,-86.1566391,674.7999878,75.96098481
10600,164.6583862,-83.97830963,674.7999878,75.87317375
10601,165.3957062,-82.59329224,674.8000488,75.8883777
10602,158.4359894,-93.8999939,679.5559692,81.26567319
10603,160.8322754,-89.97107697,679.6419067,80.55449964
10604,163.1281586,-85.98973083,679.7268677,80.1097035
10605,155.9149933,-97.27892303,684.2827148,86.41767366
10606,147.8033295,-108.3951111,688.5443726,95.20958515
10607,150.6324615,-104.5957184,688.7696533,93.40475755
10608,153.3417969,-100.7531433,689.001709,91.85024216
10609,144.8874969,-111.9816437,693.1757812,101.1626887
10610,138.5667267,-119.4723969,697.5975342,109.8647547
10611,141.8497772,-115.6970139,697.8766479,107.4161873
10612,131.5074463,-127.1081696,702.133606,119.4662552
10613,135.1792755,-123.3393402,702.3822632,116.5676619
10614,123.5053177,-134.9346466,706.8563843,130.0074267
10615,127.6676025,-131.1441956,707.0568237,126.6485376
10616,114.2763138,-143.0202942,711.7005005,141.4966729
10617,119.072731,-139.1673737,711.913208,137.6672649
10618,101.6365814,-152.6148834,716.5713501,155.3730798
10619,99.29599762,-154.1145477,716.5935669,157.406093
10620,104.0651703,-150.9998169,716.5994263,153.4849975
10621,109.1389008,-147.435379,716.7843628,149.5550335
10622,92.88236237,-158.5710144,722.4396362,166.7607185
10623,90.98767853,-159.6149445,722.6855469,168.4292519
10624,97.04538727,-156.1443176,722.1170654,163.23379
10625,94.90354919,-157.415741,722.2488403,165.0264379
10626,84.49425507,-163.7355347,729.4974976,178.1872821
10627,87.75409698,-162.0600739,728.9182739,175.3740823
10628,77.88613129,-167.9918518,735.9386597,182.360575
10629,81.45590973,-166.1753387,735.6714478,182.5479067
10630,70.56211853,-172.6517334,742.09021,182.1624677
10631,74.58352661,-170.698761,741.9960327,182.2529728
10632,62.69302368,-177.4686432,748.3821411,182.075456
10633,66.97814941,-175.5564117,748.2363281,182.1428182
10634,55.44450378,-183.3659515,761.3272705,182.077765
10635,59.83304214,-181.6105347,761.0757446,182.1292234
10636,52.66960907,-187.8066864,774.5898438,182.1292894
10637,39.0046196,-191.9990845,775.6273804,182.0136671
10638,49.88639832,-192.5950623,788.2741699,182.1683857
10639,45.334095,-194.0837708,788.5374756,182.132164
10640,40.72695541,-195.4135284,788.8270264,182.0981801
10641,31.36595535,-197.5907745,789.46521,182.0366652
10642,36.06938553,-196.5829468,789.1376343,182.0663702
10643,23.45755196,-203.1735077,803.272644,182.0536548
10644,17.84201813,-201.6579437,796.9790039,181.9954916
10645,12.98760796,-202.0430298,797.2871704,181.9735657
10646,28.24708176,-202.4143982,803.0507202,182.0788387
10647,8.104586601,-202.259079,797.6030884,181.9528886
10648,-1.734635115,-202.1788788,798.2603149,181.9158385
10649,3.196218729,-202.3047943,797.9273682,181.9336495
10650,-5.907794952,-204.160675,804.7531128,181.931987
10651,-20.10289383,-204.780304,811.5441284,181.9168002
10652,-15.11841106,-205.5424652,811.3314819,181.9308355
10653,-10.14121437,-206.1261749,811.1303711,181.9459067
10654,-24.39867592,-206.4540558,817.6204224,181.9298467
10655,-47.75170135,-203.7209778,823.4686279,181.8993226
10656,-43.03311539,-204.9679413,823.5027466,181.9086866
10657,-38.28477097,-206.1001587,823.539917,181.9187811
10658,-28.73431778,-208.1392822,823.5214233,181.9410943
10659,-88.39628601,-203.8167114,849.2888794,181.9175624
10660,-86.41848755,-205.3127136,849.6008911,181.9215349
10661,-84.39315033,-206.734024,849.9146118,181.9255518
10662,-82.32236481,-208.0789948,850.2301025,181.9296104
10663,-80.20870972,-209.3460541,850.5470581,181.9337073
10664,-78.05477905,-210.5341492,850.8653564,181.9378407
10665,-51.915905,-205.3353729,828.7247925,181.9105634
10666,-56.12812042,-206.9514618,833.7683716,181.9203182
10667,-60.39693069,-208.5375366,838.5842285,181.9286939
10668,-64.73027802,-210.055603,843.1582642,181.9357763
10669,-69.13700104,-211.4618988,847.4766235,181.9416317
10670,-73.65432739,-212.7030182,851.5015869,181.946233
10671,-88.188591,-238.2743683,891.9865112,182.0189433
10672,-87.19898224,-235.4160767,887.8875122,182.0124662
10673,-86.28488159,-232.5018616,883.7924805,182.0055106
10674,-85.454216,-229.5392303,879.6917114,181.9980461
10675,-84.71303558,-226.535675,875.5770874,181.9900447
10676,-84.0663681,-223.498764,871.4412231,181.9814815
10677,-86.96105194,-214.316925,862.3267212,181.9539126
10678,-86.6883316,-211.3248901,858.1322021,181.943703
10679,-83.51769257,-220.4360046,867.2775879,181.9723348
10680,-83.06904602,-217.355011,863.0800781,181.9625862
10681,-85.0485611,-215.874649,862.6921387,181.9582181
10682,-88.44458008,-206.7843323,853.5707397,181.9288284
10683,-86.5083847,-208.3210907,853.8919678,181.9329106
10684,-89.24478912,-241.0692902,896.1000977,182.024974
10685,-91.5512619,308.7421265,980.2088623,181.9616213
10686,-93.34546661,306.7201233,978.8683472,181.9599526
10687,-89.95471191,307.1134949,974.6123047,181.9602421
10688,-95.9282608,301.6403503,973.5484619,181.9559824
10689,-96.64081573,302.3270569,976.4007568,181.9566529
10690,-95.0437851,304.5789795,977.5976562,181.9582966
10691,-88.31787872,305.2936401,969.1164551,181.9587958
10692,-84.65502167,305.0048523,965.1504517,181.9589434
10693,-82.9178009,302.7738037,959.8701172,181.9573547
10694,-81.1568985,300.3824768,954.6968994,181.9556895
10695,-79.37776184,297.841095,949.6254272,181.9539407
10696,-77.58777618,295.159668,944.647644,181.9520994
10697,-86.3637085,307.0655823,970.5415649,181.9604618
10698,-117.0654449,223.1052246,988.6676636,181.9200377
10699,-113.9340591,247.0933533,990.9921875,181.9301168
10700,-110.2831116,274.2613831,993.8779297,181.9431687
10701,-110.7109375,271.2342529,993.5328979,181.9416185
10702,-109.7984085,277.274231,994.265625,181.9447339
10703,-107.3220901,289.1196289,996.2171631,181.9511635
10704,-106.5799637,292.0175476,996.7965088,181.9528123
10705,-108.0170212,286.1941223,995.6728516,181.9495315
10706,-108.6628494,283.2431641,995.164978,181.9479147
10707,-109.2574387,280.2689514,994.6953125,181.9463169
10708,-105.7915039,294.8835754,997.4094238,181.9544731
10709,-104.9579315,297.714386,998.0545654,181.9561453
10710,-102.4578552,299.8072205,989.2805786,181.9563697
10711,-103.0101395,300.098877,992.3949585,181.9568891
10712,-100.0811844,301.6137085,984.1031494,181.95689
10713,-100.7081146,302.053772,987.1101685,181.9574675
10714,-97.34203339,302.9631042,979.2840576,181.9573011
10715,-98.03233337,303.5473022,982.1984253,181.9579298
10716,-119.2157669,211.1637878,994.5228271,181.9159558
10717,-121.3289261,199.0894318,1000.568604,181.9119995
10718,-124.3292084,174.9605255,1002.49707,181.9045841
10719,-123.0587006,186.9904175,1003.419373,181.9081654
10720,-124.271225,175.5501709,1002.539185,181.9047551
10721,-121.7007446,199.0054626,1004.404907,181.9120865
10722,-122.9420624,188.0908966,1003.504028,181.9085178
10723,-125.5127335,-151.8485413,1001.637695,181.9514915
10724,-124.3293152,-163.8921967,1002.496948,181.9621937
10725,-125.5299988,-151.6721497,1001.625183,181.9513401
10726,-124.2737427,-164.4571838,1002.537354,181.9627254
10727,-122.6814651,-176.0025787,999.6054688,181.9735317
10728,-121.3297195,-188.0209656,1000.576721,181.9858718
10729,-119.8922729,-200.0235901,1001.61145,181.9989562
10730,-118.3691711,-212.0095062,1002.709656,182.0127171
10731,-116.7704086,-223.9835205,1003.869324,182.0271323
10732,-115.1118851,-235.9572296,1005.087585,182.041909
10733,-113.3910751,-247.9339294,1006.36554,182.0572155
10734,-110.255661,-266.15625,1001.251587,182.0799747
10735,-109.7989578,-266.2059021,994.2733154,182.078861
10736,-111.6051407,-259.9160767,1007.704041,182.0728216
10737,-108.7221451,-269.0456238,987.9344482,182.0814732
10738,-107.451561,-271.6343384,981.8862305,182.0838294
10739,-105.9443893,-273.938324,976.1452026,182.0859495
10740,-104.1683197,-275.926239,970.7183228,182.0878556
10741,-102.1002121,-277.5699158,965.6049805,182.0895741
10742,-100.9986877,-276.2947388,959.8665771,182.0872228
10743,-99.82826233,-274.8399353,954.2995605,182.0847178
10744,-98.6043396,-273.2141418,948.9112549,182.0820545
10745,-97.33208466,-271.4259644,943.6943359,182.0792283
10746,-96.01754761,-269.4840088,938.6394043,182.0762315
10747,-94.66766357,-267.3969727,933.7356567,182.0730533
10748,-93.29103851,-265.1734314,928.97052,182.0696791
10749,-91.89703369,-262.8220825,924.3297119,182.0660904
10750,-90.82390594,-255.7582397,914.4828491,182.0538347
10751,-90.49610138,-260.3515625,919.7984009,182.062265
10752,-89.09945679,-257.7705383,915.3604126,182.058177
10753,-89.91195679,-248.4853058,905.1075439,182.0401969
10754,-89.4957962,-253.148056,910.1432495,182.0493887
10755,-88.19360352,-250.4443359,905.8685303,182.0446192
10756,-88.69875336,-245.7680359,900.9067993,182.0350145
10757,-87.53302002,-242.9729462,896.7438965,182.0294452
10758,216.1809082,-16.17637253,349.0083008,186.2085757
10759,211.9522705,-15.75067616,395.5499573,175.1577738
10760,207.7236786,-15.32494926,442.0917053,146.1532015
10761,203.4950562,-14.89925289,488.6333008,118.6947335
10762,199.2663727,-14.47355652,535.1749878,92.66634905
10763,195.0378418,-14.04789066,581.7166748,71.27628559
10764,190.8091583,-13.62219429,628.2583618,89.89461289
10765,186.9649506,-8.21897316,674.7999878,116.4769996
10766,187.2674103,-3.897785664,674.8000488,120.0553402
10767,187.2854156,-3.640770435,674.8000488,120.2528747
10768,187.3180847,-3.173112392,674.8000488,120.6067407
10769,186.5498657,5.534172535,687.3882446,135.1362639
10770,186.4832001,10.02725983,687.3047485,138.7672622
10771,186.7719879,-3.538786888,681.0205078,124.009457
10772,186.4832001,1.041085005,687.3049927,131.4364188
10773,186.326767,-3.447919607,687.2185059,127.9739434
10774,185.8011169,9.953738213,699.7210083,146.0098339
10775,185.6519775,14.36817741,699.571167,149.3237089
10776,185.2232208,14.26255798,711.9087524,156.9373023
10777,184.979187,18.6174221,711.7037354,160.0767079
10778,184.6359558,22.96549225,711.4868164,163.2520182
10779,183.4574585,31.44407272,723.255249,177.5751034
10780,183.9816437,27.14189911,723.5344849,174.2791704
10781,184.4099426,22.83316994,723.7990112,171.1067968
10782,183.3709717,31.35931587,735.6447754,182.0162611
10783,182.7700653,35.64363861,735.3255615,181.9946937
10784,182.0517731,39.95153427,747.5540161,182.3390875
10785,182.7242279,35.66590118,747.9033203,182.4089626
10786,180.3793793,48.709095,759.6382446,182.3334915
10787,181.2083435,44.40766525,760.0265503,182.3894104
10788,181.9473724,40.10352707,760.3959351,182.4510799
10789,178.2649689,57.71342087,772.0133057,182.2931591
10790,180.1335449,49.04496765,772.8276978,182.3888637
10791,179.2440948,53.3801918,772.4298706,182.3399982
10792,178.0646057,57.97457886,778.770874,182.3167343
10793,176.7389984,62.65023422,785.222168,182.2951492
10794,177.7712708,58.27117157,785.6370239,182.335641
10795,176.3569336,63.00815964,792.2144165,182.3125102
10796,175.2568054,67.41231537,791.7956543,182.275463
10797,173.609436,72.26482391,798.5028076,182.2577112
10798,172.3563843,76.69192505,798.0667114,182.2247202
10799,174.7744598,67.83416748,798.9223022,182.2916603
10800,171.7899323,77.21090698,805.3529663,182.2418008
10801,170.4767609,81.66468048,804.9199219,182.2115384
10802,169.0753937,86.11306763,804.4713745,182.1821878
10803,167.6190796,87.39185333,819.5159912,182.2149342
10804,166.2005157,91.89945221,819.0978394,182.1894689
10805,168.4251404,86.73348999,811.9281006,182.1998323
10806,164.6970978,96.39918518,818.6656494,182.1647965
10807,162.2597504,101.6886826,826.0147095,182.1576998
10808,163.8043518,97.16332245,826.4346924,182.1803151
10809,154.3867798,120.6445084,832.2410278,182.0935995
10810,153.4230652,121.6642303,840.414978,182.1100927
10811,156.263916,116.1419449,832.6889648,182.112206
10812,158.0047607,111.6155701,833.1188965,182.1314988
10813,159.6634674,107.0764389,833.5367432,182.1515157
10814,161.2411652,102.5257111,833.9420776,182.1722428
10815,147.1093597,132.9259644,856.3656616,182.1069442
10816,148.2794189,131.7547607,847.8758545,182.0926425
10817,150.3667145,127.2611313,848.3079834,182.1083521
10818,152.2830353,122.724411,848.7192383,182.1246268
10819,143.6717224,138.6536713,864.5843506,182.105828
10820,145.7586212,134.138443,864.977417,182.1195605
10821,142.2277985,139.9448547,873.3429565,182.1175719
10822,140.5976105,141.2775269,882.2119141,182.1278868
10823,138.7754059,142.6503906,891.1848145,182.1369031
10824,136.7551575,144.061203,900.2501221,182.1447413
10825,132.8317413,150.1899719,909.1270142,182.1411233
10826,134.5310822,145.5045013,909.3818359,182.1515062
10827,124.8342667,168.2660828,907.866394,182.1030006
10828,127.0073318,163.8558502,908.2178955,182.1120057
10829,126.0893021,164.7010498,912.8682251,182.1159114
10830,128.0743713,160.1863861,913.1783447,182.1250388
10831,129.9470062,155.6010895,913.4639893,182.1344879
10832,119.5005722,177.7749329,911.7967529,182.0904946
10833,121.7973785,173.5001526,912.1759033,182.0986407
10834,104.2999573,204.539032,952.7399902,182.0938469
10835,105.447258,202.3144684,953.0428467,182.0970971
10836,106.9054871,199.9571686,943.586853,182.0915343
10837,108.1782837,197.6384888,934.0744629,182.0850505
10838,110.5571365,193.301178,924.8011475,182.0809971
10839,113.5521164,188.0962524,920.4876709,182.0839837
10840,109.9975662,194.4029083,929.5712891,182.0847885
10841,116.495842,182.9399109,916.128479,182.0870595
10842,101.5535812,209.2575073,961.7550659,182.0954335
10843,102.7316971,206.9797211,962.1148071,182.098655
10844,99.87567902,211.771347,971.0219116,182.0995623
10845,98.6497345,214.0997314,970.5935669,182.0963579
10846,97.30800629,216.4143066,970.0976562,182.0931008
10847,95.84831238,218.7081909,969.5338745,182.0897909
10848,94.26914978,220.9742432,968.9023438,182.0864287
10849,92.57318878,223.2028503,968.2061768,182.0830211
10850,90.80665588,225.3684082,967.4755859,182.0796371
10851,88.98662567,227.4607697,966.7208862,182.0762988
10852,87.11688995,229.4759979,965.9434814,182.0730077
10853,85.20239258,231.4104767,965.145813,182.0697667
10854,83.24726868,233.261795,964.3294067,182.0665762
10855,81.25674438,235.0285339,963.496582,182.0634379
10856,79.23625946,236.7106323,962.6496582,182.0603529
10857,77.18991852,238.3094177,961.7902832,182.0573201
10858,65.06904602,248.1821442,965.6566162,182.0471017
10859,67.23242188,246.9720001,966.6431274,182.0499072
10860,69.37181091,245.6882324,967.6149902,182.0527399
10861,75.65611267,241.3646851,970.451355,182.0614605
10862,73.58348083,242.8878784,969.5186157,182.0585111
10863,71.48852539,244.3279266,968.5732422,182.0556059
10864,52.27180862,256.4346008,968.4851685,182.0373141
10865,56.75416565,254.3961639,970.6662598,182.0426738
10866,61.19745255,252.2893829,972.8270874,182.0481175
10867,63.39862442,251.1881256,973.8972778,182.0508711
10868,45.94033432,261.2173157,973.9552612,182.0355267
10869,50.47079468,259.2877502,976.2871704,182.0407673
10870,47.33177567,268.3815613,1009.310974,182.0562947
10871,51.20848846,262.9617615,994.164917,182.0517475
10872,53.11277008,260.1539307,986.4356689,182.0490594
10873,43.49070358,273.4680481,1024.041016,182.0600087
10874,34.29528427,276.8798218,1017.987488,182.0501128
10875,25.05301857,280.1968689,1011.907837,182.0403849
10876,17.73422432,281.0847473,999.0936279,182.0288168
10877,-40.37935257,300.5543518,968.9918823,181.9799678
10878,-45.06028366,301.8129883,965.9143066,181.9763323
10879,-47.39920044,302.4327393,964.375,181.9745551
10880,-49.74340439,303.0170593,962.8313599,181.9728012
10881,-52.13317871,303.3543396,961.2594604,181.9710399
10882,-54.55646515,303.4122925,959.6691284,181.969267
10883,-56.98855972,303.2173157,958.0771484,181.9674894
10884,-59.39902878,302.8570251,956.5002441,181.9657283
10885,-61.78347015,302.349823,954.9408569,181.963984
10886,-64.14144135,301.7019348,953.3995972,181.9622531
10887,-66.47045135,300.9189758,951.878479,181.9605343
10888,-68.76763153,300.0059509,950.3796997,181.9588266
10889,-71.03025055,298.967865,948.9052734,181.9571296
10890,-73.25595093,297.8104553,947.4573975,181.9554428
10891,-75.44242096,296.5393372,946.0378418,181.9537662
10892,-31.00763893,297.9597778,975.1438599,181.9875606
10893,-12.25543594,292.4567261,987.4325562,182.0039353
10894,-21.63015938,295.2608643,981.2910156,181.9955521
10895,-2.891799688,289.5471802,993.5672607,182.012641
10896,8.415574074,284.2048035,993.1693726,182.019512
10897,6.452539444,286.5328979,999.6934204,182.0216417
10898,210.6285858,-26.26317596,395.5500183,168.8468283
10899,204.6171417,-35.85204315,442.0916138,133.7535406
10900,198.1825714,-44.92276764,488.6333618,98.09272879
10901,191.3612976,-53.45752716,535.1749878,62.12549777
10902,184.1907806,-61.4407959,581.7166748,26.91803221
10903,176.7087555,-68.85955048,628.2583008,47.13786475
10904,167.5520782,-78.54220581,674.7999878,76.4824077
10905,167.5930023,-78.46541595,674.7999878,76.4951823
10906,168.9116364,-75.68312836,674.8000488,77.00377531
10907,169.5211182,-74.39691925,674.7999878,77.27200801
10908,165.3226318,-81.95835114,679.8108521,80.24889568
10909,158.4031219,-93.37836456,684.4478149,85.34622053
10910,160.7877502,-89.42802429,684.6113892,84.7397707
10911,163.0686493,-85.43029022,684.7731934,84.51341235
10912,155.9334106,-96.86933136,689.2373657,90.58308552
10913,147.8586121,-108.1790161,693.4494629,99.17854429
10914,150.6988373,-104.3367386,693.7363892,97.48181966
10915,153.4107513,-100.4573822,694.0314331,96.07147769
10916,144.9807587,-111.8857574,698.1824341,105.248599
10917,138.6665039,-119.5428925,702.6705933,113.9456482
10918,141.9804993,-115.7169037,702.9934082,111.6087645
10919,131.5957184,-127.341629,707.2946777,123.5636954
10920,135.313446,-123.5189285,707.578125,120.7593533
10921,123.5689774,-135.3209534,712.1190796,134.1163608
10922,127.7911911,-131.4754791,712.3486328,130.8572002
10923,114.3112717,-143.5422363,717.0650024,145.5840642
10924,119.1787949,-139.6356812,717.3076172,141.8521956
10925,101.6580124,-153.2445068,722.0293579,159.4870528
10926,99.29987335,-154.7542877,722.0444336,161.3937848
10927,104.1083603,-151.6162415,722.0669556,157.5669962
10928,109.2368011,-148.0161591,722.2780762,153.696912
10929,93.03623199,-159.2240143,728.0404053,170.7647759
10930,91.1440506,-160.2707367,728.286499,172.3916612
10931,97.20524597,-156.7875214,727.7240601,167.3197353
10932,95.05852509,-158.064621,727.8515625,169.071414
10933,84.83391571,-164.4291382,735.2553101,181.6706664
10934,88.07834625,-162.7379303,734.6749268,179.3729182
10935,78.37411499,-168.7810822,741.8424683,182.3465825
10936,81.93257141,-166.9319153,741.5762939,182.4288693
10937,71.16790771,-173.5776367,748.1385498,182.2148926
10938,75.17861938,-171.5818634,748.0455322,182.2878297
10939,64.15736389,-179.710556,760.8948364,182.1846234
10940,68.42102814,-177.699646,760.762085,182.2435695
10941,57.10824585,-186.1017761,774.3259277,182.1736224
10942,61.48239517,-184.2469788,774.1156006,182.2209616
10943,54.37889099,-190.9487305,788.0424805,182.2068879
10944,51.51321793,-196.1439667,802.1169434,182.229261
10945,46.96541595,-197.7235565,802.2714233,182.1957207
10946,42.36014938,-199.1418457,802.4455566,182.1639654
10947,37.70243454,-200.3973389,802.6355591,182.133939
10948,32.9966774,-201.4886169,802.8378906,182.1055817
10949,24.20153618,-205.319809,809.94104,182.0834756
10950,19.37400627,-205.9507294,810.0932007,182.0600958
10951,18.63216782,-203.7647705,803.5021362,182.0297304
10952,13.77462769,-204.1869659,803.7379761,182.007461
10953,8.888506889,-204.4389038,803.9804688,181.9866164
10954,28.99285507,-204.5201569,809.7949829,182.1081575
10955,3.977173567,-204.5193024,804.2301636,181.9671209
10956,-0.9560793042,-204.427002,804.4874268,181.948926
10957,-5.174642563,-206.5326538,810.9393311,181.9620477
10958,-19.41696358,-207.3566132,817.4891357,181.9433945
10959,-14.43704033,-208.0797424,817.3695679,181.9578562
10960,-9.46276474,-208.6246033,817.2602539,181.9732598
10961,-23.76998138,-209.1703339,823.4786987,181.9541827
10962,-47.2376709,-206.6767273,828.8430786,181.9197627
10963,-42.50751877,-207.9082794,828.9693604,181.9296797
10964,-32.99977493,-210.0115662,829.2087402,181.9515023
10965,-37.74741745,-209.0214691,829.0984497,181.940301
10966,-28.17082977,-211.0021515,829.2787476,181.9635262
10967,-84.51686096,-209.7832794,854.22229,181.9370461
10968,-82.47292328,-211.1687317,854.5610962,181.9412311
10969,-80.37918091,-212.4755096,854.9080811,181.9454632
10970,-76.05523682,-214.8477173,855.6242676,181.9540585
10971,-78.23882294,-213.7022095,855.2626953,181.949741
10972,-51.49697495,-208.3956757,833.9768066,181.9293583
10973,-55.81518173,-210.0985565,838.8861694,181.9375958
10974,-60.20034027,-211.7498627,843.5564575,181.9445631
10975,-64.65997314,-213.3078613,847.9744263,181.9503313
10976,-69.20313263,-214.7246552,852.1253662,181.9549503
10977,-73.84687042,-215.9432373,855.9899292,181.958444
10978,-86.42604065,-240.1078796,892.6054077,182.0234544
10979,-85.38787842,-237.1807098,888.4797363,182.0170081
10980,-84.42778015,-234.199295,884.3563843,182.0100725
10981,-83.55382538,-231.1715088,880.2261353,182.002615
10982,-82.77232361,-228.1052704,876.0809326,181.9946054
10983,-82.08835602,-225.0084686,871.9138184,181.9860168
10984,-81.50561523,-221.8891296,867.7185669,181.976826
10985,-84.73455048,-212.8326416,858.4797363,181.9479339
10986,-81.02618408,-218.7551727,863.4893799,181.9670128
10987,-80.65102386,-215.614624,859.2205811,181.9565618
10988,-82.72103119,-214.2633667,858.8428345,181.9522214
10989,-91.26390839,312.125,987.2944336,181.9646273
10990,-93.11242676,310.1695557,985.9066162,181.9629341
10991,-89.66542053,310.6357727,981.6159058,181.9633016
10992,-94.86029053,308.0814819,984.59198,181.9612544
10993,-96.50244141,305.8709106,983.3543091,181.9595857
10994,-95.77800751,305.2509155,980.4615479,181.9589483
10995,-88.03374481,308.9459839,976.0317993,181.9619138
10996,-84.3372879,308.7095337,972.0189819,181.9621391
10997,-82.60365295,306.5941162,966.6217041,181.9606171
10998,-80.84221649,304.3091736,961.3291626,181.9590263
10999,-79.05737305,301.8648987,956.1382446,181.9573598
11000,-77.25510406,299.2715454,951.0435791,181.9556096
11001,-86.03320312,310.6452637,977.5089722,181.9635968
11002,-116.127861,235.1308746,996.7529297,181.925501
11003,-117.7042007,223.150589,995.6077881,181.9205322
11004,-114.5179901,247.1285095,997.9526367,181.9306909
11005,-112.8698349,259.1507874,999.208374,181.9363422
11006,-110.2551727,277.224762,1001.243469,181.9453397
11007,-111.1773758,271.2036133,1000.522583,181.9422278
11008,-107.6449203,289.1419983,999.600647,181.9515146
11009,-106.1998825,294.9415283,1000.720947,181.9548514
11010,-108.9269867,283.2473145,998.6005249,181.9482469
11011,-104.5997086,300.6224365,1001.952515,181.9582488
11012,-104.0806198,300.5075684,998.730957,181.9578285
11013,-103.5508423,300.3327637,995.545105,181.9573695
11014,-101.3244934,302.4383545,990.1505127,181.9580203
11015,-101.9305496,302.7661743,993.2243042,181.9585487
11016,-98.71224213,304.0782471,985.1439209,181.9585376
11017,-99.38239288,304.5549622,988.1203613,181.959124
11018,-119.8914795,211.0920868,1001.603394,181.9162538
11019,-121.4918671,200.8418732,1004.556396,181.912731
11020,-120.2565994,211.0050049,1005.452271,181.9163528
11021,-123.0582199,-175.9219666,1003.419739,181.9737556
11022,-122.9271164,-177.1585693,1003.514893,181.9750099
11023,-121.3110657,-191.3044586,1004.687683,181.9897719
11024,-121.6958313,-187.936264,1004.408508,181.9861216
11025,-119.8082047,-203.5874023,1005.778198,182.0034063
11026,-120.2549286,-199.9362946,1005.453918,181.9992373
11027,-118.0988388,-216.7190857,1007.016785,182.0187801
11028,-118.7236786,-211.9191132,1006.564026,182.0130255
11029,-117.1102448,-223.8866119,1007.731689,182.0274435
11030,-115.4197617,-235.8424377,1008.95105,182.0422418
11031,-116.1894608,-230.5629272,1008.397583,182.0356781
11032,-114.1320801,-244.6758575,1009.877075,182.0535223
11033,-113.6550217,-247.7881012,1010.218994,182.0575312
11034,-109.257988,-269.2006836,994.7029419,182.0828571
11035,-108.927597,-272.1789246,998.6082764,182.0874588
11036,-109.1770172,-272.1287231,1002.089355,182.0879989
11037,-110.660408,-265.9013672,1008.4151,182.0807861
11038,-112.212532,-257.1983643,1011.252502,182.0697958
11039,-111.8060226,-259.7219238,1011.54541,182.0731252
11040,-110.8460007,-265.6827393,1012.237183,182.0810713
11041,-108.0891266,-272.0075378,988.4380493,182.085455
11042,-106.7011566,-274.5410156,982.4779663,182.0877907
11043,-105.0569611,-276.7676697,976.8344727,182.0898871
11044,-103.1294937,-278.6568298,971.5103149,182.0917712
11045,-100.8999252,-280.180542,966.5010376,182.0934746
11046,-99.72543335,-278.844696,960.7970581,182.0911384
11047,-98.48461151,-277.3267822,955.2570801,182.0886571
11048,-97.19238281,-275.6356506,949.8887329,182.0860269
11049,-95.85403442,-273.7803345,944.6850586,182.0832421
11050,-94.47542572,-271.7696838,939.6373291,182.0802947
11051,-93.06383514,-269.6126709,934.7346191,182.0771728
11052,-91.62770844,-267.3182678,929.9650269,182.0738609
11053,-90.17657471,-264.8954163,925.3145752,182.0703395
11054,-88.72116089,-262.3530579,920.7684937,182.0665846
11055,-87.71903229,-255.0875549,910.9996948,182.0537966
11056,-87.27278137,-259.7001953,916.3110352,182.0625685
11057,-85.84345245,-256.9456787,911.9263916,182.0582597
11058,-86.92948914,-247.6552124,901.6433716,182.0394926
11059,-86.36711884,-252.311264,906.7001343,182.0490907
11060,-85.05570221,-249.4502411,902.4468384,182.0440241
11061,-85.71525574,-244.7890472,897.4532471,182.0339737
11062,-84.56208038,-241.8539429,893.2852173,182.0280264
11063,206.4264069,-25.62722588,442.0917053,139.8930604
11064,202.2242432,-24.99130249,488.6333923,111.6844514
11065,198.0220947,-24.35535049,535.1750488,84.76622941
11066,193.8199615,-23.71940041,581.7167358,62.22033879
11067,189.6178131,-23.08344841,628.2583618,82.00120927
11068,186.0678406,-17.35115051,674.7999878,109.708279
11069,186.5542755,-13.19342804,674.7999878,113.0544892
11070,186.6011505,-12.79279518,674.7999878,113.3533477
11071,186.7099915,-11.86257553,674.7999878,114.0273225
11072,186.5000916,-8.067786217,680.9718628,120.421439
11073,186.4362335,5.534172535,688.8623047,136.020925
11074,186.0627441,-7.930874348,687.1276245,124.6019133
11075,185.8747864,5.534172535,699.8640747,142.9156514
11076,185.8010864,1.114607334,699.7214966,139.5425087
11077,185.651947,-3.299831867,699.5716553,136.1754795
11078,185.3995514,-7.708042145,699.4134521,132.9134242
11079,185.3679657,9.901286125,712.1021729,153.8364054
11080,185.720108,5.534172535,702.8947754,144.762777
11081,185.1210785,9.868384361,724.5043945,162.1859262
11082,184.9797668,14.19630718,724.2837524,165.0640583
11083,184.7426605,18.51794243,724.0487061,168.0339588
11084,183.8785706,27.06962967,735.9470215,182.1404907
11085,184.2934418,22.77442932,736.2322998,179.127783
11086,184.6159058,18.47347641,736.5004883,176.1717044
11087,183.7966614,27.08223534,748.5464478,182.6762859
11088,183.3056488,31.37624359,748.2341309,182.5179569
11089,182.5973969,35.79661179,760.7459106,182.5202617
11090,183.1591644,31.48651123,761.0765381,182.5979451
11091,180.9345398,44.70765686,773.206543,182.4400477
11092,181.6482544,40.36822891,773.56604,182.4938016
11093,182.275589,36.02656937,773.9058838,182.5501422
11094,179.0266266,53.61875916,779.178772,182.361128
11095,179.9005585,49.26106262,779.5679932,182.4071594
11096,180.6873932,44.90143204,779.9381714,182.4548749
11097,178.7159119,53.89019775,786.0337524,182.3774047
11098,177.3698578,58.60152817,792.6156006,182.3506123
11099,178.2966766,54.19296265,792.9985352,182.3897333
11100,175.852829,63.40038681,799.3248291,182.3265343
11101,176.8457489,58.96401596,799.7098389,182.3622903
11102,174.156723,68.29067993,806.1710205,182.3049185
11103,173.0162506,72.75271606,805.7702637,182.2729404
11104,175.212616,63.82522202,806.5551758,182.3376937
11105,172.2753601,73.27536011,813.1633301,182.2855244
11106,171.076828,77.76647949,812.7670288,182.2561698
11107,169.793808,82.25279999,812.3551636,182.2275935
11108,167.9446869,83.53588104,827.612854,182.2525116
11109,166.6459656,88.0860672,827.2341919,182.2277466
11110,168.9535675,82.87725067,819.9196777,182.2411636
11111,165.2660675,92.62880707,826.8412476,182.2036718
11112,162.7385864,97.96434784,834.3347168,182.1936638
11113,164.1566467,93.39350891,834.7142334,182.2157582
11114,155.2362671,117.1261368,840.8338623,182.1278001
11115,154.0292816,118.1491623,849.1078491,182.1414633
11116,156.9163513,112.5629883,841.234314,182.1461377
11117,158.51828,107.9869003,841.6229248,182.1651354
11118,160.0429382,103.3989487,841.9993286,182.1847802
11119,161.4911194,98.8000946,842.3633423,182.2050566
11120,147.6845398,129.5719757,865.3493042,182.1337827
11121,149.1180573,128.39711,856.7682495,182.1218962
11122,150.9603729,123.823288,857.1489258,182.1373726
11123,152.6363373,119.2091141,857.5060425,182.1533708
11124,144.2218018,135.3907013,873.7055054,182.1306398
11125,146.0605164,130.7840424,874.0456543,182.1441645
11126,142.4937744,136.6812592,882.5428467,182.1403215
11127,140.5687866,138.0086212,891.4831543,182.1487379
11128,138.4408722,139.3703461,900.5151978,182.1560117
11129,136.1043701,140.7613983,909.612793,182.1622453
11130,130.5248718,151.7159424,918.3291016,182.1473371
11131,132.1000061,146.9743805,918.5487671,182.1572957
11132,133.5570526,142.1760864,918.7450562,182.1675452
11133,123.9953613,169.1406097,912.5336914,182.1071121
11134,123.1095123,170.026062,917.2084961,182.110951
11135,125.1233139,165.555954,917.5253296,182.1195559
11136,127.03302,161.0111847,917.817688,182.1284851
11137,128.8346252,156.3963928,918.0854492,182.1377453
11138,118.7903519,178.7227631,916.5072021,182.0947041
11139,120.9966202,174.416626,916.8684082,182.1026676
11140,103.8070831,204.697937,962.4157715,182.1018293
11141,104.782608,202.4160309,962.6596069,182.1049592
11142,106.5025558,200.0880585,953.2949829,182.1003066
11143,108.0400848,197.7848053,943.845459,182.0948323
11144,109.3917465,195.5185242,934.3378906,182.088426
11145,112.9481735,189.1399384,925.2460938,182.0879659
11146,115.8363724,183.9340668,920.8638306,182.0911612
11147,112.2981262,190.1973267,930.0039673,182.0916707
11148,110.5319214,193.3941498,934.5650635,182.0917861
11149,100.9885941,209.4346008,971.3839722,182.102716
11150,101.9912567,207.0949402,971.6809692,182.1058207
11151,99.08010864,211.8908997,980.5256958,182.1061154
11152,98.03375244,214.2864838,980.1638794,182.103026
11153,96.86722565,216.6739349,979.7296143,182.0998856
11154,95.57777405,219.0471039,979.2217407,182.0966922
11155,94.16311646,221.3984985,978.6397705,182.0934451
11156,92.62140656,223.720459,977.9837036,182.0901441
11157,90.95536804,226.0026093,977.2565308,182.0867956
11158,89.2134552,228.2179871,976.4902344,182.0834678
11159,87.41351318,230.3559418,975.6956787,182.0801826
11160,85.55950928,232.4118958,974.8745117,182.0769418
11161,83.65660095,234.3820648,974.0292969,182.0737477
11162,81.70913696,236.2634277,973.1617432,182.0706012
11163,79.72299194,238.054184,972.2745972,182.0675042
11164,77.7038269,239.7542877,971.3705444,182.0644576
11165,65.57118225,249.997467,974.9512329,182.0536472
11166,67.71841431,248.7268219,975.9891968,182.0564488
11167,69.84149933,247.3732605,977.0119019,182.0592818
11168,76.06261444,242.7814331,979.9898682,182.0680201
11169,74.0154953,244.4042816,979.0128784,182.0650634
11170,71.94083405,245.9335632,978.0198364,182.0621517
11171,54.9678154,257.295105,978.6020508,182.0460717
11172,59.42972946,255.2411804,980.8980713,182.0514586
11173,61.64118195,254.1669312,982.0358887,182.0541811
11174,63.82297897,252.9962311,983.15625,182.0569249
11175,48.06944275,271.7284851,1027.05603,182.0650136
11176,51.87004089,266.5415039,1012.108582,182.0614299
11177,55.70807648,261.0153809,996.7210083,182.0570014
11178,57.59336853,258.153656,988.8636475,182.0543953
11179,46.22527313,274.1663818,1034.359741,182.0665551
11180,41.6257019,275.8592224,1031.246826,182.0616356
11181,32.39776993,279.194458,1025.002808,182.0518732
11182,23.13479233,282.4585266,1018.738892,182.0422619
11183,15.76989269,283.4154663,1005.808105,182.03089
11184,-42.26018906,303.157959,974.6175537,181.9819024
11185,-46.93671036,304.4897156,971.456604,181.9782392
11186,-49.27366257,305.148468,969.8758545,181.9764477
11187,-51.6162262,305.7729187,968.2906494,181.9746796
11188,-54.00387192,306.1491089,966.6763916,181.9729089
11189,-56.42446136,306.2442932,965.0428467,181.9711318
11190,-58.85366058,306.0832825,963.4067383,181.9693535
11191,-61.26343155,305.7436523,961.7842407,181.9675908
11192,-63.6479187,305.2437134,960.1790771,181.9658438
11193,-66.00482178,304.5910339,958.5931396,181.96411
11194,-68.33060455,303.7928162,957.0290527,181.9623882
11195,-70.62158203,302.8554077,955.4896851,181.9606777
11196,-72.87453461,301.7849731,953.977478,181.9589779
11197,-75.08657074,300.5881042,952.4946899,181.9572885
11198,-32.90002823,300.4364014,980.9367065,181.9895447
11199,-4.818296432,291.7995605,999.8694458,182.0146733
11200,-14.17269421,294.7575684,993.5634155,182.005976
11201,-23.5353775,297.6365356,987.2521362,181.9975568
11202,4.521543026,288.7629089,1006.168945,182.0236494
11203,13.84108639,285.6487427,1012.459656,182.0328282
11204,200.4519348,-35.00741577,488.6333618,104.812071
11205,194.0645752,-43.87158203,535.1749878,69.47356247
11206,187.3009186,-52.2023735,581.7166138,35.63916397
11207,180.1979828,-59.98483276,628.2583618,53.10620437
11208,171.3232269,-70.59456635,674.7999878,78.7072692
11209,171.4703674,-70.24267578,674.8000488,78.8351504
11210,172.747757,-67.18721771,674.8000488,79.9012518
11211,173.240509,-66.00844574,674.7999878,80.32324458
11212,167.4148407,-77.87934113,679.8936157,80.79013275
11213,169.4042053,-73.75507355,679.9752197,81.81024811
11214,165.2451324,-81.38758087,684.9328613,84.74882159
11215,158.4125977,-92.94281769,689.4731445,89.68546254
11216,160.7851105,-88.97115326,689.706604,89.20535649
11217,163.0507355,-84.95671844,689.9372559,89.12197235
11218,155.9973297,-96.54280853,694.3306274,94.97605615
11219,147.9683228,-108.0379028,698.5097046,103.3732665
11220,150.8164978,-104.1554794,698.8521729,101.7948515
11221,153.5284119,-100.2411652,699.2036133,100.5221386
11222,145.1325684,-111.8595886,703.34552,109.5531845
11223,138.8354797,-119.6727448,707.9041748,118.2444475
11224,142.1741791,-115.8009949,708.2669678,116.0399502
11225,131.7667236,-127.621933,712.6173706,127.8701735
11226,135.5211945,-123.7516708,712.9337769,125.1698
11227,123.7333984,-135.7391205,717.5422974,138.4077934
11228,128.0024567,-131.8467407,717.8009033,135.2892534
11229,114.4713669,-144.0783386,722.5904541,149.8279346
11230,119.3919144,-140.1283722,722.8631592,146.2108535
11231,101.8373337,-153.87117,727.651062,163.6658449
11232,99.46792603,-155.3901215,727.6577759,165.5168213
11233,104.3021011,-152.2318115,727.6992798,161.7810485
11234,109.4670868,-148.6035767,727.9367065,157.9916823
11235,93.34641266,-159.8827515,733.8024902,174.9175697
11236,91.45670319,-160.9358673,734.045166,176.5276086
11237,97.51661682,-157.4324188,733.4976196,171.5582373
11238,95.36829376,-158.7166748,733.6185913,173.2617818
11239,85.30014038,-165.1566925,741.1633301,182.4146399
11240,88.53542328,-163.4399414,740.5889282,182.0192732
11241,78.95981598,-169.6231384,747.894165,182.3561343
11242,82.51097107,-167.7349396,747.6325684,182.4139147
11243,72.58879852,-175.6251373,760.6745605,182.3049601
11244,76.58117676,-173.5345001,760.5911255,182.36655
11245,65.78858948,-182.2442474,773.9673462,182.2713536
11246,70.0308609,-180.1302643,773.8620605,182.3245533
11247,58.80712891,-189.1464386,787.8486938,182.2477017
11248,63.16765594,-187.1914978,787.6995239,182.2906424
11249,55.99900436,-194.4045715,801.9867554,182.2646524
11250,52.25747299,-198.0351257,809.2073975,182.2530086
11251,47.71172333,-199.6590576,809.2982788,182.2210311
11252,43.10759354,-201.121048,809.4055786,182.1905972
11253,38.45008469,-202.4195404,809.5258789,182.1616699
11254,33.74379349,-203.5529938,809.656189,182.1342055
11255,24.8837719,-207.5413361,816.6808472,182.1099178
11256,20.05475235,-208.2129669,816.7495117,182.0870937
11257,14.51408291,-206.4117126,810.2503662,182.0380342
11258,15.19333744,-208.7141724,816.8218994,182.0654199
11259,9.625697136,-206.7015686,810.4130859,182.0172453
11260,4.712367058,-206.8191376,810.581665,181.997679
11261,29.67634201,-206.7005005,816.6168213,182.1339161
11262,-0.2222418189,-206.7632294,810.756897,181.9792933
11263,-4.497742653,-208.9923401,817.15979,181.9896342
11264,-18.79582405,-210.0286102,823.4478149,181.9680763
11265,-13.82157803,-210.708313,823.4273682,181.9827952
11266,-8.851325035,-211.2104187,823.4158325,181.9983659
11267,-23.21613503,-211.983078,829.3436279,181.976813
11268,-46.80526733,-209.7287598,834.1937256,181.9390476
11269,-42.06455231,-210.9467468,834.4177856,181.9493972
11270,-32.52830124,-213.01091,834.855896,181.9718962
11271,-37.29359055,-212.0421295,834.6445312,181.9603823
11272,-27.69184685,-213.962616,835.0356445,181.9842577
11273,-76.3549881,-218.0720367,860.0174561,181.9653926
11274,-78.5276947,-216.8846436,859.6124268,181.960953
11275,-51.16795731,-211.5440369,839.1991577,181.9470826
11276,-55.5994873,-213.3238373,843.9690552,181.9538793
11277,-60.10707474,-215.029007,848.4896851,181.9595097
11278,-64.69764709,-216.6141205,852.7476807,181.9640303
11279,-69.38066101,-218.0272827,856.7289429,181.9674795
11280,-74.15128326,-219.2071686,860.4324951,181.9699093
11281,-83.48049927,-238.8582001,889.1278076,182.0216135
11282,-82.4799881,-235.8100433,884.9707642,182.0146992
11283,-81.56851196,-232.7177582,880.8052979,182.0072493
11284,-80.75261688,-229.5895844,876.6237183,181.9992312
11285,-80.03767395,-226.4338684,872.4192505,181.9906155
11286,-79.42721558,-223.2588806,868.1862183,181.981378
11287,-78.92364502,-220.0730286,863.9189453,181.9714956
11288,-90.92103577,315.2722473,994.5053711,181.9676164
11289,-92.83428192,313.4034119,993.067749,181.9658934
11290,-89.31986237,313.9368591,988.7515869,181.9663319
11291,-95.60491943,308.6833191,987.4945068,181.9618758
11292,-96.34172058,309.2310791,990.4241333,181.9624853
11293,-94.64305878,311.3857117,991.7059326,181.9641848
11294,-87.69226837,312.3910828,983.0863037,181.9649934
11295,-97.21765137,306.4379883,986.2761841,181.9602005
11296,-83.95746613,312.2017822,979.0407715,181.965291
11297,-82.24228668,310.2166443,973.5462036,181.9638274
11298,-80.49016571,308.0524597,968.1380615,181.9623016
11299,-78.7102356,305.7194519,962.8289795,181.9607085
11300,-76.9070282,303.2278748,957.6162109,181.9590404
11301,-85.63665009,313.997467,984.6166382,181.9666963
11302,-118.3683701,223.0779877,1002.701416,181.9208598
11303,-116.7696991,235.0520172,1003.860962,181.9258234
11304,-115.1111832,247.0258179,1005.079407,181.93107
11305,-113.3904953,259.002533,1006.357178,181.9367011
11306,-109.176445,283.1972656,1002.081543,181.9485422
11307,-109.6320648,282.9305725,1009.180176,181.9489702
11308,-110.6599655,276.9701233,1008.406738,181.9457522
11309,-111.6046829,270.9848022,1007.695679,181.9426291
11310,-107.9530029,289.1066895,1003.027466,181.951825
11311,-106.5951233,294.9393616,1004.072693,181.9551905
11312,-103.1138992,303.2467041,999.4720459,181.9595237
11313,-103.6920929,303.3972778,1002.646118,181.9599666
11314,-105.1087112,300.6758423,1005.2099,181.9586296
11315,-102.5268478,303.0360107,996.331543,181.9590495
11316,-100.0431519,304.9761353,991.1281128,181.9596884
11317,-100.6951065,305.3405457,994.1671143,181.9602301
11318,-97.92405701,306.9507141,989.2271118,181.9607968
11319,-119.9466248,213.5550079,1005.677002,181.9173264
11320,-118.7275848,222.9883423,1006.559875,181.9209711
11321,-108.6633835,-272.1748352,995.1726074,182.0868561
11322,-107.3228149,-278.0514526,996.2246704,182.0948638
11323,-108.0176468,-275.1258545,995.6804199,182.0908585
11324,-107.645607,-278.0736389,999.6082764,182.095496
11325,-107.9536591,-278.038269,1003.035278,182.0960632
11326,-109.6325836,-271.8617554,1009.188416,182.088832
11327,-108.2473907,-277.9443054,1006.505737,182.0965511
11328,-110.6346588,-266.9945374,1012.389404,182.0828437
11329,-107.3913498,-274.9395142,988.9898071,182.0894347
11330,-105.8770599,-277.4078979,983.1241455,182.0917429
11331,-104.0892792,-279.546936,977.5827637,182.0938099
11332,-102.0050125,-281.3253479,972.3644409,182.0956673
11333,-100.2121658,-283.3472595,970.3511353,182.0984654
11334,-99.61061859,-282.7185669,967.4616089,182.0973548
11335,-98.99276733,-282.041687,964.6098633,182.0962136
11336,-98.35823822,-281.3177185,961.7957764,182.095037
11337,-97.70722961,-280.5478516,959.0200806,182.0938317
11338,-95.67988586,-277.9742432,950.9395752,182.0899983
11339,-97.04322052,-279.7332153,956.2857666,182.0925886
11340,-94.27349854,-276.0499878,945.7507935,182.0872629
11341,-92.83002472,-273.9696045,940.7108765,182.0843729
11342,-91.35661316,-271.7423096,935.8095093,182.0813156
11343,-89.86190796,-269.3773499,931.0349121,182.0780741
11344,-88.3554306,-266.8838806,926.3735962,182.0746276
11345,-86.84786224,-264.2711792,921.8110962,182.0709506
11346,-85.35071564,-261.5483398,917.3319702,182.0670133
11347,-84.44552612,-254.0984802,907.5988159,182.0536236
11348,-83.876091,-258.7246399,912.9207153,182.0627826
11349,-82.43634033,-255.8091888,908.5618896,182.058222
11350,-83.79695129,-246.5131073,898.2254028,182.0385594
11351,-83.09130859,-251.16745,903.3135376,182.0486221
11352,-81.79295349,-248.161499,899.0567017,182.0432157
11353,-82.60227966,-243.5083923,894.0232544,182.0326586
11354,-81.48228455,-240.4446869,889.8291016,182.026281
11355,196.2866669,-34.16281891,535.1749268,77.02918874
11356,192.1214752,-33.31816101,581.7166748,53.26717269
11357,187.9561768,-32.47356415,628.2583008,74.34144964
11358,184.724884,-26.42863846,674.7999878,103.2420316
11359,185.3807831,-22.44177437,674.7999878,106.3286442
11360,185.4698944,-21.89996719,674.8000488,106.7177247
11361,185.6976929,-20.51496506,674.7999878,107.6713924
11362,185.6273041,-17.09926033,680.8676758,113.8102708
11363,186.1184845,-12.58867931,680.9208984,117.2328716
11364,185.6913147,-12.40605068,687.0321655,121.2976513
11365,185.0441589,-12.10889149,699.2468872,129.7328793
11366,185.2232819,-3.194212437,711.9094849,144.6839099
11367,185.3679352,1.167059422,712.1028442,147.846603
11368,185.4468536,5.534172535,712.2850342,151.0424497
11369,184.9791718,-7.549106598,711.7044067,141.594259
11370,184.6358948,-11.89714622,711.4874878,138.584204
11371,185.2812958,5.534172535,717.972168,154.7623591
11372,184.983429,9.853602409,736.9863892,170.9672862
11373,185.1975861,5.534172535,724.7109985,159.5614381
11374,184.8459167,14.16662407,736.75177,173.501972
11375,184.1978149,22.78357887,748.8400269,182.8936908
11376,184.5095367,18.4798851,749.1151123,183.1498079
11377,184.7316895,14.17070675,749.371521,182.0388758
11378,184.0199738,22.85516357,761.6791382,182.7658688
11379,183.6332092,27.17286491,761.3876953,182.6819727
11380,182.8173676,31.6822834,774.2259521,182.60866
11381,183.27388,27.33486938,774.526062,182.6683321
11382,181.3882599,40.53983307,780.2889404,182.5042482
11383,182.0040894,36.17608643,780.6199951,182.5551021
11384,182.5355835,31.80983734,780.9313354,182.6070452
11385,179.5738525,49.50735092,786.4116821,182.4204245
11386,180.3463287,45.12262344,786.770752,182.4646504
11387,181.0341492,40.7359314,787.1105347,182.5099683
11388,179.1385345,49.78242493,793.3630981,182.4298202
11389,177.754364,54.52546692,800.0770874,182.3988739
11390,178.5796814,50.08473969,800.4260864,182.4362153
11391,176.1849823,59.35689926,806.9221191,182.3712139
11392,177.0749359,54.88607407,807.2716064,182.4054187
11393,174.4230042,64.28086853,813.9074097,182.3464003
11394,173.3903809,68.77997589,813.5435791,182.3156167
11395,175.374176,59.77845383,814.2545776,182.3778225
11396,172.4632568,69.30011749,821.0401001,182.3240882
11397,171.3746796,73.83069611,820.6820679,182.2957794
11398,170.2051086,78.3565979,820.3085327,182.2681244
11399,167.9417114,79.63213348,835.7713623,182.2858463
11400,166.757431,84.22657776,835.4329224,182.2618763
11401,169.1634064,78.97919464,827.9771729,182.2779366
11402,165.4960785,88.81396484,835.0805054,182.2385044
11403,162.8633423,94.19128418,842.7147217,182.225946
11404,164.1602478,89.57335663,843.0531006,182.247427
11405,155.6459045,113.5477142,849.4776611,182.1588797
11406,154.1867218,114.5676651,857.8444214,182.1699052
11407,157.1883545,108.9331207,849.8358765,182.1768986
11408,158.6576691,104.3063431,850.182373,182.1955084
11409,160.0541992,99.66832733,850.5169067,182.2146941
11410,161.3783417,95.02002716,850.8391113,182.2344375
11411,147.7431641,126.129509,874.3624268,182.1581463
11412,149.4488983,124.958931,865.6983643,182.1484933
11413,151.0515137,120.3039856,866.0233765,182.1636909
11414,152.5326385,115.6207962,866.3295288,182.1793845
11415,144.2408752,132.0316162,882.8505249,182.1531846
11416,145.8376312,127.3331909,883.1343994,182.1664775
11417,142.2197418,133.3130341,891.7579346,182.1609751
11418,139.990921,134.6257019,900.7564087,182.167662
11419,137.5495453,135.9648438,909.8203735,182.1733419
11420,134.8935242,137.3252258,918.918457,182.17813
11421,129.294693,152.4881744,922.9344482,182.1500872
11422,127.6721268,157.1983948,922.7090454,182.140729
11423,130.7979431,143.608963,927.8822632,182.1720159
11424,129.4607697,148.46492,927.7213745,182.1621754
11425,132.022583,138.7015533,928.0211792,182.1821282
11426,122.1762238,170.9214783,921.887085,182.1145284
11427,120.1492462,175.3444672,921.5654297,182.1064251
11428,124.1090851,166.4195709,922.1855469,182.1229461
11429,125.9424057,161.843689,922.4595337,182.1316791
11430,118.0340881,179.6834717,921.2230225,182.098636
11431,102.8870316,204.7567596,971.914978,182.1088798
11432,103.6793518,202.4239655,972.0881348,182.1118968
11433,105.6617126,200.1376495,962.8486328,182.1080479
11434,107.468689,197.8628387,953.4981689,182.1034784
11435,109.0933609,195.6110229,944.0614624,182.098099
11436,115.1309586,184.9414368,925.6015625,182.0949881
11437,114.3792496,185.9609222,930.3378906,182.0985501
11438,111.6015854,191.2670441,934.7574463,182.0951285
11439,110.858223,192.3477325,939.5028076,182.0982973
11440,100.0095825,209.4931335,980.8167114,182.1091563
11441,100.8255692,207.0980377,981.0390625,182.1121525
11442,97.87466431,211.8800659,989.8042603,182.1119177
11443,97.01882935,214.3357697,989.5213013,182.1089353
11444,96.03997803,216.7897491,989.1621704,182.1059064
11445,94.93475342,219.2355652,988.7250366,182.1028283
11446,93.70016479,221.6664886,988.2085571,182.0996982
11447,92.33378601,224.0745087,987.6121216,182.0965152
11448,90.83359528,226.4512482,986.9355469,182.0932783
11449,89.20236969,228.7855377,986.1819458,182.0899935
11450,87.48986816,231.0499878,985.3842773,182.0867268
11451,85.71451569,233.2329407,984.553894,182.0834998
11452,83.88050842,235.3295441,983.692688,182.0803141
11453,81.99303436,237.3354797,982.8032227,182.077172
11454,80.05680847,239.2471771,981.8875732,182.0740746
11455,78.07802582,241.0626678,980.9488525,182.0710236
11456,65.97792816,251.7387543,984.2589722,182.0596924
11457,68.10670471,250.391449,985.3446655,182.0624894
11458,70.20932007,248.9513397,986.4133301,182.0653211
11459,76.33804321,244.0402832,989.5081177,182.0740623
11460,74.32897949,245.778717,988.4969482,182.0711052
11461,72.28462982,247.4150391,987.4647217,182.0681921
11462,59.81531143,257.1068726,990.067627,182.0570862
11463,62.00634766,255.9563751,991.2527466,182.0597957
11464,64.16868591,254.7117767,992.4185791,182.0625278
11465,48.51331711,273.2789307,1035.908447,182.0690211
11466,50.34595108,270.8164673,1028.555298,182.0675315
11467,54.12417221,265.577179,1013.498169,182.0640158
11468,57.94056702,259.9962769,997.9892578,182.0596473
11469,46.7369194,275.6209106,1043.136963,182.0704256
11470,44.43719482,276.4852295,1041.542847,182.0679984
11471,39.81610489,278.134613,1038.340088,182.0631533
11472,30.55428886,281.3983154,1031.921875,182.0535159
11473,21.26818275,284.6127319,1025.489624,182.0440267
11474,-44.11966324,305.6243286,980.270752,181.9837351
11475,-48.79388809,307.0235596,977.0342407,181.980046
11476,-51.13019562,307.7182007,975.4157104,181.9782408
11477,-53.47216797,308.3799133,973.7927856,181.9764591
11478,-55.85831833,308.7944031,972.1404419,181.9746796
11479,-58.27652359,308.9288635,970.4680786,181.9728985
11480,-60.70331192,308.8057861,968.7921143,181.97112
11481,-63.11335373,308.4901428,967.1280518,181.969356
11482,-65.49884796,307.9993896,965.4810181,181.9676069
11483,-67.8557663,307.3431702,963.854187,181.9658706
11484,-70.17919922,306.5301514,962.2511597,181.9641463
11485,-72.46481323,305.5681152,960.6751709,181.9624335
11486,-74.70851135,304.4647827,959.1293335,181.9607316
11487,-34.7660675,302.7858887,986.7419434,181.9914335
11488,-6.704336166,293.9433899,1006.138062,182.0166039
11489,2.63519001,290.8865051,1012.595276,182.0255615
11490,-16.053936,296.9457092,999.6761475,182.0079284
11491,-25.40936089,299.893219,993.2105103,181.9994453
11492,11.96061993,287.7759705,1019.04657,182.0346432
11493,189.9466705,-42.82039261,581.7167358,44.41145811
11494,183.2404938,-50.94721985,628.2583618,59.84588274
11495,174.6838684,-62.55602646,674.7999878,82.25978285
11496,174.9738464,-61.7600975,674.7999878,82.67397442
11497,176.1574707,-58.51146698,674.7999878,84.23649442
11498,176.5449829,-57.44794083,674.8000488,84.73631053
11499,177.6654968,-54.37239838,674.7999878,86.11550654
11500,178.0578766,-53.11655807,674.7999878,86.6937822
11501,171.289856,-69.58792877,680.0552979,83.22328549
11502,173.071167,-65.38036346,680.1337891,84.88406244
11503,167.3170319,-77.30223083,685.09021,85.3673267
11504,169.2840729,-73.17658997,685.2451172,86.45253277
11505,165.2097015,-80.90190887,690.164856,89.44581806
11506,158.466156,-92.59078217,694.6295166,94.23839698
11507,160.8253937,-88.59783173,694.925293,93.88567068
11508,163.0755005,-84.56633759,695.2174072,93.91471219
11509,156.1078033,-96.29681396,699.5593262,99.57618012
11510,148.1325836,-107.9698486,703.7211914,107.7880503
11511,150.9852295,-104.0498199,704.1132812,106.3247719
11512,153.6942139,-100.1022415,704.5147705,105.1768574
11513,145.3421936,-111.9014893,708.6610718,114.0879281
11514,139.0703278,-119.8611526,713.2947388,122.7684016
11515,142.4275513,-115.9480209,713.6942749,120.7968752
11516,132.0147095,-127.9490891,718.0995483,132.3971249
11517,135.7969055,-124.0372086,718.4472046,129.7946589
11518,123.9896927,-136.1904449,723.1265869,142.8764442
11519,128.2928772,-132.2586517,723.4138184,140.0314461
11520,114.7437668,-144.6315155,728.2802124,154.2337928
11521,119.6999817,-140.6474609,728.5827026,150.7517913
11522,99.7829361,-156.027298,733.4395142,169.8003167
11523,102.1578522,-154.4998474,733.4425049,167.9928255
11524,104.6298676,-152.8511963,733.5018311,166.1462762
11525,109.8141327,-149.2015839,733.765625,162.4365577
11526,93.79374695,-160.5526428,739.7329102,179.1503789
11527,91.90663147,-161.6156616,739.9689331,180.8004613
11528,97.96079254,-158.0844269,739.4445801,176.0126091
11529,95.81380463,-159.3773651,739.5568237,177.5845361
11530,85.8733902,-165.9228058,747.2279663,182.4542267
11531,89.10565948,-164.1712036,746.6663818,182.4710765
11532,80.35108185,-171.480896,760.4528809,182.4263069
11533,83.89916229,-169.4974365,760.2120972,182.4832537
11534,74.17785645,-177.9539185,773.7976074,182.3798461
11535,78.15646362,-175.7592621,773.736145,182.4357745
11536,67.45674896,-185.0862122,787.602356,182.3364248
11537,71.6787796,-182.8689423,787.5412598,182.3846395
11538,60.41767502,-192.5071411,801.8856812,182.3019707
11539,64.76604462,-190.4555206,801.8192749,182.3413082
11540,63.98483658,-188.7829132,794.6932373,182.3164524
11541,56.74003983,-196.2507782,809.1368408,182.2865613
11542,52.93839645,-200.0036163,816.4060059,182.2726312
11543,48.39458466,-201.670578,816.4272461,182.2422941
11544,43.7917366,-203.1753235,816.4615479,182.2132796
11545,39.13464737,-204.5162354,816.5060425,182.1855647
11546,34.42799377,-205.6917267,816.5581665,182.1591201
11547,25.49245453,-209.8354187,823.4880981,182.1331313
11548,20.66265869,-210.5485382,823.4672852,182.1109603
11549,15.80049992,-211.0912018,823.4488525,182.0897986
11550,10.30352116,-209.0438385,816.8985596,182.0448688
11551,10.91026688,-211.4623413,823.4335938,182.0696265
11552,5.389177799,-209.2008362,816.9799805,182.0254086
11553,0.4541814923,-209.184021,817.0668335,182.0070076
11554,30.28562164,-208.953064,823.5120239,182.1563342
11555,-3.888970613,-211.5359192,823.4119873,182.0148124
11556,-18.2505455,-212.7922516,829.4188843,181.9908759
11557,-13.28299046,-213.4241943,829.5031128,182.0056973
11558,-8.317774773,-213.8796997,829.5950928,182.0212899
11559,-22.74774551,-214.8882294,835.2132568,181.9976893
11560,-46.46419525,-212.8717651,839.5200195,181.9571643
11561,-41.713974,-214.0783691,839.847229,181.9678467
11562,-36.93307114,-215.1575317,840.1772461,181.9791092
11563,-32.15084076,-216.1059113,840.4955444,181.9908752
11564,-27.30759048,-217.0165253,840.7904663,182.0034108
11565,-76.76541138,-221.3067627,864.3677979,181.9760326
11566,-50.93791199,-214.7746124,844.3915405,181.9637269
11567,-55.48960495,-216.6210175,849.0170288,181.9691617
11568,-60.12535858,-218.3681488,853.3833008,181.9735273
11569,-64.85144043,-219.9671021,857.4782104,181.9768693
11570,-69.67609406,-221.3616791,861.2885742,181.9792128
11571,-74.56963348,-222.4858246,864.8328857,181.9806508
11572,-80.44662476,-237.3306274,885.6332397,182.0193895
11573,-79.5031662,-234.1748047,881.4271851,182.0119476
11574,-78.65886688,-230.9858398,877.2034912,182.0039203
11575,-77.91883087,-227.7723694,872.9559937,181.9952754
11576,-77.28696442,-224.5431061,868.6790161,181.9859884
11577,-90.51408386,318.1451721,1001.838074,181.9706101
11578,-92.50130463,316.387085,1000.348572,181.9688524
11579,-88.9095459,316.9794312,996.0144653,181.9693496
11580,-94.38156128,314.460968,998.9365845,181.9671091
11581,-95.39850616,311.911438,994.6437988,181.9647826
11582,-96.14810944,312.3805847,997.6072998,181.9653719
11583,-87.28555298,315.5934448,990.274292,181.9680475
11584,-98.62239075,307.4080505,992.2072144,181.9613732
11585,-97.07129669,309.7233582,993.3812256,181.9630724
11586,-83.50371552,315.4433594,986.2033691,181.9684104
11587,-81.81085205,313.6051025,980.6243286,181.9669966
11588,-80.08277893,311.5776978,975.1204834,181.965527
11589,-78.31793213,309.3716125,969.6973267,181.9639972
11590,-76.52500916,306.9971619,964.3676758,181.9624015
11591,-85.1669693,317.0822449,991.8585205,181.9697737
11592,-118.3718948,225.7406464,1006.817444,181.9221052
11593,-117.1144791,234.9558716,1007.727722,181.9259415
11594,-115.4196777,246.9107819,1008.950684,181.9311992
11595,-116.644043,238.4041901,1008.068298,181.9274507
11596,-113.6488953,258.855011,1010.223267,181.9368256
11597,-114.6243134,252.4367828,1009.523865,181.9337937
11598,-112.4213867,266.9318542,1011.103394,181.9408217
11599,-108.2467651,289.0129395,1006.497742,181.9520818
11600,-109.8405609,282.6983032,1012.97522,181.9491047
11601,-109.4810104,284.8161621,1013.239014,181.9502859
11602,-108.7923889,288.6454163,1013.568542,181.9524247
11603,-110.850235,276.7520142,1012.234314,181.9458826
11604,-108.526413,288.8594666,1010.011414,181.9522858
11605,-110.9215546,276.3322754,1012.182007,181.9456578
11606,-111.8057556,270.7901917,1011.546143,181.9427642
11607,-106.9775314,294.8760071,1007.464661,181.9554782
11608,-101.9747009,305.8942871,1000.338684,181.9612414
11609,-101.3388672,305.6469727,997.2372437,181.960748
11610,-102.6033249,306.0811462,1003.471252,181.9617083
11611,-104.2620316,303.4862061,1005.853516,181.9603752
11612,-105.6079941,300.6667786,1008.503296,181.9589653
11613,-99.31305695,307.8085938,995.2166138,181.961929
11614,-106.6315231,-277.838562,989.5875244,182.0934089
11615,-106.5807724,-280.9494019,996.803894,182.0988624
11616,-105.8120804,-280.7018127,990.2294312,182.0973739
11617,-106.2008362,-283.8731995,1000.728394,182.1035389
11618,-105.7923965,-283.8154602,997.416748,182.1028575
11619,-106.5960464,-283.8709106,1004.080322,182.1041596
11620,-106.9784241,-283.8074646,1007.47229,182.1047045
11621,-109.8377609,-271.6291199,1012.977112,182.0891312
11622,-108.5270233,-277.790741,1010.019531,182.0969554
11623,-107.3483429,-283.6817322,1010.904541,182.1051595
11624,-104.9825592,-280.2314453,983.8223267,182.0956819
11625,-103.0438309,-282.2702026,978.3875122,182.0977125
11626,-100.7978058,-283.9265747,973.2783813,182.0995404
11627,-99.51057434,-286.4560242,974.250061,182.1033906
11628,-98.88021088,-285.8423767,971.3494873,182.1023192
11629,-98.23537445,-285.1791382,968.484314,182.1012169
11630,-97.57550812,-284.4674988,965.6546631,182.1000859
11631,-96.90026093,-283.7086487,962.8604126,182.0989246
11632,-96.20980072,-282.9037476,960.1022339,182.0977358
11633,-94.07025909,-280.2243652,952.0614014,182.0939692
11634,-92.59420013,-278.2293091,946.8887939,182.0912913
11635,-95.50728607,-282.0539246,957.3832397,182.0965104
11636,-91.08496094,-276.078125,941.857605,182.0884672
11637,-89.54982758,-273.780304,936.9576416,182.0854829
11638,-87.99738312,-271.3451538,932.1776123,182.0823199
11639,-86.43703461,-268.7821045,927.5043945,182.078956
11640,-84.87966919,-266.1005554,922.9238892,182.075364
11641,-83.33665466,-263.3099365,918.4209595,182.0715124
11642,-81.82019806,-260.4195862,913.9804688,182.0673654
11643,-81.04395294,-252.8111725,904.2410889,182.0532916
11644,-80.34268951,-257.4388733,909.5874023,182.0628855
11645,-78.91654205,-254.3771362,905.2276611,182.0580336
11646,-80.56208801,-245.0895386,894.8158569,182.0373659
11647,-79.71114349,-249.7396851,899.9447632,182.0479469
11648,-78.44937134,-246.6039429,895.6609497,182.0421543
11649,-79.40929413,-241.9604034,890.5802612,182.031027
11650,-78.34423065,-238.7830811,886.3404541,182.024161
11651,185.8286743,-41.769207,628.2583618,66.94280741
11652,182.9391632,-35.42965698,674.7999878,97.16828236
11653,183.7497253,-31.62017441,674.7999878,99.95497305
11654,183.8943024,-30.94059181,674.7999878,100.4178715
11655,184.2838745,-29.10959625,674.7999878,101.6011274
11656,184.3167725,-26.08036995,680.7540894,107.4549773
11657,185.0265808,-21.59726524,680.8120117,110.7239783
11658,185.2126923,-16.8716011,686.932251,118.0295301
11659,184.6268768,-21.32561684,686.8277588,114.8327104
11660,184.5858307,-16.50127792,699.0717773,126.6292775
11661,184.1936035,-16.23782539,711.258606,135.6606447
11662,184.9798279,-3.127991676,724.284668,153.5539389
11663,184.74263,-7.449596405,724.0495605,150.6408767
11664,185.1210175,1.199961185,724.505249,156.5396419
11665,184.4098816,-11.76482391,723.7999268,147.7990413
11666,183.9815979,-16.0735836,723.5354004,145.0292958
11667,185.0422516,5.534172535,737.2045898,168.4545487
11668,184.9916229,5.534172535,741.2817993,171.5338057
11669,184.864151,9.855628967,749.6096802,180.7809109
11670,184.3200531,18.53299141,761.9510498,182.8365413
11671,184.5333252,14.20581436,762.2034302,182.8743794
11672,184.6596222,9.873063087,762.4364624,183.0292859
11673,183.9334869,18.62889671,775.0665283,182.7851669
11674,183.645813,22.98390961,774.8063354,182.7276419
11675,182.9831848,27.44069672,781.2228394,182.6594534
11676,183.3474579,23.06816101,781.4943848,182.7115644
11677,181.638382,36.34720993,787.4308472,182.556174
11678,182.1596222,31.95601845,787.7315063,182.6029579
11679,182.5982819,27.56205177,788.0123901,182.6499088
11680,179.8963165,45.36992264,793.7089233,182.470786
11681,180.5710144,40.95542526,794.0357056,182.5125006
11682,181.1634827,36.53884125,794.3432007,182.5547807
11683,179.3226318,45.64192963,800.7567139,182.4742204
11684,177.8833466,50.41286469,807.6033325,182.4402352
11685,178.6109161,45.93735886,807.9169312,182.4755747
11686,176.2448425,55.2732048,814.5846558,182.4098216
11687,177.0357971,50.76524734,814.8973999,182.4423302
11688,173.4716492,64.7653656,821.3821411,182.3530032
11689,174.4008026,60.22688675,821.7079468,182.3824709
11690,175.2515106,55.68519211,822.0170898,182.4124313
11691,172.3469086,65.27689362,828.9798584,182.3577997
11692,171.3637085,69.84916687,828.6609497,182.3306226
11693,170.3028259,74.41675568,828.3265991,182.3039865
11694,167.6052704,75.67268372,843.987915,182.3151656
11695,166.5306702,80.31332397,843.6899414,182.2920652
11696,169.049469,75.03146362,836.095459,182.3103835
11697,165.3824921,84.94711304,843.3782349,182.2694758
11698,162.6307373,90.36209869,851.1489258,182.2547196
11699,163.8117065,85.69538879,851.4460449,182.2755167
11700,155.6670532,109.9128723,858.1714478,182.1869899
11701,153.9480896,110.9240952,866.625,182.1955817
11702,157.0783539,105.2456818,858.4873047,182.2046143
11703,158.420639,100.566925,858.791626,182.2227642
11704,159.6943665,95.87741089,859.0842285,182.2414232
11705,160.8999329,91.17790985,859.3649902,182.2605723
11706,147.2832794,122.5905685,883.394043,182.1801979
11707,149.2688904,121.4318008,874.6547852,182.1725832
11708,150.6778564,116.7050629,874.9285889,182.1874795
11709,152.0254517,111.9647064,875.1921997,182.2028363
11710,143.7266388,128.5680542,892.008667,182.1736149
11711,145.0883331,123.7783432,892.2354126,182.1866961
11712,141.4039001,129.8315887,900.9741821,182.1796956
11713,138.8646851,131.1191254,910.0048218,182.1847951
11714,136.1075897,132.4258728,919.0697021,182.1890497
11715,133.1326904,133.7467804,928.1390381,182.1925562
11716,126.4593277,158.0062561,927.3308105,182.1435057
11717,128.0133667,153.2654419,927.5377808,182.1526847
11718,124.8023453,162.6828918,927.1000366,182.1346447
11719,128.0633392,149.2160339,932.300415,182.1643176
11720,127.829216,145.054306,936.9946289,182.1757396
11721,128.9393311,140.0886841,937.0987549,182.1854262
11722,126.6811142,154.0470428,932.1352539,182.155043
11723,129.9429474,135.0769043,937.1831055,182.1954057
11724,119.2549133,176.2824402,926.2631836,182.1099251
11725,121.1951599,171.8257599,926.5654907,182.1178565
11726,117.2314835,180.6558685,925.9403687,182.1023018
11727,123.0463028,167.2909241,926.8450317,182.1260963
11728,101.5317688,204.7100372,981.1950684,182.1151076
11729,104.3720169,200.0998535,972.2028198,182.1148562
11730,103.2718048,201.2172699,976.7629395,182.1164849
11731,105.4311371,198.9821472,967.6091919,182.1130248
11732,106.4478378,197.865509,962.9846802,182.1110778
11733,107.4207382,196.7513885,958.3320923,182.1089007
11734,108.3489304,195.6411285,953.6544189,182.1065913
11735,109.2316437,194.5361786,948.9547729,182.1040253
11736,110.0682297,193.437912,944.2365112,182.1013095
11737,113.5808487,186.9910736,935.0689087,182.1018634
11738,116.3822327,181.6386871,930.6553955,182.1057127
11739,112.7358017,188.0306244,939.7911987,182.1049282
11740,98.61099243,209.4279175,990.0131226,182.1148579
11741,99.23197937,206.984375,990.1505737,182.11776
11742,96.25899506,211.7343292,998.8214111,182.1170712
11743,95.60158539,214.2432098,998.6276245,182.1141822
11744,94.81962585,216.7563782,998.3549805,182.1112539
11745,93.9092865,219.2679901,998.0010986,182.1082823
11746,92.86707306,221.7712097,997.564209,182.1052641
11747,91.68994141,224.2587585,997.0427246,182.1021964
11748,90.37526703,226.7221527,996.4359741,182.0990778
11749,88.92073822,229.152298,995.7434082,182.0959069
11750,87.32923126,231.5376129,994.9682007,182.0926889
11751,85.65118408,233.8500366,994.1439819,182.0894869
11752,83.90530396,236.0774536,993.2823486,182.0863218
11753,82.09570312,238.2146454,992.3852539,182.0831949
11754,80.22769928,240.2565765,991.4554443,182.0801085
11755,78.30640411,242.1992798,990.4953003,182.0770637
11756,66.30258942,253.3700104,993.5653076,182.0652875
11757,68.4074707,251.92836,994.6925659,182.0680795
11758,70.48168182,250.3837585,995.7996216,182.070908
11759,76.47567749,245.1057739,998.9763184,182.0796334
11760,74.52102661,246.9733124,997.9442749,182.0766839
11761,72.52120209,248.7326508,996.8843994,182.0737756
11762,60.14087296,258.8660278,999.2372437,182.0623108
11763,62.31042099,257.633728,1000.464111,182.0650098
11764,64.44876862,256.2964783,1001.669434,182.0677332
11765,48.99477386,274.5964355,1044.701294,182.07286
11766,50.76133728,272.2399597,1037.429077,182.0714932
11767,52.58419418,269.7615356,1030.028076,182.0700257
11768,54.45000076,267.1730347,1022.505432,182.0683637
11769,56.34325027,264.4862976,1014.864685,182.0665851
11770,58.24645615,261.7133484,1007.108215,182.064535
11771,47.2946701,276.8188477,1051.835449,182.0741467
11772,45.0268631,277.8307495,1050.231934,182.0717528
11773,42.71527481,278.6737976,1048.597046,182.069364
11774,38.07249069,280.2833557,1045.313354,182.0645893
11775,28.77529907,283.4816284,1038.738647,182.0550564
11776,10.13880348,289.7886963,1025.565186,182.0363451
11777,-36.597229,304.9987183,992.5616455,181.9932434
11778,-45.94940567,307.9431458,985.9546509,181.9854756
11779,-50.62391281,309.4033813,982.6506348,181.9817658
11780,-52.96059418,310.1305542,980.9984741,181.9799485
11781,-55.30316162,310.8264465,979.3419189,181.9781542
11782,-57.68865967,311.2785645,977.6558228,181.9763663
11783,-60.10482407,311.4543762,975.9494019,181.9745816
11784,-62.52967453,311.3735046,974.2383423,181.9728028
11785,-64.94072723,311.0852661,972.5371094,181.9710377
11786,-67.32853699,310.6061401,970.852356,181.9692863
11787,-69.68664551,309.9475098,969.1887207,181.9675475
11788,-72.00889587,309.1202698,967.5508423,181.9658207
11789,-74.28995514,308.1337585,965.942688,181.9641055
11790,-27.24324799,302.0219421,999.1669922,182.0012198
11791,-8.540219307,295.9702454,1012.371887,182.0184538
11792,179.13237,-49.67719269,674.7999878,88.73840282
11793,179.4264526,-48.7358284,674.7999878,89.27032155
11794,180.2635803,-46.05635834,674.7999878,90.69591
11795,180.7151947,-44.3327713,674.7999878,91.60128796
11796,174.747467,-61.13466644,680.2106323,86.86334216
11797,176.3181915,-56.85329437,680.2857056,88.8739183
11798,177.7828522,-52.53857422,680.3588867,91.07559105
11799,171.1457977,-69.01293945,685.3970947,87.82879402
11800,172.9020996,-64.81355286,685.5460815,89.47678264
11801,167.2619781,-76.8090744,690.3889771,90.148107
11802,169.2075653,-72.68047333,690.6092529,91.22880073
11803,165.2167969,-80.49866486,695.5054321,94.31866324
11804,158.564621,-92.31964874,699.9143677,98.97911436
11805,160.9094696,-88.30542755,700.2653809,98.7437782
11806,163.1432648,-84.25650024,700.6118164,98.8688567
11807,156.2641449,-96.12902832,704.9205933,104.3600834
11808,148.350296,-107.9729919,709.0802002,112.4171806
11809,151.2038574,-104.0176926,709.5164795,111.0514223
11810,153.9069366,-100.0384064,709.9621582,110.0086346
11811,145.6060638,-112.0099716,714.1260986,118.8797875
11812,139.3656311,-120.1072617,718.8405762,127.4372607
11813,143.0882416,-116.4263611,725.0040894,130.2374339
11814,132.3313293,-128.3232727,723.741394,137.1512982
11815,136.1322937,-124.3750916,724.1183472,134.5344196
11816,124.3263397,-136.6762543,728.8747559,147.3703347
11817,129.0653229,-133.2071991,735.1332397,149.1978369
11818,115.1138458,-145.2047272,734.1392822,158.7825699
11819,120.0889587,-141.1951599,734.4708862,155.589597
11820,100.2263947,-156.6710358,739.3961792,174.3108195
11821,102.6011963,-155.1356506,739.4098511,172.5270871
11822,105.0736847,-153.4792175,739.4806519,170.687301
11823,110.2609863,-149.8141785,739.7705688,167.0291553
11824,94.35835266,-161.2394409,745.8371582,182.2102333
11825,92.47389221,-162.3156891,746.0635376,182.5192197
11826,98.51776886,-158.7492218,745.5697021,181.1902321
11827,96.37498474,-160.0524139,745.6712646,181.7480167
11828,87.26625824,-167.5898438,759.8393555,182.5375837
11829,90.50884247,-165.7429962,759.3228149,182.5904388
11830,81.92431641,-173.5969086,773.6248779,182.4910753
11831,85.4833374,-171.4986725,773.421814,182.5451668
11832,75.80717468,-180.5885315,787.5154419,182.4347564
11833,79.77684784,-178.2844543,787.491272,182.4858069
11834,68.26623535,-186.6277618,794.6291504,182.3607952
11835,72.47906494,-184.3600922,794.5974731,182.4065816
11836,61.15456772,-194.3079376,809.0909424,182.3217048
11837,65.49771881,-192.2105255,809.0745239,182.358424
11838,69.04020691,-188.2521973,801.7935791,182.3815447
11839,57.41813278,-198.1760406,816.401123,182.3043058
11840,53.5445137,-202.0489807,823.7081299,182.2885402
11841,49.002491,-203.7571869,823.6536865,182.2598821
11842,44.40077591,-205.3033295,823.6089478,182.2323463
11843,39.74425125,-206.6857452,823.5715942,182.2059213
11844,35.03766251,-207.9027557,823.5396118,182.1805903
11845,26.01667595,-212.199295,830.3589478,182.1533376
11846,21.18676376,-212.954422,830.2427979,182.1319081
11847,16.32478333,-213.5395508,830.1279907,182.1113602
11848,11.4348774,-213.9536133,830.0149536,182.0916779
11849,5.995833874,-211.6608582,823.421814,182.0504197
11850,6.521368027,-214.1956329,829.9042969,182.0728459
11851,1.061448574,-211.6857452,823.4143677,182.0321563
11852,30.80984306,-211.2753754,830.4765625,182.1756625
11853,-3.359129906,-214.1595764,829.6934814,182.0376686
11854,-17.79141045,-215.6435089,835.3999634,182.0118119
11855,-12.83148479,-216.2233582,835.5943604,182.0266151
11856,-7.872378826,-216.628418,835.795105,182.0421084
11857,-22.37451744,-217.8816528,841.0858765,182.0168696
11858,-46.22372055,-216.1003113,844.8210449,181.9741119
11859,-41.46518326,-217.298172,845.2567139,181.9850397
11860,-36.67529678,-218.3630524,845.6954956,181.996495
11861,-31.87701607,-219.2922821,846.1262817,182.0084237
11862,-27.02750778,-220.1597137,846.5415649,182.0210267
11863,-50.81591415,-218.081543,849.5532837,181.9792891
11864,-55.49412155,-219.9837341,854.0292358,181.9834413
11865,-60.26351929,-221.7605133,858.2373047,181.9866165
11866,-65.12828827,-223.3589478,862.166748,181.9888502
11867,-70.09197235,-224.7185211,865.8068237,181.990162
11868,-75.10276794,-225.7700958,869.1941528,181.990683
11869,-77.37503052,-235.5664368,882.0884399,182.0167289
11870,-76.50849915,-232.319397,877.8170776,182.0086941
11871,-75.74979401,-229.0509491,873.520752,182.0000188
11872,-90.0353241,320.6975098,1009.28833,181.9736346
11873,-92.10460663,319.0801392,1007.745483,181.9718392
11874,-88.42717743,319.719696,1003.400085,181.9723756
11875,-95.14820862,314.903717,1001.90686,181.9676934
11876,-95.91083527,315.2875061,1004.901428,181.9682747
11877,-94.06575012,317.2712708,1006.281372,181.9700564
11878,-86.80618286,318.5111694,997.5904541,181.9710926
11879,-96.8925705,312.7919617,1000.596375,181.9659403
11880,-97.79424286,310.1590576,996.3656006,181.9636432
11881,-98.51122284,310.5367737,999.3773193,181.9641959
11882,-82.97014618,318.3874817,993.4998779,181.9715102
11883,-81.29907227,316.7149048,987.8425293,181.9701355
11884,-79.59871674,314.842865,982.2557983,181.9687134
11885,-77.86329651,312.7816162,976.7386475,181.9672379
11886,-76.09101105,310.5417175,971.2964478,181.9657039
11887,-84.61793518,319.8499451,999.2284546,181.9728444
11888,-108.7951279,288.6304626,1013.753174,181.9524299
11889,-107.9417496,293.3770752,1014.392944,181.9551894
11890,-107.705452,294.5614014,1014.368896,181.9558663
11891,-107.3475723,294.7504272,1010.896545,181.9557069
11892,-100.6737595,308.4346313,1001.322998,181.9629781
11893,-99.9966507,308.1512146,998.255127,181.9624642
11894,-101.3448563,308.6577454,1004.419922,181.9634701
11895,-103.2252045,306.2064819,1006.635315,181.9621469
11896,-104.8240891,303.5124207,1009.094482,181.9607453
11897,-106.0979843,300.5940552,1011.832458,181.9592452
11898,-104.9345322,-283.5242004,990.9133911,182.1013232
11899,-104.0192566,-283.006134,984.5703735,182.0996018
11900,-104.0817871,-289.4396362,998.7380371,182.1108014
11901,-104.9590149,-286.6463013,998.0617065,182.1068307
11902,-104.6008682,-289.5542297,1001.959778,182.1115596
11903,-105.1098175,-289.6075745,1005.217407,182.1122622
11904,-104.0002899,-286.3016357,991.6380005,182.1052515
11905,-105.6090622,-289.5983887,1008.510803,182.1129053
11906,-106.0991211,-289.5255432,1011.840088,182.1134698
11907,-109.1485825,-275.6365662,1013.485413,182.0946134
11908,-108.7929382,-277.5765381,1013.576721,182.0972669
11909,-107.7062836,-283.4926147,1014.377014,182.105503
11910,-106.5802612,-289.3878784,1015.205505,182.1139195
11911,-101.9229202,-284.9325867,979.2466431,182.1015906
11912,-100.1267624,-287.0189209,977.1863403,182.1044322
11913,-98.79447937,-289.5046692,978.1950073,182.1082593
11914,-98.13258362,-288.9052734,975.2875366,182.1072198
11915,-97.45792389,-288.2550964,972.4133301,182.1061539
11916,-96.77018738,-287.5553284,969.5723267,182.1050604
11917,-96.06881714,-286.8072205,966.7644043,182.1039418
11918,-95.35344696,-286.0119019,963.989563,182.1027956
11919,-93.88401031,-284.2844849,958.5442505,182.1004249
11920,-90.83139038,-280.3157043,948.0877686,182.095317
11921,-92.37504578,-282.3825378,953.2454834,182.0979329
11922,-89.25895691,-278.0934143,943.0634766,182.0925632
11923,-87.66481781,-275.7252197,938.1630249,182.0896561
11924,-86.05732727,-273.2207336,933.3756104,182.0865762
11925,-84.44630432,-270.589447,928.6881714,182.0832989
11926,-82.8423996,-267.8409424,924.0872192,182.0797959
11927,-81.25695038,-264.9847717,919.5579224,182.0760342
11928,-79.70213318,-262.030426,915.0855713,182.0719754
11929,-78.19045258,-258.9873962,910.6553345,182.0675783
11930,-77.55396271,-251.2437134,900.8880615,182.0527512
11931,-76.73429871,-255.8652191,906.2536621,182.0628094
11932,-75.34583282,-252.6734009,901.8677368,182.0576176
11933,-77.26940918,-243.4130096,891.3792725,182.0358579
11934,-76.26660919,-248.0479431,896.5570679,182.0470238
11935,-75.06512451,-244.7991638,892.2246704,182.0407721
11936,-76.18104553,-240.1761017,887.0905762,182.0290206
11937,-75.19229126,-236.9023743,882.7872925,182.0216009
11938,181.6652985,-40.70609665,674.8000488,94.04504382
11939,181.8782043,-39.89303207,674.7999878,94.55885999
11940,182.4708557,-37.63082504,674.7999878,95.90566975
11941,182.5707855,-34.99284363,680.6312256,101.4914743
11942,183.4981079,-30.54636574,680.6937866,104.5273734
11943,183.9339905,-25.76628304,686.718689,111.7473206
11944,183.1342773,-30.19174957,686.6051636,108.7666229
11945,184.2941895,-21.0883007,692.8515625,119.0563583
11946,183.6164246,-25.49204254,692.697998,116.0964918
11947,183.6520996,-20.57051659,711.0178833,132.836563
11948,184.0244751,-20.88412666,698.8881226,123.790042
11949,183.4575195,-20.37569809,723.2562256,142.333362
11950,184.8459473,-3.098308563,736.7529297,162.8446753
11951,184.6159363,-7.405161381,736.5016479,160.0962733
11952,184.2933807,-11.70605373,736.2333984,157.4113643
11953,184.9833374,1.214713335,736.9874878,165.6750069
11954,183.878479,-16.00128365,735.9481201,154.7879058
11955,183.3709106,-20.29096985,735.645874,152.2294314
11956,184.8808136,5.534172535,749.8292847,177.9686843
11957,184.7396698,5.534172535,760.7197876,183.4452537
11958,184.1368561,14.2693224,775.3068237,182.8411739
11959,184.2558899,9.904593468,775.5274658,182.9007974
11960,184.6832886,5.534172535,762.6498413,183.2449451
11961,184.3295593,5.534172535,774.762085,182.9621826
11962,183.6288147,18.69174957,781.7459717,182.7626774
11963,183.8271027,14.31098652,781.9776611,182.812352
11964,182.9548645,23.16481018,788.2736206,182.696557
11965,183.2297363,18.76390076,788.5148926,182.7424298
11966,181.6743011,32.11986923,794.6312866,182.5973886
11967,182.1038666,27.69816017,794.8999023,182.6400382
11968,182.4527283,23.27329063,795.1490479,182.6824141
11969,179.9839325,41.19703293,801.0686646,182.5127672
11970,180.5644226,36.74995804,801.3615723,182.5517035
11971,181.0647736,32.30044174,801.635498,182.5908486
11972,179.258606,41.45952988,808.2123413,182.5113321
11973,177.7478638,46.25472641,815.192627,182.4752691
11974,178.3816528,41.74169922,815.4700317,182.5085493
11975,176.0245209,51.14036942,822.3095703,182.4428292
11976,176.72052,46.5927124,822.585083,182.4735917
11977,173.2531128,60.70044708,829.28302,182.3854587
11978,174.0832214,56.12030792,829.5703125,182.4135184
11979,174.837677,51.53667831,829.8414307,182.4419863
11980,171.9206238,61.19728088,836.9794922,182.3871198
11981,171.0383301,65.81351471,836.6998291,182.361042
11982,170.0814667,70.4250946,836.4050293,182.3354579
11983,168.6068726,71.02584839,844.2719116,182.3387438
11984,166.9313202,71.64945984,852.2595215,182.3407263
11985,165.9615936,76.33840942,852.0015869,182.3185509
11986,164.921875,81.02056122,851.7303467,182.2968037
11987,162.0375519,86.46908569,859.633667,182.2801902
11988,163.1077423,81.75170135,859.8901978,182.3002525
11989,155.2985535,106.2147903,866.90979,182.212272
11990,153.3121338,107.2115021,875.4456177,182.2186436
11991,156.5839539,101.4935989,867.1834717,182.229442
11992,157.804718,96.76128387,867.446167,182.2470768
11993,158.9610291,92.01854706,867.6976318,182.2651584
11994,160.053009,87.26612091,867.9378052,182.2836664
11995,146.3433685,118.9587097,892.444458,182.2000971
11996,148.6168671,117.8183823,883.6353149,182.19434
11997,149.8934326,113.0324631,883.8670044,182.208904
11998,151.113327,108.2336044,884.0892944,182.2238776
11999,143.9104919,124.3823776,896.6917725,182.1894787
12000,146.2888947,114.6804123,897.069458,182.2159896
12001,142.6780701,124.9925232,901.1682129,182.1920691
12002,141.3906708,125.6081467,905.6611328,182.194396
12003,140.048172,126.2287216,910.1665649,182.1965662
12004,138.6503296,126.8536453,914.6804199,182.1984889
12005,137.1973419,127.4822922,919.1992188,182.2002708
12006,135.6890106,128.1141663,923.7190552,182.2018308
12007,134.1261139,128.7486267,928.2364502,182.2032694
12008,132.5088959,129.3851166,932.7474365,182.2045123
12009,123.6129608,163.5279694,931.7355347,182.1373886
12010,125.1963348,158.8191681,931.9470825,182.1460635
12011,121.9348526,168.1690826,931.4998779,182.1290172
12012,125.2981644,154.8321228,936.7232666,182.157224
12013,126.614624,149.9700775,936.869812,182.1663275
12014,125.648819,141.481369,946.1229858,182.1881235
12015,124.6553268,146.5067596,946.0540771,182.1788314
12016,125.1152115,150.7263489,941.4262085,182.1681189
12017,126.5441742,136.4114227,946.1738281,182.1976908
12018,123.8834229,159.6362,936.5543823,182.1484251
12019,130.838028,130.0230103,937.2484741,182.2056525
12020,129.1144409,130.6617889,941.7362671,182.2066231
12021,118.3133087,177.2294922,930.9577637,182.1131789
12022,120.1663284,172.7379608,931.2401123,182.1209473
12023,102.1319885,202.3329468,981.2870483,182.1180119
12024,100.9545898,203.4454651,985.7731323,182.1193496
12025,105.5445023,195.4611206,972.3108521,182.1207847
12026,106.7028885,194.3922882,967.7446899,182.1190421
12027,104.3457031,196.529007,976.8430176,182.1223698
12028,107.819519,193.3237,963.1471558,182.1171549
12029,108.8928528,192.2567139,958.5209961,182.1150853
12030,109.9219589,191.1926575,953.8691406,182.1128467
12031,110.9059677,190.1327057,949.1947632,182.110413
12032,111.8439713,189.0783081,944.5009155,182.1077863
12033,115.4860535,182.6307526,935.3644409,182.1088817
12034,114.5429535,183.6308594,940.0638428,182.1118185
12035,96.79573059,209.2352142,998.9389038,182.119925
12036,99.74133301,204.5534515,990.2189331,182.1206165
12037,97.21594238,206.7502441,998.9827271,182.1227486
12038,94.2408371,211.4509583,1007.547729,182.1216907
12039,93.78674316,214.0052032,1007.451294,182.118875
12040,93.20761871,216.5701752,1007.274414,182.1160291
12041,92.49954987,219.1397858,1007.014282,182.1131486
12042,91.65852356,221.7079773,1006.668457,182.1102291
12043,90.68092346,224.267395,1006.234863,182.1072671
12044,89.5637207,226.8101349,1005.71228,182.1042598
12045,88.304039,229.3273468,1005.099304,182.1012048
12046,86.89954376,231.8095245,1004.395752,182.0981006
12047,85.35301208,234.2444305,1003.604309,182.0949515
12048,83.71459961,236.6037598,1002.758728,182.0918168
12049,82.00308228,238.8753052,1001.87085,182.0887161
12050,80.22248077,241.0529633,1000.942566,182.0856507
12051,78.37834167,243.1312561,999.9769287,182.0826229
12052,66.55490112,254.8519745,1002.852783,182.0704856
12053,68.62628174,253.2974854,1004.012451,182.0732706
12054,70.65853119,251.6299133,1005.14624,182.0760913
12055,76.46378326,245.9454803,1008.360291,182.0847764
12056,74.5837326,247.9526672,1007.32373,182.0818444
12057,72.64631653,249.8480377,1006.251221,182.0789492
12058,60.42309952,260.4923401,1008.393616,182.0672037
12059,62.56523132,259.1582947,1009.655029,182.0698901
12060,64.6713028,257.7091675,1010.891174,182.0726006
12061,49.50811768,275.6318054,1053.399658,182.0765473
12062,51.20276642,273.4092712,1046.229492,182.0753034
12063,52.96360779,271.0501709,1038.916748,182.0739774
12064,54.7804184,268.5667114,1031.470825,182.0725448
12065,56.63981628,265.9710999,1023.899048,182.0709407
12066,58.52656937,263.2755432,1016.205811,182.0691928
12067,47.88699341,277.7054749,1060.414062,182.0777274
12068,45.66856766,278.8952942,1058.819214,182.0753718
12069,43.39089584,279.8968811,1057.181396,182.0730205
12070,41.06732559,280.7206116,1055.510376,182.0706721
12071,36.40272522,282.2946472,1052.155884,182.065973
12072,8.383640289,291.6782837,1032.009277,182.0379848
12073,27.06857872,285.4343872,1045.443481,182.0565728
12074,-10.31835938,297.8720398,1018.566833,182.0202785
12075,-47.74267197,310.1038513,991.6698608,181.9871273
12076,-29.02986717,304.0139465,1005.119934,182.0029194
12077,-52.42010117,311.6182861,988.3069458,181.9834098
12078,-54.75855637,312.3743896,986.6254272,181.9815836
12079,-57.10287857,313.1008301,984.9396362,181.9797786
12080,-59.48828888,313.5897827,983.2246094,181.9779828
12081,-61.90303421,313.8092346,981.4891357,181.9761943
12082,-64.3263092,313.7751465,979.7481079,181.9744149
12083,-66.73951721,313.5179443,978.0143433,181.972648
12084,-69.1307373,313.0528564,976.2963257,181.970894
12085,-71.4914093,312.3934631,974.6004028,181.9691521
12086,-73.81362152,311.5526733,972.9321899,181.9674222
12087,179.1409454,-48.19279861,680.4301758,93.49537692
12088,180.3918152,-43.81841278,680.4993286,95.99409488
12089,174.5526733,-60.58076096,685.6917725,91.33982974
12090,176.0974426,-56.31661224,685.8340454,93.35696477
12091,177.5361176,-52.02331924,685.9726562,95.5723085
12092,171.0468445,-68.51828003,690.8255615,92.59692388
12093,172.7797089,-64.32467651,691.0372925,94.21401532
12094,167.2498169,-76.39719391,695.7888794,95.07586294
12095,169.1749268,-72.26404572,696.0674438,96.16069586
12096,165.2666626,-80.17523193,700.9532471,99.34253564
12097,158.707016,-92.12702179,705.3250732,103.8844386
12098,161.0360718,-88.09146118,705.7247314,103.7536755
12099,163.2525787,-84.02466583,706.1190186,103.9640428
12100,156.4646301,-96.03710175,710.4118042,109.300071
12101,148.6178589,-108.045578,714.5838623,117.2469989
12102,151.4685059,-104.0571213,715.059021,115.9447889
12103,154.1624908,-100.0475159,715.543396,114.9803121
12104,146.2720642,-112.420845,725.4995728,128.5435468
12105,139.7131348,-120.4102783,724.5415039,132.2277553
12106,143.8898926,-117.1428986,736.9296875,140.6593466
12107,140.5216675,-121.1841125,736.4176636,142.364823
12108,133.125473,-129.2132416,735.5142822,146.5811451
12109,136.9383545,-125.2067642,735.9436035,144.3140143
12110,124.7298965,-137.197937,734.7910156,152.3299501
12111,130.0000763,-134.327713,747.5366211,159.3258611
12112,125.6778793,-138.3551636,747.1447144,162.0021964
12113,115.5653229,-145.8011017,740.1729126,163.3497092
12114,121.0476074,-142.3854218,746.7718506,164.9578311
12115,100.7786636,-157.3269348,745.5324097,179.2948609
12116,103.1480637,-155.783905,745.5575562,177.3958914
12117,105.6147766,-154.1209412,745.6404419,175.3677671
12118,110.789444,-150.4456329,745.9555664,171.7943455
12119,95.76117706,-162.6872559,758.5764771,182.6852839
12120,93.882164,-163.7996979,758.7749634,182.6508648
12121,99.89347839,-160.1406555,758.3631592,182.8230279
12122,97.76675415,-161.4693756,758.4379883,182.7343578
12123,88.87242889,-169.4703674,773.1017456,182.5981734
12124,92.14412689,-167.4977112,772.6552734,182.6507748
12125,83.55104065,-176.0033722,787.4232178,182.5370708
12126,87.13295746,-173.7749023,787.276001,182.5884989
12127,76.59905243,-182.0280304,794.5975342,182.45374
12128,80.56604004,-179.668396,794.5985718,182.5014729
12129,73.24459839,-185.9356537,801.7963867,182.4239805
12130,61.82905579,-196.1898346,816.4163818,182.3373235
12131,69.765625,-189.9612885,809.0929565,182.3966005
12132,66.16767883,-194.0490723,816.4558716,182.3716788
12133,58.02177811,-200.1803284,823.7750244,182.3183254
12134,54.0650444,-204.170639,831.109314,182.3011403
12135,49.52450943,-205.9179077,830.9731445,182.274171
12136,44.92389679,-207.5036774,830.8433838,182.2481433
12137,40.26805878,-208.9262543,830.7182617,182.2230545
12138,35.56191254,-210.1839294,830.5962524,182.198898
12139,26.44642639,-214.6301117,837.2886963,182.170777
12140,21.61722755,-215.4275208,837.0717773,182.1501575
12141,16.75605202,-216.0558777,836.8549194,182.1303
12142,11.86742783,-216.5141449,836.6386719,182.1111957
12143,6.955856323,-216.8014374,836.4237671,182.0928352
12144,1.588621855,-214.2645874,829.796936,182.0548485
12145,2.025702715,-216.9168091,836.2109375,182.0752077
12146,31.23914528,-213.6648407,837.5057373,182.1921674
12147,-2.918502569,-216.8593597,836.0010376,182.0583024
12148,-17.42840385,-218.578186,841.388855,182.030942
12149,-12.4769268,-219.1016693,841.6983032,182.0456215
12150,-7.52477932,-219.4525604,842.0128784,182.0609148
12151,-22.10605812,-220.9591522,846.9592896,182.0344097
12152,-46.09275436,-219.4089661,850.0964355,181.9898973
12153,-41.32728958,-220.6010895,850.6454468,182.0009896
12154,-36.52948761,-221.6540222,851.1982422,182.0125573
12155,-31.71618843,-222.5656128,851.7471313,182.0245661
12156,-26.86089897,-223.38797,852.2877197,182.0371497
12157,-50.81046295,-221.4589081,854.6835938,181.993775
12158,-55.6218071,-223.4056549,859.0053711,181.9967242
12159,-60.5291481,-225.1985321,863.0518188,181.9987845
12160,-65.53134918,-226.7801361,866.8148193,181.9999861
12161,-70.62928772,-228.0882416,870.2858276,182.0003393
12162,-73.5389328,-230.2812195,874.1119385,182.0048679
12163,-74.30976868,-233.6010132,878.4628906,182.01356
12164,-87.86641693,322.1023865,1010.903809,181.9754314
12165,-89.4786911,322.8714294,1016.852051,181.9767085
12166,-91.63648224,321.4342957,1015.255432,181.9748877
12167,-94.84363556,317.6236572,1009.281494,181.9706429
12168,-95.61965179,317.9143982,1012.304321,181.9712338
12169,-93.68650055,319.774292,1013.737549,181.9730637
12170,-86.24803162,321.0916748,1005.029541,181.9741477
12171,-97.63237,313.144165,1003.611084,181.9664966
12172,-98.36815643,313.4361877,1006.65155,181.9670395
12173,-96.67027283,315.6109619,1007.9198,181.9688392
12174,-99.22270966,310.8554077,1002.416382,181.9647308
12175,-82.35249329,320.9771118,1000.923035,181.9746053
12176,-80.70224762,319.4925537,995.1932983,181.9732572
12177,-79.02882385,317.7972107,989.5296631,181.9718719
12178,-77.32630157,315.9017334,983.9312134,181.9704419
12179,-75.58862305,313.8166504,978.3969727,181.9689605
12180,-83.98555756,322.2402649,1006.720215,181.9759261
12181,-107.7206955,294.5481262,1014.562744,181.9558732
12182,-106.5791473,300.456604,1015.197632,181.9594504
12183,-99.92923737,311.113739,1005.482788,181.9652485
12184,-102.0104675,308.8192139,1007.546326,181.96394
12185,-103.8408356,306.2690735,1009.830444,181.9625551
12186,-105.3787994,303.474884,1012.369019,181.9610703
12187,-102.9893494,-285.7273254,985.366333,182.1034973
12188,-103.1151733,-292.178833,999.479126,182.1147461
12189,-103.552063,-289.2648621,995.552063,182.1099959
12190,-103.6934433,-292.3291626,1002.653259,182.1155474
12191,-104.2633438,-292.4179688,1005.860779,182.116308
12192,-104.8253403,-292.4441223,1009.101868,182.1170239
12193,-102.4590607,-288.739563,989.2872925,182.1082784
12194,-103.0112991,-289.0311279,992.4017944,182.1091565
12195,-105.3801422,-292.4063721,1012.376526,182.1176852
12196,-105.927948,-292.3035889,1015.684753,182.1182774
12197,-108.7979584,-277.5629883,1013.749695,182.0972792
12198,-107.7210388,-283.4799805,1014.561646,182.1055165
12199,-107.5698624,-284.3105774,1014.67572,182.1067016
12200,-106.302597,-290.8988342,1015.652771,182.1162067
12201,-106.604744,-289.3757019,1015.418152,182.1139422
12202,-106.7594528,-288.5961914,1015.298157,182.1128223
12203,-101.3184814,-287.987793,983.1655273,182.1064205
12204,-100.7291565,-287.5299072,980.1581421,182.1054421
12205,-99.44433594,-290.052124,981.1356201,182.1092713
12206,-98.03376007,-292.480072,982.2046509,182.1130954
12207,-97.34349823,-291.8960571,979.2901611,182.1120801
12208,-96.64231873,-291.2601013,976.4066772,182.111041
12209,-95.92980957,-290.5734558,973.5542603,182.1099803
12210,-95.20534515,-289.8373108,970.7328491,182.1088927
12211,-94.46843719,-289.0528564,967.9423218,182.1077864
12212,-93.71861267,-288.221344,965.1827393,182.1066521
12213,-92.18346405,-286.421936,959.7613525,182.1043182
12214,-90.61235809,-284.4486694,954.4784546,182.1018765
12215,-89.01018524,-282.3112488,949.3288574,182.0993189
12216,-87.38257599,-280.0192871,944.305481,182.0966324
12217,-85.73664093,-277.582489,939.3990479,182.0937997
12218,-84.08097076,-275.0105896,934.5990601,182.0908
12219,-82.42503357,-272.3131714,929.8930054,182.0876075
12220,-80.77954102,-269.5000305,925.2677002,182.0841925
12221,-79.15605927,-266.580719,920.7084961,182.0805202
12222,-77.56678009,-263.5649414,916.2011108,182.0765519
12223,-76.02403259,-260.4623718,911.7312012,182.0722351
12224,-74.54047394,-257.2826233,907.2852783,182.0675546
12225,-73.12806702,-254.0352783,902.8511963,182.062433
12226,-71.79858398,-250.7299805,898.4180298,182.0568166
12227,-73.95914459,-241.5067596,887.8823242,182.033967
12228,-70.56248474,-247.376358,893.9766846,182.050682
12229,-69.42935944,-243.984024,889.5195312,182.0439609
12230,-72.95674896,-238.1800842,883.5227661,182.0265625
12231,-72.06448364,-234.828476,879.1399536,182.0185169
12232,181.5353241,-39.41765213,680.5663452,98.75496426
12233,182.2277222,-34.60007858,686.4871826,105.8929634
12234,181.2146301,-38.98933411,686.3648682,103.1168283
12235,182.8336334,-29.88228226,692.5379028,113.1847039
12236,181.9458008,-34.25759125,692.3712158,110.3815225
12237,183.3600922,-25.25624657,698.6960449,120.7792909
12238,182.5924225,-29.61650467,698.4954224,117.8531638
12239,182.8370667,-24.67107773,722.9622803,139.7094587
12240,183.0111694,-24.89468384,710.7653198,130.0851271
12241,182.7701263,-24.5753231,735.3267212,149.739884
12242,184.7316895,-3.102391481,749.3729858,172.554385
12243,184.5094757,-7.411568642,749.1164551,170.0302221
12244,184.1978149,-11.71523285,748.8414307,167.4867192
12245,183.7966614,-16.01391983,748.5478516,164.971977
12246,184.864151,1.212716579,749.611084,175.1577269
12247,183.3056793,-20.30792809,748.2355347,162.5230955
12248,182.7241669,-24.59755516,747.9046631,160.1487869
12249,184.6594696,1.195282221,762.4380493,183.2591484
12250,183.942276,9.92530632,782.1896973,182.8600663
12251,184.2794342,5.534172535,775.7279053,182.9491298
12252,184.2558289,1.163721561,775.5293579,182.9674602
12253,183.4228516,14.35881901,788.7364502,182.7870818
12254,183.5341339,9.94908905,788.9384155,182.8300292
12255,182.7212219,18.84487343,795.3786011,182.7241931
12256,182.9091797,14.41255283,795.588562,182.7650615
12257,181.4853516,27.84824371,801.8903198,182.6299971
12258,181.8264923,23.39294624,802.1259766,182.6689322
12259,182.0885162,18.9342804,802.3423462,182.7074377
12260,179.8270874,36.97943878,808.4891357,182.5473828
12261,180.3169556,32.49687195,808.7474365,182.5835886
12262,180.7283173,28.01150131,808.9870605,182.6197997
12263,178.9378815,37.2262001,815.7294312,182.5420708
12264,177.3400574,42.04222488,822.8433228,182.5046496
12265,177.8838348,37.48908615,823.0842285,182.5359163
12266,175.5171356,46.94980621,830.0961914,182.4707472
12267,176.1221008,42.35982895,830.3343506,182.4998001
12268,172.729187,56.57684708,837.2438965,182.4132235
12269,173.4642944,51.95254135,837.4927979,182.4400782
12270,174.1265869,47.3245697,837.7260742,182.4668064
12271,170.3934631,61.71554565,844.7973022,182.3871829
12272,171.8942719,52.38634491,845.2643433,182.4368395
12273,169.5361328,66.37329102,844.5418091,182.3627641
12274,167.8314514,66.95428467,852.5039673,182.363293
12275,165.9160461,67.55450439,860.5848999,182.3628181
12276,165.0466309,72.29384613,860.3659058,182.3415979
12277,164.1106567,77.02642822,860.1343384,182.3207317
12278,161.0809784,82.50457001,868.1665039,182.3025785
12279,162.0449371,77.73468018,868.3834839,182.3218687
12280,154.5379639,102.446167,875.6887817,182.2348894
12281,152.2765045,103.4224014,884.302063,182.2392543
12282,155.7029724,97.66936493,875.9215088,182.251559
12283,156.8072968,92.88182831,876.1437378,182.2686355
12284,157.85112,88.08415985,876.3555298,182.2860999
12285,158.8343353,83.27701569,876.5565186,182.3039308
12286,147.5456848,114.1253433,892.6446533,182.2139398
12287,148.6955566,109.2789154,892.8361816,182.2280936
12288,149.7928467,104.4200668,893.0189819,182.242693
12289,148.4656525,104.9262009,897.4138794,182.2439772
12290,144.9758911,115.2406921,901.5145874,182.2179227
12291,143.6063232,115.8055649,905.9763184,182.2196421
12292,142.1803436,116.3745804,910.4508667,182.2211716
12293,140.6976471,116.9472046,914.934082,182.2225169
12294,139.1584167,117.5228958,919.4222412,182.2236981
12295,137.5629272,118.101181,923.9118652,182.2247202
12296,135.9115448,118.6814575,928.3989258,182.2256018
12297,134.2049408,119.2633209,932.8797607,182.2263472
12298,120.7749481,169.0530243,936.1466675,182.1317219
12299,122.374382,164.3779297,936.3623657,182.1399253
12300,119.0895386,173.6568451,935.9071655,182.1238131
12301,123.8651505,155.6199493,941.2985229,182.1592178
12302,122.5210342,160.4565735,941.1490479,182.1505979
12303,122.9454193,137.7454071,955.0843506,182.1994933
12304,122.1597748,142.8743591,955.0672607,182.1903009
12305,123.5659027,151.4840393,945.9660034,182.1698009
12306,121.9676361,152.2424774,950.4859619,182.1712926
12307,121.2845993,147.9606323,955.0339355,182.1813625
12308,122.3827209,156.4096527,945.8574219,182.1610556
12309,127.3391495,131.3008423,946.2072754,182.2075087
12310,125.5135803,131.939621,950.6582031,182.2082485
12311,121.0868912,165.2319489,940.9769897,182.1422658
12312,132.4438629,119.8461685,937.3508911,182.2269739
12313,130.6292725,120.4295197,941.8088379,182.2274862
12314,117.3244095,178.1844788,935.6455688,182.1161993
12315,103.108284,197.5945587,981.3388672,182.1238347
12316,101.8340225,198.6564636,985.7962036,182.1251441
12317,100.1475067,202.1374359,990.2235107,182.1234484
12318,105.3742447,191.7754669,976.9094849,182.1284655
12319,106.6690063,190.7546844,972.4050903,182.1269477
12320,107.9238892,189.7322235,967.8660889,182.1252894
12321,104.0416565,192.7935181,981.3773193,182.1298586
12322,109.1374969,188.7093506,963.2952881,182.123482
12323,110.3083725,187.6872559,958.6953125,182.1215154
12324,111.4351654,186.6671753,954.0690308,182.1193799
12325,112.5170517,185.6502533,949.4195557,182.1170577
12326,113.5531616,184.6377563,944.750061,182.1145428
12327,116.2882385,179.146286,940.322998,182.1189979
12328,94.57411957,208.9121094,1007.566345,182.1244811
12329,97.52845001,204.282135,998.9584351,182.1255498
12330,94.79551697,206.3917847,1007.512695,182.1272539
12331,91.83543396,211.027832,1015.95929,182.125878
12332,91.58649445,213.6199188,1015.966675,182.1231137
12333,91.21324921,216.2285767,1015.892517,182.1203295
12334,90.71144104,218.8484344,1015.733948,182.1175206
12335,90.07698059,221.4733124,1015.488525,182.1146827
12336,89.30590057,224.0965118,1015.153381,182.1118111
12337,88.39451599,226.7104034,1014.726746,182.1089023
12338,87.33969116,229.3068542,1014.206787,182.105953
12339,86.1384201,231.8762207,1013.592346,182.1029608
12340,84.78840637,234.4087067,1012.882935,182.0999236
12341,83.29209137,236.8917236,1012.081055,182.0968448
12342,81.69864655,239.296936,1011.219849,182.0937794
12343,80.02655792,241.6120453,1010.311218,182.0907453
12344,78.27978516,243.8302307,1009.357117,182.0877437
12345,66.73812103,256.1429443,1012.100342,182.0753398
12346,68.76074982,254.4570312,1013.279175,182.0781107
12347,70.7335434,252.6508942,1014.424927,182.0809154
12348,76.28666687,246.5321655,1017.623047,182.0895303
12349,74.50338745,248.6850891,1016.600708,182.086626
12350,72.65013123,250.7261353,1015.533447,182.083754
12351,60.67192078,261.9430237,1017.520081,182.0718244
12352,62.77671051,260.4873352,1018.805603,182.074482
12353,64.83718109,258.9069824,1020.060059,182.0771682
12354,50.03529358,276.3300171,1061.957886,182.0800885
12355,51.65817642,274.2712097,1054.917847,182.0789563
12356,53.35360336,272.0600586,1047.716431,182.0777583
12357,55.11417389,269.709137,1040.367065,182.0764759
12358,56.92996979,267.2310181,1032.879883,182.0750837
12359,58.78763962,264.638092,1025.262695,182.0735331
12360,48.48843384,278.2239685,1068.819702,182.0811679
12361,46.34308243,279.618103,1067.256226,182.0788564
12362,44.1202774,280.8140259,1065.636353,182.0765472
12363,41.83291626,281.8076172,1063.969727,182.0742398
12364,39.49752045,282.6143799,1062.268066,182.0719327
12365,34.81080627,284.1577148,1058.853027,182.0673092
12366,6.700033188,293.4362488,1038.368774,182.0395584
12367,25.43883896,287.2469788,1052.023926,182.0580385
12368,-30.76437759,305.8604431,1011.064758,182.0045674
12369,-49.49486923,312.0959778,997.4143677,181.988753
12370,-54.17769241,313.6572571,994.0018921,181.9850068
12371,-56.51914215,314.4382629,992.2957153,181.9831672
12372,-58.86638641,315.1916504,990.5853271,181.9813489
12373,-61.25257111,315.7164612,988.8463745,181.9795437
12374,-63.66621399,315.9819031,987.0872803,181.9777499
12375,-66.08837128,315.9994812,985.3217773,181.9759686
12376,-68.50475311,315.7772217,983.5605469,181.9741988
12377,-70.90078735,315.3288574,981.8141479,181.9724409
12378,-73.26530457,314.670166,980.0905762,181.9706947
12379,178.8686829,-47.7029686,686.1074219,97.93865289
12380,180.0948029,-43.35763931,686.2381592,100.4646127
12381,174.4063721,-60.10186768,691.2442627,96.03747841
12382,175.927063,-55.85175705,691.446228,98.04155865
12383,177.3418732,-51.5762558,691.6428833,100.2242259
12384,170.9925842,-68.10134888,696.3405151,97.51942364
12385,172.7032928,-63.91117096,696.6078491,99.11324861
12386,167.280365,-76.0639267,701.2890625,100.1424369
12387,169.1852112,-71.92469788,701.6188354,101.2385827
12388,165.3573456,-79.92899323,706.5071411,104.500904
12389,158.8914337,-92.01046753,710.8594971,108.928032
12390,161.2031097,-87.95346069,711.3015747,108.8902073
12391,163.4009399,-83.86833954,711.7373047,109.1794955
12392,156.7054596,-96.01880646,716.031189,114.3566471
12393,149.2774353,-108.3922195,726.0209351,127.2246682
12394,152.1106262,-104.3429947,726.559082,126.2274484
12395,154.7765961,-100.2763519,727.1051636,125.5385093
12396,147.0580902,-113.0807724,737.4730225,139.240218
12397,144.7320557,-118.0895844,749.4959717,151.9008532
12398,141.394043,-122.1774673,748.9486694,153.3269162
12399,137.8360901,-126.2449036,748.435791,155.0268919
12400,134.0436859,-130.293869,747.9639282,157.0261065
12401,126.7091293,-139.6763153,760.2074585,172.4820932
12402,130.9763489,-135.6291199,760.642395,169.9219095
12403,122.1385269,-143.7193604,759.7873535,175.4638082
12404,116.0811157,-146.4239349,746.3851318,168.4745389
12405,117.2385483,-147.763031,759.3512573,179.4477172
12406,102.1332092,-158.6980896,758.3517456,182.8450272
12407,104.4771576,-157.1398468,758.4020386,182.8752849
12408,106.9143066,-155.4664154,758.5093384,182.3889752
12409,112.0204849,-151.7830353,758.8727417,181.1903482
12410,97.40709686,-164.2750549,772.02771,182.739918
12411,95.53464508,-165.4358673,772.1879883,182.7074415
12412,101.4967499,-161.6554413,771.8834229,182.8131111
12413,99.39628601,-163.0166473,771.9251709,182.7753176
12414,90.5579834,-171.6047974,787.0293579,182.6388496
12415,93.87334442,-169.4802094,786.6763306,182.6899396
12416,84.34637451,-177.3254395,794.55896,182.5489359
12417,92.19684601,-174.0329895,801.6276245,182.6473607
12418,87.94342804,-175.0273132,794.4468994,182.5954816
12419,77.35713959,-183.5528412,801.8274536,182.4679459
12420,81.32266235,-181.1377411,801.8584595,182.5126197
12421,73.96229553,-187.5979309,809.1355591,182.4363091
12422,62.4296608,-198.1533051,823.8574829,182.3492371
12423,70.43012238,-191.7566833,816.5241699,182.4073537
12424,66.76452637,-195.9721985,823.9589844,182.3812663
12425,58.54042816,-202.2635651,831.2540894,182.3290475
12426,54.49032211,-206.3679962,838.604187,182.310832
12427,49.95095062,-208.1516571,838.380249,182.2855358
12428,45.35134888,-209.7748871,838.1596069,182.2610186
12429,40.69625854,-211.2359161,837.940918,182.2372846
12430,35.99065018,-212.5330353,837.7230835,182.214335
12431,21.94454765,-217.9646912,843.949646,182.1659335
12432,26.77249336,-217.125,844.2727051,182.1856981
12433,17.08503914,-218.6368103,843.6254272,182.1468224
12434,12.19844246,-219.1403656,843.3006592,182.1283608
12435,7.289657116,-219.4745636,842.9763184,182.1105456
12436,2.363065004,-219.6384735,842.6529541,182.0933702
12437,-2.576580524,-219.6313171,842.3314819,182.0768289
12438,31.56419945,-216.118927,844.5946045,182.2061192
12439,-17.17053986,-221.5921783,847.3833618,182.0483381
12440,-12.22822666,-222.0550232,847.812439,182.0628055
12441,-7.283902168,-222.3480072,848.2454834,182.0778161
12442,-21.95121956,-224.1165161,852.8319092,182.0503729
12443,-46.08020782,-222.7922821,855.3447266,182.0045321
12444,-41.30915451,-223.9820862,856.0120239,182.0157161
12445,-36.50460052,-225.0257416,856.6838989,182.0273238
12446,-31.67735672,-225.9215546,857.3561401,182.0393397
12447,-26.81685066,-226.6970673,858.0266724,182.0518306
12448,-50.93077469,-224.9008789,859.7815552,182.0071963
12449,-55.88025284,-226.8795471,863.9450073,182.0090237
12450,-60.92541504,-228.6724854,867.8276367,182.0100492
12451,-66.06168365,-230.2208557,871.4237671,182.0102994
12452,-71.28749084,-231.46138,874.7290039,182.009793
12453,-85.60732269,323.2714233,1012.585388,181.9772288
12454,-88.3625946,323.4986267,1017.677551,181.9776221
12455,-92.43612671,321.7090149,1018.268921,181.9755215
12456,-92.17732239,322.684845,1022.078735,181.9770943
12457,-89.97805786,324.0265503,1023.690796,181.9789459
12458,-91.09085083,323.3883057,1022.875061,181.9780224
12459,-94.47595978,320.0278015,1016.765503,181.9736719
12460,-97.42717743,315.8729248,1010.962219,181.9693994
12461,-98.18199921,316.0721436,1014.029175,181.9699556
12462,-96.39426422,318.1425171,1015.349854,181.9718163
12463,-99.10054779,313.6665649,1009.717834,181.9675709
12464,-100.631424,311.3103943,1008.576721,181.9657497
12465,-81.65157318,323.1405945,1008.462891,181.9777088
12466,-80.0206604,321.8707886,1002.666138,181.9763743
12467,-78.37273407,320.3780212,996.9317627,181.9750144
12468,-76.7016449,318.6731567,991.2583618,181.9736193
12469,-75.00117493,316.7670593,985.6450806,181.9721818
12470,-84.4480896,323.7588806,1013.447998,181.9781296
12471,-106.6079178,300.4449463,1015.417114,181.9594592
12472,-105.9266663,303.3722229,1015.677124,181.9613405
12473,-106.0731201,302.9409485,1015.82959,181.9610778
12474,-106.5073853,300.9777222,1015.494324,181.9598036
12475,-102.6712875,308.9177856,1010.702026,181.9643877
12476,-104.4508286,306.2675781,1013.057251,181.9629308
12477,-101.8949356,-288.3914185,986.2085571,182.1073666
12478,-101.9761734,-294.8263855,1000.345459,182.118697
12479,-102.5281601,-291.9682007,996.3383789,182.1139083
12480,-102.6047516,-295.0131836,1003.478271,182.1195459
12481,-103.226593,-295.1383667,1006.642334,182.1203682
12482,-103.8422928,-295.2007751,1009.837769,182.1211638
12483,-104.4522247,-295.1991882,1013.064636,182.1219332
12484,-101.3257828,-291.3707886,990.1571655,182.1121407
12485,-101.9318161,-291.6984558,993.2311401,182.1130399
12486,-105.0569,-295.1324158,1016.322876,182.1226808
12487,-105.8426819,-292.750885,1016.008484,182.1190214
12488,-105.9569321,-292.290741,1015.920166,182.118313
12489,-100.08255,-290.5464172,984.1094971,182.1102559
12490,-100.7095337,-290.9863586,987.1165771,182.1112126
12491,-98.7137146,-293.0110168,985.1502075,182.1140877
12492,-97.21911621,-295.3707886,986.2824707,182.1179123
12493,-96.50396729,-294.8038635,983.3604736,182.1169112
12494,-95.77955627,-294.1838989,980.4675293,182.1158925
12495,-95.04528809,-293.5121155,977.6036377,182.114851
12496,-93.54517365,-292.0179443,971.9627075,182.1127127
12497,-91.99920654,-290.3312073,966.4373779,182.1104966
12498,-90.40827179,-288.4617004,961.0326538,182.1081957
12499,-88.78401184,-286.4190979,955.7589722,182.1058008
12500,-87.13155365,-284.2132874,950.6113281,182.1032993
12501,-85.4562912,-281.8539734,945.5831909,182.1006776
12502,-83.76554108,-279.3510437,940.6655884,182.0979171
12503,-82.06762695,-276.7141724,935.8484497,182.0949957
12504,-80.37226868,-273.9533081,931.1195679,182.0918867
12505,-78.69008636,-271.078186,926.4660645,182.0885587
12506,-77.03282166,-268.0985718,921.8735962,182.0849757
12507,-75.41252136,-265.024292,917.3283081,182.081098
12508,-73.84181976,-261.8650818,912.8161011,182.0768866
12509,-68.65597534,-256.5600586,904.8352661,182.0720165
12510,-70.11025238,-259.9092102,909.3712769,182.076962
12511,-67.29022217,-253.1574707,900.2940063,182.0665628
12512,-66.02368164,-249.7112885,895.7390137,182.0605611
12513,-68.40711212,-240.5626221,885.0401611,182.0366073
12514,-64.86573029,-246.2313843,891.1634521,182.0539557
12515,-63.82428741,-242.7276154,886.5619507,182.0466911
12516,-67.50211334,-237.1218262,880.5335083,182.0285747
12517,-66.7191925,-233.6713409,875.9957886,182.0198195
12518,180.9528046,-38.61629868,692.1982422,107.6518644
12519,179.8546295,-42.95676804,692.019104,105.0423545
12520,181.7215576,-33.96373749,698.2865601,114.9693489
12521,180.7470551,-38.29660797,698.069458,112.3083454
12522,182.2703705,-29.20973206,710.5009766,127.388311
12523,181.4293518,-33.51506424,710.2248535,124.7790873
12524,182.0755768,-28.85439873,734.9907837,147.3239498
12525,182.1200714,-28.95954132,722.6538086,137.1578423
12526,182.0518036,-28.88324738,747.5554199,157.850196
12527,184.5332947,-3.137468815,762.2050781,182.2323628
12528,184.3199921,-7.46467638,761.9526978,181.1077886
12529,184.0199432,-11.78687763,761.6808472,178.3164308
12530,183.6331787,-16.10454941,761.3893433,175.5518132
12531,183.1591339,-20.41819572,761.0782471,173.1318839
12532,182.5973358,-24.72826767,760.7475586,170.8826866
12533,181.9473724,-29.03520966,760.397583,168.6968893
12534,184.1367798,-3.201007366,775.3087158,182.9549295
12535,183.9342041,5.534172535,782.3800659,182.9027592
12536,183.9341431,5.534172535,782.3821411,182.9027472
12537,183.6583557,5.534172535,787.6965332,182.8770809
12538,183.8270416,-3.242671013,781.9797974,182.9787106
12539,183.9422302,1.14303875,782.1918335,182.9402433
12540,183.0167084,9.975791931,795.7793579,182.8047218
12541,183.5443268,5.534172535,789.1195068,182.8707393
12542,183.5440369,5.534172535,789.1216431,182.8707299
12543,182.2715302,14.47185898,802.5396729,182.745317
12544,182.3753662,10.00529575,802.7179565,182.7824193
12545,181.0618286,23.52315331,809.2080078,182.6558602
12546,181.317688,19.03158569,809.4101562,182.6916166
12547,181.4957733,14.53644085,809.5935669,182.726924
12548,179.4170074,32.70808029,815.9708252,182.5757272
12549,179.8193054,28.18718529,816.1940918,182.6094064
12550,180.1451721,23.66334343,816.399231,182.6429971
12551,178.3522339,32.93317795,823.3077393,182.5673134
12552,176.6530762,37.76696396,830.5559082,182.5290104
12553,177.1104584,33.17117691,830.7607422,182.55838
12554,174.7164307,42.69319916,837.9435425,182.4942163
12555,175.2343445,38.05867004,838.1451416,182.5213357
12556,173.1128387,43.04101944,845.6719971,182.4875986
12557,168.6624298,62.25341797,852.7348633,182.3862091
12558,170.1183319,52.8365097,853.1551514,182.432914
12559,166.7191925,62.80899048,860.7910767,182.3843557
12560,164.5557556,63.38039017,868.9641724,182.3817232
12561,163.7821808,68.17203522,868.7824707,182.3614724
12562,162.9452972,72.95697784,868.5888672,182.3415101
12563,159.7571564,78.46099091,876.7468262,182.3221045
12564,160.6197357,73.63674164,876.9263916,182.3405961
12565,153.3827972,98.59946442,884.505127,182.2550143
12566,150.8374481,99.54932404,893.1929932,182.2575529
12567,154.4324036,93.7654953,884.6985474,182.2711483
12568,155.4252472,88.9210434,884.8823242,182.2876299
12569,156.3611603,84.06678009,885.0562134,182.3044475
12570,157.2403259,79.20327759,885.2203979,182.3215673
12571,150.4397888,95.12427521,897.7250977,182.2733142
12572,147.0807495,105.4366531,901.8294678,182.2451763
12573,145.637619,105.9509506,906.2620239,182.2461923
12574,144.1365967,106.4686508,910.7075806,182.2470389
12575,142.5776367,106.9892654,915.1621094,182.2477284
12576,140.9608002,107.5123825,919.6218872,182.2482734
12577,139.2864838,108.0374985,924.083252,182.2486856
12578,137.5552979,108.5641708,928.5424194,182.248977
12579,135.7677155,109.0919418,932.9954224,182.2491579
12580,119.5667648,169.9417877,940.7817993,182.1342222
12581,117.9650345,174.5815887,940.5631714,182.1264659
12582,121.1098404,161.2793884,945.7277222,182.1525977
12583,119.7511215,166.0890808,945.5759888,182.144423
12584,123.6390381,132.5774841,955.0858765,182.2089191
12585,121.7175064,133.2139435,959.4874268,182.2094659
12586,119.1590347,139.0740051,963.8900757,182.2008909
12587,118.4841614,144.2625275,963.9069214,182.1920429
12588,120.8518982,157.2005157,950.3967285,182.1627291
12589,120.3218079,153.000885,954.9829712,182.172704
12590,119.2738342,157.991745,954.913208,182.1642663
12591,117.7281647,149.4104614,963.9093018,182.1834329
12592,119.6506882,162.1038971,950.2870483,182.1544314
12593,128.7622681,121.0128403,946.250061,182.2279
12594,126.844368,121.5956497,950.6713257,182.2282191
12595,118.3108063,170.8344269,945.4017334,182.1365304
12596,133.9248352,109.6203918,937.4389648,182.2492395
12597,132.0275269,110.1489944,941.8693848,182.2492313
12598,103.4906464,188.892868,985.8118896,182.1372906
12599,100.5251312,199.713562,990.2130127,182.1263229
12600,99.18373108,200.764328,994.5875244,182.1273807
12601,104.9501801,187.924408,981.4104614,182.136112
12602,106.374527,186.9516602,976.9698486,182.1348022
12603,107.7613754,185.975708,972.4920044,182.1333645
12604,109.1089783,184.9975281,967.9793091,182.1317921
12605,110.4157181,184.0183411,963.4343262,182.1300729
12606,111.6798172,183.0392761,958.8594971,182.1282155
12607,112.9001617,182.0614014,954.2579956,182.1261941
12608,114.0755386,181.0858917,949.6325073,182.1239827
12609,115.2051926,180.1138,944.9864502,182.1215889
12610,91.96912384,208.4555359,1015.87616,182.12863
12611,96.4127121,202.8422089,1003.203491,182.1292408
12612,97.81208038,201.8076477,998.9180908,182.1283703
12613,94.98807526,203.8666382,1007.442261,182.130047
12614,93.54096222,204.8796082,1011.633423,182.1307518
12615,89.06962585,210.4627228,1024.041748,182.1297278
12616,89.01988983,213.0861053,1024.153931,182.1269909
12617,88.85243225,215.7305145,1024.187744,182.1242469
12618,88.55780029,218.3922272,1024.136719,182.121489
12619,88.13201904,221.0655518,1023.998291,182.1187124
12620,87.57069397,223.7440033,1023.769592,182.1159126
12621,86.87001038,226.4204254,1023.448242,182.1130855
12622,86.02636719,229.0870209,1023.031921,182.1102271
12623,85.03630066,231.7350159,1022.51886,182.107334
12624,83.89692688,234.3547058,1021.907837,182.1044036
12625,82.60571289,236.9356995,1021.197937,182.1014334
12626,81.16491699,239.4650879,1020.391602,182.0984262
12627,79.62208557,241.9152527,1019.520996,182.0954317
12628,77.99466705,244.2733917,1018.597473,182.0924661
12629,66.84767914,257.2005005,1021.279907,182.0798845
12630,68.80229187,255.3681488,1022.461548,182.0826323
12631,70.69432068,253.4121552,1023.600952,182.0854114
12632,75.92647552,246.8449707,1026.724121,182.0939284
12633,74.26234436,249.1446991,1025.735596,182.0910603
12634,72.51664734,251.3359528,1024.693604,182.0882212
12635,60.8899231,263.1734314,1026.593872,182.076146
12636,62.94208145,261.5766296,1027.889526,182.078783
12637,64.93797302,259.8469543,1029.145508,182.0814463
12638,50.54461288,276.6388245,1070.318481,182.083483
12639,52.10342407,274.7745361,1063.443604,182.0824564
12640,53.73635483,272.7410583,1056.383789,182.0813752
12641,55.44009399,270.5513611,1049.156738,182.0802264
12642,57.20740128,268.2183228,1041.776001,182.0789911
12643,59.02838135,265.7547302,1034.252319,182.0776442
12644,49.03754044,278.3212891,1076.97229,182.0844475
12645,46.99599075,279.9406433,1075.467651,182.0821868
12646,44.85541153,281.3575439,1073.890991,182.0799262
12647,42.62947464,282.5629272,1072.252319,182.0776649
12648,40.33323669,283.5513611,1070.562622,182.0754023
12649,37.98648071,284.3435669,1068.835938,182.073137
12650,33.27908707,285.8616943,1065.372192,182.0685895
12651,5.077356339,295.0540466,1044.616211,182.0411634
12652,-13.69251919,301.2676086,1030.794922,182.0235913
12653,23.87075996,288.9095154,1058.448975,182.0594459
12654,-51.2040329,313.9091492,1003.1698,181.9903253
12655,-32.44919205,307.5525513,1016.980164,182.0062486
12656,-55.89379883,315.5092773,999.7178345,181.9865544
12657,-58.23903275,316.3109741,997.9918823,181.9847016
12658,-60.58978271,317.0873108,996.2619629,181.98287
12659,-62.97681427,317.6470032,994.5047607,181.9810547
12660,-65.38931274,317.9608154,992.7278442,181.9792546
12661,-67.81044006,318.0351562,990.9436646,181.97747
12662,-70.23036957,317.8518677,989.1605835,181.9756963
12663,-72.63197327,317.4231873,987.3909912,181.9739335
12664,178.6509399,-47.27730179,691.8338623,102.5597249
12665,174.3074341,-59.69551086,696.8689575,100.9096009
12666,175.8055573,-55.45627975,697.1234741,102.8877891
12667,177.1981659,-51.1950531,697.3710938,105.034445
12668,170.9819641,-67.75951385,701.9419556,102.5914731
12669,172.6713104,-63.57040787,702.2579956,104.1662114
12670,167.3516235,-75.80672455,706.8887939,105.3413707
12671,169.2362366,-71.65985107,707.2631836,106.4556644
12672,165.4863586,-79.75746918,712.1660767,109.7791933
12673,159.1137543,-91.96772003,716.5161133,114.0709123
12674,161.4060059,-87.88906097,716.9946899,114.1177781
12675,163.5839233,-83.78514862,717.4661255,114.4870898
12676,157.281311,-96.19448853,727.65271,125.1523916
12677,150.0392151,-108.996376,738.0403442,138.1451312
12678,152.8395691,-104.8924942,738.6223145,137.3616185
12679,155.4643402,-100.7725143,739.2098389,136.8698081
12680,147.8645172,-113.9792938,750.0710449,150.7526005
12681,142.2152405,-123.3873215,762.151062,165.2041678
12682,145.5006256,-119.2604752,762.7197266,164.0628919
12683,138.7087402,-127.4898911,761.6115723,166.5936756
12684,134.9676514,-131.5695953,761.1075439,168.2177646
12685,127.7030334,-141.1779175,773.9793091,183.2000775
12686,123.2377243,-145.2196198,773.5185547,183.9025972
12687,135.395401,-132.2826538,767.9393311,174.6717823
12688,131.8760223,-137.1226807,774.4500122,182.5101131
12689,118.4568024,-149.2515564,773.039856,183.9055117
12690,113.371994,-153.250946,772.5200806,183.1556547
12691,103.7012558,-160.1883545,771.9022827,182.8516176
12692,108.3873444,-156.9311218,772.1123047,182.9313535
12693,101.1208267,-164.7437134,786.1404419,182.8122304
12694,97.28958893,-167.2726135,786.3127441,182.7455253
12695,105.3417282,-161.8456726,786.1896973,182.8923496
12696,95.56611633,-171.7346649,801.3898315,182.6932378
12697,85.11077881,-178.7318268,801.8521118,182.557396
12698,89.46472168,-177.7823486,809.2745361,182.6018979
12699,92.96258545,-175.369339,809.1766968,182.6435494
12700,88.72520447,-176.3617096,801.7802734,182.6021503
12701,78.0683136,-185.1657257,809.2028198,182.4772294
12702,82.03371429,-182.695694,809.2689819,182.5187437
12703,74.62020874,-189.3491058,816.6126099,182.444274
12704,62.94595718,-200.1988373,831.4100342,182.3578843
12705,71.02265167,-193.6399384,824.083313,182.4143977
12706,67.2780838,-197.9808197,831.5797119,182.3876351
12707,58.96445465,-204.4256439,838.8330078,182.336897
12708,50.27287674,-210.4573364,845.8696899,182.2943421
12709,54.81150055,-208.6404114,846.1873779,182.3180039
12710,45.6739006,-212.1154022,845.5523071,182.2713134
12711,41.01964188,-213.6128082,845.234375,182.2489295
12712,36.31483841,-214.9477692,844.9151611,182.2271968
12713,17.30277634,-221.2789307,850.4349976,182.1611335
12714,22.16004753,-220.5627441,850.8717041,182.1794635
12715,26.98605728,-219.6810303,851.3060913,182.1983477
12716,12.41927719,-221.8286743,849.9969482,182.1433607
12717,7.514083385,-222.2111969,849.5581055,182.126144
12718,2.592021227,-222.425705,849.1193848,182.1094826
12719,-2.342274666,-222.4714508,848.6814575,182.0933739
12720,31.7762146,-218.634964,851.7379761,182.2177848
12721,-17.02692223,-224.6812439,853.3811646,182.0640792
12722,-12.09438419,-225.0792236,853.9342651,182.0782633
12723,-7.158479214,-225.3106232,854.4902344,182.092927
12724,-21.91904831,-227.3495636,858.7011719,182.0648272
12725,-46.19518661,-226.2447968,860.5651245,182.0180362
12726,-41.41997528,-227.4361115,861.3552856,182.0292469
12727,-36.6098938,-228.473465,862.1511841,182.040831
12728,-31.76993752,-229.3556976,862.9519653,182.0527905
12729,-26.90461922,-230.0827789,863.7568359,182.0651288
12730,-51.18448257,-228.4004822,864.8466797,182.0195732
12731,-56.2730484,-230.3955688,868.8483276,182.0203629
12732,-61.45385361,-232.1723785,872.5649414,182.020436
12733,-86.06452179,324.5513,1019.377014,181.9794461
12734,-87.22381592,324.0599365,1018.519775,181.9785354
12735,-88.84095001,324.5951843,1024.524292,181.9798669
12736,-95.26524353,320.2172241,1019.814819,181.97429
12737,-93.23609161,321.9195862,1021.302673,181.9761634
12738,-93.1032486,322.8443604,1025.609009,181.9778643
12739,-93.56816864,322.5270081,1025.260376,181.9774537
12740,-94.03704834,322.0646667,1024.356567,181.9768183
12741,-92.16558075,323.4842834,1026.312012,181.9786875
12742,-92.02880096,323.5640259,1026.414673,181.9788038
12743,-90.75333405,324.3070068,1027.37085,181.9798842
12744,-90.92313385,324.2080994,1027.24353,181.9797409
12745,-97.16819763,318.306427,1018.418335,181.9724059
12746,-99.83018494,313.8341064,1012.809753,181.968094
12747,-100.5576782,313.937561,1015.927551,181.9686128
12748,-98.93546295,316.2072754,1017.120239,181.9705125
12749,-101.329895,311.4442444,1011.698242,181.9662363
12750,-82.07939911,324.5214539,1015.209534,181.9799336
12751,-83.27152252,324.1768188,1014.32312,181.9790315
12752,-80.46196747,323.4894714,1009.350769,181.9786037
12753,-78.83360291,322.2227478,1003.553162,181.9772623
12754,-75.99291992,321.0230713,998.7068481,181.9767811
12755,-74.32727814,319.3248901,993.0214233,181.9753779
12756,-84.88652802,324.9687195,1020.247681,181.9803557
12757,-105.0555191,306.2009583,1016.315369,181.963273
12758,-105.525856,304.9028931,1016.24884,181.9624048
12759,-105.9565735,303.3587646,1015.918823,181.9613586
12760,-103.327713,308.9524231,1013.887024,181.9648148
12761,-100.6752167,-297.3668823,1001.329773,182.122647
12762,-101.340271,-294.5792542,997.2440186,182.1178227
12763,-101.3462753,-297.5898438,1004.426941,182.1235453
12764,-102.01194,-297.7511597,1007.553467,182.1244308
12765,-102.6727295,-297.8496704,1010.70929,182.1253076
12766,-103.329216,-297.8840942,1013.894409,182.1261825
12767,-103.9819031,-297.8532715,1017.109009,182.1270693
12768,-100.6965561,-294.2729492,994.1737671,182.1169243
12769,-100.0445404,-293.9086304,991.1347046,182.1160022
12770,-105.227478,-294.762085,1016.481018,182.1221593
12771,-105.0958099,-295.1201477,1016.581543,182.1227408
12772,-104.5026398,-296.734375,1017.034302,182.1253211
12773,-99.38381958,-293.4875793,988.12677,182.1150565
12774,-97.92549133,-295.8834534,989.2335205,182.1188943
12775,-96.34325409,-298.1638489,990.430542,182.1227222
12776,-95.60649872,-297.6162109,987.5007324,182.1217274
12777,-94.86191559,-297.0144653,984.5980835,182.1207157
12778,-93.34707642,-295.6532898,978.8742065,182.1186484
12779,-91.79413605,-294.090271,973.2587891,182.1165201
12780,-90.19846344,-292.3353577,967.7512207,182.114325
12781,-88.5604248,-290.3984375,962.3567505,182.1120582
12782,-86.89146423,-288.2893066,957.0859985,182.1097074
12783,-85.19608307,-286.0179443,951.9348755,182.1072606
12784,-83.48023224,-283.5942688,946.8966675,182.1047017
12785,-81.75070953,-281.0281067,941.9632568,182.102012
12786,-80.01628876,-278.3294067,937.1246338,182.0991677
12787,-78.28646088,-275.5081177,932.3690186,182.0961412
12788,-76.57219696,-272.5741272,927.6837158,182.0928997
12789,-74.88491058,-269.5373535,923.0549927,182.0894064
12790,-73.23715973,-266.4077148,918.4689331,182.0856197
12791,-71.64143372,-263.1950378,913.9118652,182.0814955
12792,-62.72690582,-255.3302765,902.1967773,182.0762855
12793,-67.86962128,-261.1175232,910.428894,182.0816691
12794,-64.12229156,-258.8167725,906.852478,182.0815529
12795,-61.43487167,-251.8046265,897.5228882,182.0704473
12796,-60.25580215,-248.2500153,892.824646,182.0639868
12797,-62.9056015,-239.2099152,881.9302368,182.0387151
12798,-59.19741821,-244.6764374,888.0975342,182.0568456
12799,-58.26622772,-241.0940704,883.3380737,182.0489652
12800,-62.1144104,-235.6881866,877.2652588,182.0299786
12801,179.6685333,-42.61368561,697.8444214,109.7573026
12802,178.4856567,-46.91365433,697.6115112,107.3269366
12803,180.5935974,-38.02835846,703.9814453,117.1677265
12804,179.5333557,-42.32641983,703.7166748,114.6518278
12805,181.3058777,-33.24082565,722.3308105,134.6887266
12806,180.3937531,-37.51453781,721.9935913,132.3194285
12807,180.4876556,-37.80978775,709.9372559,122.3435744
12808,181.2878418,-33.16515732,747.1878052,155.6311088
12809,181.2866821,-33.12831879,734.6380615,144.9879384
12810,181.2083893,-33.33935165,760.0282593,166.5698066
12811,183.9333954,-7.560610294,775.0684204,183.0201616
12812,183.6457214,-11.9155941,774.8082886,183.3388445
12813,183.2737885,-16.2665844,774.5280151,183.7463934
12814,182.817276,-20.6139679,774.2279053,182.9394856
12815,182.275528,-24.95828247,773.9077759,181.9681875
12816,181.6481628,-29.29994392,773.5679932,179.9876569
12817,180.9344788,-33.63936996,773.2084961,177.9979708
12818,183.6287384,-7.62343359,781.7481079,183.0382404
12819,183.5339966,1.119226694,788.9406128,182.9108369
12820,183.2295837,-7.695584774,788.5170898,182.9927898
12821,183.4227142,-3.29050374,788.7386475,182.9508681
12822,182.9967804,5.534172535,795.9470825,182.8431758
12823,182.9965363,5.534172535,795.9494629,182.8431668
12824,182.6175079,5.534172535,800.6768799,182.8261431
12825,181.5961914,10.03742313,809.758606,182.7616432
12826,182.3729553,5.534172535,802.8743896,182.8185203
12827,182.3727112,5.534172535,802.8770142,182.8185114
12828,180.3948822,19.13633919,816.5861206,182.676394
12829,180.5684204,14.60599995,816.7548828,182.7095058
12830,180.6656036,10.07202339,816.9057007,182.742268
12831,178.7454376,28.37446404,823.5137329,182.5987492
12832,179.063797,23.81277084,823.7022095,182.6301476
12833,179.3075714,19.24806976,823.8731079,182.661425
12834,177.4944611,28.57246971,830.9487305,182.5877657
12835,175.6805115,33.42103958,838.3306885,182.5490569
12836,176.0552216,28.78043175,838.5003052,182.5763266
12837,174.0517578,33.68178177,846.0194092,182.5390087
12838,171.3015747,43.40192795,853.5194092,182.4805465
12839,168.1275635,53.30139542,861.1646729,182.4282489
12840,165.9136353,53.77933502,869.2914429,182.4229691
12841,162.164032,63.96582794,877.2526245,182.3784216
12842,161.4219818,68.80480194,877.0949707,182.3593779
12843,158.0625153,74.33113861,885.3745728,182.3389779
12844,158.8278961,69.45094299,885.5189209,182.3566401
12845,151.8292694,94.66728973,893.3582153,182.2728561
12846,152.7680054,89.77458191,893.5146484,182.2883561
12847,153.6538849,84.87174225,893.6622925,182.3042907
12848,154.4864044,79.95936584,893.8010254,182.3203467
12849,155.2658081,75.03804779,893.9309692,182.3368178
12850,152.2099915,85.27919769,898.0030518,182.303863
12851,148.9910736,95.58480835,902.1130371,182.2737163
12852,147.4827423,96.04850769,906.5183716,182.2739636
12853,145.9149628,96.51490784,910.9370117,182.2740683
12854,144.2879028,96.9836731,915.3649292,182.2740422
12855,142.6018372,97.45439911,919.7985229,182.2738972
12856,140.8571014,97.92667389,924.2339478,182.2736446
12857,139.0542603,98.40008545,928.6673584,182.2732958
12858,137.1941833,98.87424469,933.0950317,182.2728612
12859,116.7932358,175.5110321,945.2045898,182.1289184
12860,118.3678131,166.94841,950.1560669,182.1464072
12861,117.0077286,171.7299194,950.0031738,182.1386577
12862,124.8771515,122.1773911,955.069397,182.228458
12863,119.7507935,133.8483429,963.8598633,182.2099573
12864,122.8623352,122.7576141,959.4413452,182.22862
12865,115.2014389,140.3922424,972.5690308,182.201947
12866,117.7410431,134.4801483,968.2005005,182.2103434
12867,114.6375198,145.6406097,972.619751,182.193415
12868,118.1445389,162.929184,954.8237915,182.1561127
12869,116.8931656,154.5147247,963.8960571,182.175062
12870,117.6498795,158.7825165,959.4038696,182.1656475
12871,116.5928802,163.7543793,959.335022,182.157647
12872,114.001091,150.8507385,972.6580811,182.1851059
12873,116.9379883,167.8090363,954.7139282,182.1482299
12874,130.0772095,110.67733,946.2833252,182.2491433
12875,128.0752411,111.2049789,950.6773682,182.2489841
12876,115.5747147,176.4440765,949.8280029,182.131182
12877,135.27771,99.34872437,937.5133057,182.2723514
12878,133.306076,99.82318115,941.9187012,182.2717752
12879,103.3743591,179.7602844,990.0995483,182.1513177
12880,101.9982071,189.8557892,990.1722412,182.1383858
12881,104.2807922,183.9163055,985.8079834,182.1437372
12882,100.4753342,190.812088,994.4896851,182.1393604
12883,105.8276215,182.9912415,981.4328003,182.1426177
12884,107.3399124,182.0615845,977.0181885,182.1413843
12885,108.8153076,181.1282349,972.5661011,182.1400308
12886,110.2517166,180.1923828,968.0786743,182.1385526
12887,113.0006866,178.3171234,959.0079956,182.1351834
12888,111.6474228,179.2550049,963.5584106,182.1369409
12889,114.310257,177.3798218,954.4302368,182.1332684
12890,92.07388306,205.8798981,1015.775818,182.1314025
12891,90.58945465,206.8662872,1019.868713,182.1319666
12892,97.34809113,192.70047,1002.990479,182.1410498
12893,98.92436218,191.7606964,998.7628784,182.1402481
12894,95.74940491,193.6303711,1007.171387,182.1417755
12895,94.13113403,194.549118,1011.304504,182.1424273
12896,89.0904007,207.8373108,1023.911499,182.1324855
12897,87.57930756,208.7917633,1027.902832,182.1329306
12898,86.1177063,212.4024353,1032.001831,182.1305907
12899,86.14781189,215.0758209,1032.142944,182.1278646
12900,86.05834198,217.7710876,1032.203247,182.1251368
12901,85.83992004,220.4841614,1032.176392,182.122401
12902,85.4883728,223.2090607,1032.059448,182.1196528
12903,84.99967194,225.9390106,1031.849854,182.1168879
12904,84.36977386,228.6665802,1031.545044,182.1141022
12905,83.59509277,231.3835297,1031.1427,182.1112918
12906,82.67217255,234.0808868,1030.640869,182.1084533
12907,81.59812927,236.7487183,1030.03833,182.1055839
12908,80.37017822,239.3762207,1029.333862,182.1026809
12909,78.99057007,241.9503021,1028.529663,182.0997463
12910,77.50379181,244.4442291,1027.656128,182.096824
12911,66.87110138,257.9859314,1030.357788,182.0841373
12912,68.73475647,255.9967957,1031.522217,182.0868563
12913,70.52164459,253.8838654,1032.634277,182.0896029
12914,75.36175537,246.8695374,1035.619507,182.0979997
12915,73.84007263,249.3124847,1034.685791,182.0951753
12916,72.22502899,251.6532898,1033.689697,182.0923759
12917,61.07031631,264.1385498,1035.584229,182.0802277
12918,63.04877472,262.3829651,1036.871094,182.0828354
12919,64.95710754,260.4906311,1038.108521,182.0854682
12920,50.96822357,276.5116882,1078.396362,182.0867094
12921,52.50095749,274.8722229,1071.744751,182.0858027
12922,54.08185196,273.0461121,1064.864136,182.0848323
12923,55.734272,271.0466003,1057.791748,182.0838057
12924,57.45502853,268.8867188,1050.545288,182.0827095
12925,59.23687744,266.5795898,1043.13916,182.0815252
12926,49.45819855,277.9513245,1084.812378,182.0875566
12927,47.55731964,279.809021,1083.398438,182.0853534
12928,45.53364944,281.4673462,1081.895142,182.0831483
12929,43.40019226,282.9115601,1080.312134,182.0809397
12930,41.17291641,284.130249,1078.661011,182.0787271
12931,38.86907578,285.116394,1076.954102,182.0765099
12932,36.51239777,285.8970337,1075.208496,182.0742871
12933,31.78640556,287.3959351,1071.70752,182.0698159
12934,-15.30746174,302.7450256,1036.79834,182.0250863
12935,3.49984479,296.5231934,1050.746338,182.042689
12936,-34.09339905,309.0814514,1022.861023,182.0078609
12937,22.34511948,290.4121094,1064.713135,182.060797
12938,-52.87643433,315.5328979,1008.930786,181.9918536
12939,-57.5740242,317.1634521,1005.449158,181.9880582
12940,-59.92328262,317.9812012,1003.708618,181.9861926
12941,-62.27770996,318.7761536,1001.964233,181.9843481
12942,-64.66550446,319.3695984,1000.194092,181.9825222
12943,-67.07628632,319.734436,998.4052734,181.9807149
12944,-69.49589539,319.8707275,996.6084595,181.9789263
12945,-70.70841217,319.8353882,995.7081909,181.9780355
12946,-71.91963959,319.7310181,994.8088989,181.9771468
12947,174.2541199,-59.35928345,702.5665283,105.9344957
12948,175.7309418,-55.12779999,702.8670044,107.8782157
12949,177.1026764,-50.87747955,703.1591187,109.9899857
12950,171.0123596,-67.49028015,707.6298828,107.8100873
12951,172.6809692,-63.29998398,707.9882812,109.3712188
12952,167.460556,-75.62304688,712.5872803,110.66529
12953,169.3247833,-71.4670105,713.0003052,111.8094963
12954,165.648819,-79.6581955,717.9296265,115.1582381
12955,159.6456451,-92.09456635,728.1956787,125.0597763
12956,161.8932495,-87.97190857,728.7305908,125.2503103
12957,164.0262909,-83.8286438,729.256897,125.712071
12958,157.9197845,-96.63891602,739.7965698,136.6484069
12959,150.8041229,-109.8455811,750.666748,149.8900265
12960,153.5570526,-105.6914597,751.2740479,149.3075759
12961,156.1279907,-101.5206299,751.883728,148.9890269
12962,148.5780792,-115.1079407,763.3112183,163.1736322
12963,142.5709686,-124.0731354,769.0040283,171.6152517
12964,139.0998077,-128.1907501,768.4556274,173.0342494
12965,145.8216248,-119.9287796,769.5784302,170.5324652
12966,128.1491089,-142.0016785,781.1313477,183.3150085
12967,124.2242661,-146.9091644,787.9664917,183.2729717
12968,119.6103058,-150.9194336,787.453186,183.2516006
12969,135.7812195,-133.0470123,774.944519,181.5196007
12970,132.2610626,-137.9451447,781.6169434,183.1848466
12971,114.712265,-154.8869019,786.901001,183.123106
12972,109.8967438,-158.5589447,786.4537964,182.993052
12973,102.8054276,-166.6993866,801.0823975,182.79846
12974,99.01290894,-169.3576813,801.1503296,182.7421959
12975,110.6240387,-159.4475861,793.9002075,182.9644351
12976,106.9212799,-163.7173157,801.2106934,182.8626357
12977,96.36138916,-172.977356,809.0041504,182.6856138
12978,85.83124542,-180.2262878,809.3010254,182.5603542
12979,90.14987183,-179.293396,816.9284668,182.5970046
12980,86.49578094,-181.8124847,816.9042969,182.5588028
12981,93.6754303,-176.7935028,816.8905029,182.6351611
12982,78.72080231,-186.8694,816.7215576,182.4821462
12983,82.68725586,-184.345459,816.8283081,182.5204616
12984,75.20729065,-191.1912842,824.2234497,182.4485338
12985,63.36846542,-202.326767,839.0685425,182.3637147
12986,71.53305054,-195.6126099,831.7664185,182.4182765
12987,67.6989212,-200.0758514,839.3129272,182.3912641
12988,59.28495026,-206.6663666,846.5063477,182.3422839
12989,45.88323212,-214.5237274,853.0159912,182.2793558
12990,50.4817009,-212.833847,853.4359131,182.3009356
12991,55.02017593,-210.9871979,853.8532104,182.3230206
12992,41.229599,-216.0549774,852.5931396,182.2582966
12993,36.52566147,-217.4258575,852.1671143,182.23777
12994,12.52123165,-224.5754242,856.7234497,182.1563819
12995,17.40106392,-223.9787903,857.2797241,182.1734402
12996,22.25523567,-223.2184601,857.8335571,182.1909704
12997,27.07877159,-222.2952271,858.3842163,182.2089667
12998,7.620567322,-225.0075836,856.1655884,182.1397996
12999,2.703794956,-225.2745514,855.6068115,182.1236953
13000,-2.224183083,-225.3756714,855.0480347,182.1080708
13001,31.86696243,-221.2102966,858.9311523,182.2274227
13002,-17.00613403,-227.841156,859.3794556,182.0782506
13003,-12.08386421,-228.1700745,860.0604858,182.0920968
13004,-7.157152653,-228.3363037,860.7432861,182.1063647
13005,-22.01863289,-230.6539764,864.5650635,182.0778473
13006,-46.44573212,-229.7598572,865.7565918,182.0304363
13007,-41.66788483,-230.9567413,866.6738892,182.0416167
13008,-36.85348511,-231.9910583,867.5985107,182.0531226
13009,-32.0022316,-232.8619843,868.5325928,182.0649711
13010,-27.13260651,-233.5391083,869.475708,182.0771068
13011,-51.57541275,-231.9477539,869.8782349,182.0309346
13012,-56.80174255,-233.9434662,873.7145386,182.0307723
13013,-86.50288391,325.5055237,1026.237793,181.9816999
13014,-87.68186188,325.0896606,1025.373901,181.9807849
13015,-89.33873749,324.9946594,1028.431396,181.981042
13016,-89.79090118,324.7748413,1028.092407,181.980673
13017,-97.9422226,318.4050598,1021.509521,181.9730071
13018,-96.05511475,320.3411865,1022.885681,181.9749215
13019,-94.15120697,322.0677185,1024.82312,181.9769184
13020,-94.95018768,321.4383545,1024.223877,181.9761791
13021,-99.68830109,316.2770081,1020.235657,181.9710777
13022,-102.0252457,311.5140381,1014.847412,181.9667117
13023,-102.7179565,311.5185242,1018.023987,181.9671818
13024,-101.2835541,313.975769,1019.071472,181.9691342
13025,-82.48472595,325.5636902,1022.022339,181.9821726
13026,-83.69218445,325.3078613,1021.130188,181.9812645
13027,-80.87485504,324.7881775,1016.105042,181.9808363
13028,-79.26042938,323.7657166,1010.247375,181.9795002
13029,-77.63523102,322.5070496,1004.448303,181.9781526
13030,-76.4280014,322.7200317,1005.349976,181.9790448
13031,-74.78905487,321.2479553,999.6046143,181.9776686
13032,-85.30661774,325.8380127,1027.114258,181.9826124
13033,-103.9803543,308.9217224,1017.101624,181.9652252
13034,-104.8673782,306.849823,1016.750549,181.9637651
13035,-105.0914917,306.1871338,1016.579773,181.9632982
13036,-99.22425842,-299.7877502,1002.423157,182.1265891
13037,-99.99815369,-297.0835571,998.2619019,182.1217338
13038,-99.93074036,-300.0458984,1005.489807,182.127537
13039,-100.6330032,-300.2424622,1008.583801,182.1284844
13040,-101.3315201,-300.3761597,1011.705383,182.1294387
13041,-102.026825,-300.4458008,1014.854675,182.1304107
13042,-102.7196274,-300.4501343,1018.031372,182.1314172
13043,-103.6640472,-298.678009,1017.671448,182.1285208
13044,-104.0258636,-297.8394165,1017.396545,182.127147
13045,-99.3144989,-296.7410583,995.2232666,182.1208045
13046,-98.62386322,-296.3406067,992.2137451,182.1198582
13047,-97.07287598,-298.6560364,993.3876343,182.1237051
13048,-95.40007019,-300.8442078,994.6502075,182.1275398
13049,-94.64466858,-300.318573,991.7122192,182.1265368
13050,-93.11406708,-299.1026001,985.9127197,182.1245045
13051,-91.5528717,-297.675415,980.2147217,182.1224347
13052,-89.95633698,-296.046936,974.617981,182.1203145
13053,-88.31951904,-294.2272644,969.1218872,182.1181403
13054,-86.64253998,-292.2263794,963.7316284,182.1159059
13055,-84.93605804,-290.0542297,958.4585571,182.1135987
13056,-83.20470428,-287.7208557,953.298645,182.1112049
13057,-81.45425415,-285.2362671,948.2459717,182.1087081
13058,-79.69189453,-282.6104431,943.2922363,182.1060878
13059,-77.92604828,-279.8534241,938.4282227,182.1033199
13060,-76.16657257,-276.9753113,933.6421509,182.1003753
13061,-74.42425537,-273.9860229,928.921875,182.0972205
13062,-72.71084595,-270.8955994,924.2537231,182.0938172
13063,-71.03881836,-267.7140503,919.6243286,182.0901226
13064,-69.42092133,-264.4513855,915.0200806,182.0860902
13065,-56.79089355,-253.6503143,899.333313,182.0803596
13066,-58.10293961,-257.2407227,904.1314697,182.0860008
13067,-61.83030319,-259.8417969,907.8751221,182.0863385
13068,-65.61044312,-262.2541809,911.4974976,182.0863445
13069,-55.59488297,-250.0351105,894.5078735,182.0740721
13070,-54.52284622,-246.4053955,889.6512451,182.0670864
13071,-57.46655655,-237.513031,878.5442505,182.0402914
13072,-53.58105087,-242.7714844,884.7609863,182.0593389
13073,-52.77421188,-239.1436462,879.8355713,182.0507683
13074,178.369873,-46.60984802,703.4425049,112.2459009
13075,179.4445496,-42.09300995,709.6384888,119.8214456
13076,178.2993317,-46.36383057,709.3288574,117.3717192
13077,180.4025726,-37.39687729,734.2689819,142.7393543
13078,179.4221039,-41.659832,733.8838501,140.5828197
13079,179.3826447,-41.78005219,721.6425171,130.0573149
13080,180.3793488,-37.64080811,759.6398926,164.4971336
13081,180.4313049,-37.44337082,746.8022461,153.498864
13082,180.1334534,-37.97665024,772.8296509,176.3304348
13083,183.3473969,-11.99984455,781.496521,183.1262912
13084,182.9831238,-16.37241173,781.2249756,183.1708513
13085,182.5354919,-20.74158096,780.9334717,183.0269704
13086,182.0040283,-25.10779953,780.6221313,182.8910158
13087,181.3881073,-29.47151566,780.2909546,183.0674495
13088,180.6872406,-33.83314514,779.9401855,183.2953047
13089,179.9004059,-38.19280624,779.5700684,182.5512182
13090,182.9547272,-12.09649372,788.2758179,183.0323745
13091,183.0164795,1.092523813,795.7816772,182.8814936
13092,182.9090729,-3.344237328,795.5910034,182.9185409
13093,182.7210083,-7.776587486,795.3809204,182.9541494
13094,182.4526062,-12.20497417,795.1514893,182.9864863
13095,182.3750305,1.063019514,802.720459,182.8545047
13096,181.5910339,5.534172535,809.9019775,182.7958774
13097,181.5907593,5.534172535,809.9047241,182.7958689
13098,181.3428955,5.534172535,812.1318359,182.789115
13099,179.4766998,14.68017769,824.0264893,182.6925186
13100,179.5711823,10.10891819,824.1625366,182.723382
13101,180.643219,5.534172535,817.0324097,182.7745457
13102,180.6428986,5.534172535,817.0353394,182.7745372
13103,179.7503815,5.534172535,823.2865601,182.7567116
13104,177.8053284,23.97081375,831.1199341,182.6171817
13105,178.0433655,19.36626434,831.274231,182.6464978
13106,178.2084656,14.75867653,831.4118042,182.6756886
13107,176.3587494,24.13684273,838.6538086,182.6041037
13108,174.7129822,24.310112,846.3060913,182.5906456
13109,172.214447,33.95235443,853.8269653,182.5287429
13110,169.2736359,43.77457428,861.4857788,182.4729551
13111,167.0202026,44.15765381,869.5701904,182.4649241
13112,163.4681396,54.26874924,877.5348511,182.4171845
13113,159.5364227,64.5633316,885.6533203,182.374551
13114,155.9916992,70.10844421,894.0519409,182.3533159
13115,156.6643066,65.17106628,894.1641846,182.3701793
13116,153.7750854,75.39561462,898.2477417,182.3354516
13117,155.1338959,65.47814941,898.4589844,182.3678567
13118,150.705368,85.6895752,902.3653564,182.3034092
13119,149.1397247,86.10245514,906.7455444,182.3028297
13120,147.513382,86.51753998,911.1394653,182.302136
13121,145.8263702,86.93447876,915.5430908,182.301339
13122,144.0790863,87.35290527,919.9526367,182.3004503
13123,142.2719269,87.77249146,924.3643799,182.2994807
13124,140.4057312,88.19290924,928.7745361,182.2984411
13125,138.4812164,88.61374664,933.1791382,182.2973421
13126,115.6583405,172.6273956,954.5827637,182.1406154
13127,126.023468,111.7314377,955.0484009,182.2487629
13128,120.8022156,123.3357162,963.7843018,182.2287181
13129,123.9238358,112.2562866,959.3934937,182.2484873
13130,115.6908493,135.1087646,972.506897,182.2106846
13131,113.6027527,135.7336273,976.7768555,182.2109348
13132,111.0922012,141.6953583,981.1019897,182.2027083
13133,118.6989822,123.9112625,968.0955811,182.2287546
13134,110.6390305,147.0035248,981.1866455,182.1944735
13135,115.4627762,168.6701508,959.24646,182.1499002
13136,113.2943268,156.0196533,972.6829834,182.1770045
13137,115.981514,159.5720978,963.8658447,182.1669511
13138,114.9969635,164.5787048,963.817688,182.1590548
13139,113.9436035,169.5306854,963.7509155,182.151431
13140,111.4365082,156.766983,977.0228882,182.1778075
13141,110.1220169,152.2759857,981.2612305,182.1863986
13142,114.2638855,173.5257874,959.1375732,182.1424137
13143,131.2806549,100.2971573,946.3078613,182.2711423
13144,129.2029572,100.7702942,950.6773071,182.2704604
13145,136.4993744,89.0346756,937.574585,182.2961961
13146,134.4615479,89.45539856,941.9575195,182.2950068
13147,101.683136,180.6316071,994.364563,182.1521807
13148,104.6062622,169.4590454,989.9761353,182.1651204
13149,105.036644,178.8822174,985.7912598,182.1504062
13150,106.6673355,177.9983673,981.4414062,182.1493578
13151,108.2636948,177.1096649,977.0516357,182.1482065
13152,109.8236389,176.2170868,972.6240845,182.146938
13153,111.3449554,175.3216095,968.1609497,182.145565
13154,112.8255692,174.4241943,963.6646118,182.1440665
13155,92.49614716,195.4557037,1015.389099,182.1430141
13156,90.84736633,196.3490601,1019.424316,182.1435376
13157,98.22499084,182.3500671,1002.759705,182.1536623
13158,99.96568298,181.495163,998.585022,182.15296
13159,96.46403503,183.1953278,1006.887573,182.1542946
13160,94.68614197,184.0299683,1010.96759,182.154862
13161,89.18753052,197.2279205,1023.409729,182.1440058
13162,87.51972961,198.0913544,1027.344116,182.14442
13163,86.05870056,209.7283325,1031.842163,182.1333379
13164,83.13279724,214.2638245,1039.749756,182.1312563
13165,84.53115082,210.6456451,1035.72876,182.1336827
13166,83.23818207,216.985672,1039.919189,182.1285379
13167,83.22297668,219.7299347,1040.006104,182.1258233
13168,83.07778168,222.4923096,1040.003906,182.1231067
13169,82.7987442,225.2664795,1039.910156,182.1203841
13170,82.38169098,228.0454407,1039.721802,182.1176515
13171,81.82268524,230.821579,1039.436401,182.1149048
13172,81.11813354,233.5863953,1039.051758,182.1121405
13173,80.26470947,236.330719,1038.565674,182.1093552
13174,79.25933075,239.04422,1037.976807,182.106546
13175,78.09939575,241.7161102,1037.283936,182.10371
13176,76.78659821,244.3329926,1036.488892,182.1008488
13177,66.78833771,258.466095,1039.291992,182.0881259
13178,68.53529358,256.3148499,1040.41687,182.0908082
13179,70.19134521,254.0438538,1041.479004,182.0935142
13180,74.56919098,246.5989227,1044.261475,182.1017716
13181,73.21211243,249.1767731,1043.403564,182.0989964
13182,71.75182343,251.6615143,1042.475464,182.0962439
13183,61.19521713,264.7949829,1044.451294,182.0840793
13184,63.07521057,262.8684998,1045.70752,182.0866544
13185,64.86978912,260.8060608,1046.90332,182.0892509
13186,51.22434616,275.9098816,1086.128174,182.0897598
13187,52.77674866,274.524292,1079.731445,182.0889739
13188,54.34700394,272.9340515,1073.090698,182.0881278
13189,55.9610672,271.1525269,1066.212769,182.0872173
13190,57.6431694,269.1932068,1059.135254,182.0862488
13191,59.39015198,267.0695496,1051.876343,182.0852089
13192,49.67006302,277.077301,1092.286987,182.0905092
13193,47.95178223,279.1780396,1090.999146,182.0883581
13194,46.08523178,281.0892029,1089.603271,182.086213
13195,44.08296204,282.7917786,1088.108765,182.0840638
13196,41.95954895,284.2679443,1086.526123,182.0819078
13197,39.73313522,285.5039062,1084.868652,182.0797441
13198,37.42327881,286.4911194,1083.150635,182.0775712
13199,35.05804443,287.2632446,1081.391724,182.0753921
13200,30.31664467,288.7494202,1077.865601,182.0709979
13201,-16.88944435,304.0646057,1042.730957,182.0265568
13202,-35.70669174,310.4382935,1028.710815,182.0094058
13203,1.954728484,297.835083,1056.764771,182.0441529
13204,-54.52028656,316.9567261,1014.699829,181.9933423
13205,20.84701729,291.7449036,1070.822632,182.0621013
13206,-59.22593689,318.608551,1011.198303,181.9895248
13207,-61.57944107,319.4377747,1009.447571,181.9876472
13208,-63.93754959,320.2466125,1007.693787,181.9857907
13209,-66.32553864,320.8726501,1005.916138,181.9839545
13210,-68.73402405,321.2910461,1004.121155,181.9821394
13211,-69.94104767,321.4255371,1003.220703,181.9812403
13212,-71.15141296,321.4950256,1002.317688,181.9803446
13213,-72.36534882,321.4868164,1001.41217,181.9794505
13214,-73.5789566,321.4034729,1000.507141,181.9785585
13215,174.2429657,-59.09073257,708.3378296,111.1066255
13216,175.6994019,-54.864048,708.6781006,112.9835878
13217,177.0512695,-50.62126923,709.008606,114.9682027
13218,171.0803223,-67.29119873,713.404541,113.1826738
13219,172.7283478,-63.09744644,713.7993164,114.7591653
13220,167.6022644,-75.5104599,718.3847046,116.1039808
13221,169.4455719,-71.34373474,718.8305664,117.2941373
13222,166.0463715,-79.6669693,729.7738037,126.4264897
13223,160.2303009,-92.48986816,740.3765259,136.6868372
13224,162.4252472,-88.32174683,740.9472046,136.9714576
13225,164.5067596,-84.13660431,741.5079346,137.4819026
13226,158.5232849,-97.33580017,752.4897461,148.8959214
13227,151.4595337,-110.9292374,763.9188232,162.5279108
13228,154.1507111,-106.7276001,764.5340576,162.1199754
13229,158.7774048,-97.77428436,759.050354,155.7582252
13230,156.655899,-102.5070419,765.1481934,161.974671
13231,148.8645325,-115.7565079,770.1729126,169.7456218
13232,142.8712006,-124.8127975,776.0250244,178.0776006
13233,139.4417267,-128.9443512,775.4705811,179.6095784
13234,146.0818329,-120.65168,776.6022339,177.1514029
13235,128.5422363,-142.8769073,788.460144,183.2923528
13236,124.6392059,-147.8319855,795.4569702,183.1930624
13237,120.1251984,-151.829834,794.9296875,183.1385685
13238,115.3388596,-155.7795258,794.3650513,183.0559133
13239,136.1110687,-133.8635406,782.1227417,183.4241763
13240,132.5841522,-138.8199921,788.958374,183.3330633
13241,103.5938492,-167.7778931,808.8221436,182.7793232
13242,99.8241806,-170.5079346,808.8334961,182.7299284
13243,111.3126221,-160.3931427,801.5287476,182.9289677
13244,107.6497345,-164.7480011,808.9918213,182.8332666
13245,97.10472107,-174.3040161,816.7879028,182.6734932
13246,87.09334564,-183.4939575,824.6586914,182.5537406
13247,90.76946259,-180.8989258,824.7390137,182.5887074
13248,83.27259827,-186.0900879,824.5332642,182.5185906
13249,94.32357025,-178.3100586,824.7659302,182.6235408
13250,79.3036499,-188.6664276,824.3800049,182.4834054
13251,75.71353912,-193.1265259,831.9645996,182.4497096
13252,63.68836212,-204.5374298,846.8278198,182.3671614
13253,71.95212555,-197.6761322,839.5686035,182.4195157
13254,68.01849365,-202.2581787,847.1534424,182.3926114
13255,59.49377441,-208.9855194,854.2684937,182.3455918
13256,41.31784439,-218.5604706,860.012207,182.265677
13257,45.97103119,-216.9982147,860.5454102,182.2854521
13258,50.56943893,-215.2799683,861.0734863,182.3056383
13259,55.10839081,-213.4075928,861.5963745,182.3262177
13260,36.61494827,-219.9649658,859.473999,182.2463299
13261,7.600808144,-227.8598633,862.7940674,182.151679
13262,12.49628639,-227.3769226,863.4754639,182.1676079
13263,17.37161827,-226.7329407,864.1543579,182.18394
13264,22.22206688,-225.9286041,864.8300171,182.2006683
13265,27.04259109,-224.9646301,865.5015869,182.2177834
13266,2.690160275,-228.1810455,862.1110229,182.1361592
13267,-2.230784178,-228.3399353,861.4271851,182.1210534
13268,31.82836723,-223.8422546,866.168396,182.2352753
13269,-17.11738777,-231.0677032,865.3757935,182.090942
13270,-12.20568085,-231.3233643,866.1883545,182.1044107
13271,-7.288461685,-231.4208679,867.0018921,182.1182502
13272,-22.25834656,-234.0239868,870.4205933,182.089512
13273,-46.83560562,-233.3273926,870.9176636,182.0417687
13274,-42.05670166,-234.5337372,871.9658203,182.0528696
13275,-37.23936462,-235.5679932,873.0230713,182.0642507
13276,-32.37815857,-236.4295197,874.0945435,182.0759427
13277,-29.93989563,-236.775589,874.6361694,182.0818906
13278,-27.50503159,-237.0552368,875.1790771,182.0878518
13279,-52.10522461,-235.5322723,874.8746338,182.0413177
13280,-86.53768158,325.9640503,1030.530396,181.9832389
13281,-87.46518707,325.6861877,1029.835449,181.9825215
13282,-87.92955017,325.5470581,1029.487549,181.9821611
13283,-88.63780212,325.2693787,1028.956665,181.9815997
13284,-97.61715698,318.881073,1022.221436,181.9735325
13285,-98.03264618,318.4024353,1021.908997,181.9730843
13286,-98.88056183,317.4255066,1021.271484,181.9721651
13287,-96.30233765,320.2219849,1023.209106,181.9748725
13288,-96.16186523,320.3484192,1023.314453,181.9750106
13289,-99.76818085,316.2722168,1020.603394,181.9711447
13290,-100.080925,315.8660278,1020.367981,181.9707807
13291,-102.7731476,311.5064697,1018.33728,181.9672271
13292,-103.2275467,310.6512756,1017.993835,181.9665611
13293,-102.2621307,312.4683228,1018.723389,181.9679734
13294,-101.2110062,314.2098999,1019.516479,181.9693832
13295,-101.3550186,313.9713135,1019.407898,181.9691888
13296,-82.8764801,326.2295532,1028.894287,181.9844304
13297,-84.09640503,326.0812378,1028.000732,181.9835225
13298,-81.26776886,325.730896,1022.921448,181.9830803
13299,-79.66098785,324.9724121,1017.007324,181.9817397
13300,-78.04985809,323.9651489,1011.150574,181.9803981
13301,-76.83356476,324.0838928,1012.058044,181.9812974
13302,-75.21476746,322.8581238,1006.256348,181.9799391
13303,-85.17902374,326.2466431,1031.548096,181.9842703
13304,-86.27470398,326.0188293,1030.727295,181.9834389
13305,-104.0334167,308.9136658,1017.383545,181.9652617
13306,-104.0998764,308.7702637,1017.333252,181.9651517
13307,-98.51280212,-299.4692383,999.3839722,182.1256365
13308,-97.63402557,-302.0765686,1003.617859,182.1305164
13309,-98.36975098,-302.3684082,1006.658447,182.1315119
13310,-99.10220337,-302.5986633,1009.724609,182.1325175
13311,-99.83190155,-302.7660522,1012.816772,182.1335425
13312,-100.5593567,-302.8694153,1015.934692,182.1345996
13313,-101.2852859,-302.9074402,1019.078613,182.1357062
13314,-102.7152863,-300.5795288,1018.389832,182.1317454
13315,-102.7825851,-300.4446716,1018.338928,182.1315145
13316,-97.79588318,-299.0915833,996.3721313,182.1246757
13317,-96.1497345,-301.3132324,997.6138306,182.1285339
13318,-94.38329315,-303.3936462,998.9430542,182.1323746
13319,-92.83599854,-302.3363037,993.0739746,182.130331
13320,-91.265625,-301.058075,987.3004761,182.1282834
13321,-89.66714478,-299.5690613,981.6217041,182.1262077
13322,-88.03536224,-297.879425,976.0374756,182.1240964
13323,-86.36534882,-295.9992676,970.5470581,182.1219428
13324,-84.65673828,-293.9386292,965.1556396,182.1197402
13325,-82.91953278,-291.7077026,959.8751221,182.1174757
13326,-81.15852356,-289.3164673,954.7017822,182.1151342
13327,-79.37950134,-286.7751465,949.6300659,182.1126983
13328,-77.5894165,-284.093811,944.6521606,182.1101469
13329,-75.79704285,-281.2825928,939.7589111,182.1074548
13330,-74.01226807,-278.3516235,934.9390869,182.1045919
13331,-72.24594879,-275.3109741,930.1806641,182.1015238
13332,-70.50997925,-272.1708374,925.4703369,182.0982112
13333,-68.81691742,-268.9412537,920.7949219,182.0946099
13334,-67.17945862,-265.6323547,916.1412964,182.090672
13335,-55.76856995,-258.094696,905.1113892,182.0908853
13336,-52.09285736,-255.2411652,901.1716919,182.0903058
13337,-50.88410187,-251.5810699,896.2145386,182.0842207
13338,-59.52136993,-260.7960205,908.9076538,182.0911013
13339,-63.33223724,-263.3175964,912.5774536,182.0910137
13340,-49.80165482,-247.9100952,891.2245483,182.0774221
13341,-48.85176468,-244.238678,886.2000732,182.0698426
13342,-48.03907013,-240.5774078,881.1404419,182.0614155
13343,-47.36665344,-236.9367828,876.0459595,182.0520773
13344,178.2717285,-46.03689957,721.2778931,127.8802284
13345,177.059967,-50.2844162,720.8999634,125.8366774
13346,179.4809113,-41.71773911,746.3990479,151.4658338
13347,178.3441315,-45.91682434,733.4829712,138.5175555
13348,178.4356537,-45.98817062,745.9785767,149.5236647
13349,179.2440033,-42.31190491,772.4318237,174.7946107
13350,179.4592133,-41.93961716,759.2329712,162.4453031
13351,179.0265961,-42.55050278,779.1809082,181.612454
13352,182.5981445,-16.49373627,788.0146484,183.0528408
13353,182.1594849,-20.88776207,787.7337036,183.0405422
13354,181.6383209,-25.27892494,787.4331665,183.0332126
13355,181.0340881,-29.66770554,787.112854,183.0733059
13356,180.3461914,-34.05436707,786.7730103,183.1131439
13357,179.5737915,-38.43912506,786.4140015,183.0722067
13358,178.7157593,-42.82197189,786.0359497,183.1883309
13359,182.103714,-16.62984467,794.9023438,183.0125602
13360,182.2713013,-3.403573751,802.5421753,182.8896863
13361,182.0882874,-7.865994453,802.3448486,182.9235802
13362,181.8262939,-12.32463074,802.128479,182.9558501
13363,181.4851074,-16.77992821,801.8928833,182.9863709
13364,181.4955139,-3.468125582,809.5963135,182.8638727
13365,181.5957947,1.030922413,809.7612915,182.8302402
13366,180.6652527,0.9963219762,816.9085693,182.8071149
13367,178.3004913,10.14798927,831.5325928,182.7047161
13368,179.5747223,5.534172535,824.2783203,182.7539082
13369,179.5742188,5.534172535,824.2814331,182.7538995
13370,179.5706329,0.9593968987,824.1655273,182.7847891
13371,176.7522583,14.84113979,838.9126587,182.6588729
13372,176.8423309,10.18905735,839.0181274,182.6863697
13373,172.8581696,24.48999977,854.0773926,182.5771188
13374,175.0973969,14.92723846,846.5318604,182.6421569
13375,170.1590424,34.23178101,861.7539062,182.5181385
13376,167.8764496,34.51901627,869.7999878,182.5072653
13377,164.5324097,44.54976273,877.772522,182.456552
13378,160.7828064,54.76796722,885.8920288,182.4110001
13379,157.8487396,55.275383,894.3616943,182.4045254
13380,152.2221527,75.75544739,902.5864868,182.3340927
13381,154.6579285,55.78935242,902.9354248,182.3977655
13382,153.5400696,65.78710938,902.7764893,182.365588
13383,150.6068878,76.11727905,906.9436646,182.3326337
13384,148.9295959,76.48086548,911.3150635,182.3310907
13385,147.1904144,76.84588623,915.6965942,182.3294701
13386,145.3898773,77.21203613,920.0844727,182.3277884
13387,143.5283356,77.57902527,924.4750366,182.3260513
13388,141.6067352,77.94651794,928.8642578,182.3242725
13389,139.6258392,78.31427765,933.248291,182.3224518
13390,127.0747986,101.2421875,955.0238647,182.2697389
13391,121.7783661,112.7790222,963.7095947,182.2481673
13392,124.8982773,101.7124329,959.3446045,182.2689766
13393,116.5552673,124.4837036,972.3727417,182.2287409
13394,114.3738251,125.0525131,976.6134033,182.22868
13395,111.4797516,136.3542023,981.0082397,182.2111458
13396,109.3247147,136.9699249,985.1992188,182.2112702
13397,119.5897369,113.2992477,967.9942017,182.2478044
13398,108.5897903,147.6777191,985.4104004,182.1948575
13399,112.5194092,161.1444092,972.6928711,182.169128
13400,113.3586731,165.4013062,968.2692261,182.1603168
13401,112.3820801,170.3898926,968.2243652,182.1528231
13402,110.729866,161.9256134,977.0531006,182.1700759
13403,109.5431366,157.5098572,981.3244019,182.1785708
13404,132.3692169,89.87554932,946.3244019,182.2937872
13405,130.2238617,90.29477692,950.6717529,182.2925376
13406,137.5867615,78.68197632,937.6235352,182.320642
13407,135.4908295,79.04931641,941.9864502,182.3187853
13408,102.761322,170.2536926,994.1937866,182.1658382
13409,105.7523117,173.7947998,985.7601929,182.1572799
13410,107.6169281,158.2475586,985.5855713,182.179197
13411,105.6607895,158.9794159,989.8045044,182.1797894
13412,106.4233704,168.6576538,985.7149658,182.1643827
13413,107.4627914,172.9501801,981.4342651,182.1563274
13414,109.1394958,172.1005096,977.0682983,182.1552686
13415,110.7800827,171.2467957,972.6643066,182.1541028
13416,92.89415741,184.8529816,1014.999023,182.1553701
13417,91.09144592,185.663559,1018.981567,182.1558232
13418,99.00051117,171.8193359,1002.493713,182.1670572
13419,100.8917923,171.0407104,998.3667603,182.1664815
13420,97.09107208,172.5886841,1006.574036,182.1675713
13421,95.16679382,173.3478851,1010.606506,182.1680292
13422,89.28113556,186.4605255,1022.914429,182.1562259
13423,87.4662323,187.2430725,1026.796753,182.1565817
13424,85.84671783,198.9380951,1031.227173,182.1447871
13425,82.99901581,211.542511,1039.561523,182.133996
13426,81.46437073,212.417572,1043.339355,182.1342561
13427,80.13304138,216.0361786,1047.276978,182.1317563
13428,84.17120361,199.7670898,1035.057983,182.1451084
13429,80.30840302,218.8043823,1047.473877,182.129044
13430,80.36318207,221.5954437,1047.587158,182.1263406
13431,80.28816223,224.40448,1047.610474,182.1236414
13432,80.07942963,227.2253265,1047.541016,182.1209423
13433,79.73291779,230.0505371,1047.376221,182.11824
13434,79.24481964,232.872345,1047.113281,182.1155307
13435,78.61160278,235.6820984,1046.750122,182.1128111
13436,77.82983398,238.47052,1046.284546,182.1100778
13437,76.89669037,241.2271729,1045.715088,182.1073281
13438,75.8094101,243.9411011,1045.040283,182.1045592
13439,66.57200623,258.614502,1048.033936,182.0918685
13440,68.17549133,256.3019714,1049.095459,182.0945071
13441,69.67588806,253.8777313,1050.084961,182.0971666
13442,73.51374054,246.0370331,1052.59314,182.1052611
13443,72.35198975,248.7336731,1051.838257,182.1025474
13444,71.06896973,251.3516846,1050.999756,182.0998467
13445,61.23801422,265.1057434,1053.144897,182.0877254
13446,62.99173355,263.0027771,1054.345947,182.0902598
13447,64.64430237,260.7689209,1055.474976,182.0928121
13448,52.84717178,273.7026978,1087.3396,182.0919658
13449,54.45491791,272.3742981,1080.97168,182.0912427
13450,56.07461166,270.8366699,1074.350708,182.0904601
13451,57.73317337,269.1035461,1067.483765,182.0896125
13452,59.45518112,267.1886902,1060.408813,182.0887054
13453,47.19396973,279.7073975,1094.008545,182.0887479
13454,48.88611603,277.5749817,1095.279175,182.090861
13455,52.04161453,274.2841492,1090.430542,182.0923168
13456,51.23143768,274.808197,1093.460449,182.0926511
13457,44.60259628,282.1488647,1095.592896,182.0870364
13458,43.63184738,283.0536804,1094.866455,182.0859906
13459,42.62569046,283.9012451,1094.114258,182.0849417
13460,41.58615494,284.6888123,1093.337891,182.0838924
13461,40.51556778,285.4143677,1092.53894,182.0828391
13462,39.41672516,286.0759277,1091.719482,182.0817851
13463,37.14537048,287.2015076,1090.026978,182.0796672
13464,38.29243088,286.6720276,1090.88147,182.0807267
13465,35.97869873,287.6637268,1089.158203,182.078603
13466,33.60691071,288.4308472,1087.392212,182.0764647
13467,28.85346985,289.9114685,1083.852417,182.0721452
13468,-37.29858017,311.6143188,1034.532959,182.0108982
13469,-18.44960976,305.2181396,1048.59729,182.0279989
13470,-56.14352798,318.1703491,1020.478821,181.9947958
13471,0.4293114543,298.9811707,1062.67688,182.0455673
13472,19.36143112,292.8981934,1076.783447,182.0633674
13473,-60.85725784,319.8338318,1016.966797,181.99096
13474,-63.21478653,320.6691895,1015.210999,181.9890721
13475,-65.57654572,321.4871521,1013.452148,181.9872045
13476,-67.96409607,322.1444092,1011.672363,181.9853584
13477,-70.36921692,322.6191101,1009.876953,181.983535
13478,-71.5741272,322.7908325,1008.97644,181.9826322
13479,-72.78368378,322.896698,1008.07251,181.9817331
13480,-73.99871063,322.9180908,1007.164734,181.9808353
13481,174.2700806,-58.88751221,714.184021,116.5228014
13482,175.7066193,-54.66270447,714.5582275,118.4808795
13483,171.1802979,-67.15982819,719.2666626,118.6996332
13484,172.8076324,-62.96047592,719.6921997,120.292823
13485,167.955307,-75.48899841,730.2804565,127.3711353
13486,169.7547913,-71.29640961,730.7762451,128.522006
13487,166.4765778,-79.93654633,742.0577393,138.2005054
13488,160.7710114,-93.13663483,753.0869751,149.1150597
13489,162.9055023,-88.92114258,753.6737671,149.4594971
13490,164.9288177,-84.6912384,754.2495117,149.9495514
13491,151.7107697,-111.5562439,770.7809448,169.2126079
13492,154.3656158,-107.331337,771.3942261,168.907792
13493,160.9904938,-93.54947662,759.649292,155.7706005
13494,158.9809265,-98.27055359,765.7554321,161.9865691
13495,156.8334351,-103.0858612,772.0046387,168.7963744
13496,149.0852509,-116.4602356,777.1962891,176.5389548
13497,143.1020508,-125.6062088,783.2137451,184.1522605
13498,139.7203674,-129.7510376,782.6559448,184.2468416
13499,146.2670441,-121.428772,783.7906494,183.8630779
13500,128.8687897,-143.8055573,795.9637451,183.2410753
13501,124.9840164,-148.8104553,803.1225586,183.1206261
13502,120.5803986,-152.79599,802.5839844,183.0648933
13503,115.9167862,-156.727951,802.0093384,182.9988959
13504,136.3709564,-134.7331085,789.4730835,183.4747983
13505,132.8320465,-139.7485504,796.472229,183.2976282
13506,104.3276749,-168.9312897,816.737854,182.7567994
13507,100.5833969,-171.7376251,816.6901245,182.713368
13508,111.9482422,-161.4008484,809.3363647,182.8899697
13509,108.3188858,-165.8494568,816.9498901,182.8032505
13510,97.78388977,-175.7198486,824.7380371,182.6583893
13511,87.6140213,-185.2742462,832.5617065,182.5460269
13512,83.77977753,-187.9325867,832.3808594,182.5138986
13513,91.31320953,-182.602951,832.7037354,182.5779556
13514,79.80700684,-190.5593567,832.1749878,182.4816979
13515,94.89640045,-179.9235535,832.8005981,182.6097041
13516,76.12993622,-195.1567841,839.8312988,182.4483754
13517,63.89781189,-206.8310852,854.6824341,182.3686257
13518,72.27146149,-199.8318939,847.4848633,182.4186005
13519,68.22892761,-204.5285645,855.0959473,182.3920941
13520,59.58315277,-211.3828735,862.1141357,182.3471688
13521,36.57471466,-222.5627136,866.8299561,182.2531325
13522,41.2766571,-221.1272583,867.4854736,182.2713403
13523,45.92936707,-219.5372772,868.1343384,182.2898826
13524,50.52825165,-217.7945404,868.7761841,182.3087417
13525,55.06845856,-215.9009094,869.4104614,182.3278963
13526,7.446178913,-230.7641907,869.4396362,182.1619444
13527,2.54240036,-231.1412201,868.6283569,182.1470228
13528,12.33562279,-230.229538,870.2485962,182.1772135
13529,17.20585823,-229.5379333,871.0543823,182.1928214
13530,22.05198479,-228.6899261,871.8562012,182.2087578
13531,26.86893272,-227.6862946,872.6531982,182.2250105
13532,-2.370840311,-231.3601532,867.8154297,182.1324557
13533,31.65208626,-226.5281525,873.4445801,182.2415671
13534,-17.36859131,-234.3551636,871.3670044,182.102247
13535,-12.46777725,-234.5335541,872.314209,182.1153115
13536,-7.560631752,-234.5588837,873.2616577,182.1287015
13537,-22.64232063,-237.4491882,876.2628784,182.0999087
13538,-42.58834457,-238.1562653,877.2277222,182.0630571
13539,-37.76941299,-239.1930695,878.4207153,182.0742757
13540,-32.89965439,-240.0465698,879.6329346,182.0857757
13541,-30.45800972,-240.3738556,880.246582,182.0915925
13542,-28.02385902,-240.6194,880.8612061,182.097413
13543,-83.85435486,326.3974609,1032.540527,181.9852619
13544,-83.9236145,326.3955383,1032.488647,181.9852104
13545,-81.65194702,326.2771606,1029.79126,181.9853368
13546,-85.06976318,326.2597046,1031.630005,181.9843523
13547,-80.04572296,325.8045654,1023.824219,181.9839876
13548,-78.4417572,325.0697632,1017.913574,181.9826437
13549,-77.22125244,325.0758362,1018.820984,181.9835487
13550,-75.6151123,324.118103,1012.967224,181.9821983
13551,-96.89414978,-301.7244263,1000.603088,182.1295257
13552,-95.91256714,-304.2199707,1004.907959,182.1344232
13553,-96.67197418,-304.543335,1007.926575,182.135463
13554,-97.42881775,-304.8051453,1010.969299,182.1365208
13555,-98.18371582,-305.0041504,1014.036194,182.1376079
13556,-98.93723297,-305.1391296,1017.12738,182.1387368
13557,-99.69002533,-305.2087708,1020.24292,182.1399238
13558,-100.5310211,-304.1644592,1020.037537,182.138101
13559,-101.3532181,-302.8990784,1019.41803,182.1358282
13560,-101.6597366,-302.4273682,1019.186951,182.134963
13561,-95.14989471,-303.8363342,1001.913574,182.1333972
13562,-92.50302887,-305.3199158,1000.354858,182.1361875
13563,-90.92276764,-304.2052307,994.5115967,182.1341158
13564,-89.32158661,-302.8700256,988.7575684,182.1320477
13565,-87.69399261,-301.3244934,983.0921021,182.1299686
13566,-86.03492737,-299.5787964,977.5145874,182.1278663
13567,-84.33893585,-297.643219,972.0244751,182.1257336
13568,-82.60540009,-295.5279236,966.6269531,182.1235627
13569,-80.84385681,-293.243103,961.3342285,182.1213402
13570,-79.05912781,-290.7989807,956.1430664,182.1190502
13571,-77.25675964,-288.205719,951.0482788,182.1166748
13572,-75.44406128,-285.4735718,946.0423584,182.1141916
13573,-73.62984467,-282.6127014,941.116394,182.1115746
13574,-71.82384491,-279.6334229,936.2595825,182.1087934
13575,-70.037323,-276.5459595,931.460022,182.1058123
13576,-68.28215027,-273.3604126,926.704834,182.102591
13577,-66.57093048,-270.0870667,921.9810791,182.0990847
13578,-64.91671753,-266.7360535,917.2758179,182.0952435
13579,-53.41978836,-258.8798523,906.0992432,182.0957516
13580,-57.19625092,-261.6780701,909.9500122,182.0958645
13581,-51.05689621,-259.59552,907.0944824,182.1006436
13582,-47.34273911,-256.5730591,903.0355835,182.1003053
13583,-46.12509155,-252.8850403,897.942688,182.0944447
13584,-45.03533936,-249.1885986,892.8158569,182.0878626
13585,-61.03540039,-264.3059998,913.6688843,182.0956769
13586,-44.07977295,-245.4944916,887.6541748,182.0804854
13587,-43.26314163,-241.813446,882.4577026,182.0722395
13588,177.1675262,-50.16759109,733.0668335,136.5489838
13589,175.7462921,-54.52156067,720.5094604,123.8947071
13590,175.8910065,-54.41131973,732.6359253,134.6814979
13591,178.4467621,-46.23571014,758.8078613,160.7483948
13592,177.2940369,-50.25449371,745.5411987,147.6815191
13593,177.340683,-50.5291214,758.3648682,159.1180937
13594,178.3873444,-46.42105103,765.3618164,167.1373115
13595,178.2649689,-46.64513397,772.0153198,173.1361452
13596,178.0645447,-46.906353,778.7730103,179.2469872
13597,177.7711792,-47.20294571,785.6393433,183.9227702
13598,181.6741486,-21.05161476,794.633728,183.0325083
13599,181.1632385,-25.47058487,794.3455811,183.0550204
13600,180.5707397,-29.88716888,794.0380859,183.0887354
13601,179.8960876,-34.30166626,793.7113037,183.1305822
13602,179.1383514,-38.71419907,793.3655396,183.1806824
13603,178.2964935,-43.12473297,793.0009766,183.274855
13604,177.3697052,-47.53333282,792.617981,183.4200727
13605,181.0645142,-21.23218727,801.6380005,183.0162006
13606,181.3173218,-7.963299274,809.4128418,182.8968883
13607,181.0614929,-12.45489693,809.2106934,182.9293398
13608,180.7280426,-16.94324493,808.9898071,182.9615289
13609,180.3165588,-21.42858505,808.7501831,182.9941888
13610,180.5680695,-3.537684202,816.7578735,182.8394285
13611,180.3945312,-8.068054199,816.5890503,182.8714339
13612,179.4762268,-3.611862183,824.0296021,182.8155529
13613,178.2736664,5.534172535,831.6287231,182.7334532
13614,178.2731018,5.534172535,831.631958,182.7334441
13615,178.2998657,0.9203260541,831.5358276,182.7628513
13616,178.2078705,-3.6903615,831.4151001,182.7919417
13617,177.6061554,5.534172535,835.3998413,182.7234481
13618,176.8165436,5.534172535,839.0982056,182.7131631
13619,176.8157959,5.534172535,839.1016846,182.7131534
13620,173.2336578,15.01667595,854.2705688,182.6252813
13621,170.7846222,24.67575645,861.968811,182.5634493
13622,175.1947021,5.534172535,846.6950684,182.6932168
13623,175.1938629,5.534172535,846.6986694,182.6932073
13624,175.0619049,5.534172535,847.3169556,182.6915716
13625,168.4828949,24.86676025,869.9805908,182.5496465
13626,165.3574982,34.81298828,877.9655762,182.4962158
13627,161.8017273,44.94962311,886.0906372,182.4479324
13628,158.818634,45.35582733,894.5234985,182.4391508
13629,155.574707,45.76709747,903.0632324,182.4302522
13630,151.8825836,66.0976181,907.112915,182.3631893
13631,151.208725,56.30823898,911.586792,182.390936
13632,152.0686035,46.18209839,911.6831665,182.4213802
13633,150.161911,66.40953064,911.4641113,182.3607649
13634,148.3782806,66.72248077,915.8258667,182.3582546
13635,146.532135,67.03630066,920.1945801,182.3557488
13636,144.624054,67.35068512,924.5662842,182.3531888
13637,142.6547394,67.66539764,928.9370117,182.3506627
13638,138.5371399,68.29491425,937.6605835,182.3454877
13639,128.0275879,90.71269989,954.99646,182.2913088
13640,122.6757126,102.1806335,963.6365967,182.2682185
13641,123.4906235,91.54343414,963.565918,182.2887345
13642,117.3604355,113.8164978,972.244751,182.2474087
13643,115.0933762,114.3302917,976.4588623,182.2469791
13644,112.1576691,125.6172333,980.8156738,182.2285835
13645,107.6342392,126.7322617,989.0977173,182.2282705
13646,107.1412201,137.5800629,989.3482056,182.2114236
13647,106.5113449,148.3461304,989.592041,182.1952361
13648,120.4095459,102.6464081,967.8970947,182.2674109
13649,111.6799927,166.221344,972.6869507,182.1615035
13650,109.9629059,167.0379639,977.0684814,182.1625634
13651,108.9045334,162.7024078,981.374939,182.1709348
13652,133.3396149,79.416008,946.3335571,182.3169643
13653,128.8784637,80.14633942,954.96698,182.3132265
13654,134.1891479,68.92282104,946.3361206,182.3403944
13655,103.6779556,159.7046204,993.9798584,182.1803198
13656,108.2098694,167.8503418,981.4118652,182.1635381
13657,93.23092651,174.0962219,1014.590759,182.1684355
13658,91.28688812,174.8327332,1018.526062,182.1687947
13659,101.6716309,160.4224701,998.1105347,182.1807918
13660,99.64513397,161.1322784,1002.195374,182.1812091
13661,97.60203552,161.8332214,1006.233459,182.1815762
13662,95.54594421,162.5246735,1010.223877,182.1818969
13663,89.33808899,175.5566254,1022.412048,182.1691107
13664,85.6499939,188.0101929,1030.628296,182.1568942
13665,87.38806152,176.2670898,1026.248291,182.1693869
13666,82.49586487,200.5771637,1038.835938,182.1453897
13667,80.82299805,201.3672943,1042.559937,182.1456298
13668,79.92949677,213.2695007,1047.061157,182.1344908
13669,78.39613342,214.0970459,1050.725708,182.1346789
13670,77.13349915,217.7084961,1054.573608,182.1321172
13671,83.83529663,188.760849,1034.408325,182.1571662
13672,77.37335205,220.5207672,1054.796997,182.1294111
13673,77.49369049,223.3558044,1054.936401,182.1267185
13674,77.48519897,226.2087097,1054.985596,182.1240357
13675,77.34438324,229.0730133,1054.941895,182.1213591
13676,77.06713104,231.9412537,1054.802734,182.1186859
13677,76.64971924,234.8054962,1054.565308,182.1160126
13678,76.08889771,237.6571655,1054.227661,182.1133364
13679,75.38115692,240.4866486,1053.787476,182.1106542
13680,74.52368164,243.2836609,1053.243164,182.1079633
13681,66.18981934,258.4133301,1056.527954,182.0953824
13682,67.62426758,255.9467316,1057.502319,182.0979711
13683,68.94400024,253.3796692,1058.39563,182.1005783
13684,72.15159607,245.1993561,1060.547363,182.10848
13685,71.22381592,247.989563,1059.929321,182.1058441
13686,70.14676666,250.7229156,1059.206543,182.1032044
13687,61.16333008,265.0422668,1061.607544,182.0911763
13688,62.76106262,262.7637024,1062.726807,182.0936622
13689,64.24301147,260.3638,1063.763062,182.0961635
13690,54.32065582,271.3483887,1088.441772,182.0941818
13691,55.99611282,270.0774841,1082.112061,182.093518
13692,57.67711258,268.5935059,1075.519653,182.0928008
13693,59.39092636,266.9104614,1068.671875,182.0920188
13694,46.42995453,280.1787109,1096.962646,182.0891196
13695,45.53588486,281.1896362,1096.291992,182.0880788
13696,48.09441757,278.0131531,1098.213867,182.0912055
13697,50.41419983,275.2730408,1096.430054,182.0929746
13698,53.47847366,271.8995667,1091.51001,182.0944957
13699,52.63009262,272.3921814,1094.514893,182.0947987
13700,44.00327301,281.9845276,1102.057007,182.0888407
13701,43.0904274,282.9752808,1101.373535,182.0878254
13702,42.13648605,283.9093628,1100.660278,182.0868082
13703,41.14350128,284.7831421,1099.918579,182.0857887
13704,40.11386108,285.5938416,1099.150269,182.0847664
13705,39.0502739,286.3387146,1098.357178,182.0837409
13706,37.95563507,287.0155945,1097.541748,182.0827121
13707,36.83319092,287.6227722,1096.705933,182.0816796
13708,35.68618774,288.1586914,1095.852417,182.0806436
13709,34.51796722,288.6227112,1094.983398,182.0796034
13710,32.14170837,289.3883972,1093.216064,182.077509
13711,27.38072968,290.8711853,1089.674438,182.0732654
13712,-38.87861252,312.6005859,1040.331299,182.0123486
13713,-57.75416565,319.1630554,1026.270874,181.9962199
13714,-19.9990921,306.1973877,1054.401978,182.0294125
13715,-1.089504242,299.9529419,1068.488403,182.0469417
13716,17.87325096,293.86203,1082.601807,182.0646031
13717,-62.47561264,320.8281555,1022.757202,181.9923696
13718,-64.83698273,321.6643066,1021.00061,181.9904734
13719,-67.20201111,322.486084,1019.241455,181.9885966
13720,-69.58817291,323.1731873,1017.464661,181.9867417
13721,-71.98891449,323.7071228,1015.674377,181.98491
13722,-73.1911087,323.9189758,1014.776855,181.9840034
13723,-74.39936066,324.0643311,1013.874634,181.9831003
13724,174.3292389,-58.74732208,720.1066284,122.0429415
13725,171.4463806,-67.09083557,731.2603149,129.854039
13726,173.0318909,-62.87387085,731.7320557,131.3417717
13727,168.3367157,-75.72354126,742.5960083,139.1106167
13728,170.088913,-71.49912262,743.1218872,140.1948642
13729,166.8429565,-80.44885254,754.8132324,150.5977811
13730,163.0917969,-89.30934906,760.2372437,155.9821312
13731,165.083786,-85.05582428,760.8137817,156.3958849
13732,151.8920288,-112.2386627,777.8012085,176.1415642
13733,154.5072174,-107.9904709,778.4090576,175.9143211
13734,161.1570892,-94.01957703,766.3518066,162.1908114
13735,159.1194153,-98.82305145,772.6064453,168.7760838
13736,156.9344025,-103.7198715,779.0119629,175.8177985
13737,149.2263031,-117.2183456,784.3812256,183.5801429
13738,143.2498322,-126.4533234,790.5692749,183.7013688
13739,139.922226,-130.6111908,790.0109253,183.6791985
13740,146.3637848,-122.2595749,791.1430664,183.6152304
13741,129.1159363,-144.7895966,803.6400757,183.170771
13742,125.246666,-149.8471832,810.960144,183.0532995
13743,120.9630585,-153.8213959,810.4129028,183.003434
13744,116.432663,-157.7366028,809.8311157,182.947804
13745,136.5479126,-135.6564484,796.9934692,183.3730984
13746,132.9922333,-140.7321014,804.1565552,183.2195007
13747,104.9941406,-170.16539,824.8257446,182.7325968
13748,101.2777023,-173.0523376,824.7167969,182.6942567
13749,112.5178299,-162.4758453,817.3203735,182.8516272
13750,108.9162445,-167.0272675,825.0808105,182.7729519
13751,98.38783264,-177.2299347,832.8517456,182.6413668
13752,88.04901886,-187.1567383,840.609436,182.5363667
13753,84.19989777,-189.8759003,840.3668823,182.5070493
13754,80.22197723,-192.5506439,840.1020508,182.4776437
13755,91.77192688,-184.4094086,840.8187866,182.5654862
13756,95.38455963,-181.6385193,840.9907227,182.5944073
13757,76.44828796,-197.2840424,847.8190308,182.4450434
13758,63.98885727,-209.2080383,862.6268921,182.3684653
13759,72.48332214,-202.0812683,855.5101318,182.4159625
13760,68.32256317,-206.8878326,863.1352539,182.3900795
13761,59.54539108,-213.858139,870.0369873,182.3473236
13762,36.39652634,-225.2167816,874.2295532,182.2584123
13763,41.09757614,-223.7533875,875.0073853,182.27553
13764,45.75022507,-222.1393433,875.7772217,182.292901
13765,50.35009384,-220.3763733,876.5383301,182.310506
13766,54.89250565,-218.4664001,877.289917,182.3283226
13767,7.148840904,-233.7156525,876.0971069,182.170752
13768,2.2526474,-234.1499786,875.1538696,182.15643
13769,-2.652144432,-234.4310608,874.2084351,182.1424102
13770,12.03166866,-233.1284943,877.0374756,182.185367
13771,16.89603424,-232.3890991,877.973999,182.2002628
13772,21.73709297,-231.4980469,878.9058838,182.2154269
13773,26.55010796,-230.4559784,879.8324585,182.2308459
13774,31.33025169,-229.2640076,880.7526855,182.2465039
13775,-17.76429176,-237.6937103,877.3473511,182.1122619
13776,-12.87463856,-237.7911835,878.4318237,182.1249079
13777,-7.978013039,-237.741333,879.5158691,182.1378395
13778,-23.17269707,-240.9184723,882.0856934,182.1091196
13779,-38.44392776,-242.8550873,883.7888184,182.0832626
13780,-36.01356506,-243.3045502,884.4624023,182.0888831
13781,-33.56739044,-243.7014313,885.144043,182.0945526
13782,-31.12283897,-244.0095673,885.8307495,182.1002322
13783,-28.68979263,-244.2199249,886.5177002,182.1058961
13784,-82.63423157,326.430481,1033.454468,181.9861671
13785,-82.60141754,326.431366,1033.479126,181.9861914
13786,-80.42821503,326.2191772,1030.687744,181.9862422
13787,-78.82342529,325.7798767,1024.727295,181.9848952
13788,-77.60699463,325.6524963,1025.626343,181.9858032
13789,-76.00488281,324.9867249,1019.725586,181.9844545
13790,-94.84542084,-306.5559998,1009.28833,182.139385
13791,-94.06747437,-306.2037964,1006.287903,182.1383038
13792,-95.62138367,-306.8466797,1012.311218,182.1404867
13793,-96.39595795,-307.074585,1015.356873,182.1416268
13794,-97.16996002,-307.2384033,1018.425476,182.1428148
13795,-97.94403076,-307.3369141,1021.516663,182.1440659
13796,-99.34439087,-305.778717,1020.930298,182.1411394
13797,-99.76808167,-305.202301,1020.611511,182.1400651
13798,-90.51589966,-307.0779724,1001.844421,182.1399889
13799,-88.91134644,-305.9125366,996.0206299,182.1378825
13800,-87.28738403,-304.5267334,990.2802734,182.1357985
13801,-85.6383667,-302.9309082,984.6224365,182.1337171
13802,-83.95910645,-301.135376,979.0464478,182.1316252
13803,-82.24404144,-299.1503906,973.5516357,182.1295135
13804,-80.49192047,-296.9863281,968.1433105,182.1273741
13805,-78.71190643,-294.6534119,962.8341064,182.1251934
13806,-76.90880585,-292.1620178,957.6210938,182.1229546
13807,-75.08824158,-289.5223389,952.4994507,182.1206389
13808,-73.25761414,-286.7447205,947.4619141,182.1182234
13809,-71.42569733,-283.8395386,942.500061,182.1156814
13810,-69.60250854,-280.8170471,937.6032104,182.1129816
13811,-67.79921722,-277.6875916,932.7598267,182.1100878
13812,-66.02800751,-274.4614868,927.9572144,182.1069587
13813,-64.30158234,-271.1490173,923.1827393,182.1035485
13814,-62.63308716,-267.760437,918.4237061,182.0998062
13815,-54.85512924,-262.4866943,911.00177,182.1006295
13816,-58.72041702,-265.2177734,914.7718506,182.1003361
13817,-48.67986298,-260.2419739,908.0970459,182.1055259
13818,-52.49867249,-263.2210083,912.0620728,182.1053966
13819,-41.31338501,-253.9514008,899.6939697,182.104776
13820,-42.53589249,-257.6499023,904.9264526,182.1103893
13821,-46.28800583,-260.8197327,909.1071167,182.1104422
13822,-40.21973038,-250.2453766,894.4269409,182.0984375
13823,-39.26167297,-246.5429077,889.1248779,182.0912945
13824,176.0549164,-54.51607513,745.0875854,145.9444665
13825,174.5129242,-58.64703751,732.1907959,132.9587871
13826,174.7163239,-58.77217484,744.6181641,144.3217785
13827,177.2992859,-50.73204422,764.9212646,165.3883914
13828,176.1395569,-54.81925583,757.904541,157.5588055
13829,176.1174469,-55.04024124,764.4630737,163.7942506
13830,177.1950989,-50.97633362,771.5803833,171.5800105
13831,177.0133057,-51.26026154,778.3467407,177.7334299
13832,176.7388458,-51.58203888,785.2243652,183.5686183
13833,176.356781,-51.93993378,792.2168579,183.4127488
13834,180.5641937,-25.68170357,801.3641357,183.0481345
13835,179.9836426,-30.12877655,801.071228,183.0850976
13836,179.3223267,-34.57373428,800.7593384,183.1284954
13837,178.5794373,-39.01654434,800.4287109,183.1800626
13838,177.7542114,-43.45724106,800.0797119,183.2430692
13839,176.8456116,-47.89584732,799.7125244,183.3109293
13840,175.8526764,-52.33222198,799.3274536,183.3593639
13841,179.8268127,-25.9111824,808.4919434,183.0284892
13842,180.1448364,-12.59505653,816.4021606,182.9033016
13843,179.8189545,-17.11893082,816.1970215,182.9353052
13844,179.4165344,-21.63982391,815.9736938,182.9678657
13845,178.9375153,-26.15794563,815.7324219,183.0015171
13846,179.3070984,-8.179782867,823.8762207,182.8461176
13847,179.0633087,-12.74451542,823.7053223,182.8767099
13848,178.0427399,-8.297979355,831.2774658,182.8204579
13849,176.7515717,-3.772824526,838.9160767,182.7678683
13850,176.8416748,0.8792882562,839.0216064,182.7405315
13851,176.3580017,-13.06861591,838.6572876,182.8218979
13852,173.2915344,5.534172535,854.3945923,182.6729938
13853,173.2906342,5.534172535,854.3984375,182.6729839
13854,172.1026306,5.534172535,859.1481934,182.6608072
13855,171.151001,15.10906315,862.1303101,182.6085668
13856,175.0966187,-3.858953238,846.5355835,182.743984
13857,173.2326355,-3.948390007,854.2744141,182.7203575
13858,168.8398895,15.20410252,870.1118774,182.591696
13859,165.9434052,25.06226349,878.1135254,182.535837
13860,162.5930939,35.11273956,886.2489014,182.4850766
13861,159.573288,35.41717148,894.6495361,182.4739162
13862,156.2895355,35.72535706,903.1599121,182.4627769
13863,152.740387,36.03625488,911.7532959,182.4518022
13864,147.5037537,56.83040619,920.2830811,182.3840751
13865,148.3032074,46.5995369,920.3502808,182.4126186
13866,148.9290314,36.34893799,920.3963013,182.4410818
13867,143.5476227,57.35424042,928.9932861,182.3772429
13868,139.3478394,57.87810898,937.6860962,182.3705789
13869,134.9149323,58.40036392,946.3323364,182.3640761
13870,124.2200089,80.8705368,963.4985962,182.309606
13871,119.3850861,81.58630371,971.9060059,182.3060872
13872,118.7786407,92.36496735,972.0105591,182.2861884
13873,118.1026077,103.1093597,972.1236572,182.2666234
13874,113.3788452,104.0251541,980.4663086,182.2649553
13875,112.7918625,114.84021,980.6347656,182.2465537
13876,108.0986176,115.8466034,988.8643799,182.2455987
13877,103.3101654,116.8319855,996.9216919,182.244608
13878,103.0132446,127.8246918,997.2067871,182.2278681
13879,104.9326019,138.1842804,993.4536743,182.2115039
13880,104.4071274,149.0081787,993.7301025,182.1955597
13881,129.6244507,69.54711914,954.9359741,182.3354642
13882,124.8606949,70.16587067,963.4351196,182.3306961
13883,130.2630768,58.91937256,954.9041748,182.3578161
13884,93.48055267,163.2058105,1014.16626,182.1821754
13885,91.4092865,163.8759308,1018.060181,182.1824151
13886,102.2803726,149.6631775,997.8234863,182.1958369
13887,100.1348114,150.3105469,1001.871216,182.1960688
13888,97.97402954,150.9496002,1005.872253,182.1962625
13889,95.80200195,151.5796509,1009.825928,182.1964191
13890,89.33585358,164.5343018,1021.90509,182.1826197
13891,85.44006348,176.9632416,1030.033936,182.1696273
13892,87.26396942,165.1802063,1025.700562,182.1827892
13893,82.0250473,189.4941559,1038.136108,182.1574145
13894,78.4286499,190.9047699,1045.431641,182.1577966
13895,79.15519714,202.1362457,1046.228882,182.1458448
13896,77.49434662,202.8830414,1049.841919,182.1460159
13897,76.86605835,214.8989105,1054.331421,182.1348457
13898,73.82216644,216.4201965,1061.359009,182.1350988
13899,74.14724731,219.2701416,1061.625977,182.1323669
13900,81.56278229,178.3092651,1037.452271,182.1700067
13901,74.44568634,222.1235352,1061.87439,182.1296662
13902,74.62650299,224.9994507,1062.039429,182.1269838
13903,74.68086243,227.8928528,1062.11499,182.1243165
13904,74.60521698,230.7971497,1062.098389,182.1216615
13905,74.39573669,233.7047729,1061.986938,182.1190164
13906,74.04892731,236.6080017,1061.778442,182.1163783
13907,73.56139374,239.4978638,1061.470215,182.1137447
13908,72.92988586,242.3651581,1061.060547,182.1111127
13909,65.60548401,257.854187,1064.713745,182.0986809
13910,66.84558868,255.2465515,1065.577026,182.101215
13911,67.96160126,252.5523682,1066.351562,182.1037664
13912,70.48361969,244.0922546,1068.087891,182.1114779
13913,69.78812408,246.960434,1067.612305,182.1089026
13914,68.94763947,249.7845612,1067.033691,182.1063325
13915,60.92860794,264.5848694,1069.773071,182.0944373
13916,62.34093857,262.1390076,1070.783691,182.0968689
13917,63.62527084,259.5857239,1071.701782,182.0993149
13918,55.64051437,268.8649597,1089.431763,182.0964042
13919,57.39545059,267.6496277,1083.148804,182.0958005
13920,59.14884186,266.2182007,1076.593506,182.0951512
13921,47.29234695,278.3899536,1101.092163,182.0915453
13922,45.65712357,280.5901489,1099.862671,182.0894891
13923,48.74851608,276.0184021,1102.19104,182.0936002
13924,49.58745193,275.677063,1099.339966,182.0932901
13925,51.77258682,272.8246155,1097.456909,182.0950924
13926,54.75583267,269.387207,1092.472778,182.0966828
13927,53.8627739,269.8500977,1095.447876,182.0969544
13928,44.87314224,280.940033,1102.709106,182.0898503
13929,42.41981506,282.5300903,1107.61499,182.0895813
13930,41.5301857,283.5557251,1106.951416,182.0885936
13931,40.59552383,284.5219727,1106.254883,182.0876046
13932,39.61800766,285.4252014,1105.527344,182.0866133
13933,38.60031891,286.2617798,1104.77063,182.085619
13934,37.54561615,287.0286865,1103.986938,182.0846208
13935,36.45690536,287.7234497,1103.178589,182.083618
13936,35.33800888,288.3440552,1102.348389,182.0826099
13937,34.19231796,288.8886108,1101.498657,182.0815988
13938,33.02388763,289.3563843,1100.632446,182.0805836
13939,30.64578247,290.1246948,1098.869629,182.0785343
13940,25.88208961,291.6177673,1095.337769,182.0743666
13941,-40.45640564,313.3882141,1046.109131,182.0137642
13942,-59.360466,319.9245605,1032.077881,181.9976192
13943,-21.54884338,306.9941101,1060.14978,182.0307995
13944,-2.61438489,300.7418823,1074.20459,182.048283
13945,16.3677578,294.6266174,1088.283691,182.0658158
13946,-64.08872223,321.5805054,1028.571289,181.9937588
13947,-68.82091522,323.2319031,1025.063354,181.9899684
13948,-71.20481873,323.9472961,1023.294312,181.9881084
13949,-73.59965515,324.543335,1021.514771,181.9862709
13950,-74.79851532,324.7984314,1020.622986,181.985361
13951,171.7351685,-67.2647934,743.6347046,141.4357813
13952,173.2769623,-63.02204514,744.133728,142.8162886
13953,168.6498718,-76.19586182,755.3643188,151.4063131
13954,170.3513184,-71.93370056,755.9019775,152.3702414
13955,166.9680481,-80.79072571,761.3778687,156.9926847
13956,163.2234344,-89.75415039,766.9368896,162.4920788
13957,165.1822815,-85.47608185,767.5100098,162.9187505
13958,151.9894562,-112.9754639,784.9796753,183.3605497
13959,154.5611267,-108.7037888,785.5786133,183.2169625
13960,161.2565155,-94.54530334,773.1963501,168.9234983
13961,159.1788788,-99.43022919,779.6047363,175.8119151
13962,156.9447479,-104.4076233,786.1707153,183.1454135
13963,149.2738953,-118.0300446,791.7270508,183.4954195
13964,143.3016357,-127.3539047,798.0896606,183.4674603
13965,140.0342865,-131.5250549,797.5335083,183.4453104
13966,146.3590546,-123.1435394,798.6574707,183.4449282
13967,129.2720032,-145.8309174,811.4857788,183.0981422
13968,125.4157944,-150.9447632,818.9663086,182.991082
13969,121.2613831,-154.9094391,818.413208,182.9479069
13970,116.8739166,-158.8098602,817.8272705,182.9005492
13971,136.6297607,-136.6343231,804.6817627,183.2669261
13972,133.0532074,-141.7718964,812.0075684,183.1386725
13973,101.8957138,-174.4576416,832.9103394,182.673664
13974,105.5815125,-171.4858551,833.0823364,182.7076308
13975,113.0094757,-163.6231995,825.4765015,182.8145254
13976,109.4302216,-168.2869415,833.3807983,182.7428933
13977,98.90630341,-178.8393097,841.124939,182.6231807
13978,84.52516174,-191.9229584,848.4875488,182.498597
13979,88.39001465,-189.1448669,848.7980347,182.5253245
13980,80.54050446,-194.6427307,848.1569824,182.471778
13981,92.13729858,-186.3222198,849.0807495,182.5518694
13982,95.77899933,-183.4593658,849.3325195,182.5782144
13983,76.66107178,-199.5101318,855.9229126,182.4401578
13984,63.9543457,-211.6685181,870.6552124,182.3669968
13985,72.58026886,-204.4255981,863.6394043,182.4119762
13986,68.2922821,-209.3367615,871.2652588,182.3868874
13987,59.37268829,-216.4111023,878.031189,182.3463263
13988,36.07263565,-227.9233856,881.6656494,182.2623834
13989,40.772789,-226.4353027,882.5704956,182.278467
13990,45.42576599,-224.8010864,883.4661865,182.2947337
13991,50.02718735,-223.0224609,884.3517456,182.3111626
13992,54.57254791,-221.1012878,885.2261963,182.3277307
13993,1.816162586,-237.1988831,881.6793213,182.1645222
13994,6.704056263,-236.7060242,882.7575073,182.1782531
13995,-3.07943511,-237.5439758,880.5985718,182.1510476
13996,11.57929897,-236.0657654,883.8322144,182.1922277
13997,16.43710709,-235.278656,884.902771,182.2064329
13998,21.27253342,-234.3451691,885.9681396,182.2208535
13999,26.08095932,-233.2659607,887.02771,182.2354741
14000,30.85758781,-232.042099,888.0803833,182.2502771
14001,-18.30678368,-241.0726929,883.3096924,182.1210849
14002,-13.42861938,-241.0861816,884.5333252,182.1333095
14003,-8.543154716,-240.9585571,885.7557983,182.1457835
14004,-23.85037231,-244.4207458,887.883667,182.117244
14005,-36.82980347,-246.9911652,889.869873,182.0967823
14006,-34.3800087,-247.3824615,890.6245728,182.1023314
14007,-31.93340302,-247.6709442,891.3847046,182.1078727
14008,-29.50163841,-247.8451385,892.1444092,182.1133798
14009,-81.40414429,326.3513794,1034.375854,181.9870774
14010,-79.21224213,326.0503235,1031.578613,181.9871475
14011,-78.01153564,325.765686,1032.458496,181.9880538
14012,-76.40307617,325.4178467,1026.516357,181.986712
14013,-93.68824005,-308.706604,1013.744385,182.1444082
14014,-92.10643768,-308.0127869,1007.752197,182.1421438
14015,-94.47774506,-308.9599304,1016.7724,182.1455933
14016,-95.26708984,-309.1492004,1019.821777,182.1468271
14017,-96.05702209,-309.2731018,1022.8927,182.1481262
14018,-98.08014679,-307.3013916,1021.880249,182.1441418
14019,-98.04085541,-307.3432007,1021.909851,182.1442314
14020,-88.42889404,-308.6525879,1003.406494,182.1437658
14021,-86.80799866,-307.4442139,997.5966187,182.1416325
14022,-85.1687088,-306.0155029,991.864502,182.1395356
14023,-83.50545502,-304.3768616,986.2091675,182.1374543
14024,-81.81261444,-302.5387268,980.6299438,182.1353738
14025,-80.08455658,-300.5114746,975.1259766,182.133284
14026,-78.31970215,-298.3055115,969.7025757,182.1311763
14027,-76.52669525,-295.9312134,964.3728638,182.1290371
14028,-74.710289,-293.3989563,959.1342163,182.1268489
14029,-72.87620544,-290.7191467,953.9822388,182.1245925
14030,-71.0319519,-287.9021912,948.9098511,182.1222442
14031,-69.18631744,-284.9585266,943.9090576,182.1197769
14032,-67.34952545,-281.8984985,938.9693604,182.1171585
14033,-65.5328064,-278.732605,934.0795288,182.1143522
14034,-63.74854279,-275.4712219,929.2270508,182.1113161
14035,-62.00960922,-272.1246948,924.3997192,182.1080033
14036,-60.32911682,-268.7033997,919.585022,182.1043621
14037,-56.38781738,-266.0512695,915.8856201,182.1049925
14038,-50.12666321,-263.881012,913.1309204,182.1101699
14039,-54.03830719,-266.8052673,917.0093994,182.1096476
14040,-38.88047409,-254.3975372,900.5827026,182.110007
14041,-37.78702545,-250.6926422,895.2437744,182.1037985
14042,-40.1036644,-258.094635,905.8864746,182.1154888
14043,-43.87900925,-261.329834,910.1259155,182.115365
14044,-47.73879623,-264.4671326,914.208374,182.1149534
14045,174.8416138,-59.10548401,757.4274902,156.0890271
14046,173.4454346,-63.38721466,756.9342651,154.7247364
14047,176.0330963,-55.30506134,771.1277466,170.090932
14048,174.8404388,-59.34509659,763.9879761,162.3302601
14049,174.7772064,-59.63072205,770.6578369,168.6894239
14050,175.8713989,-55.61184692,777.9026489,176.4569241
14051,175.6175995,-55.95880508,784.791687,183.0054547
14052,175.2566376,-56.34412003,791.7980957,183.3543011
14053,174.7743073,-56.76600266,798.9249878,183.4083598
14054,179.2583771,-30.39133453,808.2150879,183.0656579
14055,178.610672,-34.869133,807.9197388,183.1065788
14056,177.8829956,-39.34466934,807.6060181,183.1517781
14057,177.0746613,-43.81790543,807.2744141,183.201117
14058,176.1847076,-48.28873062,806.9249268,183.2525163
14059,175.2123718,-52.75708389,806.5579834,183.3031366
14060,174.1564789,-57.22254562,806.1738281,183.3569696
14061,178.3812561,-30.67350388,815.4729614,183.0367808
14062,178.7449341,-17.30617905,823.5168457,182.9074564
14063,178.3517609,-21.86495018,823.3108521,182.9385592
14064,177.8834381,-26.42086029,823.0874023,182.9702447
14065,177.3395844,-30.97402954,822.8464355,183.0027023
14066,177.8047638,-12.90258694,831.1231689,182.849443
14067,177.4938354,-17.50424385,830.9520264,182.8784002
14068,174.7121429,-13.24188614,846.3096924,182.7943944
14069,176.0546265,-17.71217537,838.5037842,182.8487475
14070,171.2191925,5.534172535,862.2275391,182.6529511
14071,171.1498413,-4.040777206,862.1343384,182.6967465
14072,171.2180328,5.534172535,862.2315063,182.652941
14073,172.8571625,-13.42174339,854.0811768,182.7667135
14074,168.9349365,5.534172535,870.1904907,182.6331204
14075,168.9337769,5.534172535,870.1947632,182.63311
14076,168.7115936,5.534172535,870.9694214,182.6312216
14077,166.2904205,15.30143642,878.2165527,182.575033
14078,163.1567993,25.26164055,886.3665771,182.5221141
14079,160.1126404,25.46417809,894.7396851,182.5085074
14080,156.8020172,25.66918755,903.225647,182.4950436
14081,153.2234802,25.87604523,911.7974243,182.4819094
14082,149.3803558,26.084095,920.4212646,182.4691897
14083,144.283432,47.0181694,929.0332642,182.4040405
14084,144.8604431,36.66246033,929.0571899,182.4306852
14085,145.2778473,26.29271126,929.0651855,182.4569257
14086,140.0170288,47.43662643,937.7006226,182.3957271
14087,135.5149689,47.85367966,946.3228149,182.3877271
14088,130.7917175,48.26805115,954.8717651,182.3800906
14089,119.9190292,70.77706146,971.81073,182.3261387
14090,114.824913,71.37879944,980.0437012,182.3218351
14091,114.3984451,82.29127502,980.170105,182.3027129
14092,113.9154663,93.17454529,980.3111572,182.2837202
14093,108.9290619,93.96949768,988.4525146,182.2813454
14094,108.5313187,104.9248581,988.6491089,182.2633241
14095,103.5902405,105.8053665,996.6600342,182.2617158
14096,98.58840179,106.6634979,1004.491089,182.2601096
14097,98.45807648,117.7928467,1004.798401,182.2435969
14098,102.7024918,138.7817841,997.5146484,182.2115678
14099,100.4545593,139.3721771,1001.530029,182.2115769
14100,98.32524872,128.8904877,1005.134583,182.2273927
14101,125.4098969,59.43355179,963.3760376,182.35184
14102,120.377594,59.94129181,971.7252808,182.3461802
14103,125.8655167,48.67839813,963.3218384,182.3728588
14104,93.62241364,152.2001343,1013.731812,182.196544
14105,91.43909454,152.8103638,1017.5896,182.1966374
14106,98.19286346,139.9547424,1005.499146,182.2115777
14107,95.92124176,140.529007,1009.421021,182.2115365
14108,89.255867,153.409668,1021.398682,182.1967197
14109,81.09226227,167.0356445,1036.785889,182.1831392
14110,85.197052,165.8128815,1029.446045,182.182942
14111,84.90534973,154.5730896,1028.869385,182.1967835
14112,77.73049927,179.5879974,1044.661377,182.1702662
14113,74.88032532,192.234314,1052.506836,182.1580399
14114,75.84243774,203.6063995,1053.397217,182.1461681
14115,72.57293701,204.9786224,1060.328491,182.146377
14116,69.35804749,206.2438507,1067.007812,182.1465009
14117,70.80721283,217.8230591,1068.128052,182.1352538
14118,71.18341064,220.7100677,1068.418213,182.1325266
14119,77.04727936,168.196701,1043.919434,182.1832426
14120,71.53408813,223.6013641,1068.690186,182.1298314
14121,71.77012634,226.5146637,1068.880249,182.127159
14122,71.88322449,229.4447784,1068.982422,182.1245071
14123,71.86987305,232.3851318,1068.994019,182.1218734
14124,71.72652435,235.3282928,1068.91272,182.1192559
14125,71.44981384,238.2663727,1068.736084,182.1166523
14126,71.0365448,241.1908264,1068.461792,182.1140604
14127,64.77919006,256.9378357,1072.525635,182.101776
14128,65.80158234,254.2075195,1073.254639,182.1042536
14129,66.69007874,251.4078369,1073.887085,182.1067468
14130,68.51925659,242.7223663,1075.182373,182.1143053
14131,68.04707336,245.6540833,1074.849731,182.1117712
14132,67.43824005,248.5527649,1074.418579,182.1092523
14133,60.48553467,263.7246704,1077.569092,182.0975128
14134,61.68507767,261.1270142,1078.444946,182.0998879
14135,62.74580383,258.4391479,1079.219727,182.1022771
14136,58.64953232,265.1064758,1084.07959,182.0980918
14137,57.72947693,265.7165222,1087.228394,182.0983673
14138,56.80426407,266.2702637,1090.307251,182.0986287
14139,47.89500809,276.2954407,1104.984253,182.0939046
14140,46.47751999,278.7038879,1103.914795,182.0918754
14141,45.6982193,279.8453369,1103.328613,182.090864
14142,49.12086868,273.7429504,1105.913696,182.0959372
14143,50.02056885,273.5017395,1103.155518,182.0956605
14144,50.90367126,273.1951294,1100.336792,182.0953789
14145,52.95863342,270.2518921,1098.357544,182.0972184
14146,55.87142181,266.7658691,1093.316895,182.0988784
14147,53.97149277,267.5757141,1099.131104,182.0993561
14148,54.92805862,267.2016296,1096.257935,182.0991203
14149,44.07569122,281.2268982,1105.502808,182.09021
14150,44.88550949,280.1135559,1106.110107,182.0912072
14151,43.26238632,281.4490051,1108.244507,182.0905616
14152,42.43087006,281.6046753,1110.934937,182.090906
14153,41.60308075,282.7053223,1110.318359,182.0899375
14154,40.72620773,283.7495422,1109.666016,182.088967
14155,39.80218887,284.7332153,1108.979492,182.0879944
14156,38.83340454,285.6522522,1108.260376,182.0870191
14157,37.8225975,286.5029297,1107.510864,182.0860405
14158,36.77293015,287.2820129,1106.733032,182.0850579
14159,35.68803787,287.9867859,1105.929565,182.0840712
14160,34.57143402,288.6149597,1105.103149,182.0830804
14161,32.6466217,289.3795166,1106.971924,182.0825523
14162,31.47938347,289.8529968,1106.111328,182.08156
14163,29.10243797,290.6281128,1104.358887,182.0795534
14164,24.34157753,292.1403809,1100.848511,182.0754584
14165,-60.97014999,320.4444275,1037.901978,181.9989974
14166,-42.04145813,313.9684448,1051.869751,182.0151505
14167,-23.10997772,307.6002197,1065.844849,182.032162
14168,-4.158130169,301.3392944,1079.830688,182.0495973
14169,14.82989788,295.1820679,1093.835205,182.0670123
14170,-65.70397949,322.0798645,1034.411011,181.9951312
14171,-70.44074249,323.7129822,1030.919067,181.9913307
14172,-72.82089233,324.4549866,1029.162964,181.9894658
14173,-75.2084198,325.1162415,1027.399414,181.9876242
14174,171.9492645,-67.66369629,756.4255981,153.4805253
14175,168.746582,-76.51583862,761.928833,157.7593131
14176,170.4213867,-72.2325592,762.4660645,158.6867255
14177,167.0353088,-81.18714142,768.0704956,163.491239
14178,163.286026,-90.25375366,773.7747192,169.1951622
14179,165.2100983,-85.95016479,774.3407593,169.5842658
14180,151.9893036,-113.765564,792.315979,183.3852677
14181,154.5137634,-109.4699631,792.902832,183.305715
14182,161.2746429,-95.12496185,780.1845703,175.9163013
14183,159.1448669,-100.0905151,786.7509155,183.1383593
14184,156.8505707,-105.147644,793.480896,183.2647014
14185,149.2153015,-118.8944702,799.2319946,183.3995772
14186,143.2453003,-128.3078156,805.7727661,183.3243753
14187,140.0442657,-132.4928589,805.2213135,183.3053157
14188,146.2407379,-124.0801086,806.3317871,183.3241568
14189,129.3262787,-146.9313049,819.4973755,183.0299312
14190,125.4815979,-152.1056213,827.1364136,182.9340342
14191,121.4648438,-156.0635223,826.5805054,182.8968075
14192,117.2292175,-159.9520111,825.9934082,182.8563092
14193,136.6050415,-137.6673279,812.5343628,183.1742242
14194,133.0045776,-142.8690186,820.0218506,183.064403
14195,102.4267578,-175.9590454,841.2662964,182.6523067
14196,106.0792465,-172.8982849,841.5028687,182.6824995
14197,113.4118652,-164.8479309,833.8006592,182.7788556
14198,109.8504639,-169.6339722,841.8449097,182.7134601
14199,99.33015442,-180.5529633,849.553833,182.6043782
14200,80.75519562,-196.8379974,856.335083,182.4645527
14201,84.74793243,-194.0766296,856.7383423,182.4889946
14202,88.629776,-191.2420044,857.1236572,182.5133518
14203,92.40149689,-188.3452911,857.4854736,182.5375468
14204,96.07171631,-185.3905182,857.8220825,182.5615522
14205,76.76097107,-201.8369904,864.1382446,182.4340953
14206,63.78629303,-214.2127991,878.7615356,182.364491
14207,72.55532837,-206.8662415,871.8668823,182.4069616
14208,68.13027954,-211.8761292,879.4803467,182.3827884
14209,59.05725861,-219.0392609,886.0883789,182.3444133
14210,35.59770584,-230.6747437,889.125061,182.2652436
14211,40.29678726,-229.1651001,890.1609497,182.2803542
14212,44.95027161,-227.5144501,891.1867676,182.2955878
14213,49.55368805,-225.7245178,892.201416,182.310922
14214,54.1026535,-223.7970581,893.2035522,182.3263335
14215,1.230591655,-240.2789764,888.1948853,182.1714376
14216,-3.655215979,-240.6895752,886.9765015,182.1584966
14217,6.10921669,-239.7266235,889.4100952,182.184593
14218,10.97616005,-239.0328674,890.621582,182.1979497
14219,15.82642841,-238.1981812,891.8284302,182.2114917
14220,20.65553665,-237.2230072,893.0299072,182.2252033
14221,25.45868683,-236.1079407,894.2250977,182.2390669
14222,30.23120117,-234.8540192,895.4130249,182.2530634
14223,-18.9966774,-244.4815979,889.2484131,182.1288216
14224,-14.13059807,-244.4084778,890.6121826,182.1406286
14225,-9.256994247,-244.2009277,891.9743042,182.1526534
14226,-24.67419815,-247.9449005,893.6519775,182.1243786
14227,-35.33451843,-251.0780487,896.0718384,182.1092162
14228,-32.8865242,-251.3462677,896.9055176,182.1146143
14229,-30.45660782,-251.4834442,897.7377319,182.1199649
14230,-28.04931068,-251.5018311,898.5629272,182.1252814
14231,-80.20559692,326.1545715,1035.270752,181.987968
14232,-80.15344238,326.1460266,1035.309692,181.9880067
14233,-78.95378113,325.8219604,1036.194214,181.9889089
14234,-79.01010132,325.8372192,1036.15271,181.9888664
14235,-76.82197571,325.4143372,1033.3302,181.9889638
14236,-90.03715515,-309.630188,1009.294861,182.1459664
14237,-91.63832092,-310.3666992,1015.262268,182.148284
14238,-92.43791199,-310.6412659,1018.276001,182.1495063
14239,-93.23794556,-310.8516541,1021.309631,182.1507709
14240,-94.03894043,-310.996582,1024.363525,182.1521026
14241,-95.36544037,-310.0138855,1023.91687,182.1499364
14242,-96.15772247,-309.2717285,1023.322693,182.1483108
14243,-96.75111389,-308.7158203,1022.877808,182.1470688
14244,-86.24984741,-310.0246277,1005.036011,182.1475191
14245,-84.61965942,-308.7830505,999.2346802,182.1453648
14246,-82.97198486,-307.3208313,993.5058594,182.1432591
14247,-81.3008194,-305.648468,987.8483276,182.1411805
14248,-79.6004715,-303.7765198,982.2614136,182.1391133
14249,-77.8649826,-301.7154236,976.7442017,182.1370464
14250,-76.09280396,-299.475708,971.3017578,182.1349704
14251,-74.29175568,-297.0678711,965.9477539,182.1328724
14252,-72.4666214,-294.5023193,960.6801147,182.1307347
14253,-70.62329865,-291.7896118,955.4945068,182.128537
14254,-68.76935577,-288.9402771,950.3842773,182.1262555
14255,-66.91359711,-285.9647827,945.3417358,182.1238627
14256,-65.06649017,-282.8736877,940.3565674,182.1213257
14257,-63.23944473,-279.6774902,935.4179077,182.1186072
14258,-61.44490051,-276.3866577,930.5133667,182.1156646
14259,-59.6959343,-273.0116882,925.6309814,182.1124504
14260,-58.00572586,-269.5630798,920.758728,182.1089122
14261,-51.67181015,-267.4795532,918.1430054,182.1143055
14262,-55.66353226,-270.3377686,921.9440918,182.1134586
14263,-36.42628098,-254.7765198,901.4838867,182.1152894
14264,-37.64852142,-258.4663391,906.8603516,182.1206342
14265,-41.4479866,-261.7726135,911.1565552,182.120328
14266,-45.33276367,-264.9801025,915.2955322,182.1197554
14267,-49.28821945,-268.0742188,919.286377,182.1189704
14268,173.4664307,-63.64595795,763.4962769,160.9849932
14269,171.9940186,-67.94216919,762.9887695,159.7658548
14270,174.6372833,-59.96060181,777.4411621,175.2146418
14271,173.4261169,-63.95283127,770.1713257,167.3690027
14272,173.3096161,-64.30596161,776.9630127,173.8841158
14273,174.4058075,-60.33277512,784.3416138,182.3001885
14274,174.0679016,-60.74541855,791.3621216,183.4095341
14275,173.6092529,-61.19665527,798.5054932,183.4994864
14276,173.0160065,-61.68460846,805.7730713,183.420327
14277,177.7473907,-35.18655777,815.1954956,183.0740112
14278,177.0354462,-39.6970787,814.9003296,183.1132929
14279,176.2444611,-44.20500946,814.5875854,183.154335
14280,175.3738098,-48.71028519,814.2575684,183.1964051
14281,174.4226227,-53.21269989,813.9104004,183.2387549
14282,173.3900299,-57.71183777,813.5465088,183.2813738
14283,172.2749939,-62.2072525,813.1662598,183.3237242
14284,176.720047,-35.52451706,822.5881958,183.0360126
14285,177.1098328,-22.10292244,830.7639771,182.9074398
14286,176.6524811,-26.69876671,830.5592041,182.9366423
14287,176.12146,-31.29166222,830.3376465,182.9660398
14288,175.51651,-35.88160706,830.0994263,182.9955844
14289,175.6797943,-22.35281372,838.3341675,182.8754746
14290,174.0510101,-22.61358452,846.0230713,182.8434468
14291,168.8385773,-4.13578701,870.1160889,182.6737343
14292,170.7834473,-13.60750103,861.9728394,182.7394828
14293,172.2134552,-22.88418961,853.8308105,182.8115991
14294,166.3514557,5.534172535,878.2595215,182.6135961
14295,166.2889404,-4.233121395,878.2210083,182.6511349
14296,166.3499756,5.534172535,878.2639771,182.6135855
14297,164.8757935,5.534172535,882.8173828,182.6029247
14298,163.4928589,15.4007082,886.4437866,182.5587107
14299,160.4362946,15.50155926,894.7940063,182.5426144
14300,157.111557,15.60372162,903.2601929,182.5267076
14301,153.5171509,15.70686722,911.8152466,182.5113781
14302,149.6564331,15.81063938,920.4249878,182.4966668
14303,145.5346832,15.91470909,929.0570679,182.4824951
14304,140.542923,36.97580338,937.7042847,182.4206838
14305,140.9243011,26.50126839,937.6971436,182.4451929
14306,141.1604156,16.01877785,937.6791992,182.4689714
14307,135.9874268,37.28807068,946.3077393,182.4111364
14308,131.2088013,37.59822464,954.8392334,182.4020805
14309,126.2256775,37.90539551,963.2729492,182.3935356
14310,115.1922607,60.44092941,979.9327393,182.3408313
14311,109.6077805,71.96906281,988.1186523,182.3178814
14312,109.8835983,60.9309082,987.982605,182.3356468
14313,109.2887497,82.98313904,988.2755127,182.2994801
14314,104.0881195,83.65953064,996.2102661,182.2962874
14315,103.8505402,94.74703979,996.4226685,182.2791582
14316,98.71366119,95.50449371,1004.213562,182.2768521
14317,93.55472565,96.23908997,1011.81958,182.274695
14318,93.56095886,107.4960861,1012.136597,182.2585685
14319,93.57627869,118.7255707,1012.488586,182.2425958
14320,93.6030426,129.9254913,1012.875061,182.2268694
14321,120.7589188,49.08349991,971.6502686,182.3660812
14322,115.4981766,49.48207855,979.8374023,182.3598762
14323,121.0607529,38.20863342,971.5857544,182.3855
14324,93.64374542,141.0943604,1013.295288,182.2114931
14325,89.08708954,142.1960602,1020.900024,182.2113204
14326,84.55517578,143.2552032,1028.310303,182.2111046
14327,80.60025787,155.6851044,1036.141113,182.1967679
14328,76.36844635,156.7405701,1043.209351,182.1966922
14329,80.07886505,144.2671967,1035.523438,182.2108213
14330,73.96476746,180.7926941,1051.654175,182.1704298
14331,71.3972702,193.4748535,1059.350098,182.1581837
14332,67.99259186,194.6189117,1065.947266,182.1582649
14333,64.67607117,195.6585999,1072.280151,182.1582787
14334,66.20573425,207.3933258,1073.41626,182.1465542
14335,67.82778168,219.0969238,1074.618896,182.1353356
14336,68.24823761,222.0176239,1074.93042,182.1326143
14337,72.23459625,157.7343292,1050.067627,182.196571
14338,73.08557129,169.2901917,1050.84021,182.1832944
14339,68.64418793,224.9430695,1075.224243,182.1299258
14340,68.92993164,227.88974,1075.438599,182.1272643
14341,69.09736633,230.8524017,1075.567505,182.1246283
14342,69.14328766,233.824585,1075.608765,182.1220159
14343,69.06434631,236.7988586,1075.559814,182.1194259
14344,68.85733795,239.7675781,1075.418457,182.1168563
14345,63.66767883,255.6743317,1079.893433,182.1046822
14346,64.4517746,252.8450775,1080.466797,182.1071046
14347,65.102211,249.9622345,1080.942871,182.1095476
14348,66.27153778,241.0983734,1081.801392,182.1170101
14349,66.00957489,244.0790253,1081.608276,182.114499
14350,65.62059784,247.03685,1081.322754,182.112012
14351,59.75698853,262.4636536,1084.902954,182.1004003
14352,60.71697998,259.7362061,1085.61853,182.1027211
14353,61.53034592,256.938324,1086.226562,182.105057
14354,58.78778839,263.0507507,1088.021729,182.1006393
14355,57.81149292,263.5812988,1091.067871,182.1008677
14356,46.36060715,277.7495117,1107.21936,182.0932034
14357,47.02430344,276.5065002,1107.720093,182.0942026
14358,48.20179367,273.9169312,1108.611938,182.09621
14359,45.64740753,278.9531555,1106.682495,182.0922046
14360,49.17954636,271.212738,1109.357788,182.0982311
14361,50.15405273,271.0730286,1106.702026,182.097982
14362,51.10704422,270.8651733,1103.983887,182.0977309
14363,52.04101944,270.5908813,1101.202637,182.0974764
14364,52.99919128,267.8863831,1101.93689,182.0995874
14365,56.82530594,264.0536194,1094.042236,182.1010873
14366,54.81209946,264.8159485,1099.777954,182.1015089
14367,53.77965546,265.102417,1102.540527,182.1017148
14368,55.82641983,264.4657288,1096.945312,182.1013004
14369,44.0561409,280.3163147,1108.838379,182.0915437
14370,44.79985809,279.1360779,1109.395874,182.0925265
14371,43.20755005,280.4518127,1111.514282,182.0918744
14372,41.57852554,281.6924133,1113.574707,182.0912468
14373,42.33735275,280.5184326,1114.13855,182.0922014
14374,40.76650238,282.8134155,1112.972168,182.0902926
14375,39.90315628,283.8770447,1112.332275,182.0893375
14376,38.99043274,284.8788757,1111.656616,182.0883807
14377,38.03112411,285.8146667,1110.947021,182.0874212
14378,37.027771,286.6802063,1110.205444,182.086458
14379,35.98379517,287.472229,1109.434326,182.0854902
14380,34.90298462,288.1875916,1108.636475,182.0845167
14381,33.78930283,288.8240662,1107.814697,182.0835359
14382,31.03145409,289.6195374,1112.278564,182.0835078
14383,29.86698723,290.1009521,1111.426514,182.0825405
14384,27.4943943,290.8874512,1109.69043,182.080577
14385,22.74280167,292.4283447,1106.213135,182.0765506
14386,-62.59146881,320.7121277,1043.74585,182.0003571
14387,-43.64319611,314.3325806,1057.617065,182.0165117
14388,-24.69361496,308.0075684,1071.491943,182.0335029
14389,-5.73360014,301.7368469,1085.372437,182.0508893
14390,13.24468231,295.5187378,1099.262451,182.0681992
14391,-72.06859589,323.9177856,1036.810791,181.9926613
14392,-74.44365692,324.6847229,1035.072266,181.9908023
14393,168.7843781,-76.8890686,768.6174316,164.2196673
14394,170.4314575,-72.58316803,769.1504517,165.1102886
14395,167.030365,-81.63624573,774.8937988,170.1016952
14396,163.2652893,-90.80641174,780.7525635,176.122636
14397,165.1527557,-86.47626495,781.3079834,176.4256509
14398,151.8786163,-114.6078415,799.8084717,183.3514195
14399,154.3522491,-110.2876663,800.3803101,183.3140708
14400,161.1970673,-95.75688934,787.3173218,183.1967685
14401,159.0038452,-100.8022842,794.0454712,183.2638779
14402,156.6390076,-105.9384308,800.9414673,183.2950683
14403,149.0383148,-119.8106995,806.8942261,183.3114668
14404,143.0697021,-129.3147125,813.6148071,183.220824
14405,139.9410858,-133.5147247,813.0707397,183.2024028
14406,145.9976044,-125.0686035,814.1625366,183.2296751
14407,129.2689362,-148.0924835,827.6698608,182.9677136
14408,125.4348679,-153.3322601,835.4659424,182.8818453
14409,121.5638199,-157.28685,834.9104004,182.8496092
14410,117.4882889,-161.1672821,834.3254395,182.8147878
14411,136.4634552,-138.7560577,820.5474243,183.094122
14412,132.8368378,-144.0245972,828.1941528,182.9977048
14413,102.8612823,-177.5620117,849.7805786,182.6306872
14414,106.4773712,-174.408371,850.0828247,182.6576087
14415,113.7153168,-166.1549835,842.2878418,182.7447481
14416,110.1673813,-171.0737305,850.4682617,182.6849124
14417,99.65079498,-182.3759155,858.1341553,182.5853609
14418,80.85894012,-199.1388397,864.6320801,182.4563424
14419,84.86138916,-196.3397522,865.1154175,182.4786111
14420,88.76093292,-193.4514771,865.5822754,182.5008055
14421,92.5573349,-190.4824677,866.0293579,182.5228619
14422,96.25505829,-187.4364166,866.4557495,182.5447435
14423,76.74112701,-204.2664948,872.4592896,182.4271727
14424,63.47712326,-216.8386383,886.9372559,182.3611849
14425,72.40097809,-209.4044952,880.1871338,182.4011869
14426,67.82904053,-214.5040436,887.7719727,182.3780175
14427,58.59296799,-221.7337952,894.1918945,182.3417985
14428,34.96869659,-233.4623718,896.5925293,182.2671734
14429,39.66664505,-231.9341431,897.7625732,182.2813761
14430,44.32051849,-230.2705688,898.921936,182.2956497
14431,48.92619705,-228.4733276,900.0693359,182.3099721
14432,53.4793663,-226.5441589,901.203186,182.3243196
14433,-4.380351067,-243.8586426,893.3342285,182.1648845
14434,0.4946083426,-243.3813019,894.6914673,182.1773085
14435,5.363264561,-242.7687683,896.0453491,182.1899113
14436,10.22093868,-242.0213013,897.3951416,182.2026771
14437,15.06298161,-241.1393127,898.7400513,182.2155893
14438,19.88478851,-240.1232452,900.0793457,182.2286302
14439,24.68185997,-238.9736328,901.4121094,182.2417815
14440,29.44978523,-237.6914368,902.7373657,182.2550234
14441,-19.83315277,-247.9099121,895.1576538,182.1355754
14442,-14.97971153,-247.7480469,896.6619263,182.1469752
14443,-10.11849022,-247.4588165,898.1641846,182.1585655
14444,-25.64128304,-251.4799042,899.3864746,182.130622
14445,-33.97748566,-255.023819,902.3909302,182.1205438
14446,-31.54978752,-255.1231995,903.295105,182.125741
14447,-29.14847946,-255.0891571,904.1904297,182.1308846
14448,-77.82398987,325.4518127,1037.013306,181.9897695
14449,-87.86821747,-311.0350342,1010.9104,182.1497527
14450,-89.4805069,-311.803833,1016.858826,182.1520996
14451,-92.17915344,-311.6169434,1022.085693,182.1527125
14452,-94.15467834,-311.0050049,1024.824097,182.1523076
14453,-93.93294525,-311.1864319,1024.990234,182.1527358
14454,-83.98727417,-311.1731873,1006.726501,182.1512484
14455,-82.35422516,-309.9102478,1000.92926,182.14908
14456,-80.70396423,-308.4259033,995.1993408,182.1469704
14457,-79.03056335,-306.7307434,989.5355225,182.1448977
14458,-77.32804871,-304.8354187,983.9368896,182.1428455
14459,-75.59039307,-302.7504883,978.4024658,182.1408022
14460,-73.81541443,-300.4866333,972.9375,182.1387585
14461,-72.01070404,-298.0543823,967.5559692,182.1367017
14462,-70.18091583,-295.464325,962.2561646,182.1346141
14463,-68.33233643,-292.7271118,957.0338745,182.1324746
14464,-66.47209167,-289.8533325,951.8831787,182.1302597
14465,-64.60966492,-286.8536377,946.7962036,182.1279408
14466,-62.75523376,-283.7386169,941.7631836,182.125485
14467,-60.92057037,-280.5189209,936.7734375,182.1228546
14468,-59.11815643,-277.2051697,931.8148804,182.1200064
14469,-57.36135483,-273.8079224,926.8757324,182.1168922
14470,-53.30281448,-271.0268555,923.140686,182.1180051
14471,-35.19978333,-258.691925,907.8399048,182.1257445
14472,-38.9928894,-262.1359253,912.2021484,182.1253345
14473,-42.90345764,-265.420105,916.3956909,182.1245911
14474,-46.88533401,-268.5897522,920.4405518,182.123651
14475,-50.92370987,-271.6301575,924.3482056,182.1225559
14476,171.9780731,-68.27068329,769.6685791,166.1638904
14477,173.1021881,-64.70340729,783.8747559,180.610532
14478,171.8867035,-68.64732361,776.4685059,172.6359186
14479,171.705246,-69.07014465,783.3915405,179.0306055
14480,172.7891235,-65.14331818,790.9093628,183.8859005
14481,172.3562469,-65.62378693,798.0693359,183.6603548
14482,171.7897339,-66.14279938,805.355896,183.4905621
14483,171.0765228,-66.69837189,812.7700806,183.3623255
14484,176.0241394,-40.07223129,822.3127441,183.0700929
14485,175.2510071,-44.61699677,822.0202637,183.1046572
14486,174.4003296,-49.15875244,821.7109985,183.1392178
14487,173.4711761,-53.69722748,821.3852539,183.1731441
14488,172.4627838,-58.23197937,821.0431519,183.2056793
14489,171.3742828,-62.7625885,820.6852417,183.2356216
14490,170.2047272,-67.28852081,820.3117065,183.2609653
14491,174.8370819,-40.46854401,829.8447266,183.025124
14492,175.2336273,-26.99047279,838.1485596,182.9020596
14493,174.7158051,-31.62503242,837.9470215,182.9284608
14494,174.1258698,-36.25640106,837.7294922,182.9545635
14495,173.4636688,-40.88440323,837.4963379,182.9802058
14496,173.11203,-31.9728241,845.6757202,182.8911814
14497,168.4815826,-13.79853439,869.9848022,182.7129056
14498,170.1578674,-23.16361618,861.7579346,182.7804272
14499,171.3006439,-32.33375931,853.5233154,182.8545304
14500,165.9419403,-13.99403763,878.117981,182.6870504
14501,163.4911804,-4.332392693,886.4484863,182.6289928
14502,163.5673218,5.534172535,886.4684448,182.5944532
14503,163.5656891,5.534172535,886.4730835,182.5944426
14504,161.1973267,5.534172535,893.0812378,182.5795753
14505,160.5198975,5.534172535,894.8028564,182.575744
14506,160.5179596,5.534172535,894.8076782,182.5757333
14507,157.1942749,5.534172535,903.2542114,182.5575503
14508,157.1923065,5.534172535,903.2593994,182.5575395
14509,156.5303802,5.534172535,904.9413452,182.5540375
14510,153.5723114,5.534172535,911.7919312,182.5399587
14511,151.4512177,5.534172535,916.7041626,182.530285
14512,153.5746765,5.534172535,911.7866211,182.5399694
14513,149.7165527,5.534172535,920.3882446,182.5231148
14514,149.7139282,5.534172535,920.3936768,182.5231043
14515,145.984024,5.534172535,928.3151245,182.5083606
14516,145.6202545,5.534172535,929.0273438,182.507055
14517,145.6174774,5.534172535,929.03302,182.5070447
14518,136.3310089,26.70907974,946.2871094,182.4340723
14519,136.5449371,16.12248993,946.2609863,182.4562797
14520,141.2236328,5.534172535,937.6361694,182.4918732
14521,141.2206268,5.534172535,937.6419678,182.4918633
14522,140.1403198,5.534172535,939.7573853,182.4882907
14523,131.5128784,26.91552162,954.8063965,182.4235856
14524,126.4889755,27.11999512,963.229187,182.4137356
14525,121.2821274,27.32181549,971.5319214,182.4045437
14526,110.1140289,49.87287521,987.8676758,182.3538061
14527,104.3005524,72.5459137,996.0235596,182.3139033
14528,104.6405945,50.25458527,995.7288818,182.348266
14529,98.93857574,73.10742188,1003.750305,182.3102581
14530,93.56000519,73.65161133,1011.293396,182.3070288
14531,88.41022491,96.9480896,1019.238342,182.272707
14532,88.54344177,108.3000336,1019.593811,182.2571269
14533,88.69915771,119.6264648,1019.989746,182.2416322
14534,88.87966919,130.9256287,1020.425293,182.2263259
14535,115.741127,38.50689697,979.7581787,182.3778896
14536,110.4328003,27.71505737,987.7022705,182.388415
14537,115.9196472,27.52038956,979.6949463,182.3960586
14538,84.18878174,131.8868408,1027.782593,182.225768
14539,75.68743134,145.2275238,1042.5354,182.2105231
14540,71.4068985,146.1313934,1049.340088,182.2102074
14541,79.56259918,132.8050232,1034.944336,182.2251963
14542,70.28456879,181.916687,1058.419434,182.1705071
14543,66.7046814,182.9530945,1064.943848,182.1705123
14544,63.23658752,183.8953857,1071.209839,182.1704661
14545,59.88624191,184.7366333,1077.195435,182.1703843
14546,61.4522934,196.5861664,1078.32666,182.1582452
14547,63.11910629,208.418045,1079.531128,182.1465556
14548,64.88549042,220.2315674,1080.808105,182.1353644
14549,65.34259796,223.1819305,1081.138672,182.1326501
14550,67.26079559,146.97435,1055.92749,182.2098799
14551,68.22090912,158.6611633,1056.705933,182.1964114
14552,69.22763062,170.3101349,1057.537354,182.1832808
14553,65.77690887,226.1374969,1081.452515,182.1299696
14554,66.10649109,229.1130676,1081.690308,182.12732
14555,66.32369232,232.1036835,1081.846191,182.1247003
14556,66.42564392,235.1028595,1081.918213,182.1221095
14557,66.4092865,238.1035919,1081.904053,182.1195465
14558,62.20253754,254.0821686,1086.731079,182.1074125
14559,62.74905396,251.1749573,1087.142944,182.1097971
14560,63.17266083,248.2267914,1087.464233,182.112214
14561,63.72826767,239.2296448,1087.902344,182.1196359
14562,63.65969086,242.2455292,1087.842041,182.1171301
14563,63.47533417,245.2472229,1087.696655,182.1146564
14564,59.69434357,260.3037109,1088.703735,182.1029258
14565,60.45034027,257.4897766,1089.275146,182.1052287
14566,58.66249847,260.8146973,1091.713745,182.1031222
14567,45.49267197,277.9125977,1109.916382,182.0935106
14568,46.13401794,276.6497498,1110.39917,182.0944964
14569,47.2608757,274.0219421,1111.251099,182.0964806
14570,48.18069458,271.2825928,1111.95166,182.0984793
14571,48.89621735,268.4587402,1112.502563,182.1005007
14572,49.9593277,268.4197693,1109.958496,182.1002714
14573,50.99576187,268.3102112,1107.349976,182.1000437
14574,52.00808716,268.1318359,1104.67627,182.0998162
14575,52.72608566,265.3233032,1105.234131,182.1019201
14576,57.61846161,261.267395,1094.649414,182.1033121
14577,54.3853569,262.2579651,1103.015381,182.103862
14578,55.48270798,261.9908142,1100.299561,182.1036799
14579,53.2644043,262.4597168,1105.659546,182.1040458
14580,56.55946732,261.6600037,1097.510986,182.1034974
14581,43.93210602,279.2510071,1112.055786,182.0928439
14582,44.60358047,278.006897,1112.558472,182.0938151
14583,43.04172897,279.2963562,1114.662842,182.0931574
14584,41.44310379,280.5146179,1116.712036,182.0925249
14585,40.70320129,281.7104187,1116.164917,182.0915844
14586,42.1263237,279.2702637,1117.217896,182.0934677
14587,39.90774918,282.8526306,1115.577515,182.0906449
14588,39.05858994,283.9365234,1114.950928,182.0897053
14589,38.15811157,284.95755,1114.287109,182.0887643
14590,37.20878983,285.9108887,1113.587769,182.0878211
14591,36.21351242,286.7920837,1112.855103,182.0868744
14592,35.17582321,287.5976257,1112.091675,182.0859235
14593,34.09975052,288.3244324,1111.300171,182.0849676
14594,32.98928833,288.9698486,1110.483887,182.0840067
14595,32.16936493,289.0507812,1113.11145,182.0844642
14596,30.01588058,289.6262207,1115.389282,182.0840845
14597,29.33400345,289.9384155,1114.889771,182.0835219
14598,27.59378624,290.5578918,1113.620117,182.0821036
14599,28.85490036,290.1088867,1114.540161,182.0831337
14600,21.74662971,292.4846191,1109.371582,182.0772156
14601,26.49083138,290.9213562,1112.818726,182.0811984
14602,-63.59872818,320.7475891,1047.35437,182.0011872
14603,-58.97796631,319.2096558,1050.719849,182.0051275
14604,-44.64139557,314.4483948,1061.151367,182.0173352
14605,-31.46048546,310.0708923,1070.741943,182.0291386
14606,-25.68089104,308.159729,1074.937622,182.034323
14607,-6.711697578,301.8873596,1088.708252,182.0516658
14608,12.25941753,295.6143799,1102.480347,182.0689167
14609,15.41611004,294.5706482,1104.771973,182.0716724
14610,-71.92077637,323.5175171,1041.293091,181.9944213
14611,-73.07833862,323.8967896,1040.453857,181.9934872
14612,168.7487946,-77.31364441,775.4332275,170.7654165
14613,170.3669891,-72.98358917,775.958313,171.6000726
14614,166.9388428,-82.13615417,781.8502197,176.8310675
14615,163.1468201,-91.41038513,787.8716431,183.3181385
14616,164.9960175,-87.05256653,788.413208,183.4967169
14617,151.6451111,-115.501152,807.4553833,183.2946917
14618,154.0641174,-111.1555099,808.0095215,183.2809148
14619,161.0101471,-96.43940735,794.5953369,183.3026178
14620,158.7427216,-101.5639114,801.4874268,183.2974654
14621,156.2976837,-106.7783813,808.5510254,183.274871
14622,148.7315521,-120.7777863,814.710144,183.2314906
14623,142.7646484,-130.3742371,821.6122437,183.1367688
14624,139.7144165,-134.5907593,821.078125,183.1184033
14625,145.6196289,-126.1082764,822.1462402,183.1495311
14626,129.0915833,-149.3161163,835.9987793,182.9112562
14627,125.2676468,-154.6269836,843.9492188,182.8340383
14628,121.5497513,-158.5826874,843.397522,182.8059554
14629,117.6417999,-162.4598541,842.8179932,182.775837
14630,136.1958008,-139.9010162,828.7158813,183.0238427
14631,132.5418549,-145.239624,836.5199585,182.9377258
14632,103.1900864,-179.2719421,858.4484253,182.6091643
14633,106.7668152,-176.0216064,858.8171997,182.6332411
14634,113.9104919,-167.5493011,850.9329224,182.7122759
14635,110.3718796,-172.6116333,859.2456055,182.6574182
14636,99.85977173,-184.3131104,866.8618164,182.5664253
14637,80.84505463,-201.5476074,873.0425415,182.447457
14638,84.85871124,-198.71521,873.6134644,182.4677447
14639,88.77696991,-195.7766418,874.1691284,182.487971
14640,92.59759521,-192.7376404,874.7075806,182.5080819
14641,96.32139587,-189.6014252,875.2285156,182.5280363
14642,76.59431458,-206.8004761,880.8811035,182.4196523
14643,63.02028275,-219.5368958,895.164978,182.3572913
14644,72.10954285,-212.0388031,888.5913696,182.3948817
14645,67.38182068,-217.2108917,896.1217041,182.3727857
14646,57.97588348,-224.484726,902.3219604,182.3386687
14647,34.18412399,-236.277771,904.053833,182.2683354
14648,38.88055038,-234.7337341,905.3604736,182.2816961
14649,43.53480911,-233.0605316,906.6560059,182.2950839
14650,48.14266586,-231.2597504,907.9388428,182.3084759
14651,52.70039368,-229.3330841,909.2076416,182.3218501
14652,-5.253976345,-247.0419464,899.6639404,182.1703326
14653,-0.3906547427,-246.4969788,901.1607056,182.1822622
14654,4.466974735,-245.8237762,902.6538696,182.1943383
14655,9.31445694,-245.0225677,904.1428223,182.2065445
14656,14.14721584,-244.0937195,905.6266479,182.2188626
14657,18.96100616,-243.0376129,907.1047363,182.2312746
14658,23.75128365,-241.8547516,908.5762329,182.2437606
14659,28.51381302,-240.5460358,910.039978,182.2563006
14660,-20.81329155,-251.3470917,901.0326538,182.1414484
14661,-15.97309685,-251.0948486,902.677063,182.1524562
14662,-11.1250639,-250.722702,904.3191528,182.1636304
14663,-26.7469635,-255.0147247,905.0838013,182.1360598
14664,-32.77466202,-258.7528381,908.8153687,182.1307911
14665,-30.37940598,-258.665802,909.7798462,182.1357786
14666,-85.60913086,-312.2041016,1012.59198,182.1535041
14667,-88.3644104,-312.4309998,1017.684326,182.1539984
14668,-91.09268188,-312.3204346,1022.88208,182.1546389
14669,-93.1025238,-311.7735596,1025.612305,182.1542753
14670,-84.4499054,-312.6915588,1013.454529,182.1553664
14671,-81.65327454,-312.0735168,1008.46936,182.154954
14672,-80.02236938,-310.803894,1002.672302,182.1527775
14673,-78.37445068,-309.3114014,996.9378052,182.1506693
14674,-76.70340729,-307.6067505,991.2642212,182.1486058
14675,-75.00292969,-305.7007141,985.6507568,182.1465712
14676,-73.26700592,-303.6040344,980.0961914,182.1445531
14677,-71.49312592,-301.3274536,974.6057739,182.1425423
14678,-69.68833923,-298.8816528,969.1939697,182.140527
14679,-67.85751343,-296.2773743,963.8591919,182.1384889
14680,-66.00654602,-293.5253296,958.5979614,182.1364077
14681,-64.14309692,-290.6362915,953.4042969,182.1342591
14682,-62.27653503,-287.6210022,948.270874,182.1320143
14683,-60.41737366,-284.4902344,943.1879272,182.1296399
14684,-58.57735062,-281.2546692,938.1452026,182.127098
14685,-56.76927185,-277.9251404,933.1307983,182.1243449
14686,-55.00655365,-274.5122986,928.1331787,182.1213319
14687,-36.54491043,-262.3388367,913.2530518,182.1303027
14688,-40.44922256,-265.7737122,917.5115967,182.1294649
14689,-44.45836639,-269.0259705,921.6086426,182.1283613
14690,-48.52429581,-272.1477051,925.567627,182.1271194
14691,-52.63191986,-275.1241455,929.402832,182.1257739
14692,171.4191437,-69.53726959,790.4403687,184.4088849
14693,170.2134552,-73.43192291,782.8926392,178.0521784
14694,169.9563751,-73.92622375,789.9556885,184.2463813
14695,171.0141296,-70.04670715,797.6171265,183.8024276
14696,170.4765167,-70.59654236,804.9227295,183.5441134
14697,169.7935333,-71.18473816,812.3582153,183.3898858
14698,168.9531708,-71.8092041,819.9228516,183.2791208
14699,174.0826263,-45.05213928,829.5736084,183.0543801
14700,173.2526093,-49.63230896,829.286377,183.0829491
14701,172.3463745,-54.20875549,828.9832153,183.1102819
14702,171.363205,-58.78105545,828.6643066,183.1356909
14703,170.3023224,-63.34867859,828.3300171,183.1583066
14704,169.1628571,-67.91111755,827.9805298,183.1770914
14705,167.9442444,-72.46784973,827.616272,183.1910235
14706,172.7285614,-45.50871277,837.2474365,183.0051245
14707,171.8935089,-41.3182373,845.2680054,182.9366476
14708,167.8751068,-23.45082092,869.8042603,182.7501726
14709,169.2725677,-32.70643997,861.4898682,182.8190491
14710,170.1174011,-41.7684021,853.1590576,182.8946296
14711,163.1551666,-14.19341469,886.3712769,182.6620014
14712,165.3560333,-23.74482155,877.9700317,182.7209658
14713,160.4344482,-4.433273792,894.7989502,182.6075835
14714,157.109436,-4.535465717,903.2653198,182.5869724
14715,153.5147705,-4.638611794,911.8205566,182.5670951
14716,149.6539001,-4.74238348,920.430481,182.5480852
14717,145.5318909,-4.846423149,929.0627441,182.5301633
14718,131.7032776,16.2255764,954.7735596,182.4443796
14719,136.5857391,5.534172535,946.2052002,182.4775669
14720,136.5824585,5.534172535,946.2111206,182.4775574
14721,133.9163666,5.534172535,951.0473022,182.4699035
14722,141.1573792,-4.950492859,937.6849976,182.5133035
14723,136.5416565,-5.054264545,946.2669067,182.497423
14724,126.6546783,16.3277092,963.1907349,182.4332134
14725,121.4221649,16.42853165,971.4888306,182.4228087
14726,116.0331345,16.52771378,979.6478882,182.4132376
14727,104.85672,27.90522575,995.5413208,182.3811783
14728,99.11473846,50.62594986,1003.412964,182.3432949
14729,88.20336151,74.1765213,1018.650513,182.304062
14730,93.57595062,50.9857254,1010.914062,182.3387802
14731,83.31730652,97.62877655,1026.467407,182.2709638
14732,83.0965271,86.16402435,1026.120239,182.2860748
14733,82.90769958,74.68015289,1025.819336,182.3014087
14734,83.57172394,109.0720901,1026.860474,182.2558053
14735,83.86161041,120.492012,1027.299072,182.2407272
14736,112.8036041,5.534172535,984.4050903,182.4237394
14737,110.5286407,5.534172535,987.6026001,182.4199418
14738,110.5242615,5.534172535,987.6088257,182.4199345
14739,75.03166199,133.6760254,1041.90686,182.224661
14740,70.62306213,134.4957886,1048.664429,182.2241289
14741,74.43722534,122.1024094,1041.33252,182.2389672
14742,65.49002838,171.2507935,1063.998169,182.1831851
14743,61.88547134,172.1061401,1070.205322,182.1830576
14744,58.42157745,172.8703461,1076.137329,182.182917
14745,55.06258774,173.5374908,1081.753784,182.1827722
14746,56.61844635,185.4702606,1082.859863,182.1702895
14747,58.28630447,197.3938599,1084.045288,182.1581907
14748,60.06347656,209.3090057,1085.310303,182.146532
14749,61.94578934,221.2164154,1086.652832,182.1353668
14750,62.43234253,224.1921082,1087.000244,182.1326607
14751,64.34514618,159.5158539,1063.11145,182.1962204
14752,63.26800156,147.7517548,1062.285278,182.2095614
14753,66.3616333,135.2601624,1055.207153,182.2236224
14754,62.89797592,227.1731873,1087.332031,182.1299891
14755,63.26576614,230.1729584,1087.592285,182.1273497
14756,63.5284729,233.1865082,1087.775391,182.124745
14757,63.68353271,236.2076874,1087.879395,182.1221739
14758,61.06349182,254.6211853,1089.741333,182.1075522
14759,61.5556488,251.7031097,1090.11792,182.1099065
14760,60.88360596,246.2135315,1093.439209,182.114796
14761,60.67049026,249.2099762,1093.265869,182.1123896
14762,60.88277054,237.1263733,1093.484375,182.122235
14763,60.98737717,240.1641846,1093.546631,182.1197186
14764,60.98847961,243.1956787,1093.532104,182.1172389
14765,59.35879898,257.985199,1092.24585,182.105394
14766,45.2215004,276.7235413,1113.022217,182.0947892
14767,45.7854805,275.405365,1113.446655,182.0957671
14768,47.15510559,271.2806091,1114.484375,182.0987277
14769,46.29554749,274.0561523,1113.831665,182.0967482
14770,47.80360413,268.4253845,1114.982788,182.1007329
14771,48.24602127,265.5162659,1115.330078,182.1027686
14772,49.41146851,265.5752563,1112.906616,182.1025489
14773,50.54476166,265.561615,1110.416504,182.1023353
14774,51.64873123,265.4770813,1107.859253,182.1021263
14775,52.11713409,262.5942078,1108.232544,182.1042333
14776,58.25295639,258.42276,1095.139526,182.1055553
14777,53.62769318,259.5584717,1105.955688,182.1061966
14778,54.82017517,259.3703003,1103.364136,182.1060319
14779,55.98651886,259.1170349,1100.697998,182.1058718
14780,52.40642548,259.6798096,1108.473755,182.1063681
14781,57.12979507,258.8006592,1097.956665,182.105714
14782,43.69100189,278.0307312,1115.146851,182.0941159
14783,44.28433609,276.7262268,1115.59021,182.0950776
14784,42.75220108,277.9824524,1117.682007,182.0944139
14785,41.1835556,279.1711426,1119.721802,182.0937747
14786,40.52241898,280.4385071,1119.235474,182.0928449
14787,39.80227661,281.657074,1118.706177,182.0919183
14788,41.78478622,277.860321,1120.164673,182.094709
14789,39.02428818,282.8214417,1118.134766,182.0909937
14790,38.19041824,283.9266357,1117.522827,182.0900699
14791,37.30278778,284.9674988,1116.871704,182.0891452
14792,36.36422348,285.9391785,1116.183716,182.0882186
14793,35.3776474,286.8368835,1115.460815,182.0872885
14794,34.34687424,287.6569214,1114.705811,182.0863536
14795,33.27601624,288.3958435,1113.921631,182.0854125
14796,32.42951202,288.4002686,1116.501343,182.0858619
14797,31.32718277,289.0655212,1115.69812,182.0849293
14798,30.52895737,289.3912964,1115.765259,182.0845058
14799,168.6251984,-77.7876358,782.3786621,177.3579376
14800,166.7462769,-82.68498993,788.9414673,183.7244907
14801,162.9169464,-92.06387329,795.1328735,183.3775704
14802,164.7260132,-87.67720795,795.6576538,183.4815982
14803,151.2776031,-116.4441986,815.253479,183.2298373
14804,153.638092,-112.0720062,815.7873535,183.2281421
14805,160.7008209,-97.17075348,802.0178833,183.3212024
14806,158.3489075,-102.373703,809.0756836,183.2788797
14807,155.8151245,-107.665863,816.3067017,183.2289774
14808,148.2850494,-121.7946548,822.6765747,183.1578232
14809,142.3211365,-131.4859924,829.7599487,183.06402
14810,139.3553009,-135.7209473,829.2383423,183.0459564
14811,145.0976105,-127.1983566,830.2776489,183.0782976
14812,128.7865295,-150.6038666,844.4781494,182.8598989
14813,121.4148636,-159.9542542,852.0363159,182.7655275
14814,124.9727859,-155.9921722,852.5806885,182.7901298
14815,117.6811371,-163.8338928,851.4658203,182.739327
14816,135.7939758,-141.1026459,837.0349731,182.9611783
14817,132.1122894,-146.5150757,844.9932861,182.8834465
14818,103.4044876,-181.0942993,867.265625,182.587995
14819,106.9388046,-177.7436066,867.7012939,182.6095885
14820,113.9890823,-169.0357971,859.7304688,182.6814672
14821,110.4553604,-174.253067,868.171936,182.6310801
14822,99.94932556,-186.3695221,875.7318726,182.5477951
14823,80.70632172,-204.0666504,881.5617065,182.4381482
14824,84.73291779,-201.2058105,882.2281494,182.4566351
14825,88.67042542,-198.2208405,882.8798828,182.4750723
14826,92.5149231,-195.1145935,883.5160522,182.4934159
14827,96.26295471,-191.8899536,884.1362915,182.5116209
14828,76.31280518,-209.4376678,889.3947754,182.4117564
14829,62.4117775,-222.2971191,903.4241333,182.3529953
14830,71.6741333,-214.7591095,897.06073,182.3882541
14831,66.7842865,-219.9857788,904.5081787,182.3672743
14832,57.20373535,-227.2821503,910.4603882,182.3351827
14833,33.24451447,-239.1125641,911.4949341,182.2688738
14834,37.93900681,-237.5553284,912.9396973,182.2814584
14835,42.59335327,-235.8755035,914.3731689,182.294033
14836,47.20353317,-234.074646,915.7936401,182.3065751
14837,51.76594162,-232.1543427,917.1995239,182.3190632
14838,-6.273439407,-250.2302551,905.9584961,182.1749559
14839,-1.4226197,-249.6170959,907.5947266,182.1864166
14840,3.423133612,-248.8830414,909.2272339,182.197996
14841,8.25949955,-248.028244,910.8553467,182.2096761
14842,13.08223057,-247.0531006,912.4783325,182.2214385
14843,17.88702011,-245.9578857,914.09552,182.2332638
14844,22.66972733,-244.7430573,915.7061157,182.2451324
14845,27.42620659,-243.4095306,917.3088989,182.2570234
14846,-21.93244362,-254.7826843,906.8693848,182.1465372
14847,-17.10603142,-254.4389801,908.652771,182.1571734
14848,-12.27173805,-253.9829865,910.4338379,182.1679541
14849,-27.9846096,-258.5383606,910.7420654,182.1407939
14850,-34.12285995,-262.3607483,914.2984619,182.1352046
14851,-31.73368263,-262.2204895,915.3309326,182.1400455
14852,-87.22562408,-312.9923401,1018.52655,182.1558832
14853,-89.97988129,-312.9587097,1023.697754,182.1565489
14854,-92.47111511,-312.2200317,1026.085205,182.1554376
14855,-92.02607727,-312.4876099,1026.418579,182.1562239
14856,-83.27322388,-313.1094971,1014.329773,182.1572209
14857,-86.06633759,-313.4837341,1019.383667,182.1577549
14858,-80.46366882,-312.4223938,1009.357239,182.1567979
14859,-78.83532715,-311.1558838,1003.559326,182.1546214
14860,-74.32902527,-308.2583923,993.0272827,182.152307
14861,-75.99465942,-309.9564514,998.7128906,182.1543565
14862,-72.63376617,-306.356842,987.3966675,182.1502923
14863,-70.90250397,-304.2627258,981.8197021,182.1483008
14864,-69.13246918,-301.986908,976.3017578,182.1463238
14865,-67.33026123,-299.5402527,970.8575439,182.1443502
14866,-65.50057983,-296.9336548,965.486084,182.1423622
14867,-63.64968872,-294.1779785,960.18396,182.1403392
14868,-61.78516769,-291.2841492,954.9456177,182.138257
14869,-59.91665268,-288.2630615,949.763855,182.1360863
14870,-58.0545578,-285.1256104,944.6294556,182.1337938
14871,-56.21110535,-281.8827515,939.5321045,182.131341
14872,-54.39897537,-278.5452576,934.4603882,182.1286841
14873,-38.00249863,-265.9530334,918.6325684,182.134298
14874,-42.00558853,-269.3681641,922.7932739,182.1331063
14875,-46.09986115,-272.5787964,926.8018188,182.1317095
14876,-50.23588943,-275.6429138,930.6854858,182.1302262
14877,169.5814056,-74.46457672,797.149292,183.8038934
14878,168.3992462,-78.30916595,789.4558105,183.9863639
14879,168.0567474,-78.87630463,796.6664429,183.7208223
14880,169.0752411,-75.04496002,804.4742432,183.5555118
14881,168.4248657,-75.66539764,811.9311523,183.3998682
14882,167.6186523,-76.3237915,819.519165,183.288147
14883,166.6454315,-77.01803589,827.2375488,183.1994768
14884,171.9199982,-50.12917328,836.9830322,183.0290573
14885,171.0376434,-54.74543381,836.7033691,183.0515237
14886,170.0808411,-59.356987,836.4085693,183.072032
14887,169.0489349,-63.96341324,836.0991211,183.0900466
14888,167.9411469,-68.56411743,835.7749634,183.105037
14889,166.7568665,-73.15854645,835.4365234,183.116566
14890,165.4954224,-77.74597168,835.0839844,183.1244227
14891,170.3926849,-50.64746857,844.8010254,182.9781535
14892,167.0189667,-33.0895195,869.5745239,182.7849403
14893,168.1265106,-42.23328781,861.1687622,182.85456
14894,168.6614685,-51.18534088,852.7387695,182.9306361
14895,162.5914459,-24.04454231,886.2536011,182.6928936
14896,160.1108246,-14.39595127,894.7446289,182.6378703
14897,164.5310516,-33.48165512,877.7770996,182.7523005
14898,156.799942,-14.60099125,903.2307739,182.6146924
14899,153.2211304,-14.80784988,911.8026733,182.5925536
14900,149.3778229,-15.01589966,920.4267578,182.5715414
14901,145.2750549,-15.22454548,929.0708618,182.5517423
14902,140.9212952,-15.43307209,937.7029419,182.5331696
14903,131.7422028,5.534172535,954.7179565,182.4641749
14904,131.7386932,5.534172535,954.723999,182.4641657
14905,127.2992706,5.534172535,962.2189331,182.4530632
14906,131.6997681,-5.157320976,954.7796021,182.4825847
14907,136.3277435,-15.6408844,946.2930298,182.5158057
14908,131.5094147,-15.84735489,954.812439,182.499658
14909,126.710144,5.534172535,963.149231,182.4517105
14910,126.7063293,5.534172535,963.1552734,182.4517017
14911,121.4584351,5.534172535,971.4419556,182.4402117
14912,121.4545288,5.534172535,971.4481201,182.4402035
14913,120.281662,5.534172535,973.2999268,182.4377777
14914,116.0447845,5.534172535,979.5919189,182.4297759
14915,116.0405807,5.534172535,979.5980835,182.4297685
14916,104.9391861,5.534172535,995.4591064,182.4111363
14917,104.9347153,5.534172535,995.465271,182.4111296
14918,99.2292099,28.09020996,1003.203857,182.3746028
14919,104.760704,5.534172535,995.7098389,182.4108668
14920,88.06433868,51.33265305,1018.22998,182.3345724
14921,82.7494812,63.17967224,1025.56543,182.3160847
14922,82.62052917,51.66539764,1025.358398,182.3309054
14923,93.59082031,28.2694397,1010.683899,182.3686367
14924,82.52003479,40.14041901,1025.19873,182.3447773
14925,82.44710541,28.60799408,1025.086304,182.3586321
14926,73.0093689,87.26287079,1039.93811,182.2824199
14927,73.42728424,98.89424133,1040.347778,182.2679763
14928,72.64813232,75.61585236,1039.584106,182.2967637
14929,72.34239197,63.95521927,1039.286011,182.3108311
14930,73.90283966,110.5079651,1040.812744,182.2534526
14931,110.4284744,-16.64689064,987.7084351,182.4473453
14932,69.91036987,122.8400192,1048.047363,182.2382206
14933,60.62158203,160.2932892,1069.267334,182.1960087
14934,57.05880356,160.988205,1075.152344,182.1957889
14935,53.62096024,161.595459,1080.72644,182.1955805
14936,50.27251816,162.109848,1085.993408,182.1954012
14937,51.77369308,174.1018066,1087.057007,182.1826455
14938,53.39836502,186.0894928,1088.203735,182.1702061
14939,55.14319992,198.0741272,1089.434692,182.1581425
14940,57.00387955,210.0572357,1090.750244,182.1465123
14941,58.97375488,222.041153,1092.147461,182.1353703
14942,59.44412231,148.4588623,1068.396729,182.209242
14943,62.26735687,135.9650574,1061.522705,182.2231446
14944,65.54248047,123.5277328,1054.549438,182.237523
14945,59.97272873,228.0391235,1092.856201,182.1300066
14946,60.37306213,231.0577393,1093.137329,182.127379
14947,60.67716599,234.0886841,1093.34729,182.1247886
14948,59.91088867,255.1048126,1092.671387,182.1076891
14949,60.34692383,252.1767273,1093.010498,182.1100205
14950,59.6226387,243.5928955,1096.247681,182.1172979
14951,59.55826569,246.6166992,1096.182495,182.114869
14952,59.39134216,249.619873,1096.040894,182.1124797
14953,59.22251511,234.4684296,1096.001709,182.1248189
14954,59.45240784,237.512085,1096.155396,182.1222731
14955,59.58657837,240.5556183,1096.238037,182.1197661
14956,58.74174118,255.5313416,1095.521851,182.1078229
14957,44.82176208,275.3872681,1115.992798,182.0960436
14958,45.30318832,274.0180054,1116.354614,182.0970143
14959,46.67892456,268.3179016,1117.399902,182.1009695
14960,46.09998322,271.2052307,1116.956787,182.0989778
14961,47.04576111,265.382782,1117.687866,182.1029963
14962,47.208004,262.4237366,1117.825928,182.1050617
14963,48.4889679,262.5761414,1115.531006,182.1048388
14964,49.73223114,262.6542053,1113.167725,182.1046278
14965,50.94068527,262.6595764,1110.735107,182.1044267
14966,51.15317535,259.7325745,1110.918457,182.1065487
14967,57.5530777,255.8989258,1098.293213,182.1079564
14968,52.54363251,256.7442322,1108.601807,182.108539
14969,53.84009552,256.6302185,1106.139771,182.1083808
14970,55.10523224,256.4500732,1103.60144,182.1082328
14971,56.34181976,256.205719,1100.986206,182.1080922
14972,51.21260452,256.7904968,1110.988159,182.1087095
14973,43.31999588,276.6560059,1118.103882,182.0953644
14974,43.82952499,275.2955322,1118.483276,182.0963203
14975,42.32590866,276.5111084,1120.563721,182.0956489
14976,40.78641129,277.6625977,1122.595703,182.0950011
14977,40.21077728,278.9972839,1122.175171,182.094078
14978,39.57288742,280.2886047,1121.709595,182.0931608
14979,38.87360764,281.5307617,1121.199219,182.0922482
14980,41.29951477,276.289978,1122.970703,182.095931
14981,38.11397552,282.7182007,1120.64502,182.0913387
14982,37.29605103,283.84552,1120.048462,182.090431
14983,36.42212677,284.907196,1119.411255,182.0895235
14984,35.49503708,285.8981323,1118.735352,182.0886145
14985,34.51781845,286.8132324,1118.023071,182.0877024
14986,33.49458694,287.648407,1117.277466,182.0867856
14987,32.99473953,287.8731689,1117.590454,182.0866029
14988,32.24256134,288.3788147,1117.033813,182.0859567
14989,31.75889778,288.7038879,1116.675903,182.0855393
14990,31.14592361,289.0465698,1116.222046,182.0850264
14991,166.4387512,-83.28087616,796.1690063,183.602628
14992,162.5625153,-92.76507568,802.5359497,183.3635616
14993,164.3294067,-88.34832764,803.0411377,183.418817
14994,150.7658234,-117.4356766,823.199646,183.1632456
14995,153.0640106,-113.0356522,823.7109985,183.1674347
14996,160.2564697,-97.94915009,809.5842285,183.2931315
14997,157.8113098,-103.2298508,816.8079834,183.2337539
14998,155.1811371,-108.5991974,824.2061157,183.1717125
14999,147.6895142,-122.8602219,830.7885132,183.0893546
15000,141.7310791,-132.6494751,838.0532227,182.9989787
15001,138.8556061,-136.9052277,837.5465088,182.9815792
15002,144.4237213,-128.3379822,838.5524292,183.0135511
15003,128.3470001,-151.9572906,853.1022949,182.8129903
15004,117.5987625,-165.2934875,860.2633667,182.7051306
15005,121.1520996,-161.4047089,860.821106,182.7280437
15006,124.5438385,-157.4301605,861.3543091,182.7497044
15007,135.2509766,-142.3613586,845.4986572,182.904634
15008,131.5414886,-147.8519135,853.6080322,182.8340325
15009,103.4960709,-183.0344543,876.2265015,182.5673676
15010,106.984642,-179.5799408,876.729248,182.5867824
15011,113.9427338,-170.6193237,868.6751099,182.6523156
15012,110.4096146,-176.003418,877.2411499,182.6059543
15013,99.91105652,-188.5500488,884.7398682,182.5296393
15014,80.43505859,-206.694931,890.1807251,182.4286287
15015,84.47625732,-203.81073,890.9506226,182.4454836
15016,88.43358612,-200.7834778,891.7056274,182.4622993
15017,92.30109406,-197.6131134,892.4456787,182.4790404
15018,96.07112122,-194.3020782,893.1696167,182.4956609
15019,75.88961029,-212.1675568,897.9806519,182.403688
15020,61.64901733,-225.1089325,911.6954956,182.3484512
15021,71.09003448,-217.5539246,905.5725098,182.3814801
15022,66.03353882,-222.8177948,912.9111938,182.3616319
15023,56.27646637,-230.1161499,918.5888672,182.3314744
15024,32.15261841,-241.9582825,918.902832,182.2689163
15025,36.84472275,-240.3902893,920.4865112,182.2807891
15026,41.49886322,-238.706665,922.0588989,182.292621
15027,46.1111908,-236.9088745,923.6181641,182.30439
15028,50.67815781,-234.9984589,925.1625366,182.316075
15029,-7.433793068,-253.4144287,912.2119751,182.1788628
15030,-2.596190453,-252.7328491,913.9868164,182.189883
15031,2.236807346,-251.9379272,915.7579346,182.2009968
15032,7.061132908,-251.029953,917.5245361,182.2121857
15033,11.87288189,-250.0091248,919.2861328,182.2234309
15034,16.66792679,-248.8757935,921.0419312,182.2347127
15035,21.44222832,-247.6303711,922.7911987,182.2460109
15036,26.19194412,-246.2736511,924.5327148,182.2573049
15037,-23.183918,-258.2062378,912.6651611,182.1509393
15038,-18.37164688,-257.7703857,914.5860596,182.1612254
15039,-13.55183697,-257.2301941,916.5042725,182.1716359
15040,-29.34560776,-262.0398254,916.3608398,182.1449111
15041,-35.58387375,-265.9354553,919.7463989,182.1390634
15042,-33.20091248,-265.7419434,920.8452148,182.1437679
15043,-88.84285736,-313.5273438,1024.53125,182.1584426
15044,-89.79169464,-313.7088928,1028.092407,182.1600562
15045,-90.92475891,-313.143219,1027.243652,182.1581517
15046,-90.98877716,-313.1112366,1027.195679,182.1580433
15047,-82.08119202,-313.4541321,1015.216125,182.1590674
15048,-84.88832855,-313.901123,1020.254517,182.1596145
15049,-87.68376923,-314.0218506,1025.380737,182.1603182
15050,-79.26222992,-312.6986084,1010.253662,182.1586358
15051,-77.63693237,-311.4401855,1004.454468,182.1564607
15052,-74.79079437,-310.1812744,999.6106567,182.1561974
15053,-71.92138672,-308.6645508,994.8147583,182.1559991
15054,-70.23216248,-306.785614,989.1662598,182.1540092
15055,-68.50645447,-304.7110596,983.5661621,182.1520465
15056,-66.74126434,-302.4519348,978.0197754,182.1501049
15057,-64.94248199,-300.0193176,972.5423584,182.1481742
15058,-63.11502075,-297.4243164,967.1331787,182.1462369
15059,-61.26522064,-294.6779785,961.7891235,182.1442729
15060,-59.40062332,-291.7913513,956.505127,182.142258
15061,-57.53110886,-288.7756042,951.2740479,182.1401625
15062,-55.66721344,-285.6417847,946.0870972,182.1379531
15063,-53.82122803,-282.4010315,940.9341431,182.1355908
15064,-52.00625229,-279.0643921,935.8039551,182.1330315
15065,-39.5608902,-269.5227966,923.9823608,182.1378096
15066,-43.64915848,-272.9078064,928.0532227,182.1363308
15067,-47.8142128,-276.0674133,931.9837036,182.134702
15068,167.5844727,-79.48706818,804.0108643,183.5286174
15069,166.0029297,-83.92188263,803.5328979,183.477981
15070,166.9694977,-80.1394577,811.4893799,183.3921304
15071,166.2002106,-80.8314209,819.1010742,183.288
15072,165.2656403,-81.56082153,826.8447266,183.2025442
15073,164.1561279,-82.32553101,834.7179565,183.1287092
15074,169.5353699,-55.30524063,844.5455322,182.9970269
15075,168.6062164,-59.95780182,844.2756958,183.0140507
15076,167.6045532,-64.60469818,843.9916992,183.0289282
15077,166.529953,-69.24530792,843.6937866,183.0413838
15078,165.3817902,-73.87915039,843.382019,183.0512183
15079,164.1596832,-78.50540924,843.0569458,183.0583525
15080,162.8627777,-83.12335205,842.7185669,183.0628626
15081,167.8306122,-55.8862381,852.5079346,182.9466069
15082,165.9124146,-42.71125793,869.2957764,182.816496
15083,166.7180939,-51.74094391,860.7952271,182.8859509
15084,165.9150696,-56.48651505,860.5891113,182.8996984
15085,161.8001404,-33.8815155,886.0953979,182.7211757
15086,159.5714874,-24.34903336,894.65448,182.6660156
15087,156.2875519,-24.65718842,903.1651001,182.640349
15088,163.4667511,-43.20067215,877.5393677,182.7804266
15089,152.7381134,-24.96811676,911.758667,182.6159871
15090,148.9264832,-25.28083229,920.4017944,182.592992
15091,144.8577576,-25.59432411,929.0629272,182.5714027
15092,140.5399017,-25.90769386,937.710083,182.5512245
15093,135.9841766,-26.21993446,946.3135986,182.532444
15094,126.6508942,-5.259423733,963.1967773,182.4688559
15095,126.4852829,-16.05182838,963.2352905,182.4847282
15096,131.2053375,-26.53011703,954.8452148,182.5150427
15097,126.2220078,-26.83731842,963.2790527,182.498991
15098,121.4181747,-5.360245228,971.4949341,182.4561624
15099,116.0290146,-5.459456921,979.6541138,182.4442652
15100,104.8522568,-16.83703041,995.5475464,182.4369367
15101,99.27394104,5.534172535,1003.121948,182.4031396
15102,99.26926422,5.534172535,1003.128174,182.4031333
15103,99.05582428,5.534172535,1003.416565,182.4028461
15104,99.2245636,-17.02204323,1003.210083,182.4275503
15105,72.09157562,52.2833786,1039.044067,182.3245909
15106,71.89490509,40.60271454,1038.858398,182.3378551
15107,93.56822968,5.534172535,1010.589233,182.3959487
15108,89.26659393,5.534172535,1016.211853,182.3909866
15109,93.57299805,5.534172535,1010.583191,182.3959543
15110,82.40153503,17.07145691,1025.021362,182.3713857
15111,71.75203705,28.91582298,1038.729126,182.3506095
15112,71.66253662,17.22544479,1038.656128,182.3626594
15113,63.55824661,88.23439789,1052.954956,182.2794412
15114,63.05267715,76.4429245,1052.550537,182.2931918
15115,69.2678299,111.1654358,1047.489136,182.2524347
15116,64.14138794,100.0134659,1053.423096,182.26549
15117,62.62412262,64.64067078,1052.209961,182.306679
15118,62.2722168,52.8294754,1051.93335,182.3198081
15119,110.1097717,-38.80482864,987.8739014,182.4688355
15120,115.7369537,-27.43878937,979.7643433,182.4707001
15121,115.9155579,-16.45222282,979.7011719,182.4584256
15122,55.79852295,149.091217,1074.240479,182.2089319
15123,52.29481506,149.644165,1079.7771,182.2086491
15124,48.89717102,150.1131134,1085.011841,182.2084084
15125,45.58240891,150.4933777,1089.966919,182.2082213
15126,46.99038696,162.5262451,1090.973755,182.1952658
15127,48.53125763,174.5572662,1092.06543,182.1825555
15128,50.20215607,186.5876007,1093.243408,182.170155
15129,51.99869919,198.6190338,1094.509155,182.1581244
15130,53.91546631,210.6538086,1095.863037,182.1465225
15131,57.46772385,222.3901978,1094.766602,182.1353815
15132,54.6396904,137.1800385,1073.401367,182.2222811
15133,58.35657883,136.6063995,1067.594482,182.2226964
15134,61.35445404,124.1619263,1060.826538,182.2368804
15135,64.80258179,111.7783813,1053.954712,182.2515186
15136,58.48466873,228.4047852,1095.487671,182.1300255
15137,58.899189,231.4308014,1095.778442,182.1274032
15138,59.11981583,252.5942078,1095.821167,182.1101308
15139,58.23245239,243.935791,1098.877563,182.1173643
15140,58.16134262,240.8944092,1098.843262,182.1198221
15141,58.20923615,246.9642487,1098.841431,182.1149479
15142,58.0895195,249.9727325,1098.73291,182.1125738
15143,57.40275574,231.7557678,1098.33313,182.127438
15144,57.74425888,234.7983398,1098.569336,182.1248596
15145,57.99784851,237.8465271,1098.739868,182.1223208
15146,57.87148666,252.9536133,1098.550781,182.110243
15147,44.28123856,273.9056091,1118.820435,182.0972828
15148,44.67537308,272.4906616,1119.115723,182.0982529
15149,45.80780411,265.1729736,1119.980469,182.1032335
15150,45.51931763,268.1344604,1119.754761,182.1012117
15151,45.0125885,271.0545959,1119.369629,182.0992296
15152,45.88633347,262.1950073,1120.052856,182.1052987
15153,45.76402283,259.2217102,1119.978271,182.1074103
15154,47.17355347,259.4612427,1117.819824,182.107169
15155,48.53975296,259.6251221,1115.59082,182.1069466
15156,49.86526871,259.7149353,1113.290527,182.1067406
15157,49.84434891,256.7671204,1113.299316,182.1088951
15158,56.59868622,253.2533722,1101.199951,182.1103598
15159,51.20297623,253.8197327,1111.004639,182.1109288
15160,52.60362625,253.7765198,1108.670776,182.1107659
15161,53.96782684,253.6665497,1106.259155,182.1106185
15162,55.29850006,253.4916077,1103.769043,182.110484
15163,49.76274872,253.7944031,1113.261108,182.1111091
15164,42.80649948,275.1284485,1120.918823,182.0965954
15165,43.22703934,273.7172546,1121.230103,182.0975496
15166,41.74994659,274.8844299,1123.300049,182.0968693
15167,40.68284607,277.3105164,1123.199707,182.0952664
15168,40.55860138,277.6051941,1123.110596,182.0950643
15169,39.9924469,278.9484558,1122.705078,182.0941437
15170,41.06345367,276.2261963,1123.469971,182.0959913
15171,39.97772217,278.9833984,1122.69458,182.0941201
15172,39.18957138,280.5648193,1122.126221,182.0930008
15173,39.35163498,280.239624,1122.243042,182.093229
15174,38.65333939,281.483429,1121.737427,182.0923201
15175,38.32372284,282.0480652,1121.498535,182.0919044
15176,41.30199051,275.5467529,1123.639404,182.0964485
15177,37.89775848,282.6747131,1121.188354,182.0914149
15178,37.3862915,283.4272156,1120.81604,182.0908272
15179,37.08591461,283.8079529,1120.596558,182.090511
15180,36.3789444,284.703949,1120.079956,182.0897628
15181,36.21947098,284.8779297,1119.963013,182.0896069
15182,35.30764008,285.8728943,1119.294312,182.0887075
15183,34.32425308,286.7929688,1118.571045,182.0877917
15184,34.1785202,286.9292908,1118.463745,182.0876567
15185,33.30340576,287.6270752,1117.818237,182.0868775
15186,162.0708313,-93.51210022,810.0802612,183.3159351
15187,163.7937012,-89.06394196,810.5635376,183.3437202
15188,150.100769,-118.4742584,831.2892456,183.0979515
15189,152.3327179,-114.0448151,831.776001,183.1048804
15190,159.6656952,-98.77268982,817.2921143,183.2426896
15191,157.1191864,-104.1305923,824.6815186,183.1768682
15192,154.3863373,-109.5766296,832.2446899,183.1108121
15193,146.9371033,-123.9733276,839.0415649,183.0255901
15194,140.9875336,-133.864212,846.4859619,182.9399257
15195,138.2084198,-138.1435394,845.9966431,182.9234482
15196,143.5907745,-129.5263062,846.9643555,182.9541627
15197,127.7669907,-153.3780212,861.8649902,182.7699985
15198,117.3869019,-166.8427887,869.2052612,182.6731228
15199,120.7546234,-162.9372406,869.7463379,182.6932646
15200,123.9744339,-158.9432678,870.2644653,182.7124221
15201,134.560318,-143.677536,854.1009521,182.8532124
15202,130.823822,-149.2510681,862.3580322,182.7888571
15203,103.456131,-185.0978394,885.326416,182.547421
15204,106.8955917,-181.5361176,885.8959351,182.5649125
15205,113.7636871,-172.3048096,877.7606812,182.6247887
15206,110.225853,-177.868042,886.4478149,182.582054
15207,99.73561096,-190.8552399,893.8757935,182.5121082
15208,80.02399445,-209.421524,898.8790283,182.4190946
15209,84.08081055,-206.5185547,899.7592773,182.4344781
15210,88.05780792,-203.4526978,900.6238403,182.4498315
15211,91.94689178,-200.2210083,901.4727783,182.4651264
15212,95.73577881,-196.825531,902.303772,182.4803141
15213,75.31943512,-214.9781952,906.6149902,182.3956158
15214,60.73176193,-227.9620056,919.9598389,182.3437876
15215,70.35421753,-220.4117889,914.1057129,182.3747014
15216,65.12915802,-225.6960602,921.3106079,182.3559803
15217,55.19618988,-232.9768677,926.6901855,182.3276549
15218,30.91340637,-244.8065643,926.2655029,182.2685742
15219,35.60268402,-243.2300873,927.9881592,182.2797974
15220,40.25613785,-241.5451965,929.6995239,182.2909538
15221,44.87036896,-239.7533569,931.3979492,182.3020225
15222,49.44189835,-237.855957,933.0814819,182.3129831
15223,-8.728167534,-256.5852966,918.4196167,182.1821544
15224,-3.904676437,-255.8352966,920.331604,182.192763
15225,0.9148508906,-254.9798889,922.2398682,182.2034434
15226,5.726420879,-254.0192261,924.1436768,182.2141763
15227,10.5263834,-252.9535675,926.0425415,182.2249429
15228,15.31090736,-251.7831726,927.935791,182.2357233
15229,20.07606125,-250.5084229,929.8225708,182.2464972
15230,24.81832504,-249.1300659,931.7019043,182.2572445
15231,-24.55907249,-261.6073608,918.4190063,182.1547449
15232,-19.76146317,-261.0791626,920.4748535,182.1647032
15233,-14.95637608,-260.4547729,922.5281982,182.1747691
15234,-30.8196907,-265.5081787,921.9411621,182.148494
15235,-37.14588928,-269.4653625,925.1628418,182.1424468
15236,-34.76912308,-269.2189331,926.3261719,182.1470252
15237,-89.49599457,-313.8565674,1028.313965,182.1605506
15238,-80.87665558,-313.7208862,1016.111633,182.1609058
15239,-83.69407654,-314.2402954,1021.137024,182.1614625
15240,-86.50479126,-314.4376831,1026.244751,182.1621773
15241,-88.63744354,-314.1997375,1028.957153,182.1619411
15242,-78.05165863,-312.8980408,1011.156921,182.1604681
15243,-76.42971802,-311.6531067,1005.356323,182.1582958
15244,-73.58068848,-310.336792,1000.513062,182.1580344
15245,-70.71017456,-308.7689209,995.7140503,182.157845
15246,-67.81211853,-306.96875,990.9494629,182.1577211
15247,-66.09018707,-304.9333191,985.3273315,182.1557921
15248,-64.32804871,-302.7091675,979.75354,182.1538889
15249,-62.53143311,-300.3076172,974.2435913,182.1520031
15250,-60.70510101,-297.7399597,968.7972412,182.1501187
15251,-58.85546494,-295.0175476,963.4116821,182.1482158
15252,-56.99028778,-292.1516724,958.0819702,182.1462701
15253,-55.11928177,-289.1536865,952.8016968,182.1442524
15254,-53.25350571,-286.0349731,947.5618286,182.1421279
15255,-51.40516663,-282.8067932,942.3528442,182.1398584
15256,-49.58734512,-279.4805298,937.1638184,182.1373998
15257,-41.20700836,-273.0364685,929.3082275,182.140911
15258,-45.3662796,-276.381012,933.2993774,182.1392056
15259,165.4261322,-84.60598755,811.0333252,183.3712526
15260,164.6966858,-85.33116913,818.6688232,183.2804605
15261,163.8038635,-86.09534454,826.4381104,183.2010534
15262,162.7381134,-86.89640045,834.3383789,183.1298489
15263,161.4905243,-87.73216248,842.3672485,183.0649649
15264,166.9304962,-60.58144379,852.2634888,182.9609641
15265,165.9607544,-65.27042389,852.0055542,182.9735014
15266,164.9210663,-69.95259094,851.734375,182.9840525
15267,163.8109894,-74.62741089,851.4501343,182.9925085
15268,162.6298981,-79.29417419,851.1528931,182.9988327
15269,161.3776093,-83.9520874,850.8431396,183.0030637
15270,160.0533905,-88.60044098,850.520874,183.0053113
15271,165.0456696,-61.2258606,860.3701172,182.9119923
15272,164.5545349,-52.31237411,868.9685059,182.8440215
15273,163.7810059,-57.10401917,868.7868652,182.8559661
15274,162.9441681,-61.88899231,868.5932617,182.8665919
15275,160.7812653,-43.69992065,885.8968506,182.7463077
15276,158.8167725,-34.28775024,894.5285034,182.6915761
15277,155.5726166,-34.69899368,903.0683594,182.6635094
15278,152.0663452,-35.1140213,911.6884766,182.6370128
15279,162.1627197,-52.89778137,877.2572021,182.8046815
15280,148.3007965,-35.53149033,920.355835,182.6121245
15281,144.2806396,-35.95009232,929.0389404,182.5888567
15282,140.0140991,-36.36857986,937.7064819,182.5671856
15283,135.5118103,-36.78563309,946.3287354,182.5470921
15284,130.7883453,-37.19997406,954.8778076,182.5285373
15285,121.2782211,-16.25362015,971.538147,182.4709863
15286,121.0568771,-27.14049721,971.5919189,182.484238
15287,125.8619385,-37.61035156,963.3280029,182.5114748
15288,120.755043,-38.01548386,971.6564331,182.4958528
15289,104.6361237,-39.1865654,995.7350464,182.4574429
15290,99.11012268,-39.55793381,1003.419067,182.4469415
15291,93.58617401,-17.20124435,1010.690063,182.4191115
15292,61.9967804,41.01121521,1051.720825,182.3324701
15293,61.79737473,29.1878891,1051.57251,182.3445641
15294,82.36410522,5.534172535,1024.988403,182.3834122
15295,82.35936737,5.534172535,1024.994629,182.3834076
15296,72.69557953,5.534172535,1037.282471,182.3748439
15297,61.67405319,17.36155128,1051.488281,182.3560385
15298,71.63398743,5.534172535,1038.645142,182.3738958
15299,59.7905159,100.5113144,1059.634155,182.2644854
15300,54.95127487,89.05989075,1065.084106,182.2771164
15301,54.33576584,77.14560699,1064.631714,182.2904881
15302,53.81437683,65.22297668,1064.249512,182.30357
15303,60.52890015,112.3435822,1060.196899,182.2506926
15304,53.38727951,53.29343796,1063.937744,182.3162763
15305,53.05420685,41.35832214,1063.696167,182.3285138
15306,109.8793716,-49.86297989,987.9888306,182.4770595
15307,115.4941254,-38.41405869,979.8436279,182.4816298
15308,51.07965469,137.6818085,1078.904053,182.2219137
15309,47.64019775,138.1077423,1084.109375,182.2216043
15310,44.29784012,138.4536896,1089.041138,182.2213605
15311,41.02935791,138.7155304,1093.7229,182.2211893
15312,42.32730865,150.7804718,1094.66394,182.2080983
15313,43.75147247,162.8394165,1095.687256,182.1951877
15314,45.31201172,174.8981171,1096.796875,182.1825185
15315,47.00606537,186.9578705,1097.994751,182.1701555
15316,48.82859421,199.0208893,1099.282349,182.1581575
15317,52.35263062,210.8925323,1098.300293,182.1465457
15318,55.94413757,222.6953735,1097.301514,182.135406
15319,54.39978409,222.9553223,1099.753662,182.135443
15320,49.96949005,125.7070618,1078.106079,182.2353037
15321,53.58114243,125.2552261,1072.634888,182.2357628
15322,57.36356354,124.7389603,1066.861938,182.2362961
15323,56.97538757,228.7238617,1098.033081,182.1300558
15324,56.81490326,244.2229156,1101.422852,182.117441
15325,56.70838928,241.1787262,1101.363037,182.1198899
15326,56.51574707,238.1282806,1101.238647,182.122381
15327,56.8332901,247.2545166,1101.416626,182.1150356
15328,56.76182556,250.2671204,1101.342773,182.1126747
15329,55.44176102,228.994751,1100.493774,182.1301003
15330,55.8804512,232.0310211,1100.80249,182.127487
15331,56.239151,235.077179,1101.05127,182.1249137
15332,43.58812714,272.2820435,1121.498169,182.0985122
15333,43.89038086,270.8269653,1121.723389,182.0994839
15334,44.52144623,261.8883667,1122.212891,182.1055517
15335,44.52928162,264.8851624,1122.20874,182.1034818
15336,44.32200623,267.8731995,1122.047852,182.1014606
15337,44.30800247,258.904541,1122.066895,182.1076731
15338,43.9383316,255.9421997,1121.806396,182.1098503
15339,45.48575974,256.2616882,1119.78894,182.1095735
15340,46.98398209,256.5045166,1117.699097,182.1093242
15341,48.43583298,256.6724243,1115.536011,182.1090993
15342,55.4053421,250.5011902,1103.870972,182.1127854
15343,51.13130188,250.8242493,1110.973267,182.1132061
15344,49.62828064,250.7998047,1113.181885,182.113389
15345,52.59310532,250.7814484,1108.685669,182.1130478
15346,54.01682281,250.6732025,1106.318359,182.1129087
15347,49.02693176,253.7554779,1114.360718,182.1112054
15348,42.13806534,273.4511719,1123.584229,182.0978169
15349,42.46478653,271.9951477,1123.823608,182.0987748
15350,41.51045609,274.817688,1123.785645,182.0969265
15351,41.83014679,273.698822,1124.01001,182.0976679
15352,161.4305878,-94.30300903,817.7639771,183.2548786
15353,163.1072083,-89.82209778,818.2230225,183.2683814
15354,149.2741089,-119.5584946,839.5178833,183.0354695
15355,151.43573,-115.0979385,839.9781494,183.0435787
15356,158.9180756,-99.63951874,825.1394653,183.1830713
15357,156.2635498,-105.0740356,832.692749,183.1161714
15358,153.4225922,-110.5963745,840.4188843,183.050259
15359,146.0205841,-125.1328125,847.4298096,182.9663065
15360,137.4072418,-139.4357758,854.5827026,182.8705091
15361,140.084259,-135.1296387,855.0522461,182.8859315
15362,142.5926056,-130.7624207,855.5078125,182.8995188
15363,127.0406799,-154.8675842,870.760498,182.7305045
15364,117.0386047,-168.4858856,878.2848511,182.6431931
15365,120.2161865,-164.5550079,878.8052979,182.6610015
15366,123.2589111,-160.533783,879.3041382,182.6780188
15367,133.7163391,-145.0515594,862.8353882,182.8062321
15368,129.9535828,-150.7134399,871.2371826,182.7474476
15369,103.2748795,-187.2853699,894.5549316,182.5282955
15370,106.6615524,-183.613327,895.1904297,182.5441031
15371,113.4437561,-174.0970917,886.9815063,182.5987807
15372,109.8942108,-179.8481293,895.7807007,182.5595019
15373,99.41243744,-193.2729034,903.1141357,182.4953347
15374,79.46746826,-212.2337799,907.631897,182.4097069
15375,83.54051971,-209.3160248,908.6283569,182.4237721
15376,87.53672028,-206.2146606,909.607666,182.4378177
15377,91.44517517,-202.9240265,910.5692139,182.4518221
15378,95.24940491,-199.4458313,911.5095215,182.4657375
15379,74.59893036,-217.8575134,915.2757568,182.3876725
15380,59.66180038,-230.8459625,928.1990967,182.339109
15381,69.46562958,-223.3212738,922.6390381,182.3680311
15382,64.07272339,-228.6097107,929.6873779,182.3504171
15383,53.96741104,-235.8544312,934.748291,182.3238155
15384,29.53430367,-247.6490173,933.5726318,182.2679448
15385,34.22015381,-246.0661316,935.4334717,182.2785772
15386,38.87265396,-244.3823395,937.2832642,182.2891219
15387,43.48840714,-242.598999,939.1203003,182.2995587
15388,48.06437683,-240.7174377,940.9428101,182.3098684
15389,-10.14763737,-259.7337646,924.5784302,182.1849243
15390,-5.338838577,-258.9157104,926.6254272,182.1951509
15391,-0.5335419774,-258.0003052,928.6687012,182.2054298
15392,4.264661789,-256.9877319,930.7077026,182.2157416
15393,9.052210808,-255.8781586,932.7419434,182.2260673
15394,13.82538128,-254.6718445,934.7706299,182.2363867
15395,18.5808773,-253.3690948,936.7932129,182.2466809
15396,23.3150959,-251.9706573,938.8085327,182.2569291
15397,-26.04728127,-264.9755554,924.1315308,182.158039
15398,-21.26454353,-264.3554382,926.319397,182.167693
15399,-16.47467041,-263.6472778,928.5047607,182.177439
15400,-32.39465332,-268.9324341,927.4863281,182.1516225
15401,-38.7959404,-272.9389648,930.5531616,182.1454285
15402,-36.42509079,-272.6401978,931.7789917,182.149891
15403,-79.66277313,-313.9050903,1017.013916,182.1627361
15404,-82.48653412,-314.4960632,1022.029053,182.1632993
15405,-85.30841064,-314.7701111,1027.121216,182.1640208
15406,-87.46466827,-314.6154785,1029.835693,182.1638048
15407,-88.00654602,-314.4519348,1029.42981,182.1629559
15408,-76.83526611,-313.0167847,1012.064453,182.1622946
15409,-75.21647644,-311.7912598,1006.262512,182.1601266
15410,-72.36698914,-310.4200745,1001.418213,182.1598685
15411,-69.49765015,-308.8042297,996.6143799,182.1596873
15412,-65.39100647,-306.8944397,992.7336426,182.1614316
15413,-63.66795731,-304.9156799,987.0928955,182.1595387
15414,-61.90470505,-302.7431335,981.4946289,182.1576771
15415,-60.1065979,-300.3883667,975.9547119,182.155839
15416,-58.2782402,-297.8629761,970.4732666,182.1540097
15417,-56.42618942,-295.1784973,965.0478516,182.1521703
15418,-54.55810547,-292.3465881,959.6740723,182.1502968
15419,-52.68412018,-289.3787842,954.3453979,182.1483591
15420,-50.81502151,-286.2867737,949.0535278,182.1463227
15421,-48.96332932,-283.0820618,943.7890625,182.1441486
15422,-47.14240646,-279.7762756,938.5411377,182.1417928
15423,-42.92689896,-276.4824524,934.618042,182.1436705
15424,162.2593384,-90.62072754,826.0181274,183.1963328
15425,161.2406006,-91.45775604,833.9457397,183.1284841
15426,160.0423737,-92.33103943,842.0031738,183.0649767
15427,158.6569519,-93.23845673,850.1864014,183.0057295
15428,164.1096954,-65.95847321,860.1385498,182.9227013
15429,163.1067657,-70.6837616,859.8944092,182.9317231
15430,162.0366516,-75.40116882,859.6379395,182.9389901
15431,160.8989716,-80.11000061,859.3692017,182.9444772
15432,159.6934204,-84.80952454,859.0884399,182.9481998
15433,158.419754,-89.49905396,858.7958984,182.9502082
15434,157.0774536,-94.17784119,858.4915771,182.9505764
15435,162.043808,-66.66672516,868.3878784,182.8758107
15436,161.420578,-57.73684311,877.0995483,182.8151222
15437,160.6183319,-62.56878281,876.9309082,182.8243598
15438,159.7558746,-67.39306641,876.7514648,182.8323286
15439,159.5348663,-53.49531555,885.6580811,182.7677667
15440,157.8468933,-44.20733261,894.3666382,182.7140632
15441,154.6559601,-44.72130585,902.9405518,182.6837684
15442,151.2064514,-45.24022293,911.5921021,182.6552719
15443,147.5013123,-45.76242065,920.2886353,182.6286282
15444,158.8263397,-58.38298798,885.5236816,182.7769325
15445,143.5449371,-46.28625488,928.9989624,182.6038363
15446,139.3449554,-46.81011963,937.6919556,182.5808015
15447,134.9117737,-47.33237457,946.3383179,182.559527
15448,130.2595978,-47.85141373,954.9101562,182.5399427
15449,125.4063187,-48.36559296,963.3821411,182.5219836
15450,120.3738098,-48.87333298,971.7315063,182.5055779
15451,115.1882019,-49.37297058,979.9389648,182.4906429
15452,104.2961731,-61.47804642,996.0297852,182.4714384
15453,98.93419647,-62.0395546,1003.756531,182.4603623
15454,93.57129669,-39.91770554,1010.920288,182.4375514
15455,82.51517487,-29.0722847,1025.204834,182.4136614
15456,82.39673615,-6.00317049,1025.027466,182.39463
15457,82.44233704,-17.53979874,1025.092529,182.4047411
15458,57.03722763,17.42208099,1057.576538,182.3534439
15459,57.17300797,29.3089447,1057.668213,182.3422749
15460,61.6388855,5.534172535,1051.477661,182.3667295
15461,71.62928009,5.534172535,1038.651245,182.373892
15462,56.46502304,112.8578796,1066.199341,182.2499617
15463,55.66098785,100.9644241,1065.606689,182.2635946
15464,47.2721405,89.72045898,1076.161621,182.2754538
15465,46.58522797,77.70812225,1075.663452,182.2885511
15466,46.00467682,65.68929291,1075.240234,182.3013615
15467,45.53099823,53.66504288,1074.891968,182.3137932
15468,45.16416168,41.63634872,1074.618652,182.3257581
15469,52.81525421,29.41909409,1063.525146,182.3402325
15470,44.90428543,29.60434532,1074.420166,182.3371715
15471,109.6036682,-60.90119553,988.124939,182.4838887
15472,46.49170685,126.0908813,1083.283813,182.2349211
15473,43.12434387,126.403038,1088.193848,182.2346173
15474,39.84376144,126.6399612,1092.861084,182.2343956
15475,36.62627411,126.7979431,1097.311035,182.23426
15476,37.81112289,138.8891907,1098.178467,182.2210976
15477,39.10850906,150.9696503,1099.125,182.2080492
15478,40.53219604,163.0441895,1100.154297,182.1951796
15479,42.09240723,175.1183929,1101.270142,182.18255
15480,47.22624588,199.1657867,1101.560303,182.1581996
15481,43.78613281,187.1936035,1102.474243,182.1702245
15482,49.17451096,211.2449188,1102.943726,182.1466453
15483,50.7734642,211.0898743,1100.660034,182.1465862
15484,52.8315239,223.1685791,1102.123901,182.1354975
15485,45.45241165,114.063652,1082.535156,182.2482809
15486,48.96461487,113.7210999,1077.382935,182.2487377
15487,55.36668777,244.4525604,1103.884033,182.1175312
15488,55.22465134,241.4071808,1103.798096,182.1199723
15489,55.00318909,238.3556671,1103.652222,182.1224571
15490,54.70412445,235.3033142,1103.44812,182.1249843
15491,55.42748642,247.4859009,1103.908936,182.115135
15492,53.88056564,229.2163086,1102.870605,182.130162
15493,54.32929993,232.2553101,1103.187134,182.127553
15494,42.73074341,270.5205383,1124.018921,182.0997443
15495,42.93706512,269.0317993,1124.170898,182.1007262
15496,42.80280304,258.5081177,1124.086304,182.1079593
15497,43.11018753,261.5018311,1124.306152,182.105823
15498,43.20761108,264.5174561,1124.373169,182.1037428
15499,43.08455658,267.5325623,1124.280029,182.1017178
15500,42.33875275,255.5441589,1123.752197,182.1101579
15501,41.86322784,252.5785217,1123.40918,182.1124149
15502,43.54646301,252.9727478,1121.528687,182.1120871
15503,45.17494965,253.2897339,1119.574219,182.1117969
15504,46.75181961,253.531189,1117.545288,182.1115394
15505,48.28011322,253.6987305,1115.441162,182.1113107
15506,53.98857117,247.6566772,1106.31897,182.1152491
15507,49.44186783,247.7879181,1113.062744,182.1157045
15508,50.99880219,247.8093872,1110.895264,182.1155327
15509,48.64647293,247.7520447,1114.116455,182.1158006
15510,52.51338577,247.7649689,1108.647583,182.115381
15511,41.90158081,273.3840637,1124.059326,182.0978718
15512,42.23405838,271.9204102,1124.288696,182.0988326
15513,160.6310883,-95.13583374,825.585144,183.1898849
15514,148.2789154,-120.6869812,847.8800049,182.9765407
15515,150.3660889,-116.1933365,848.3120728,182.9850571
15516,158.0042725,-100.5476685,833.1226196,183.1210802
15517,155.2357941,-106.0582581,840.8378296,183.0557378
15518,152.2825012,-111.6566238,848.7233887,182.9920264
15519,144.9337311,-126.3374405,855.9476929,182.9113365
15520,136.4468231,-140.7818298,863.2982788,182.8220906
15521,139.0157623,-136.4452515,863.7456665,182.836418
15522,141.4237823,-132.0454102,864.1763916,182.849216
15523,126.1625519,-156.427536,879.7814331,182.6941847
15524,116.5463257,-170.2268829,887.496521,182.6152297
15525,119.5299835,-166.2611389,887.9920654,182.6311378
15526,122.390976,-162.2040253,888.4672241,182.6462919
15527,132.7137909,-146.4837494,871.6959229,182.7631988
15528,128.9257965,-152.2399597,880.2384033,182.7094432
15529,102.9410019,-189.5851898,903.885437,182.5101363
15530,106.2711716,-185.8001099,904.5856934,182.5244572
15531,116.2434158,-171.1347961,892.1489258,182.6019664
15532,115.9009018,-172.0663452,896.8284912,182.5893087
15533,112.9735031,-175.9971924,896.3261108,182.5746531
15534,109.4032745,-181.9328308,905.2124023,182.5385154
15535,112.3413696,-177.9948578,905.7669067,182.5521147
15536,112.6782227,-176.9845886,901.0365601,182.5631096
15537,100.7192078,-193.8994751,912.8671875,182.4862791
15538,98.93312836,-195.7886353,912.4243164,182.4795025
15539,78.76165771,-215.1191101,916.4162598,182.400587
15540,82.85119629,-212.1898956,917.5335693,182.4134752
15541,86.865242,-209.0555725,918.6313477,182.4263544
15542,90.79026794,-205.7079315,919.7081909,182.4392133
15543,94.6055603,-202.1485596,920.7587891,182.4520072
15544,73.72703552,-220.7935486,923.9408569,182.3799619
15545,58.44369125,-233.7504883,936.3963013,182.3345003
15546,68.42597961,-226.2709351,931.152771,182.3615596
15547,62.86849976,-231.5479126,938.0236206,182.3450181
15548,52.59736633,-238.7389984,942.7487793,182.3200321
15549,28.02502441,-250.4773102,940.8155518,182.267112
15550,32.70705795,-248.8899231,942.8130493,182.2772093
15551,37.35821915,-247.2093201,944.7999878,182.287202
15552,41.9753418,-245.4367676,946.7744751,182.2970706
15553,46.55554199,-243.5734863,948.7349243,182.3067971
15554,-11.68127918,-262.8506775,930.6871338,182.1872585
15555,-6.88750124,-261.96521,932.866333,182.1971333
15556,-2.096867561,-260.9906616,935.0419312,182.2070426
15557,2.687418461,-259.927063,937.213501,182.216966
15558,7.461974144,-258.7746277,939.3803711,182.2268868
15559,12.22341633,-257.5335999,941.5420532,182.2367842
15560,16.96860123,-256.2042236,943.6978149,182.2466405
15561,21.69444656,-254.7871552,945.8468018,182.2564348
15562,-27.63644409,-268.3004761,929.8051758,182.1609005
15563,-22.86857986,-267.5892334,932.1216431,182.1702739
15564,-18.09403801,-266.7981873,934.4355469,182.1797249
15565,-34.05718994,-272.3016663,933.0013428,182.1543704
15566,-40.51977921,-276.3447266,935.9249878,182.1480772
15567,-38.15472794,-275.9944763,937.2109375,182.1524339
15568,-78.44345856,-314.0023804,1017.920227,182.1645586
15569,-81.26955414,-314.663269,1022.928101,182.1651252
15570,-84.0982132,-315.0133667,1028.00769,182.165849
15571,-86.52832031,-314.8981018,1030.537109,182.1652618
15572,-86.27490997,-314.9520874,1030.727051,182.1656485
15573,-74.00042725,-311.8511353,1007.170898,182.1619533
15574,-75.61692047,-313.0510254,1012.973694,182.1641155
15575,-71.15315247,-310.4283142,1002.32373,182.1616991
15576,-67.07807159,-308.6677856,998.4111328,182.1633652
15577,-69.94277954,-310.3587341,1003.226746,182.1635272
15578,-62.97852707,-306.5805054,994.5105591,182.1651488
15579,-61.25432968,-304.650177,988.8520508,182.1632899
15580,-59.49007416,-302.5236206,983.2301025,182.1614665
15581,-57.69037247,-300.2124634,977.6611938,182.1596714
15582,-55.8601532,-297.7284851,972.1455688,182.157892
15583,-54.00561523,-295.0832825,966.6814575,182.1561113
15584,-52.13486099,-292.2886047,961.2644043,182.154305
15585,-50.25777817,-289.3561401,955.8884888,182.152443
15586,-48.38547516,-286.2976074,950.5455322,182.1504898
15587,-46.53046036,-283.1246948,945.2264404,182.1484067
15588,-44.70614243,-279.8490601,939.9207153,182.1461504
15589,159.6630096,-96.00852203,833.5404053,183.125341
15590,158.5176849,-96.91901398,841.62677,183.0632481
15591,157.1877594,-97.865242,849.8399658,183.0044868
15592,155.6662598,-98.845047,858.1757812,182.9493837
15593,161.0798492,-71.43666077,868.1708984,182.8835533
15594,160.0518494,-76.19818878,867.9421997,182.8897741
15595,158.9599762,-80.95067596,867.7020874,182.8944509
15596,157.8036804,-85.69342041,867.4506226,182.8975849
15597,156.5829163,-90.42575836,867.1879272,182.8991972
15598,155.2975159,-95.14696503,866.9142456,182.8993201
15599,153.9471741,-99.85631561,866.6295166,182.8979924
15600,158.8330536,-72.20909119,876.5611572,182.8389808
15601,158.0610504,-63.26320648,885.3793945,182.7850003
15602,157.2387695,-68.13535309,885.2251587,182.7919017
15603,156.3596954,-72.99889374,885.0610352,182.7976211
15604,156.6624908,-54.10304642,894.1691284,182.7331192
15605,155.989975,-59.04045486,894.0569458,182.7411853
15606,155.1320801,-54.41019058,898.4640503,182.7169361
15607,153.5381012,-54.71915054,902.7816772,182.7008548
15608,151.8805847,-55.02968979,907.1182861,182.685528
15609,150.1597443,-55.34154129,911.4694824,182.6705225
15610,148.3760071,-55.65452576,915.8314209,182.656239
15611,146.5297241,-55.96834183,920.2001343,182.6422837
15612,155.2640686,-63.97014618,893.9359741,182.748304
15613,138.5342102,-57.22701645,937.6663818,182.591842
15614,142.6521759,-56.59749985,928.942749,182.6160773
15615,144.6214294,-56.28275681,924.5718384,182.6290172
15616,134.1860199,-57.85491943,946.342041,182.5695596
15617,129.6212311,-58.47921753,954.9420776,182.5490928
15618,124.8571243,-59.09794617,963.4412231,182.5303761
15619,119.9152679,-59.70919037,971.8169556,182.5133248
15620,114.8209229,-60.31089783,980.0499878,182.4978528
15621,104.0839462,-72.59173584,996.2166138,182.4757149
15622,93.5555954,-62.58371353,1011.299744,182.4502727
15623,98.70951843,-84.43675995,1004.21991,182.4670607
15624,88.05960083,-40.26457596,1018.236145,182.4292448
15625,82.61584473,-40.59734726,1025.364502,182.4215577
15626,72.08689117,-41.21530151,1039.050049,182.4093381
15627,71.89019775,-29.53457832,1038.864502,182.4020974
15628,71.74723816,-17.84765625,1038.735107,182.3937392
15629,71.6578598,-6.157159328,1038.662231,182.3843087
15630,52.67029572,17.47724533,1063.424561,182.3512497
15631,61.63435745,5.534172535,1051.483521,182.3667263
15632,60.31396484,5.534172535,1053.178711,182.3659146
15633,57.01931763,5.534172535,1057.576538,182.3639092
15634,48.06544876,101.7251587,1076.734863,182.2621574
15635,39.55298233,78.11474609,1085.585083,182.2872487
15636,40.27631378,90.19741821,1086.120361,182.2743072
15637,44.52263641,102.027359,1081.863159,182.2616131
15638,38.94361115,66.02671814,1085.127808,182.2998866
15639,38.44835663,53.93409729,1084.748413,182.3121415
15640,38.0676918,41.83781052,1084.446899,182.3239289
15641,37.80176544,29.73854637,1084.223145,182.3351601
15642,44.75154877,17.56995964,1074.296875,182.347928
15643,37.65060806,17.63710403,1084.077271,182.3457439
15644,109.2847519,-71.91532898,988.2817993,182.4886953
15645,42.06251526,114.342659,1087.424561,182.2479147
15646,38.77129745,114.5549088,1092.078125,182.2476405
15647,35.55464172,114.6972198,1096.522827,182.2474596
15648,32.38903809,114.7663879,1100.785767,182.2473736
15649,33.44842148,126.8733749,1101.569214,182.2342146
15650,34.61992264,138.97052,1102.431274,182.2210922
15651,35.90288162,151.0564728,1103.372192,182.2080831
15652,37.30952072,163.1353455,1104.394897,182.1952531
15653,38.84902191,175.212204,1105.50293,182.1826641
15654,47.55275726,211.356369,1105.152954,182.1467262
15655,45.60827637,199.2720032,1103.768433,182.1582626
15656,43.97174072,199.3386383,1105.908203,182.1583481
15657,40.51857758,187.2880096,1106.697876,182.1703784
15658,49.61043167,223.4504547,1106.624146,182.1356696
15659,51.23611832,223.3341675,1104.413696,182.1355719
15660,41.1129837,102.273735,1086.733398,182.2611759
15661,53.88467789,244.6230927,1106.262207,182.1176379
15662,53.70684814,241.578125,1106.149414,182.1200727
15663,53.45662689,238.5272064,1105.981934,182.1225523
15664,53.13568878,235.4752655,1105.760986,182.1250748
15665,52.74584198,232.4269714,1105.488159,182.1276394
15666,52.28846741,229.3868408,1105.164551,182.1302443
15667,42.48734665,270.4481201,1124.458862,182.0997962
15668,42.68988419,268.9580078,1124.591431,182.1007762
15669,42.56915283,269.9727173,1124.513794,182.1001103
15670,42.79615784,268.0649414,1124.659668,182.1013676
15671,42.56819916,258.3869324,1124.372925,182.1080449
15672,42.57460785,258.4427795,1124.37854,182.1080037
15673,42.7809906,260.2590027,1124.558472,182.1067029
15674,42.86485291,261.4320679,1124.634888,182.1058703
15675,42.91775131,262.1728516,1124.683105,182.1053561
15676,42.97026443,264.1491699,1124.744507,182.1039932
15677,42.96421432,264.4442139,1124.743408,182.1037904
15678,42.93006134,266.1208191,1124.736816,182.1026654
15679,42.83794022,267.4587708,1124.683716,182.1017675
15680,42.0257988,254.8240662,1123.911499,182.1107061
15681,42.12677002,255.4872284,1123.997437,182.1101998
15682,41.66975021,252.5268555,1123.624878,182.1124558
15683,40.91146088,246.6357117,1122.72168,182.1170497
15684,42.727314,247.0111542,1120.94458,182.1167113
15685,44.48523712,247.3123932,1119.090942,182.1164079
15686,46.18814087,247.541153,1117.15979,182.1161405
15687,47.83930969,247.6990509,1115.150635,182.1159064
15688,52.36580276,244.7327728,1108.557739,182.1177647
15689,50.80675507,244.7799683,1110.771606,182.1179157
15690,48.9176445,241.7295227,1112.707886,182.1205056
15691,47.23208618,241.6541901,1114.731323,182.1207104
15692,147.1087341,-121.858223,856.3699951,182.921468
15693,149.1173706,-117.3293457,856.772583,182.9300011
15694,156.915802,-101.4951172,841.2382202,183.0600953
15695,154.0286713,-107.0813522,849.1119385,182.9975685
15696,150.95961,-112.7555237,857.1532593,182.9370171
15697,143.6710052,-127.5859756,864.5889282,182.8605022
15698,135.32164,-142.1815033,872.137207,182.7777154
15699,137.7768097,-137.8104095,872.5602417,182.790966
15700,140.0787201,-133.3743744,872.9640503,182.8029296
15701,125.1267166,-158.0594788,888.9216309,182.6607709
15702,119.1289673,-167.1478424,892.6304321,182.6168955
15703,121.3628616,-163.9535522,897.7420044,182.616745
15704,131.5476227,-147.9744873,880.6752319,182.7237387
15705,127.7346573,-153.8315125,889.3549194,182.6745479
15706,102.4456863,-191.9831085,913.2866211,182.4929519
15707,109.0949402,-183.0103455,909.9549561,182.5284542
15708,108.743454,-184.1091766,914.7102051,182.5188816
15709,105.7150879,-188.0828857,914.0496216,182.5061604
15710,118.6875076,-168.0557251,897.2948608,182.603272
15711,115.5173721,-173.0201416,901.5314331,182.5769222
15712,118.2044678,-168.9834747,901.9816895,182.5902047
15713,111.9617157,-179.026474,910.5130615,182.5413203
15714,115.0915833,-173.9947357,906.253418,182.5650838
15715,114.6226501,-174.9887238,910.9903564,182.5536814
15716,100.0712738,-196.4405518,922.2679443,182.4709434
15717,98.29073334,-198.3879852,921.7772217,182.4646828
15718,77.90525818,-218.0649261,925.2089844,182.3918267
15719,82.01082611,-215.1269531,926.4506226,182.4036622
15720,86.04111481,-211.9616547,927.6696167,182.4154904
15721,89.97928619,-208.558548,928.8630371,182.4273342
15722,93.80065918,-204.9192963,930.0237427,182.4391199
15723,72.70493317,-223.7743225,932.5894165,182.3725675
15724,57.08440399,-236.6652832,944.5362549,182.3300317
15725,67.23918915,-229.2493744,939.6279297,182.3553498
15726,61.52346039,-234.4998474,946.3032227,182.3398498
15727,51.09598541,-241.6207581,950.6793213,182.3163641
15728,26.39790726,-253.2831573,947.987854,182.2661492
15729,31.07579994,-251.6929474,950.119873,182.2757629
15730,35.72517014,-250.0173798,952.2416382,182.2852587
15731,40.34342957,-248.2575836,954.3517456,182.2946176
15732,44.92771149,-246.4147339,956.4483032,182.303823
15733,-13.31605625,-265.9269409,936.7466431,182.1892356
15734,-8.537745476,-264.9750977,939.0545654,182.1987895
15735,-3.76201272,-263.9424133,941.3591919,182.2083622
15736,1.007998109,-262.828949,943.6599121,182.2179225
15737,5.769321442,-261.6348572,945.9563599,182.2274771
15738,10.51869392,-260.360321,948.2477417,182.2369851
15739,15.25344849,-259.0056458,950.5337524,182.2464475
15740,19.97050095,-257.5713501,952.8132935,182.2558262
15741,-29.31298828,-271.5716858,935.444458,182.1634031
15742,-24.55981636,-270.7706604,937.885437,182.1725187
15743,-19.80047607,-269.8980408,940.3239136,182.1816983
15744,-35.79317474,-275.6048889,938.493103,182.1568056
15745,-42.30306244,-279.6710815,941.2869263,182.1504551
15746,-39.94340134,-279.2705688,942.6304321,182.1547158
15747,-80.04750824,-314.7368774,1023.830872,182.1669406
15748,-77.22305298,-314.0084229,1018.827576,182.1663735
15749,-82.87837219,-315.1615906,1028.901123,182.1676616
15750,-83.95075226,-315.3251343,1032.46814,182.1691366
15751,-85.06922913,-315.1855469,1031.630249,182.1674719
15752,-85.33258057,-315.1526794,1031.432983,182.1670782
15753,-72.78540039,-311.8297424,1008.078674,182.1637754
15754,-74.40106964,-312.9971924,1013.881104,182.1659302
15755,-64.66718292,-308.302948,1000.200012,182.1670529
15756,-68.73578644,-310.2242126,1004.127136,182.1653535
15757,-71.57585907,-311.7238159,1008.982788,182.1655924
15758,-60.59151077,-306.020813,996.2678223,182.1688733
15759,-58.86814499,-304.1253357,990.5910034,182.1670463
15760,-57.10456467,-302.034668,984.9451904,182.1652571
15761,-55.30498123,-299.760376,979.347229,182.1634985
15762,-53.47391129,-297.3139954,973.7980347,182.1617623
15763,-51.61798477,-294.7070923,968.2957153,182.1600335
15764,-49.74509048,-291.9512939,962.8363647,182.1582878
15765,-47.86535263,-289.058197,957.4141846,182.1564948
15766,-45.98983383,-286.0393982,952.0214233,182.1546177
15767,-44.13112259,-282.9065247,946.6491089,182.1526188
15768,155.6452179,-102.4798584,849.4816895,183.0017329
15769,154.1858521,-103.4998474,857.8486328,182.9467008
15770,152.5316772,-104.5530319,866.3340454,182.8952468
15771,157.8498383,-77.01628113,876.3601074,182.8442792
15772,156.8061066,-81.81397247,876.1484375,182.8482058
15773,155.7017212,-86.60153961,875.9261475,182.8507532
15774,154.5367737,-91.37835693,875.6934814,182.8519293
15775,153.3109741,-96.14370728,875.4503174,182.8517467
15776,152.024353,-100.8969421,875.1968994,182.8502252
15777,150.6768036,-105.6373291,874.9332886,182.8473805
15778,155.4238129,-77.85318756,884.887146,182.8021071
15779,154.4847717,-68.89147949,893.8060913,182.7542372
15780,153.6521301,-73.8038559,893.6672974,182.7592089
15781,152.7664032,-78.70674133,893.5197144,182.762934
15782,153.7733002,-64.32769012,898.2528687,182.7310665
15783,152.2202454,-64.68752289,902.5917358,182.7142265
15784,150.6049347,-65.04940796,906.9490356,182.6979859
15785,148.9274445,-65.41299438,911.3204346,182.6823259
15786,147.1881866,-65.77801514,915.7020874,182.6672487
15787,145.387558,-66.14416504,920.0900879,182.6527326
15788,141.6041718,-66.87864685,928.8699951,182.6253532
15789,139.6231232,-67.24643707,933.2540894,182.6125781
15790,137.5839996,-67.61413574,937.6293945,182.600187
15791,143.5259552,-66.51112366,924.4807129,182.6387754
15792,135.4879913,-67.98148346,941.9924316,182.5884271
15793,128.8751831,-69.07852173,954.9730835,182.5558522
15794,133.3365936,-68.34819794,946.3395996,182.5770414
15795,124.2165222,-69.80273438,963.5047607,182.5365306
15796,119.381424,-70.51849365,971.9122314,182.5189704
15797,114.3946304,-71.22348022,980.1763916,182.5030638
15798,103.8464279,-83.67933655,996.4289551,182.4786339
15799,93.55046844,-85.1713562,1011.825928,182.4566647
15800,88.1988678,-63.1086235,1018.656738,182.441332
15801,98.58432007,-95.59584808,1004.497437,182.4678899
15802,93.55678558,-96.42845154,1012.142883,182.4574411
15803,82.74477386,-52.11165619,1025.571533,182.4278954
15804,72.33779907,-52.88722992,1039.291992,182.4153448
15805,62.61970901,-53.57262421,1052.21582,182.4059123
15806,62.26780319,-41.7613678,1051.939209,182.400225
15807,61.99222183,-29.94304848,1051.726685,182.3933988
15808,61.79281616,-18.11969185,1051.578247,182.3855053
15809,61.66949463,-6.293266296,1051.494141,182.3765781
15810,57.01499557,5.534172535,1057.582275,182.3639067
15811,52.64609528,5.534172535,1063.414185,182.361539
15812,36.23875427,78.25469971,1090.202148,182.2868029
15813,36.96810532,90.36120605,1090.748657,182.2739233
15814,31.91699982,54.09038162,1093.766235,182.3111373
15815,32.41326904,66.22225189,1094.159912,182.2989903
15816,31.53708076,41.9549942,1093.451294,182.3228117
15817,31.27368736,29.81668854,1093.215088,182.333929
15818,31.12708855,17.67617607,1093.057739,182.344405
15819,52.641922,5.534172535,1063.4198,182.3615369
15820,50.45729446,5.534172535,1066.33606,182.3605301
15821,44.70645905,5.534172535,1074.248901,182.3579715
15822,41.87827682,5.534172535,1078.140381,182.3569841
15823,37.61425018,5.534172535,1084.009277,182.3556205
15824,44.70264435,5.534172535,1074.25415,182.35797
15825,108.9250717,-82.90177155,988.4588013,182.4916956
15826,37.81243515,102.4616089,1091.374023,182.2608452
15827,34.59691238,102.5881805,1095.813721,182.260617
15828,31.44230843,102.6507339,1100.081055,182.2604897
15829,28.32450867,102.6465302,1104.204224,182.260463
15830,29.25064659,114.7593231,1104.893555,182.2473845
15831,30.28681374,126.862709,1105.6604,182.2342635
15832,31.43253326,138.9554138,1106.504761,182.2211795
15833,32.68730164,151.0361786,1107.42688,182.2082087
15834,34.0602951,163.1077576,1108.428833,182.1954187
15835,38.85953903,187.2801514,1108.71875,182.1704921
15836,35.55848694,175.1736755,1109.513306,182.1828726
15837,47.95115662,223.5163727,1108.756226,182.1357931
15838,45.90522766,211.4232483,1107.289185,182.1468313
15839,44.22866821,211.4443512,1109.353638,182.1469633
15840,42.31369019,199.3646393,1107.981323,182.1584587
15841,40.63093185,199.3490753,1109.989624,182.1585963
15842,50.66233444,229.5050964,1107.376709,182.1303499
15843,52.15182495,241.6898956,1108.417603,182.120194
15844,51.87302399,238.6412964,1108.228271,182.1226699
15845,51.53092194,235.5914459,1107.990967,182.1251879
15846,51.12680054,232.544693,1107.706665,182.1277496
15847,40.75073624,246.5960083,1122.884766,182.117084
15848,39.85982513,240.8471375,1122.167236,182.12181
15849,39.00795746,234.7180023,1121.343018,182.1268405
15850,41.86346436,241.0282135,1120.324707,182.1215571
15851,43.70825958,241.3051453,1118.539062,182.1212306
15852,45.49669647,241.5132751,1116.674805,182.1209504
15853,50.55647659,241.74086,1110.603516,182.1203386
15854,50.24927139,238.6963043,1110.392212,182.1228141
15855,48.19908142,235.6506958,1112.204468,182.1254873
15856,46.46586609,235.5906677,1114.189819,182.1256875
15857,44.68330002,235.4688873,1116.095581,182.125922
15858,145.7579041,-123.0707474,864.9820557,182.8703036
15859,147.6837311,-118.5042572,865.3538208,182.8786533
15860,152.6355743,-108.1413345,857.510376,182.9425748
15861,149.4480896,-113.8912125,865.7029419,182.8855806
15862,142.2269287,-128.877243,873.3477783,182.8135945
15863,134.0269165,-143.6347198,881.0921021,182.7370194
15864,136.3623657,-139.2246246,881.4884033,182.7492442
15865,138.5526581,-134.7483368,881.8635254,182.7603782
15866,123.9260406,-159.7625275,898.1693115,182.6299288
15867,120.7856445,-164.8555145,902.413208,182.6030576
15868,123.2608185,-160.6383514,902.8253174,182.6155045
15869,130.2122345,-149.5240936,889.7666016,182.6875473
15870,126.3733139,-155.4869232,898.5750732,182.6424832
15871,101.7814484,-194.4650574,922.7282715,182.4770992
15872,103.4193878,-192.4663849,923.15625,182.4831395
15873,105.3724518,-189.2559967,918.7977295,182.4974371
15874,111.5381622,-180.0779266,915.2710571,182.5310034
15875,108.3477707,-185.2276764,919.4742432,182.5094688
15876,111.0699997,-181.1477051,920.0371704,182.5210614
15877,117.6786652,-169.9297943,906.6865234,182.5776623
15878,120.1648331,-165.7739868,907.1013794,182.5898798
15879,114.1095123,-176.0007172,915.7384644,182.5427358
15880,117.1091156,-170.8933563,911.4053955,182.5656253
15881,116.4950104,-171.872879,916.1345215,182.554087
15882,99.25245667,-199.0514221,931.6807861,182.4565463
15883,97.48103333,-201.0565948,931.1439209,182.450803
15884,76.8989563,-221.0586395,933.9880371,182.3835029
15885,81.01990509,-218.1139984,935.3564453,182.39441
15886,85.06395721,-214.9191284,936.6980591,182.4053492
15887,87.05153656,-213.2234497,937.357666,182.4107943
15888,89.0114212,-211.4616547,938.0083008,182.4162447
15889,90.93972778,-209.6345215,938.6486206,182.4216774
15890,92.83330536,-207.7436523,939.2776489,182.4271032
15891,94.68832397,-205.7912903,939.8939209,182.4324952
15892,71.53635406,-226.7878571,941.2015381,182.3655529
15893,55.59381104,-239.5800629,952.6057129,182.3257547
15894,65.91197205,-232.2451935,948.0474243,182.3494695
15895,68.08259583,-231.0688782,948.9093628,182.3542118
15896,60.04714203,-237.4547119,954.5120239,182.3349533
15897,49.47554398,-244.4898834,958.529541,182.3128583
15898,24.66716766,-256.058136,955.0853882,182.2651203
15899,29.34064865,-254.4667206,957.348999,182.2742955
15900,33.98826218,-252.797821,959.6030273,182.2833485
15901,38.60750198,-251.0524445,961.8460083,182.2922488
15902,43.19577789,-249.2317352,964.0761719,182.3009916
15903,-15.03794479,-268.9534607,942.7597046,182.1909215
15904,-10.27483368,-267.9365234,945.1925659,182.2001943
15905,-5.514076233,-266.8470154,947.6223145,182.2094791
15906,-0.7584004998,-265.684967,950.0484009,182.2186541
15907,3.989496946,-264.4505615,952.4703979,182.2279244
15908,8.726919174,-263.1438599,954.8880005,182.2370317
15909,13.45100403,-261.7651978,957.300415,182.2461823
15910,18.15926361,-260.3150024,959.7068481,182.2551404
15911,-31.06235504,-274.7788391,941.0560913,182.1656151
15912,-26.32348824,-273.8898315,943.6168823,182.1744957
15913,-21.57909203,-272.9373474,946.175354,182.1834293
15914,-37.58779907,-278.8311462,943.9699097,182.1589901
15915,-41.77645493,-282.4571228,948.0473022,182.1567932
15916,-81.65382385,-315.2092896,1029.798096,182.1694605
15917,-78.82521057,-314.7121582,1024.734009,182.1687465
15918,-76.00666809,-313.9193115,1019.732117,182.1681811
15919,-82.70748901,-315.3648682,1033.399414,182.1709609
15920,-83.85427856,-315.3282471,1032.540405,182.1692786
15921,-73.19281006,-312.8517151,1014.783264,182.1677388
15922,-62.2794838,-307.7094727,1001.970154,182.1707493
15923,-66.3272934,-309.8057861,1005.92218,182.1690156
15924,-70.37104034,-311.5520935,1009.883179,182.1674082
15925,-58.2407608,-305.2444458,997.9976807,182.1726054
15926,-56.52091599,-303.3718872,992.3013916,182.1708097
15927,-54.7603569,-301.308136,986.6309814,182.1690528
15928,-52.96242905,-299.0644836,981.0038452,182.1673252
15929,-51.13195419,-296.6521912,975.4209595,182.1656259
15930,-49.27534485,-294.0825806,969.8809814,182.1639435
15931,-47.40091324,-291.3669739,964.3799438,182.1622523
15932,-45.51844788,-288.5166321,958.9127197,182.1605229
15933,-43.63936615,-285.5429382,953.4713745,182.1587153
15934,151.0506287,-109.2362518,866.0278931,182.8911085
15935,149.2679291,-110.3641052,874.6596069,182.8432303
15936,154.4310455,-82.69766235,884.7034302,182.805367
15937,153.3814545,-87.53166962,884.5100098,182.807367
15938,152.2751617,-92.35460663,884.3069458,182.8081332
15939,151.1119843,-97.16585541,884.0941772,182.807645
15940,149.8921814,-101.9647598,883.8719482,182.8059391
15941,148.6156464,-106.750679,883.6401978,182.8029996
15942,147.2820587,-111.5229111,883.3989258,182.7988668
15943,151.827652,-83.59951019,893.3632812,182.7656699
15944,152.2082977,-74.21135712,898.0082397,182.7412094
15945,150.4380951,-84.05648041,897.7302856,182.7470991
15946,150.7034912,-74.62171936,902.3705444,182.7236575
15947,149.1378479,-75.03462982,906.7509155,182.7067546
15948,147.511322,-75.44973755,911.1448975,182.6904904
15949,145.8241272,-75.8666687,915.548584,182.674853
15950,144.0767517,-76.28512573,919.9581909,182.6598297
15951,142.269577,-76.70471191,924.3701172,182.645408
15952,140.403183,-77.12509918,928.7802734,182.6315776
15953,138.4786072,-77.54595184,933.1849365,182.6183245
15954,136.4966888,-77.96691132,937.5805054,182.6056251
15955,134.4587708,-78.38764954,941.963562,182.5934699
15956,132.3662872,-78.80780029,946.3304443,182.5818369
15957,130.2207642,-79.22701263,950.6777954,182.5707877
15958,123.4872894,-80.47568512,963.5721436,182.540366
15959,128.0243683,-79.64496613,955.0025635,182.5601373
15960,118.7750015,-81.29721832,972.0167236,182.5224559
15961,113.9117737,-82.10684204,980.3175049,182.5062713
15962,103.5862503,-94.7377243,996.6663818,182.4796088
15963,88.53914642,-97.23235321,1019.600159,182.4481666
15964,88.40583801,-85.88035583,1019.244568,182.4474522
15965,82.90313721,-63.61225128,1025.825562,182.4331303
15966,83.09202576,-75.09620667,1026.126465,182.4366826
15967,98.45405579,-106.7252884,1004.804749,182.4670611
15968,93.57213593,-107.6579819,1012.495056,182.4566553
15969,88.69501495,-108.5588913,1019.996033,182.447441
15970,72.64356995,-64.54792786,1039.59021,182.4201182
15971,63.04826736,-65.37496948,1052.556396,182.4104128
15972,54.33165359,-66.07759094,1064.637329,182.4034401
15973,53.81038284,-54.15490341,1064.255249,182.3991236
15974,53.38316727,-42.22526932,1063.943359,182.3936645
15975,57.1686554,-18.24069023,1057.67395,182.3822931
15976,53.0500946,-30.2901268,1063.701904,182.3870983
15977,57.03290558,-6.353824615,1057.582397,182.3735434
15978,33.02573395,78.34973907,1094.632324,182.2864749
15979,33.75377655,90.47201538,1095.183594,182.2736486
15980,25.35935593,41.98032761,1101.9198,182.3222683
15981,25.72917366,54.12376022,1102.221802,182.3106692
15982,29.88910103,78.39793396,1098.907227,182.2862647
15983,26.21089745,66.26305389,1102.601196,182.2985991
15984,25.10156631,29.83364487,1101.69519,182.3333117
15985,24.95595169,17.68466949,1101.547974,182.3437161
15986,37.61067581,5.534172535,1084.014282,182.3556195
15987,31.09719849,5.534172535,1092.979248,182.3541635
15988,52.66621017,-6.408929348,1063.430176,182.3709879
15989,44.74773407,-6.501644135,1074.302124,182.3671591
15990,108.5274734,-93.85723114,988.6553955,182.4927527
15991,30.60879707,90.527565,1099.454956,182.2734804
15992,27.50884819,90.52548218,1103.592407,182.2734167
15993,24.42943382,90.46340179,1107.626709,182.273457
15994,25.21940422,102.5727997,1108.212158,182.2605376
15995,26.11559105,114.6728134,1108.873291,182.247495
15996,27.11763382,126.7622681,1109.610229,182.2344112
15997,28.22526741,138.8398132,1110.422852,182.2213655
15998,29.43822098,150.9042053,1111.311279,182.208434
15999,30.76108742,162.9562073,1112.276489,182.1956862
16000,38.92045593,199.2909546,1111.934814,182.1587627
16001,37.1797905,187.234436,1110.681641,182.1706329
16002,35.47608185,187.1499786,1112.588745,182.1708022
16003,32.19729233,174.9969482,1113.319824,182.1831875
16004,48.99900436,229.5695801,1109.508179,182.1304817
16005,46.25537491,223.5305634,1110.811157,182.1359453
16006,44.51980591,223.4915771,1112.790039,182.1361292
16007,42.52016068,211.4185944,1111.347778,182.1471244
16008,40.77642441,211.3448639,1113.273193,182.1473169
16009,49.88639832,235.6504517,1110.138428,182.125326
16010,49.46931458,232.6069794,1109.843384,182.1278878
16011,38.88710785,234.6943359,1121.450195,182.1268655
16012,37.20408249,224.0495453,1120.209595,182.136123
16013,37.11556625,222.7794189,1119.96875,182.1372217
16014,40.95753479,235.0340118,1119.671265,182.1265009
16015,40.01211548,229.0373688,1118.986572,182.1316567
16016,42.84825516,235.2838287,1117.922363,182.1261928
16017,47.29529572,229.5789948,1111.55957,182.1306412
16018,45.54789734,229.5319214,1113.532104,182.1308364
16019,43.7537384,229.4268341,1115.426758,182.1310679
16020,41.9095993,229.2624969,1117.244629,182.1313396
16021,144.2209167,-124.3230515,873.7103271,182.8229567
16022,146.0595703,-119.716362,874.0504761,182.8310162
16023,147.7421112,-115.0618515,874.3671265,182.8377747
16024,140.5966187,-130.2099304,882.21698,182.7703925
16025,132.5570831,-145.1412659,890.156311,182.6996996
16026,134.7670135,-140.6872864,890.5236206,182.7109631
16027,136.8401337,-136.1663971,890.8683472,182.7212972
16028,125.6260834,-156.3363342,903.2160034,182.6274452
16029,122.5512848,-161.5288696,907.4975586,182.6017007
16030,124.8332825,-157.198822,907.8721924,182.6130591
16031,128.7010803,-151.1310883,898.958252,182.6543918
16032,127.8769913,-151.9539948,903.5837402,182.638826
16033,100.9433823,-197.0168915,932.1804199,182.4621802
16034,102.5514221,-194.9589844,932.6403809,182.4676994
16035,104.9856796,-190.447998,923.5513916,182.4890144
16036,106.481102,-188.4130402,923.9134521,182.4947667
16037,113.5513153,-177.0292511,920.4937744,182.5322332
16038,109.2649078,-184.3039703,924.5406494,182.5059317
16039,107.9070816,-186.3642273,924.243103,182.5004182
16040,112.9474258,-178.0729523,925.2523804,182.5221661
16041,110.5564194,-182.2342529,924.807373,182.5114816
16042,119.4997406,-166.7077942,911.8026733,182.5772435
16043,121.7964554,-162.4329529,912.1818237,182.5884969
16044,115.8354492,-172.8670197,920.8699341,182.5430387
16045,118.7893677,-167.6556549,916.5131836,182.5651473
16046,118.0330734,-168.6164093,921.2290649,182.5535814
16047,98.26060486,-201.7178192,941.0774536,182.4431787
16048,96.50193787,-203.7801208,940.49646,182.4378659
16049,75.74632263,-224.0877228,942.7325439,182.3756618
16050,79.8815155,-221.1378326,944.229187,182.3857708
16051,81.92020416,-219.5615234,944.9656372,182.3908087
16052,83.93662262,-217.9142303,945.6936646,182.3958561
16053,85.92754364,-216.1948395,946.4121094,182.4009036
16054,87.88864899,-214.4031067,947.1195068,182.4059478
16055,89.81564331,-212.5399323,947.814209,182.4109831
16056,91.70490265,-210.6072235,948.4949341,182.4160046
16057,93.55219269,-208.6076202,949.1600342,182.4210043
16058,70.22785187,-229.8222504,949.7591553,182.3589335
16059,53.9842186,-242.4845581,960.5935059,182.3217085
16060,64.45374298,-235.2470398,956.3961792,182.3439452
16061,66.63446808,-234.0945282,957.3280029,182.3483694
16062,58.45197296,-240.4017029,962.6381836,182.3303592
16063,47.75082397,-247.3366394,966.2919312,182.3095512
16064,22.84919548,-258.7939758,962.1064453,182.264099
16065,27.51820755,-257.2026978,964.4981079,182.2728396
16066,32.16388321,-255.5418396,966.8809204,182.2815349
16067,36.78404617,-253.8123169,969.253479,182.2899901
16068,41.37637711,-252.015152,971.6141357,182.2983549
16069,-16.83158302,-271.9211121,948.7313843,182.1924001
16070,-11.17127228,-269.3963013,948.2440186,182.20083
16071,-1.669233918,-267.0932007,953.2218628,182.2190079
16072,-2.595758438,-268.4868469,956.3822632,182.2192894
16073,6.864556789,-265.8760681,961.4649658,182.237075
16074,16.27778435,-263.0100098,966.5286865,182.2545281
16075,-32.86961365,-277.911499,946.647583,182.1675972
16076,-28.14435005,-276.9367981,949.3232422,182.1762637
16077,-23.4140358,-275.9066772,951.9968262,182.1849701
16078,-39.42618179,-281.9695129,949.4413452,182.1609803
16079,-82.63439178,-315.3603516,1033.454102,182.1710675
16080,-81.42766571,-315.2856445,1034.35791,182.1728239
16081,-80.43011475,-315.151123,1030.69458,182.1712472
16082,-77.60878754,-314.5847778,1025.633057,182.1705435
16083,-74.8003006,-313.730957,1020.629517,182.1699811
16084,-71.99061584,-312.639801,1015.680664,182.1695453
16085,-59.92507172,-306.9145508,1003.714417,182.174453
16086,-63.93930817,-309.1796875,1007.699829,182.1726872
16087,-67.96582794,-311.077301,1011.678589,182.171049
16088,-55.89554214,-304.442749,999.7236328,182.1763399
16089,-54.17948151,-302.5908813,994.0075684,182.174579
16090,-52.42179871,-300.5520325,988.312561,182.1728585
16091,-50.62567139,-298.3372803,982.6560669,182.17116
16092,-48.79566193,-295.95755,977.0395508,182.1694963
16093,-46.93842697,-293.4237976,971.461792,182.1678611
16094,-45.06201172,-290.7471313,965.9193115,182.1662263
16095,-43.17667007,-287.9385071,960.4069214,182.1645625
16096,-41.29373169,-285.0089722,954.9171143,182.162825
16097,145.8365326,-116.2655487,883.1394043,182.7935121
16098,150.8359222,-88.48154449,893.1980591,182.7671276
16099,149.7913513,-93.35231781,893.0240479,182.7675932
16100,148.6940613,-98.21122742,892.8413086,182.7667752
16101,147.5442047,-103.0576553,892.6497803,182.764981
16102,146.34198,-107.891037,892.449585,182.761916
16103,145.0870514,-112.7107315,892.2406006,182.7578972
16104,143.7253571,-117.5004501,892.013916,182.7525988
16105,148.4640503,-93.85848236,897.4191284,182.7486475
16106,148.9892883,-84.51702881,902.1183472,182.7290155
16107,147.4808655,-84.98072815,906.5238037,182.7116249
16108,145.9129944,-85.44715881,910.9425049,182.6949148
16109,144.2859039,-85.91593933,915.3705444,182.6788711
16110,142.5996399,-86.38666534,919.8041992,182.6634786
16111,140.8548279,-86.85894012,924.2396851,182.6487224
16112,139.0518188,-87.33236694,928.6731567,182.634587
16113,137.1916809,-87.80653381,933.1008911,182.6210563
16114,135.2751465,-88.28103638,937.5192871,182.6081135
16115,133.3033447,-88.75548553,941.9247437,182.5957427
16116,131.277771,-89.22949219,946.3139038,182.583929
16117,129.2000122,-89.70263672,950.6834106,182.5726551
16118,122.6723709,-91.1129837,963.6427612,182.5419104
16119,124.8950882,-90.64479065,959.350769,182.5516945
16120,127.071701,-90.1745224,955.0299683,182.5618997
16121,113.3752441,-92.95749664,980.4726562,182.5074276
16122,118.099205,-92.04170227,972.1300049,182.5237869
16123,120.4061737,-91.57876587,967.9033203,182.5326509
16124,103.3062592,-105.7644501,996.9280396,182.4787635
16125,83.85746765,-109.4244232,1027.30542,182.4393138
16126,83.56743622,-98.00441742,1026.866821,182.4399474
16127,83.31289673,-86.56103516,1026.473633,182.4391205
16128,73.00492859,-76.19501495,1039.944214,182.4235645
16129,73.42287445,-87.82644653,1040.353882,182.4257335
16130,98.32143402,-117.8230057,1005.140991,182.4645875
16131,93.59910583,-118.8579941,1012.881531,182.4543187
16132,88.8756485,-119.8581467,1020.431763,182.4452558
16133,84.18473053,-120.8193283,1027.78894,182.4372812
16134,63.55389404,-77.16651154,1052.960938,182.4136786
16135,54.94728088,-77.99192047,1065.089844,182.4065796
16136,47.2685051,-78.65241241,1076.166992,182.4017186
16137,46.58141327,-66.64004517,1075.668701,182.3986727
16138,46.00094986,-54.62118912,1075.245483,182.3944836
16139,45.52718353,-42.59684753,1074.897217,182.3891924
16140,52.81113815,-18.35086823,1063.530884,182.3795527
16141,45.16034698,-30.56815147,1074.623901,182.3828367
16142,20.61640549,42.64494705,1108.420532,182.321523
16143,20.60079002,41.930439,1108.409302,182.3221893
16144,20.34708214,30.32094383,1108.228638,182.3327358
16145,20.99283981,54.95906067,1108.688721,182.3097511
16146,20.9652729,54.05661392,1108.669067,182.310631
16147,26.80426216,78.39730072,1103.058105,182.2861618
16148,23.74594879,78.34589386,1107.117065,182.2861692
16149,21.47632217,67.26107025,1109.033081,182.2975124
16150,21.43370438,66.17772675,1109.002686,182.2986065
16151,20.34019852,29.80047607,1108.223633,182.3331954
16152,20.18498802,17.98987389,1108.113037,182.3432999
16153,20.18349838,17.6680088,1108.111938,182.3435659
16154,31.09379959,5.534172535,1092.984009,182.3541629
16155,24.92230606,5.534172535,1101.478271,182.3534026
16156,37.64700317,-6.568789005,1084.082275,182.3646556
16157,44.90047073,-18.53606033,1074.425415,182.3754793
16158,37.79816055,-18.67028999,1084.228149,182.3728197
16159,108.094986,-104.7790222,988.8708496,182.491889
16160,22.68227386,90.39992523,1109.891724,182.2735235
16161,22.06643867,79.55038452,1109.453247,182.2849076
16162,22.76324654,91.82584381,1109.949341,182.2720103
16163,23.46240807,102.4985046,1110.447144,182.2606234
16164,23.56632996,104.0850601,1110.521118,182.2589197
16165,24.34631538,114.5870667,1111.076294,182.2476014
16166,24.47542,116.325676,1111.168091,182.2457244
16167,25.33402443,126.6643448,1111.779175,182.2345393
16168,25.4903965,128.5467377,1111.890503,182.2325085
16169,26.42547417,138.7290649,1112.555908,182.221516
16170,26.6107254,140.7467499,1112.687744,182.2193537
16171,27.83628654,152.9228363,1113.559692,182.2063391
16172,27.62063789,150.7799988,1113.406372,182.2086072
16173,29.16550064,165.0475006,1114.504517,182.1935649
16174,28.92094231,162.8164978,1114.330688,182.1958844
16175,38.99445724,211.2220764,1115.13147,182.1475428
16176,37.17931366,199.1893921,1113.818848,182.1589598
16177,35.40435028,199.0433655,1115.643311,182.1591892
16178,33.74567032,187.0260468,1114.441895,182.1710016
16179,30.32722473,174.83815,1115.329102,182.1834144
16180,30.59016991,177.0549774,1115.515747,182.1811626
16181,31.83963394,186.8441467,1116.402222,182.1712539
16182,31.98545647,186.8617859,1116.243286,182.1712323
16183,42.74114227,223.3983612,1114.694092,182.136347
16184,40.91631699,223.2494659,1116.524414,182.1366008
16185,37.00583649,222.7610626,1120.068726,182.137243
16186,37.1709404,211.049057,1116.923828,182.1478043
16187,35.30305099,210.8246918,1118.651855,182.1481034
16188,35.39263535,212.2754211,1118.922607,182.1467898
16189,39.04225922,223.0435944,1118.282349,182.1368922
16190,142.4926758,-125.6136627,882.5477905,182.7792648
16191,144.2397766,-120.9640045,882.8555298,182.7869758
16192,138.7743225,-131.5828857,891.1900635,182.7306627
16193,130.9057465,-146.6994476,899.3180542,182.6655176
16194,132.9844818,-142.1964264,899.6542358,182.6758824
16195,134.9348145,-137.6263885,899.9667969,182.6854576
16196,127.0062256,-152.788559,908.2236938,182.6238768
16197,123.9942245,-158.0733643,912.5395508,182.599329
16198,126.0881348,-153.6337738,912.8740845,182.6096772
16199,129.065567,-148.3027496,908.5509033,182.634022
16200,99.92893982,-199.6245575,941.6142578,182.4483782
16201,101.5044403,-197.5072479,942.104187,182.4534625
16202,104.0775146,-192.8818512,933.0601807,182.4731041
16203,105.5227737,-190.789444,933.4398193,182.4783983
16204,115.1299744,-173.8744812,925.6077271,182.5324716
16205,108.177597,-186.5716553,934.0809326,182.4886782
16206,109.3908768,-184.4516907,934.3443604,182.4936603
16207,106.888916,-188.6850586,933.7798462,182.4835883
16208,109.9968185,-183.3360901,929.5776367,182.5024138
16209,112.2973175,-179.1304016,930.010376,182.5125559
16210,114.3782043,-174.8939514,930.3441772,182.5223813
16211,120.9955139,-163.349472,916.8743286,182.5758768
16212,123.1082916,-158.9588623,917.2144165,182.5862227
16213,117.2304993,-169.5888062,925.9465942,182.5425342
16214,120.1480865,-164.2773285,921.5714722,182.5638242
16215,119.2536926,-165.2153473,926.2693481,182.5523235
16216,97.09637451,-204.4255371,950.4308472,182.430897
16217,95.35428619,-206.5441895,949.8082275,182.4259764
16218,74.45361328,-227.1396179,951.423584,182.3683433
16219,76.53718567,-225.6980743,952.2406616,182.3730228
16220,78.60159302,-224.1853333,953.048645,182.3777057
16221,80.64483643,-222.5978851,953.8469849,182.3823903
16222,82.66433716,-220.9332428,954.6350708,182.3870785
16223,84.65631866,-219.1902466,955.411499,182.3917686
16224,86.61600494,-217.3687286,956.1743774,182.3964567
16225,88.5384903,-215.4698029,956.9217529,182.4011378
16226,90.41985321,-213.4956818,957.6520996,182.4058067
16227,92.2555542,-211.4493866,958.3635254,182.4104566
16228,68.78873444,-232.8656006,958.2463379,182.3527739
16229,70.91998291,-231.5690155,959.1513062,182.3571597
16230,52.27040482,-245.368515,968.491333,182.3179242
16231,62.87693405,-238.2435455,964.6615601,182.3387979
16232,65.06782532,-237.1161652,965.6629639,182.342944
16233,56.75273514,-243.3300934,970.6724854,182.3260889
16234,45.93884277,-250.1511841,973.9613647,182.3064587
16235,25.6259079,-259.8924561,971.5673218,182.2715405
16236,34.89115143,-256.5281677,976.5731201,182.2879821
16237,-18.68089104,-274.8208008,954.6681519,182.1937012
16238,-13.00947952,-272.2685852,954.3154297,182.2019059
16239,-12.08349133,-270.8406982,951.284729,182.2013794
16240,-3.535664082,-269.8648071,959.5302124,182.2195654
16241,4.949235916,-268.5487671,967.982605,182.2370376
16242,14.34444809,-265.6480713,973.2817993,182.2538968
16243,-34.71968079,-280.9592285,952.2282715,182.1694061
16244,-30.00680161,-279.9017029,955.0134277,182.1778808
16245,-25.28966141,-278.7965088,957.7966309,182.1863737
16246,-80.36628723,-315.1217651,1035.152954,182.1743671
16247,-79.2140274,-314.9822693,1031.585571,182.1730238
16248,-76.40484619,-314.3500671,1026.523071,182.1723322
16249,-73.60144806,-313.4757996,1021.52124,182.1717785
16250,-69.58996582,-312.105835,1017.470947,182.1731664
16251,-57.57581329,-306.0966797,1005.455139,182.1781569
16252,-61.58111191,-308.3708191,1009.453796,182.1763656
16253,-65.57836151,-310.4199829,1013.458374,182.1746986
16254,-49.49656677,-301.029541,997.420166,182.1821248
16255,-51.20579147,-302.8425598,1003.175598,182.1838052
16256,-47.74440002,-299.0375366,991.6755371,182.1805056
16257,-45.95108795,-296.8769836,985.9602051,182.1788516
16258,-44.12147903,-294.5583191,980.276062,182.1772518
16259,-42.26193237,-292.09198,974.6228027,182.1757197
16260,-40.38101959,-289.4884338,968.9970093,182.1742024
16261,-38.48897552,-286.7581177,963.3942871,182.1726852
16262,-36.59751129,-283.9115906,957.807373,182.1710925
16263,142.2184906,-122.24543,891.7631226,182.7463473
16264,146.287323,-103.6127625,897.074646,182.7458555
16265,143.9090271,-113.3147736,896.6970825,182.7388109
16266,139.9895782,-123.5581665,900.7619019,182.7090019
16267,141.4023895,-118.7640152,900.9794922,182.7149968
16268,142.6765594,-113.9249191,901.173584,182.7201959
16269,147.078949,-94.36893463,901.8347778,182.7302216
16270,145.6358643,-94.88324738,906.2674561,182.7125218
16271,144.1346893,-95.40097046,910.7130737,182.6955341
16272,142.5756531,-95.92160797,915.1677246,182.6792432
16273,140.958725,-96.44470978,919.6275635,182.6636324
16274,139.2843323,-96.969841,924.0890503,182.6486839
16275,137.5529938,-97.49653625,928.5482178,182.634381
16276,135.7653351,-98.02432251,933.0013428,182.620706
16277,133.9222717,-98.55276489,937.4448853,182.6076408
16278,132.0249023,-99.08138275,941.8754272,182.5951674
16279,130.0744324,-99.60973358,946.2893677,182.5832683
16280,128.072403,-100.1373825,950.6834717,182.5719253
16281,121.7752304,-101.7114487,963.7158813,182.5410503
16282,123.9207916,-101.1887054,959.3997192,182.5508364
16283,126.020546,-100.6638565,955.0546265,182.5611211
16284,115.08992,-103.2627335,976.46521,182.5145427
16285,112.7882843,-103.7726517,980.6411133,182.5065642
16286,117.3570404,-102.7489319,972.2510376,182.5229104
16287,119.5864639,-102.2316818,968.0004883,182.5317477
16288,103.0094528,-116.7572403,997.2131958,182.4761524
16289,74.43302155,-111.0347824,1041.338745,182.4259851
16290,73.89852142,-99.44026184,1040.818848,182.4265478
16291,64.13709259,-88.94559479,1053.429077,182.4157349
16292,100.4508972,-128.3047638,1001.536499,182.4660967
16293,98.1891098,-128.8873596,1005.505432,182.4605959
16294,95.91742706,-129.4615936,1009.427307,182.4554183
16295,93.63993073,-130.0269623,1013.301758,182.4505388
16296,89.0831604,-131.1286163,1020.906433,182.4416383
16297,84.55117798,-132.1877594,1028.31665,182.433846
16298,79.55857849,-121.7374802,1034.950684,182.4303678
16299,59.78637314,-89.44345856,1059.640015,182.4118752
16300,55.6570816,-89.89649963,1065.612549,182.4085729
16301,48.06169128,-90.6571579,1076.740234,182.4036423
16302,44.51903152,-90.95929718,1081.868408,182.4018602
16303,40.27270508,-79.12931061,1086.125244,182.3985415
16304,39.5494957,-67.0466156,1085.590088,182.3955635
16305,38.94000626,-54.95849228,1085.132812,182.3914455
16306,38.44475174,-42.86587143,1084.753418,182.3862674
16307,38.06411743,-30.76955605,1084.451782,182.3800416
16308,22.00605965,78.29261017,1109.410278,182.2862172
16309,24.91887856,5.534172535,1101.483032,182.3534023
16310,20.13024139,5.534172535,1108.073975,182.3532212
16311,31.12366295,-6.607889652,1093.0625,182.3631059
16312,31.27022934,-18.74837303,1093.219849,182.3711777
16313,31.53365326,-30.8866787,1093.456055,182.3783154
16314,107.6306381,-115.6648102,989.104126,182.4891366
16315,33.59251785,198.8519135,1117.40979,182.1594527
16316,32.11938858,189.0352631,1116.600586,182.1691039
16317,35.17922211,210.8063354,1118.771118,182.1481255
16318,33.73613358,200.8730469,1117.747314,182.157544
16319,140.567627,-126.9410706,891.4884033,182.7390241
16320,136.7539368,-132.9937286,900.2556152,182.6941958
16321,131.0080566,-143.7459564,908.8539429,182.643739
16322,132.8303986,-139.1225739,909.1327515,182.6526517
16323,128.0730896,-149.1190491,913.1842041,182.6194845
16324,125.1220932,-154.4887085,917.531311,182.5961286
16325,127.0316772,-149.943924,917.8236084,182.6055406
16326,129.9456024,-144.5337372,913.4697876,182.6287816
16327,98.73878479,-202.2739716,951.0023804,182.4357089
16328,100.2786102,-200.0973816,951.5197144,182.44041
16329,102.9880905,-195.3708954,942.5467529,182.4584355
16330,104.3813171,-193.2200775,942.9420166,182.4633011
16331,116.381073,-170.5716553,930.6616821,182.5319942
16332,106.9045639,-188.8904266,943.5934448,182.4727282
16333,105.6861191,-191.0587463,943.2905884,182.468064
16334,108.0390167,-186.7180939,943.8519897,182.4772974
16335,110.5310822,-182.327301,934.5714722,182.4984797
16336,111.6006317,-180.2001801,934.763855,182.5033444
16337,113.5797424,-175.9241333,935.0753174,182.5127517
16338,115.4848557,-171.5637512,935.3707886,182.521947
16339,122.174942,-159.8543091,921.8931274,182.5737169
16340,124.1077728,-155.3523407,922.1915894,182.5832064
16341,118.312027,-166.1624298,930.9639893,182.5413593
16342,121.1939087,-160.7586365,926.5717163,182.5617924
16343,120.1649246,-161.6708069,931.2463379,182.5504307
16344,95.76329041,-207.1602936,959.7157593,182.4196577
16345,94.04208374,-209.3344574,959.0546265,182.4150813
16346,73.02999115,-230.2018585,960.0441895,182.3615337
16347,75.11966705,-228.7611542,960.9258423,182.3659009
16348,77.18875122,-227.2433472,961.7967529,182.3702674
16349,79.23519135,-225.6446075,962.65625,182.3746368
16350,81.25566864,-223.9624481,963.5031738,182.37901
16351,83.24613953,-222.1957397,964.3360596,182.3833858
16352,85.2012558,-220.3443909,965.1524658,182.3877606
16353,87.11582184,-218.4098358,965.9502563,182.3921298
16354,88.985466,-216.3946381,966.7275391,182.3964883
16355,90.8054657,-214.3022461,967.4822998,182.40083
16356,67.23117065,-235.9059601,966.6494751,182.3470707
16357,69.37052917,-234.6222229,967.6213989,182.3511778
16358,50.46936417,-248.2216797,976.293396,182.3144375
16359,61.19608307,-241.2233887,972.8334351,182.3340434
16360,63.39722443,-240.1221924,973.9036255,182.3379473
16361,54.96632385,-246.2290955,978.6083984,182.3221409
16362,44.05781174,-252.9237671,981.5355225,182.3037094
16363,23.68249893,-262.5274048,978.5584106,182.2702892
16364,32.94804001,-259.190979,983.805542,182.2861105
16365,-20.56992722,-277.6434021,960.5778198,182.1948937
16366,-13.94719505,-273.6788635,957.3370361,182.202397
16367,-4.486968994,-271.2261353,962.6665039,182.2198125
16368,12.37731552,-268.2210388,979.9707031,182.2533377
16369,2.998718739,-271.1537781,974.4465942,182.2369903
16370,-6.415224075,-273.8945618,968.9076538,182.220284
16371,21.70687294,-265.0991211,985.4750366,182.2692209
16372,-31.89577675,-282.7744751,960.696106,182.1794113
16373,-27.19040871,-281.59729,963.5831299,182.1876644
16374,-80.2070694,-315.081543,1035.272095,182.1746
16375,-79.14458466,-314.8132324,1036.067017,182.1761549
16376,-78.01332092,-314.6976318,1032.465454,182.1747917
16377,-75.21026611,-314.0484009,1027.406128,182.1741174
16378,-71.206604,-312.8796692,1023.300781,182.1753785
16379,-67.20368958,-311.4187317,1019.247864,182.1767946
16380,-52.87823486,-304.4661255,1008.936768,182.1855549
16381,-59.22769547,-307.541687,1011.204224,182.1800421
16382,-63.21651459,-309.6020508,1015.217163,182.1783533
16383,-30.76616478,-294.7938843,1011.07074,182.2121032
16384,-32.45090485,-296.4858398,1016.986145,182.213401
16385,-34.09505463,-298.0146179,1022.867065,182.2148413
16386,-36.59895706,-293.9324646,992.5673218,182.1942453
16387,-27.24494553,-290.9555969,999.1727905,182.2094121
16388,-29.03161049,-292.9475098,1005.125732,182.2106509
16389,-34.76784134,-291.7197266,986.7474365,182.1928194
16390,-32.90174103,-289.3703308,980.9421387,182.1914792
16391,-31.00938225,-286.8937683,975.1491089,182.1901903
16392,-29.10157204,-284.2995605,969.3648682,182.1889224
16393,138.4394379,-128.3028717,900.5205688,182.7020569
16394,144.9742584,-104.1730194,901.5198975,182.7272746
16395,136.1028748,-129.6939392,909.6184692,182.6681709
16396,137.5479584,-124.8973465,909.8259888,182.6747302
16397,138.8631134,-120.0516357,910.010498,182.6804358
16398,141.3891296,-114.5405731,905.666687,182.7025155
16399,140.0464783,-115.1611633,910.1721191,182.685417
16400,143.6046906,-104.7379227,905.9818726,182.7094487
16401,142.1784973,-105.3069534,910.4564209,182.6923557
16402,140.6957397,-105.8795929,914.9396973,182.6759836
16403,139.1564789,-106.4552994,919.4280396,182.6603088
16404,137.5608063,-107.0335617,923.9176025,182.6453173
16405,135.9093475,-107.6138916,928.4047852,182.6309858
16406,134.2026825,-108.1957397,932.8857422,182.6172995
16407,132.4414215,-108.7786102,937.3568726,182.6042356
16408,130.6267548,-109.3619614,941.8149414,182.5917775
16409,128.759613,-109.9453125,946.2561646,182.5799038
16410,126.8416595,-110.5281296,950.6774902,182.5685973
16411,120.7992401,-112.2682266,963.7906494,182.5378774
16412,122.8593826,-111.6900864,959.4475708,182.5476034
16413,124.8742599,-111.1098938,955.0756226,182.5578363
16414,114.3705215,-113.9850464,976.619812,182.5115611
16415,116.5521088,-113.4162064,972.3791504,182.5198754
16416,112.1541824,-114.5497742,980.8220825,182.5036774
16417,118.6958771,-112.8437653,968.1019287,182.5286415
16418,104.9290543,-127.1168594,993.460144,182.4781093
16419,102.6988602,-127.7144089,997.5210571,182.4719255
16420,75.02758026,-122.6084671,1041.913208,182.4242134
16421,69.90622711,-111.7723694,1048.053467,182.4206809
16422,69.26366425,-100.097702,1047.495361,182.4212492
16423,64.79840851,-100.7106018,1053.960571,182.4165806
16424,102.276947,-138.5958862,997.8300171,182.466013
16425,100.1312637,-139.2432556,1001.877686,182.4603569
16426,97.97051239,-139.8822937,1005.878784,182.4550276
16427,95.79833984,-140.5123749,1009.83252,182.4500114
16428,93.6187439,-141.132843,1013.738403,182.4452958
16429,91.43539429,-141.743042,1017.59613,182.4408586
16430,89.25216675,-142.3423767,1021.40509,182.43669
16431,84.90153503,-143.505722,1028.875854,182.4291029
16432,80.59647369,-144.6177216,1036.147583,182.4225075
16433,80.07486725,-133.1997528,1035.529785,182.4270366
16434,60.52487564,-101.2757721,1060.202759,182.4126436
16435,56.46115112,-101.7900238,1066.205078,182.4093346
16436,48.96097946,-102.6531296,1077.388306,182.4043694
16437,45.44877243,-102.9956512,1082.540283,182.4025719
16438,42.05899811,-103.2745819,1087.429565,182.4011313
16439,41.1093483,-91.20562744,1086.738403,182.4004157
16440,37.80900955,-91.39342499,1091.378906,182.3992883
16441,36.96461868,-79.29301453,1090.75354,182.3974395
16442,36.2352066,-67.18647766,1090.206909,182.3944881
16443,32.40983963,-55.15399551,1094.164673,182.3895761
16444,31.9135437,-43.02212524,1093.770996,182.3844645
16445,20.17473602,-5.685775757,1108.105591,182.3614343
16446,24.95240593,-6.616293907,1101.552612,182.3622901
16447,25.09816933,-18.76532936,1101.699829,182.3703095
16448,25.35592842,-30.91195107,1101.924438,182.3774009
16449,25.72577667,-43.05538559,1102.22644,182.3835106
16450,109.3213501,-125.902504,985.2056274,182.4915826
16451,107.137825,-126.5127029,989.3546753,182.4846516
16452,33.45754242,198.8336792,1117.549683,182.1594748
16453,134.5296173,-134.437088,909.3875122,182.6607977
16454,130.5232849,-140.6486053,918.3349609,182.6226042
16455,128.833252,-145.329071,918.0914307,182.6144095
16456,125.9410019,-150.7764282,922.4655762,182.5922402
16457,127.6706085,-146.1311035,922.7150269,182.6007698
16458,97.37598419,-204.9510651,960.3190308,182.4241294
16459,98.87733459,-202.7155457,960.861145,182.4284949
16460,101.7174377,-197.9015045,951.9827881,182.4450046
16461,103.056839,-195.6916809,952.3914795,182.449497
16462,117.3230667,-167.1174469,935.6518555,182.5309149
16463,105.4461823,-191.247818,953.0495605,182.4581946
16464,104.2989426,-193.4723969,952.7467041,182.4538921
16465,106.5013962,-189.0213623,953.3016357,182.4624094
16466,109.0922928,-184.5442963,944.0679932,182.481773
16467,110.0670319,-182.3710785,944.242981,182.4862445
16468,110.8571854,-181.2808533,939.5092773,182.4946476
16469,112.73452,-176.9637146,939.7976074,182.5035885
16470,114.5416718,-172.5638428,940.0703125,182.5123803
16471,116.2868347,-168.0792999,940.3293457,182.5209732
16472,123.0448456,-156.2237396,926.8510742,182.5708896
16473,124.8008575,-151.6156769,927.1062012,182.5795633
16474,119.0880508,-162.589798,935.9134521,182.5396129
16475,121.9333344,-157.1019135,931.5060425,182.5591586
16476,120.7733688,-157.9858551,936.1529541,182.5479927
16477,94.26799011,-209.9079437,968.9091797,182.4094226
16478,92.57209015,-212.1366119,968.2130127,182.4051489
16479,71.48730469,-233.2619019,968.5797729,182.3552729
16480,73.5822525,-231.8219452,969.5252075,182.3593623
16481,75.65486145,-230.2987061,970.4579468,182.3634516
16482,77.70254517,-228.6882782,971.3771362,182.367544
16483,79.72180176,-226.9881439,972.281311,182.3716407
16484,81.70791626,-225.1973267,973.168457,182.3757403
16485,83.65538025,-223.3159943,974.0360107,182.3798398
16486,85.55825806,-221.3458252,974.8813477,182.3839344
16487,87.41223145,-219.2897949,975.7025146,182.3880197
16488,89.21214294,-217.1518402,976.4970703,182.3920899
16489,65.56987,-238.931488,974.9577637,182.3418321
16490,67.71715546,-237.6608887,975.9957886,182.3456975
16491,59.42829895,-244.1752014,980.904541,182.3296917
16492,61.63980865,-243.1009521,982.0424194,182.3333876
16493,53.11116028,-249.0879059,986.4420166,182.3186276
16494,42.12703705,-255.6445618,989.0136719,182.3011716
16495,28.98755074,-264.3212585,998.0189209,182.2829329
16496,-15.8497448,-276.4421692,963.3568115,182.2033221
16497,19.71756744,-267.5990295,992.3207397,182.2682465
16498,10.39471626,-270.7206116,986.6002197,182.2528717
16499,1.03046906,-273.6829529,980.8626709,182.2369885
16500,-8.36355114,-276.4837036,975.1123047,182.220763
16501,-17.77478218,-279.1218262,969.3517456,182.2042458
16502,-19.70692635,-281.7089844,975.3295288,182.2051769
16503,-79.01250458,-314.7703552,1036.162231,182.1763473
16504,-77.8249588,-314.3850708,1037.018433,182.1780898
16505,-76.82383728,-314.3461609,1033.337036,182.1765565
16506,-72.82275391,-313.3871155,1029.169556,182.17769
16507,-68.82277679,-312.1642456,1025.069702,182.1789826
16508,-64.83876038,-310.5968933,1021.006958,182.1804256
16509,-35.70837402,-299.3713074,1028.716919,182.2164029
16510,-54.52204514,-305.8898315,1014.70575,182.1873807
16511,-60.8589859,-308.7666931,1016.973022,182.1820044
16512,-10.32011795,-286.8055115,1018.572937,182.2392422
16513,6.698393822,-282.3695984,1038.375122,182.2677062
16514,-13.69418812,-290.2008667,1030.801025,182.2412513
16515,-15.30914593,-291.6781311,1036.804443,182.2425818
16516,-16.89114189,-292.9975586,1042.737183,182.243983
16517,-25.41111946,-288.8269348,993.2161865,182.2082351
16518,-16.05573845,-285.879364,999.6818848,182.2232975
16519,-8.542021751,-284.9038086,1012.377869,182.2386045
16520,-6.706124306,-282.8770142,1006.143921,182.2379709
16521,-23.53707504,-286.5704041,987.2577515,182.2071391
16522,-21.63190269,-284.1947937,981.2964478,182.2061303
16523,132.0984039,-135.9070129,918.5546265,182.6302708
16524,133.5553436,-131.1086731,918.7508545,182.637195
16525,134.8917999,-126.2577591,918.9242554,182.6433821
16526,136.1057434,-121.3583679,919.0755005,182.648797
16527,137.1953735,-116.4147873,919.2049561,182.6535544
16528,138.6485291,-115.786087,914.6860962,182.6692057
16529,135.6871033,-117.0466385,923.7249756,182.6387353
16530,134.1240387,-117.6811142,928.2423706,182.6244532
16531,132.5066376,-118.3176041,932.7533569,182.6109472
16532,130.8357086,-118.9555359,937.2545166,182.5979525
16533,129.1120605,-119.5943375,941.7424316,182.5856805
16534,127.3367081,-120.2333984,946.2134399,182.5738957
16535,125.5109863,-120.8721542,950.6644287,182.5627771
16536,119.7478409,-122.7809372,963.8661499,182.532461
16537,121.7147064,-122.1465149,959.4937134,182.5420731
16538,123.6363907,-121.5100555,955.0922241,182.5521181
16539,113.5995636,-124.666275,976.7832642,182.5066299
16540,115.6877823,-124.0413742,972.5133667,182.5147634
16541,117.737999,-123.4127274,968.2068481,182.5234098
16542,111.4764175,-125.2868347,981.0146484,182.4988747
16543,106.5081024,-137.2788391,989.5985718,182.4783637
16544,104.4037247,-137.9408875,993.7366333,182.4720103
16545,75.68344116,-134.1600189,1042.541626,182.4210874
16546,70.61901093,-123.4281921,1048.670532,182.4189309
16547,65.53839874,-112.4600449,1054.55542,182.4160993
16548,103.6747971,-148.6374359,993.9864502,182.4644066
16549,101.6683502,-149.3552856,998.1170654,182.458635
16550,99.64182281,-150.0650787,1002.201904,182.4531944
16551,97.59869385,-150.766037,1006.23999,182.4480702
16552,95.54260254,-151.4574585,1010.230408,182.4432485
16553,93.47709656,-152.1385956,1014.172791,182.4387152
16554,91.40574646,-152.8087158,1018.06665,182.434457
16555,89.33230591,-153.4671021,1021.911621,182.4304621
16556,87.26039124,-154.1129761,1025.707031,182.4267077
16557,85.19348145,-154.7456512,1029.452515,182.423191
16558,81.08860016,-155.9683685,1036.792358,182.4168421
16559,77.04364777,-157.1293945,1043.925781,182.4113256
16560,76.36460114,-145.6731873,1043.215576,182.4167578
16561,61.35042953,-113.0941925,1060.832397,182.4122019
16562,53.57750702,-114.1873627,1072.640503,182.4062282
16563,57.35974884,-113.6711655,1066.867798,182.4089302
16564,49.96585083,-114.6391602,1078.11145,182.403984
16565,46.4881897,-115.0228958,1083.289062,182.4021742
16566,43.12082672,-115.3349991,1088.198853,182.4007318
16567,39.84024429,-115.5718231,1092.865845,182.3996057
16568,38.76774979,-103.4867325,1092.083008,182.4000026
16569,35.55115509,-103.6289749,1096.527588,182.3991465
16570,34.59345627,-91.51995087,1095.818481,182.3984323
16571,33.75032043,-79.40377045,1095.188354,182.3965973
16572,33.02227783,-67.28148651,1094.637085,182.3936554
16573,29.88570404,-67.32961273,1098.911865,182.3930557
16574,26.20747185,-55.19470596,1102.605957,182.3885939
16575,20.18597221,-6.599604607,1108.113647,182.3620738
16576,20.32854652,-18.15691566,1108.214966,182.3697142
16577,20.59214783,-30.62325668,1108.402344,182.3770219
16578,20.34067535,-18.73209953,1108.223633,182.3700739
16579,20.59930038,-30.86218262,1108.407471,182.3771522
16580,20.96562958,-43.08414459,1108.667969,182.3832951
16581,20.96270943,-42.98841858,1108.665894,182.3832511
16582,108.5865402,-136.6104279,985.4169312,182.4850883
16583,111.0890732,-130.6279907,981.1085205,182.4956826
16584,129.2931061,-141.4208374,922.9404907,182.6087582
16585,129.4588928,-137.3975525,927.727356,182.6024548
16586,126.4577179,-146.9389954,927.3369141,182.5877621
16587,128.011673,-142.1981354,927.5438232,182.5954276
16588,95.84715271,-207.6418304,969.5407104,182.413596
16589,97.30672455,-205.3479309,970.1044922,182.4176681
16590,100.2687759,-200.4601898,961.342041,182.4327586
16591,101.5523605,-198.1910248,961.7618408,182.4369253
16592,117.9635162,-163.5145111,940.5695801,182.5293199
16593,103.8058319,-193.6313019,962.4225464,182.4449875
16594,102.7305374,-195.913147,962.1216431,182.441
16595,104.7813263,-191.349411,962.6664429,182.4488929
16596,107.4675293,-186.7960815,953.5048828,182.4665408
16597,108.3476486,-184.5743713,953.6610718,182.4706673
16598,109.230484,-183.4693756,948.9614258,182.4783115
16599,110.9045715,-179.0658417,949.2012939,182.4865273
16600,111.8427429,-178.0113831,944.5074463,182.4948441
16601,113.5518188,-173.5707855,944.7565918,182.5032718
16602,115.2036133,-169.046814,944.9928589,182.511515
16603,116.7916565,-164.4439545,945.2110596,182.5195322
16604,123.6113815,-152.4607391,931.7416992,182.5674927
16605,125.194664,-147.7518921,931.9532471,182.5753832
16606,119.565094,-158.874649,940.788147,182.5373716
16607,122.3726501,-153.3107452,936.3685913,182.5560055
16608,121.0851288,-154.1647797,940.9833374,182.5450802
16609,92.62007141,-212.6542511,977.9906006,182.4001469
16610,90.95405579,-214.9363708,977.2633667,182.3961395
16611,69.84012604,-236.3072815,977.0184326,182.3495509
16612,71.93952179,-234.8676453,978.0264893,182.3533988
16613,74.01418304,-233.3383331,979.0195312,182.3572463
16614,76.06127167,-231.7154694,979.996521,182.3610968
16615,78.07665253,-229.9966431,980.9555664,182.3649513
16616,80.05555725,-228.1811676,981.8944092,182.3688088
16617,81.99163818,-226.2694092,982.8099976,182.3726661
16618,83.87919617,-224.2634888,983.699585,182.3765192
16619,85.71317291,-222.1668243,984.560791,182.3803639
16620,87.48843384,-219.9838257,985.3911743,182.3841946
16621,63.8216095,-241.9302979,983.1627808,182.3370631
16622,65.97652435,-240.672821,984.265564,182.3407191
16623,57.5918808,-247.0876923,988.8701782,182.3257763
16624,59.81379318,-246.0408936,990.0742188,182.3292793
16625,51.20688248,-251.895752,994.1713867,182.315444
16626,38.19482803,-260.891571,1003.687378,182.2969617
16627,17.73240662,-270.0185547,999.0996094,182.2674884
16628,25.05129051,-269.1306152,1011.914001,182.2807514
16629,8.413815498,-273.1385498,993.1752319,182.2525378
16630,-0.938868463,-276.1280823,987.2365723,182.2370967
16631,-10.31582642,-278.9851074,981.2872925,182.2212842
16632,-75.33468628,-313.5770874,1038.813843,182.1817686
16633,-74.44550323,-313.6165161,1035.078979,182.1800932
16634,-70.44261169,-312.6450195,1030.925659,182.1812649
16635,-64.09049988,-310.5128479,1028.577759,182.1861853
16636,-62.47738647,-309.7607422,1022.763489,182.1840495
16637,-18.45132446,-294.1509094,1048.603516,182.2454662
16638,-37.30029297,-300.5471191,1034.539185,182.2180736
16639,-56.14525604,-307.1031494,1020.485168,182.189288
16640,8.381896973,-280.6117249,1032.015503,182.2670714
16641,23.86918068,-277.8427734,1058.455444,182.2920637
16642,25.4373188,-276.1803894,1052.030518,182.2917601
16643,5.075716972,-283.9873047,1044.622559,182.2682682
16644,3.498220444,-285.4562988,1050.752686,182.2690776
16645,1.953178763,-286.7680664,1056.771118,182.2700494
16646,0.4277021289,-287.9140015,1062.683228,182.2711651
16647,-14.17445278,-283.6913757,993.5690918,182.2225342
16648,-4.820039749,-280.7333069,999.8753052,182.2375852
16649,2.633431673,-279.8201599,1012.601501,182.2524254
16650,10.13707542,-278.722229,1025.571533,182.2667076
16651,11.95889091,-276.7095947,1019.052734,182.2664391
16652,4.519724846,-277.6966248,1006.174927,182.2523008
16653,-12.25726891,-281.3905029,987.4381104,182.2218682
16654,130.7960968,-132.5415497,927.8882446,182.6089764
16655,132.0206451,-127.63414,928.0270996,182.6147999
16656,133.1306305,-122.679306,928.1449585,182.6199254
16657,129.9407196,-124.009491,937.1891479,182.5936517
16658,126.5417557,-125.3440399,946.1799927,182.5698283
16659,119.1562653,-128.0066223,963.8965454,182.5288517
16660,122.9427719,-126.6780472,955.0906372,182.54828
16661,115.1983948,-129.3248901,972.5754395,182.5113749
16662,107.613945,-147.1803894,985.5921021,182.4770043
16663,105.657753,-147.9122314,989.8110962,182.4705243
16664,72.23081207,-146.6669006,1050.073975,182.4117771
16665,71.40296173,-135.0638885,1049.346313,182.4159404
16666,66.35766602,-124.1925354,1055.213135,182.4144063
16667,104.6034012,-158.3919678,989.9827881,182.4613421
16668,102.7584,-159.186615,994.2004395,182.4554993
16669,100.8887558,-159.9736481,998.3733521,182.4499886
16670,98.99743652,-160.7522583,1002.500427,182.4447956
16671,97.08791351,-161.5215912,1006.580566,182.4399064
16672,95.16357422,-162.280838,1010.61322,182.435307
16673,93.22761536,-163.029129,1014.59729,182.4309841
16674,91.28358459,-163.7656403,1018.532776,182.4269245
16675,89.33474731,-164.4895325,1022.418762,182.4231157
16676,87.384758,-165.1999664,1026.254883,182.4195462
16677,85.43663788,-165.8960876,1030.040527,182.4162056
16678,81.55923462,-167.2420807,1037.45874,182.4101218
16679,77.72701263,-168.5207825,1044.667725,182.4048674
16680,73.08187866,-158.2228241,1050.846436,182.4065307
16681,62.26342392,-124.8974075,1061.528687,182.4105604
16682,51.07610703,-126.6139755,1078.909546,182.402436
16683,54.63611603,-126.1122055,1073.407104,182.4046407
16684,58.35279083,-125.5386429,1067.600342,182.4073259
16685,47.6366806,-127.0398331,1084.114624,182.4006502
16686,44.29429245,-127.385704,1089.046265,182.3992259
16687,41.02587128,-127.6474609,1093.727783,182.3981157
16688,37.80766678,-127.8209991,1098.183228,182.3972815
16689,36.62278748,-115.7297211,1097.315796,182.3987556
16690,33.44493484,-115.8051071,1101.573853,182.3981496
16691,32.38555145,-103.6981049,1100.790405,182.398531
16692,31.43879128,-91.58244324,1100.085693,182.3978138
16693,30.60531044,-79.45926666,1099.459473,182.3959852
16694,27.50548172,-79.45709991,1103.597046,182.3955785
16695,26.80077553,-67.32892609,1103.062744,182.392647
16696,23.74243164,-67.27745819,1107.121704,182.3924281
16697,21.44890404,-55.53892136,1109.011597,182.3884825
16698,21.43215561,-55.10958862,1108.999634,182.3883226
16699,110.1190414,-141.2087097,981.2677612,182.4880743
16700,110.6359024,-135.936264,981.1931763,182.4921306
16701,128.0614014,-138.1486816,932.3064575,182.5896531
16702,127.8271332,-133.986969,937.0007935,182.5833088
16703,126.6792984,-142.9797516,932.1413574,182.5827811
16704,94.16177368,-210.3322296,978.6467285,182.4040589
16705,95.57643127,-207.9807281,979.2286987,182.4078749
16706,98.64845276,-203.0333862,970.6004028,182.4216435
16707,99.87434387,-200.7048798,971.0288086,182.4255267
16708,118.3089523,-159.7673035,945.4080811,182.527275
16709,101.98983,-196.0283966,971.6878052,182.4330374
16710,100.9872513,-198.3681183,971.3908691,182.4293231
16711,102.8855667,-193.6901398,971.921875,182.4366745
16712,105.660347,-189.0709839,962.8553467,182.4527209
16713,106.4463196,-186.7988281,962.9914551,182.4565419
16714,107.4193954,-185.6846619,958.3388062,182.463466
16715,108.8913956,-181.1899261,958.52771,182.4710676
16716,109.9205551,-180.1257935,953.8757324,182.4786158
16717,111.4335861,-175.6002502,954.0756226,182.4863694
16718,112.5155945,-174.5833282,949.4261475,182.4946066
16719,114.0739288,-170.0189209,949.6390381,182.5025198
16720,115.5729523,-165.3770752,949.8344727,182.5102299
16721,117.0058823,-160.6628571,950.0096436,182.5176824
16722,123.8815994,-148.5689697,936.5605469,182.5636027
16723,125.2963181,-143.7648315,936.7294922,182.5707354
16724,119.7492752,-155.0219269,945.5823975,182.5346957
16725,122.5191574,-149.3893433,941.1552734,182.5523985
16726,121.1079025,-150.212204,945.7340698,182.5417473
16727,90.83210754,-215.3850403,986.9425049,182.3917789
16728,89.20090485,-217.7194214,986.1888428,182.3880064
16729,68.1053009,-239.3255005,985.3512573,182.344363
16730,70.20797729,-237.8854218,986.4200439,182.3480009
16731,72.28314209,-236.3490906,987.4713745,182.3516377
16732,74.32761383,-234.712738,988.5037842,182.355277
16733,76.33664703,-232.9742737,989.5148926,182.3589194
16734,78.30496979,-231.1332703,990.5021362,182.362564
16735,80.22635651,-229.1905518,991.4623413,182.3662083
16736,82.09424591,-227.1486053,992.3921509,182.3698483
16737,83.90381622,-225.0114136,993.2892456,182.3734801
16738,85.64966583,-222.7838745,994.1509399,182.3770987
16739,62.00479889,-244.8904572,991.2593384,182.3327678
16740,64.1672287,-243.6458282,992.425293,182.3362407
16741,55.70646667,-249.9494629,996.7275391,182.3222403
16742,57.93901825,-248.9303436,997.9958496,182.3255567
16743,47.33007431,-257.3155212,1009.317505,182.310196
16744,34.29346848,-265.8136597,1017.993835,182.2939653
16745,15.76813507,-272.3492126,1005.814209,182.2668725
16746,6.450751305,-275.4666443,999.6993408,182.252341
16747,13.83929825,-274.582428,1012.465698,182.2665306
16748,23.13303375,-271.3922729,1018.745178,182.2800603
16749,-2.89361763,-278.480957,993.572998,182.2372915
16750,-73.07905579,-312.8276062,1040.455688,182.1851294
16751,-72.07053375,-312.8494873,1036.817505,182.183637
16752,-65.70582581,-311.0119629,1034.417603,182.1884111
16753,-59.36222458,-308.8569641,1032.084351,182.1933596
16754,-57.75596619,-308.0957031,1026.277222,182.1912801
16755,-1.09114337,-288.8855896,1068.494751,182.2724104
16756,-20.00074768,-295.1300049,1054.408325,182.2470376
16757,-38.88038254,-301.5332031,1040.337524,182.2198469
16758,27.06694031,-274.3679199,1045.449951,182.2916384
16759,33.277565,-274.7950745,1065.378662,182.3028639
16760,34.80922699,-273.0911865,1058.859619,182.3027605
16761,22.34357071,-279.3452148,1064.719482,182.2925607
16762,36.40111542,-271.228241,1052.162476,182.3028877
16763,20.84546661,-280.6779175,1070.828979,182.2932269
16764,19.35982132,-281.8309937,1076.789673,182.2940461
16765,17.87161255,-282.7946472,1082.608032,182.2950047
16766,21.26639557,-273.5464172,1025.495972,182.279599
16767,28.7735405,-272.4151917,1038.745117,182.2917451
16768,30.55265045,-270.3320007,1031.928467,182.2921427
16769,128.9371185,-129.021286,937.1047974,182.5888022
16770,125.6464996,-130.4139862,946.1292725,182.5652598
16771,122.1572418,-131.8069916,955.0736084,182.5439796
16772,114.6345978,-134.5733032,972.6262207,182.5075939
16773,118.4814529,-133.1951904,963.9133301,182.5248178
16774,109.5401611,-146.4426575,981.3309326,182.4838051
16775,108.9017639,-151.6352844,981.3815308,182.4790356
16776,106.4206009,-157.5905609,985.7216187,182.4675308
16777,68.21715546,-147.593689,1056.712158,182.4074995
16778,69.22411346,-159.2427521,1057.543701,182.4024117
16779,67.25691986,-135.9068146,1055.933594,182.4115248
16780,103.3717041,-168.6933136,990.1062622,182.451062
16781,105.7495728,-162.7277832,985.7668457,182.4622857
16782,101.6804504,-169.564621,994.3712769,182.4455175
16783,99.96297455,-170.4282227,998.5917358,182.4402916
16784,98.22216034,-171.2831116,1002.766357,182.4353692
16785,96.46117401,-172.1283569,1006.894226,182.4307359
16786,94.6831665,-172.9629974,1010.974304,182.4263784
16787,92.89118195,-173.7860565,1015.005798,182.4222837
16788,91.08843994,-174.5965729,1018.988281,182.4184393
16789,89.27803802,-175.3935547,1022.921082,182.4148335
16790,87.46310425,-176.1760712,1026.803467,182.4114554
16791,83.83210754,-177.6938324,1034.414917,182.4053243
16792,85.64688873,-176.9431458,1030.63501,182.4082945
16793,78.42536926,-179.8376923,1045.43811,182.3975358
16794,82.02185822,-178.427124,1038.1427,182.402558
16795,73.96128082,-169.7254333,1051.660522,182.4003105
16796,63.26430511,-136.6840973,1062.291382,182.407761
16797,48.89365387,-139.0451965,1085.01709,182.3980523
16798,52.2912674,-138.5763702,1079.782471,182.3998019
16799,55.79500961,-138.0234833,1074.246216,182.4019614
16800,59.44045639,-137.3912048,1068.402588,182.4045935
16801,45.57886124,-139.425415,1089.971924,182.396658
16802,42.32388306,-139.7123871,1094.668823,182.3955742
16803,39.10502243,-139.9014893,1099.129883,182.3947649
16804,35.89936447,-139.9881592,1103.376831,182.3942014
16805,34.61640549,-127.9022217,1102.435913,182.3966928
16806,31.42892647,-127.8870239,1106.509277,182.3963263
16807,30.28320694,-115.7943268,1105.664917,182.3977634
16808,29.24712944,-103.6909485,1104.898071,182.3981314
16809,28.32102203,-91.57814026,1104.208862,182.3974075
16810,25.21582794,-91.5043335,1108.216675,182.3971949
16811,24.42591858,-79.39495087,1107.631348,182.3953608
16812,22.04182243,-67.98553467,1109.433228,182.3925762
16813,22.00546265,-67.22444153,1109.407349,182.392369
16814,111.4337082,-145.6997833,977.02948,182.4910577
16815,113.2916489,-144.9524384,972.6895142,182.4986968
16816,113.9982605,-139.7834778,972.6646118,182.5033578
16817,126.6126862,-138.902771,936.8759766,182.5773455
16818,124.6531219,-135.4394226,946.0604248,182.5601095
16819,92.33238983,-213.008255,987.6191406,182.3954613
16820,93.69864655,-210.6001892,988.2155151,182.3990531
16821,96.86585999,-205.6075592,979.7365723,182.4115994
16822,98.03225708,-203.2200623,980.1707764,182.4152371
16823,118.3659058,-155.8812714,950.1624756,182.5248318
16824,100.0079727,-198.426651,980.8236084,182.4222719
16825,99.07859039,-200.8244781,980.5325928,182.4187931
16826,100.8239365,-196.0314941,981.0460205,182.4256783
16827,103.6778946,-191.3573151,972.0950317,182.4402395
16828,104.3704376,-189.0332031,972.2096558,182.443796
16829,105.4297028,-187.9154663,967.6160278,182.4500381
16830,106.7012177,-183.3255463,967.7514648,182.4571005
16831,107.8178787,-182.2569427,963.1538696,182.4638986
16832,110.3066483,-176.6203918,958.7019653,182.4785479
16833,112.8984909,-170.9944611,954.2645264,182.4939621
16834,114.3083496,-166.3128204,954.4367065,182.501394
16835,115.6564026,-161.560318,954.5892944,182.5085742
16836,116.9359589,-156.7419586,954.7203979,182.5154674
16837,123.8631287,-144.5526733,941.3047485,182.5592817
16838,125.1130676,-139.6590424,941.432373,182.565702
16839,119.6485672,-151.0366974,950.293396,182.5316319
16840,122.3806686,-145.3424225,945.8637085,182.5483825
16841,120.8497849,-146.1333008,950.4030762,182.5380367
16842,88.91915894,-218.0861511,995.7504272,182.3842634
16843,87.3276825,-220.4714966,994.9751587,182.3806995
16844,66.30104065,-242.3040771,993.5719604,182.3397021
16845,68.40598297,-240.8625031,994.6992798,182.3431571
16846,70.48022461,-239.3178711,995.8064575,182.3466101
16847,72.5196228,-237.6667175,996.8911743,182.3500639
16848,74.51947784,-235.9073181,997.9511108,182.3535198
16849,76.47409821,-234.0397491,998.9831543,182.3569769
16850,78.37682343,-232.0652618,999.9838257,182.3604328
16851,80.22096252,-229.986908,1000.949646,182.363884
16852,82.00144196,-227.8092499,1001.877808,182.3673269
16853,83.71302032,-225.5376892,1002.765747,182.3707572
16854,60.13929367,-247.8001251,999.2438965,182.328918
16855,62.30893326,-246.5677948,1000.470886,182.3322496
16856,51.86843109,-255.4755554,1012.115112,182.3164933
16857,54.12253189,-254.5112457,1013.505005,182.3195697
16858,58.24485016,-250.6473694,1007.114868,182.325685
16859,43.48900223,-262.4019165,1024.047607,182.3064016
16860,32.39604187,-268.1282349,1025.009277,182.292913
16861,-63.59939957,-309.6776123,1047.355469,182.199232
16862,-62.59328842,-309.6439209,1043.752563,182.1977893
16863,-60.97198105,-309.3765259,1037.908569,182.195527
16864,-42.04322815,-302.9006958,1051.876221,182.2236897
16865,-40.45822144,-302.3206787,1046.115479,182.2217193
16866,16.36599922,-283.559021,1088.289917,182.2960918
16867,-2.61605382,-289.6743164,1074.210938,182.2737748
16868,-21.55054283,-295.9265747,1060.156128,182.2486999
16869,38.07088089,-269.2170105,1045.320068,182.3032868
16870,37.9850502,-273.276947,1068.842651,182.3079636
16871,39.49591064,-271.547821,1062.274658,182.3079671
16872,31.78491592,-276.3291016,1071.714111,182.3031671
16873,41.06580734,-269.6542053,1055.517212,182.3082115
16874,42.71363449,-267.6075134,1048.60376,182.3087418
16875,30.31506538,-277.6824341,1077.87207,182.3036473
16876,28.85192108,-278.8442383,1083.858765,182.3042839
16877,27.37908936,-279.803772,1089.680786,182.3050599
16878,39.81449509,-267.0683594,1038.346802,182.3039889
16879,41.62397385,-264.7930298,1031.253418,182.3050253
16880,121.2821808,-136.8933258,955.0402832,182.5391415
16881,117.7255478,-138.3431854,963.9157104,182.5202945
16882,108.2071609,-156.7832642,981.418457,182.4740373
16883,110.7271576,-150.8584442,977.0596924,182.4861486
16884,64.34147644,-148.4483185,1063.117554,182.4038567
16885,65.48645782,-160.1833038,1064.004272,182.398928
16886,66.7012558,-171.8857422,1064.949951,182.3930709
16887,70.28114319,-170.84935,1058.425781,182.3963992
16888,105.0341034,-167.8152313,985.7979736,182.456893
16889,101.9959106,-178.7889404,990.1790161,182.4399095
16890,104.2782898,-172.8494263,985.8146362,182.4512032
16891,107.4602814,-161.8831177,981.440918,182.4686891
16892,100.4728928,-179.7452698,994.496521,182.434689
16893,98.92179871,-180.6938782,998.7696533,182.4297687
16894,97.34549713,-181.6336517,1002.997253,182.4251329
16895,95.7467804,-182.5634766,1007.178162,182.4207688
16896,94.1284256,-183.4822845,1011.311279,182.4166631
16897,92.4934082,-184.3888855,1015.395874,182.4128047
16898,90.84450531,-185.282196,1019.431091,182.4091814
16899,89.18469238,-186.1611023,1023.416382,182.4057827
16900,87.51689911,-187.0244751,1027.350952,182.4025972
16901,84.16822052,-188.7001953,1035.064819,182.3968264
16902,85.84388733,-187.8712158,1031.233887,182.399615
16903,79.15216064,-191.0693054,1046.235474,182.3895173
16904,80.81996155,-190.3003387,1042.566528,182.3917814
16905,74.87696075,-181.1671448,1052.513306,182.3932222
16906,77.49131012,-191.8160248,1049.848511,182.3874016
16907,82.49291229,-189.5102844,1038.842651,182.3942238
16908,50.26909256,-151.0420074,1085.998779,182.3944345
16909,46.98696136,-151.4582977,1090.978882,182.3930818
16910,53.61741257,-150.5276947,1080.731934,182.3961343
16911,57.05537796,-149.920517,1075.158081,182.3982323
16912,60.61800766,-149.2256775,1069.273315,182.4007873
16913,43.74801636,-151.7713623,1095.692261,182.3920342
16914,40.52873993,-151.9760132,1100.159058,182.3912583
16915,37.30588531,-152.0670624,1104.399414,182.3907277
16916,34.05659866,-152.0393219,1108.433228,182.3904222
16917,32.68360519,-139.9677429,1107.431274,182.3938619
16918,29.43446732,-139.8356476,1111.315674,182.3937304
16919,28.22160149,-127.7713013,1110.427368,182.396165
16920,27.1139679,-115.6937485,1109.614746,182.3975794
16921,26.11201477,-103.604332,1108.877808,182.3979298
16922,23.45972633,-91.43067932,1110.441895,182.3971506
16923,23.43165207,-91.0458374,1110.421875,182.3971032
16924,22.74438095,-80.4234314,1109.932983,182.395497
16925,22.68269157,-79.33177185,1109.889038,182.3953033
16926,116.8906631,-143.4474945,963.9025269,182.5153176
16927,112.5167236,-150.0772247,972.6994019,182.4936211
16928,123.5636978,-140.4167633,945.97229,182.5545447
16929,90.3735733,-215.6559143,996.4429321,182.387742
16930,91.68824005,-213.1924744,997.0497437,182.3911353
16931,94.93320465,-208.1692505,988.7319946,182.4025593
16932,96.03833771,-205.7233734,989.1691284,182.4059847
16933,118.1423569,-151.8619843,954.8302002,182.52203
16934,97.87287903,-200.8135834,989.8111572,182.4126144
16935,97.01716614,-203.2693634,989.5282593,182.4093347
16936,98.60929108,-198.3614197,990.0201416,182.4158291
16937,101.5300369,-193.6434784,981.2019653,182.4290162
16938,103.27005,-190.1506042,976.7697754,182.4379458
16939,102.1302567,-191.2662811,981.2939453,182.4323433
16940,105.542717,-184.3944397,972.317627,182.4506477
16941,104.3438568,-185.4622955,976.8498535,182.4445391
16942,107.9221039,-178.6653748,967.8728638,182.4640645
16943,109.1357422,-177.6424866,963.302002,182.471119
16944,111.6780853,-171.9723511,958.8661499,182.4858753
16945,112.9988098,-167.2501678,959.0145874,182.493015
16946,114.2618332,-162.458725,959.144104,182.4999306
16947,115.4606857,-157.6030273,959.2529907,182.5065822
16948,116.5905533,-152.6872253,959.3414307,182.5129183
16949,119.2715683,-146.9245148,954.9196167,182.5282183
16950,121.9654007,-141.1752167,950.4923096,182.5440139
16951,120.3194199,-141.9336395,954.9893188,182.5339339
16952,86.89784241,-220.7433777,1004.402771,182.3775486
16953,85.35140228,-223.1782837,1003.611328,182.3741704
16954,64.44721985,-245.2305298,1001.676208,182.3355585
16955,66.5532608,-243.7860413,1002.859497,182.3388551
16956,68.62472534,-242.2315369,1004.019409,182.3421463
16957,70.65692139,-240.5639648,1005.153198,182.3454362
16958,72.64482117,-238.7821045,1006.258118,182.3487265
16959,74.58215332,-236.886673,1007.33075,182.3520167
16960,76.46214294,-234.8794861,1008.36731,182.3553048
16961,78.27814484,-232.7641907,1009.364014,182.3585876
16962,80.0248642,-230.5459747,1010.318176,182.361862
16963,81.69695282,-228.2308807,1011.226868,182.3651238
16964,60.4214592,-249.4264679,1008.400452,182.3288198
16965,48.06780243,-260.6624451,1027.062744,182.3123198
16966,50.34428406,-259.7504578,1028.562012,182.3152118
16967,54.44829941,-256.1069946,1022.512207,182.3202639
16968,56.34155273,-253.4203186,1014.871338,182.3226636
16969,-60.77722168,-308.7398376,1049.409668,182.2033847
16970,-43.64504623,-303.2644958,1057.623657,182.2257592
16971,-24.69547653,-296.9395142,1071.498413,182.2523016
16972,-23.11179543,-296.5325012,1065.851196,182.2504542
16973,25.88042068,-280.5501099,1095.343994,182.3059604
16974,14.82816982,-284.1142883,1093.841431,182.2972995
16975,-4.159918308,-290.2715454,1079.836914,182.2752495
16976,44.43552399,-265.4190369,1041.549683,182.3095866
16977,40.33168411,-272.4847107,1070.569214,182.3104392
16978,41.83142853,-270.7411804,1063.97644,182.3104979
16979,36.51078796,-274.8302307,1075.214966,182.308165
16980,43.38934326,-268.8305359,1057.188232,182.3108013
16981,45.02522278,-266.7644958,1050.23877,182.311396
16982,46.73525238,-264.5546875,1043.143677,182.312311
16983,35.0565834,-276.1962585,1081.398193,182.3085461
16984,33.60527039,-277.3636475,1087.398438,182.3090821
16985,32.14009857,-278.3210449,1093.22229,182.3097571
16986,46.22360611,-263.1002502,1034.366455,182.3107739
16987,109.9603119,-155.970871,977.0751343,182.4809629
16988,61.88204193,-161.0386047,1070.211304,182.3959843
16989,63.23321915,-172.8278961,1071.21582,182.3902571
16990,67.98925781,-183.551651,1065.953491,182.3863854
16991,64.67282104,-184.5912323,1072.286255,182.3837145
16992,71.39395905,-182.4076996,1059.356445,182.3895461
16993,106.6648331,-166.931366,981.4480591,182.463097
16994,100.5230484,-188.6468353,990.2199097,182.4281262
16995,101.8319931,-187.589798,985.8030396,182.4333156
16996,103.4883804,-177.826004,985.8186646,182.4454007
16997,105.8253555,-171.9243469,981.4395752,182.4572579
16998,109.1370239,-161.0334778,977.0749512,182.4754534
16999,99.1815567,-189.6976624,994.5944214,182.4232721
17000,97.80984497,-190.7409821,998.9250488,182.4186466
17001,96.41044617,-191.7754974,1003.210449,182.4143214
17002,94.98580933,-192.7999115,1007.44928,182.410209
17003,93.53857422,-193.8129425,1011.64032,182.4063723
17004,92.07138062,-194.8132629,1015.782715,182.4027342
17005,90.58695221,-195.7995911,1019.875671,182.3993445
17006,89.0878067,-196.7706299,1023.918396,182.3961386
17007,87.57668304,-197.7250671,1027.909668,182.393156
17008,84.52841187,-199.578949,1035.735596,182.3877303
17009,86.05607605,-198.6616058,1031.848999,182.3903432
17010,81.46157074,-201.3508148,1043.346191,182.3829967
17011,79.9267807,-202.2027283,1047.067871,182.3808648
17012,82.99624634,-200.475769,1039.568359,182.3852736
17013,75.83933258,-192.5393829,1053.403809,182.3854435
17014,72.56987,-193.9115143,1060.334961,182.381955
17015,78.39333344,-203.0302429,1050.732422,182.3788951
17016,48.52783203,-163.4893646,1092.070557,182.388561
17017,51.77026367,-163.0339966,1087.062378,182.3898615
17018,45.30858231,-163.8300934,1096.80188,182.3875592
17019,55.05924988,-162.4698181,1081.759399,182.3914992
17020,58.41811752,-161.8027191,1076.143066,182.3935218
17021,42.08885956,-164.0502167,1101.27478,182.3868251
17022,38.84538269,-164.1438904,1105.507446,182.3863353
17023,35.5547905,-164.1052246,1109.5177,182.3860715
17024,32.19338608,-163.9283295,1113.324097,182.3860227
17025,30.7572422,-151.8876343,1112.280762,182.3903275
17026,27.77236176,-141.2363739,1113.512695,182.393331
17027,27.62010193,-139.7119598,1113.404175,182.3937287
17028,26.47506523,-128.246933,1112.588623,182.3960519
17029,26.42186928,-127.6615219,1112.550781,182.3961495
17030,25.40885735,-116.5238647,1111.829346,182.3974658
17031,25.33271408,-115.596489,1111.775146,182.3975478
17032,24.3407135,-103.5072174,1111.068848,182.3978983
17033,115.9790115,-148.5048828,963.8722534,182.5100161
17034,117.6474304,-147.7153168,959.4102783,182.5189038
17035,114.9945831,-153.5115814,963.8242188,182.504284
17036,111.6774292,-155.1542206,972.6935425,182.4882937
17037,113.3562851,-154.334198,968.2757568,182.4960916
17038,88.30227661,-218.2611694,1005.106323,182.380847
17039,89.56190491,-215.743866,1005.719177,182.3840654
17040,92.86540222,-210.7049103,997.571228,182.3944478
17041,93.90753174,-208.2015991,998.0081177,182.3976842
17042,95.59973145,-203.1767578,998.6345825,182.4039475
17043,94.81787109,-205.6899567,998.3619995,182.4008492
17044,96.25699615,-200.6678467,998.8283691,182.4069837
17045,99.2300415,-195.9178009,990.1574707,182.4189841
17046,100.9527054,-192.3788147,985.7800293,182.4270945
17047,99.73939514,-193.4868317,990.2258911,182.4220708
17048,103.1064072,-186.5278473,981.3457642,182.4387542
17049,106.6670685,-179.6878357,972.4118042,182.4573764
17050,105.3722763,-180.7086945,976.9163208,182.4510391
17051,110.4138412,-172.9514313,963.440979,182.4782009
17052,109.1070709,-173.9306335,967.9860229,182.4708948
17053,111.6454239,-168.1880493,963.5650635,182.4850709
17054,112.8234787,-163.3571625,963.6711426,182.491725
17055,113.9413681,-158.4636383,963.7574463,182.4981557
17056,84.78656006,-223.3425598,1012.889954,182.3715816
17057,83.29027557,-225.825531,1012.088074,182.3683691
17058,62.56368256,-248.092392,1009.661926,182.3319565
17059,64.66972351,-246.64328,1010.898132,182.3350933
17060,66.73648071,-245.0769806,1012.107117,182.3382306
17061,68.75914001,-243.391037,1013.286255,182.3413694
17062,70.73187256,-241.5849457,1014.431824,182.3445093
17063,72.64849091,-239.6600952,1015.540344,182.3476492
17064,74.50171661,-237.6190643,1016.607788,182.3507864
17065,76.28494263,-235.4661713,1017.630127,182.353918
17066,77.99294281,-233.2072906,1018.604614,182.357041
17067,79.62020874,-230.8491211,1019.528015,182.3601513
17068,58.52487183,-252.2096405,1016.212585,182.3257253
17069,52.58249664,-258.6955261,1030.034912,182.3180779
17070,48.51165009,-262.2127991,1035.915283,182.3135748
17071,56.63814545,-254.9051056,1023.905884,182.3231649
17072,-44.6377449,-303.3869019,1061.144409,182.2270713
17073,-25.67700195,-297.0982666,1074.930664,182.2534778
17074,-6.716540337,-290.8096619,1088.716553,182.2778561
17075,-5.735507488,-290.6688538,1085.378784,182.276829
17076,30.64411354,-279.0570068,1098.875732,182.3105523
17077,24.33978844,-281.0725098,1100.854736,182.3069732
17078,13.24283504,-284.4506226,1099.268677,182.298624
17079,42.62789536,-271.4962769,1072.258911,182.3128807
17080,44.11875534,-269.7474976,1065.643188,182.3129981
17081,38.86758804,-274.0496216,1076.960693,182.3105879
17082,45.66701508,-267.828949,1058.82605,182.3133633
17083,47.29297256,-265.7525635,1051.842285,182.3140242
17084,48.99316406,-263.5302429,1044.70813,182.3150108
17085,50.75972748,-261.1739197,1037.435913,182.3163522
17086,37.42172623,-275.4241028,1083.156982,182.3109176
17087,35.97718048,-276.5965576,1089.164551,182.3113992
17088,34.5163269,-277.5553284,1094.989746,182.312022
17089,59.88287354,-173.6690979,1077.201172,182.3879061
17090,61.44913483,-185.5187073,1078.332642,182.3814837
17091,69.35494232,-195.1767273,1067.01416,182.378975
17092,66.2026062,-196.3260956,1073.422485,182.3764577
17093,63.11600876,-197.3506622,1079.537109,182.3743567
17094,108.2613373,-166.0426483,977.0582886,182.4696753
17095,100.145546,-191.0708008,990.2304688,182.4250711
17096,104.0395737,-181.7267151,981.3840942,182.4450256
17097,104.9480362,-176.857605,981.4172974,182.4512481
17098,107.337677,-170.9946289,977.0249023,182.4636501
17099,110.7776413,-160.1797485,972.6708984,182.482606
17100,97.52624512,-193.2154846,998.965332,182.4157578
17101,94.79325104,-195.3251495,1007.519592,182.4074612
17102,91.96671295,-197.3889465,1015.883179,182.4001105
17103,89.0670929,-199.3960724,1024.048584,182.393623
17104,86.11508942,-201.3357239,1032.008667,182.3879217
17105,83.13017273,-203.197113,1039.756592,182.3829348
17106,80.13024139,-204.9693756,1047.283691,182.3785997
17107,76.86319733,-203.832016,1054.338013,182.3770598
17108,73.8192749,-205.353241,1061.365601,182.3737604
17109,70.80432129,-206.7559662,1068.134399,182.3709596
17110,47.00260925,-175.8898926,1097.999756,182.3822262
17111,50.19884872,-175.5197449,1093.248657,182.3831727
17112,53.39502716,-175.0217438,1088.209106,182.3844103
17113,43.78255463,-176.1254578,1102.479004,182.3815421
17114,56.61522675,-174.4026184,1082.865479,182.3859736
17115,40.51485062,-176.2197113,1106.702393,182.3811033
17116,38.85584641,-176.211731,1108.723267,182.3809711
17117,37.17588806,-176.1659088,1110.686035,182.3808935
17118,35.47211838,-176.0814056,1112.593018,182.3808706
17119,30.32138443,-163.7708588,1115.325195,182.3860746
17120,30.38775253,-164.3349304,1115.372314,182.3858532
17121,31.98140335,-175.792984,1116.247437,182.3809832
17122,33.74161911,-175.9573669,1114.446045,182.3809003
17123,29.0317173,-152.7991791,1114.408813,182.3900009
17124,28.91727638,-151.7488556,1114.327393,182.3903483
17125,112.3798141,-159.3228302,968.230957,182.4901707
17126,86.13654327,-220.8100281,1013.599365,182.3747197
17127,87.33781433,-218.2405396,1014.213928,182.3777834
17128,90.67904663,-213.2010345,1006.241943,182.3872083
17129,91.65653229,-210.6416168,1006.675354,182.3902799
17130,93.20562744,-205.5036926,1007.281433,182.3962278
17131,92.49758148,-208.07341,1007.021179,182.393285
17132,93.78465271,-202.9387512,1007.458313,182.399113
17133,96.79373169,-198.1686554,998.9459229,182.4099621
17134,97.21395111,-195.6836395,998.9897461,182.4128859
17135,107.759407,-174.9087982,972.4987793,182.4639783
17136,106.3723221,-175.8848419,976.9765625,182.4574326
17137,110.2495728,-169.1254425,968.0852661,182.4775425
17138,111.3426895,-164.2545776,968.1675415,182.4839791
17139,82.60386658,-225.8694763,1021.205078,182.3663091
17140,81.16316223,-228.39888,1020.398743,182.3632457
17141,60.67024994,-250.8770599,1017.526855,182.3287624
17142,62.77497864,-249.4213715,1018.812561,182.3317857
17143,64.83542633,-247.8410645,1020.066956,182.3348018
17144,66.8460083,-246.1345215,1021.286987,182.3378144
17145,68.80062103,-244.3021088,1022.468567,182.3408249
17146,70.69261932,-242.3460999,1023.607971,182.3438327
17147,72.51494598,-240.2698975,1024.700562,182.3468361
17148,74.2605896,-238.0785828,1025.742676,182.3498324
17149,75.92472076,-235.7788544,1026.731201,182.3528192
17150,77.5019455,-233.378067,1027.663208,182.355793
17151,54.77869034,-257.5006714,1031.477661,182.3209193
17152,58.78602982,-253.572113,1025.269653,182.326066
17153,-6.29415226,-290.6695557,1089.023682,182.2783151
17154,33.02219009,-278.2887268,1100.638672,182.3127601
17155,29.10062027,-279.5602112,1104.36499,182.3114567
17156,22.74089432,-281.3601685,1106.219238,182.3080876
17157,11.76863289,-284.7050476,1102.125854,182.2989314
17158,12.25861359,-284.5435486,1102.480835,182.2994185
17159,20.54678726,-281.8119812,1108.487183,182.307635
17160,44.8539505,-270.2909241,1073.897705,182.3152921
17161,46.34156418,-268.5516357,1067.262939,182.3154713
17162,41.17142487,-273.063385,1078.66748,182.3129726
17163,47.88541031,-266.6390991,1060.420776,182.3159009
17164,49.50642014,-264.5654907,1053.406372,182.3166298
17165,51.20116043,-262.3431091,1046.23645,182.3176891
17166,52.96199799,-259.9840698,1038.923706,182.3191088
17167,37.14385223,-276.1342773,1090.033325,182.3125421
17168,39.73158646,-274.4368896,1084.875,182.3132457
17169,35.68457794,-277.0912476,1095.858643,182.3131351
17170,58.28308487,-186.3263397,1084.050903,182.3796511
17171,60.06037521,-198.2415009,1085.31604,182.3726339
17172,67.82489777,-208.0297852,1074.625122,182.3686014
17173,64.88253784,-209.1642761,1080.814209,182.3666387
17174,61.94274902,-210.1490021,1086.658569,182.3650347
17175,109.8213425,-165.1500854,972.6307373,182.4766415
17176,108.8131332,-170.0613098,972.5727539,182.4704087
17177,94.57188416,-197.8455048,1007.573242,182.4047256
17178,91.83304596,-199.9611969,1015.966187,182.3974947
17179,89.01750183,-202.019516,1024.160889,182.3911113
17180,86.14527893,-204.0091858,1032.149902,182.3855003
17181,83.23558807,-205.9190063,1039.926025,182.3805927
17182,80.30571747,-207.7376862,1047.480713,182.3763269
17183,77.37069702,-209.4539948,1054.803711,182.3726473
17184,77.13069916,-206.6416779,1054.580322,182.3748691
17185,74.14441681,-208.203186,1061.632568,182.3716281
17186,71.18063354,-209.6430664,1068.424683,182.3688762
17187,68.24531555,-210.9505157,1074.936646,182.3665603
17188,48.82513809,-187.9529419,1099.287231,182.3761222
17189,47.22272873,-188.0977478,1101.565186,182.3757807
17190,51.99536133,-187.5511932,1094.514282,182.3770068
17191,55.13998413,-187.006424,1089.440186,182.378172
17192,45.6047287,-188.2038879,1103.773071,182.3755013
17193,43.9680748,-188.270401,1105.91272,182.3752824
17194,42.30996323,-188.2963104,1107.98584,182.3751218
17195,40.62714767,-188.2806702,1109.994019,182.3750187
17196,38.9165802,-188.2224731,1111.939209,182.3749722
17197,37.17532349,-188.1208038,1113.82312,182.3749812
17198,31.83173561,-175.7771912,1116.397217,182.3809919
17199,31.83987236,-175.8419037,1116.403076,182.380962
17200,33.34438324,-187.0074615,1117.469849,182.3755437
17201,33.58825302,-187.7830811,1117.413818,182.3751643
17202,35.400177,-187.9746399,1115.647339,182.3750454
17203,83.89493561,-223.2884521,1021.914856,182.3693037
17204,85.03427887,-220.6687317,1022.525879,182.3722299
17205,88.39260864,-215.6441498,1014.733765,182.380777
17206,89.30387878,-213.0301819,1015.160461,182.3837044
17207,90.7093811,-207.7819519,1015.740967,182.3893779
17208,90.07495117,-210.4068909,1015.495544,182.38657
17209,91.21107483,-205.1620483,1015.899414,182.3921322
17210,94.23872375,-200.3843994,1007.554749,182.4019442
17211,80.36830139,-228.3099823,1029.340942,182.3616793
17212,78.98869324,-230.8840637,1028.536743,182.3587508
17213,60.88819504,-252.1074371,1026.600708,182.328965
17214,62.94044113,-250.5106354,1027.896362,182.3318617
17215,64.93630219,-248.7809753,1029.152466,182.3347562
17216,66.8693161,-246.9198761,1030.364746,182.337648
17217,68.73291016,-244.9306946,1031.529175,182.340536
17218,70.5198288,-242.8177948,1032.641235,182.3434181
17219,72.22315216,-240.5871735,1033.696655,182.3462919
17220,73.8381958,-238.2462921,1034.692871,182.349155
17221,75.3598175,-235.8033295,1035.626465,182.3520045
17222,56.92832947,-256.1649475,1032.886841,182.3237435
17223,34.19064713,-277.8209229,1101.504883,182.3138426
17224,31.47762489,-278.7850952,1106.117432,182.3136074
17225,27.49251747,-279.8192444,1109.696411,182.3124623
17226,24.87262535,-280.3876953,1111.620483,182.311641
17227,21.75059319,-281.4156189,1109.359131,182.3087699
17228,46.99452972,-268.8739319,1075.474365,182.3176741
17229,48.48691177,-267.1574707,1068.826538,182.3179186
17230,43.39870071,-271.8447571,1080.318726,182.3153232
17231,50.033741,-265.2636108,1061.964722,182.3184157
17232,51.65656662,-263.2049255,1054.924683,182.319215
17233,53.35196304,-260.9938965,1047.723267,182.3203488
17234,55.11253357,-258.6430664,1040.374023,182.321848
17235,38.29091263,-275.6048584,1090.887817,182.313672
17236,39.41520309,-275.008728,1091.72583,182.3147936
17237,41.95808792,-273.2008972,1086.532593,182.3155359
17238,36.83161163,-276.5552979,1096.71228,182.3142366
17239,57.00065994,-198.9896088,1090.755737,182.371249
17240,58.97065353,-210.9736023,1092.153076,182.3637503
17241,65.3396759,-212.1146851,1081.144775,182.3646345
17242,62.42933273,-213.1247559,1087.005981,182.3630606
17243,91.58422852,-202.5533905,1015.973572,182.3948366
17244,88.85004425,-204.6639862,1024.19458,182.38856
17245,86.05583954,-206.7045135,1032.210083,182.383042
17246,83.2203598,-208.6633301,1040.012939,182.3782156
17247,80.36058807,-210.5287323,1047.593994,182.3740203
17248,77.49101257,-212.2890472,1054.943115,182.3703979
17249,74.62378693,-213.9326172,1062.046021,182.3672772
17250,74.44294739,-211.0566559,1061.880981,182.3694668
17251,71.53131866,-212.5344086,1068.696655,182.3667646
17252,68.64138794,-213.8760376,1075.230591,182.364492
17253,65.77404785,-215.0702515,1081.458618,182.3626047
17254,52.34935379,-199.824646,1098.30542,182.3697233
17255,50.7700386,-200.0219421,1100.664917,182.3693524
17256,49.1709938,-200.1768494,1102.948608,182.3690452
17257,53.91215515,-199.5860748,1095.868286,182.3701603
17258,47.54927063,-200.2882538,1105.157715,182.3687998
17259,45.90156174,-200.355011,1107.293823,182.3686147
17260,44.22494125,-200.3760376,1109.358154,182.3684886
17261,42.51634598,-200.3501892,1111.352173,182.3684207
17262,40.77243042,-200.2763519,1113.277466,182.3684104
17263,38.99028397,-200.1534119,1115.13562,182.3684572
17264,33.4528923,-187.7661743,1117.546753,182.3751759
17265,34.91904831,-198.0123749,1118.585938,182.3696641
17266,35.2986412,-199.7557831,1118.655762,182.3687221
17267,37.16676712,-199.9802551,1116.927856,182.3685611
17268,81.5960083,-225.6824188,1030.045288,182.364545
17269,82.67002869,-223.0146027,1030.647827,182.367348
17270,86.02436829,-218.0206909,1023.039001,182.3750913
17271,86.86798096,-215.3540802,1023.455261,182.3778917
17272,88.12978363,-209.9990692,1024.005249,182.3833252
17273,87.56854248,-212.6775513,1023.776672,182.3806351
17274,88.55554199,-207.3256989,1024.143677,182.3859657
17275,78.09739685,-230.6497803,1037.291016,182.3576433
17276,76.78460693,-233.2667389,1036.49585,182.3548377
17277,59.02674103,-254.6886902,1034.259277,182.3265552
17278,61.06864929,-253.0725098,1035.591187,182.3293577
17279,63.04710388,-251.3168793,1036.878174,182.3321529
17280,64.95540619,-249.42453,1038.115601,182.3349415
17281,66.78652191,-247.3999634,1039.29895,182.3377227
17282,68.53341675,-245.248642,1040.423828,182.3404955
17283,70.1894989,-242.9776154,1041.485962,182.3432578
17284,71.74989319,-240.5952759,1042.482422,182.3460078
17285,73.21020508,-238.1105194,1043.410645,182.3487431
17286,34.56973267,-277.5471497,1105.109253,182.3153051
17287,35.33633804,-277.2763672,1102.354614,182.3149157
17288,32.64483261,-278.311554,1106.978027,182.3146601
17289,29.86507988,-279.0328064,1111.432495,182.3145553
17290,26.49774551,-279.8529358,1112.797363,182.3130981
17291,49.03604889,-267.2546082,1076.979004,182.3200282
17292,50.54306412,-265.5722961,1070.325317,182.3203414
17293,45.53210068,-270.4005432,1081.901733,182.3176411
17294,52.10184479,-263.7080688,1063.450439,182.320909
17295,53.73471451,-261.6747437,1056.390747,182.3217815
17296,55.43848419,-259.485199,1049.163574,182.3229922
17297,57.20576096,-257.1521912,1041.782959,182.3245731
17298,40.51404572,-274.3471375,1092.545288,182.315903
17299,37.95402527,-275.9481812,1097.547974,182.3153268
17300,44.08138275,-271.7247009,1088.115112,182.3177896
17301,41.58454514,-273.6215515,1093.344238,182.3170046
17302,57.46453476,-211.3225861,1094.771973,182.3632207
17303,59.96959686,-216.9715424,1092.861816,182.3598464
17304,58.48147964,-217.3371735,1095.493042,182.3593388
17305,62.89502335,-216.105835,1087.337891,182.3610663
17306,85.83753967,-209.4176178,1032.183228,182.3805436
17307,83.07527924,-211.425705,1040.010742,182.3758012
17308,80.28569031,-213.3378754,1047.61731,182.3716789
17309,77.4826355,-215.1420135,1054.99231,182.3681187
17310,74.67823792,-216.8260651,1062.121582,182.365059
17311,71.76747131,-215.4477234,1068.886719,182.3646263
17312,71.88056946,-218.3778687,1068.988892,182.3624617
17313,68.92713165,-216.8226929,1075.444824,182.3623991
17314,66.1036911,-218.0458832,1081.696411,182.3605523
17315,63.26281357,-219.1056061,1087.598022,182.3590499
17316,55.94089127,-211.6276398,1097.306763,182.3627603
17317,54.39650345,-211.8874359,1099.758789,182.3623657
17318,52.82815552,-212.1006927,1102.128906,182.3620349
17319,51.23263168,-212.2660828,1104.418457,182.3617663
17320,49.60682297,-212.3823395,1106.628784,182.3615585
17321,47.94749069,-212.4481201,1108.760864,182.3614106
17322,46.25152969,-212.4621582,1110.815552,182.3613219
17323,44.51581192,-212.4231415,1112.794312,182.361292
17324,42.73703003,-212.3297729,1114.698242,182.361321
17325,40.91217422,-212.1807251,1116.528564,182.3614093
17326,35.18029404,-199.7378082,1118.771484,182.368735
17327,36.67950058,-209.6367798,1119.836182,182.3629769
17328,37.11106873,-211.7104492,1119.972534,182.3617659
17329,39.03787613,-211.9747162,1118.286255,182.3615584
17330,79.25727081,-227.9779053,1037.983887,182.360392
17331,80.26250458,-225.264328,1038.572632,182.3630841
17332,83.5929718,-220.3171539,1031.149658,182.3700919
17333,84.36759949,-217.6001587,1031.552124,182.3727799
17334,85.48610687,-212.1425629,1032.066406,182.3780025
17335,84.99738312,-214.8725128,1031.856934,182.3754157
17336,75.80732727,-232.8747253,1045.047241,182.3541541
17337,74.56719208,-235.5325623,1044.268433,182.3514618
17338,59.23521042,-255.5134888,1043.146118,182.3272862
17339,61.19355011,-253.7288208,1044.458252,182.3299889
17340,63.07339096,-251.8022919,1045.714478,182.3326816
17341,64.86799622,-249.7398682,1046.910278,182.3353642
17342,66.57015991,-247.5482788,1048.041016,182.3380356
17343,68.17363739,-245.2356567,1049.102417,182.3406945
17344,69.67401123,-242.8114014,1050.091919,182.3433394
17345,71.06700134,-240.2852783,1051.006714,182.3459686
17346,36.45523834,-276.6558228,1103.184814,182.3159761
17347,35.68624878,-276.9189758,1105.935669,182.316344
17348,33.78751373,-277.7561035,1107.820801,182.3157026
17349,32.9874382,-277.9017334,1110.489868,182.3161397
17350,31.02954674,-278.5513306,1112.284668,182.3155778
17351,29.07418633,-278.976532,1114.681396,182.3153512
17352,28.8626194,-279.0504456,1114.525513,182.3151692
17353,27.66638374,-279.4683533,1113.643677,182.314126
17354,50.96661377,-265.4448853,1078.402954,182.3223554
17355,52.49931717,-263.805603,1071.751465,182.3227405
17356,47.55579758,-268.7421265,1083.405029,182.3199276
17357,54.08036041,-261.9796753,1064.871094,182.3233819
17358,55.73263168,-259.9802551,1057.798584,182.3243305
17359,57.45330048,-257.8204651,1050.552124,182.325621
17360,39.04857635,-275.2712402,1098.363403,182.3164061
17361,46.0836525,-270.0220642,1089.609741,182.3200084
17362,43.63032532,-271.9863892,1094.872803,182.3191777
17363,42.6241684,-272.8339539,1094.120728,182.3180948
17364,40.11216354,-274.5263367,1099.156372,182.3174746
17365,56.972229,-217.6561432,1098.038452,182.3589002
17366,60.37002182,-219.9902191,1093.142944,182.3578576
17367,58.89608765,-220.363205,1095.783936,182.3573653
17368,57.39959335,-220.6880341,1098.338501,182.35694
17369,82.79627228,-214.1999359,1039.916992,182.3733473
17370,80.07692719,-216.1586914,1047.547974,182.3693012
17371,77.34181976,-218.0063324,1054.94873,182.3658078
17372,74.6026001,-219.7303619,1062.10498,182.3628112
17373,71.86719513,-221.3182678,1069.00061,182.3602704
17374,69.09465027,-219.7853851,1075.573853,182.3602822
17375,69.14060974,-222.7575378,1075.615112,182.3581416
17376,66.32086182,-221.036499,1081.852295,182.3584784
17377,63.52558136,-222.1191559,1087.78125,182.3570136
17378,60.67424393,-223.0212402,1093.352905,182.3558524
17379,55.43845367,-217.927002,1100.499023,182.3585272
17380,53.87719727,-218.1483459,1102.87561,182.3582174
17381,52.28501129,-218.3187866,1105.169434,182.357969
17382,50.65872574,-218.4369507,1107.38147,182.3577806
17383,48.99533844,-218.501358,1109.512817,182.3576516
17384,47.2914505,-218.5106506,1111.564087,182.3575827
17385,45.54399109,-218.4634094,1113.536499,182.3575715
17386,43.74965286,-218.3582153,1115.43103,182.357618
17387,41.90530777,-218.1937103,1117.248657,182.3577218
17388,40.00770569,-217.9684448,1118.990479,182.3578811
17389,37.00503159,-211.6920319,1120.071411,182.3617799
17390,39.00339508,-223.648819,1121.346924,182.3544325
17391,76.89457703,-230.1608276,1045.722046,182.3567958
17392,77.82771301,-227.4041138,1046.291626,182.3593872
17393,81.11589813,-222.5199738,1039.058716,182.3657227
17394,81.82039642,-219.7551422,1039.443359,182.3683108
17395,82.37930298,-216.9789429,1039.72876,182.3708514
17396,73.51153564,-234.9705353,1052.599976,182.3511674
17397,72.34992981,-237.6672363,1051.845215,182.3485804
17398,59.38851166,-256.0032959,1051.883301,182.3282365
17399,61.2363472,-254.039444,1053.151855,182.3308391
17400,62.98994446,-251.9364624,1054.352905,182.3334287
17401,64.64248657,-249.7025146,1055.481934,182.3360047
17402,66.18791199,-247.3469696,1056.534912,182.3385662
17403,67.62236023,-244.8802948,1057.509277,182.3411122
17404,68.94206238,-242.3132019,1058.402588,182.3436415
17405,37.54391861,-275.9610291,1103.993164,182.3170236
17406,36.77126312,-276.2141724,1106.739136,182.3173725
17407,34.90122604,-277.1196289,1108.642578,182.31673
17408,34.09787369,-277.2563477,1111.306274,182.3171431
17409,32.16736984,-277.982605,1113.117432,182.316583
17410,31.3252449,-277.9971313,1115.704102,182.3170623
17411,30.01769829,-278.5568848,1115.383179,182.3161742
17412,52.77516937,-263.4575195,1079.738159,182.3246571
17413,54.3453331,-261.8674011,1073.097412,182.325117
17414,49.4566803,-266.8843689,1084.81897,182.3221844
17415,55.95948792,-260.0860291,1066.219604,182.3258353
17416,57.64152908,-258.1268616,1059.14209,182.3268633
17417,47.95023346,-268.1109009,1091.005615,182.322202
17418,44.60098648,-271.0815735,1095.599243,182.3202502
17419,47.19241714,-268.6401978,1094.014893,182.3222742
17420,42.13481522,-272.8417969,1100.666382,182.3195813
17421,41.14189148,-273.7156677,1099.924805,182.318533
17422,38.59865189,-275.1940308,1104.776733,182.3180593
17423,55.8772316,-220.9632416,1100.807617,182.3565791
17424,59.21944427,-223.4008026,1096.007202,182.3553752
17425,57.74113083,-223.7306976,1098.574707,182.3549637
17426,56.23593521,-224.0093994,1101.056519,182.3546155
17427,79.73047638,-218.9839325,1047.383057,182.3668855
17428,77.06459808,-220.874588,1054.809448,182.3634634
17429,74.39323425,-222.6380615,1061.993652,182.3605331
17430,71.72396088,-224.2614441,1068.919312,182.3580522
17431,69.06175232,-225.7318726,1075.566162,182.3559777
17432,66.42293549,-224.0357208,1081.924438,182.3563838
17433,66.40660095,-227.0364838,1081.910278,182.3542692
17434,63.68070221,-225.1403351,1087.885254,182.3549592
17435,60.87982178,-226.0588837,1093.48999,182.3538319
17436,59.44939804,-226.444458,1096.161011,182.3533704
17437,54.32593155,-221.1873932,1103.192139,182.3562805
17438,52.74232483,-221.3589783,1105.493042,182.3560426
17439,51.12334442,-221.4765778,1107.711426,182.3558641
17440,49.4655304,-221.5387268,1109.848022,182.3557438
17441,48.19535446,-224.5822601,1112.208984,182.3537767
17442,46.4618454,-224.52211,1114.194214,182.3537839
17443,44.67921829,-224.4002075,1116.099731,182.353851
17444,42.84396362,-224.2150269,1117.926514,182.3539799
17445,40.95318222,-223.9650726,1119.675293,182.3541743
17446,38.89616776,-223.6290741,1121.437744,182.3544481
17447,39.0655632,-224.69841,1121.560059,182.3537645
17448,40.90719986,-235.5664368,1122.725708,182.3468103
17449,74.52150726,-232.2171478,1053.25,182.3537101
17450,75.37892151,-229.4201508,1053.794312,182.3562089
17451,78.60925293,-224.6156464,1046.75708,182.3619309
17452,79.24243164,-221.8058167,1047.120239,182.3644295
17453,71.22167206,-236.9230194,1059.936157,182.3486407
17454,70.14473724,-239.6563873,1059.213501,182.3461529
17455,59.45345306,-256.1222534,1060.415649,182.3293803
17456,61.1615715,-253.9758148,1061.61438,182.3318815
17457,62.75927353,-251.6972198,1062.733765,182.3343669
17458,64.24113464,-249.297287,1063.77002,182.3368358
17459,65.60357666,-246.7876434,1064.720703,182.339288
17460,66.84356689,-244.1799164,1065.58374,182.3417226
17461,37.82083893,-275.4350586,1107.516968,182.31839
17462,35.98203659,-276.4042053,1109.44043,182.3177424
17463,35.17394638,-276.5295105,1112.097656,182.3181352
17464,33.27404785,-277.3275757,1113.92749,182.3175728
17465,31.14687729,-277.9801025,1116.221924,182.3171619
17466,32.42757416,-277.3318176,1116.507202,182.3180286
17467,30.4206543,-278.3776855,1115.682861,182.3165221
17468,54.45321655,-261.3074341,1080.978271,182.3269349
17469,56.07294464,-259.769989,1074.357422,182.327472
17470,51.22270584,-264.842865,1086.134766,182.3244124
17471,57.73144531,-258.0370483,1067.490601,182.3282701
17472,49.66836548,-266.0100708,1092.293335,182.3243649
17473,48.88447571,-266.5076904,1095.2854,182.3243974
17474,45.53424835,-270.1222839,1096.29834,182.3213129
17475,43.08872986,-271.9077759,1101.379761,182.3206204
17476,48.092659,-266.9456787,1098.220093,182.3244645
17477,46.42828751,-269.1112976,1096.968994,182.322371
17478,40.59376907,-273.4541626,1106.260986,182.3200992
17479,39.61637115,-274.3574524,1105.533569,182.3190843
17480,54.70075607,-224.2354126,1103.453125,182.3543287
17481,57.99468613,-226.7788391,1098.745239,182.3529735
17482,56.51255798,-227.0604706,1101.243774,182.3526388
17483,54.99988174,-227.2877502,1103.657349,182.3523644
17484,76.64727783,-223.7389526,1054.572144,182.3610834
17485,74.04642487,-225.541275,1061.785034,182.3582234
17486,71.44736481,-227.1996002,1068.742676,182.3558064
17487,68.85477448,-228.7006836,1075.424805,182.3537904
17488,66.26894379,-230.031311,1081.807617,182.3521353
17489,63.72546387,-228.1623993,1087.908203,182.3528881
17490,63.65703964,-231.1782379,1087.848022,182.3508017
17491,60.98457718,-229.0967407,1093.552368,182.3517976
17492,59.58359909,-229.4880829,1096.24353,182.351353
17493,58.15830231,-229.8266754,1098.848633,182.3509718
17494,53.13225937,-224.4072113,1105.765991,182.3541018
17495,51.52731705,-224.5233002,1107.995728,182.3539338
17496,49.88273239,-224.5821533,1110.143066,182.3538246
17497,48.91397858,-230.6611176,1112.712524,182.3499196
17498,47.22827148,-230.5856171,1114.73584,182.349942
17499,45.49279404,-230.4445648,1116.679199,182.3500222
17500,43.7040863,-230.2362823,1118.543213,182.3501604
17501,41.85923386,-229.9592133,1120.328735,182.350357
17502,40.75055695,-235.5289917,1122.880127,182.3468369
17503,41.85923386,-241.5091858,1123.413452,182.3429506
17504,41.30470276,-239.0908203,1123.314209,182.3445233
17505,42.72323227,-235.9420319,1120.948853,182.3465353
17506,72.14933014,-234.1327972,1060.554199,182.351091
17507,72.92758942,-231.2985382,1061.067261,182.3535038
17508,76.08648682,-226.5905609,1054.234497,182.358666
17509,68.94540405,-238.7178955,1067.040283,182.3465333
17510,67.95948029,-241.485672,1066.358276,182.3441389
17511,59.38922882,-255.8439178,1068.678711,182.3306865
17512,60.92684937,-253.5182495,1069.779907,182.3330851
17513,62.33912277,-251.0723267,1070.790527,182.3354656
17514,63.62333298,-248.5190125,1071.708496,182.3378284
17515,64.77709961,-245.8710632,1072.532349,182.3401729
17516,38.83164597,-274.5843811,1108.266479,182.3193967
17517,37.02592087,-275.6122131,1110.211426,182.3187422
17518,36.21154404,-275.7239075,1112.861084,182.3191155
17519,34.34490585,-276.5886536,1114.71167,182.318547
17520,31.59597015,-277.734314,1116.555298,182.3175505
17521,32.24276733,-277.3108215,1117.034424,182.3181256
17522,33.49253082,-276.5800171,1117.283325,182.3189802
17523,55.99438477,-259.0105591,1082.118652,182.3291895
17524,57.6753273,-257.526825,1075.526367,182.3298063
17525,52.84553146,-262.6356506,1087.346069,182.3266213
17526,52.03988647,-263.2170105,1090.437012,182.326542
17527,51.22974014,-263.7409363,1093.466797,182.3264965
17528,50.41247177,-264.2056274,1096.436279,182.3264941
17529,49.58569336,-264.6094971,1099.346191,182.326528
17530,44.00160217,-270.9169312,1102.06311,182.3216505
17531,45.65536499,-269.522583,1099.868774,182.3225123
17532,41.52842712,-272.487854,1106.957397,182.3211052
17533,47.2906189,-267.3223877,1101.098389,182.3245672
17534,39.80033875,-273.6652527,1108.985474,182.3203934
17535,53.45320129,-227.4591675,1105.986816,182.3521489
17536,56.70516968,-230.1109619,1101.368286,182.3506516
17537,55.22137451,-230.3392944,1103.803223,182.3503904
17538,53.7035408,-230.5100861,1106.154419,182.350187
17539,73.55901337,-228.4312134,1061.477051,182.3558808
17540,71.03409576,-230.1240234,1068.468384,182.3535325
17541,68.51678467,-231.6554565,1075.188843,182.3515797
17542,66.00707245,-233.0119476,1081.614624,182.3499829
17543,63.47268295,-234.1800079,1087.702637,182.3487017
17544,60.98564911,-232.1282501,1093.537842,182.3497511
17545,60.88089371,-235.1460724,1093.444946,182.3476937
17546,59.61974716,-232.5252838,1096.253174,182.3493251
17547,58.22953033,-232.8681488,1098.883057,182.3489611
17548,56.81177521,-233.1551514,1101.428223,182.3486567
17549,51.86950684,-227.5731354,1108.233032,182.3519912
17550,50.24560547,-227.628067,1110.396851,182.3518907
17551,50.55289841,-230.6726227,1110.608276,182.3499504
17552,49.43829346,-236.7194824,1113.067383,182.3460427
17553,48.64292908,-236.6835175,1114.121216,182.346055
17554,47.83567047,-236.6304932,1115.155151,182.3460806
17555,46.18444443,-236.4723816,1117.164307,182.3461741
17556,44.48124313,-236.2434692,1119.095215,182.3463247
17557,42.33496857,-244.4748383,1123.756592,182.3410301
17558,41.67031479,-241.4596252,1123.620728,182.342983
17559,43.54264832,-241.9036255,1121.533081,182.3426896
17560,69.78585815,-235.8937225,1067.619019,182.3488968
17561,70.48129272,-233.0254974,1068.094482,182.3512295
17562,66.68790436,-240.3410034,1073.893677,182.3448052
17563,65.79940796,-243.1407776,1073.26123,182.3424991
17564,59.14708328,-255.1514587,1076.60022,182.3321209
17565,60.48365784,-252.6578064,1077.575806,182.334417
17566,61.68317032,-250.0601196,1078.451538,182.3366946
17567,62.74380875,-247.3722534,1079.226318,182.3389537
17568,38.0292778,-274.7466431,1110.953003,182.3197306
17569,37.20691299,-274.8426208,1113.59375,182.3200848
17570,35.37567902,-275.7685852,1115.466675,182.3195081
17571,32.79390335,-276.9499817,1117.442627,182.3186109
17572,33.30176544,-276.5555725,1117.817871,182.3190738
17573,34.51588058,-275.744751,1118.029053,182.3199192
17574,57.39366531,-256.5826721,1083.155396,182.3314212
17575,54.31895828,-260.28125,1088.448242,182.3288041
17576,53.47674561,-260.8323059,1091.516479,182.3286838
17577,52.62827301,-261.3248596,1094.521118,182.3286048
17578,51.77074051,-261.7571716,1097.463135,182.3285671
17579,50.90185547,-262.1274719,1100.342896,182.3285672
17580,48.7467308,-264.9507446,1102.197266,182.3265956
17581,44.87138367,-269.8724365,1102.71521,182.3226739
17582,44.07393265,-270.1591187,1105.508911,182.3228735
17583,42.41802597,-271.4622498,1107.621094,182.3221031
17584,45.69652176,-268.7776489,1103.334839,182.3236902
17585,40.7243309,-272.6815491,1109.671997,182.3213807
17586,46.4757309,-267.6361694,1103.920898,182.3246977
17587,38.98858261,-273.8108521,1111.662598,182.3207088
17588,52.14845657,-230.6217346,1108.422485,182.3500405
17589,55.36349869,-233.3846741,1103.889282,182.3484098
17590,53.8814621,-233.5550385,1106.267212,182.3482193
17591,52.36237717,-233.6646118,1108.562744,182.3480843
17592,68.04468536,-234.5871887,1074.856201,182.3493454
17593,65.61817932,-235.9698181,1081.329102,182.3478123
17594,63.17012787,-237.1595459,1087.470337,182.3465899
17595,60.66786575,-238.1425934,1093.271729,182.3456262
17596,59.55549622,-235.549118,1096.18811,182.3472888
17597,59.38866043,-238.5522766,1096.046631,182.3452468
17598,58.20640182,-235.8965912,1098.846924,182.346944
17599,56.83039856,-236.1867981,1101.422119,182.3466569
17600,55.42441559,-236.418045,1103.914185,182.3464258
17601,50.80326843,-233.7117157,1110.776367,182.3480042
17602,50.99543381,-236.7410278,1110.900024,182.3460577
17603,49.62488556,-239.7313232,1113.186768,182.344107
17604,49.02365112,-242.6869354,1114.365601,182.3422001
17605,48.27674484,-242.6301575,1115.445923,182.342231
17606,46.74836349,-242.4623566,1117.549927,182.3423318
17607,45.17134476,-242.2207489,1119.578857,182.3424841
17608,42.7992897,-247.4387665,1124.090942,182.3391252
17609,42.49160767,-246.7802734,1124.309326,182.3395447
17610,42.12680054,-244.4171906,1124.00354,182.3410661
17611,43.93472672,-244.8730011,1121.811035,182.3407798
17612,67.4359436,-237.4858856,1074.425049,182.3470874
17613,64.4495163,-241.7780914,1080.473267,182.3434178
17614,63.66547394,-244.6073914,1079.899902,182.3411946
17615,58.64765549,-254.039444,1084.08606,182.3336411
17616,59.75502014,-251.3965759,1084.909424,182.3358391
17617,60.71489334,-248.6691132,1085.624878,182.3380182
17618,38.15620422,-273.8893127,1114.293091,182.321044
17619,36.3622551,-274.8708191,1116.189697,182.3204576
17620,33.99490738,-276.017334,1118.329956,182.3197015
17621,35.13404083,-274.9771118,1119.169189,182.320774
17622,35.49298096,-274.8295898,1118.741211,182.3208473
17623,34.32094574,-275.719574,1118.57019,182.3200089
17624,57.72756958,-254.6493835,1087.234863,182.3333494
17625,55.63869476,-257.797821,1089.43811,182.3309662
17626,54.75395203,-258.3199158,1092.479126,182.3308059
17627,53.86077881,-258.7826843,1095.453979,182.3306912
17628,52.95669556,-259.1843567,1098.363647,182.3306194
17629,52.03902054,-259.5231628,1101.208618,182.3305868
17630,50.01869202,-262.434021,1103.161499,182.3286017
17631,47.89313126,-265.2276611,1104.990356,182.3266946
17632,44.88375092,-269.0457764,1106.116211,182.3238686
17633,43.26054001,-270.3811035,1108.250488,182.3230898
17634,41.60120392,-271.6373291,1110.324341,182.3223592
17635,39.90119171,-272.8088989,1112.338257,182.3216777
17636,46.35875702,-266.6816101,1107.225342,182.3258425
17637,45.64564896,-267.8852844,1106.688599,182.3248578
17638,53.9854126,-236.5886078,1106.324097,182.3462493
17639,52.51004791,-236.6968536,1108.652466,182.3461267
17640,65.09980011,-238.8952179,1080.949219,182.345624
17641,62.74666977,-240.1077271,1087.149048,182.3444664
17642,61.55317307,-240.6357727,1090.124023,182.3439806
17643,60.34439087,-241.1093445,1093.016357,182.343561
17644,59.11730957,-241.5266724,1095.827026,182.3432037
17645,58.08677673,-238.9051056,1098.738525,182.3449235
17646,57.86880112,-241.8860016,1098.556519,182.3429028
17647,56.75902557,-239.1993561,1101.348389,182.3446555
17648,55.40239334,-239.4332886,1103.876343,182.3444416
17649,54.0137825,-239.6051788,1106.323608,182.3442804
17650,51.12799454,-239.7559357,1110.978149,182.3441133
17651,49.75955963,-242.7259216,1113.266113,182.3421798
17652,49.84124756,-245.6986694,1113.304321,182.3402646
17653,48.43255234,-245.6037445,1115.541016,182.3403237
17654,46.98064423,-245.4356995,1117.703857,182.3404281
17655,45.48224258,-245.1926727,1119.793579,182.3405798
17656,43.10687637,-250.4324951,1124.310913,182.3372372
17657,42.74776077,-248.8269806,1124.524292,182.3382442
17658,42.56623459,-247.3762665,1124.371948,182.3391639
17659,44.30469131,-247.835434,1122.071655,182.3388868
17660,62.20021439,-243.0149841,1086.737305,182.3423271
17661,61.5281105,-245.8712006,1086.23291,182.34018
17662,58.78582001,-251.9835968,1088.028076,182.3355047
17663,59.69225693,-249.2364349,1088.710083,182.3376443
17664,60.44804382,-246.4225616,1089.281372,182.3397678
17665,39.05665207,-272.8683167,1114.956909,182.3219944
17666,37.3008194,-273.8991089,1116.877686,182.3213972
17667,35.2958374,-274.8050232,1119.288086,182.320933
17668,36.18710709,-273.8569946,1119.942627,182.3218127
17669,36.42007065,-273.8386536,1119.417114,182.321766
17670,57.80946732,-252.5140686,1091.074219,182.3352233
17671,56.80235672,-255.2029877,1090.313599,182.3331036
17672,55.86942291,-255.6985016,1093.32312,182.3329081
17673,54.92609024,-256.1341553,1096.26416,182.3327593
17674,53.96946716,-256.5081177,1099.137207,182.3326539
17675,52.99704742,-256.818634,1101.942871,182.3325893
17676,51.10492706,-259.7973022,1103.989868,182.3305896
17677,49.1189003,-262.6750793,1105.919678,182.3286686
17678,47.02230835,-265.4385376,1107.725952,182.3268212
17679,44.05426407,-269.2483521,1108.844482,182.3240695
17680,42.42890549,-270.5366516,1110.940796,182.3233297
17681,40.76462555,-271.7452393,1112.978149,182.3226384
17682,45.4907341,-266.8445129,1109.922241,182.3260111
17683,44.79788971,-268.0680847,1109.401855,182.3250429
17684,52.58991623,-239.7133026,1108.690674,182.3441711
17685,61.06119919,-243.5539093,1089.747559,182.3418775
17686,59.90844345,-244.0374451,1092.677368,182.3414894
17687,58.73923874,-244.4638367,1095.52771,182.3411594
17688,57.55051422,-244.8312683,1098.29895,182.3408841
17689,56.59585571,-242.1856079,1101.205444,182.3426558
17690,56.3392868,-245.1379852,1100.991943,182.3406609
17691,55.29561234,-242.4237061,1103.774414,182.3424609
17692,53.96484756,-242.5985413,1106.264404,182.3423166
17693,52.60058594,-242.7083588,1108.675903,182.3422219
17694,51.19978714,-242.7514038,1111.009644,182.3421763
17695,51.20968246,-245.7221832,1110.993286,182.3402514
17696,49.86228943,-248.6464996,1113.295654,182.3383678
17697,48.53665161,-248.5565033,1115.595825,182.3384344
17698,47.17042542,-248.3925018,1117.824707,182.3385427
17699,45.76077652,-248.1527405,1119.983154,182.3386931
17700,42.91247559,-250.9510345,1124.671509,182.3369123
17701,42.86702728,-250.3646698,1124.630859,182.3372775
17702,42.97163391,-252.9589081,1124.739624,182.3356675
17703,43.20450974,-253.4481659,1124.378174,182.3353677
17704,44.51819611,-250.8191833,1122.217651,182.3370087
17705,58.66026306,-249.7473145,1091.719971,182.3373265
17706,59.35656357,-246.9178467,1092.251953,182.3394145
17707,39.90571976,-271.7843323,1115.583252,182.3229371
17708,38.18836212,-272.8581848,1117.528687,182.3223285
17709,36.22185516,-273.81427,1119.968018,182.3218485
17710,37.08946228,-272.7449036,1120.602783,182.3227571
17711,37.29393387,-272.776886,1120.054199,182.3226775
17712,57.61625671,-250.1999207,1094.655396,182.3370615
17713,56.82318878,-252.9862061,1094.048462,182.3349927
17714,55.82436371,-253.3981934,1096.951416,182.3348103
17715,54.80995178,-253.7482758,1099.783936,182.3346731
17716,53.77745056,-254.0346222,1102.546387,182.3345785
17717,52.00591278,-257.0639038,1104.682129,182.3325627
17718,50.15199661,-260.0050659,1106.708008,182.3306265
17719,48.19970703,-262.848877,1108.617798,182.3287655
17720,46.13196182,-265.581665,1110.405029,182.3269742
17721,43.20561218,-269.3836975,1111.520264,182.3242934
17722,41.57658768,-270.6242065,1113.580688,182.3235918
17723,43.9300766,-268.1828918,1112.061646,182.3252511
17724,44.60155487,-266.9386597,1112.564331,182.3262038
17725,58.25065994,-247.3552551,1095.145508,182.3391156
17726,57.12744141,-247.7330322,1097.962524,182.3388691
17727,55.98407364,-248.0493622,1100.703857,182.338673
17728,55.10251999,-245.3822327,1103.606934,182.3404875
17729,54.81766891,-248.3024445,1103.369751,182.3385239
17730,53.83735275,-245.5621796,1106.145264,182.3403622
17731,52.54068375,-245.6761017,1108.607056,182.3402837
17732,51.15034485,-248.6642914,1110.923706,182.338343
17733,49.72949219,-251.5857849,1113.172974,182.3364761
17734,48.48610687,-251.5075836,1115.536255,182.3365529
17735,47.20505524,-251.3549347,1117.831055,182.3366672
17736,45.88329315,-251.1260834,1120.057861,182.336819
17737,42.96317291,-253.3763428,1124.738525,182.3354098
17738,42.92773438,-255.1251373,1124.733521,182.3343386
17739,43.0815773,-256.4633179,1124.285034,182.3335181
17740,44.52633286,-253.8160706,1122.213745,182.335145
17741,40.70114517,-270.6420288,1116.170776,182.3238733
17742,39.02228928,-271.7529907,1118.140625,182.3232529
17743,37.19421768,-272.6157532,1120.679443,182.3228652
17744,38.11183167,-271.6495667,1120.650757,182.3235834
17745,56.55720139,-250.592453,1097.516968,182.3368465
17746,55.48035431,-250.9231415,1100.30542,182.3366789
17747,54.38294601,-251.1901703,1103.021118,182.3365561
17748,52.72378922,-254.2554474,1105.239868,182.3345241
17749,50.99346542,-257.2421875,1107.355713,182.3325719
17750,49.17728424,-260.1446533,1109.363525,182.3306954
17751,47.25872803,-262.9537354,1111.256836,182.3288907
17752,45.21947479,-265.655304,1113.028076,182.3271524
17753,45.78336334,-264.3370361,1113.452393,182.3280985
17754,42.33532715,-269.4501953,1114.144409,182.324539
17755,43.03970337,-268.2279968,1114.668701,182.3254811
17756,43.68885803,-266.9623413,1115.152588,182.326419
17757,53.6251297,-248.490448,1105.961304,182.3384202
17758,53.26205063,-251.3917389,1105.665283,182.336476
17759,52.40365219,-248.6116943,1108.479126,182.3383602
17760,50.93806458,-251.5913544,1110.740479,182.3364372
17761,49.40887833,-254.5068817,1112.911987,182.3345845
17762,48.24342728,-254.4477386,1115.335449,182.3346746
17763,47.04301834,-254.3140411,1117.693115,182.3347984
17764,45.80494308,-254.1040802,1119.985718,182.3349552
17765,42.83484268,-256.3901978,1124.680054,182.3335622
17766,42.77142334,-257.2535095,1124.643555,182.3330367
17767,42.9342041,-257.9625549,1124.176025,182.3326015
17768,44.31926727,-256.8041992,1122.053101,182.3332958
17769,41.44107819,-269.446167,1116.717896,182.3248042
17770,39.80018997,-270.5885315,1118.711914,182.3241718
17771,37.8985939,-271.6079407,1121.192749,182.3236585
17772,38.16085434,-271.2326355,1121.383789,182.3239519
17773,38.87140274,-270.4620667,1121.204834,182.3244849
17774,51.64625549,-254.4089508,1107.864868,182.334508
17775,49.95697021,-257.3516235,1109.964233,182.3326154
17776,48.17848969,-260.2142639,1111.957397,182.3307944
17777,46.29331207,-262.987854,1113.837402,182.3290413
17778,44.28225327,-265.6577759,1115.595947,182.3273537
17779,44.81952667,-264.3187256,1115.998535,182.3282859
17780,42.12429428,-268.2017822,1117.223755,182.3257308
17781,42.74996567,-266.9139099,1117.687744,182.3266543
17782,52.11460114,-251.526062,1108.238159,182.3364368
17783,50.5422287,-254.4933929,1110.421997,182.3345285
17784,48.89377213,-257.3904419,1112.508179,182.3326913
17785,47.80110168,-257.3569031,1114.988159,182.3327983
17786,46.67636108,-257.2492065,1117.405273,182.3329353
17787,45.51663589,-257.0655823,1119.76001,182.3331013
17788,42.68982315,-257.8894958,1124.59082,182.3326471
17789,42.50436401,-259.3342896,1124.470947,182.3317642
17790,42.72809219,-259.451416,1124.024292,182.3316877
17791,43.88778687,-259.7579956,1121.72876,182.3314596
17792,40.52030563,-269.3699036,1119.241211,182.3250864
17793,38.65166855,-270.414093,1121.739746,182.3245553
17794,39.57059479,-269.2198181,1121.71521,182.3253833
17795,47.15281296,-260.2121887,1114.48999,182.3309216
17796,45.30089569,-262.9494934,1116.360107,182.3292162
17797,43.31776047,-265.5873718,1118.109497,182.3275756
17798,43.82725906,-264.2268982,1118.488892,182.3284955
17799,41.18135071,-268.102478,1119.727539,182.325998
17800,41.78261185,-266.7915955,1120.17041,182.3269077
17801,46.09757233,-260.1366272,1116.962402,182.3310761
17802,45.01011276,-259.9858398,1119.375,182.3312557
17803,42.49557114,-259.3818054,1124.464966,182.3317351
17804,42.46213531,-260.9260254,1123.828979,182.3307792
17805,43.58553314,-261.2131042,1121.50354,182.3305463
17806,39.04899216,-269.7514038,1122.027832,182.3250435
17807,39.34746552,-269.168396,1122.243164,182.3254496
17808,39.85344696,-268.1799011,1122.608032,182.3261406
17809,40.20845413,-267.9284973,1122.180786,182.3262804
17810,44.67290115,-261.4219055,1119.121216,182.3303353
17811,44.27882385,-262.8369446,1118.82605,182.3294148
17812,42.32352448,-265.4423523,1120.569336,182.3278165
17813,42.8041153,-264.0596924,1120.924316,182.3287253
17814,40.7840271,-266.59375,1122.601196,182.327177
17815,42.22207642,-260.8560791,1124.280029,182.3308278
17816,42.13550186,-262.3821716,1123.5896,182.3298747
17817,41.89580154,-262.3134155,1124.055542,182.3299258
17818,42.12963104,-261.3547974,1124.217407,182.3305233
17819,43.22456741,-262.648407,1121.235596,182.329635
17820,39.98532486,-267.8757629,1122.702515,182.3263427
17821,40.57424545,-266.5175171,1123.12439,182.3272523
17822,41.29713058,-265.2210083,1122.976196,182.3280745
17823,41.74744415,-263.8154602,1123.305542,182.3289733
17824,41.06625366,-265.1592712,1123.473877,182.3281319
17825,41.68170166,-263.1915283,1123.907349,182.329381
17826,41.20692062,-264.7709045,1123.57373,182.3283828
17827,41.51361465,-263.7506104,1123.789185,182.3290273
