sample_index,source_index,u,v,x,y,z
0,0,0.2784893198,-0.3794874149,458.6206665,373.9222412,840.710022
1,1,0.3400700369,-0.3537502481,495.1818848,364.6195374,841.9068604
2,2,0.3602653419,-0.3375738358,503.2131653,361.5814819,859.0690918
3,3,0.4197864312,-0.2541732775,549.7401733,328.4132996,846.9233398
4,4,0.4199286934,-0.2286569399,554.0210571,319.6972961,847.7491455
5,5,0.4274898286,-0.2051020724,566.7570801,319.8643188,865.9910889
6,6,0.4372687404,-0.2260913446,560.9176636,301.830719,848.8873291
7,7,0.4415889967,-0.1443767934,565.9822998,282.9500732,850.1785278
8,8,0.4329131656,-0.1068909033,579.2985229,282.631012,872.1526489
9,9,0.4212452338,-0.1069383146,553.1328125,266.8547363,815.6156616
10,10,0.4404260093,-0.1264633517,558.1864014,265.4315796,827.4902954
11,11,0.4116209807,-0.1697405151,554.1066895,284.9083557,827.9713745
12,12,0.3104559688,-0.3607118601,498.9490662,362.5997925,795.2184448
13,13,0.3118791674,-0.3857844698,495.4350891,363.9050903,784.8070679
14,14,0.3230409308,-0.3833436215,498.8097839,361.0979309,785.1018066
15,15,0.3271383565,-0.3620370287,491.2024536,366.3958435,832.8955688
16,16,0.2588864651,-0.3991227322,460.1119385,383.6439514,782.873291
17,17,0.2938300791,-0.3967178926,474.6528625,376.4282532,783.6037598
18,18,0.2809833105,-0.3741703216,480.3108521,372.3630981,804.1755981
19,19,0.3773522353,-0.3692350175,511.5985413,328.7583313,700.194458
20,20,0.3872249454,-0.3825335088,515.4709473,320.5536804,699.9841919
21,21,0.3760064098,-0.3705238186,513.9580688,323.3570251,714.4595947
22,22,0.2009142444,0.2163481439,434.1659546,79.53884888,806.1702881
23,23,0.2157018768,0.1941355561,451.6851501,86.97900391,804.0466919
24,24,0.2105279238,0.1838992443,449.1533508,87.00118256,775.7562866
25,25,0.2406979972,0.1761163349,457.6089783,91.83395386,774.5349121
26,26,0.2648135232,0.05387303899,463.9759521,100.9125671,684.8000488
27,27,0.2622810883,0.04969397059,455.2622681,94.17675781,684.7999878
28,28,0.2371937032,0.08948901114,447.4246216,89.98425293,704.3308105
29,29,0.3260028245,0.213519692,502.8311768,117.6513062,863.1043091
30,30,0.3209673611,0.210194878,510.8260498,124.5858231,862.0383301
31,31,0.330579941,0.2081886764,508.1586304,124.4359436,844.9122314
32,32,0.3843441337,0.09237168766,524.6362915,158.8716125,797.2772217
33,33,0.4173660518,0.06543171405,533.725769,174.328476,797.5424805
34,34,0.4051472725,-0.00762888639,528.5553589,177.5847321,770.7629395
35,35,0.4513522922,0.07633132668,561.3080444,195.7427826,855.87146
36,36,0.4358467944,0.08159205948,564.4607544,204.996933,855.236084
37,37,0.4460735217,0.04105322188,555.3634644,206.8791962,826.5073853
38,38,0.3924749112,0.002414922329,511.9447327,160.5836792,684.8000488
39,39,0.3722134847,0.050172635,500.8170166,141.5850067,684.7999878
40,40,0.3748950425,0.0315153473,504.1574707,147.9753876,701.8617554
41,41,0.1020440168,0.4556244542,393.4456787,200.4399872,1084.899536
42,42,0.01412378425,0.4473672436,345.3144836,200.7687836,1083.592896
43,43,-0.003413353102,0.4052152399,345.3102417,214.8587799,1102.986084
44,44,0.1415232048,0.3785621989,391.4573364,163.35112,1035.36731
45,45,-0.001807146994,0.3606774303,345.3303223,147.882431,1014.728699
46,46,-0.004146473842,0.4378868979,345.319397,184.3308411,1061.476685
47,48,0.4391781277,0.3312752718,618.9497681,204.8526306,1129.730103
48,50,0.4603675622,0.2976398487,626.1184692,206.9872742,1108.366333
49,51,0.4534811783,0.3014369468,624.5634766,204.8934937,1109.927612
50,52,0.4470390075,0.310882104,625.5932617,208.006485,1120.955811
51,53,0.4253519705,0.3344598287,600.6004028,187.3681183,1101.722778
52,56,0.4645544224,0.2741839211,618.6785889,200.3666382,1068.829102
53,57,0.4633087687,0.2829074326,622.3449097,203.4066772,1082.262085
54,58,0.4680349115,0.2601778463,625.6408691,212.7581177,1075.381714
55,59,0.3679146006,0.3420927049,556.2111206,172.1961517,1071.36853
56,60,0.3369808315,0.3361316796,533.2647095,174.6148376,1069.359253
57,61,0.3337979183,0.3510707797,535.446106,181.3365631,1082.289062
58,62,0.4187559374,0.3275033294,595.4621582,182.3614349,1089.902832
59,63,0.4225493665,0.3177608656,593.9962769,180.2269745,1083.264282
60,64,0.4067427754,0.3219439131,588.3418579,178.5889587,1084.428101
61,65,0.4595222941,0.2870534535,619.723877,199.0393982,1085.477295
62,66,0.4451465231,0.2823931739,604.8938599,184.7932281,1063.155029
63,67,0.4442168584,0.2956623243,600.5578613,181.3858032,1065.485107
64,68,0.4389555039,0.3015264497,604.3723755,185.1026306,1079.782959
65,69,0.4817034797,0.2240453218,621.1771851,215.4817963,1041.931396
66,70,0.4770678305,0.1676139569,627.5491333,234.0774994,1029.055542
67,71,0.4770274549,0.1503331313,618.440979,226.31604,1002.323486
68,72,-0.002227541901,0.3337879468,345.3434753,103.933403,946.1785889
69,73,-0.002167814634,0.3468129873,345.3388977,119.2338486,973.1660156
70,74,0.08549129248,0.3336377693,388.4833069,120.1036835,973.3307495
71,75,0.1180550543,0.3564209084,389.283905,130.471817,989.8464966
72,76,0.08789987591,0.3589400508,390.0531311,141.3302002,1005.737976
73,77,0.2181507818,0.3462715165,434.5458374,142.1331329,1006.431885
74,78,0.3224829394,0.2901527744,516.0186768,136.1818237,982.6337891
75,79,0.3231706768,0.289846917,514.2266235,133.1791077,973.6741333
76,80,0.3003274328,0.308736527,494.3181152,129.1061859,973.9054565
77,81,-0.004991037613,0.3033018867,345.3469543,92.33306885,921.8145142
78,82,0.07673528634,0.3237120204,386.8285522,101.6839447,939.0415649
79,83,0.2007461017,0.2939235848,444.2325745,96.18993378,903.0264282
80,84,0.1697863026,0.3001008309,424.6852112,92.32337189,903.6695557
81,85,0.1402878541,0.3029528568,426.3292542,98.46495819,921.1473389
82,86,0.3906103061,0.2977222824,548.7097168,151.44104,1017.576416
83,87,0.3876859588,0.3114435319,550.824646,154.1805115,1025.96936
84,88,0.3965053517,0.3010899883,556.0253296,154.8040314,1025.902588
85,89,0.3826768628,0.2625190736,548.7678833,144.2949219,961.9858398
86,90,0.3829381096,0.2610966739,551.3261719,145.7444305,971.3451538
87,91,0.3882961767,0.253788147,555.8162231,148.6385193,970.3220825
88,92,0.3649124829,0.2572704649,541.9262695,140.3241425,953.2935791
89,93,0.3557097034,0.2548747677,537.5863037,137.969986,953.8550415
90,94,0.3670841518,0.2671307684,539.8890991,139.5083771,963.3047485
91,95,0.3565152585,0.2503911156,528.8641968,133.6648712,915.7695312
92,96,0.3717635523,0.2388699889,536.6676636,139.7372131,914.5884399
93,97,0.3650759307,0.2290896382,532.4037476,139.1114807,895.8983765
94,98,0.457509257,0.07808915588,577.3734741,214.3684235,883.4465942
95,99,0.4445301158,0.1057735684,574.6015015,204.922226,885.0093994
96,100,0.4604802976,0.04609090993,585.187439,224.7504425,895.9701538
97,101,0.462790845,-0.08095903103,650.3889771,332.078064,987.5172119
98,102,0.4636396964,-0.0702107164,651.946167,330.0027771,989.0490112
99,103,0.4569602272,-0.07556515074,653.7411499,331.6826477,994.625061
100,104,0.4431160411,-0.1392439976,633.8103638,350.0571594,994.5734253
101,105,0.4518489085,-0.1500990906,633.0748291,349.081543,988.3904419
102,107,0.4756113812,-0.03304257386,643.1665649,300.5991821,969.6762085
103,108,0.4748426302,-0.03366559791,648.6817627,304.3209229,980.4755859
104,109,0.4743853739,-0.03786009705,648.2416382,309.1575623,977.135498
105,110,0.4661542463,-0.07786294947,649.961792,328.2870789,983.5541382
106,111,0.4684409404,-0.07726788277,647.7982788,326.5342712,978.145752
107,112,0.4684299302,-0.06202138374,650.2890625,322.1358948,981.3041992
108,113,0.4568045827,-0.1044793033,631.8397827,327.788269,951.965271
109,114,0.4598057979,-0.115229657,628.3929443,331.7731628,949.401001
110,115,0.4556077923,-0.1271733974,623.1246948,328.4598999,939.8948975
111,116,0.4388314715,-0.1924451509,615.992981,354.120575,984.4628906
112,117,0.4348088561,-0.2019184351,609.9899902,355.0754089,983.6884155
113,118,0.4359415838,-0.1973431577,608.5031738,353.7090149,971.3964233
114,119,0.4402473934,-0.1842971172,613.3707886,351.8390503,966.3491821
115,120,0.4426085235,-0.1898866264,612.1707153,350.9457092,960.6969604
116,121,0.4459016619,-0.1783849745,617.7481079,349.260376,961.8876953
117,122,0.4479027835,-0.1775065619,616.2977905,348.2190247,956.4537354
118,123,0.002583352523,-0.4454083333,346.302948,393.1555481,820.8377075
119,124,0.1113572376,-0.4302717504,381.9883728,391.6282654,820.7019043
120,125,0.09591464779,-0.4267671803,383.4718933,384.8748779,839.2183228
121,127,0.4649924969,0.03612925923,659.4180908,306.4052429,1059.713379
122,128,0.4764554077,0.06055963129,652.3570557,284.9241333,1050.340454
123,129,0.4238923054,-0.2708254334,557.380249,365.4423828,1016.054138
124,130,0.3789465568,-0.2933687279,538.7367554,367.7156982,1014.400574
125,131,0.378809757,-0.295134577,538.7116699,365.3539429,989.8151855
126,132,0.2154232784,-0.3520047766,448.1013184,375.7485046,1008.5495
127,133,0.1921189794,-0.3422373615,436.2889404,376.4298401,1008.052002
128,134,0.2490633019,-0.3560389677,442.2774048,373.5817566,984.0228271
129,135,0.1318054895,-0.3973126213,393.8119812,375.6629639,982.659668
130,136,0.1303429761,-0.3631481678,395.8737183,378.1283875,1006.809082
131,137,0.1035669107,-0.3715757735,384.2753601,378.4354553,1006.583374
132,138,0.0514435362,-0.358175197,355.3847351,378.8507385,1006.275391
133,139,0.03054015191,-0.366725617,346.0909729,378.8783264,1006.253296
134,140,0.1222233226,-0.3870715431,393.3935242,373.0054932,957.1727295
135,141,0.2735764954,-0.3354721283,476.5985413,373.7590027,1010.000427
136,142,0.4113731641,-0.2300913716,589.3731689,361.0596619,1019.22821
137,143,0.4425565239,-0.1350160805,634.6740112,352.6340637,1014.083801
138,144,0.4420447903,-0.1372247884,636.9906006,353.2556763,1024.945068
139,145,0.4329361723,-0.1763847442,618.4997559,356.5499268,1022.474915
140,146,0.4446529403,-0.1206823144,643.4104004,351.9222717,1025.978149
141,147,0.4501937437,-0.1206793073,646.0029297,350.4938965,1023.068054
142,149,0.448058017,-0.1119900502,648.6882324,349.3717651,1023.897766
143,150,0.4475764647,-0.1092902666,648.3004761,350.2306824,1027.273071
144,151,0.4475706663,-0.1015861079,651.2503662,348.0702515,1024.85791
145,153,0.4474417054,-0.09272713054,653.6744385,346.6034851,1025.937988
146,155,0.4504128582,-0.09119369302,655.9446411,344.9820557,1027.130615
147,156,0.455614675,-0.08698853954,654.7550049,346.7218628,1029.926758
148,157,0.4499101705,-0.07938104964,658.0445557,343.2154846,1028.428589
149,158,0.4525571627,-0.08135450145,658.1504517,344.0864563,1031.908936
150,160,0.4503590995,-0.06885465451,659.9559326,341.3132019,1029.824951
151,162,0.4597111068,-0.04589134955,663.8016357,333.2729187,1028.529541
152,163,0.4555706646,-0.04819886,664.5274658,335.8417053,1038.09021
153,164,0.454774175,-0.05870226942,663.3082275,338.0774231,1036.415283
154,166,0.4558495631,-0.04167582846,664.7111206,330.9358826,1030.257446
155,168,0.4609721315,-0.0188744405,665.5482788,326.0953064,1033.833984
156,169,0.461683504,-0.02756188252,666.005249,331.1170654,1041.629761
157,170,0.4590449707,-0.03115356097,665.3067627,328.5342712,1032.032104
158,172,0.457817873,-0.03736108407,665.4401855,333.5145569,1039.833496
159,174,0.462702892,-0.01823640856,665.9622803,326.4779663,1040.697754
160,175,0.457441936,-0.02771721669,666.1722412,328.598175,1043.516846
161,178,0.4582346953,-0.009408233494,665.0970459,323.5547791,1047.247192
162,179,0.4581706194,-0.01859832438,665.8306885,325.9458618,1045.50293
163,180,0.4624275798,0.003428495429,663.4591675,316.4896545,1040.928711
164,181,0.4580676443,-0.01288401821,664.8612061,321.257782,1037.40918
165,182,0.4748316689,0.1777301074,645.1218872,263.2842102,1091.073364
166,183,0.4710748815,0.1117181363,651.3024902,281.9519653,1077.50708
167,184,0.4749588962,0.05392902386,655.3596191,294.1847839,1068.608765
168,185,0.4527156809,0.2951594338,630.4041748,216.9365997,1114.367798
169,186,0.4566615408,0.2950102067,631.4012451,221.6839905,1121.243896
170,187,0.4603629743,0.2890192175,631.9151001,221.6978149,1110.857544
171,188,0.4536839298,0.2833433965,633.1771851,227.0826263,1117.333618
172,189,0.4631777767,0.2632648498,634.9540405,231.2104492,1103.844238
173,190,0.4687030491,0.2789302573,637.9943848,241.7039185,1106.735474
174,191,0.4807130981,0.2320519,641.1056519,250.2002869,1089.839844
175,195,0.4407899018,0.3232932573,621.4354248,206.2344513,1128.7146
176,196,0.4431501814,0.3187911908,621.4718018,204.4580383,1123.583374
177,197,0.4383542399,0.3269109694,618.7278442,206.0405273,1132.708008
178,200,0.4323773214,0.3315118348,614.9073486,203.2287445,1130.92688
179,203,0.4241497639,0.3379084323,613.7514648,204.2724457,1133.961182
180,210,0.4090322889,0.3515844046,601.2114258,203.1501923,1134.638428
181,212,0.4202811109,0.3424831496,605.1098022,203.0699768,1134.746094
182,214,0.4041471265,0.358608431,597.5237427,203.5508423,1134.296753
183,215,0.2606348269,0.4199845477,490.7483826,206.8911133,1109.131958
184,216,0.1908914993,0.4503318326,442.3654785,211.3881836,1105.820679
185,217,0.2342190356,0.4453745233,463.0196533,220.9474792,1121.565552
186,218,0.2686720798,0.4450700588,479.7497864,219.4530182,1122.633301
187,219,0.256376314,0.4173736081,490.556366,218.3805237,1123.399658
188,220,0.2586710419,0.4166244796,490.8125916,213.3126068,1117.43335
189,221,0.003414045169,0.4509660156,345.3069763,225.820755,1118.073975
190,222,0.02084062275,0.4575380765,358.2728271,225.7652893,1118.116211
191,223,0.1313479321,0.4445526532,395.5102844,224.9450531,1118.707397
192,224,0.09446567794,0.4605801612,393.8668213,214.0535583,1103.773193
193,225,0.155187837,0.434673283,432.7008667,223.1446686,1119.995605
194,226,0.1896294919,0.4294682822,442.7070007,222.492157,1120.461914
195,227,0.07588098919,-0.4739895816,374.4989929,430.1365051,684.7999878
196,228,0.05198404561,-0.4764160313,362.8667603,428.759552,709.479248
197,230,0.004589997304,-0.4815442421,346.4268494,430.1833801,705.0847778
198,231,-0.02003559999,-0.4756392087,346.4060669,427.1575012,723.6662598
199,232,0.02765716999,-0.4819800282,362.5155029,424.2265015,733.7553101
200,233,0.0006196616348,-0.4758473528,346.3955994,425.0881348,733.1743164
201,235,0.03633737563,-0.461571943,362.4685974,417.3602905,757.0577393
202,237,0.06592858946,-0.4326965887,362.6751099,409.0937805,779.2575684
203,238,0.001365229649,-0.4349866751,346.3450317,409.0914612,780.6511841
204,239,0.0637114472,-0.4593698291,363.0922241,400.7557068,800.432373
205,241,0.001056191676,-0.4006973306,346.275116,383.3438416,847.2208862
206,242,0.122304199,-0.4076459112,385.1097412,379.2308655,856.1369019
207,244,0.007451484607,-0.3741790724,346.1614685,372.6948242,947.3858643
208,246,0.1019325839,-0.3938290423,392.5753784,370.9303589,935.2299805
209,248,0.08081916084,-0.391756269,391.432312,370.0820618,916.7612915
210,249,0.01321895157,-0.4047652712,346.2140503,371.0546265,902.7365112
211,250,0.120438384,-0.4097905826,390.0395203,370.4434204,900.6954346
212,251,0.007979124046,-0.4230298731,346.2299194,372.4156799,888.7857666
213,252,0.09741794874,-0.3956101144,388.4718018,372.030365,885.9397583
214,254,0.08751726453,-0.3975925091,386.8034668,374.9324951,871.4326172
215,255,0.2268340121,-0.3730231307,441.4564209,370.9907532,958.6148071
216,256,0.2499651231,-0.3739004482,439.8596497,368.9281006,936.6811523
217,257,0.2065425731,-0.3879896925,437.6177063,367.9604492,918.1104736
218,258,0.1957046346,-0.3842200143,434.8618774,368.088623,901.8804932
219,259,0.2402917757,-0.3822314606,431.7226257,369.3589172,886.9120483
220,260,0.2264659622,-0.3813045332,428.3295593,371.875061,872.1784058
221,261,0.1795010285,-0.3849889515,424.8140869,375.6924744,856.725647
222,262,0.3204420394,-0.3086274412,516.7924805,370.1184082,1012.652039
223,263,0.3405832115,-0.3259703156,490.5961609,370.1384583,986.4092407
224,264,0.3068151432,-0.3244036592,489.3927917,367.6374817,961.0469971
225,265,0.3448174059,-0.3458048767,487.0610962,365.5600891,939.0591431
226,266,0.3491728536,-0.3558176221,483.7653198,364.3656921,920.3037109
227,267,0.3228493008,-0.3547548062,479.6705933,364.0881958,903.8071289
228,268,0.3095832211,-0.3562275447,474.9407349,364.8282776,888.5067139
229,269,0.331607243,-0.3676697245,469.7386475,366.7210693,873.4232788
230,270,0.3009045279,-0.3665900321,464.2295532,369.8020325,857.7042847
231,271,0.1695535634,-0.3956544517,421.3275452,380.7120972,839.8109741
232,272,0.4198707607,-0.219416646,571.0482178,333.806427,880.6021729
233,273,0.4183215875,-0.2197311197,565.1268311,332.9779053,872.3279419
234,274,0.4160889586,-0.2190328707,561.9799194,328.4888916,864.5621948
235,275,0.421330025,-0.2345989106,561.7904663,336.5872192,871.668457
236,276,0.4169441135,-0.2284843354,567.4915161,337.1855164,879.9127197
237,277,0.4184475952,-0.2401792057,563.6755981,340.2963257,879.3031006
238,278,0.4201902856,-0.2240759568,568.9959717,340.9803772,887.4255981
239,279,0.4127442948,-0.2421118776,564.7349854,343.6300964,886.8359985
240,280,0.4138086838,-0.2427671042,569.6237793,344.3756104,894.895874
241,281,0.41011419,-0.2598981758,564.9638672,346.5877075,894.3242798
242,282,0.4196071008,-0.2305906338,574.2548828,345.3871765,902.987915
243,283,0.4261597395,-0.2130311106,573.0401001,338.1295776,888.0467529
244,284,0.4173601912,-0.225392869,574.1032715,341.9739075,895.5001221
245,285,0.4162257658,-0.219890795,578.9578857,343.2385254,903.6049805
246,286,0.4239090671,-0.2299061417,583.5203247,344.7180786,911.8362427
247,287,0.4123441721,-0.239590053,572.0203857,350.975769,918.4789429
248,288,0.4175641224,-0.2591570554,568.3626709,349.9948425,910.036438
249,289,0.422307765,-0.2280531366,578.5943604,346.615387,911.2089233
250,290,0.4163510864,-0.2452379815,569.3960571,347.3732605,902.4002686
251,292,0.4277283662,-0.211095394,588.3081055,342.6942139,912.4862671
252,293,0.4263267175,-0.2131491303,583.4943848,340.9382935,904.2473755
253,295,0.4095266659,-0.2567493392,560.1375122,348.5983887,893.7890015
254,296,0.4095924275,-0.2519542304,564.3929443,349.1866455,901.8453369
255,297,0.4006851381,-0.276720041,557.6906128,352.7684021,908.9900513
256,298,0.4065376074,-0.2647481348,564.1547241,354.3065186,926.1848145
257,301,0.4339645146,-0.1795269996,592.7727661,325.4347534,900.5817261
258,302,0.4237612577,-0.1962235413,577.2459106,326.0583496,882.4205322
259,303,0.4348069904,-0.1743669503,584.4874878,312.7420959,885.9971313
260,304,0.4209193494,-0.176406556,570.7836304,310.8700256,867.4794922
261,305,0.4341412257,-0.1366020426,588.3319702,303.4906311,888.5456543
262,306,0.4328775545,-0.1777394771,574.2249756,301.641449,869.0066528
263,307,0.4360821153,-0.09385432588,591.3991699,294.0639954,891.1419678
264,308,0.4371548911,-0.1591748785,595.612854,321.0915527,902.2260742
265,309,0.42939866,-0.199560771,579.8643188,321.7712402,883.5220337
266,310,0.4451875572,-0.04046464531,595.0474854,274.7157898,896.5194092
267,311,0.4439356315,-0.03230166012,602.3105469,276.4848633,907.739502
268,312,0.4451307637,-0.0537572419,601.9036865,281.3627319,906.0735474
269,313,0.465880334,-0.02545850399,602.177002,266.8415527,911.0345459
270,314,0.4552143879,-0.02100911778,609.0355225,269.214325,922.6671143
271,315,0.4594521295,-0.02344662357,609.5792847,278.8052673,918.8171387
272,316,0.4485011493,-0.06435602675,593.6797485,284.4695129,893.7904663
273,317,0.4439063163,-0.0755482719,601.0695801,286.2476807,904.4286499
274,318,0.4542793758,-0.09625126228,606.0618896,298.122406,911.1733398
275,319,0.445864715,-0.1459879614,602.6224976,307.4633484,907.5244141
276,320,0.4608820967,-0.09098614806,620.382019,304.0397949,930.760498
277,321,0.4523504944,-0.1370387604,619.5923462,332.4709167,937.5061646
278,322,0.455166257,-0.1365113166,614.1211548,329.3688049,928.4226074
279,323,0.4582680292,-0.1272461905,617.3931885,325.189209,930.7102051
280,324,0.4640835386,-0.06804895225,633.6905518,311.1046753,950.3585205
281,325,0.4605948056,-0.08609501272,631.6325073,315.6399841,947.6051636
282,326,0.4332144494,-0.1449227426,598.1914062,316.5896912,903.9781494
283,327,0.4578775928,-0.1283330909,616.4485474,313.2122192,926.1430664
284,328,0.4541803332,-0.1013175727,622.9860229,316.5448608,935.4721069
285,329,0.4532080868,-0.1437044577,611.2758789,322.0552979,921.7327881
286,330,0.4562062604,-0.1246649095,620.3511963,320.9189758,933.0567017
287,331,0.4609993798,-0.1062431994,626.3209229,324.3222961,942.3709106
288,332,0.4567547564,-0.1082102962,629.1657104,320.0489807,944.940979
289,333,0.4650220032,-0.09000821061,634.9067993,323.6278992,954.6541748
290,334,0.4597103762,-0.05322379804,622.9695435,294.559082,935.569458
291,335,0.4583918289,-0.05613438447,608.4734497,288.5661316,914.9281616
292,336,0.4603067755,-0.03927544001,609.2913818,283.6790161,916.8621826
293,337,0.4677047939,-0.003501279938,616.7611084,281.6166992,929.7483521
294,338,0.4715467355,-0.018887127,623.7636719,284.8309021,940.5551147
295,341,0.4668681229,-0.0235329767,616.5979614,286.4819641,927.5134888
296,342,0.4658659985,-0.03453615347,623.7310791,289.6842041,938.0551147
297,343,0.4682316522,-0.02193444341,630.494751,288.34021,951.2889404
298,345,0.4666880841,-0.04509010854,630.5985107,293.1795654,948.5431519
299,346,0.4687805203,0.03439183652,618.7695923,256.3084412,955.1947632
300,347,0.4744585153,0.01658279399,622.3991699,275.3475952,945.4465332
301,348,0.4651473633,-0.04811759867,636.4614868,301.7061768,956.0891724
302,349,0.4626993144,-0.07063752887,635.3084717,306.4559631,953.1900024
303,350,0.4548118071,0.02475850162,600.4527588,247.4503479,917.5967407
304,351,0.4582307247,0.03695062715,606.6702271,249.9344635,930.3336792
305,353,0.4223654821,-0.2163505349,576.8411255,335.0015869,888.7671509
306,356,0.4256703055,-0.2166842163,580.4539185,338.022583,896.4749146
307,357,0.4330061152,-0.193732228,587.8278198,338.3511047,905.0237427
308,359,0.43338366,-0.197282099,592.9152222,340.383667,913.2843628
309,362,0.438261366,-0.1898664513,595.2520752,343.6401367,921.3255005
310,363,0.439746676,-0.2022076148,602.0134888,344.7613831,930.6411133
311,365,0.4441595724,-0.1926231076,604.0250244,345.8600159,935.2511597
312,368,0.4440520278,-0.1933566025,603.2560425,347.7874451,939.5369873
313,369,0.4469136435,-0.1846914748,607.68573,347.9970093,944.909668
314,370,0.4424521616,-0.1908480193,602.2015381,349.4363403,944.0808716
315,371,0.429891353,-0.2325704217,580.8567505,354.4973145,946.6157837
316,372,0.4187622909,-0.2440920969,578.2941284,353.2652588,936.6411133
317,373,0.4385031764,-0.2206886159,589.5223999,350.9998169,937.869812
318,374,0.4146317502,-0.2494814686,575.3397827,352.0804138,927.3030396
319,375,0.4256187913,-0.2263462653,586.2622681,349.4806824,928.5180054
320,376,0.4199326433,-0.2332759967,582.6081543,348.0003967,919.6755371
321,377,0.4298971981,-0.2246255417,587.7512817,346.3455505,920.3103027
322,378,0.4349389651,-0.2117853262,596.8790894,346.5438538,929.8165283
323,379,0.4332552685,-0.2003506046,598.7681274,347.5214233,934.4237061
324,381,0.4449713371,-0.1925885883,603.7341919,350.3602905,949.159729
325,382,0.4456950374,-0.1737034562,609.3215332,349.02005,949.9868164
326,383,0.4390013224,-0.1928132101,606.4025269,352.1157227,959.8788452
327,384,0.422530249,-0.2113733244,574.3095703,330.0861206,881.4425049
328,385,0.4284709557,-0.2143754594,580.3496704,331.4758301,889.6930542
329,388,0.4293608448,-0.2007210907,584.3779297,334.9315491,897.3551025
330,394,0.4368355381,-0.1916145705,600.0043335,341.3175659,922.3273926
331,395,0.4453715789,-0.1794678416,606.8969116,342.4101257,931.8547974
332,400,0.4462371488,-0.184325399,608.5206909,345.9519348,940.5678101
333,401,0.4500868834,-0.1691075756,612.9447632,345.9962463,946.1351318
334,405,0.4433783486,-0.178353855,610.8187256,350.0045776,955.2457886
335,406,0.4244018372,-0.1876799454,587.9912109,331.4118652,898.4811401
336,407,0.4354011905,-0.1688783119,593.7827759,333.5588989,906.7453003
337,408,0.4403048529,-0.1702095547,599.2944336,335.9394531,915.1091309
338,409,0.4457169794,-0.1784996856,604.4632568,338.4635315,923.6837769
339,411,0.4413402846,-0.1724675176,611.4359741,342.3149719,937.2218018
340,414,0.4470898718,-0.17075897,617.2823486,345.9927368,951.9522095
341,417,0.4495105166,-0.1821159453,619.0375366,350.2481384,967.5164795
342,420,0.4501730412,-0.1704759391,611.4727783,339.5417175,933.4237671
343,422,0.4482884151,-0.1565970275,615.9048462,342.1953735,942.8173828
344,425,0.4469527247,-0.1629238034,621.5199585,345.9454346,958.0124512
345,426,0.4470430322,-0.1639154687,623.0830078,347.1047668,963.4185181
346,427,0.4479279526,-0.1697451591,624.4779663,348.2094116,969.0095825
347,428,0.4364264466,-0.1766573974,598.9731445,327.8204041,909.0581665
348,434,0.4525700302,-0.1543583285,620.2911987,342.0514526,948.6415405
349,435,0.4491098767,-0.1513776198,622.2327271,343.3666077,953.6965332
350,439,0.3814668727,-0.2943310451,537.1463013,362.9564819,964.4662476
351,440,0.3749083631,-0.2938596488,534.1187134,360.8128052,942.3614502
352,441,0.418582792,-0.2595488273,557.5731812,357.9189453,944.3583374
353,442,0.4284577957,-0.2238099311,583.0009155,355.7572327,957.3312988
354,443,0.4273418269,-0.2278060068,584.7000122,357.0183716,968.8577271
355,444,0.4165735745,-0.2356591226,585.9275513,358.2164612,981.1651611
356,445,0.4119431077,-0.2338098392,586.6567383,359.3790283,994.2132568
357,446,0.4338364721,-0.1867672066,610.9368286,357.2087402,1010.534241
358,447,0.4388135614,-0.1848319378,610.5258179,357.8449707,1021.537292
359,448,0.4555448582,-0.1543728444,630.9859619,346.9370117,976.5037842
360,449,0.4525052203,-0.1533837131,632.1303711,348.0424805,982.3672485
361,450,0.4484850105,-0.1743782201,626.7305908,350.204071,980.7211304
362,451,0.4383374011,-0.1842824228,614.4122925,352.6677246,972.1967163
363,452,0.448229701,-0.1860542898,620.1587524,351.1660156,973.3339233
364,453,0.4475489416,-0.1803299435,621.8662109,352.782196,985.520752
365,454,0.4481406484,-0.1716771536,625.6965942,349.2437744,974.7785645
366,455,0.4464145155,-0.1673768951,627.5716553,351.092926,986.8374634
367,456,0.4421058189,-0.1551140116,628.2114868,351.913269,993.1271973
368,457,0.4314923934,-0.1928164113,610.8166504,356.233429,996.7385254
369,458,0.4400578989,-0.167545484,622.4375,353.4859314,991.8894043
370,459,0.4359918398,-0.1611870801,622.8103638,354.1235962,998.4413452
371,460,0.4374774814,-0.1617961956,622.9310303,355.2114258,1012.093018
372,461,0.4458738472,-0.1559005006,608.2509766,326.3729248,919.5890503
373,462,0.4412300197,-0.1614481689,604.9093018,330.474823,917.6004028
374,464,0.450122183,-0.1626576902,610.5101929,333.303833,926.3126831
375,466,0.4516260646,-0.1525692931,615.7044678,336.2091675,935.3164062
376,467,0.4528736778,-0.1508444688,618.1268921,337.6609497,939.96698
377,468,0.4544398577,-0.1260708224,629.0375366,338.6307983,956.8910522
378,469,0.4570497864,-0.1422219613,624.777771,338.865387,950.7129517
379,472,0.455328976,-0.1313942428,624.5895386,335.5851746,946.9595947
380,474,0.4469956337,-0.1394915054,622.1549072,334.0319519,942.1795654
381,475,0.4625985269,-0.1082415069,634.4053955,329.5184937,956.8988647
382,480,0.4620377673,-0.1346306254,632.861145,341.5451355,967.3856201
383,483,0.4525113761,-0.1428692971,634.5153809,342.9385376,972.8629761
384,487,0.453284145,-0.1393715537,635.9854126,344.2740479,978.4869995
385,490,0.4619187481,-0.1004625889,642.8257446,339.5859985,981.965332
386,491,0.4731974334,-0.06304619011,645.3168335,318.5082703,970.682373
387,492,0.4705055344,-0.0759027297,645.4660034,324.7536011,972.8364258
388,493,0.4654226727,-0.07920828325,642.9751587,322.949707,967.6233521
389,494,0.4592612911,-0.08094812555,637.559021,319.296936,957.4639893
390,495,0.4694079196,-0.08850909352,646.8093872,332.4074402,980.5495605
391,496,0.4704849785,-0.08167112565,644.7493286,330.6981812,975.1580811
392,497,0.4691332866,-0.07921764932,642.5189819,328.9603577,969.8774414
393,498,0.4728638501,-0.08813590506,640.1282959,327.1985779,964.7040405
394,499,0.4721141389,-0.04661751224,647.0932617,313.8996887,973.8615112
395,500,0.4743252417,-0.02420730551,636.8619385,292.0288696,962.0236206
396,502,0.4666672228,-0.03811249549,637.1079102,296.8542175,959.055603
397,503,0.4669619724,-0.04703156177,642.6098633,305.4415283,966.5072632
398,506,0.4781503569,-0.01459514216,642.772644,295.7859497,972.838623
399,507,0.4714714622,-0.01983302993,648.1341553,299.516449,983.800354
400,508,0.4692315395,0.006395719539,634.7368774,282.6359558,967.8095703
401,509,0.4638890406,-0.03455058876,653.2680664,312.7852783,988.0222778
402,511,0.466980667,-0.02327945533,653.5606689,307.9489441,991.4970703
403,513,0.4675881618,-0.03019122483,657.7844238,313.8575745,1000.952026
404,514,0.4636784678,-0.03657429637,657.6005859,316.2774353,999.1688843
405,515,0.4610911593,-0.04081652084,657.1710815,318.6790161,997.399231
406,516,0.465528925,-0.04397958109,654.4182129,319.3114014,990.0986938
407,519,0.4585318175,-0.1144695766,639.7115479,344.1723328,985.2902832
408,521,0.4576364813,-0.1021042943,644.319397,341.0865173,987.6063232
409,522,0.4587916463,-0.09271109625,646.4611206,339.3889465,988.8769531
410,523,0.447508021,-0.119746042,640.8579102,345.4844666,991.1384888
411,525,0.454889147,-0.09936694944,645.6106567,342.5456238,993.3632812
412,526,0.4501627152,-0.09710826501,647.8217163,340.9042358,994.6008301
413,527,0.4535082938,-0.09505299963,649.9104004,339.1570129,995.9155273
414,528,0.4434366186,-0.1372097746,634.328064,350.9725342,1000.916626
415,529,0.4440919912,-0.1204140902,639.1963501,347.9345398,996.2115479
416,531,0.4483649932,-0.1097450845,644.293335,345.4249573,998.1297607
417,532,0.4486783429,-0.1030583267,646.6896973,343.9675293,999.2363892
418,533,0.4499077062,-0.0963097957,648.9705811,342.3859558,1000.43335
419,534,0.4539948097,-0.09835530316,651.1258545,340.6880493,1001.715088
420,535,0.4545488988,-0.09067547204,653.144165,338.8799744,1003.076782
421,536,0.4571110227,-0.07773987326,655.0137329,336.9672852,1004.514465
422,537,0.4523105145,-0.082423908,651.8665161,337.3091736,997.3032227
423,538,0.453413942,-0.09472200829,648.4837646,337.595459,990.2174072
424,540,0.4622770422,-0.1086356292,641.1395264,338.0394897,976.4399414
425,541,0.4591278497,-0.1151615802,637.2302246,338.2226257,969.7637329
426,542,0.4644829205,-0.1238472507,633.1908569,338.4129333,963.2478027
427,543,0.4675501166,-0.09585259358,636.8285522,331.2351379,961.9370728
428,544,0.4669354568,-0.09709447213,639.0993042,332.9311523,967.0883789
429,545,0.4616157495,-0.09268375586,641.2078857,334.6008911,972.3590698
430,547,0.4610271328,-0.08204807606,648.6889648,334.078064,986.0400391
431,548,0.4548590667,-0.07862598296,652.1340942,333.7376709,993.0947876
432,549,0.4598437096,-0.07187272692,655.3363647,333.3319702,1000.283081
433,550,0.4541672509,-0.1189356741,630.8292236,333.4197693,954.3075562
434,551,0.4628272375,-0.1121649977,633.1206055,335.0480957,959.3310547
435,556,0.4576204369,-0.08756522908,650.3780518,335.7102966,991.6243896
436,557,0.4545090848,-0.0766804475,653.6790771,335.3656616,998.760376
437,558,0.4607677293,-0.06525205328,656.7216187,334.9563904,1006.023499
438,559,0.4581735005,-0.05784095189,656.460022,327.3457947,997.8510132
439,560,0.4587323854,-0.06138498951,654.5886841,325.6448364,992.2640381
440,561,0.4629738818,-0.05207835909,657.5429688,325.0759583,999.538147
441,562,0.4608274356,-0.04953225073,656.5142822,321.0480042,995.6533203
442,563,0.4622486537,-0.05197168301,658.4196777,322.7489624,1001.266907
443,564,0.4651416152,-0.0435579094,660.1237793,324.4205933,1006.940491
444,565,0.462885745,-0.04945912032,659.2375488,326.7498169,1005.202087
445,566,0.4580369168,-0.05854644332,660.8344116,332.2961731,1015.038818
446,567,0.4583278058,-0.05674754618,659.5934448,330.6656494,1009.237427
447,568,0.4610740283,-0.05708800169,658.1318359,329.0174866,1003.508545
448,569,0.4556542804,-0.0704267221,657.8864746,336.5613403,1011.847351
449,570,0.4542957927,-0.07768556201,656.1278076,338.5479431,1010.357849
450,571,0.4531011364,-0.08833844346,654.2009277,340.4275208,1008.946045
451,572,0.456146532,-0.09722857888,652.1199341,342.1933594,1007.616821
452,573,0.4546330227,-0.09945109389,649.8977661,343.8388367,1006.375122
453,574,0.4499832279,-0.1086077882,647.546814,345.3567505,1005.226257
454,576,0.4497077608,-0.1151955871,642.5032959,347.9724426,1003.234192
455,579,0.4450231191,-0.124016607,643.2098389,351.4209595,1022.379944
456,580,0.4574872006,-0.06966960809,661.1746216,337.6847229,1025.265381
457,581,0.4554589495,-0.08041869735,659.513916,339.7342529,1023.747437
458,582,0.4556733458,-0.06712439589,659.461731,334.4747925,1013.409485
459,583,0.4539694732,-0.06500582273,658.8206787,338.1520996,1017.755188
460,584,0.4565275929,-0.07162946343,657.0111084,340.1126099,1016.291016
461,585,0.4536358696,-0.08106360804,657.6533813,341.666748,1022.314331
462,586,0.4531768296,-0.0843907794,655.0266724,341.9570923,1014.911072
463,587,0.454908958,-0.09293611771,655.6112671,343.4735718,1020.972351
464,588,0.4522882605,-0.09361762372,652.8827515,343.6779175,1013.620911
465,589,0.4502756525,-0.08813052136,653.4042358,345.1463013,1019.727844
466,590,0.4511199817,-0.100882272,650.5934448,345.2674866,1012.426208
467,591,0.4504746176,-0.1023509495,651.0475464,346.6763,1018.587036
468,592,0.4508220611,-0.1059218197,648.1720581,346.7175903,1011.332947
469,593,0.4524431461,-0.1136592503,648.5558472,348.0545044,1017.55658
470,595,0.4474441836,-0.1107582043,645.942627,349.2683716,1016.64563
471,596,0.4505843258,-0.1179612217,642.9832153,349.1559143,1009.4823
472,597,0.4546214308,-0.06861319559,661.819519,340.2043762,1034.821289
473,599,0.4662438607,-0.01904972684,657.397583,309.0238647,1004.513123
474,600,0.468633382,-0.01838092316,661.0394287,314.782074,1014.130005
475,601,0.4652325623,-0.02289428727,661.2427979,317.1996155,1012.326477
476,602,0.4640644751,-0.03422699481,661.1505737,319.6271057,1010.515869
477,603,0.4652489773,-0.03748932823,660.7695312,322.0409851,1008.715637
478,604,0.4683842307,-0.01207849972,652.8536377,303.1484985,994.9477539
479,605,0.4657093195,-0.008259094445,656.838562,306.6365967,1006.270447
480,606,0.4672069093,-0.004439684697,659.9962769,309.9853821,1017.702576
481,607,0.4656784778,-0.01242094659,665.3968506,323.6564331,1035.636108
482,608,0.4599360638,-0.04816888572,661.9837036,330.0339355,1016.729492
483,609,0.4596020828,-0.03921438076,662.8847046,327.7002258,1018.47229
484,610,0.4599450335,-0.03808954542,663.510498,325.3093567,1020.256653
485,611,0.4603587952,-0.02960594264,663.8294067,322.8824768,1022.067383
486,612,0.4618411516,-0.0205356774,663.8104858,320.4482727,1023.884033
487,613,0.4626693823,-0.01246927044,663.4537964,318.0378113,1025.683594
488,614,0.4640862599,-0.002955200651,662.2340698,313.2504272,1029.250732
489,615,0.4658046953,0.02705909619,658.9139404,303.8016968,1036.280151
490,616,0.465767746,0.02384074465,660.1935425,307.018158,1047.911499
491,617,0.4719571812,0.008655704643,645.3812256,290.1631165,990.2785645
492,618,0.4754240904,0.05755670258,639.6553955,271.4510193,1003.218811
493,619,0.4748212512,0.000264355908,649.8592529,293.7874756,1001.67804
494,620,0.4745149232,0.06614535563,647.3119507,278.4930725,1026.988892
495,621,0.4723253106,0.01060630075,653.6630859,297.2499084,1013.178345
496,622,0.4691076015,0.0222998629,656.7092285,300.5670471,1024.708618
497,623,0.4792801838,0.03917446261,629.9526367,263.8117676,979.354187
498,624,0.4662817972,-0.05058234107,652.1422119,317.5368958,984.6081543
499,625,0.4621131383,-0.0564995308,652.5281982,323.9088135,986.7467041
500,626,0.4641595271,-0.06313770681,653.3502197,327.85672,990.6325073
501,627,0.4567982546,-0.06525364139,655.1878052,329.5501404,996.211792
502,628,0.4634941193,-0.06349072306,656.8258057,331.2138367,1001.867249
503,629,0.4626090057,-0.05631147835,658.2539062,332.8535156,1007.599426
504,630,0.4568125579,-0.05708082839,662.6124268,335.5274353,1026.861816
505,632,0.4122320749,0.178378912,557.6591797,169.4203339,890.8833618
506,633,0.4028325028,0.2044400188,552.0669556,161.2800446,892.2304688
507,634,0.397972824,0.2181273421,563.0506592,163.1652832,927.5361938
508,635,0.3842281881,0.2314597835,556.5710449,155.2242126,929.7109375
509,636,0.3826725775,0.207366044,545.9780884,153.4961395,893.5184937
510,637,0.3800070412,0.2264538237,544.1384888,146.5982666,913.1167603
511,638,0.3617991031,0.2311622244,539.4156494,146.098175,894.7421875
512,639,0.3794387699,0.2299199906,549.2532959,147.7215881,931.7800293
513,640,0.3643318105,0.2501142469,535.3202515,136.6174927,944.347229
514,641,0.3779593926,0.2495861897,543.7489014,141.9332428,943.0631104
515,642,0.361174977,0.2486466363,533.1031494,135.4512329,934.8101807
516,643,0.3590728879,0.2494320223,541.3152466,141.0243073,933.5541992
517,644,0.3471387395,0.2526539244,530.9470825,134.4686737,925.2738647
518,645,0.323577093,0.2849132324,510.6384277,127.6923294,955.4110107
519,646,0.3211505057,0.2724637726,517.9882812,128.6802673,945.6547241
520,647,0.3212009226,0.2863628788,508.8576965,125.2273712,946.1557617
521,648,0.3188467501,0.2764649493,516.086731,126.7489929,936.2721558
522,649,0.3754760806,0.2495214138,546.2376099,143.0234833,952.5497437
523,650,0.3708815294,0.2596219989,544.3395386,141.7121277,962.7497559
524,651,0.3659794937,0.2694779386,542.2166748,141.2292633,972.6695557
525,652,0.4199916146,0.2407793207,574.1771851,162.3647919,984.0390625
526,653,0.40243007,0.2525978434,568.2307739,159.4021912,966.1773682
527,654,0.3917554046,0.2513261232,560.1986694,151.9737091,969.0576782
528,655,0.3826515947,0.2340678071,554.6450195,149.5121307,950.4993896
529,656,0.3842308926,0.2473499578,550.4904175,146.0838013,951.6173096
530,657,0.4126293279,0.1882894292,568.7158203,171.4192352,925.2783203
531,658,0.413629247,0.2266495759,575.0449829,167.4187012,963.0515137
532,659,0.4254627041,0.201170382,580.6793823,175.7941742,959.7619019
533,660,0.4349781098,0.2494914223,587.2069092,173.7409058,997.4744873
534,661,0.4022445025,0.2537594121,565.7996826,155.0635223,987.2665405
535,662,0.3964129375,0.2648031961,561.1964722,151.8544312,988.6499023
536,663,0.3951149812,0.2683125778,556.4725952,149.1490631,989.7397461
537,664,0.3698678577,0.2666995445,546.7798462,143.2814026,972.1246948
538,665,0.3757835891,0.2702452502,549.234314,145.0254517,981.3939819
539,666,0.3927680368,0.2714495778,551.6901245,146.9348907,990.5357666
540,667,0.3875093072,0.2743482682,554.1343994,148.9971771,999.5314331
541,669,0.3977743661,0.2812077118,556.5543213,151.1972198,1008.365234
542,671,0.3832136193,0.2894997233,551.5326538,149.7566223,1008.831604
543,672,0.3829710551,0.2826195763,549.2268677,147.4036255,1000.023315
544,673,0.3794708216,0.2815211431,546.897583,145.1882477,991.0491333
545,674,0.3740881754,0.2726848142,544.5568237,143.1258545,981.9249268
546,675,0.3552314029,0.2846122995,537.3945923,142.9030609,991.3488159
547,676,0.3486140556,0.2816133343,535.2618408,140.4659882,982.3207397
548,677,0.4462624255,0.2535892615,598.6966553,181.1921539,1030.07019
549,678,0.4413869359,0.2617670808,595.1588745,177.2260437,1032.47168
550,679,0.4321833793,0.2507294533,583.833313,169.6865387,999.5179443
551,680,0.4279826117,0.2612756715,580.0507202,165.7957153,1001.465454
552,681,0.4228159773,0.2585991884,575.8726807,162.1169281,1003.292419
553,682,0.4364717148,0.2840530408,586.6376953,170.099411,1036.734375
554,683,0.4128399087,0.2618703104,571.3337402,158.6917114,1004.978333
555,684,0.4109618629,0.2918601841,561.2698364,155.9416962,1025.498657
556,687,0.3529112547,0.2752210364,535.442627,137.6609039,963.6641235
557,688,0.3543830879,0.2780719103,537.6665649,139.562912,972.9945679
558,689,0.3599476024,0.2822421047,539.9003296,141.6396332,982.2127686
559,690,0.3654869427,0.2906736214,542.1327515,143.8805084,991.2971191
560,691,0.3678736694,0.2924546297,544.3526001,146.2720642,1000.229065
561,692,0.3693264119,0.296146988,546.548645,148.7982941,1008.99292
562,693,0.3977594255,0.2968213282,553.8027954,152.2297821,1017.461487
563,694,0.382944381,0.3076840647,545.6766968,153.9407196,1025.785889
564,695,0.3769234074,0.3145407174,549.5231934,159.9573364,1041.852173
565,696,0.3829836924,0.3137727644,554.8708496,159.8695984,1042.153076
566,697,0.3865681446,0.3084008545,552.8820801,156.9967957,1034.164062
567,698,0.3920267916,0.3043091509,560.2792358,160.1789703,1042.186401
568,699,0.3952134078,0.299522894,558.1881714,157.4603271,1034.146851
569,700,0.3503516527,0.2753466363,533.125061,138.1901093,973.1569214
570,701,0.3369638794,0.2891999557,512.4306641,130.3454742,964.5922852
571,702,0.3476850378,0.2811009674,530.9945068,136.0866852,963.8787842
572,703,0.3032358622,0.2897713325,507.0962219,122.9552994,936.8538818
573,704,0.282979013,0.2887612566,497.8124695,119.5397415,937.3395996
574,705,0.2849848519,0.3007719204,489.7762756,119.3825531,946.8787231
575,706,0.2809164735,0.3039507713,492.8052673,125.6768341,964.9922485
576,707,0.2724198491,0.3116074546,491.2893677,122.432045,955.9750977
577,708,0.3150325743,0.2671569365,512.4011841,123.4501801,917.5001831
578,709,0.113994398,0.3141091124,385.994812,93.89785004,921.690918
579,710,0.2023836387,0.2897070282,463.5895996,100.9000397,902.2429199
580,711,0.2015590858,0.3022661691,446.279541,101.847374,920.7156372
581,712,0.1714897748,0.3117467919,428.002533,105.5737228,938.7828369
582,713,0.3641427968,0.2900650394,541.6061401,148.2009125,1008.928223
583,714,0.3595471894,0.2988159449,539.5128174,145.4870605,1000.223022
584,715,0.3319812326,0.3033848911,519.5599976,142.6326599,1000.109314
585,716,0.3350443645,0.296635944,517.7990112,139.338974,991.4510498
586,717,0.3151899487,0.3105426563,497.3110657,136.4576416,991.3339233
587,718,0.3093172695,0.3134043494,495.8220215,132.7057037,982.6924438
588,719,0.2571170769,0.3152635159,476.1557617,134.515274,991.0175781
589,720,0.2391102306,0.3198050502,473.6523132,126.2429428,973.8690186
590,721,0.1773810987,0.3356524226,431.348053,122.4909744,973.5750122
591,722,0.2062644401,0.3325338174,429.6828003,113.611351,956.3331299
592,723,0.1039832144,0.3484627556,387.6614685,110.4533463,956.3314209
593,724,0.2190005001,0.341360055,432.9763489,132.0672302,990.3203125
594,725,0.2688448678,0.3264720171,478.580719,143.2936249,1007.524048
595,726,0.2975993729,0.3361847719,480.8905334,152.3533783,1023.304688
596,727,0.3241612317,0.3219293791,500.2213745,144.3305054,1008.120056
597,728,0.3435982113,0.3246209198,503.0022278,152.5227203,1024.175781
598,729,0.3345618855,0.3053996493,521.2938843,146.0420532,1008.594788
599,730,-0.002183284226,0.3637238195,345.3373108,124.5386429,981.5615845
600,731,-0.002174349349,0.3965489925,345.3323669,141.0155334,1005.470154
601,732,0.3098689776,0.3470980341,483.0486145,161.4427795,1038.31958
602,733,0.3483040438,0.326139684,527.8045044,160.3602295,1040.637939
603,734,0.3631185173,0.3130674155,524.6495972,153.1148682,1025.008911
604,735,0.4756267993,0.08501132084,613.982605,237.3052521,964.8903809
605,736,0.472524601,0.1102480665,624.5193481,245.0049744,990.8651733
606,737,0.4799305865,0.2191319105,634.824646,240.9627533,1054.625366
607,738,0.4767401073,0.2386530963,628.68573,222.1674042,1068.458374
608,739,0.4666706336,0.260874237,614.3809814,197.0391998,1054.711182
609,740,0.4707287094,0.2319653295,617.9163208,206.2189026,1048.349854
610,741,0.4691494183,0.2209611885,608.1658325,198.7004547,1019.320435
611,742,0.4700806991,0.1918637954,611.7391357,207.8367615,1013.690308
612,743,0.4636321878,0.1833759379,601.0010376,200.0894165,983.9641724
613,744,0.4648662684,0.1386040883,608.0470581,218.512207,974.5006714
614,745,0.4504527789,0.1248683936,596.9124146,211.8066711,945.4359131
615,746,0.4664108958,0.05718858697,602.6238403,230.7176666,937.9380493
616,747,0.4493894821,0.0939375804,590.9651489,226.1401062,910.0813599
617,748,0.428260479,0.1488793726,567.2647095,186.6448669,888.0333252
618,749,0.4300546573,0.1709538876,578.1351929,188.8171844,920.4628906
619,750,0.4388445982,0.2169018396,585.3543701,184.4999542,956.3059082
620,751,0.4474344468,0.2215548593,592.7855835,182.2042084,993.1657715
621,752,0.4555903875,0.2548232257,601.7314453,185.3583527,1027.529907
622,753,0.4529567811,0.2726321075,608.6737671,188.577301,1060.555298
623,755,0.3936971056,0.3216560673,579.2891235,172.4632568,1071.47998
624,756,0.398800015,0.3090439962,575.4751587,167.4116669,1056.760254
625,760,0.418068554,0.2827905647,571.671875,159.8829956,1023.602722
626,761,0.4474689088,0.2792979902,596.1052856,177.493515,1050.427002
627,762,0.4608814318,0.2732205734,600.2800903,181.0728149,1048.118652
628,763,0.4488750965,0.2738809979,591.1277466,173.5105438,1034.703735
629,765,0.4233594032,0.283435455,566.5066528,157.6255035,1024.737061
630,766,0.4179560632,0.2971495839,571.1781616,162.4266815,1041.152954
631,769,0.3950692496,0.3231751587,569.843689,166.2888794,1057.38623
632,771,0.3838405276,0.3418534869,570.588501,171.4170532,1072.108032
633,773,0.4165653214,0.3043491054,581.0198364,169.128006,1055.72522
634,774,0.4162042627,0.2885673884,579.170105,165.653717,1039.344116
635,775,0.4138855852,0.3162220631,592.3419189,178.066452,1076.36145
636,776,0.42874346,0.3020143817,597.6431885,180.4238129,1074.723877
637,777,0.4257499671,0.3037272395,590.5133057,175.8806763,1069.216553
638,778,0.4392465356,0.2991219365,595.7365112,178.4045105,1067.512451
639,779,0.4286372582,0.2923971811,586.3909302,171.4569855,1054.271606
640,780,0.4346008174,0.2876847518,591.4528198,174.2756958,1052.485596
641,781,0.4214050887,0.2869619005,581.7437744,167.0339813,1038.539917
642,782,0.4299840037,0.2767331225,576.6865845,162.7307892,1022.091248
643,783,0.4081406059,0.2677712426,566.519043,155.6443939,1006.446106
644,784,0.3900920805,0.3291706356,580.9810791,174.9885406,1078.471436
645,785,0.407043804,0.3235319378,586.7504883,176.2384796,1077.62207
646,786,0.4110305345,0.309565405,584.9902954,173.8744354,1070.557373
647,789,0.4496590054,0.2935357617,616.2959595,195.0662689,1088.406006
648,791,0.459677274,0.2801515295,612.8318481,191.9515533,1074.874146
649,792,0.4586748537,0.2722526606,616.114624,195.9990692,1071.967896
650,793,0.4625015401,0.2757169425,611.8459473,192.679657,1057.72644
651,794,0.4645405222,0.2431309159,604.2733765,189.6877441,1024.87439
652,795,0.461753334,0.2146361125,597.081665,191.0607147,988.6112671
653,796,0.4555586021,0.1908176665,589.5908203,193.4272766,952.7514648
654,797,0.4382209522,0.1139963922,585.5812988,207.1427002,915.3626709
655,798,0.4246097721,0.3165429627,599.3739014,182.4045563,1081.71167
656,799,0.4419102148,0.3019317835,606.0049438,186.8828888,1086.603271
657,800,0.4279829925,0.3151055061,600.9143677,184.3452606,1088.45459
658,802,0.4037336198,0.3317740922,589.7504272,180.9254761,1090.952026
659,803,0.4471766863,0.2954266405,608.8902588,188.2991791,1077.493774
660,804,0.4534703105,0.3011765721,610.6226196,189.9582672,1084.360474
661,805,0.4487078156,0.3007478992,612.1594849,191.5784454,1090.981323
662,806,0.3835963233,0.3374868485,575.1187134,174.2970276,1078.922241
663,807,0.374785847,0.3495823912,570.6417847,176.9250641,1085.576782
664,808,0.4004174648,0.3262698735,582.5117188,177.5063782,1085.191772
665,809,0.3939076551,0.3375544203,583.8673706,180.016571,1091.617432
666,810,0.3825730329,0.3381602337,576.5882568,176.9597321,1085.569092
667,811,0.3801775654,0.3442436898,577.8920288,179.6152649,1091.913086
668,812,0.3563314539,0.35967619,561.0030518,184.074295,1096.661255
669,813,0.3635559322,0.3552043955,566.9602051,183.123703,1097.340576
670,814,0.3640920403,0.3480086459,564.7322388,177.3766632,1085.233398
671,817,0.4036946208,0.3000932645,565.7339478,161.0206299,1041.860107
672,819,0.4042273657,0.2743881417,561.5687256,153.151123,1007.574463
673,820,0.3855239846,0.3239140912,564.1977539,165.7320862,1057.620483
674,821,0.3804352145,0.3150166454,558.5975952,165.7103882,1057.483765
675,822,0.3720965494,0.3372760626,561.9147339,171.5742035,1071.884033
676,823,0.3567260848,0.3532120997,558.8857422,178.1914062,1084.628052
677,824,0.3356983711,0.377165201,537.1792603,187.7268219,1094.053589
678,825,0.4075657777,0.3308436713,590.9621582,183.2789764,1097.151978
679,826,0.3915765135,0.3391644939,585.0346069,182.551239,1097.705444
680,827,0.3816756679,0.3519420864,579.0170898,182.2967682,1097.911011
681,828,0.4825027847,0.2415843049,639.7208252,247.1310883,1078.497559
682,829,0.4696923245,0.218499928,637.6043091,244.0861206,1066.774048
683,830,0.476926477,0.252840591,633.635498,228.1664886,1092.61084
684,831,0.4755352851,0.2586144778,631.5198364,225.1920319,1080.831909
685,832,0.4670017628,0.289254712,630.6474609,218.6581268,1099.683594
686,833,0.4831594635,0.04984796417,650.1963501,281.7514343,1038.719727
687,834,0.4485901936,0.3004931983,628.1223755,210.7001953,1112.3573
688,835,0.4654462827,0.2894865497,627.4018555,209.2046356,1106.715088
689,836,0.4585738348,0.2879034811,629.9016113,215.3928833,1108.878662
690,837,0.469272224,0.2709262469,628.5272217,215.7214203,1087.875
691,838,0.4667887194,0.2826313071,625.2844849,206.3039703,1094.878052
692,839,0.4606743373,0.2871602648,629.1661987,213.896698,1103.22522
693,841,0.4539999651,0.3038829322,616.8605347,196.3646393,1102.296387
694,843,0.4449055351,0.02580963376,594.2174683,245.531189,904.6933594
695,844,0.443925256,0.3115685346,613.4871216,193.1865997,1097.348999
696,847,0.4367601893,0.3126198789,607.4355469,188.6365967,1093.158447
697,848,0.4306170534,0.3141666406,608.6500854,190.3920135,1099.44104
698,851,0.4272683272,0.3267901789,599.5229492,185.3131866,1095.627808
699,852,0.3945672522,0.3482825814,585.9998169,185.1434937,1103.44751
700,853,0.4118997165,0.3427368217,591.9629517,185.6815796,1103.019165
701,854,0.4603396112,0.2885462048,624.0491333,204.0771027,1096.535522
702,856,0.4457762369,0.3175775816,616.0773315,198.1398163,1114.993042
703,858,0.4406588287,0.3168048653,615.4597778,196.4470673,1109.348999
704,860,0.4089782081,0.3449333283,592.7387695,188.157547,1108.559082
705,862,0.4108680393,0.3310868371,598.5855713,188.9004974,1107.96521
706,865,0.432964963,0.3277149934,606.986084,191.1042633,1106.266846
707,867,0.4468606759,0.314580831,612.1761475,193.4035187,1104.523926
708,870,0.3734005151,0.3591511599,572.9737549,182.4949493,1097.783813
709,871,0.3738130091,0.3620300388,574.583374,188.280014,1108.577026
710,872,0.3798293257,0.3550356707,579.9505005,185.0381165,1103.55481
711,873,0.386018341,0.3540495483,580.6795044,187.8646545,1108.851074
712,874,0.3987148406,0.3456810075,586.7494507,187.8182831,1108.849365
713,875,0.3641834656,0.3750897579,562.4797363,190.0766144,1107.309204
714,876,0.3783459512,0.3594929805,575.0870972,191.3205872,1113.455444
715,877,0.3857109352,0.3617484986,581.1911621,190.8016968,1113.805542
716,878,0.3905615697,0.3465059564,587.2699585,190.6003723,1113.916626
717,880,0.4044105711,0.3547676779,593.5592651,193.4260864,1118.678345
718,881,0.4148093258,0.3428283246,596.2340088,190.9248657,1113.609497
719,884,0.4185625912,0.3430522667,599.4625854,193.6246796,1118.481567
720,885,0.4231350996,0.3392753848,602.0418091,191.6459961,1113.023804
721,890,0.4315902509,0.3284199747,608.0926514,195.0372467,1117.358398
722,891,0.4574294274,0.2945584785,622.5736084,201.9533386,1098.118042
723,892,0.4483367337,0.3091536996,622.7561646,202.9461212,1111.382568
724,893,0.4517952931,0.3103051871,623.3355713,204.5066986,1116.960205
725,894,0.4472193469,0.3136913559,623.6560669,206.1339874,1122.340942
726,895,0.4545860694,0.2995840889,628.6015015,212.249176,1117.823486
727,896,0.452585111,0.3027747905,627.2502441,210.054245,1119.443115
728,900,0.4258762501,0.3272660532,610.3741455,193.9922333,1111.211426
729,902,0.4220150307,0.3404341652,605.3568115,196.6212158,1122.914429
730,904,0.4330399733,0.3332930948,611.0638428,197.8531189,1121.959961
731,905,0.433318724,0.3297022001,613.7980957,200.7315369,1126.362793
732,907,0.4305621979,0.3391956731,608.0981445,199.3545532,1127.407715
733,911,0.4066331854,0.3561293272,596.548645,196.1863861,1123.306641
734,913,0.4385172249,0.3204680339,623.5956421,208.9416351,1130.605347
735,914,0.4381913045,0.3205153913,623.7046509,207.8469391,1127.53125
736,916,0.445324893,0.3117813814,625.7167969,209.673645,1126.192261
737,917,0.4486221679,0.3108704996,627.4002686,212.7084503,1127.836792
738,918,0.4482230916,0.3095313481,627.434082,211.6914978,1124.714355
739,920,0.4457908691,0.3075296427,628.8273315,213.8693695,1123.120117
740,921,0.4472775688,0.303997881,629.8740234,217.1003876,1124.578369
741,922,0.4508029546,0.3004522083,629.8768921,216.1719666,1121.435303
742,923,0.4536388817,0.2976495702,630.6626587,218.5447998,1119.699219
743,925,0.4409955241,0.3127214232,620.7212524,201.1628723,1112.71814
744,926,0.4565336967,0.3019386299,620.871521,199.9505463,1099.612671
745,927,0.4628240369,0.00603325772,663.6975708,319.2772217,1050.338501
746,929,0.4436325989,0.3179311139,618.916748,201.2358856,1119.404663
747,932,0.4216931151,0.3434991518,602.2039795,198.8242798,1127.833374
748,934,0.4183505171,0.3448400415,604.9526367,200.2252045,1129.987915
749,936,0.4260133318,0.3417337918,607.6522827,201.7116089,1132.05542
750,941,0.4054237612,0.3566280678,592.305542,204.3552704,1133.615967
751,942,0.3893738588,0.3664734712,586.7895508,203.3019257,1130.950684
752,943,0.3846208007,0.3714348174,582.6808472,205.8404541,1132.414429
753,944,0.364663221,0.3826288883,562.8212891,206.9802856,1128.288086
754,945,0.3673235968,0.391424452,552.9598389,210.4846039,1129.019043
755,946,0.4039317664,0.3569125124,593.3112183,199.2785797,1127.552002
756,947,0.4084472755,0.3516996305,599.0012817,200.2677612,1129.985352
757,951,0.3895996741,0.3581065295,587.5477295,193.5149994,1118.654785
758,952,0.3903477573,0.3674286148,587.5693359,196.5868378,1123.06958
759,953,0.3827227303,0.3594392279,581.4725342,193.8748932,1118.424683
760,954,0.3772105258,0.3736341807,575.4317627,197.826355,1122.210938
761,955,0.377727124,0.3632384655,575.3739014,194.4941864,1117.997803
762,956,0.3630598879,0.3756699381,563.2323608,196.4111481,1116.630981
763,957,0.3886489944,0.3717091013,587.321106,199.8407898,1127.16626
764,958,0.3737824162,0.3766535721,575.2485352,201.342514,1126.101685
765,959,0.3606943346,0.3803921703,563.1775513,203.2810516,1124.700195
766,960,0.3304744762,0.3994212526,539.0691528,207.0942078,1121.941162
767,961,0.3205282548,0.4157785908,516.4476318,215.4590302,1125.4823
768,962,0.2655368282,0.3557290584,486.7623901,178.7381897,1065.936401
769,963,0.2850803224,0.400193382,489.4273682,193.7045441,1089.785034
770,964,0.3359403084,0.3894318588,538.4020996,194.0149231,1104.516724
771,965,0.2429939942,0.4178977306,441.5068054,197.919754,1086.742676
772,966,0.2671158646,0.416692737,490.2743225,200.417099,1099.974243
773,967,0.3307782696,0.389506218,539.0527344,200.405899,1113.775269
774,968,0.4215228885,0.3444054504,610.2301636,203.5335388,1134.465942
775,970,0.3874505662,0.3122172006,562.286499,162.9418182,1050.013916
776,971,0.3785459197,0.3184086177,556.7797852,162.7799988,1049.929199
777,972,0.3723985231,0.3193992053,553.062439,166.0877838,1057.070923
778,973,0.3397925591,0.3321685725,530.6968384,167.5825958,1055.441162
779,974,0.3011911673,0.3576669804,485.0181885,170.3111725,1052.544556
780,975,0.2377255497,0.3878417883,439.8001404,181.8440552,1063.431763
781,976,0.2156689613,0.3628882054,436.0347595,152.4297638,1021.828735
782,977,0.1814201335,0.3500929343,437.4213562,162.6677246,1036.47644
783,978,0.1107712601,0.3954572714,392.6152344,183.6993256,1061.941895
784,979,0.4150304946,-0.1577682103,531.3727417,233.0436554,706.3667603
785,980,0.4029956604,-0.2080254009,531.5544434,251.8160706,707.9248047
786,981,0.4081893946,-0.1540239157,531.1040039,230.509964,695.4708252
787,982,0.405784361,-0.1686465666,531.5953369,249.0730591,696.3394775
788,983,0.3842564271,0.04091034676,501.2442627,141.8107605,721.2927856
789,984,0.3501147131,0.05054454703,498.6112061,139.4861755,701.6721191
790,985,0.365470372,0.02995977969,496.6202087,135.559494,684.7999878
791,986,0.3463492134,0.09074235919,496.0743713,130.882309,744.1398926
792,987,0.3479291588,0.07353646023,493.8896484,131.7192688,721.7008057
793,988,0.3292467669,0.02934721559,491.8864441,130.4499512,701.8619995
794,989,0.3340689712,0.04467529578,489.8895874,126.8418121,684.7999878
795,990,0.2724213334,0.1488476844,482.4452209,111.0243301,771.1085205
796,991,0.2716993262,0.1432199805,480.0882568,112.8658752,745.5148926
797,992,0.2990173403,0.1072624968,478.496521,114.2241364,722.6177368
798,993,0.3037147637,0.06792179149,477.6560669,114.4015808,702.3110962
799,994,0.3043011891,0.05742446557,477.5696716,113.2406158,684.8000488
800,995,0.4016439803,-0.03908487858,535.8256836,195.0128937,771.6405029
801,996,0.4096268161,-0.02578586398,531.0778809,197.7156982,747.2612305
802,997,0.4429051612,0.03304145837,557.5449219,216.3381653,826.618103
803,998,0.4021221079,-0.04734089779,549.2791748,219.3916626,799.8082275
804,999,0.4122731557,-0.07748376589,550.4735107,228.9952698,800.5275269
805,1000,0.3924627152,-0.1270920943,543.2431641,232.3396454,775.4476318
806,1001,0.4647157292,-0.02350185327,595.3120117,265.0227966,899.2501831
807,1002,0.4620805498,-0.03371174576,588.5244141,263.7882996,887.348999
808,1003,0.4583675095,0.0004423677977,588.0354004,244.2077026,891.6811523
809,1004,0.4589993954,0.02512288185,581.9778442,243.4795685,878.6300659
810,1005,0.4471301188,0.07785022257,579.5323486,223.9692383,881.8580933
811,1006,0.4601959458,0.03933846348,574.0608521,223.764328,867.8352661
812,1007,0.4420769336,0.05053435064,566.9640503,214.4532013,854.5961914
813,1008,0.4477810367,0.02741332533,568.8069458,224.0733643,853.9512329
814,1009,0.4417950826,-0.01700409507,576.111145,243.31633,865.6083984
815,1010,0.4571144534,-0.06025312132,581.8985596,263.1392517,875.3774414
816,1011,0.4042072534,0.1415188559,548.1425171,169.5633545,857.8209229
817,1012,0.4382427953,0.1107233166,557.5197754,186.7295685,856.5081177
818,1013,0.4116926784,0.07370691329,549.0287476,188.5937653,826.4025879
819,1014,0.437091166,0.06733655005,552.5205688,197.6183472,826.4286499
820,1015,0.4141724174,0.002996511738,544.9327393,200.6765289,798.5386353
821,1016,0.4036411603,-0.002339043046,547.4291382,209.9419708,799.1387939
822,1017,0.3928582591,-0.07990596866,540.758606,213.3451996,773.3341064
823,1019,0.4455886302,-0.1243528905,640.4111328,351.1497498,1015.220764
824,1020,0.4439382053,-0.1288137738,640.3287354,352.1390076,1021.843689
825,1021,0.3829311941,0.2107254087,541.3458252,153.4523315,876.0315552
826,1022,0.3773169785,0.1365114619,530.1558228,155.8562927,826.9300537
827,1023,0.3560890518,0.1717195183,519.7979126,141.6754303,826.7394409
828,1024,0.3544567553,0.1894362374,522.3528442,140.422348,843.0841064
829,1025,0.4375123281,0.04236444885,538.0457764,182.8410187,797.7006226
830,1026,0.420332026,0.1105843785,540.2069092,171.3890381,826.6140747
831,1027,0.3906276218,0.1890119371,537.1853638,153.8710938,859.0827026
832,1028,0.3559243571,0.1894662202,525.2756958,139.52742,860.0848999
833,1029,0.2885024074,0.2761598359,503.6621704,118.9927216,918.2262573
834,1030,0.3064033047,0.2674188005,508.9325256,120.8735809,898.9240723
835,1031,0.3184806612,0.2570426845,517.1325073,126.4727402,897.9944458
836,1032,0.3339896406,0.2405124373,513.8088989,125.2468796,879.7486572
837,1033,0.3598592717,0.2246595123,521.4889526,132.0610657,878.6773682
838,1034,0.3147725032,0.2311825049,505.7411194,118.9586182,880.7626953
839,1035,0.2997950642,0.2497910903,497.3589783,113.2830276,881.6981201
840,1036,0.2777025534,0.2707396635,500.3986206,115.7856369,899.7689819
841,1037,0.2498962439,0.2762394744,491.5631409,111.2282257,900.526062
842,1038,0.2563270106,0.2881979335,494.6207275,114.988327,918.8565063
843,1039,0.2472181351,0.2980709997,485.3128967,111.4638901,919.3901367
844,1040,0.2753371176,0.307938024,488.2718811,116.5357056,937.7301025
845,1041,0.2551378743,0.3015809799,478.5092163,113.9711761,938.0297852
846,1042,0.2356593072,0.3063434743,469.8302307,115.153595,947.2573242
847,1043,0.3541164926,0.2276453086,528.6112061,139.0671082,877.7035522
848,1044,0.3452723097,0.23952147,524.9666748,132.5610809,896.9839478
849,1045,0.3407654461,0.2581161588,520.8006592,128.3252106,916.689209
850,1046,0.3242890023,0.2645261752,522.7434692,129.5095062,926.1372681
851,1047,0.3442590992,0.2614719747,524.7446899,130.8751984,935.6105957
852,1048,0.344152688,0.264324941,526.7938843,132.4260864,945.078186
853,1049,0.3522779079,0.2726852074,528.8806763,134.1637726,954.510437
854,1050,0.1831611758,0.08174242044,431.3832703,80.75992584,705.5055542
855,1051,0.1788636146,0.1003574125,433.5016785,80.53717041,684.7999878
856,1052,0.1772799356,0.09118388711,430.2472229,78.83724213,684.7999878
857,1053,0.2531692205,0.05117063881,462.8601379,101.0986633,703.1759644
858,1054,0.232757109,0.1530285979,446.9008789,89.27593994,726.0315552
859,1055,0.2465905368,0.1212557431,462.8887024,100.3801193,724.1264648
860,1056,0.2204392112,0.1648549678,447.5213623,88.06181335,749.7971802
861,1057,0.24462499,0.167172835,463.9599609,98.92842865,747.4736328
862,1058,0.1693028702,0.1852916106,432.0723572,78.94168091,778.0713501
863,1059,0.1899720642,0.1793418511,430.8215637,79.50002289,752.0583496
864,1060,0.2008800109,0.1519463667,430.5429382,80.32767487,727.9299927
865,1061,-0.003484893064,0.09609703394,345.3571167,58.4299736,684.8000488
866,1062,-0.003297764051,0.1389336429,345.3566284,60.10423279,709.8632812
867,1063,0.04394469522,0.09966430328,363.6860657,59.33593369,684.8000488
868,1064,0.007003128118,0.1255563883,362.9994202,60.91210175,709.2470703
869,1065,0.06374982514,0.1248925781,374.6096802,60.74107742,684.7999878
870,1066,0.1011974274,0.2030972935,380.1894836,64.31330109,783.5688477
871,1067,0.1164368909,0.1793232754,379.7728882,63.90950012,757.5560303
872,1068,0.04902060935,0.1510465967,362.6551819,61.54627991,733.800293
873,1069,0.08574302239,0.1400078568,379.8491821,63.84124374,732.6541748
874,1070,0.06268712417,0.1095274192,380.5063171,63.36908722,708.4956055
875,1071,0.05581853476,0.1247813131,381.8379211,62.0340538,684.8000488
876,1072,0.1568950849,0.1832901613,416.5105896,73.61617279,808.0704956
877,1073,0.1703364947,0.1922829762,414.8399353,72.54573059,780.1721802
878,1074,0.1633409987,0.1763633839,413.9090576,72.69457245,754.1343384
879,1075,0.1736159413,0.1495268331,413.8473206,73.16387177,729.6925659
880,1076,0.130351026,0.1139507612,414.7980042,73.26850128,706.6080322
881,1077,0.1501711694,0.09854305535,416.9146423,72.6859436,684.8000488
882,1078,0.2806529478,0.2244402901,481.2523193,103.22715,831.6138306
883,1079,0.2660056465,0.188019751,485.6091919,109.6220551,799.4742432
884,1080,0.2625780716,0.170892909,477.3314514,102.7407074,800.5704956
885,1081,0.2394636495,0.1710105572,474.2651367,103.7742844,772.1519775
886,1082,0.2054887577,0.2195707786,436.9796753,82.17478943,836.4396362
887,1083,0.2237724424,0.2415183809,455.0129395,88.86479187,834.6831665
888,1084,0.2198769471,0.1965068386,453.2563782,87.63441467,819.0771484
889,1085,0.2413780018,0.2216881088,462.0369263,91.92193604,818.0108643
890,1086,0.2262736689,0.2030456136,460.3515015,91.47167969,802.9040527
891,1087,0.2470639882,0.1921318429,468.9100037,96.71400452,801.7283325
892,1088,0.2189675489,0.1685750993,465.9876404,97.40896606,773.3121338
893,1089,0.4093425487,-0.1124975028,528.7606201,212.1709137,694.6994019
894,1090,0.4069991566,-0.05970445076,524.5951538,194.2038116,694.1032104
895,1091,0.4209766828,-0.09484840921,529.262085,214.5405579,704.979248
896,1092,0.4084719687,-0.0738020955,525.2573853,196.4389496,703.8986816
897,1093,0.4201183348,-0.01975247047,527.5449829,198.5303345,724.7822266
898,1094,0.4081546211,0.00867271791,521.5183716,180.9240265,723.9342041
899,1095,0.3843821003,0.01190827335,524.5351562,180.1652985,746.2841187
900,1096,0.3917062507,0.03245402727,517.0349121,164.5465088,745.6719971
901,1097,0.3804915284,0.06067631321,520.3577881,162.1041565,770.2129517
902,1098,0.3524617516,0.09873306852,512.3338623,148.2341766,768.4388428
903,1099,0.3458598248,0.1444721615,515.6092529,144.8810272,796.1416626
904,1100,0.3170372212,0.1695970233,509.427124,136.1032867,796.4550171
905,1101,0.3390669238,0.1874050081,513.3448486,133.4833374,827.3219604
906,1102,0.3047240679,0.2066886288,505.7810974,124.7376328,828.4147949
907,1103,0.3025814344,0.204292121,500.190155,116.9058762,846.0005493
908,1104,0.2988024178,0.2280798419,494.5532532,111.4356155,864.1029053
909,1105,0.2756518758,0.2620451602,488.6871338,108.2175064,882.5623779
910,1106,0.2505024714,0.2900761226,482.4599304,107.2182617,901.1924438
911,1107,0.2388386093,0.290800456,475.7740479,108.4428024,919.8285522
912,1108,0.2380417043,0.2992338787,468.5567932,111.8648224,938.2450562
913,1109,0.2407964971,0.3131073908,471.1070557,118.6531067,956.2162476
914,1110,0.1896775943,0.2643993553,440.3818359,87.56018066,868.7977905
915,1111,0.2432098457,0.2636517531,459.0223999,93.3497467,867.5123901
916,1112,0.2382455319,0.2364609691,456.940094,90.74887848,850.8395386
917,1113,0.2363930532,0.2388190697,465.9786377,94.55162811,849.9798584
918,1114,0.2492975877,0.223418209,463.9167786,92.92263794,833.7125854
919,1115,0.2645136594,0.2216069249,472.674408,97.70420837,832.6781616
920,1116,0.2571232227,0.2126468251,470.6906433,96.95032501,816.8955688
921,1117,0.1824173759,0.262858939,421.5679016,82.86753845,869.8963013
922,1118,0.4053209964,-0.05700727919,523.1659546,187.6970825,684.8000488
923,1119,0.416483218,-0.02221029374,518.0880127,173.9199982,684.7999878
924,1120,0.4166258386,-0.01744533481,519.3984375,178.9147186,703.3929443
925,1121,0.3865709102,-0.01330568904,512.2047729,162.741684,703.1043091
926,1122,0.4145168066,0.01350151268,514.3955688,165.0669098,723.4194336
927,1123,0.4002017234,0.04760277312,506.9698486,150.8738556,721.512085
928,1124,0.3791372536,0.0804941878,509.5803833,150.6318665,743.6192017
929,1125,0.3687896561,0.1050820375,503.7177124,141.3685455,743.5023804
930,1126,0.3309276277,0.1144108156,506.3336487,139.0848083,768.5101929
931,1127,0.3392716102,0.1332479045,498.6333313,128.7582855,769.3521729
932,1128,0.3230856443,0.1519743758,501.7904968,126.3875504,797.4543457
933,1129,0.3037902023,0.1735197049,493.7506714,117.453186,798.4613037
934,1130,0.3053366979,0.2004665044,497.8053894,116.6704025,829.4989624
935,1131,0.2978987736,0.2144742918,489.6322632,109.5308914,830.5489502
936,1132,0.2743491307,0.2172308077,491.9786682,110.2009659,847.0368042
937,1133,0.2794521458,0.2292574169,483.5273132,104.2614365,848.0550537
938,1134,0.2769960316,0.2395543593,486.007019,105.909111,865.0541992
939,1135,0.2579908109,0.2603349027,477.2162476,101.0570374,865.949646
940,1136,0.2559203986,0.2754444817,479.7552795,103.7647171,883.3499146
941,1137,0.2340808279,0.2859957091,470.5955505,99.92934418,884.0526733
942,1138,0.2339549112,0.2888590269,473.1234741,103.771347,901.7655029
943,1139,0.2052180555,0.2988705713,466.0385742,105.9414902,920.1746826
944,1140,0.2142398116,0.3120984398,448.3731689,108.429924,938.5509033
945,1141,0.1870373708,0.2244483203,418.7970581,76.81035614,837.9820557
946,1142,0.1343540852,0.266045172,402.6261292,79.25042725,870.7971802
947,1143,0.140607041,0.218396481,400.5194092,72.71514893,839.2879639
948,1144,0.09278914762,0.2020213205,398.7839661,69.121521,809.7136841
949,1145,0.1566462962,0.2142032751,397.5336914,67.70168304,782.0161743
950,1146,0.1669978168,0.181657429,396.8767395,67.53079987,755.979187
951,1147,0.1379699006,0.1389223801,396.9253845,67.69468689,731.2782593
952,1148,0.105383383,0.1207027369,397.8022156,67.48105621,707.6117554
953,1149,0.1318200874,0.1210372945,403.140564,67.59980011,684.7999878
954,1150,0.1178190605,0.238049397,383.5923462,76.69036102,871.4917603
955,1151,0.08303674181,0.2055913178,382.1795654,69.84078979,840.3391724
956,1152,0.08572253934,0.2066282534,381.0178528,65.9781189,811.0723877
957,1153,0.09350199803,0.2920938349,385.1705322,87.14701843,904.5307007
958,1154,0.1463358156,0.2950045988,404.98526,89.30712891,904.1713867
959,1155,0.1778494525,0.2861063233,423.09198,87.14185333,886.5632324
960,1156,0.1853358222,0.2982205388,442.2599792,91.44374847,885.6956177
961,1157,0.2342480992,0.2799771816,461.2442017,96.71829224,884.6616821
962,1158,0.2275609878,0.2742441734,468.2093811,96.87068939,866.7745972
963,1159,0.2531851851,0.2383017844,474.8526917,99.05292511,849.043335
964,1160,0.05572392483,0.2871903102,365.2790833,85.84701538,904.7468872
965,1161,0.0572877916,0.238247704,364.4938354,75.1737442,871.9746704
966,1162,0.01959018359,0.2220581567,363.7909851,68.15198517,841.1246948
967,1163,0.0590893338,0.2089998828,363.2142639,64.13018799,812.1296997
968,1164,0.03777704664,0.2077655981,362.8057251,62.31051636,784.8091431
969,1165,0.4168742982,-0.1057967738,531.5546875,216.8076324,726.4937744
970,1166,0.1359776884,-0.473226901,399.5307007,424.394104,684.7999878
971,1167,0.11559859,-0.4737362245,397.2369995,422.2025146,710.411438
972,1168,0.1443310656,-0.4694276496,403.0339661,423.2948914,684.7999878
973,1169,0.2745747844,-0.4586796648,455.1716003,396.749054,684.8000488
974,1170,0.2827371768,-0.4464649544,458.6094055,391.6651917,712.2744751
975,1171,0.242358679,-0.4432586504,444.4966736,401.276062,711.8110962
976,1172,0.1733283042,-0.4544819203,429.4884644,409.6297913,711.3448486
977,1173,0.2083317362,-0.4641366757,430.1473999,412.0736694,684.7999878
978,1174,0.2533417431,-0.4538304217,449.1461487,400.9459839,684.7999878
979,1175,0.2628967339,-0.4449902607,456.5752563,391.171814,737.7131958
980,1176,0.2445310858,-0.4392642386,442.4518738,397.8743286,748.8961182
981,1177,0.2304409628,-0.4406224942,442.5491638,399.6225281,737.0296021
982,1178,0.218999618,-0.4360928601,427.8302307,402.0713806,759.6071777
983,1179,0.2098516873,-0.4466644493,427.7458496,407.0076294,736.3521118
984,1180,0.2528685297,-0.4183387852,445.0190125,390.1116638,782.171936
985,1181,0.236168813,-0.4306504332,442.8660889,395.5841675,760.3178101
986,1182,0.2640941928,-0.4164261549,457.2511902,388.1795654,761.0505981
987,1183,0.30625028,-0.4298782418,470.3092346,381.6598206,725.8612671
988,1184,0.3131276423,-0.45193435,471.728363,380.8983154,712.7322998
989,1185,0.3224020015,-0.4364542639,482.4107971,370.6286926,726.449707
990,1186,0.3843454743,-0.3912753253,518.045105,317.0435791,684.7999878
991,1187,0.3820244728,-0.4007098746,511.8938599,330.3761292,684.7999878
992,1188,0.3801927394,-0.3993578157,510.1939392,333.6305847,684.7999878
993,1189,0.3865971788,-0.3617698436,523.1313477,303.2694397,684.7999878
994,1190,0.4003882749,-0.3520854549,521.9858398,303.8495483,699.0161133
995,1191,0.3965311796,-0.3511030841,520.7003784,307.0656433,712.7279053
996,1192,0.3896199831,-0.348511274,520.3186035,309.3742981,725.9192505
997,1193,0.3980888452,-0.2913805518,525.9295044,291.6374207,724.0626221
998,1194,0.3914053882,-0.3236477375,526.5673218,292.9768982,736.4000854
999,1195,0.4059623621,-0.2536584031,530.9349365,274.0663147,733.7444458
1000,1196,0.4019067077,-0.2539845392,528.6970215,281.9668274,684.7999878
1001,1197,0.4167133409,-0.2685040681,529.9900513,274.7386169,684.7999878
1002,1198,0.4178675548,-0.2962095298,526.9508057,286.1106567,698.2428589
1003,1199,0.4204167488,-0.2278020459,530.2003174,267.733429,697.2946777
1004,1200,0.4130139235,-0.3018743324,526.0432739,289.3452454,711.3374634
1005,1201,0.4182683423,-0.2435670701,529.7522583,270.7649536,709.6358643
1006,1202,0.4105278607,-0.2275170475,530.0100098,272.87854,721.7944336
1007,1203,0.4177545381,-0.173332072,532.1394043,253.6845703,719.5187378
1008,1204,0.4143265965,-0.1757941589,533.3138428,254.6721802,731.0870972
1009,1205,0.4007594598,-0.111976125,533.4929199,235.5638428,728.663208
1010,1206,0.4043771895,-0.1740387198,537.5241089,234.9579315,751.5509644
1011,1207,0.4160060078,-0.09925822987,535.4344482,216.0517426,749.1634521
1012,1208,0.4049021556,-0.05273220129,538.5941162,204.081192,772.4135132
1013,1209,0.4092430467,0.04074878194,541.800415,191.6307831,798.0436401
1014,1210,0.4346935419,0.0741194507,544.9043579,179.8429871,826.4573364
1015,1211,0.2898287311,-0.428887918,469.7578735,381.7468567,738.3980103
1016,1212,0.3159985187,-0.4265187019,482.0426025,371.4402466,739.0784302
1017,1213,0.3087663156,-0.4219832667,482.5708313,371.507782,751.0848999
1018,1214,0.309965466,-0.4128413295,488.6460571,366.1025696,751.49823
1019,1215,0.3067409781,-0.4142582784,490.1941833,365.8051147,762.9937744
1020,1216,0.2749615254,-0.4374065457,456.6078796,389.9588318,749.6194458
1021,1217,0.2877302033,-0.4194855323,469.9950867,381.1419067,750.3510742
1022,1218,0.3060710756,-0.4145510336,483.9029846,370.9259338,762.5579834
1023,1219,0.2945136674,-0.4054012357,485.9482727,369.8706665,773.6238403
1024,1220,0.3264778579,-0.4055318274,496.4546814,359.5344238,763.5809326
1025,1221,0.3305292458,-0.3958071488,498.9589844,358.9071045,774.6887817
1026,1222,0.314135421,-0.3993030073,492.4875488,365.0121155,774.0710449
1027,1223,0.3479459488,-0.3850604529,502.5089111,352.1295166,764.3435059
1028,1224,0.3375659804,-0.3560948085,508.4983521,350.7167969,786.2885132
1029,1225,0.3283206393,-0.3750143323,502.1296387,357.9589539,785.4446411
1030,1226,0.3601596753,-0.3411813989,514.3304443,342.2711792,787.3899536
1031,1227,0.3747408128,-0.2908546627,530.0581665,309.0412598,785.1134644
1032,1228,0.3561334641,-0.3011177067,523.2489624,325.2252502,787.7262573
1033,1229,0.370133952,-0.334308893,517.1073608,326.8746033,765.4025879
1034,1230,0.3587928024,-0.3492246022,513.0812378,334.9552307,765.9553833
1035,1231,0.3556665107,-0.3451933197,511.03125,335.1110229,754.1947021
1036,1232,0.3571785086,-0.3674911415,506.158844,343.7481995,753.6532593
1037,1233,0.3522743146,-0.3753970908,504.9707031,343.190033,741.3522339
1038,1234,0.3514380722,-0.381433665,499.5424805,351.5751648,740.5504761
1039,1235,0.3308988071,-0.4147087419,493.8771362,357.7702942,727.1716919
1040,1236,0.3044599073,-0.4580722419,463.8893127,390.0184631,684.8000488
1041,1237,0.3255524035,-0.4471040376,477.490448,377.6985779,684.7999878
1042,1238,0.3168272321,-0.4416188208,474.0948486,379.5454407,699.0368652
1043,1239,0.3304034676,-0.4429971347,486.2050171,366.877594,699.291748
1044,1240,0.3239529174,-0.4344448144,483.767395,369.0827026,713.1812744
1045,1241,0.3406749187,-0.4141557449,494.9877319,355.6560669,713.718689
1046,1242,0.3668204171,-0.3840628369,504.6931152,341.8809509,728.3345337
1047,1243,0.355430558,-0.3465627253,509.7805176,334.635376,741.8134155
1048,1244,0.3739504986,-0.343512055,515.0779419,327.0812683,753.6224976
1049,1245,0.3730748531,-0.3241459869,524.0457764,311.0061035,762.4539185
1050,1246,0.36712469,-0.2277066936,535.8206177,290.9105835,782.9890137
1051,1247,0.3309283787,-0.4064919438,493.8165894,359.1046448,739.937561
1052,1248,0.3469160556,-0.3854922215,500.6020508,352.1876221,752.7393188
1053,1249,0.3495264861,-0.3672007298,508.1707458,343.6617432,765.3424683
1054,1250,0.3542314788,-0.3224574805,519.2808228,333.4743652,788.1257935
1055,1251,0.3999804549,-0.1909603892,537.2897949,254.2856903,754.2087402
1056,1252,0.2841286398,-0.4270169995,470.9413147,379.934845,761.7995605
1057,1253,0.2863347384,-0.4134958562,472.5184937,378.3024597,772.8608398
1058,1254,0.08700106193,-0.468830857,380.2471313,426.2647095,709.9455566
1059,1255,0.07977267966,-0.4781501922,379.5196533,421.9197388,734.3861084
1060,1256,0.06061035027,-0.461252426,379.4330139,415.2752686,757.6484375
1061,1257,0.09995317061,-0.4498375174,379.8774719,407.2754822,779.7538452
1062,1258,0.08157471243,-0.4327294714,380.7589417,399.2094727,800.8148193
1063,1259,0.1020595515,-0.4570166457,396.1340332,418.235321,735.0288086
1064,1260,0.1308745046,-0.4562600943,396.0402527,411.9889526,758.2701416
1065,1261,0.1459641457,-0.4471805949,396.7785034,404.4119568,780.2940063
1066,1262,0.1488824588,-0.4276071262,398.1938782,396.7543945,801.2498169
1067,1263,0.2713896882,-0.3875929485,464.6734924,378.7061462,803.5004272
1068,1264,0.2478148009,-0.4010285641,448.6170654,384.36203,802.8660889
1069,1265,0.281607432,-0.3851484863,470.4650269,373.9031982,822.9730835
1070,1266,0.2416009136,-0.3788773976,453.281311,378.856781,822.3988037
1071,1267,0.2680834412,-0.3836859346,455.8916931,376.3017273,831.7126465
1072,1268,0.2075245867,-0.4003571482,418.0922546,386.7095642,821.4266968
1073,1269,0.2259823457,-0.3994958913,435.8159485,383.135376,821.8825073
1074,1270,0.2062413907,-0.4255222312,415.3439331,393.4318542,801.7376709
1075,1271,0.2197401605,-0.3984544212,432.1640625,389.2857971,802.2772827
1076,1272,0.1981733429,-0.4453949689,413.3075256,400.557373,780.8783569
1077,1273,0.2045455504,-0.4290296168,429.4043274,395.7701721,781.5053711
1078,1274,0.1714012215,-0.4407957728,412.1991577,407.5643616,758.9235229
1079,1275,0.1717543993,-0.4492355536,412.2438354,413.2395325,735.6843262
1080,1276,0.1611467602,-0.4706071141,413.6947632,416.6333008,710.8778687
1081,1277,0.1842330255,-0.4607559029,416.8111267,418.2168884,684.8000488
1082,1278,0.2981463783,-0.3668333936,487.3479614,368.3031921,823.6022339
1083,1279,0.3198893776,-0.3628033588,502.9419556,361.1789246,805.3295898
1084,1280,0.2947096298,-0.3919737787,488.6203613,368.5236206,784.3567505
1085,1281,0.3537173614,-0.3355886804,518.321167,341.2735291,797.859314
1086,1282,0.336719776,-0.3388776002,512.4084473,349.6656799,796.7335815
1087,1283,0.3404273915,-0.3483663265,510.1174927,355.5424194,805.9857178
1088,1284,0.3105450679,-0.3749617312,491.8363342,366.9985352,794.7705688
1089,1285,0.3221725193,-0.3716290511,495.5133057,365.3749084,804.8865356
1090,1286,0.3340997162,-0.3599497339,503.9153137,362.0838318,824.2827148
1091,1287,0.4194731011,-0.1457318992,548.4926758,268.437439,803.805481
1092,1288,0.3973764301,-0.2228851072,543.9625854,287.8408203,805.5846558
1093,1289,0.3965022341,-0.2853750511,538.4486694,306.2363281,806.9761353
1094,1290,0.4091480505,-0.2451313417,548.8602905,303.5709534,828.2096558
1095,1291,0.3825036885,-0.2975342546,531.7664185,322.9510193,808.7420654
1096,1292,0.4005500787,-0.2531187519,542.1873779,320.8927002,828.6964111
1097,1293,0.3775434353,-0.3031595613,527.821228,331.4103394,808.8504028
1098,1294,0.3991557188,-0.2782296016,538.1608276,329.5316162,828.3902588
1099,1295,0.2998275916,-0.3881193911,492.0311584,366.3757935,784.559082
1100,1296,0.3131143573,-0.3728024851,495.4029846,364.9689636,794.9699097
1101,1297,0.3145910077,-0.3677878689,499.2457275,363.4531555,805.0819092
1102,1298,0.328709105,-0.3539738523,507.9976196,360.3528137,824.473999
1103,1299,0.3682076218,-0.3397586257,517.5812988,357.4984131,842.8135986
1104,1300,0.3641112525,-0.3404914461,513.1439819,359.0613708,842.612854
1105,1301,0.3873327694,-0.306140995,527.2728271,355.197876,860.1287231
1106,1302,0.3979040802,-0.308654196,522.4987793,356.6063538,859.8949585
1107,1303,0.3943645937,-0.287986159,536.4386597,353.7319946,876.5166626
1108,1304,0.4016540467,-0.2978013524,531.3654175,354.9920349,876.22229
1109,1305,0.3924978745,-0.2942206094,539.4812012,354.4320068,892.060791
1110,1306,0.3275722764,-0.358578879,506.5751343,358.5396118,805.6307373
1111,1307,0.3489472092,-0.341740153,515.9241333,355.7844238,825.0263062
1112,1308,0.3367517987,-0.3490377843,512.0106201,358.2566223,824.7214355
1113,1309,0.3873923148,-0.312074892,526.1296997,353.2849731,843.3885498
1114,1310,0.3768123664,-0.3266034663,521.9204102,355.5756531,843.0718384
1115,1311,0.3954176734,-0.2931353861,536.4458618,351.3729858,860.7636719
1116,1312,0.3936038153,-0.3036882172,531.9320679,353.4553833,860.4179688
1117,1313,0.4033576882,-0.2805341043,546.2175293,350.3425293,877.2574463
1118,1314,0.397118888,-0.2817983292,541.3984375,352.1833801,876.8615112
1119,1315,0.4030436601,-0.2675594816,555.1593018,350.3966064,893.2930298
1120,1316,0.3981514511,-0.2814228365,550.0454712,351.9725342,892.8388672
1121,1317,0.4020692349,-0.2713305008,554.0045166,352.2582397,900.8443604
1122,1318,0.3948998754,-0.2823652729,546.6699829,354.8887329,908.081665
1123,1319,0.365855369,-0.3268610881,510.9104614,359.4382324,875.1652222
1124,1320,0.3723525583,-0.31809144,518.0259399,358.384491,890.7213135
1125,1321,0.3850529426,-0.319315684,524.3822632,358.3889465,906.4724731
1126,1322,0.4121720166,-0.2759470678,552.758728,356.1315002,925.1706543
1127,1323,0.3755427848,-0.3054230546,529.8050537,359.2602234,923.3384399
1128,1324,0.350641422,-0.3396320495,513.5405273,352.1967163,806.3960571
1129,1325,0.3726625663,-0.3206966699,523.3391724,349.752533,825.8068237
1130,1326,0.3619835024,-0.3309841275,519.7099609,352.9459229,825.3880615
1131,1327,0.3972536174,-0.3014611459,534.0493774,347.6470032,844.1920166
1132,1328,0.3865190592,-0.3137404316,530.1819458,350.6377563,843.7623901
1133,1329,0.4053595774,-0.2735114297,544.937439,346.2376709,861.6162109
1134,1330,0.4056081189,-0.2804231935,540.7892456,348.962738,861.1637573
1135,1331,0.4071761479,-0.2701362226,550.875,348.2206116,877.7023926
1136,1332,0.4072259924,-0.2596865936,555.3498535,345.8294983,878.1939087
1137,1333,0.4046257987,-0.263100277,550.2280884,345.8916321,869.9916992
1138,1334,0.4088373642,-0.2511206966,554.3218384,343.0471191,870.508728
1139,1335,0.4089997834,-0.2579747807,548.8671265,343.2135315,862.1182861
1140,1336,0.4155060161,-0.2608888967,552.5560913,339.9070435,862.6672974
1141,1337,0.4049175604,-0.2913800181,537.7060547,344.3283386,844.6766357
1142,1338,0.4065188848,-0.2772116588,541.1266479,340.6994019,845.215332
1143,1339,0.3834018061,-0.3073383576,526.7840576,346.2193604,826.2838135
1144,1340,0.3893874517,-0.2937964555,530.0175781,342.362915,826.8210449
1145,1341,0.3580412541,-0.3347954604,516.8162231,348.515625,806.8654785
1146,1342,0.364397232,-0.323500866,519.9172363,344.5141602,807.3986206
1147,1343,0.4136979955,-0.2561396614,560.2717896,346.0640869,886.2824707
1148,1344,0.4110743446,-0.2518245851,559.6228027,343.1831665,878.7286987
1149,1345,0.412934705,-0.2427472853,558.1821289,339.9397888,871.0689087
1150,1346,0.4147377034,-0.243551563,555.9839478,336.3368835,863.2601318
1151,1347,0.4128450017,-0.2307208509,559.1310425,332.5234985,863.8930664
1152,1348,0.4048738019,-0.2800842115,544.2876587,336.7797241,845.8078613
1153,1349,0.41290819,-0.2659237692,547.1636353,332.6480103,846.4037476
1154,1350,0.3861072092,-0.3055136083,533.0141602,338.2025452,827.421814
1155,1351,0.3639975651,-0.3230363524,522.8170776,340.2101746,808.0027466
1156,1352,0.331000539,-0.3994296807,494.7084351,359.6592407,752.0415039
1157,1353,0.3168179211,-0.4104137113,487.9388733,365.7282104,739.454834
1158,1354,0.4096965828,-0.1101903054,551.0029297,238.7249451,801.2841797
1159,1355,0.433499296,0.005643788486,559.0545044,225.9601898,826.7507935
1160,1356,0.4315597567,-0.03346905474,559.8825073,235.7116394,826.8998413
1161,1357,0.4487654799,0.008403199098,563.7963867,224.8295746,840.2442627
1162,1358,0.452040988,-0.05969418299,565.100708,244.4280701,839.7983398
1163,1359,0.4680255086,-0.0244323229,570.4749146,243.655304,852.6544189
1164,1360,0.4591614656,-0.08752947263,569.4087524,263.4464111,851.3903198
1165,1361,0.4594606157,-0.06227561166,575.5120239,263.046814,863.3826904
1166,1362,0.442086422,-0.07142652039,580.9107056,272.9262695,873.7583008
1167,1363,0.4261497347,-0.07783744048,560.0197754,245.5610046,827.0681152
1168,1364,0.4425023756,-0.08397324657,563.6224976,264.2667542,839.4202271
1169,1365,0.4550403255,-0.1473688105,629.6505737,345.7621765,970.7996216
1170,1366,0.4544691025,-0.1477836112,628.1330566,344.5209045,965.2595215
1171,1367,0.4526559476,-0.1375964792,626.4423828,343.228241,959.8910522
1172,1370,0.4499115229,-0.1538143962,620.4207764,339.0978394,944.7366333
1173,1371,0.3548993322,-0.438964462,489.818512,364.1048584,684.7999878
1174,1372,0.3429498473,-0.4190361331,497.2467346,352.8276367,699.5905151
1175,1373,0.3675388708,-0.3967701463,505.4125671,339.8113708,714.5665283
1176,1374,0.3694555141,-0.3619254496,509.4065247,333.4179382,728.7039795
1177,1375,0.3678778551,-0.353453292,513.8306885,326.6272583,741.2634888
1178,1376,0.3775649838,-0.2929894553,522.0457153,311.2564697,750.7235718
1179,1377,0.383498638,-0.2865993586,529.9326782,293.085907,760.0529175
1180,1378,0.3877345044,-0.2013491707,540.5686035,271.6229858,780.3736572
1181,1379,0.4114954737,-0.1405797983,550.8570557,248.5568085,802.0782471
1182,1380,0.4283522737,-0.08789732801,555.262207,246.9697876,814.4885864
1183,1381,0.352089709,-0.4233174505,496.5543518,355.3912048,684.7999878
1184,1382,0.3765445031,-0.3948356369,507.2162781,337.0363159,700.0530396
1185,1383,0.3640256245,-0.3805423776,509.9865112,331.442749,714.8303833
1186,1384,0.3662012597,-0.3412870047,513.4345093,325.3943787,728.2206421
1187,1385,0.3749094277,-0.3253959519,520.7851562,310.7566223,738.5764771
1188,1386,0.3935172274,-0.3046408677,527.9155273,293.4147034,748.3682251
1189,1387,0.387205613,-0.2316169729,534.6363525,273.9519653,757.1225586
1190,1388,0.3852349091,-0.1321230662,543.2116699,251.8084412,777.7946777
1191,1389,0.4112116784,-0.2457786087,531.3951416,263.8149109,684.8000488
1192,1390,0.4094117796,-0.207291495,532.3010864,245.4860535,684.7999878
1193,1391,0.3952673278,-0.1628170325,531.4061279,227.1565552,684.8000488
1194,1392,0.4187582052,-0.1389772812,530.0075684,216.2321167,684.7999878
1195,1393,0.4061708809,-0.04816191281,524.2651978,191.2003784,684.8000488
1196,1394,-0.0111527146,0.295953375,345.3484192,87.47116852,910.1253662
1197,1395,0.02430832006,0.2675534593,345.3519287,75.78633118,876.0875244
1198,1396,0.004556177149,0.2382373191,345.3543396,67.76174164,842.3408203
1199,1397,-0.002759358027,0.200855011,345.3556519,63.3625145,810.9777832
1200,1398,-0.003118121733,0.2084714238,345.3562622,61.29011536,774.2738037
1201,1399,-0.003450035741,0.1280637527,345.3564453,60.70658875,729.8947144
1202,1400,-0.2711473448,0.05486985712,226.7128601,100.8414841,684.8000488
1203,1401,-0.2691893573,0.04967539382,235.4305725,94.11088562,684.7999878
1204,1403,-0.4119285293,-0.1526880611,159.2070465,227.0450287,684.8000488
1205,1404,-0.4359338926,-0.1292450341,160.6121521,216.1214294,684.7999878
1206,1406,-0.360844087,-0.4343271336,200.7125854,364.0182495,684.7999878
1207,1407,-0.3588779724,-0.4193180973,193.9819794,355.3005676,684.7999878
1208,1410,0.02884253406,-0.4841057265,343.499115,432.4213257,684.7999878
1209,1412,-0.09124015715,-0.4819897222,315.9925232,430.1189575,684.7999878
1210,1413,-0.2030553508,-0.4623916442,273.6875305,418.1740112,684.8000488
1211,1415,-0.1584585075,-0.4696212496,287.4616394,423.2602539,684.7999878
1212,1417,-0.1480350971,-0.4725859096,290.9642334,424.3615723,684.7999878
1213,1420,-0.2685836886,-0.4540206295,241.3628693,400.883728,684.7999878
1214,1422,-0.2105313207,-0.4626173373,260.35495,412.0227966,684.7999878
1215,1425,-0.3188846164,-0.4588750431,226.6262512,389.9473877,684.8000488
1216,1427,-0.2896639456,-0.4588010758,235.33992,396.683197,684.8000488
1217,1432,-0.3379387563,-0.4462954783,213.0325012,377.6193237,684.7999878
1218,1435,-0.3946936387,-0.3836895934,172.5141754,316.9400635,684.7999878
1219,1437,-0.3908420542,-0.3959237228,178.6574554,330.2762756,684.7999878
1220,1439,-0.3886322288,-0.3941570974,180.3554077,333.5317688,684.7999878
1221,1442,-0.4105799235,-0.2448264806,161.8833313,281.8569336,684.7999878
1222,1444,-0.3942994352,-0.3523323168,167.4362183,303.1628723,684.7999878
1223,1447,-0.4248331287,-0.2326724175,159.1960602,263.7033997,684.8000488
1224,1449,-0.4266134112,-0.2574937866,160.5946198,274.6279297,684.7999878
1225,1454,-0.4229274305,-0.1952235975,158.3010864,245.3739929,684.7999878
1226,1457,-0.4271403921,-0.01596454528,172.5570679,173.8164673,684.7999878
1227,1459,-0.419230377,-0.0477926123,167.4708557,187.5905151,684.8000488
1228,1461,-0.4193426405,-0.04021390067,166.3695221,191.0931396,684.8000488
1229,1464,-0.3782032181,0.05252739807,189.8474121,141.4918365,684.7999878
1230,1466,-0.3992743626,0.004026076443,178.7083282,160.4838409,684.8000488
1231,1469,-0.3399790674,0.04631168234,200.7836761,126.755188,684.7999878
1232,1471,-0.3717787639,0.03169927079,194.0478516,135.4688416,684.7999878
1233,1476,-0.3100545039,0.05915672113,213.1117401,113.161377,684.8000488
1234,1486,-0.0509249448,0.1001255458,327.0276489,59.32495117,684.8000488
1235,1488,-0.07065528295,0.1257528156,316.1031799,60.72354889,684.7999878
1236,1490,-0.06262229407,0.1254290181,308.8741455,62.01219177,684.8000488
1237,1492,-0.1388123316,0.1204738312,287.5682068,67.56517029,684.7999878
1238,1494,-0.156906221,0.09854284863,273.7910461,72.64306641,684.8000488
1239,1496,-0.1842361104,0.09132793309,260.4548035,78.78636932,684.7999878
1240,1498,-0.1858001583,0.1006701149,257.1993103,80.48434448,684.7999878
1241,1554,-0.4503404737,-0.07202739604,115.0794754,262.9088135,863.3830566
1242,1555,-0.4500442782,-0.09659111295,121.1825104,263.3120728,851.390686
1243,1556,-0.4328459324,-0.08124270742,109.6748276,272.7850342,873.758667
1244,1557,-0.4034902593,-0.1935004608,150.0178986,271.5059509,780.3738403
1245,1558,-0.3824781435,-0.2196682362,154.7542877,290.7963867,782.9891968
1246,1559,-0.4050445929,-0.2187561239,146.6141052,287.7217712,805.5848389
1247,1560,-0.3897474159,-0.2843644969,160.5059052,308.930481,785.1135864
1248,1561,-0.3715387465,-0.2966877782,167.3053741,325.1185913,787.7264404
1249,1562,-0.3899653193,-0.2946694565,158.7892151,322.8392639,808.7422485
1250,1563,-0.3413552602,-0.3938992427,191.5751953,358.8149719,774.6889648
1251,1564,-0.3444438673,-0.3754333466,188.4050751,357.8649597,785.4448242
1252,1565,-0.354599487,-0.3557048887,182.0406952,350.6189575,786.2886963
1253,1566,-0.3763672137,-0.3952225621,185.1330872,339.715332,714.5666504
1254,1567,-0.3463061321,-0.4107456209,195.5484161,355.5663757,713.71875
1255,1568,-0.3346555416,-0.4134296825,196.6577606,357.6811829,727.171814
1256,1569,-0.2607578088,-0.4477259805,246.012146,401.2166138,711.8110962
1257,1570,-0.2617385191,0.1754074324,213.3562012,102.6615601,800.5708618
1258,1571,-0.2487041353,0.1948396889,221.7812958,96.64000702,801.7285767
1259,1572,-0.2228976599,0.171338491,224.7032471,97.33667755,773.3123169
1260,1573,-0.2450124102,0.1782789411,233.0852509,91.76667786,774.5350952
1261,1574,-0.1373558396,0.11377556,275.9073792,73.22692108,706.6080933
1262,1575,-0.1900052473,0.08201944254,259.3175964,80.70840454,705.5056152
1263,1576,-0.2433321143,0.09028421543,243.2707367,89.92310333,704.3308105
1264,1577,-0.2386608165,0.1541086057,243.7949066,89.21513367,726.0316772
1265,1578,-0.4530871664,-0.06145143982,125.5019608,244.2963104,839.798645
1266,1579,-0.460812179,-0.03257763639,120.1282272,243.52034,852.6547852
1267,1580,-0.4478162192,0.02403775628,121.8079224,223.9394073,853.9515991
1268,1581,-0.4314664867,-0.03616526483,130.7254486,235.5829926,826.9001465
1269,1582,-0.4258159845,-0.08030927121,130.5822754,245.4322815,827.0684204
1270,1583,-0.2979299428,0.4078639407,200.3548279,200.3306122,1099.974731
1271,1584,-0.2682062281,0.409169212,199.8769073,206.8043365,1109.132568
1272,1585,-0.1851219926,0.4526471114,248.2571259,211.3303986,1105.821167
1273,1586,-0.3922840073,0.3764717686,103.0621872,196.4420319,1123.070068
1274,1587,-0.3931030487,0.3752577207,103.3084793,199.6962433,1127.166748
1275,1588,-0.3758816311,0.3839459809,115.3801498,201.2051849,1126.102173
1276,1589,-0.4504410144,0.3105998208,79.50112915,191.5534058,1098.451904
1277,1591,-0.4483033561,0.3174461749,76.04063416,194.64151,1103.470337
1278,1592,-0.377340352,0.3271686966,128.7316132,171.4446716,1071.884766
1279,1593,-0.3867272809,0.3295080299,122.9622345,171.2076569,1072.125366
1280,1594,-0.3850985353,0.3398528858,120.0013504,176.7903595,1085.577393
1281,1596,-0.4050865553,0.3049874015,115.1736526,167.2740021,1056.760986
1282,1599,-0.4193696824,0.2956743097,119.4735794,162.2915802,1041.153687
1283,1600,-0.2212506213,0.3438800574,257.6937256,132.0150757,990.3210449
1284,1601,-0.1814507211,0.3349902254,259.3277283,122.4398651,973.5756226
1285,1602,-0.2442263705,0.3197322002,217.0212097,126.1662903,973.869751
1286,1603,-0.3646157622,0.2964717654,151.1491241,145.3709259,1000.223755
1287,1604,-0.3687025507,0.2868475217,149.0541687,148.0835419,1008.928955
1288,1605,-0.3386400451,0.3031476103,169.3677368,145.9368591,1008.595581
1289,1606,-0.4003477298,0.2649800716,134.1871185,149.0227661,989.7404175
1290,1607,-0.3882038838,0.2581741174,139.3355713,145.6210785,971.3458862
1291,1608,-0.3936531976,0.2508901607,134.8437805,148.5125885,970.3227539
1292,1609,-0.3583833606,0.2730419494,155.2239838,137.5470734,963.664856
1293,1610,-0.3724087642,0.2645196633,150.7763977,139.391983,963.3054199
1294,1611,-0.3714953617,0.267326101,148.4478149,141.1113739,972.6702881
1295,1612,-0.4060637717,0.200770135,138.5855103,161.1561279,892.2310791
1296,1613,-0.4157336128,0.1746829879,132.9884033,169.2931519,890.8839111
1297,1614,-0.4143894538,0.182003902,121.930542,171.2854004,925.2789917
1298,1615,-0.4668868221,0.005339277791,30.37173271,306.8295593,1047.912354
1299,1616,-0.466603794,0.0117868452,31.65324211,303.6139526,1036.280762
1300,1617,-0.4643085924,-0.01323354162,28.32739258,313.0606995,1029.251465
1301,1618,-0.4643819286,-0.04317313766,29.78659248,321.8521118,1008.716248
1302,1619,-0.4620752666,-0.04355408217,29.40700912,319.4380188,1010.516541
1303,1620,-0.4655679981,-0.04102160946,32.95898819,316.0905457,999.1694946
1304,1621,-0.4655704258,-0.05625269518,33.01130676,324.8890076,999.5387573
1305,1622,-0.4617779409,-0.06447312743,34.09289932,327.1594849,997.8516846
1306,1623,-0.4610559366,-0.06455751682,32.42015839,328.8302002,1003.509216
1307,1625,-0.4512055189,-0.1586523141,59.55528641,346.7659302,976.5043945
1308,1626,-0.4497752272,-0.161448095,58.4102478,347.8706665,982.367981
1309,1627,-0.466815392,-0.01524842849,33.72681427,306.4500732,1006.271118
1310,1628,-0.4730969523,0.002780243987,36.90789413,297.0653076,1013.178955
1311,1629,-0.4793612976,-0.002885328445,40.71379471,293.6051025,1001.678711
1312,1630,-0.4709499992,-0.04946461211,38.4166069,317.3531799,984.6087646
1313,1632,-0.4767608953,-0.04071010822,42.32212067,308.9762573,977.1359863
1314,1633,-0.4637068181,-0.06255901434,38.02682114,323.7249451,986.7472534
1315,1634,-0.4696849396,-0.06330781069,40.26699829,321.9533691,981.3047485
1316,1635,-0.4687671328,-0.07576121868,42.75509644,326.3532104,978.1463013
1317,1637,-0.4652105305,-0.09255164328,49.34072113,334.4236755,972.3596802
1318,1638,-0.4710230014,-0.1005085883,51.45024109,332.7553101,967.0888672
1319,1639,-0.4640495524,-0.06704033115,55.25689697,306.2823792,953.1904297
1320,1640,-0.4613673763,-0.07550472119,56.87203979,310.9319458,950.3590088
1321,1641,-0.4740172767,-0.06552901889,45.24134445,318.3286743,970.6828613
1322,1642,-0.4518902548,-0.1438787786,67.9959259,337.2252808,945.8119507
1323,1645,-0.459481099,-0.1143538367,64.23377991,324.1540527,942.3713379
1324,1646,-0.452973317,-0.1360513801,67.42752838,328.2935486,939.8953247
1325,1647,-0.4558848116,-0.1196975629,62.15731049,331.6036987,949.4014893
1326,1648,-0.4345806984,-0.190888769,74.54402924,353.9584351,984.463623
1327,1649,-0.4428234815,-0.1837333803,68.67158508,352.6165161,985.5214844
1328,1650,-0.4449145392,-0.1850096418,70.38000488,351.0014648,973.3345337
1329,1651,-0.4329499694,-0.1841288765,91.57946014,327.6684875,909.0585327
1330,1652,-0.4291777276,-0.1841887459,97.78128052,325.2865295,900.5820312
1331,1655,-0.4094623441,-0.2230642889,113.7071838,334.862793,888.7675171
1332,1656,-0.4035293155,-0.2244609555,119.5008621,333.6710815,880.602478
1333,1657,-0.2803088483,-0.3459703927,217.943985,373.9928284,1009.774292
1334,1658,-0.2895795685,-0.3462545683,213.9553223,373.6825562,1009.998657
1335,1659,-0.3468874271,-0.3240464214,199.9312744,370.0514832,986.4099731
1336,1660,-0.4606715889,-0.0430280819,24.68587112,325.914856,1045.382324
1337,1661,-0.4591966293,-0.03375566868,24.76059914,325.0700073,1041.589355
1338,1664,-0.4611795628,0.3276837054,67.02846527,208.7749786,1130.605347
1339,1665,-0.4620318683,0.3228538464,66.92010498,207.6802979,1127.531982
1340,1672,-0.3940226163,0.3768416148,103.8379822,203.1576843,1130.951172
1341,1674,-0.3873929783,0.3831145682,107.9500351,205.6989746,1132.413818
1342,1675,-0.009415807732,0.456630295,332.3542786,225.7576141,1118.116089
1343,1676,-0.1265320512,0.4476802006,295.1173096,224.9154663,1118.707031
1344,1677,-0.2031328789,0.4648613113,257.9277954,223.0930939,1119.995117
1345,1678,-0.07585084863,0.4642729603,296.7541809,214.024826,1103.773682
1346,1679,-0.135567808,0.4771553529,280.8300781,224.3316345,1119.119141
1347,1680,-0.3288153684,0.4096440127,174.1789856,215.357193,1125.481567
1348,1681,-0.2636786511,0.4256490943,200.0620575,218.2935181,1123.399658
1349,1682,-0.273987221,0.4199504681,199.8088837,213.2257843,1117.433838
1350,1683,-0.240396882,0.4400012767,210.8744965,219.3731842,1122.632935
1351,1684,-0.2544385696,0.4462940693,222.1740265,220.4113007,1121.895996
1352,1685,-0.2255603154,0.4553915421,247.9160919,222.4342804,1120.46167
1353,1686,-0.3610045679,0.389057092,127.4499817,203.1508636,1124.700684
1354,1687,-0.364178726,0.391687893,127.8040543,206.8504028,1128.288452
1355,1688,-0.3682577705,0.4004146025,137.6698151,210.361145,1129.018311
1356,1689,-0.4075776397,0.3699600325,93.10767365,203.4003448,1134.296265
1357,1693,-0.4139280297,0.36136915,89.41615295,202.9968414,1134.638428
1358,1694,-0.4215396034,0.3568574065,86.3320694,202.6706085,1134.380859
1359,1696,-0.4263520851,0.3547399371,78.9202652,203.6385803,1134.287842
1360,1701,-0.4409785908,0.3444371335,76.83094025,200.5709229,1126.363281
1361,1703,-0.4416336524,0.3388825037,73.31452942,205.2742004,1133.139526
1362,1705,-0.4392476024,0.3379019827,74.33735657,203.5475464,1130.57251
1363,1707,-0.45023354,0.3332872548,70.60151672,206.5105896,1132.251465
1364,1709,-0.4511136526,0.3332459741,70.40916443,205.3495789,1129.244385
1365,1712,-0.4590893676,0.3211847456,64.90686035,209.5058899,1126.192871
1366,1713,-0.4573252272,0.3239680343,64.96587372,210.5670776,1129.291138
1367,1714,-0.4657079183,0.3225174939,63.18838882,211.5226288,1124.715088
1368,1717,-0.4647934133,0.3179312097,61.79376221,213.6996613,1123.12085
1369,1718,-0.4706290187,0.3192400412,61.7841301,214.7151947,1126.225098
1370,1719,-0.4682456133,0.3111966624,60.74286652,216.0017242,1121.435913
1371,1721,-0.4726424836,0.3127142681,59.95567322,218.3740845,1119.699707
1372,1722,-0.4704552453,0.3147729631,60.04546356,218.9923553,1123.069214
1373,1723,-0.4833889581,0.2940766636,56.54324722,229.6167755,1115.372192
1374,1724,-0.4915734889,0.01030369326,38.2213974,284.7403259,1050.341187
1375,1725,-0.4777354701,-0.003771110488,31.46722984,305.2571106,1060.412354
1376,1726,-0.5158381324,0.2716539348,46.3862915,260.3380432,1093.082886
1377,1727,-0.4580129034,-0.02918370448,25.69553566,321.0664673,1037.409912
1378,1728,-0.4673440143,-0.01714011714,26.93176842,318.8713074,1050.494873
1379,1729,-0.4639616837,-0.01760142269,27.10044479,316.2992249,1040.929443
1380,1730,-0.4588761249,-0.04992936563,24.38139153,328.3613281,1043.550293
1381,1731,-0.4649211907,-0.03853429658,24.53283501,327.5097656,1039.802002
1382,1733,-0.4540693371,-0.05707336751,25.83979988,330.7446899,1030.258179
1383,1735,-0.4580916908,-0.04753473314,25.24557495,328.3427124,1032.032837
1384,1736,-0.4632376779,-0.05593742433,24.63605118,331.4499512,1041.236328
1385,1737,-0.4570192049,-0.07360874205,26.02057076,335.6503906,1038.09021
1386,1740,-0.4539608265,-0.08650411464,29.37224388,337.495636,1025.266113
1387,1741,-0.4527553181,-0.09617811352,31.03173828,339.5460815,1023.74823
1388,1742,-0.4481628299,-0.08566902106,30.58884811,341.1247559,1029.825806
1389,1743,-0.4535571395,-0.06405244119,26.74789047,333.0821533,1028.530396
1390,1744,-0.4547407331,-0.07282904029,27.93576241,335.3374939,1026.862549
1391,1745,-0.455202721,-0.08349294168,27.44992447,338.2204895,1036.165405
1392,1747,-0.4496733283,-0.09745003154,32.39269638,343.8989563,1031.908936
1393,1749,-0.4519789525,-0.09320721955,30.01895905,341.552887,1033.668579
1394,1750,-0.4303380909,-0.1944367009,79.59844208,357.0495605,1010.535095
1395,1751,-0.4269724763,-0.1883807065,72.10686493,356.3981628,1022.466187
1396,1752,-0.431087685,-0.172023679,67.60542297,355.0450745,1012.093933
1397,1753,-0.437559297,-0.149354663,53.7089119,353.1115112,1024.921631
1398,1754,-0.3105484894,-0.3066254518,173.7648773,370.0186768,1012.64978
1399,1755,-0.3688938276,-0.2938320382,151.7921753,367.599762,1014.400574
1400,1756,-0.3898299281,-0.2955187541,151.8186646,365.2380371,989.81604
1401,1757,-0.4147478803,-0.2729064238,133.269104,365.3305359,1016.04303
1402,1758,-0.406364828,-0.2375168841,103.8771744,359.2344666,994.2140503
1403,1759,-0.4031083725,-0.2375712081,101.2499619,360.9266968,1019.218689
1404,1760,-0.4351555061,-0.1949575436,80.00904083,357.6860352,1021.537292
1405,1761,-0.1001881653,-0.3627374606,296.7121887,375.6339111,982.6604614
1406,1763,-0.1096959528,-0.3748112086,294.6774597,378.098938,1006.808411
1407,1764,0.01275688001,-0.3837526923,335.143219,378.8446655,1006.275391
1408,1768,-0.05851067393,-0.4514175831,327.4169006,400.7449036,800.4326172
1409,1769,0.003868807011,-0.4367656093,343.5071106,405.7104187,789.1765747
1410,1770,-0.06865745354,-0.4338407655,327.82901,409.0831909,779.2578125
1411,1772,-0.05311920211,-0.4671119126,328.0305481,417.3499146,757.0578613
1412,1773,-0.001611774946,-0.4615538608,343.5033264,418.3241577,756.086853
1413,1774,-0.01597107179,-0.4766115621,343.5018005,423.4057312,739.7354736
1414,1775,-0.03124979176,-0.4813725704,327.9795532,424.216095,733.7554321
1415,1777,-0.05469591118,-0.4756354958,327.6255493,428.7490234,709.479248
1416,1780,-0.07667907689,-0.3895446891,297.9515686,370.9020691,935.2304688
1417,1781,-0.07527491337,-0.3672512141,297.1322021,372.9766846,957.1734009
1418,1782,-0.2126381805,-0.3631881422,249.0704956,370.9331665,958.6154785
1419,1783,-0.2314582348,-0.3640280406,248.2480011,373.5236511,984.0236206
1420,1784,-0.1825604154,-0.3449133087,254.2633209,376.3768616,1008.050903
1421,1785,-0.06630902124,-0.3929734616,299.0951538,370.0544128,916.7617188
1422,1786,-0.2024894899,-0.3570098475,250.6684875,368.87146,936.6817017
1423,1787,-0.2970995504,-0.3163189329,201.1361237,367.551178,961.0476685
1424,1788,-0.1197420621,-0.4042770795,302.0544739,372.0045166,885.9400024
1425,1789,-0.0976440906,-0.4034959142,300.4877014,370.4165344,900.6958008
1426,1790,-0.1678769875,-0.3809738775,255.666748,368.0349121,901.8807983
1427,1791,-0.1559365124,-0.3746385303,252.9109955,367.9050903,918.1109009
1428,1792,-0.3035822972,-0.3388726698,206.7655182,364.2826843,920.3041382
1429,1793,-0.328239056,-0.3373148424,203.4690704,365.4751892,939.0596313
1430,1794,-0.3671549554,-0.2892755463,156.4142456,360.699707,942.3619385
1431,1795,-0.3851230855,-0.2854225512,153.3853912,362.8415527,964.4669189
1432,1796,-0.416053463,-0.2531472168,132.9615326,357.7918091,944.3588257
1433,1797,-0.3849866921,-0.2785600176,149.7507324,348.8454895,861.1640625
1434,1798,-0.3830479021,-0.2629487536,140.3137207,345.7688599,869.9919434
1435,1799,-0.38283556,-0.2733287877,145.6042328,346.118042,861.6164551
1436,1800,-0.3880946091,-0.252406444,136.2217407,342.921875,870.5089722
1437,1801,-0.39144384,-0.2587213494,141.6763611,343.0915527,862.1185303
1438,1802,-0.3950164012,-0.2454134012,132.3632507,339.8121338,871.0692139
1439,1803,-0.4006878363,-0.2612603312,137.9893494,339.7827454,862.6676025
1440,1804,-0.4056159248,-0.2380707287,128.756958,336.457489,871.6687012
1441,1805,-0.4014880946,-0.2452252039,134.5636444,336.2106628,863.260376
1442,1806,-0.3992122271,-0.2245943468,128.5723114,328.3590698,864.5625
1443,1807,-0.3957743412,-0.234605978,131.4187775,332.3953857,863.8933105
1444,1808,-0.4003175872,-0.2254091569,125.4227524,332.8462219,872.328186
1445,1809,-0.392045913,-0.2526958657,130.9206696,343.054657,878.7290649
1446,1810,-0.4026364272,-0.2422236927,126.8695984,340.1654053,879.3034668
1447,1811,-0.4030598993,-0.2313922899,123.0555496,337.0523071,879.9130249
1448,1812,-0.4064047315,-0.22987239,121.5487976,340.846283,887.4259644
1449,1813,-0.4053088482,-0.224019863,117.5063705,337.9931641,888.0470581
1450,1815,-0.3730816629,-0.2787577366,149.1396484,352.0658875,876.8617554
1451,1816,-0.3814697343,-0.2760226416,140.4927673,351.8497925,892.8391724
1452,1817,-0.3777622959,-0.278234523,144.3216553,350.222168,877.2576904
1453,1818,-0.3879343655,-0.267289115,135.3798676,350.2709045,893.293335
1454,1819,-0.3894819117,-0.2687611236,139.665451,348.0973511,877.7026978
1455,1820,-0.3808599882,-0.2891484501,151.0555267,354.3155823,892.0611572
1456,1821,-0.3840723016,-0.2741296959,136.5335541,352.1332092,900.8446655
1457,1822,-0.396176179,-0.2544360282,130.4027557,348.469696,893.7892456
1458,1823,-0.3993146948,-0.2584077584,130.269928,345.9353027,886.2827148
1459,1824,-0.3912001168,-0.2590084545,135.1920624,345.7035522,878.1942749
1460,1825,-0.3983625856,-0.2445703682,125.8082123,343.4986267,886.8363037
1461,1826,-0.1214156432,-0.4059117553,305.4122314,379.2068787,856.137146
1462,1827,-0.08955979366,-0.3970854879,303.7210999,374.9075012,871.4328613
1463,1828,-0.2292736975,-0.3794082015,262.1968079,371.8251953,872.1787109
1464,1829,-0.2190442099,-0.373070425,258.8052673,369.3070374,886.9123535
1465,1830,-0.2912022214,-0.3464602235,215.5898132,364.7506104,888.506958
1466,1831,-0.2843278064,-0.3388992242,210.8604126,364.0077209,903.8074341
1467,1832,-0.3512551724,-0.3090102625,166.1521301,358.2815857,906.4728394
1468,1833,-0.3670213948,-0.3003508857,160.7288361,359.1496582,923.3388672
1469,1834,-0.3829964375,-0.2793236102,143.8664856,354.7680359,908.0820312
1470,1835,-0.3908390879,-0.2766196738,137.7770081,356.0071716,925.1710815
1471,1836,-0.385734456,-0.2703798749,132.8471069,352.6412048,908.9903564
1472,1837,-0.397871773,-0.2512051544,126.3821411,354.1753845,926.1852417
1473,1838,-0.3962613429,-0.2546300387,126.1469498,349.0552979,901.8457031
1474,1839,-0.4081171051,-0.2523967605,121.1449203,347.2390137,902.4005737
1475,1840,-0.395837755,-0.248672011,125.5775681,346.4561157,894.324585
1476,1841,-0.4012848483,-0.2453885845,120.9189835,344.2411499,894.8962402
1477,1842,-0.4173906483,-0.2214071835,112.1559219,339.2558899,896.1329956
1478,1843,-0.4062668649,-0.230344661,116.4409027,341.836731,895.5004883
1479,1844,-0.4079534831,-0.224470555,111.5855637,343.0985718,903.6052856
1480,1845,-0.4061098459,-0.2562411425,122.1767426,349.8612366,910.0367432
1481,1846,-0.4134755731,-0.232565124,116.2872467,345.2500305,902.9882202
1482,1847,-0.4267129798,-0.2235852893,102.7902832,346.2003479,920.3106689
1483,1849,-0.4222455342,-0.2111055964,102.2356644,342.548584,912.4866943
1484,1851,-0.4187687785,-0.2114671147,104.8526077,339.5644531,904.59729
1485,1853,-0.4129675854,-0.215920896,108.0953064,336.39151,896.8829956
1486,1856,-0.4191176045,-0.2186696842,110.2007751,331.3350525,889.6933594
1487,1857,-0.411107426,-0.2162552543,116.2417068,329.9489441,881.442749
1488,1860,-0.4201051794,-0.2219089862,107.0222397,344.5753174,911.8366089
1489,1861,-0.4044464676,-0.2426237608,115.19841,351.9425659,927.3034668
1490,1862,-0.4214960767,-0.2258778414,104.27742,349.3363037,928.5184937
1491,1863,-0.4036340326,-0.2423672784,118.518425,350.8399048,918.4793701
1492,1864,-0.4147473461,-0.2302875074,107.9324112,347.8582764,919.6759033
1493,1865,-0.4132284418,-0.2150899042,111.9470673,346.4755554,911.2093506
1494,1866,-0.4362811018,-0.1915996038,95.29108429,343.4903564,921.3259277
1495,1867,-0.4297806404,-0.2003545718,97.62987518,340.2353516,913.284668
1496,1868,-0.4204733614,-0.1919271201,100.6554871,336.723053,905.5268555
1497,1870,-0.4132566464,-0.2019728686,113.3077698,325.9193115,882.4208984
1498,1873,-0.4427999975,-0.1839694717,86.08299255,338.3083496,923.6842041
1499,1874,-0.4373794514,-0.1743614873,91.2533493,335.7873535,915.109436
1500,1877,-0.4345160696,-0.1918204864,90.54020691,341.1650391,922.3277588
1501,1880,-0.4508230007,-0.1799591633,81.96831512,334.972168,925.3624878
1502,1882,-0.4299142833,-0.1975328938,94.95083618,331.5917053,907.4550781
1503,1885,-0.4394395679,-0.1647486332,85.641716,330.3193665,917.600769
1504,1886,-0.4170004102,-0.194487476,102.5592728,331.26651,898.4814453
1505,1887,-0.4238594514,-0.1722977499,94.94377899,320.9416199,902.2264404
1506,1888,-0.4250098597,-0.1820701222,106.0741806,312.5987244,885.9974976
1507,1889,-0.4185564182,-0.2108778765,110.6919098,321.6307373,883.5223389
1508,1890,-0.4252809286,-0.1446958772,102.2352066,303.3449707,888.5460205
1509,1891,-0.4269880317,-0.1530988555,92.36791229,316.4382324,903.9785156
1510,1892,-0.4371161923,-0.04980633561,95.53692627,274.5661621,896.5198364
1511,1893,-0.4404038317,-0.03992340634,88.27278137,276.3309631,907.7398682
1512,1894,-0.4617703802,-0.03416549497,88.41210175,266.6876831,911.0349731
1513,1895,-0.431714388,-0.1004411341,99.17363739,293.916626,891.1422729
1514,1896,-0.454029506,-0.102217918,84.50852203,297.9662781,911.1737061
1515,1897,-0.4361074238,-0.08501408293,89.50793457,286.0945129,904.4290161
1516,1898,-0.440009337,-0.165750787,82.30246735,326.2154541,919.5894165
1517,1899,-0.4477617634,-0.1518790468,79.28018951,321.8960266,921.7331543
1518,1900,-0.4549127537,-0.1393674768,73.16095734,325.0263062,930.7106323
1519,1901,-0.4525151448,-0.1350839566,70.20552063,320.7542725,933.0571289
1520,1902,-0.4451824538,-0.1498797375,87.94228363,307.3092346,907.5247803
1521,1903,-0.4575576317,-0.132611037,74.11276245,313.0498657,926.1434326
1522,1904,-0.4557773414,-0.1091921118,67.57331848,316.3786011,935.4725342
1523,1906,-0.451436349,-0.1650906749,78.19155121,331.2224426,927.3339844
1524,1908,-0.458464484,-0.06132880231,82.10261536,288.4085388,914.9285889
1525,1909,-0.4637786797,-0.05629487922,67.60294342,294.3927612,935.5699463
1526,1910,-0.4681694609,-0.02893549037,73.97939301,286.3195496,927.513916
1527,1911,-0.4477437221,-0.03136183634,81.55217743,269.056427,922.6675415
1528,1912,-0.4591920738,-0.02891278165,81.00263977,278.6470337,918.8175659
1529,1913,-0.4710328451,-0.00783606637,73.8191452,281.4541626,929.7487183
1530,1914,-0.4708700934,-0.056723049,54.1067276,301.5318909,956.0895996
1531,1915,-0.4658198062,-0.0422359197,59.9747963,293.008667,948.5436401
1532,1916,-0.4689293274,-0.03629282846,66.8443222,289.5175171,938.055542
1533,1917,-0.4786045482,0.001496434319,68.18483734,275.1816406,945.4470825
1534,1918,-0.4729792243,-0.02549711241,66.81463623,284.6642151,940.555603
1535,1919,-0.4667189684,-0.02110129131,60.08147812,288.1694031,951.2894897
1536,1921,-0.4708185941,-0.03687603306,53.45314026,294.2498779,960.5482178
1537,1923,-0.4773743863,-0.0373813863,47.40234375,300.4208069,969.6768188
1538,1924,-0.4576583712,-0.09916007496,70.18476868,303.875,930.7609863
1539,1925,-0.412094356,-0.2458601795,112.2433395,353.1256714,936.6415405
1540,1926,-0.4382962392,-0.1898120436,82.02110291,345.7942505,940.5682983
1541,1928,-0.4405889082,-0.1939705284,82.85486603,347.8398438,944.9102173
1542,1929,-0.4400664757,-0.1880861497,87.28466034,347.6329041,939.5374756
1543,1930,-0.4411770607,-0.1888023165,88.33824158,349.2824707,944.0813599
1544,1931,-0.4452642654,-0.1658584829,72.34035492,340.5375977,943.7380981
1545,1932,-0.4507768829,-0.1607864088,70.25295258,341.8868408,948.6420288
1546,1934,-0.432814135,-0.2154030778,101.0164108,350.8534851,937.8703003
1547,1935,-0.428639701,-0.2282262957,109.679985,354.3562317,946.616272
1548,1936,-0.4445684881,-0.165236619,77.02274323,343.4119568,941.9801636
1549,1941,-0.4498523197,-0.1906144977,81.21847534,348.861908,949.9873047
1550,1942,-0.4452658409,-0.1887790044,79.72067261,349.8455505,955.2463379
1551,1943,-0.4442824229,-0.1870755981,86.80502319,350.2054749,949.1602173
1552,1944,-0.4374120402,-0.1929276506,84.13564301,351.9593506,959.8793945
1553,1945,-0.4479752581,-0.1778374733,71.50171661,350.0842285,967.5170898
1554,1947,-0.4454064433,-0.1817413428,72.79176331,349.097229,961.8882446
1555,1949,-0.4461256899,-0.1719920828,74.24267578,348.0567322,956.4542847
1556,1951,-0.4441053234,-0.1729172909,75.84690094,346.967926,951.206665
1557,1952,-0.4500117636,-0.1728050202,75.07059479,344.6393433,946.8861084
1558,1955,-0.4460179845,-0.1535087038,70.74549103,344.5723267,952.7840576
1559,1956,-0.4462803438,-0.1645638571,69.02187347,345.7799988,958.0130005
1560,1957,-0.4314738303,-0.1987919892,80.54646301,354.9168701,983.6890869
1561,1958,-0.4392269633,-0.1898627171,76.12559509,352.5065002,972.1974487
1562,1959,-0.434578192,-0.1977794307,82.03407288,353.5513306,971.3970947
1563,1960,-0.4398933443,-0.1844909643,77.16757965,351.6785278,966.3497925
1564,1961,-0.4398133569,-0.1798007107,78.36814117,350.7858887,960.6975708
1565,1962,-0.432681615,-0.2193594646,107.5350876,355.6147766,957.3319092
1566,1963,-0.4327830563,-0.2203803086,105.8352356,356.874939,968.8583374
1567,1964,-0.4464503663,-0.1731457452,64.84331512,349.0758667,974.7792358
1568,1965,-0.4446897971,-0.1687838611,63.80876541,350.0354614,980.7218628
1569,1966,-0.4478250966,-0.1708114017,66.06253815,348.0422363,969.0101929
1570,1968,-0.4275321226,-0.1993122684,79.71916199,356.0743103,996.7393188
1571,1969,-0.4340170605,-0.1743391772,67.72668457,353.9573059,998.4421997
1572,1970,-0.4366698132,-0.1757620583,68.09994507,353.3198242,991.8901978
1573,1971,-0.4402659754,-0.161660239,62.32683945,351.7438049,993.1279297
1574,1972,-0.4452057934,-0.1771726574,62.96718216,350.9238586,986.8381348
1575,1973,-0.4117071963,-0.2317288653,104.6070328,358.0723267,981.1658936
1576,1974,-0.439220737,-0.147393092,55.86396027,352.4607849,1014.084595
1577,1975,-0.4412875072,-0.1452090807,56.21088028,350.799408,1000.917358
1578,1976,-0.443433727,-0.1527889516,56.72909164,349.8844299,994.5740967
1579,1977,-0.4489371329,-0.1589774628,57.46520233,348.9091492,988.3911743
1580,1979,-0.448888982,-0.1588741752,64.89606476,345.6959534,964.3025513
1581,1982,-0.4513636541,-0.1365643869,68.39402008,333.8662109,942.1799927
1582,1983,-0.4569350772,-0.1299125505,70.95748901,332.3065796,937.5067139
1583,1986,-0.4516413508,-0.1521014309,72.41988373,337.4976196,939.9674072
1584,1987,-0.4521736499,-0.1541698808,74.84312439,336.0472717,935.3167725
1585,1990,-0.448316053,-0.1708224221,76.79267883,340.7173462,938.0565186
1586,1991,-0.4478847771,-0.1764619054,79.07286072,339.3823547,933.4241943
1587,1994,-0.4413189587,-0.190039583,81.50458527,343.470459,936.473877
1588,1997,-0.4429311896,-0.1924434391,86.05276489,343.4985962,931.2017212
1589,1998,-0.4385986093,-0.1893554522,86.51683807,345.7050171,935.2516479
1590,2002,-0.4305288931,-0.2122051071,91.77272797,347.3696594,934.4240723
1591,2003,-0.4298941682,-0.2138023667,93.66239929,346.393219,929.8169556
1592,2006,-0.4585611539,-0.1366756049,63.66018677,336.9523926,951.8601685
1593,2007,-0.4569590761,-0.1256633485,59.72005844,333.2488403,954.3080444
1594,2008,-0.4570313334,-0.1228983187,57.42768478,334.8757324,959.331604
1595,2009,-0.4642048963,-0.1040148927,50.42464447,327.0220947,964.7045288
1596,2010,-0.4683705226,-0.08096041687,47.58036041,322.7715454,967.6238403
1597,2011,-0.4627757452,-0.09408252193,55.64830017,323.4545593,954.6546631
1598,2012,-0.4630712197,-0.08863596955,52.99865341,319.1219788,957.4644775
1599,2013,-0.4605332358,-0.1049307226,61.39153671,319.8790283,944.9414673
1600,2014,-0.4589781565,-0.09586068473,58.92736816,315.4685669,947.6055908
1601,2015,-0.4647882983,-0.1046137826,53.72204208,331.0606384,961.937561
1602,2016,-0.4622410458,-0.10539337,56.1462326,329.345459,956.899292
1603,2017,-0.4558774637,-0.1032535627,58.71284866,327.6167603,951.9656982
1604,2018,-0.4591751277,-0.1333762395,56.02821732,342.7653503,972.8635254
1605,2020,-0.4616269625,-0.1321235878,57.68328857,341.3729248,967.3861694
1606,2023,-0.4511019372,-0.1255397057,61.50863266,338.4609375,956.8915405
1607,2024,-0.4654642479,-0.1132996085,55.2898407,336.4773254,964.4812622
1608,2025,-0.4501693929,-0.1451585778,65.95669556,341.7219849,954.6878052
1609,2028,-0.4542709557,-0.1370463985,61.76287842,341.5466614,960.9424438
1610,2031,-0.4538936984,-0.1521267074,60.89140701,345.5918884,970.8002319
1611,2036,-0.4693263298,-0.08623121949,48.03298569,328.7823486,969.8779907
1612,2037,-0.4736681591,-0.07687283032,45.08846664,324.5739441,972.8369141
1613,2038,-0.473351545,-0.05024095334,43.46763992,313.7190552,973.8619995
1614,2039,-0.4698785645,-0.05157944453,47.95610809,305.2635498,966.5077515
1615,2040,-0.4687892853,-0.03144976406,32.776577,313.6704712,1000.952698
1616,2041,-0.4678589098,-0.0339310269,37.03705978,310.1876221,989.7566528
1617,2043,-0.4784184152,-0.03550913555,41.88493729,304.1393433,980.4761353
1618,2046,-0.4763797359,-0.0279587194,47.79914093,295.6079102,972.8391113
1619,2048,-0.4698922014,-0.000128995695,55.84279633,282.4627075,967.8100586
1620,2050,-0.467408529,-0.02745872957,33.16635132,308.8370056,1004.513794
1621,2052,-0.4690576979,-0.01630358717,37.71376801,302.964447,994.9483032
1622,2053,-0.4764095795,-0.01005690786,42.4354248,299.3351135,983.8009644
1623,2054,-0.4752329156,0.002652372206,45.19395828,289.9834595,990.2791748
1624,2055,-0.466690407,-0.04537927194,36.13953781,319.1264038,990.0992432
1625,2056,-0.4613195149,-0.05499816106,34.04242325,320.8616638,995.6539307
1626,2057,-0.4622807399,-0.04863658234,33.38703537,318.4922791,997.3998413
1627,2059,-0.4590271577,-0.1389091764,54.55743027,344.1000061,978.4876099
1628,2061,-0.4661041269,-0.1073392158,53.31618881,338.0479126,969.7642822
1629,2062,-0.4673777775,-0.06640484495,35.96529388,325.4597473,992.2646484
1630,2063,-0.4622170286,-0.05764207794,32.13599396,322.5614929,1001.267517
1631,2064,-0.4654284857,-0.05700012059,31.3157692,326.5618591,1005.202698
1632,2065,-0.4563414726,-0.06778854273,30.95756531,330.4775085,1009.238098
1633,2066,-0.4702360912,-0.08017149037,45.80158234,330.5189514,975.1586304
1634,2067,-0.4669042985,-0.0829557598,40.59056473,328.1046448,983.5547485
1635,2068,-0.4649404857,-0.06917798217,37.20240784,327.6722717,990.6331787
1636,2069,-0.4568420989,-0.07097273477,35.36387253,329.3645935,996.2124634
1637,2070,-0.465354401,-0.06713975619,33.72484207,331.0273132,1001.86792
1638,2071,-0.4606767982,-0.06537915846,32.29577637,332.6661377,1007.600098
1639,2072,-0.455175461,-0.07816122715,31.08704758,334.2867126,1013.410156
1640,2074,-0.4499677269,-0.1410951268,53.28025818,345.3747864,984.253479
1641,2077,-0.4466716336,-0.126995975,49.68423843,345.3075256,991.1390991
1642,2078,-0.4452244474,-0.1358259397,51.34438705,347.7584839,996.2122803
1643,2080,-0.4486490742,-0.1247305947,50.70446777,348.8746338,1002.405701
1644,2083,-0.4495654231,-0.1278653454,47.55683136,348.9776306,1009.483093
1645,2084,-0.4408289017,-0.1354184573,50.12770081,350.9730225,1015.221558
1646,2086,-0.4597832701,-0.1225162686,51.51638412,339.5824585,975.185791
1647,2087,-0.4573133407,-0.1294574292,49.90008545,341.0686646,980.7360229
1648,2090,-0.4490582407,-0.123111304,46.24885559,345.2459412,998.1304321
1649,2091,-0.4487248803,-0.1262264037,45.46326065,346.5585022,1004.17749
1650,2093,-0.4447432032,-0.1238446582,44.59737015,349.0883179,1016.646423
1651,2094,-0.4400154695,-0.1423250227,50.20959854,351.9623413,1021.844482
1652,2095,-0.441022052,-0.137160206,47.32891083,351.2425537,1022.380737
1653,2096,-0.4418386787,-0.1261146333,44.53635406,350.3138123,1023.068848
1654,2097,-0.4444416493,-0.1255998907,41.85171127,349.190094,1023.89856
1655,2098,-0.4564355858,-0.1058661081,46.22538757,340.9074707,987.6069946
1656,2099,-0.4552097096,-0.1053629175,44.93328857,342.3658142,993.3638916
1657,2100,-0.4485003216,-0.1110983606,43.85339355,343.7871094,999.2370605
1658,2101,-0.4522744307,-0.1155761006,42.99550629,345.1758118,1005.226929
1659,2102,-0.4465553188,-0.1162090068,42.36939621,346.5363159,1011.333618
1660,2103,-0.4488833689,-0.1266816297,41.98487473,347.8728943,1017.557373
1661,2104,-0.4440260307,-0.115308686,39.29038239,347.8870239,1024.858643
1662,2106,-0.4549962744,-0.1115083705,44.08469009,339.2086487,988.8776245
1663,2107,-0.4514662963,-0.1089541903,42.7231636,340.723114,994.6015015
1664,2108,-0.4518368179,-0.1125561497,41.573452,342.2041626,1000.434021
1665,2109,-0.4540798716,-0.1071638828,40.64538956,343.6564941,1006.375793
1666,2110,-0.4481516101,-0.1113870478,39.94892883,345.0846252,1012.427002
1667,2111,-0.4473413834,-0.116157708,39.49396133,346.4932861,1018.587769
1668,2112,-0.4446070697,-0.1087567036,36.86714935,346.4188232,1025.938843
1669,2113,-0.4641911622,-0.1008910662,45.51197052,334.1816711,979.124939
1670,2114,-0.4628115027,-0.0927603232,43.69189835,335.8179016,984.6210938
1671,2115,-0.4528851186,-0.1024390439,42.06304932,337.4139404,990.2180176
1672,2116,-0.4526816126,-0.1018665668,40.63549805,338.9746399,995.9161377
1673,2117,-0.4533845374,-0.1072413835,39.41919327,340.5049438,1001.715698
1674,2118,-0.4535957299,-0.1101443151,38.42420959,342.0096741,1007.617493
1675,2119,-0.4500674008,-0.1039600001,37.66053009,343.4937134,1013.621704
1676,2120,-0.4466789944,-0.1035598985,37.13819122,344.961792,1019.728577
1677,2121,-0.4472043691,-0.1035122532,34.59788895,344.7961121,1027.131348
1678,2122,-0.4470733069,-0.09169879795,32.49908447,343.0282898,1028.429321
1679,2123,-0.4507290823,-0.09590772612,32.89112091,341.4797058,1022.315125
1680,2124,-0.4519831794,-0.1073454439,34.93215942,343.2877502,1020.973145
1681,2125,-0.4534589124,-0.08368786462,33.53433228,339.9259949,1016.291748
1682,2126,-0.4493483536,-0.09515818763,35.51766205,341.771698,1014.911743
1683,2127,-0.4516409413,-0.08837361726,34.41852951,338.3617554,1010.358582
1684,2128,-0.4521132047,-0.09841809587,36.3442688,340.2426147,1008.946716
1685,2129,-0.4565976604,-0.08542002628,35.53355026,336.7818604,1004.515137
1686,2130,-0.4540995613,-0.09874298373,37.40193939,338.6956787,1003.077454
1687,2131,-0.457109361,-0.08362748296,36.86911392,335.1810303,998.7610474
1688,2132,-0.453140369,-0.09235231721,38.68051529,337.1256104,997.303894
1689,2133,-0.4567063758,-0.09239869188,38.41506195,333.5540466,993.0953369
1690,2134,-0.4580606803,-0.09626213927,40.16988754,335.5276489,991.625
1691,2135,-0.4629093465,-0.08373387415,40.16114044,331.8954773,987.5177612
1692,2138,-0.4636668264,-0.07256927969,38.60518646,329.8191833,989.0496216
1693,2139,-0.456151551,-0.08037121686,36.80924225,331.4979553,994.6256714
1694,2140,-0.4611450879,-0.07555431392,35.2130127,333.1463318,1000.283691
1695,2141,-0.460521525,-0.0759027743,33.82683945,334.7699585,1006.02417
1696,2142,-0.4539460408,-0.08096691803,32.661026,336.374115,1011.848083
1697,2143,-0.4506016709,-0.0801978088,31.72588921,337.9644165,1017.755859
1698,2144,-0.4683950282,0.01355737996,33.85985184,300.3806152,1024.709351
1699,2145,-0.4679873975,-0.01193796387,30.56712151,309.7969971,1017.703247
1700,2146,-0.4680865112,-0.0265138664,29.52111244,314.5931396,1014.130615
1701,2147,-0.4603577395,-0.02661933896,27.10480881,317.8472595,1025.684326
1702,2148,-0.4620930761,-0.03221695577,26.74666786,320.2575989,1023.884705
1703,2149,-0.464396564,-0.03172065822,29.31624222,317.0104675,1012.327087
1704,2150,-0.4591118964,-0.0399576607,26.72629929,322.6917725,1022.068054
1705,2151,-0.4596819154,-0.04971886773,27.04371071,325.1188354,1020.257324
1706,2152,-0.4574316013,-0.05459062183,27.66809845,327.5101013,1018.472961
1707,2153,-0.4668290853,-0.051772372,30.43095207,324.2320862,1006.941162
1708,2154,-0.4591796715,-0.05974624487,28.56772614,329.8443604,1016.730164
1709,2155,-0.4603274588,-0.03511033187,25.00553322,325.9035034,1033.834717
1710,2156,-0.4582687752,-0.03739246977,25.15843391,323.4648132,1035.636841
1711,2157,-0.4778298406,0.05204900824,50.93105698,271.2748718,1003.21936
1712,2158,-0.4775925267,0.06251948079,43.27029037,278.3122559,1026.989624
1713,2159,-0.485468848,0.03748863735,40.38402939,281.5689087,1038.720459
1714,2160,-0.4554479834,-0.06896600905,29.71563148,332.1072693,1015.039551
1715,2161,-0.4597327032,0.0454357062,87.98700714,230.5635681,937.9385986
1716,2162,-0.4554856982,0.02752750345,83.92903137,249.7779236,930.3342285
1717,2163,-0.46829377,0.02642513976,71.82585907,256.1446838,955.1953735
1718,2164,-0.4007802419,0.2130619528,127.6006393,163.0348358,927.5368652
1719,2165,-0.3900684954,0.2294279409,134.0850067,155.0976715,929.7115479
1720,2166,-0.3863069738,0.204149685,144.6790924,153.3759766,893.5189819
1721,2167,-0.3850344404,0.2275329863,141.4072723,147.5994415,931.7807007
1722,2168,-0.34768575,0.2584475613,169.8715668,128.2201843,916.6898193
1723,2169,-0.3622380913,0.2496456361,161.8048706,133.5549164,915.7702026
1724,2170,-0.3315488597,0.2652604519,167.9280853,129.4032593,926.1379395
1725,2171,-0.3537880764,0.2520456712,159.7215118,134.3574982,925.2744751
1726,2172,-0.3227448671,0.2688437778,178.2739868,123.3502121,917.5007935
1727,2173,-0.3263251241,0.2781946779,174.5864716,126.646843,936.2727661
1728,2174,-0.3508110098,0.2613597817,165.9260406,130.767746,935.6112671
1729,2175,-0.3611150399,0.2529537354,153.0801697,137.8548584,953.8557129
1730,2176,-0.3577009755,0.2708033325,161.7880859,134.0539703,954.5111084
1731,2177,-0.3702597712,0.2485065181,155.3470154,136.5037079,944.3479004
1732,2178,-0.389825063,0.2452181892,140.1711273,145.9609375,951.617981
1733,2179,-0.3877213424,0.2594896531,141.8947144,144.1730957,961.9865723
1734,2180,-0.3811070601,0.2475945498,144.425766,142.9031677,952.5504761
1735,2181,-0.4841100632,0.03414856086,60.63832474,263.6414185,979.3547363
1736,2182,-0.4768844546,0.07884980647,76.62426758,237.1443787,964.8909912
1737,2183,-0.4765722716,0.1038039893,66.08290863,244.8378143,990.8657837
1738,2184,-0.4077986286,0.2501934784,122.4227829,159.268692,966.1781006
1739,2185,-0.4244392529,0.2357102315,116.474556,162.2277527,984.039856
1740,2186,-0.4072807204,0.2500034935,124.8564606,154.9315186,987.267334
1741,2187,-0.4183090345,0.22266135,115.6037216,167.2811127,963.0522461
1742,2188,-0.439143849,0.2437328919,103.4379959,173.5960693,997.4752197
1743,2189,-0.43663261,0.2464066162,106.8140564,169.5437317,999.5187378
1744,2190,-0.449464003,0.2500482102,91.94380188,181.0405426,1030.070923
1745,2191,-0.3739804482,0.2935205209,144.1112671,148.677948,1008.993652
1746,2192,-0.3729183922,0.2898515063,146.3088531,146.1530304,1000.229797
1747,2193,-0.3877440863,0.2868389098,139.1267242,149.6332855,1008.832336
1748,2194,-0.3878329694,0.2796412581,141.4338837,147.281662,1000.023987
1749,2196,-0.4165268937,0.2844875215,126.7622528,156.5827332,1025.164429
1750,2199,-0.4091016674,0.2712140346,129.088562,153.0217743,1007.575195
1751,2200,-0.4016184421,0.2613014992,129.4615936,151.7252808,988.6505737
1752,2201,-0.3966546699,0.2478521308,130.4593506,151.845047,969.0584106
1753,2202,-0.3879056428,0.2314144008,136.0144958,149.3867645,950.500061
1754,2203,-0.4023068763,0.2786413682,134.1041412,151.0708771,1008.365906
1755,2204,-0.3915108753,0.2702965009,136.5254059,148.8721924,999.5322266
1756,2205,-0.3976401307,0.2681395128,138.970932,146.8113403,990.5365601
1757,2207,-0.3848431715,0.3084413583,144.9801483,153.8209229,1025.786621
1758,2208,-0.393868985,0.2980622227,141.9486237,151.3194122,1017.577148
1759,2209,-0.392557717,0.3006670989,139.8321075,154.0576172,1025.970093
1760,2210,-0.4020741533,0.2949864457,136.855072,152.105011,1017.462341
1761,2212,-0.4079988409,0.2916892598,132.0109406,155.1789246,1025.744873
1762,2213,-0.3793709865,0.3099103466,141.1300354,159.8352203,1041.852905
1763,2214,-0.3881783372,0.3039521762,137.7729645,156.8726654,1034.164795
1764,2215,-0.3848473272,0.3117955482,135.7824402,159.7443848,1042.153687
1765,2216,-0.3949059565,0.30647987,132.4665833,157.3330078,1034.147583
1766,2217,-0.3936798883,0.3009260462,130.3738708,160.050415,1042.187134
1767,2219,-0.3370788574,0.3010977977,171.1036682,142.5285034,1000.110046
1768,2220,-0.3600668654,0.2819753269,153.2688904,142.7881927,991.3495483
1769,2221,-0.3706381233,0.2880410274,148.5301361,143.7627106,991.2979126
1770,2222,-0.3844540151,0.2782652285,143.7644806,145.0675812,991.0499268
1771,2223,-0.3809480072,0.2671682753,141.427887,144.9034729,981.3946533
1772,2224,-0.3758424343,0.2360987614,153.9977112,139.6225739,914.5890503
1773,2225,-0.3671523146,0.2474854014,157.5648346,135.3387756,934.8108521
1774,2226,-0.3504261892,0.2637381699,163.875885,132.3174286,945.0789185
1775,2227,-0.3271161183,0.2719313846,172.6837463,128.5769958,945.6553955
1776,2228,-0.3102935591,0.291504177,183.5792694,122.8584366,936.8545532
1777,2229,-0.3275193782,0.2864489974,181.8164368,125.12957,946.1564331
1778,2230,-0.2891150256,0.2893249953,192.8650665,119.4484482,937.340332
1779,2231,-0.2920864207,0.3029810959,200.9013672,119.296196,946.8793945
1780,2232,-0.2222058117,0.3154845107,242.3110657,108.3684692,938.5515137
1781,2233,-0.2452967857,0.3015572989,222.1253662,111.7912674,938.2456665
1782,2234,-0.2425941816,0.3078178434,220.8499603,115.0792923,947.2579346
1783,2235,-0.2629702638,0.3048927203,212.1716614,113.8915634,938.0304565
1784,2236,-0.2814105454,0.3077474322,202.4074707,116.4502411,937.7307739
1785,2237,-0.296236086,0.2782917065,187.015686,118.8979874,918.2268677
1786,2238,-0.2640926945,0.2907715075,196.0595398,114.8990173,918.8571167
1787,2239,-0.2551169762,0.3010508792,205.3694916,111.3801575,919.3907471
1788,2240,-0.2472282302,0.2941564373,214.9101562,108.3647995,919.8291626
1789,2241,-0.2137438618,0.3024254679,224.6471405,105.8693237,920.175293
1790,2242,-0.2101851267,0.3060142751,244.4086304,101.7871475,920.7161865
1791,2243,-0.1490518574,0.3079023992,264.3609314,98.4165802,921.1479492
1792,2244,-0.06876077323,0.2869663694,325.4187317,85.835289,904.7473755
1793,2245,-0.1245861681,0.3203787693,304.6981506,93.87375641,921.6915283
1794,2246,-0.07687143021,0.3203639926,303.8597412,101.6593857,939.0421753
1795,2247,-0.1082312519,0.3473627365,303.0215759,110.4283142,956.3320923
1796,2248,-0.179067841,0.3147612583,262.6834412,105.5243912,938.7835693
1797,2249,-0.2083302856,0.3285079251,260.9983215,113.5611343,956.3338013
1798,2250,-0.366878648,0.2294026713,151.2459412,145.9818573,894.7427979
1799,2251,-0.3835265131,0.2229128006,146.5227966,146.4791412,913.1173706
1800,2252,-0.3653996813,0.2484410464,149.34935,140.9069214,933.5548706
1801,2253,-0.3305134928,0.2857394057,180.0342255,127.5934677,955.4116821
1802,2254,-0.2786278547,0.3111700844,199.3864441,122.3447952,955.975769
1803,2255,-0.2463895591,0.3125898726,219.5710449,118.5780563,956.2169189
1804,2256,-0.3207774539,0.3089284674,193.356308,136.3669281,991.3346558
1805,2257,-0.3154137701,0.3121275711,194.8476257,132.61586,982.6931152
1806,2258,-0.3268606244,0.2882639858,174.6488495,136.0797729,982.6345215
1807,2259,-0.3286497285,0.2883187876,176.442688,133.078125,973.6748657
1808,2260,-0.3556876046,0.2731530723,157.5412598,138.0777893,973.1575928
1809,2261,-0.3534259406,0.279547941,159.6730652,135.9756317,963.8795166
1810,2262,-0.3596490432,0.2759781378,152.9989166,139.4477539,972.9953003
1811,2263,-0.2611186798,0.3134376541,214.5128021,134.4372406,991.0182495
1812,2264,-0.3061474052,0.3077559207,196.3536835,129.0171356,973.9061279
1813,2265,-0.3433903,0.2885850294,178.240387,130.2455597,964.5929565
1814,2266,-0.3499120181,0.3254161406,162.8485413,160.251236,1040.638672
1815,2267,-0.3085774842,0.3502127092,207.6038208,161.3607178,1038.320312
1816,2268,-0.345236056,0.3257140376,187.6555481,152.4286041,1024.176514
1817,2269,-0.2996711705,0.3362304313,209.767334,152.2726135,1023.305359
1818,2270,-0.2723827257,0.3244822211,212.0825958,143.2141418,1007.52478
1819,2271,-0.2219686146,0.3449680027,256.1181946,142.0801392,1006.432556
1820,2272,-0.2876939415,0.304745865,197.868576,125.5886841,964.9929199
1821,2273,-0.09178938498,0.3589500098,300.6114197,141.3038788,1005.738586
1822,2274,-0.1220360218,0.3559308436,301.387146,130.4459534,989.8471069
1823,2275,-0.08962770249,0.3334968838,302.1939392,120.0781784,973.3314209
1824,2276,-0.432257152,0.1644087848,112.5007324,188.6777649,920.4634399
1825,2277,-0.4562139585,0.1827645217,101.0423737,193.2809448,952.7521362
1826,2278,-0.441035294,0.2110291269,105.2841568,184.3561859,956.3066406
1827,2279,-0.4673467135,0.1777584857,89.62809753,199.9363708,983.9647827
1828,2280,-0.4658243588,0.2109626718,93.55287933,190.9100342,988.6119385
1829,2281,-0.4750306646,0.188512546,78.88541412,207.6773071,1013.690979
1830,2282,-0.4733055727,0.2186975902,82.46412659,198.5431519,1019.321167
1831,2283,-0.4899236338,0.2167834109,69.44275665,215.3166962,1041.932007
1832,2284,-0.4736093808,0.2287478485,72.70915985,206.0557556,1048.350586
1833,2285,-0.4505339892,0.2148682405,97.85426331,182.056015,993.1665039
1834,2286,-0.4684927965,0.2405761742,86.36199188,189.5327911,1024.875122
1835,2287,-0.4600249488,0.2523019645,88.90653229,185.204834,1027.530762
1836,2288,-0.4717533055,0.2534550397,76.25000763,196.8781891,1054.711914
1837,2289,-0.466183785,0.2701903724,78.78764343,192.5200653,1057.727173
1838,2290,-0.4588089152,0.2672918069,81.96234131,188.4197235,1060.55603
1839,2291,-0.445546851,0.2803287042,85.74452209,184.6378174,1063.155762
1840,2292,-0.4632233029,0.2697707368,90.360466,180.920166,1048.119507
1841,2293,-0.4290799932,0.1953409164,109.9643173,175.6532135,959.7626343
1842,2294,-0.4383764815,0.2839903185,104.0094299,169.9550476,1036.735107
1843,2295,-0.4516408426,0.2698004802,99.51733398,173.3634644,1034.704468
1844,2296,-0.4370747196,0.2859248609,99.19182587,174.1283417,1052.48645
1845,2297,-0.4495658308,0.2767018544,94.53743744,177.3433685,1050.427856
1846,2298,-0.4399902003,0.2933789947,94.90567017,178.2546844,1067.513184
1847,2299,-0.4504370319,0.2922730924,90.08252716,181.2329865,1065.48584
1848,2300,-0.4442678873,0.2956351524,92.99781036,180.2728424,1074.724609
1849,2301,-0.443930196,0.2589301293,95.48397064,177.0764618,1032.472534
1850,2302,-0.4328155151,0.2585662502,110.5989685,165.6551666,1001.466187
1851,2303,-0.404248643,0.3009357372,124.9186707,160.8888092,1041.86084
1852,2304,-0.3663834987,0.3130812493,166.007782,153.0077667,1025.009644
1853,2305,-0.3301419157,0.3199513418,190.4412842,144.2380371,1008.120789
1854,2306,-0.3391832126,0.2945681442,172.8666077,139.2358704,991.4518433
1855,2307,-0.3539735885,0.2794070577,155.4030609,140.3523865,982.3214111
1856,2308,-0.3653872081,0.2797267522,150.7639008,141.5231476,982.213501
1857,2309,-0.3794577571,0.2698512626,146.1064758,143.0065918,981.9257202
1858,2310,-0.3751669131,0.2639491883,143.8834076,143.1607819,972.1254272
1859,2311,-0.3759809012,0.2567473825,146.324646,141.5930634,962.7504272
1860,2312,-0.3707768773,0.2558978213,148.7387695,140.2065125,953.2942505
1861,2313,-0.3836679369,0.247895022,146.9151611,141.8144073,943.0637817
1862,2315,-0.3960283785,0.3229003802,117.1501007,171.4908142,1071.997437
1863,2317,-0.3999772138,0.3199998989,123.6311111,165.809082,1057.551758
1864,2318,-0.3804029556,0.3186421823,132.0522461,165.58284,1057.484497
1865,2319,-0.3737648354,0.3202115938,137.5871277,165.963562,1057.071655
1866,2320,-0.3806990205,0.3170610739,133.8717804,162.6535339,1049.929932
1867,2321,-0.4264792053,0.2844496723,108.9051895,166.8925629,1038.540649
1868,2322,-0.4292666999,0.2890425499,104.2554169,171.3127594,1054.272339
1869,2323,-0.4256436418,0.3021861039,100.1304016,175.7339935,1069.217285
1870,2324,-0.4300375128,0.3116348912,98.30052948,177.9186554,1076.362183
1871,2325,-0.4141314387,0.3190582192,103.8930511,176.0940399,1077.622803
1872,2327,-0.4175860514,0.3056225384,102.8641052,174.6578522,1069.939941
1873,2328,-0.4170518112,0.302595435,109.6278915,168.9870148,1055.725952
1874,2331,-0.4196439577,0.2883680265,111.4797058,165.5137329,1039.344849
1875,2333,-0.4322357796,0.2755345896,113.9649887,162.5923767,1022.09198
1876,2334,-0.4154264789,0.2622659678,119.3202133,158.5563965,1004.979126
1877,2335,-0.4266988289,0.2554670405,114.7792206,161.9788971,1003.293213
1878,2336,-0.4120454981,0.2640033688,124.1367645,155.5119781,1006.446899
1879,2337,-0.4168037546,0.2833806091,121.5512314,158.5472107,1024.217773
1880,2340,-0.4074933248,0.3080835912,108.4891357,172.9538116,1071.071045
1881,2341,-0.4004568583,0.3239793989,109.6631699,174.8476562,1078.472046
1882,2342,-0.4702314021,0.2700776714,77.80223846,191.7914581,1074.874878
1883,2343,-0.4626799466,0.2669181274,74.51704407,195.8370056,1071.968628
1884,2345,-0.4711197355,0.2828986767,70.90600586,198.8751678,1085.478027
1885,2346,-0.4720325252,0.2873745616,68.05456543,201.7873993,1098.118774
1886,2347,-0.4149713176,0.3385850875,98.67499542,185.5340729,1103.019775
1887,2348,-0.4110770187,0.3363799168,99.67721558,183.1320801,1097.152588
1888,2350,-0.4227843269,0.3247272948,95.1776886,182.2117462,1089.903564
1889,2351,-0.4339430726,0.3221537193,91.11516571,185.1610718,1095.628418
1890,2352,-0.4315381349,0.3202543177,89.72434235,184.1923065,1088.455322
1891,2353,-0.45478756,0.2968840686,80.01267242,189.799408,1084.361206
1892,2354,-0.4405643465,0.3069620442,83.20054626,188.4797363,1093.159058
1893,2355,-0.4451282743,0.31042561,84.63217926,186.7267914,1086.604004
1894,2358,-0.3935576926,0.3223027793,115.5259781,174.1595764,1078.922974
1895,2359,-0.3876291466,0.3152599775,128.3649902,162.8120575,1050.014648
1896,2362,-0.3774441545,0.3585310998,117.6660843,182.3588409,1097.784424
1897,2363,-0.3865517544,0.3425741472,112.7495117,179.4762115,1091.913696
1898,2364,-0.3852606605,0.3502416773,111.6228943,182.1570435,1097.911621
1899,2365,-0.4038270573,0.3360845912,106.7738876,179.8739471,1091.618042
1900,2366,-0.3974632634,0.3395999215,105.6051788,182.4078979,1097.706055
1901,2367,-0.4082739429,0.3257973771,100.8903122,180.7792358,1090.952759
1902,2368,-0.4690172178,0.2745243951,68.28232574,203.2408752,1082.262695
1903,2369,-0.467489524,0.2676490405,71.95041656,200.2029419,1068.829834
1904,2370,-0.4831103246,0.2590184539,64.98073578,212.590332,1075.382324
1905,2371,-0.4805089519,0.2317730558,61.93024445,221.9977875,1068.458984
1906,2372,-0.5071984496,0.2614324651,49.49365234,250.0232239,1089.840576
1907,2373,-0.5168405365,0.27910251,50.8803215,246.9548645,1078.498291
1908,2374,-0.5159513493,0.2505968944,52.99856567,243.9111481,1066.774658
1909,2375,-0.5068176014,0.2322884454,55.78012085,240.7894592,1054.626099
1910,2376,-0.479924782,0.1624290086,63.05966949,233.9085541,1029.056152
1911,2377,-0.4828361513,0.145695096,72.17247772,226.1526489,1002.324036
1912,2378,-0.4656923755,0.1305473647,82.57108307,218.3549194,974.5013428
1913,2379,-0.4498793766,0.115694577,93.70973969,211.6560211,945.4364624
1914,2380,-0.4355525717,0.1044696394,105.0436478,206.9988098,915.3632202
1915,2381,-0.4925612965,0.2609582582,56.97694016,227.9938965,1092.611572
1916,2382,-0.4908574014,0.2903299117,55.65665054,231.0370636,1103.844849
1917,2383,-0.4787467482,0.2922849855,59.97069168,218.4873352,1099.684204
1918,2384,-0.4807755648,0.2916306586,58.70130157,221.5263519,1110.858154
1919,2385,-0.4789518657,0.2945639209,60.71857452,215.2225342,1108.879272
1920,2386,-0.4730703595,0.3090711779,60.21504974,216.7659454,1114.368408
1921,2387,-0.4703131829,0.3072727784,62.02056503,212.0796051,1117.824219
1922,2388,-0.4721561052,0.3069195997,62.50061035,210.5309143,1112.358032
1923,2389,-0.4771770668,0.2954580496,63.22197342,209.0357819,1106.715698
1924,2390,-0.4794270392,0.2904693564,61.45487213,213.7266846,1103.225952
1925,2391,-0.4741413248,0.2872941231,65.34104156,206.1363983,1094.878662
1926,2392,-0.481964646,0.2831418845,62.09268951,215.5518951,1087.87561
1927,2394,-0.4289304577,0.3101305997,91.26590729,182.2525482,1081.712402
1928,2395,-0.4430951516,0.2962612213,86.26582336,184.947525,1079.783813
1929,2396,-0.4571506374,0.2860288576,81.7460556,188.1414642,1077.494385
1930,2398,-0.465555539,0.2938139575,69.75780487,199.785614,1099.613403
1931,2399,-0.4696730483,0.3016635613,66.06295013,204.7263336,1109.928345
1932,2400,-0.4372955036,0.3362790684,86.38487244,190.0502319,1106.954834
1933,2405,-0.4294685504,0.3455612551,88.59261322,191.4924469,1113.024414
1934,2407,-0.4447325616,0.3295715101,82.96370697,192.8765564,1111.946167
1935,2408,-0.4190595334,0.3516744049,91.17070007,193.4726715,1118.482178
1936,2410,-0.428488741,0.3453299441,85.37314606,194.2281494,1117.868042
1937,2412,-0.4454468725,0.332091764,79.77650452,195.7206573,1116.711304
1938,2413,-0.3835566788,0.3557721247,110.6878128,184.8978119,1103.55542
1939,2414,-0.3766501846,0.3676910266,116.0530167,188.1429138,1108.577637
1940,2415,-0.3708788261,0.3536997971,123.679245,182.9911957,1097.341187
1941,2416,-0.3677572814,0.3753252383,128.1555634,189.9468689,1107.309692
1942,2417,-0.3622640963,0.3559751772,129.6358032,183.9453583,1096.661865
1943,2418,-0.3830664607,0.3743359583,109.1605682,193.7337494,1118.425293
1944,2419,-0.3888241027,0.3700299987,103.0855789,193.3701324,1118.655396
1945,2420,-0.3892744049,0.3653650558,109.443779,190.6607361,1113.80603
1946,2421,-0.3906341487,0.3615891243,103.3651047,190.45578,1113.917114
1947,2422,-0.3863120622,0.3644792409,109.9571533,187.7239075,1108.851685
1948,2423,-0.4005437347,0.3514718557,103.8872375,187.6739044,1108.849976
1949,2424,-0.3980516697,0.3493663638,104.6384506,184.9995728,1103.44812
1950,2425,-0.3797994025,0.3647803372,115.5475082,191.1832886,1113.456055
1951,2426,-0.3652696648,0.3853094585,127.3991852,196.2809448,1116.63147
1952,2427,-0.4896090345,0.2638211203,59.09439087,225.0207214,1080.83252
1953,2428,-0.4669186784,0.2929846918,66.57770538,203.9102631,1096.536255
1954,2429,-0.4714792944,0.301791598,64.50672913,206.8191071,1108.367065
1955,2430,-0.4674843555,0.3109730177,63.37314606,209.8854828,1119.443848
1956,2431,-0.4561621171,0.3213223768,66.96970367,205.9673767,1122.341675
1957,2432,-0.4625449483,0.3177125228,65.03136444,207.8388214,1120.956299
1958,2433,-0.4665873545,0.313649094,67.29109955,204.340271,1116.960815
1959,2434,-0.4637316596,0.305934032,67.87145996,202.7800446,1111.383179
1960,2435,-0.4606982207,0.3011735999,71.66958618,197.9196472,1101.009277
1961,2436,-0.4616352818,0.2864419875,76.32424927,193.0961609,1089.741821
1962,2439,-0.437419124,0.3463518362,82.39098358,196.9797974,1122.51123
1963,2441,-0.4264230107,0.3456308835,88.19595337,196.1459045,1123.176025
1964,2443,-0.4206282004,0.3392433318,92.86618042,186.5200806,1102.255371
1965,2444,-0.4232115246,0.3383544722,94.95236969,188.3269043,1108.302124
1966,2447,-0.4109047529,0.3613317343,94.08313751,196.0361176,1123.307251
1967,2448,-0.4106119417,0.3613315357,91.38865662,198.7062073,1127.827515
1968,2450,-0.4219533239,0.3565949095,85.46704102,198.8316803,1127.696045
1969,2453,-0.4578063788,0.3269395755,69.15498352,204.2927399,1123.583984
1970,2454,-0.459687319,0.3196655718,69.39840698,202.6087646,1118.253906
1971,2457,-0.4625772825,0.3150552622,72.14419556,199.3944397,1113.924438
1972,2461,-0.455380582,0.3327002834,74.19881439,199.7388916,1120.408325
1973,2463,-0.4508508967,0.3173001218,77.65415192,194.9699707,1110.346436
1974,2464,-0.436094799,0.3310843415,80.99971771,192.0120544,1105.45752
1975,2470,-0.436142491,0.3295369399,87.26946259,188.0653229,1101.077759
1976,2471,-0.4349279511,0.34930493,78.56707001,202.2868958,1131.506592
1977,2475,-0.4177513845,0.3635790001,88.65480042,199.9924316,1130.060791
1978,2479,-0.4285117207,0.3584444391,82.97624207,201.5546722,1132.05603
1979,2482,-0.4093673763,0.3707156731,91.94509888,201.5722961,1132.074341
1980,2483,-0.406065899,0.3753476751,98.32130432,204.2072754,1133.615967
1981,2485,-0.4085122081,0.3519755047,97.35939026,190.5825958,1113.777588
1982,2486,-0.3993751566,0.3637675388,97.07408905,193.27771,1118.678833
1983,2488,-0.3993876799,0.3701048062,97.31869507,199.1303253,1127.552612
1984,2489,-0.3778813565,0.3778208509,115.2588196,194.3567047,1117.998413
1985,2490,-0.3777715605,0.386970679,115.1990051,197.6888275,1122.211548
1986,2491,-0.3300972782,0.4058037416,151.5560608,206.9785614,1121.941528
1987,2492,-0.3331566093,0.3900439454,151.5764465,200.2901917,1113.775879
1988,2493,-0.3445163787,0.3777654749,152.2308655,193.8995972,1104.517212
1989,2494,-0.3560687257,0.3623051461,153.4574585,187.6121674,1094.054199
1990,2495,-0.4289685515,0.3121517469,96.64483643,180.078186,1083.265015
1991,2496,-0.4134535862,0.3181610435,102.3002625,178.4435577,1084.428833
1992,2497,-0.4063506194,0.3255777552,108.1310501,177.364563,1085.192505
1993,2498,-0.3899368311,0.3370106013,114.0548248,176.8214722,1085.569702
1994,2499,-0.3422594732,0.3281651877,159.9518738,167.4718628,1055.441895
1995,2500,-0.3069734621,0.3550161061,205.628952,170.2279358,1052.545166
1996,2501,-0.184910111,0.3488828628,253.2303772,162.6130219,1036.477173
1997,2502,-0.2217990225,0.3613385807,254.6231079,152.3757935,1021.829468
1998,2503,-0.2355378255,0.3909200187,250.8401184,181.7879028,1063.432495
1999,2504,-0.1217163602,0.4003587733,298.0239258,183.671463,1061.942627
2000,2505,-0.1364610392,0.389235251,299.1940308,163.3239594,1035.368042
2001,2506,-0.1007032317,0.4584371786,297.1834412,200.4115601,1084.900146
2002,2507,-0.2031027051,0.4027414179,249.1238251,197.8625183,1086.743164
2003,2508,-0.3089786587,0.3936784248,201.2057953,193.6184998,1089.785645
2004,2509,-0.3393301046,0.3469008771,155.194397,181.2229614,1082.289673
2005,2510,-0.3664278201,0.3396590003,131.7566528,178.0636749,1084.628784
2006,2511,-0.3734961813,0.3450669759,125.910614,177.2454224,1085.234131
2007,2512,-0.2663807349,0.3576364132,203.8796844,178.6538849,1065.937012
2008,2513,-0.3387027919,0.3373117349,157.379837,174.5025635,1069.359985
2009,2514,-0.3789174793,0.3320255802,134.4348602,172.0701294,1071.369263
2010,2515,-0.4237143627,-0.06415373879,165.3741913,196.331131,703.8986816
2011,2516,-0.4274418586,-0.01304210194,171.2436218,178.8104248,703.3929443
2012,2517,-0.4296767956,-0.08749775461,155.1853485,215.9377747,749.1635742
2013,2518,-0.4310718419,-0.09386120437,159.0646515,216.6960602,726.4938354
2014,2519,-0.4185647879,-0.1634356297,153.0843658,234.8426971,751.5510864
2015,2520,-0.4132416924,-0.1007085083,157.1151886,235.4511108,728.663208
2016,2521,-0.4146603361,-0.1843027881,153.3070831,254.1706238,754.2089233
2017,2522,-0.4176908886,0.01725533956,169.122467,180.8184967,723.9342651
2018,2523,-0.4284404841,-0.009677966644,163.0853729,198.4211731,724.7822876
2019,2524,-0.4203692559,-0.01474186074,159.5529022,197.6043396,747.2614136
2020,2525,-0.3460222037,0.1466467945,175.0531769,144.7789154,796.1419678
2021,2526,-0.3340939871,0.118329966,184.3322601,138.9883118,768.510376
2022,2527,-0.3525624818,0.104954604,178.3265686,148.134079,768.4390259
2023,2528,-0.3723779223,0.1101870879,186.9468536,141.2736206,743.5025635
2024,2529,-0.3835198413,0.08638108053,181.0786133,150.5334167,743.6193237
2025,2530,-0.3917556692,0.04516125563,189.4200134,141.7173615,721.2928467
2026,2531,-0.4068258607,0.05311491187,183.6890259,150.7770386,721.512146
2027,2532,-0.3558984038,0.0529764629,192.0545044,139.3943329,701.6721802
2028,2533,-0.3809715525,0.03382091275,186.5031128,147.8802338,701.8618164
2029,2534,-0.3518885602,0.09349859163,194.5964661,130.7919312,744.1400757
2030,2535,-0.3536312787,0.07654539447,196.7806854,131.630188,721.7009277
2031,2536,-0.3355154784,0.0297804843,198.784668,130.3621521,701.8619995
2032,2537,-0.4365612671,-0.08532382509,135.338974,246.8439789,814.4888306
2033,2538,-0.422337944,-0.1051447058,139.603241,238.601593,801.2844238
2034,2539,-0.4201160966,-0.137364981,139.7432251,248.4336395,802.0784912
2035,2540,-0.4191128584,-0.04062623848,141.338562,219.2693481,799.8085327
2036,2541,-0.4084577959,-0.06889837735,149.862793,213.2280731,773.3342896
2037,2542,-0.4090049725,-0.1187785838,147.3668671,232.2210083,775.4478149
2038,2543,-0.4487468523,0.00492652432,126.8180466,224.6986084,840.2446289
2039,2544,-0.4333268981,0.002543091938,131.5592651,225.8320465,826.7510986
2040,2545,-0.4246635441,-0.07290936657,140.1384888,228.8722382,800.527832
2041,2546,-0.4352100164,0.04068114597,123.656601,214.3203583,854.5966187
2042,2547,-0.4521889417,0.02907011921,116.5541687,223.6271515,867.8357544
2043,2548,-0.4579022968,0.07347159226,113.2472076,214.2293854,883.4470215
2044,2549,-0.4432075944,0.06850147769,111.08255,223.8288879,881.8585205
2045,2550,-0.4529932763,0.03516826265,105.4269791,224.6067352,895.9705811
2046,2551,-0.4332947698,-0.02698263707,114.492157,243.178009,865.6088257
2047,2552,-0.4513193296,0.01455321344,108.6253281,243.337738,878.6304932
2048,2553,-0.4498231023,-0.01078328409,102.5673676,244.0622711,891.6816406
2049,2554,-0.4467072042,0.08432336426,99.64841461,225.9929657,910.0818481
2050,2555,-0.4393295423,0.01606519979,96.38446808,245.3820648,904.6938477
2051,2556,-0.4515251602,0.01580530824,90.14802551,247.2975006,917.59729
2052,2557,-0.4296434997,0.1430374651,123.3725967,186.5119324,888.0338135
2053,2558,-0.4403252744,0.1069491543,133.1175079,186.602417,856.5085449
2054,2559,-0.4513199562,0.07207084601,129.323822,195.6133575,855.8718262
2055,2560,-0.4232599291,0.07836784673,141.6074524,188.4716492,826.4029541
2056,2561,-0.4388372916,0.06340230018,138.110199,197.4941406,826.4290161
2057,2562,-0.4207991454,0.0478679514,148.8339996,191.5130615,798.0438843
2058,2563,-0.4285780578,0.01117439176,145.696228,200.5569305,798.5388794
2059,2564,-0.4179948107,-0.03020212025,154.8066864,194.8987122,771.640686
2060,2565,-0.4188880695,-0.04054705066,152.0328064,203.9653625,772.4136963
2061,2566,-0.4199070892,0.004426525228,143.1942444,209.8208771,799.1390381
2062,2567,-0.4428814662,0.02976132486,133.0746155,216.2109222,826.6184692
2063,2568,-0.4493119926,0.03987691985,135.2617493,206.7532806,826.5077515
2064,2569,-0.433400266,0.07503191242,126.1655655,204.8656158,855.2364502
2065,2570,-0.4437946364,0.0996002018,116.0248489,204.7848663,885.0098267
2066,2571,-0.4157070768,0.003163475362,162.0874329,177.4749146,770.7631226
2067,2572,-0.4468799895,0.04717174353,152.5938873,182.7254639,797.7009277
2068,2573,-0.4258134663,0.07029976641,156.9190063,174.2154999,797.5427856
2069,2574,-0.4453230135,0.07821009282,145.7370605,179.7233582,826.4577026
2070,2575,-0.4285105251,0.1135230378,150.4395905,171.2722321,826.6144409
2071,2576,-0.4080556315,0.1395029288,142.5050201,169.4418335,857.8213501
2072,2577,-0.301253429,0.1765927362,196.9282074,117.3641968,798.4616699
2073,2578,-0.3439517742,0.135523645,192.0387421,128.6664124,769.352356
2074,2579,-0.3221575068,0.1562335692,188.8830109,126.2937241,797.4546509
2075,2580,-0.3165256546,0.1712302967,181.2405853,136.0049744,796.4552612
2076,2581,-0.3423807861,0.1871195634,177.3243713,133.3826447,827.3223877
2077,2582,-0.359898264,0.172361022,170.8664398,141.5708618,826.7398071
2078,2583,-0.3575265467,0.1884386398,168.3122101,140.3162689,843.0845337
2079,2584,-0.3842178739,0.1384656256,160.5,155.7454987,826.9304199
2080,2585,-0.3876715205,0.09686604696,166.0177307,158.7640839,797.2775269
2081,2586,-0.3830519248,0.06815505916,170.2943115,161.9992523,770.2131958
2082,2587,-0.3983832371,0.04206877092,173.6157532,164.4435577,745.6721802
2083,2588,-0.4241837974,0.02207055103,176.254837,164.9655457,723.4195557
2084,2589,-0.3935081166,-0.01284124437,178.4469604,162.6417084,703.1043091
2085,2590,-0.3877287115,0.2098791717,149.3113556,153.3349152,876.0319824
2086,2591,-0.3378689551,0.2388586857,176.8652344,125.1459885,879.7491455
2087,2592,-0.3288215059,0.211344026,187.8475342,117.5568771,863.1048584
2088,2593,-0.323454534,0.20837869,179.8484955,124.4865952,862.0388794
2089,2594,-0.305705713,0.2031915096,190.4889984,116.8131027,846.0009766
2090,2595,-0.3328949382,0.205945196,182.5160217,124.3383942,844.9126587
2091,2596,-0.3091126956,0.2003625448,192.8739471,116.5790253,829.4993896
2092,2597,-0.3079233323,0.2064350409,184.8933716,124.6414719,828.4152222
2093,2598,-0.3956785792,0.1885990255,153.4715881,153.756134,859.0831299
2094,2599,-0.3597234013,0.1874224424,165.3898621,139.4196167,860.0853271
2095,2600,-0.3579349209,0.2248440078,162.0546417,138.9573364,877.7040405
2096,2601,-0.3638686102,0.2230190992,169.181076,131.9554749,878.6779785
2097,2602,-0.3694762254,0.2268094888,158.2620239,138.9994659,895.8989258
2098,2603,-0.3494438239,0.2373373183,165.703064,132.4535217,896.9844971
2099,2604,-0.391458504,0.02224577508,166.1061554,180.0578766,746.2843018
2100,2605,-0.2772678971,0.2164101863,198.704483,110.113205,847.0371704
2101,2606,-0.3011964431,0.2142689501,201.0513153,109.4444275,830.5493774
2102,2607,-0.263317752,0.1912025328,205.0743561,109.5379486,799.4746094
2103,2608,-0.2769080316,0.1511921048,208.2375031,110.9421616,771.1087036
2104,2609,-0.2763177786,0.1461636556,210.5933685,112.7851028,745.5150146
2105,2610,-0.3043887254,0.1100077139,212.1842957,114.1443787,722.6177979
2106,2611,-0.309662067,0.06976840798,213.0246429,114.3223114,702.3110962
2107,2612,-0.2491027481,0.1700188204,226.7300262,98.85732269,747.4737549
2108,2613,-0.2518534762,0.1230944389,227.800415,100.309639,724.1265869
2109,2614,-0.2596989938,0.05164330705,227.8285522,101.0282669,703.1759644
2110,2615,-0.2071212179,0.1526515526,260.1582031,80.27658081,727.9301758
2111,2616,-0.2256745952,0.1659766019,243.1751404,88.00054169,749.7973022
2112,2617,-0.2436780228,0.1732036451,216.421936,103.6970367,772.1521606
2113,2618,-0.2840066141,0.2240636377,209.4350433,103.1457062,831.6142578
2114,2619,-0.06948268429,0.110494365,310.2049561,63.34796143,708.4957275
2115,2620,-0.1121128765,0.1219109112,292.9066162,67.44963837,707.6117554
2116,2621,-0.1443012828,0.1388070776,293.7832947,67.66381836,731.2783203
2117,2622,-0.1798662223,0.1500543675,276.8580933,73.12276459,729.692688
2118,2623,-0.1691307706,0.1764172962,276.7966309,72.65345764,754.1345215
2119,2624,-0.1955804313,0.1801845776,259.8800659,79.44877625,752.0585327
2120,2625,-0.1744462375,0.185916565,258.6296082,78.88972473,778.0715332
2121,2626,-0.2152418968,0.1854113531,241.5437622,86.93897247,775.7565308
2122,2627,-0.2128733154,0.2000105888,239.0119781,86.9152298,804.0469971
2123,2628,-0.2280055929,0.2057448824,230.3429413,91.40270996,802.9043579
2124,2629,-0.235703238,0.2229566841,228.6572113,91.85197449,818.0112305
2125,2630,-0.25120087,0.2143127843,220.0005188,96.87519073,816.8959351
2126,2631,-0.267915831,0.2215253205,218.0162964,97.6279068,832.6785889
2127,2632,-0.1857648085,0.2244885129,256.5356445,79.48566437,806.1705322
2128,2633,-0.1754626177,0.1920694397,275.8658447,72.50408173,780.1724243
2129,2634,-0.172731398,0.1818862153,293.8320618,67.49999237,755.9793091
2130,2635,-0.09234764606,0.1401569678,310.8618164,63.82062531,732.6542969
2131,2636,-0.01389513612,0.1252408503,327.7133484,60.90156555,709.2471313
2132,2637,-0.3245516779,0.2576115174,173.540863,126.3698044,897.9950562
2133,2638,-0.3186297245,0.229476096,184.9367981,118.8625641,880.7631836
2134,2639,-0.3016359819,0.2263270544,196.1291656,111.3462448,864.1033936
2135,2640,-0.2824545886,0.2275250821,207.1594391,104.1787491,848.0553589
2136,2641,-0.3128436424,0.2683232226,181.7442322,120.77565,898.9246216
2137,2642,-0.284303421,0.2722239576,190.2811737,115.6927261,899.7695923
2138,2643,-0.3047412269,0.2489522927,193.3223419,113.192009,881.6986694
2139,2644,-0.2820346108,0.2620445748,201.9972076,108.1316986,882.5629272
2140,2645,-0.2798815406,0.2376208606,204.6787262,105.8248749,865.0546875
2141,2646,-0.2637640387,0.2599342359,213.4724121,100.9780655,865.9501343
2142,2647,-0.2559789284,0.2368489908,215.8371582,98.9753418,849.0437622
2143,2648,-0.2392127178,0.2375855509,224.713913,94.47937775,849.9803467
2144,2649,-0.2521698678,0.2223442374,226.7767639,92.85157013,833.7130127
2145,2650,-0.2261956344,0.2407706045,235.6830292,88.7990799,834.6835327
2146,2651,-0.2189666628,0.2007701275,237.4403381,87.56980896,819.0774536
2147,2652,-0.1900094092,0.2273394258,253.7203064,82.11988068,836.4400635
2148,2653,-0.2574248687,0.2790202363,199.1193848,111.1407166,900.5266113
2149,2654,-0.2569813765,0.2920122685,208.2250214,107.1362228,901.1930542
2150,2655,-0.262683781,0.2756425981,210.9317474,103.6842575,883.3504639
2151,2656,-0.2423792526,0.2869099123,220.0937805,99.85437775,884.0531616
2152,2657,-0.2340262411,0.2748196527,222.481781,96.79721069,866.7750244
2153,2658,-0.2523521138,0.2649383299,231.6708679,93.28177643,867.5127563
2154,2659,-0.2408054683,0.2352895356,233.7547607,90.68212128,850.8399048
2155,2660,-0.201655813,0.2670280915,250.3149261,87.50330353,868.7982788
2156,2661,-0.2404575039,0.2906812839,217.5635376,103.6948929,901.7660522
2157,2662,-0.2416983962,0.2809473766,229.447052,96.64892578,884.6622314
2158,2663,-0.1922481379,0.2991429819,248.434433,91.38586426,885.6960449
2159,2664,-0.1856665586,0.2879817362,267.6050415,87.09535217,886.5637207
2160,2665,-0.1940631556,0.265248104,269.1316528,82.8219223,869.8967896
2161,2666,-0.1760943753,0.2270379306,271.9061584,76.76634216,837.9824219
2162,2667,-0.1221780621,0.2347800599,290.1862488,72.68218994,839.288269
2163,2668,-0.09767051716,0.2027833883,291.9238586,69.0895462,809.7139282
2164,2669,-0.09095514919,0.2076433465,309.691864,65.95679474,811.0726318
2165,2670,-0.1067476731,0.2034124198,310.5212097,64.29243469,783.5690918
2166,2671,-0.04359427241,0.2090247682,327.906189,62.30007172,784.8093262
2167,2672,-0.1013448692,0.2464872012,307.1109314,76.66759491,871.4921265
2168,2673,-0.03812372046,0.2513652493,326.2103577,75.16242218,871.9750977
2169,2674,-0.02384952802,0.2211271581,326.9174194,68.1410141,841.125
2170,2675,-0.1465127857,0.2686255938,288.0756226,79.21627045,870.7976074
2171,2676,-0.1697042554,0.3157730108,285.7104492,89.27161407,904.171875
2172,2677,-0.1171391349,0.3132271283,305.5264893,87.12328339,904.53125
2173,2678,-0.08758303604,0.2076696236,308.5278015,69.81881714,840.3395386
2174,2679,-0.06388652906,0.2109519407,327.496582,64.11952972,812.1299438
2175,2680,-0.2107062047,0.2939900484,227.0991364,100.8292999,902.2435303
2176,2681,-0.2140286067,0.304589568,246.4589996,96.13088989,903.0269165
2177,2682,-0.1774245581,0.3020026973,266.008667,92.27596283,903.670166
2178,2683,-0.1611757897,0.185585344,274.1945496,73.5734787,808.0708618
2179,2684,-0.1614596807,0.2149686787,293.1749878,67.67041779,782.0163574
2180,2685,-0.1226189845,0.1795191812,310.9380798,63.88886642,757.5562134
2181,2686,-0.05572074364,0.1523152497,328.0572205,61.53594971,733.800354
2182,2687,-0.1805929953,-0.4732921065,276.8048401,416.5922852,710.8779297
2183,2688,-0.2298874768,-0.4387878544,247.9606476,399.56427,737.0296631
2184,2689,-0.2733631161,-0.4484626208,233.939621,391.1051636,737.7132568
2185,2690,-0.2936815011,-0.4473833112,231.9051819,391.5973206,712.2745361
2186,2691,-0.2312797576,-0.4533385907,262.7595215,406.958252,736.3521729
2187,2692,-0.1910502295,-0.4590309643,261.0153503,409.5793457,711.3449097
2188,2693,-0.2791702796,-0.4374667114,233.9077148,389.8920593,749.6195679
2189,2694,-0.2497463599,-0.4430847916,248.0589752,397.81604,748.8962402
2190,2695,-0.2643633337,-0.4151220451,233.2654572,388.1125183,761.0506592
2191,2696,-0.3484595529,-0.4175667367,193.2911377,352.7365723,699.5905151
2192,2697,-0.3850764904,-0.3913960348,183.3310547,336.9393005,700.0530396
2193,2698,-0.3873296124,-0.3648080958,178.9537506,328.6586914,700.194519
2194,2699,-0.3272011176,-0.4440902119,216.4270172,379.4682617,699.0369263
2195,2700,-0.337949721,-0.4433049374,204.3244476,366.7931519,699.2918091
2196,2701,-0.3222568375,-0.4495633153,218.7926788,380.8225403,712.7323608
2197,2702,-0.3302263969,-0.429966197,206.7607117,368.9997253,713.1812744
2198,2703,-0.3142240574,-0.4310684687,220.2113342,381.5849304,725.8613281
2199,2704,-0.3264621372,-0.4342269775,208.116394,370.5464478,726.4498291
2200,2705,-0.3753449872,-0.3822475555,185.8512878,341.7854614,728.3345947
2201,2706,-0.3757081036,-0.3770132002,180.5641479,331.3440857,714.8303833
2202,2707,-0.3973764403,-0.3764464504,175.0862579,320.4517212,699.9841919
2203,2708,-0.4077791049,-0.34213435,168.5814056,303.7436829,699.0161133
2204,2709,-0.4284746904,-0.284231028,163.6270294,286.0018005,698.2428589
2205,2710,-0.4335727159,-0.2152569477,160.3885651,267.6226196,697.2946777
2206,2711,-0.418609133,-0.157785134,159.0047302,248.961441,696.3394775
2207,2712,-0.4251910836,-0.1435476168,159.5071411,230.3986511,695.4708862
2208,2713,-0.4263524287,-0.1026854021,161.8615417,212.0608978,694.6995239
2209,2714,-0.4211250076,-0.05326972241,166.037735,194.0963898,694.1032104
2210,2715,-0.4345685995,-0.08259634605,161.3586273,214.4303436,704.979248
2211,2716,-0.4302015557,-0.144991616,159.2368774,232.9320984,706.3668823
2212,2717,-0.4319221847,-0.1610827997,158.4578247,253.5725555,719.5188599
2213,2718,-0.4170946574,-0.1955398297,159.0439606,251.7044983,707.9248047
2214,2719,-0.4253066859,-0.2176908831,160.5757599,272.7678833,721.7944946
2215,2720,-0.432183997,-0.2310032035,160.8347473,270.6544495,709.6358643
2216,2721,-0.4129881692,-0.2832393066,164.6450043,291.5292053,724.0626831
2217,2722,-0.4270098064,-0.290606511,164.5326385,289.2369385,711.3374634
2218,2723,-0.4009255828,-0.3441585469,170.245285,309.2693787,725.9193726
2219,2724,-0.4056744404,-0.3451343755,169.8648834,306.9605713,712.7279053
2220,2725,-0.3755926593,-0.3382239807,177.1197968,325.2936401,728.2207031
2221,2726,-0.3871476019,-0.3663994007,176.5974426,323.2559814,714.4596558
2222,2727,-0.3807215818,-0.359122981,181.1429596,333.3196106,728.7040405
2223,2728,-0.286695548,-0.4243492383,219.5802765,379.8595886,761.7996826
2224,2729,-0.3137781761,-0.4199368993,207.9558258,371.4254456,751.085022
2225,2730,-0.2865079455,-0.4182983018,220.5257874,381.0671082,750.3511963
2226,2731,-0.3223313532,-0.4238158614,208.4840851,371.3582153,739.0785522
2227,2732,-0.2898311387,-0.4276885788,220.7626648,381.6723022,738.3980713
2228,2733,-0.3122173396,-0.4115442676,206.6240082,370.842926,762.5581055
2229,2734,-0.2996062562,-0.4025913915,204.5793457,369.7863464,773.6240234
2230,2735,-0.3189140565,-0.3959973656,198.0429535,364.9238586,774.071167
2231,2736,-0.3039053664,-0.3899323953,201.90802,368.4376831,784.3568726
2232,2737,-0.2933379466,-0.3938635284,215.8708191,376.3506775,783.6039429
2233,2738,-0.2907531864,-0.411406612,218.0040741,378.2261658,772.8610229
2234,2739,-0.3367228692,-0.3972280947,195.8253021,359.5697327,752.0415649
2235,2740,-0.3373719645,-0.4035879379,194.0791473,359.4438782,763.5809937
2236,2741,-0.3552436949,-0.3829712934,189.9361572,352.0944824,752.7394409
2237,2742,-0.3632715629,-0.384315921,188.0293121,352.0353699,764.3436279
2238,2743,-0.3709417638,-0.3648607491,184.3844452,343.6517334,753.6533813
2239,2744,-0.3666968787,-0.3653847904,182.3725891,343.5640869,765.3426514
2240,2745,-0.3708903005,-0.3411087182,179.5171967,335.0116577,754.1948242
2241,2746,-0.3740284921,-0.3456073083,177.4672852,334.8547363,765.9555054
2242,2747,-0.3893388595,-0.339550351,175.4753265,326.9795837,753.6225586
2243,2748,-0.383555007,-0.3305158255,173.4460144,326.7716064,765.402771
2244,2749,-0.3922094427,-0.2862789944,168.5170288,311.1505127,750.7237549
2245,2750,-0.3873632095,-0.3179027587,166.5171356,310.8989563,762.4541016
2246,2751,-0.4083123737,-0.2966376413,162.6579437,293.3052979,748.3682861
2247,2752,-0.3967425434,-0.2799868179,160.6409607,292.9752197,760.0530396
2248,2753,-0.4022815661,-0.2240516452,155.9487152,273.8384705,757.1226807
2249,2754,-0.4262957645,-0.1641723101,157.2828064,254.5595551,731.0871582
2250,2755,-0.4190045501,-0.2416853428,159.6501312,273.9550171,733.7445679
2251,2756,-0.4052656671,-0.3143931964,164.0063782,292.8683167,736.4001465
2252,2757,-0.3900309039,-0.3193666261,169.7779083,310.6513977,738.5765991
2253,2758,-0.3835248423,-0.3489822473,176.7228851,326.5262146,741.2636108
2254,2759,-0.3706013884,-0.3431555156,180.7682495,334.5368347,741.8134766
2255,2760,-0.3604570961,-0.374222123,185.572937,343.0943909,741.3522949
2256,2761,-0.3601217601,-0.3801139683,190.9961243,351.4827576,740.5505981
2257,2762,-0.3385742949,-0.4048488444,196.717514,359.0156555,739.9376221
2258,2763,-0.1141123188,-0.4302364164,308.5262146,391.6061401,820.7021484
2259,2764,-0.1515404516,-0.4268457709,292.317627,396.7226562,801.25
2260,2765,-0.08261534493,-0.4308284572,309.7510681,399.1880798,800.8150024
2261,2766,-0.1477585014,-0.4453702824,293.7284241,404.3810425,780.2941895
2262,2767,-0.09945844564,-0.4482381138,310.6277161,407.2546997,779.7540283
2263,2768,-0.151236923,-0.4632543715,294.4621277,411.9584656,758.2702637
2264,2769,-0.08878769842,-0.4712926052,311.0673828,415.2547302,757.6485596
2265,2770,-0.118526786,-0.4618861729,294.364624,418.2047729,735.0289307
2266,2771,-0.09580262307,-0.4788907625,310.9768066,421.8991394,734.3862915
2267,2772,-0.1176891413,-0.4722849256,293.2592773,422.1713867,710.411499
2268,2773,-0.1045790626,-0.4707036268,310.2467041,426.2437744,709.9456177
2269,2775,-0.1026732171,-0.4277583046,307.0467224,384.8518677,839.2185669
2270,2776,-0.004082277641,-0.4226655293,343.5151672,378.7851562,861.0617065
2271,2777,-0.01430690461,-0.4113990346,343.5162964,375.0209961,874.9144287
2272,2780,0.0147643249,-0.3924980727,343.5175781,370.8254089,908.3667603
2273,2781,0.04421308019,-0.4040349346,343.5175171,371.0226135,925.2697144
2274,2782,-0.1711852601,-0.3950047729,269.1935425,380.6665039,839.8111572
2275,2783,-0.227819891,-0.3984616575,254.7037048,383.0809937,821.8828125
2276,2784,-0.2068844425,-0.3980366697,272.4252319,386.665802,821.4269409
2277,2785,-0.2221293157,-0.397563205,258.3518982,389.2336121,802.2775269
2278,2786,-0.2068906573,-0.4245944787,275.1695557,393.389801,801.737854
2279,2787,-0.2050722617,-0.4279490527,261.1077576,395.7196045,781.5056152
2280,2788,-0.199543499,-0.4437156079,277.2016907,400.516449,780.87854
2281,2789,-0.2205392037,-0.4341386663,262.6781006,402.0218506,759.6072998
2282,2790,-0.170814947,-0.438952773,278.3058777,407.5242004,758.9237061
2283,2791,-0.1890504723,-0.4538993252,278.2578125,413.1993103,735.6844482
2284,2792,-0.2764511684,-0.3853462817,225.8488007,378.6345825,803.5006104
2285,2793,-0.2615086574,-0.398062654,230.4073944,383.5750122,782.8735352
2286,2794,-0.3688159133,-0.2842315641,154.098465,353.6173706,876.5169678
2287,2795,-0.3762740346,-0.295438213,159.17099,354.8804321,876.2225952
2288,2796,-0.3424790261,-0.308818155,172.5084534,358.2809143,890.7216187
2289,2797,-0.3413058556,-0.3178417362,179.623291,359.3388977,875.1655273
2290,2798,-0.3084201068,-0.3587575974,220.7907867,366.6463928,873.4235229
2291,2799,-0.2829122284,-0.3607267424,226.2980347,369.7307739,857.7044678
2292,2800,-0.2000396744,-0.3936123208,265.7099915,375.6447144,856.7258911
2293,2801,-0.2817264482,-0.376807771,231.9044495,373.8543396,840.7102051
2294,2802,-0.3578079645,-0.3361284616,177.3899841,358.9607849,842.6130371
2295,2803,-0.3247170205,-0.3583317919,199.327179,366.3083801,832.895752
2296,2804,-0.3286088354,-0.3486819133,195.3488159,364.5297241,841.9071045
2297,2805,-0.2762644246,-0.381751594,234.632019,376.235321,831.7128906
2298,2806,-0.3281136731,-0.3616167042,191.5828705,362.5076904,795.2186279
2299,2807,-0.3251759536,-0.3855670102,195.0960846,363.815094,784.807251
2300,2808,-0.3217730995,-0.3708107589,195.1275482,364.8789673,794.9700928
2301,2809,-0.3130935778,-0.388012674,198.4985199,366.2878113,784.5592651
2302,2810,-0.3151879104,-0.3719834674,198.6929626,366.9107056,794.770752
2303,2811,-0.3379657971,-0.3643620706,187.5908051,361.0843201,805.329834
2304,2812,-0.3311679012,-0.3689811319,191.2856903,363.3607788,805.0821533
2305,2813,-0.329239898,-0.3693746495,195.0169525,365.2848511,804.8867188
2306,2814,-0.3012375413,-0.3777107451,210.2152252,372.282074,804.1758423
2307,2815,-0.3362658525,-0.3829103171,191.723053,361.0059204,785.1019897
2308,2816,-0.3410054535,-0.3584013903,183.9592133,358.4429321,805.6309204
2309,2817,-0.3534507275,-0.3374563179,178.1312408,349.5654907,796.7337646
2310,2818,-0.3663857133,-0.3338731236,172.223526,341.1698303,797.8594971
2311,2819,-0.3533941635,-0.3472995806,180.4186249,355.4436035,805.9859009
2312,2820,-0.3630038673,-0.3382074482,176.9976349,352.0958557,806.3962402
2313,2821,-0.3706383179,-0.3324412999,173.7240906,348.4128113,806.8656616
2314,2822,-0.3735409688,-0.320062912,170.6255493,344.4095154,807.3988037
2315,2823,-0.3760132077,-0.3203066327,167.7282562,340.1037598,808.0029297
2316,2824,-0.3893529905,-0.2992871042,162.7294006,331.3009338,808.8505859
2317,2825,-0.3216147376,-0.4056271405,202.5912628,365.6427612,739.454895
2318,2826,-0.3135761276,-0.4110230414,201.8838348,366.0166321,751.4983521
2319,2827,-0.3158080387,-0.4118347384,200.3358917,365.7183228,762.9938354
2320,2828,-0.3701408576,-0.3190910324,171.2685699,333.3700867,788.1259766
2321,2829,-0.3748321613,-0.338592385,176.2136841,342.1699219,787.3900146
2322,2830,-0.4117021122,-0.1698573112,136.4717255,284.7832336,827.9715576
2323,2831,-0.4267404755,-0.1057762676,137.4564514,266.7301025,815.6159668
2324,2832,-0.4280912968,-0.1424484133,142.0956726,268.3155823,803.8057251
2325,2833,-0.4019637132,-0.1242631732,147.386673,251.6898346,777.7948608
2326,2834,-0.3968415219,-0.2527359386,148.3695068,320.7747192,828.6965942
2327,2835,-0.3958543758,-0.2756188759,152.3908844,329.4159546,828.3905029
2328,2836,-0.3874737301,-0.3026329913,157.5323181,338.0900574,827.4219971
2329,2837,-0.3823878594,-0.2914548298,160.5264282,342.2521362,826.8212891
2330,2838,-0.3876837988,-0.3047769995,163.7576447,346.1105957,826.2840576
2331,2839,-0.3767403177,-0.3182079401,167.2004089,349.6457214,825.8071289
2332,2840,-0.3657845046,-0.3286934471,170.8276978,352.8412781,825.3883667
2333,2841,-0.356842287,-0.3406773548,174.6118164,355.6821594,825.0265503
2334,2842,-0.350197379,-0.3496200158,178.5238647,358.1565857,824.7216797
2335,2843,-0.3433521955,-0.3554891998,182.5356293,360.2552795,824.4741821
2336,2844,-0.3396033006,-0.3575725453,186.6168976,361.9887695,824.282959
2337,2845,-0.3164376571,-0.370245941,203.1805267,368.2180481,823.602417
2338,2846,-0.2854059784,-0.3824916685,220.0601196,373.828064,822.9733276
2339,2847,-0.2347554616,-0.4294556268,247.6461182,395.5256348,760.3179321
2340,2848,-0.2548318152,-0.4174612457,245.49646,390.0518494,782.1721191
2341,2849,-0.2475277106,-0.3982788035,241.9018555,384.2999573,802.866333
2342,2850,-0.2628467441,-0.3848275468,237.2408752,378.7919312,822.3991089
2343,2851,-0.3567636441,-0.3345035333,172.9536285,357.39505,842.8139038
2344,2852,-0.3616779106,-0.3217201183,168.6156616,355.469696,843.0721436
2345,2853,-0.3692332007,-0.3082818448,164.4077301,353.1766052,843.3887939
2346,2854,-0.3736081848,-0.30985763,160.3570862,350.526947,843.7626343
2347,2855,-0.3851520389,-0.2989438899,156.4914246,347.533783,844.1923218
2348,2856,-0.392485336,-0.2896364645,152.8367767,344.2130432,844.6768799
2349,2857,-0.3869436875,-0.2768392252,149.418335,340.5819397,845.2156372
2350,2858,-0.4068465765,-0.2332973434,136.5364685,319.5722046,847.7493286
2351,2859,-0.4070379953,-0.2554129934,140.8121796,328.290802,846.9235229
2352,2860,-0.3980371406,-0.2659224741,143.3861694,332.5270386,846.4039307
2353,2861,-0.3927506792,-0.2793051595,146.2596436,336.6604004,845.8081665
2354,2862,-0.4040291253,-0.2816604785,152.1170502,306.1204834,806.9763794
2355,2863,-0.4087016229,-0.2446957024,141.7069244,303.4488525,828.2098999
2356,2864,-0.4239869123,-0.231997128,129.650589,301.7015381,848.8875732
2357,2865,-0.4106403333,-0.1825460277,119.7791443,310.7348328,867.4797974
2358,2866,-0.4201675405,-0.1860006721,116.3433151,301.5042114,869.007019
2359,2869,-0.4582917343,-0.0458106339,81.28764343,283.5209656,916.8625488
2360,2870,-0.437880196,-0.06308157698,88.67671967,281.2090759,906.0739136
2361,2871,-0.4443746922,-0.07229310693,96.89881134,284.3207703,893.7908325
2362,2872,-0.4241930504,-0.1146377998,111.281189,282.4907837,872.1530151
2363,2873,-0.4329021817,-0.151096075,124.5972748,282.8178711,850.178833
2364,2874,-0.4392264802,-0.08806646871,126.9682999,264.1359558,839.4204712
2365,2875,-0.4396552246,-0.128934218,132.4036865,265.3040161,827.4905396
2366,2876,-0.4555391622,-0.03448759809,95.27820587,264.8730164,899.2506104
2367,2877,-0.4545556689,-0.04377161847,102.0665894,263.6425781,887.3494263
2368,2878,-0.4492215793,-0.06885584558,108.6928711,262.997467,875.3778076
2369,2879,-0.3373344197,-0.3305957054,187.3193359,361.4867249,859.069397
2370,2880,-0.371836156,-0.303868775,168.0366364,356.5001526,859.8951416
2371,2881,-0.3626998739,-0.3019294591,163.263443,355.0888367,860.1289673
2372,2882,-0.3694603144,-0.2996730913,158.6052399,353.3435669,860.4181519
2373,2883,-0.3738377016,-0.2894351705,154.0927429,351.2584534,860.763855
2374,2884,-0.4167336831,-0.2104971216,123.800354,319.7316284,865.991333
2375,2885,-0.4412891767,-0.1359372835,47.27120209,351.7822571,1025.948364
2376,2887,-0.4443310522,-0.1242380957,42.37989044,350.1086426,1027.227905
2377,2890,-0.4533856648,-0.1044287538,35.81705093,346.5571594,1029.911011
